root_seed,condition,memory_index,cosine,mse,topk,identity
51001,aligned,0,0.8809715407383324,0.027504436671733856,0.8,1.0
51001,aligned,1,0.7546427766630444,0.06476468592882156,0.6,1.0
51001,aligned,2,0.7446234311033043,0.044601935893297195,0.6,1.0
51001,aligned,3,0.7403635415305345,0.06859059631824493,0.8,1.0
51001,aligned,4,0.715329374741168,0.05049667879939079,0.6,1.0
51001,aligned,5,0.9338326762861674,0.01466026995331049,1.0,1.0
51001,aligned,6,0.5291263325610912,0.111101433634758,0.4,0.0
51001,aligned,7,0.7387068933551995,0.06213602051138878,0.8,1.0
51001,aligned,8,0.7693175377564232,0.05495898798108101,0.6,1.0
51001,aligned,9,0.5003795244699195,0.1139763742685318,0.4,0.0
51001,aligned,10,0.8456448414637299,0.035319067537784576,0.8,1.0
51001,aligned,11,0.82201670396527,0.03449903428554535,0.8,1.0
51001,aligned,12,0.8652136821420103,0.025641033425927162,0.8,1.0
51001,aligned,13,0.772124298496543,0.04445578530430794,0.6,1.0
51001,aligned,14,0.9485881122129085,0.010291309095919132,1.0,1.0
51001,aligned,15,0.7621277982732257,0.049919381737709045,0.8,1.0
51001,aligned,16,0.8802075284605199,0.02643069066107273,0.8,1.0
51001,aligned,17,0.7987431878698008,0.04001685976982117,0.8,1.0
51001,aligned,18,0.8375390850027795,0.04108072817325592,0.6,1.0
51001,aligned,19,0.8311964420680307,0.04023750126361847,0.8,1.0
51001,aligned,20,0.7336790459082958,0.06501373648643494,0.6,1.0
51001,aligned,21,0.7577995023714379,0.04647683724761009,0.6,1.0
51001,aligned,22,0.9277988738894105,0.015765903517603874,1.0,1.0
51001,aligned,23,0.8137016448781128,0.05001359432935715,1.0,1.0
51001,aligned,24,0.7413966922764336,0.05509352684020996,0.6,1.0
51001,aligned,25,0.8929625204136222,0.023918813094496727,0.8,1.0
51001,aligned,26,0.9198261286496359,0.015609829686582088,0.8,1.0
51001,aligned,27,0.8112404816539572,0.03422042354941368,0.8,1.0
51001,fixed_permutation,0,0.20221661883053893,0.17188486456871033,0.2,0.0
51001,fixed_permutation,1,0.12761232915718018,0.24628835916519165,0.0,0.0
51001,fixed_permutation,2,0.3896340645952833,0.08561573177576065,0.2,1.0
51001,fixed_permutation,3,0.26716732383165365,0.24063055217266083,0.2,0.0
51001,fixed_permutation,4,0.1281630299860939,0.159894198179245,0.0,0.0
51001,fixed_permutation,5,0.0009557807861161751,0.2633003294467926,0.0,0.0
51001,fixed_permutation,6,0.29255344703494435,0.21280260384082794,0.4,0.0
51001,fixed_permutation,7,0.0026922134987020277,0.24963083863258362,0.0,0.0
51001,fixed_permutation,8,0.11119332291437346,0.26812708377838135,0.0,0.0
51001,fixed_permutation,9,0.0755901541193038,0.2107098400592804,0.0,0.0
51001,fixed_permutation,10,0.23739314137649847,0.1791963130235672,0.0,0.0
51001,fixed_permutation,11,0.2243557009044816,0.16303646564483643,0.2,0.0
51001,fixed_permutation,12,0.10328201847584716,0.20740459859371185,0.0,0.0
51001,fixed_permutation,13,0.043463929545973896,0.18717575073242188,0.0,0.0
51001,fixed_permutation,14,0.08755939661620504,0.21097324788570404,0.0,0.0
51001,fixed_permutation,15,0.1895644954820911,0.21410852670669556,0.2,0.0
51001,fixed_permutation,16,0.005491176277740801,0.20647630095481873,0.0,0.0
51001,fixed_permutation,17,0.08697333418517532,0.18898795545101166,0.0,0.0
51001,fixed_permutation,18,0.020373397339518803,0.2650379538536072,0.0,0.0
51001,fixed_permutation,19,0.3263720547942517,0.18262700736522675,0.2,0.0
51001,fixed_permutation,20,0.13724028959557605,0.2583601474761963,0.0,0.0
51001,fixed_permutation,21,0.0004915702635737916,0.20919828116893768,0.0,0.0
51001,fixed_permutation,22,4.8808573154121465e-05,0.23637446761131287,0.0,0.0
51001,fixed_permutation,23,0.2682153293497206,0.2600118815898895,0.2,0.0
51001,fixed_permutation,24,0.22742492408557066,0.14887811243534088,0.2,0.0
51001,fixed_permutation,25,0.21628448970283598,0.17229899764060974,0.0,0.0
51001,fixed_permutation,26,9.257631926218437e-05,0.22405438125133514,0.0,0.0
51001,fixed_permutation,27,0.13438601533430647,0.19625961780548096,0.0,0.0
51001,matched_decoder,0,0.8809715384848861,0.027504432946443558,0.8,1.0
51001,matched_decoder,1,0.7546427638818085,0.06476469337940216,0.6,1.0
51001,matched_decoder,2,0.7446233063554265,0.04460195079445839,0.6,1.0
51001,matched_decoder,3,0.7403635546385381,0.06859059631824493,0.8,1.0
51001,matched_decoder,4,0.7153292955457556,0.05049668624997139,0.6,1.0
51001,matched_decoder,5,0.9338326662609804,0.014660272747278214,1.0,1.0
51001,matched_decoder,6,0.5291263265003598,0.111101433634758,0.4,0.0
51001,matched_decoder,7,0.7387069122893823,0.06213600933551788,0.8,1.0
51001,matched_decoder,8,0.7693174975909817,0.0549590028822422,0.6,1.0
51001,matched_decoder,9,0.5003795623081336,0.1139763668179512,0.4,0.0
51001,matched_decoder,10,0.8456448489062591,0.03531906381249428,0.8,1.0
51001,matched_decoder,11,0.82201668992597,0.03449903801083565,0.8,1.0
51001,matched_decoder,12,0.865213695628441,0.025641031563282013,0.8,1.0
51001,matched_decoder,13,0.772124283986933,0.044455789029598236,0.6,1.0
51001,matched_decoder,14,0.9485881042691844,0.010291311889886856,1.0,1.0
51001,matched_decoder,15,0.7621278388186904,0.04991937801241875,0.8,1.0
51001,matched_decoder,16,0.8802074988616931,0.02643069438636303,0.8,1.0
51001,matched_decoder,17,0.7987431854588551,0.04001685976982117,0.8,1.0
51001,matched_decoder,18,0.8375390936156688,0.04108072817325592,0.6,1.0
51001,matched_decoder,19,0.8311964575760492,0.04023749753832817,0.8,1.0
51001,matched_decoder,20,0.7336790255329045,0.06501374393701553,0.6,1.0
51001,matched_decoder,21,0.7577995119092609,0.04647683724761009,0.6,1.0
51001,matched_decoder,22,0.9277988705497819,0.015765903517603874,1.0,1.0
51001,matched_decoder,23,0.8137016473000889,0.05001359432935715,1.0,1.0
51001,matched_decoder,24,0.7413967412602223,0.055093515664339066,0.6,1.0
51001,matched_decoder,25,0.8929625153471327,0.023918814957141876,0.8,1.0
51001,matched_decoder,26,0.919826160646752,0.015609822236001492,0.8,1.0
51001,matched_decoder,27,0.8112404757893026,0.03422042727470398,0.8,1.0
51001,random_content,0,0.16976962277911936,0.18747848272323608,0.2,0.0
51001,random_content,1,0.33481004226001676,0.16059860587120056,0.4,0.0
51001,random_content,2,0.22237059212440907,0.14094924926757812,0.2,0.0
51001,random_content,3,0.557117536478429,0.09605836123228073,0.6,1.0
51001,random_content,4,0.05872616616984831,0.14435723423957825,0.0,0.0
51001,random_content,5,0.18435742729255183,0.16928154230117798,0.2,0.0
51001,random_content,6,0.19214173050116667,0.16833466291427612,0.2,0.0
51001,random_content,7,0.39657974404475876,0.11364404857158661,0.4,0.0
51001,random_content,8,0.3750147044101505,0.13388501107692719,0.4,0.0
51001,random_content,9,0.2337248145042728,0.1512255221605301,0.2,0.0
51001,random_content,10,0.000509320038600718,0.23612245917320251,0.0,0.0
51001,random_content,11,0.34115520586018794,0.122712142765522,0.2,0.0
51001,random_content,12,0.2735076762831369,0.11637994647026062,0.2,0.0
51001,random_content,13,0.22107385500100424,0.1417061686515808,0.2,0.0
51001,random_content,14,0.003719190054560007,0.2339625209569931,0.0,0.0
51001,random_content,15,0.33686332316081397,0.1610988825559616,0.4,0.0
51001,random_content,16,0.16364240797316354,0.20665332674980164,0.2,0.0
51001,random_content,17,0.27518670030632375,0.13228948414325714,0.2,0.0
51001,random_content,18,0.2711610516598252,0.18106183409690857,0.0,0.0
51001,random_content,19,0.538553887983242,0.10192012041807175,0.4,0.0
51001,random_content,20,0.17181597924902026,0.20253324508666992,0.2,0.0
51001,random_content,21,0.18997357978994323,0.17002755403518677,0.2,0.0
51001,random_content,22,0.18772700017771873,0.15743789076805115,0.2,0.0
51001,random_content,23,0.3810676670498337,0.13078857958316803,0.4,0.0
51001,random_content,24,0.2325341363553056,0.1350906491279602,0.2,0.0
51001,random_content,25,0.19676757860561264,0.1710878312587738,0.0,0.0
51001,random_content,26,0.16855276973318786,0.186702162027359,0.0,0.0
51001,random_content,27,0.06384719176732291,0.18920308351516724,0.0,0.0
51001,no_plasticity,0,0.29179211185734283,0.10000000149011612,0.2,1.0
51001,no_plasticity,1,0.12431846384161215,0.10000000149011612,0.0,0.0
51001,no_plasticity,2,0.13923550523999906,0.10000000149011612,0.0,0.0
51001,no_plasticity,3,0.10776821618557114,0.10000000149011612,0.0,0.0
51001,no_plasticity,4,0.049659101961602364,0.10000000149011612,0.0,0.0
51001,no_plasticity,5,0.0983343977284328,0.10000000149011612,0.0,0.0
51001,no_plasticity,6,0.13226472639784415,0.10000000149011612,0.0,0.0
51001,no_plasticity,7,0.1205700595168972,0.10000000149011612,0.0,0.0
51001,no_plasticity,8,0.0932124282684076,0.10000000149011612,0.0,0.0
51001,no_plasticity,9,0.15948088922051132,0.10000000149011612,0.2,0.0
51001,no_plasticity,10,0.21809106724154453,0.10000000149011612,0.2,0.0
51001,no_plasticity,11,0.16765898218499065,0.10000000149011612,0.2,0.0
51001,no_plasticity,12,0.07404186368134391,0.10000000149011612,0.0,0.0
51001,no_plasticity,13,0.08803301804120639,0.10000000149011612,0.0,0.0
51001,no_plasticity,14,0.160316052012513,0.10000000149011612,0.2,0.0
51001,no_plasticity,15,0.0869195238767861,0.10000000149011612,0.0,0.0
51001,no_plasticity,16,0.15956704621884102,0.10000000149011612,0.2,0.0
51001,no_plasticity,17,0.13788767159468868,0.10000000149011612,0.2,0.0
51001,no_plasticity,18,0.11051890852890374,0.10000000149011612,0.0,0.0
51001,no_plasticity,19,0.1327442609684435,0.10000000149011612,0.0,0.0
51001,no_plasticity,20,0.0891525329490201,0.10000000149011612,0.0,0.0
51001,no_plasticity,21,0.26288555559471405,0.10000000149011612,0.2,0.0
51001,no_plasticity,22,0.07285740369840836,0.10000000149011612,0.0,0.0
51001,no_plasticity,23,0.10809083112223257,0.10000000149011612,0.0,0.0
51001,no_plasticity,24,0.08564019251093836,0.10000000149011612,0.0,0.0
51001,no_plasticity,25,0.14932123541003534,0.10000000149011612,0.2,0.0
51001,no_plasticity,26,0.10739567223542382,0.10000000149011612,0.0,0.0
51001,no_plasticity,27,0.09217601373769978,0.10000000149011612,0.0,0.0
51002,aligned,0,0.6725912187092739,0.08212099969387054,0.8,1.0
51002,aligned,1,0.7999095203297544,0.05623127892613411,1.0,1.0
51002,aligned,2,0.7436514873697545,0.08060948550701141,1.0,1.0
51002,aligned,3,0.9290092707438118,0.01378682255744934,0.8,1.0
51002,aligned,4,0.9341181113365047,0.012993528507649899,0.8,1.0
51002,aligned,5,0.9269182210569217,0.016226928681135178,1.0,1.0
51002,aligned,6,0.8309624338316851,0.044422607868909836,0.8,1.0
51002,aligned,7,0.8687041582039285,0.024542341008782387,0.8,1.0
51002,aligned,8,0.8974635814507623,0.02175518311560154,0.8,1.0
51002,aligned,9,0.8952722939581109,0.020832987502217293,1.0,1.0
51002,aligned,10,0.9546504723440906,0.009586567059159279,1.0,1.0
51002,aligned,11,0.9824757439807997,0.003474210388958454,1.0,1.0
51002,aligned,12,0.8720916055405892,0.031059743836522102,1.0,1.0
51002,aligned,13,0.9225941838080978,0.015501175075769424,0.8,1.0
51002,aligned,14,0.9915946981730624,0.0019184022676199675,1.0,1.0
51002,aligned,15,0.6978115224587194,0.0566328726708889,0.6,1.0
51002,aligned,16,0.9354008756333031,0.01410954911261797,1.0,1.0
51002,aligned,17,0.7866584820400224,0.03817801550030708,0.8,1.0
51002,aligned,18,0.9059934931745053,0.02029852196574211,0.8,1.0
51002,aligned,19,0.7546357282134569,0.04334767907857895,0.6,1.0
51002,aligned,20,0.8482533406353134,0.02887582778930664,0.8,1.0
51002,aligned,21,0.9655232140615498,0.007252970244735479,1.0,1.0
51002,aligned,22,0.88095136642435,0.023082310333848,0.8,1.0
51002,aligned,23,0.9744042150273996,0.005363570060580969,1.0,1.0
51002,aligned,24,0.9170499825984552,0.01889052242040634,1.0,1.0
51002,aligned,25,0.8620023901404914,0.028667807579040527,0.8,1.0
51002,aligned,26,0.6795804065781521,0.07329950481653214,0.6,1.0
51002,aligned,27,0.9704888353588704,0.005884120240807533,1.0,1.0
51002,fixed_permutation,0,0.2798451597625089,0.20569127798080444,0.2,0.0
51002,fixed_permutation,1,0.29929360524230497,0.2447616159915924,0.2,0.0
51002,fixed_permutation,2,0.15072795868666508,0.2888471484184265,0.0,0.0
51002,fixed_permutation,3,0.24758601512888714,0.12846608459949493,0.2,0.0
51002,fixed_permutation,4,0.30327607863200623,0.2126924842596054,0.0,0.0
51002,fixed_permutation,5,0.10060612192625633,0.19766119122505188,0.0,0.0
51002,fixed_permutation,6,0.01098638659327418,0.18649885058403015,0.0,0.0
51002,fixed_permutation,7,0.046670504078322725,0.16179120540618896,0.0,0.0
51002,fixed_permutation,8,0.00030090474534180705,0.19260761141777039,0.0,0.0
51002,fixed_permutation,9,0.0011942294008823468,0.1659664511680603,0.0,0.0
51002,fixed_permutation,10,0.16606195452613623,0.26919737458229065,0.2,0.0
51002,fixed_permutation,11,0.18911474324310437,0.18452990055084229,0.2,0.0
51002,fixed_permutation,12,0.6631304704390729,0.07309039682149887,0.6,1.0
51002,fixed_permutation,13,0.07369432897822713,0.1646536886692047,0.0,0.0
51002,fixed_permutation,14,0.19070759636872256,0.185315802693367,0.2,0.0
51002,fixed_permutation,15,0.007946706361740441,0.17309753596782684,0.0,0.0
51002,fixed_permutation,16,0.2533044134572878,0.22067926824092865,0.2,0.0
51002,fixed_permutation,17,0.002782281364061792,0.1339290589094162,0.0,0.0
51002,fixed_permutation,18,0.018087256621830174,0.2038685828447342,0.0,0.0
51002,fixed_permutation,19,0.1699323775682236,0.1981610655784607,0.2,0.0
51002,fixed_permutation,20,0.04221930290021946,0.1722692996263504,0.0,0.0
51002,fixed_permutation,21,0.12851112434733097,0.23352989554405212,0.0,0.0
51002,fixed_permutation,22,5.796184447249722e-05,0.166997030377388,0.0,0.0
51002,fixed_permutation,23,0.054944064672573074,0.1936621218919754,0.0,0.0
51002,fixed_permutation,24,0.13924996972294224,0.2266009896993637,0.2,0.0
51002,fixed_permutation,25,0.3401587619253304,0.1259344071149826,0.2,0.0
51002,fixed_permutation,26,0.07901448559599718,0.2864665687084198,0.0,0.0
51002,fixed_permutation,27,0.17861784204580428,0.20739173889160156,0.2,0.0
51002,matched_decoder,0,0.6725911857619981,0.08212100714445114,0.8,1.0
51002,matched_decoder,1,0.7999094680274514,0.0562313050031662,1.0,1.0
51002,matched_decoder,2,0.7436514709784124,0.08060950040817261,1.0,1.0
51002,matched_decoder,3,0.9290092595249504,0.013786823488771915,0.8,1.0
51002,matched_decoder,4,0.9341180885711751,0.012993535958230495,0.8,1.0
51002,matched_decoder,5,0.9269182705210359,0.016226915642619133,1.0,1.0
51002,matched_decoder,6,0.8309624431195876,0.044422607868909836,0.8,1.0
51002,matched_decoder,7,0.8687040973308957,0.024542350322008133,0.8,1.0
51002,matched_decoder,8,0.8974635564139536,0.021755186840891838,0.8,1.0
51002,matched_decoder,9,0.8952721626598982,0.020833009853959084,1.0,1.0
51002,matched_decoder,10,0.9546504866114803,0.00958656519651413,1.0,1.0
51002,matched_decoder,11,0.9824757530626803,0.003474208526313305,1.0,1.0
51002,matched_decoder,12,0.8720916114345658,0.031059741973876953,1.0,1.0
51002,matched_decoder,13,0.922594172219117,0.015501176007091999,0.8,1.0
51002,matched_decoder,14,0.991594707955987,0.0019184001721441746,1.0,1.0
51002,matched_decoder,15,0.6978116004182512,0.05663285776972771,0.6,1.0
51002,matched_decoder,16,0.935400889343014,0.014109544456005096,1.0,1.0
51002,matched_decoder,17,0.7866586059951288,0.03817800432443619,0.8,1.0
51002,matched_decoder,18,0.9059934862787613,0.02029852382838726,0.8,1.0
51002,matched_decoder,19,0.7546357167273379,0.04334767907857895,0.6,1.0
51002,matched_decoder,20,0.8482533138816594,0.02887583337724209,0.8,1.0
51002,matched_decoder,21,0.9655232462332017,0.00725296325981617,1.0,1.0
51002,matched_decoder,22,0.8809513170930592,0.023082317784428596,0.8,1.0
51002,matched_decoder,23,0.9744041899666366,0.005363575182855129,1.0,1.0
51002,matched_decoder,24,0.91705001452257,0.018890514969825745,1.0,1.0
51002,matched_decoder,25,0.8620024055200115,0.028667807579040527,0.8,1.0
51002,matched_decoder,26,0.6795804548315106,0.07329949736595154,0.6,1.0
51002,matched_decoder,27,0.9704888398758541,0.005884119775146246,1.0,1.0
51002,random_content,0,0.18379505801947987,0.14681270718574524,0.2,0.0
51002,random_content,1,0.20153148037171248,0.15775443613529205,0.2,0.0
51002,random_content,2,0.3476455243653076,0.15163478255271912,0.4,0.0
51002,random_content,3,0.08384539609380055,0.1536746770143509,0.0,0.0
51002,random_content,4,0.48227405434390586,0.10935574769973755,0.4,0.0
51002,random_content,5,0.2737272588530975,0.11338663101196289,0.2,0.0
51002,random_content,6,0.00022917691734515772,0.153749018907547,0.0,0.0
51002,random_content,7,0.0002758533295812501,0.19760467112064362,0.0,0.0
51002,random_content,8,3.2994590756456465e-05,0.1756441742181778,0.0,0.0
51002,random_content,9,0.22799316932974592,0.13512326776981354,0.2,0.0
51002,random_content,10,0.17747014662924387,0.18915365636348724,0.2,0.0
51002,random_content,11,0.001536894939094712,0.14960123598575592,0.0,0.0
51002,random_content,12,0.0001436461235664713,0.16911153495311737,0.0,0.0
51002,random_content,13,0.005638061321876781,0.18427173793315887,0.0,0.0
51002,random_content,14,0.20463740580103487,0.14225612580776215,0.2,0.0
51002,random_content,15,0.0002076986867335258,0.1261485517024994,0.0,0.0
51002,random_content,16,0.27142554162087545,0.12378829717636108,0.2,0.0
51002,random_content,17,0.00084116039971107,0.21040253341197968,0.0,0.0
51002,random_content,18,0.0009022859400661073,0.22416150569915771,0.0,0.0
51002,random_content,19,0.167971643073327,0.1896466314792633,0.2,0.0
51002,random_content,20,0.029523994022367227,0.17573794722557068,0.0,0.0
51002,random_content,21,0.3507554818762489,0.11697737872600555,0.2,0.0
51002,random_content,22,0.16924284548963092,0.14094896614551544,0.2,0.0
51002,random_content,23,0.13761381503969633,0.11803963035345078,0.2,0.0
51002,random_content,24,0.15604460741978066,0.1356717199087143,0.2,0.0
51002,random_content,25,0.17306106145937608,0.14567601680755615,0.2,0.0
51002,random_content,26,0.35119042878193696,0.13712213933467865,0.4,0.0
51002,random_content,27,0.25507833871139945,0.11478473991155624,0.2,0.0
51002,no_plasticity,0,0.23029459309877282,0.10000000149011612,0.2,0.0
51002,no_plasticity,1,0.23064165051812788,0.10000000149011612,0.2,0.0
51002,no_plasticity,2,0.2767125324300617,0.10000000149011612,0.2,0.0
51002,no_plasticity,3,0.20551246737168993,0.10000000149011612,0.2,0.0
51002,no_plasticity,4,0.2979744183609723,0.10000000149011612,0.2,0.0
51002,no_plasticity,5,0.25254980369162117,0.10000000149011612,0.0,0.0
51002,no_plasticity,6,0.16620892620263428,0.10000000149011612,0.0,0.0
51002,no_plasticity,7,0.22440789946063164,0.10000000149011612,0.0,0.0
51002,no_plasticity,8,0.06495668501357767,0.10000000149011612,0.0,0.0
51002,no_plasticity,9,0.26354540227353573,0.10000000149011612,0.2,0.0
51002,no_plasticity,10,0.3888262989506708,0.09999999403953552,0.4,1.0
51002,no_plasticity,11,0.14670836275090374,0.10000000149011612,0.0,0.0
51002,no_plasticity,12,0.12853843036565993,0.10000000149011612,0.0,0.0
51002,no_plasticity,13,0.20871966105223103,0.10000000149011612,0.2,0.0
51002,no_plasticity,14,0.19241888604170262,0.10000000149011612,0.2,0.0
51002,no_plasticity,15,0.0851503909481567,0.10000000149011612,0.0,0.0
51002,no_plasticity,16,0.3059821839787831,0.10000000149011612,0.2,0.0
51002,no_plasticity,17,0.2596923320418176,0.10000000149011612,0.2,0.0
51002,no_plasticity,18,0.27057257517286254,0.10000000149011612,0.2,0.0
51002,no_plasticity,19,0.12194021059717125,0.10000000149011612,0.0,0.0
51002,no_plasticity,20,0.11903202580122749,0.10000000149011612,0.0,0.0
51002,no_plasticity,21,0.07429725541455567,0.10000000149011612,0.0,0.0
51002,no_plasticity,22,0.13584156562761512,0.10000000149011612,0.0,0.0
51002,no_plasticity,23,0.22851179255786336,0.10000000149011612,0.2,0.0
51002,no_plasticity,24,0.13789886298077872,0.10000000149011612,0.0,0.0
51002,no_plasticity,25,0.10675192092391622,0.10000000149011612,0.0,0.0
51002,no_plasticity,26,0.23094764242688556,0.10000000149011612,0.0,0.0
51002,no_plasticity,27,0.15280944672169147,0.10000000149011612,0.0,0.0
51003,aligned,0,0.6635056164975125,0.12636810541152954,1.0,1.0
51003,aligned,1,0.8846987506655509,0.023703014478087425,0.8,1.0
51003,aligned,2,0.9844702637054232,0.0041011665016412735,1.0,1.0
51003,aligned,3,0.8954263692020201,0.021217815577983856,0.8,1.0
51003,aligned,4,0.787229879386795,0.04192660003900528,0.8,1.0
51003,aligned,5,0.6461044387111701,0.06708397716283798,0.6,0.0
51003,aligned,6,0.8821783734236202,0.022183138877153397,0.8,1.0
51003,aligned,7,0.9949598326991949,0.001005510683171451,1.0,1.0
51003,aligned,8,0.7087048022984581,0.09898903220891953,0.8,1.0
51003,aligned,9,0.8817985675494262,0.022257449105381966,0.8,1.0
51003,aligned,10,0.7154721863432146,0.061975423246622086,0.6,0.0
51003,aligned,11,0.5867650321745796,0.07602474093437195,0.6,0.0
51003,aligned,12,0.6499975669716933,0.0871957391500473,0.6,0.0
51003,aligned,13,0.8047456526406799,0.042999569326639175,0.8,1.0
51003,aligned,14,0.7300038774059393,0.07344470173120499,0.8,0.0
51003,aligned,15,0.6920978739688435,0.10589850693941116,0.6,1.0
51003,aligned,16,0.7857524598468856,0.03830651193857193,0.6,1.0
51003,aligned,17,0.7419575488613019,0.06667377799749374,0.6,1.0
51003,aligned,18,0.9201002085174476,0.015342077240347862,0.8,1.0
51003,aligned,19,0.6402735370115727,0.0680721178650856,0.6,1.0
51003,aligned,20,0.6343732068677779,0.05982942879199982,0.6,1.0
51003,aligned,21,0.9009455430913268,0.02286747470498085,1.0,1.0
51003,aligned,22,0.7599331713835893,0.047692861407995224,0.8,1.0
51003,aligned,23,0.9640183364083935,0.007584437727928162,1.0,1.0
51003,aligned,24,0.7424850254628638,0.08111672103404999,0.8,1.0
51003,aligned,25,0.7085061281604195,0.09917055070400238,1.0,1.0
51003,aligned,26,0.9754147977879725,0.005030689295381308,1.0,1.0
51003,aligned,27,0.8635142433899421,0.025979943573474884,0.8,1.0
51003,fixed_permutation,0,0.04999310126330751,0.3169562518596649,0.0,0.0
51003,fixed_permutation,1,0.0009400109144707603,0.20279905200004578,0.0,0.0
51003,fixed_permutation,2,6.43220991364579e-05,0.151401087641716,0.0,0.0
51003,fixed_permutation,3,0.16684770354733564,0.20069915056228638,0.2,0.0
51003,fixed_permutation,4,0.035090773470923306,0.18098069727420807,0.0,0.0
51003,fixed_permutation,5,0.3475352420844888,0.13623517751693726,0.4,0.0
51003,fixed_permutation,6,0.00044607606155592106,0.20974600315093994,0.0,0.0
51003,fixed_permutation,7,0.0015061359940615898,0.2514415979385376,0.0,0.0
51003,fixed_permutation,8,0.24423192144013803,0.2763446867465973,0.2,0.0
51003,fixed_permutation,9,0.2358322576553622,0.14730295538902283,0.2,0.0
51003,fixed_permutation,10,0.3007306174351304,0.16051259636878967,0.2,0.0
51003,fixed_permutation,11,0.03707987447601024,0.13771705329418182,0.0,0.0
51003,fixed_permutation,12,0.2870135807945866,0.20292778313159943,0.2,0.0
51003,fixed_permutation,13,0.02532192649162628,0.22140389680862427,0.0,0.0
51003,fixed_permutation,14,0.17232096092851884,0.293675035238266,0.0,0.0
51003,fixed_permutation,15,0.02345213424151897,0.3367805778980255,0.0,0.0
51003,fixed_permutation,16,0.011951851118990189,0.14610673487186432,0.0,0.0
51003,fixed_permutation,17,0.3053932187883869,0.21198028326034546,0.2,0.0
51003,fixed_permutation,18,0.000519723151822859,0.2065867930650711,0.0,0.0
51003,fixed_permutation,19,0.1952023184421786,0.1810746192932129,0.2,0.0
51003,fixed_permutation,20,0.00010934588965775012,0.12384805083274841,0.0,0.0
51003,fixed_permutation,21,0.0029025068072564314,0.1157856434583664,0.0,0.0
51003,fixed_permutation,22,0.00013085723991897277,0.18083597719669342,0.0,0.0
51003,fixed_permutation,23,0.027430238710044776,0.20001240074634552,0.0,0.0
51003,fixed_permutation,24,0.23527536531663698,0.24768422544002533,0.2,0.0
51003,fixed_permutation,25,0.12389375399564177,0.31985560059547424,0.2,0.0
51003,fixed_permutation,26,0.01160723524509607,0.21788324415683746,0.0,0.0
51003,fixed_permutation,27,0.33605333798351056,0.15353281795978546,0.4,0.0
51003,matched_decoder,0,0.6635055710922036,0.12636815011501312,1.0,1.0
51003,matched_decoder,1,0.8846987586971032,0.023703014478087425,0.8,1.0
51003,matched_decoder,2,0.9844702371382763,0.004101172089576721,1.0,1.0
51003,matched_decoder,3,0.8954262366723805,0.021217847242951393,0.8,1.0
51003,matched_decoder,4,0.7872298988857027,0.04192659258842468,0.8,1.0
51003,matched_decoder,5,0.646104461917304,0.06708396971225739,0.6,0.0
51003,matched_decoder,6,0.882178371823419,0.022183138877153397,0.8,1.0
51003,matched_decoder,7,0.9949598271407037,0.0010055118473246694,1.0,1.0
51003,matched_decoder,8,0.7087047966862979,0.09898903965950012,0.8,1.0
51003,matched_decoder,9,0.8817985543192552,0.022257449105381966,0.8,1.0
51003,matched_decoder,10,0.7154722857377458,0.0619753934442997,0.6,0.0
51003,matched_decoder,11,0.5867650434697969,0.07602473348379135,0.6,0.0
51003,matched_decoder,12,0.6499975692431894,0.0871957391500473,0.6,0.0
51003,matched_decoder,13,0.8047456211061019,0.04299957677721977,0.8,1.0
51003,matched_decoder,14,0.7300038355380317,0.07344471663236618,0.8,0.0
51003,matched_decoder,15,0.6920978703884374,0.10589850693941116,0.6,1.0
51003,matched_decoder,16,0.7857525094486971,0.03830650448799133,0.6,1.0
51003,matched_decoder,17,0.7419575536216577,0.06667377799749374,0.6,1.0
51003,matched_decoder,18,0.9201002775315995,0.015342065133154392,0.8,1.0
51003,matched_decoder,19,0.6402735545546967,0.068072110414505,0.6,1.0
51003,matched_decoder,20,0.6343733155788281,0.05982942134141922,0.6,1.0
51003,matched_decoder,21,0.9009455352531787,0.02286747843027115,1.0,1.0
51003,matched_decoder,22,0.7599331954110417,0.04769285023212433,0.8,1.0
51003,matched_decoder,23,0.9640183309439379,0.007584438193589449,1.0,1.0
51003,matched_decoder,24,0.7424850153751307,0.08111673593521118,0.8,1.0
51003,matched_decoder,25,0.7085061546265918,0.09917053580284119,1.0,1.0
51003,matched_decoder,26,0.9754148067189851,0.005030686967074871,1.0,1.0
51003,matched_decoder,27,0.8635142247877315,0.025979947298765182,0.8,1.0
51003,random_content,0,0.20618208208423447,0.18885014951229095,0.0,0.0
51003,random_content,1,0.007970032449583735,0.19587446749210358,0.0,0.0
51003,random_content,2,0.19858291013880155,0.15970444679260254,0.2,0.0
51003,random_content,3,0.021700969024119512,0.22373683750629425,0.0,0.0
51003,random_content,4,7.665763818285816e-05,0.14099207520484924,0.0,0.0
51003,random_content,5,0.4385693422233745,0.09412018954753876,0.4,0.0
51003,random_content,6,0.5866884923082906,0.07939130067825317,0.6,0.0
51003,random_content,7,0.19226372014567827,0.1808132529258728,0.2,0.0
51003,random_content,8,0.180987719443603,0.18248210847377777,0.2,0.0
51003,random_content,9,0.17776082064125603,0.166447713971138,0.2,0.0
51003,random_content,10,0.1844769803134476,0.18037930130958557,0.2,0.0
51003,random_content,11,1.0425056703243927e-05,0.15832847356796265,0.0,0.0
51003,random_content,12,0.3159841520113754,0.1251983344554901,0.4,0.0
51003,random_content,13,0.1934050271989988,0.12053418904542923,0.4,0.0
51003,random_content,14,0.32339957136528935,0.15278775990009308,0.2,0.0
51003,random_content,15,0.22959401069896615,0.15336927771568298,0.2,0.0
51003,random_content,16,0.19090209023572943,0.16997046768665314,0.2,0.0
51003,random_content,17,0.004408155244857419,0.1458580493927002,0.0,0.0
51003,random_content,18,7.0932642273318585e-06,0.18125706911087036,0.0,0.0
51003,random_content,19,0.2670444574065447,0.15860407054424286,0.2,0.0
51003,random_content,20,0.30054577901914836,0.10275840759277344,0.2,0.0
51003,random_content,21,6.751476722200242e-05,0.16829676926136017,0.0,0.0
51003,random_content,22,0.11805120191281689,0.18607373535633087,0.0,0.0
51003,random_content,23,0.19850419319505253,0.16151832044124603,0.2,0.0
51003,random_content,24,0.16959506985318026,0.1896350234746933,0.2,0.0
51003,random_content,25,0.4147317168297085,0.10217136144638062,0.4,0.0
51003,random_content,26,0.10416084046938108,0.18938787281513214,0.0,0.0
51003,random_content,27,3.10303221710086e-05,0.1354851871728897,0.0,0.0
51003,no_plasticity,0,0.15934375306613413,0.10000000149011612,0.2,0.0
51003,no_plasticity,1,0.12051338674082071,0.10000000149011612,0.0,0.0
51003,no_plasticity,2,0.3492961810789469,0.09999999403953552,0.2,0.0
51003,no_plasticity,3,0.13323488853665455,0.10000000149011612,0.0,0.0
51003,no_plasticity,4,0.09908788323782558,0.10000000149011612,0.0,0.0
51003,no_plasticity,5,0.0889919740623195,0.10000000149011612,0.0,0.0
51003,no_plasticity,6,0.23400308948007462,0.10000000149011612,0.4,0.0
51003,no_plasticity,7,0.12969475616079346,0.10000000149011612,0.0,0.0
51003,no_plasticity,8,0.12611449399821092,0.10000000149011612,0.0,0.0
51003,no_plasticity,9,0.1373295921192242,0.10000000149011612,0.0,0.0
51003,no_plasticity,10,0.17589828424604145,0.10000000149011612,0.2,0.0
51003,no_plasticity,11,0.383892832641112,0.09999999403953552,0.2,0.0
51003,no_plasticity,12,0.19119459394456426,0.10000000149011612,0.0,0.0
51003,no_plasticity,13,0.0808538959477503,0.10000000149011612,0.0,0.0
51003,no_plasticity,14,0.20266568075658675,0.10000000149011612,0.2,0.0
51003,no_plasticity,15,0.13867982358635236,0.10000000149011612,0.0,0.0
51003,no_plasticity,16,0.43491036256509225,0.09999999403953552,0.2,1.0
51003,no_plasticity,17,0.09463057906587374,0.10000000149011612,0.0,0.0
51003,no_plasticity,18,0.10855764415236568,0.10000000149011612,0.0,0.0
51003,no_plasticity,19,0.08554890742556315,0.10000000149011612,0.0,0.0
51003,no_plasticity,20,0.22891459151707697,0.09999999403953552,0.0,0.0
51003,no_plasticity,21,0.2364408612265331,0.10000000149011612,0.2,0.0
51003,no_plasticity,22,0.03526997288268333,0.10000000149011612,0.0,0.0
51003,no_plasticity,23,0.2385118008539022,0.10000000149011612,0.2,0.0
51003,no_plasticity,24,0.20296292197778426,0.10000000149011612,0.2,0.0
51003,no_plasticity,25,0.09776189094339022,0.10000000149011612,0.0,0.0
51003,no_plasticity,26,0.2807614771821548,0.10000000149011612,0.2,0.0
51003,no_plasticity,27,0.07936631765023322,0.10000000149011612,0.0,0.0
51004,aligned,0,0.6593193481568744,0.0660121738910675,0.6,1.0
51004,aligned,1,0.802128379765167,0.035873282700777054,0.8,1.0
51004,aligned,2,0.8537292718175552,0.03506248816847801,0.8,1.0
51004,aligned,3,0.7239018740452542,0.04962003231048584,0.6,1.0
51004,aligned,4,0.9386237649546203,0.012339350767433643,1.0,1.0
51004,aligned,5,0.8740707032881634,0.030820760875940323,1.0,1.0
51004,aligned,6,0.6788038978493464,0.07032953202724457,0.6,1.0
51004,aligned,7,0.7297123820544557,0.04971061646938324,0.8,1.0
51004,aligned,8,0.9441118441063494,0.011428723111748695,1.0,1.0
51004,aligned,9,0.8487298698076713,0.030105123296380043,0.8,1.0
51004,aligned,10,0.8234224436915663,0.03224063292145729,0.8,1.0
51004,aligned,11,0.9323064235616126,0.014908920973539352,1.0,1.0
51004,aligned,12,0.788129914180737,0.039666447788476944,0.8,1.0
51004,aligned,13,0.8209071903201903,0.04641769826412201,0.8,1.0
51004,aligned,14,0.6803503294987022,0.06576047092676163,0.6,1.0
51004,aligned,15,0.9501435182586724,0.0115271070972085,1.0,1.0
51004,aligned,16,0.7030321862835657,0.07960698753595352,0.4,1.0
51004,aligned,17,0.8729187940973088,0.030863376334309578,0.8,1.0
51004,aligned,18,0.6498839670431108,0.05893043056130409,0.4,0.0
51004,aligned,19,0.7547580005123721,0.04342743009328842,0.6,1.0
51004,aligned,20,0.8441819510357439,0.03958437219262123,1.0,1.0
51004,aligned,21,0.8374012169513252,0.03238244354724884,0.8,1.0
51004,aligned,22,0.8794236290046457,0.025879833847284317,0.8,1.0
51004,aligned,23,0.831536624706313,0.03440600633621216,0.8,1.0
51004,aligned,24,0.8740797563101304,0.030577052384614944,1.0,1.0
51004,aligned,25,0.6098640423449607,0.0752737820148468,0.6,1.0
51004,aligned,26,0.7775405402376112,0.05783120170235634,0.6,1.0
51004,aligned,27,0.801217402930509,0.04123714938759804,0.8,1.0
51004,fixed_permutation,0,0.015179961202177404,0.17606866359710693,0.0,0.0
51004,fixed_permutation,1,0.0037768102030641642,0.19731678068637848,0.0,0.0
51004,fixed_permutation,2,0.005510540439222909,0.27764594554901123,0.0,0.0
51004,fixed_permutation,3,0.0369670798327284,0.16292743384838104,0.0,0.0
51004,fixed_permutation,4,0.001313152266266589,0.21521753072738647,0.0,0.0
51004,fixed_permutation,5,0.2627683445207686,0.19912445545196533,0.2,0.0
51004,fixed_permutation,6,0.2768112919364415,0.14727996289730072,0.2,0.0
51004,fixed_permutation,7,0.01768723927722479,0.20792454481124878,0.0,0.0
51004,fixed_permutation,8,0.24827808963990414,0.1368362009525299,0.2,0.0
51004,fixed_permutation,9,0.27828402705964433,0.2184179425239563,0.2,0.0
51004,fixed_permutation,10,0.000781741371534221,0.18168067932128906,0.0,0.0
51004,fixed_permutation,11,0.13385691370976285,0.22545310854911804,0.0,0.0
51004,fixed_permutation,12,0.09322988287746269,0.2659932076931,0.0,0.0
51004,fixed_permutation,13,0.23936109047298443,0.22546201944351196,0.0,0.0
51004,fixed_permutation,14,0.24316093984987358,0.16965284943580627,0.2,0.0
51004,fixed_permutation,15,0.1892578273530735,0.16950416564941406,0.2,0.0
51004,fixed_permutation,16,0.1999980456180463,0.1909070909023285,0.2,0.0
51004,fixed_permutation,17,0.18815927982370373,0.21853666007518768,0.2,0.0
51004,fixed_permutation,18,0.028762694670083827,0.1791875958442688,0.0,0.0
51004,fixed_permutation,19,0.2286095967295282,0.130532905459404,0.2,0.0
51004,fixed_permutation,20,0.18187465199614727,0.23060226440429688,0.0,0.0
51004,fixed_permutation,21,0.29362531413594384,0.19297073781490326,0.2,0.0
51004,fixed_permutation,22,0.2093807601479503,0.19844761490821838,0.2,0.0
51004,fixed_permutation,23,0.16572587292975124,0.1457078903913498,0.0,0.0
51004,fixed_permutation,24,0.002624474947798829,0.22767966985702515,0.0,0.0
51004,fixed_permutation,25,0.0029166389396436706,0.20579494535923004,0.0,0.0
51004,fixed_permutation,26,0.015866406835945056,0.28597885370254517,0.0,0.0
51004,fixed_permutation,27,0.1259244513348529,0.14225508272647858,0.2,0.0
51004,matched_decoder,0,0.6593194476834953,0.06601215153932571,0.6,1.0
51004,matched_decoder,1,0.8021283813082624,0.035873278975486755,0.8,1.0
51004,matched_decoder,2,0.8537292580818532,0.03506249189376831,0.8,1.0
51004,matched_decoder,3,0.7239018232432899,0.04962003603577614,0.6,1.0
51004,matched_decoder,4,0.9386238180231781,0.012339339591562748,1.0,1.0
51004,matched_decoder,5,0.8740706984212505,0.030820760875940323,1.0,1.0
51004,matched_decoder,6,0.6788038818192548,0.07032953947782516,0.6,1.0
51004,matched_decoder,7,0.7297123236578564,0.049710631370544434,0.8,1.0
51004,matched_decoder,8,0.9441118363714709,0.011428726837038994,1.0,1.0
51004,matched_decoder,9,0.8487298715134198,0.030105123296380043,0.8,1.0
51004,matched_decoder,10,0.8234225672546749,0.0322406142950058,0.8,1.0
51004,matched_decoder,11,0.9323064730420885,0.014908908866345882,1.0,1.0
51004,matched_decoder,12,0.7881299109863168,0.039666444063186646,0.8,1.0
51004,matched_decoder,13,0.8209072051800476,0.04641769826412201,0.8,1.0
51004,matched_decoder,14,0.6803503866075519,0.06576046347618103,0.6,1.0
51004,matched_decoder,15,0.9501434918523164,0.011527111753821373,1.0,1.0
51004,matched_decoder,16,0.7030321856930165,0.07960699498653412,0.4,1.0
51004,matched_decoder,17,0.8729187681677254,0.030863380059599876,0.8,1.0
51004,matched_decoder,18,0.649883914400989,0.05893043428659439,0.4,0.0
51004,matched_decoder,19,0.754758038118502,0.043427418917417526,0.6,1.0
51004,matched_decoder,20,0.8441820401865266,0.03958434239029884,1.0,1.0
51004,matched_decoder,21,0.8374012096280814,0.03238244354724884,0.8,1.0
51004,matched_decoder,22,0.8794235938475079,0.025879843160510063,0.8,1.0
51004,matched_decoder,23,0.8315365652461009,0.034406017512083054,0.8,1.0
51004,matched_decoder,24,0.8740797395454402,0.030577054247260094,1.0,1.0
51004,matched_decoder,25,0.6098640551557634,0.0752737745642662,0.6,1.0
51004,matched_decoder,26,0.7775405894311682,0.05783119052648544,0.6,1.0
51004,matched_decoder,27,0.8012173659346762,0.04123716428875923,0.8,1.0
51004,random_content,0,0.00016132805190811206,0.15367604792118073,0.0,0.0
51004,random_content,1,0.2328898927721663,0.11235468834638596,0.4,0.0
51004,random_content,2,0.09171127217613505,0.14349785447120667,0.0,0.0
51004,random_content,3,0.0013873103002502597,0.14991936087608337,0.0,0.0
51004,random_content,4,0.0016775115956560926,0.15696470439434052,0.0,0.0
51004,random_content,5,0.09408678831467528,0.16169880330562592,0.2,0.0
51004,random_content,6,0.13944103893208437,0.14316406846046448,0.2,0.0
51004,random_content,7,0.00024360495045841135,0.18460074067115784,0.0,0.0
51004,random_content,8,0.0007062358995470467,0.18548379838466644,0.0,0.0
51004,random_content,9,0.15659563856679215,0.14123652875423431,0.2,0.0
51004,random_content,10,7.684213664614921e-06,0.1988036334514618,0.0,0.0
51004,random_content,11,0.47148464577661586,0.08724255859851837,0.4,0.0
51004,random_content,12,0.24698587168920833,0.11407916992902756,0.2,0.0
51004,random_content,13,0.18591582007099697,0.15800051391124725,0.2,0.0
51004,random_content,14,0.00045270536332024533,0.14662586152553558,0.0,0.0
51004,random_content,15,0.0034155996188244523,0.19372345507144928,0.0,0.0
51004,random_content,16,0.19570870999326445,0.16655641794204712,0.2,0.0
51004,random_content,17,0.3868311794022439,0.12713587284088135,0.4,0.0
51004,random_content,18,0.15166402123612796,0.13996954262256622,0.2,0.0
51004,random_content,19,0.2675684990605803,0.10367871075868607,0.2,0.0
51004,random_content,20,0.6541698671346308,0.06470790505409241,0.6,1.0
51004,random_content,21,0.19186834798393446,0.16857467591762543,0.2,0.0
51004,random_content,22,0.40739764957125524,0.11479241400957108,0.4,0.0
51004,random_content,23,0.26444299815576977,0.1169644370675087,0.2,0.0
51004,random_content,24,0.0014991098821008284,0.18896880745887756,0.0,0.0
51004,random_content,25,0.2656524195304061,0.11817093193531036,0.4,0.0
51004,random_content,26,0.28355108924472605,0.15610924363136292,0.2,0.0
51004,random_content,27,0.009061672378756002,0.14097245037555695,0.0,0.0
51004,no_plasticity,0,0.02713178630423358,0.10000000149011612,0.0,0.0
51004,no_plasticity,1,0.17584814192281487,0.10000000149011612,0.2,0.0
51004,no_plasticity,2,0.24177760597379552,0.10000000149011612,0.2,0.0
51004,no_plasticity,3,0.1925175247674568,0.10000000149011612,0.2,0.0
51004,no_plasticity,4,0.48303462645261885,0.09999999403953552,0.4,1.0
51004,no_plasticity,5,0.049352759707876635,0.10000000149011612,0.0,0.0
51004,no_plasticity,6,0.22165997183873662,0.10000000149011612,0.2,0.0
51004,no_plasticity,7,0.0837285235557403,0.10000000149011612,0.0,0.0
51004,no_plasticity,8,0.2619974125078329,0.10000000149011612,0.2,0.0
51004,no_plasticity,9,0.21014786975004326,0.10000000149011612,0.2,0.0
51004,no_plasticity,10,0.10530310926563242,0.10000000149011612,0.0,0.0
51004,no_plasticity,11,0.273364468528915,0.10000000149011612,0.2,0.0
51004,no_plasticity,12,0.08365135735405013,0.10000000149011612,0.0,0.0
51004,no_plasticity,13,0.09079121502972003,0.10000000149011612,0.0,0.0
51004,no_plasticity,14,0.2213345510234781,0.10000000149011612,0.2,0.0
51004,no_plasticity,15,0.18675520760902825,0.10000000149011612,0.0,0.0
51004,no_plasticity,16,0.059889590751286664,0.10000000149011612,0.0,0.0
51004,no_plasticity,17,0.28832676970928284,0.10000000149011612,0.2,0.0
51004,no_plasticity,18,0.25370156480141215,0.10000000149011612,0.2,0.0
51004,no_plasticity,19,0.062103788775122674,0.10000000149011612,0.0,0.0
51004,no_plasticity,20,0.08797715879084814,0.10000000149011612,0.0,0.0
51004,no_plasticity,21,0.19609082642707576,0.10000000149011612,0.2,0.0
51004,no_plasticity,22,0.19681817823592074,0.10000000149011612,0.0,0.0
51004,no_plasticity,23,0.36850790724179894,0.10000000149011612,0.2,0.0
51004,no_plasticity,24,0.21750206719315052,0.10000000149011612,0.2,0.0
51004,no_plasticity,25,0.0622263645750255,0.10000000149011612,0.0,0.0
51004,no_plasticity,26,0.057313735454429235,0.10000000149011612,0.0,0.0
51004,no_plasticity,27,0.23630106579438614,0.10000000149011612,0.2,0.0
51005,aligned,0,0.8370692461342801,0.031079307198524475,0.8,1.0
51005,aligned,1,0.8429458402421586,0.039898455142974854,0.8,1.0
51005,aligned,2,0.8118792265102123,0.05163228511810303,1.0,1.0
51005,aligned,3,0.9783526567769246,0.004464815370738506,1.0,1.0
51005,aligned,4,0.8088773183939398,0.03479388356208801,0.8,1.0
51005,aligned,5,0.9023435578095608,0.018619991838932037,0.8,1.0
51005,aligned,6,0.8601627273086249,0.026525642722845078,0.8,1.0
51005,aligned,7,0.8476364026442159,0.036751821637153625,0.8,1.0
51005,aligned,8,0.8741532878016303,0.024443048983812332,0.8,1.0
51005,aligned,9,0.8409840527601049,0.03475025296211243,0.8,1.0
51005,aligned,10,0.929037547679822,0.014766547828912735,1.0,1.0
51005,aligned,11,0.8212143687818624,0.04783422127366066,0.8,1.0
51005,aligned,12,0.8543867948895754,0.02805701084434986,0.8,1.0
51005,aligned,13,0.8094349662511375,0.0383763462305069,0.8,1.0
51005,aligned,14,0.8209341742795252,0.046628549695014954,0.8,1.0
51005,aligned,15,0.8159331963326499,0.04994504153728485,1.0,1.0
51005,aligned,16,0.6816112307914197,0.05396316945552826,0.8,1.0
51005,aligned,17,0.8711002082240911,0.025419961661100388,0.8,1.0
51005,aligned,18,0.7251136576199294,0.05571713298559189,0.6,1.0
51005,aligned,19,0.9256841624014652,0.016361400485038757,1.0,1.0
51005,aligned,20,0.7748033855459378,0.040115609765052795,0.6,1.0
51005,aligned,21,0.7764007557705329,0.04215051606297493,0.8,1.0
51005,aligned,22,0.5522576866392792,0.08394138514995575,0.4,0.0
51005,aligned,23,0.8355303562291437,0.041456107050180435,1.0,1.0
51005,aligned,24,0.897744503044472,0.02015591226518154,0.8,1.0
51005,aligned,25,0.7255899318052581,0.06276386231184006,0.8,1.0
51005,aligned,26,0.8507317513025728,0.027645153924822807,0.8,1.0
51005,aligned,27,0.9485591997963173,0.010631931945681572,1.0,1.0
51005,fixed_permutation,0,0.0047407236290642,0.20969267189502716,0.0,0.0
51005,fixed_permutation,1,0.055511683649422244,0.18329796195030212,0.0,0.0
51005,fixed_permutation,2,0.15907266202547427,0.2482776790857315,0.2,0.0
51005,fixed_permutation,3,0.3118694199089467,0.18325139582157135,0.2,1.0
51005,fixed_permutation,4,0.33353971559752227,0.11700831353664398,0.2,0.0
51005,fixed_permutation,5,0.0011263764917154636,0.223920077085495,0.0,0.0
51005,fixed_permutation,6,0.03161635891843935,0.21492742002010345,0.0,0.0
51005,fixed_permutation,7,0.12143933637385249,0.22562769055366516,0.0,0.0
51005,fixed_permutation,8,0.1846048340789267,0.19623778760433197,0.2,0.0
51005,fixed_permutation,9,0.1912718730898654,0.2058432549238205,0.2,0.0
51005,fixed_permutation,10,0.28016041082199117,0.1555243581533432,0.2,0.0
51005,fixed_permutation,11,0.21398896527364586,0.19505411386489868,0.2,0.0
51005,fixed_permutation,12,0.1968143166003171,0.1630491316318512,0.2,0.0
51005,fixed_permutation,13,0.04378818763124825,0.22827646136283875,0.0,0.0
51005,fixed_permutation,14,9.283251890381844e-05,0.32305648922920227,0.0,0.0
51005,fixed_permutation,15,0.13815790006970646,0.2482418268918991,0.0,0.0
51005,fixed_permutation,16,0.01049830436678265,0.1314830631017685,0.0,0.0
51005,fixed_permutation,17,0.28180886590693766,0.1248370110988617,0.2,0.0
51005,fixed_permutation,18,0.02441664830969421,0.22072947025299072,0.0,0.0
51005,fixed_permutation,19,0.04961001250412805,0.22582736611366272,0.0,0.0
51005,fixed_permutation,20,0.4200027996629085,0.08267519623041153,0.2,0.0
51005,fixed_permutation,21,0.010952444628962204,0.16756276786327362,0.0,0.0
51005,fixed_permutation,22,0.21212689030307652,0.16093608736991882,0.2,0.0
51005,fixed_permutation,23,0.07447470913563295,0.2172415554523468,0.0,0.0
51005,fixed_permutation,24,0.03370274426239168,0.22052650153636932,0.0,0.0
51005,fixed_permutation,25,0.21547668603412246,0.20339731872081757,0.2,0.0
51005,fixed_permutation,26,0.11435632640194301,0.16252808272838593,0.0,0.0
51005,fixed_permutation,27,0.027435085540710617,0.20062437653541565,0.0,0.0
51005,matched_decoder,0,0.8370692855095587,0.031079299747943878,0.8,1.0
51005,matched_decoder,1,0.8429458340278204,0.039898451417684555,0.8,1.0
51005,matched_decoder,2,0.811879243211507,0.05163227394223213,1.0,1.0
51005,matched_decoder,3,0.9783526975252101,0.004464806988835335,1.0,1.0
51005,matched_decoder,4,0.808877320102364,0.03479388356208801,0.8,1.0
51005,matched_decoder,5,0.902343544883774,0.018619995564222336,0.8,1.0
51005,matched_decoder,6,0.8601627522145103,0.02652563527226448,0.8,1.0
51005,matched_decoder,7,0.8476364015401465,0.036751821637153625,0.8,1.0
51005,matched_decoder,8,0.8741533364371958,0.024443039670586586,0.8,1.0
51005,matched_decoder,9,0.8409839766091685,0.03475026786327362,0.8,1.0
51005,matched_decoder,10,0.9290375691576103,0.014766543172299862,1.0,1.0
51005,matched_decoder,11,0.8212143470121283,0.04783422499895096,0.8,1.0
51005,matched_decoder,12,0.854386830017319,0.028057001531124115,0.8,1.0
51005,matched_decoder,13,0.8094349649896935,0.0383763462305069,0.8,1.0
51005,matched_decoder,14,0.8209341809437419,0.046628549695014954,0.8,1.0
51005,matched_decoder,15,0.8159332158755161,0.049945030361413956,1.0,1.0
51005,matched_decoder,16,0.6816112118596613,0.05396316945552826,0.8,1.0
51005,matched_decoder,17,0.8711001907676033,0.025419965386390686,0.8,1.0
51005,matched_decoder,18,0.7251137132516013,0.05571712553501129,0.6,1.0
51005,matched_decoder,19,0.9256841643525869,0.016361398622393608,1.0,1.0
51005,matched_decoder,20,0.7748033840400936,0.040115609765052795,0.6,1.0
51005,matched_decoder,21,0.7764007454555082,0.04215051606297493,0.8,1.0
51005,matched_decoder,22,0.5522578086215376,0.08394135534763336,0.4,0.0
51005,matched_decoder,23,0.8355303524805854,0.041456107050180435,1.0,1.0
51005,matched_decoder,24,0.8977444812479232,0.02015591785311699,0.8,1.0
51005,matched_decoder,25,0.7255899652215292,0.06276385486125946,0.8,1.0
51005,matched_decoder,26,0.8507317495836959,0.027645153924822807,0.8,1.0
51005,matched_decoder,27,0.9485591846603894,0.01063193567097187,1.0,1.0
51005,random_content,0,0.24507179034778728,0.13123908638954163,0.2,0.0
51005,random_content,1,0.08228276133953691,0.12743858993053436,0.2,0.0
51005,random_content,2,0.128234667167597,0.14762546122074127,0.2,0.0
51005,random_content,3,0.00018579117955527008,0.2070922702550888,0.0,0.0
51005,random_content,4,0.00024402100986348652,0.1751398891210556,0.0,0.0
51005,random_content,5,0.21778147466084288,0.14947794377803802,0.2,0.0
51005,random_content,6,0.4285571489887521,0.10711442679166794,0.4,0.0
51005,random_content,7,0.06380512527913026,0.17193853855133057,0.0,0.0
51005,random_content,8,0.002877982065109767,0.21586976945400238,0.0,0.0
51005,random_content,9,4.570339732639106e-05,0.20003259181976318,0.0,0.0
51005,random_content,10,0.002955415288064216,0.16982240974903107,0.0,0.0
51005,random_content,11,0.000497837355509069,0.18512557446956635,0.0,0.0
51005,random_content,12,0.001582659923508907,0.14652100205421448,0.0,0.0
51005,random_content,13,0.2651623837149589,0.15422581136226654,0.2,0.0
51005,random_content,14,0.45040479248807636,0.12601244449615479,0.4,0.0
51005,random_content,15,0.49065225062620166,0.10013515502214432,0.6,0.0
51005,random_content,16,0.11283586214953398,0.13662439584732056,0.2,0.0
51005,random_content,17,9.958352477231806e-05,0.21058525145053864,0.0,0.0
51005,random_content,18,0.0008372251619552121,0.1927289515733719,0.0,0.0
51005,random_content,19,0.36779134188826,0.11656311899423599,0.4,0.0
51005,random_content,20,0.37711740112338243,0.10008779168128967,0.4,0.0
51005,random_content,21,5.066146769724054e-06,0.16450969874858856,0.0,0.0
51005,random_content,22,0.03646437129991768,0.1998460441827774,0.0,0.0
51005,random_content,23,2.2909550966337878e-05,0.17390556633472443,0.0,0.0
51005,random_content,24,0.27409365170671984,0.11308105289936066,0.2,0.0
51005,random_content,25,0.024804818525034196,0.22058284282684326,0.0,0.0
51005,random_content,26,0.004275455304820668,0.14474117755889893,0.0,0.0
51005,random_content,27,0.15249176118600719,0.1532905399799347,0.2,0.0
51005,no_plasticity,0,0.2198205455060438,0.10000000149011612,0.0,0.0
51005,no_plasticity,1,0.1444781950780751,0.10000000149011612,0.0,0.0
51005,no_plasticity,2,0.19708206718198143,0.10000000149011612,0.2,0.0
51005,no_plasticity,3,0.29746213607864,0.10000000149011612,0.2,0.0
51005,no_plasticity,4,0.12592586251584245,0.10000000149011612,0.0,0.0
51005,no_plasticity,5,0.16504976090045323,0.10000000149011612,0.0,0.0
51005,no_plasticity,6,0.3064264166424641,0.09999999403953552,0.2,0.0
51005,no_plasticity,7,0.2641970536511204,0.10000000149011612,0.2,0.0
51005,no_plasticity,8,0.27709573830776185,0.10000000149011612,0.2,0.0
51005,no_plasticity,9,0.23473694394772052,0.10000000149011612,0.2,0.0
51005,no_plasticity,10,0.22929719398975293,0.10000000149011612,0.2,0.0
51005,no_plasticity,11,0.13772055699057092,0.10000000149011612,0.0,0.0
51005,no_plasticity,12,0.1720966925411376,0.10000000149011612,0.0,0.0
51005,no_plasticity,13,0.22191301165377364,0.10000000149011612,0.2,0.0
51005,no_plasticity,14,0.14187312802107402,0.10000000149011612,0.0,0.0
51005,no_plasticity,15,0.2383248776910179,0.10000000149011612,0.0,0.0
51005,no_plasticity,16,0.06965546334380597,0.10000000149011612,0.0,0.0
51005,no_plasticity,17,0.18604029856541943,0.10000000149011612,0.0,0.0
51005,no_plasticity,18,0.2958226409298201,0.10000000149011612,0.2,0.0
51005,no_plasticity,19,0.21678773467616327,0.10000000149011612,0.0,0.0
51005,no_plasticity,20,0.14001638588235082,0.10000000149011612,0.0,0.0
51005,no_plasticity,21,0.4464996682683145,0.09999999403953552,0.4,1.0
51005,no_plasticity,22,0.3763051582787367,0.10000000149011612,0.4,0.0
51005,no_plasticity,23,0.2349027161361685,0.10000000149011612,0.0,0.0
51005,no_plasticity,24,0.2374379442643753,0.10000000149011612,0.0,0.0
51005,no_plasticity,25,0.09924066432804933,0.10000000149011612,0.0,0.0
51005,no_plasticity,26,0.26651666787688433,0.10000000149011612,0.2,0.0
51005,no_plasticity,27,0.11566661181144165,0.10000000149011612,0.0,0.0
51006,aligned,0,0.8310323187922335,0.04410016909241676,0.8,1.0
51006,aligned,1,0.7817301512318113,0.05816976726055145,0.6,1.0
51006,aligned,2,0.8668614896764061,0.03272220864892006,0.8,1.0
51006,aligned,3,0.6284304086953159,0.06063012778759003,0.6,1.0
51006,aligned,4,0.7674704026549403,0.04397028312087059,0.8,1.0
51006,aligned,5,0.9052403460788483,0.02202291414141655,1.0,1.0
51006,aligned,6,0.7574781029026969,0.05221397429704666,0.8,0.0
51006,aligned,7,0.869576284455665,0.032223377376794815,1.0,1.0
51006,aligned,8,0.524894952065935,0.10009782761335373,0.4,0.0
51006,aligned,9,0.9730515615494713,0.005399118177592754,1.0,1.0
51006,aligned,10,0.6764449001742733,0.06039083003997803,0.6,1.0
51006,aligned,11,0.9723903959245163,0.0054477304220199585,1.0,1.0
51006,aligned,12,0.6684251283705376,0.06605469435453415,0.6,1.0
51006,aligned,13,0.7701959779739829,0.05178450047969818,0.6,1.0
51006,aligned,14,0.8801191012180747,0.027647467330098152,1.0,1.0
51006,aligned,15,0.7418693417910565,0.05126403644680977,0.8,1.0
51006,aligned,16,0.8226976947189982,0.036958254873752594,0.8,1.0
51006,aligned,17,0.8183858208078494,0.04292137548327446,0.6,1.0
51006,aligned,18,0.9037645099862966,0.020802311599254608,0.8,1.0
51006,aligned,19,0.8597585462111114,0.026085902005434036,0.8,1.0
51006,aligned,20,0.7510377189297034,0.07138685882091522,0.8,1.0
51006,aligned,21,0.8975535527962967,0.023907475173473358,1.0,1.0
51006,aligned,22,0.7299412945574785,0.060655079782009125,0.8,1.0
51006,aligned,23,0.6917499813491063,0.06209779158234596,0.6,0.0
51006,aligned,24,0.6489445469884382,0.07952460646629333,0.6,0.0
51006,aligned,25,0.7788707223870878,0.043227847665548325,0.8,1.0
51006,aligned,26,0.9242148992717656,0.016687924042344093,1.0,1.0
51006,aligned,27,0.8179777059054164,0.034546490758657455,0.8,1.0
51006,fixed_permutation,0,0.3335551357362455,0.21878060698509216,0.2,1.0
51006,fixed_permutation,1,0.21856587624512114,0.19328519701957703,0.0,0.0
51006,fixed_permutation,2,0.0529507863334359,0.21002084016799927,0.0,0.0
51006,fixed_permutation,3,0.08001075688311217,0.11302616447210312,0.2,0.0
51006,fixed_permutation,4,0.16274370417252598,0.22251154482364655,0.2,0.0
51006,fixed_permutation,5,0.24151603568133614,0.2926879823207855,0.0,0.0
51006,fixed_permutation,6,0.1917646131580639,0.3038983643054962,0.0,0.0
51006,fixed_permutation,7,0.08486787729095797,0.21244966983795166,0.0,0.0
51006,fixed_permutation,8,0.37243250042982556,0.20800475776195526,0.2,0.0
51006,fixed_permutation,9,5.467594350825478e-08,0.2516220211982727,0.0,0.0
51006,fixed_permutation,10,0.0586029452242398,0.20030193030834198,0.0,0.0
51006,fixed_permutation,11,0.021952946823630633,0.2383263260126114,0.0,0.0
51006,fixed_permutation,12,0.200662531682789,0.15539930760860443,0.2,0.0
51006,fixed_permutation,13,0.4370131153882786,0.17409038543701172,0.4,1.0
51006,fixed_permutation,14,0.38483884421945463,0.15876860916614532,0.4,1.0
51006,fixed_permutation,15,0.01027441235081073,0.2119780033826828,0.0,0.0
51006,fixed_permutation,16,0.37190034023819923,0.15320990979671478,0.4,1.0
51006,fixed_permutation,17,0.13063688439173857,0.2930932343006134,0.2,0.0
51006,fixed_permutation,18,0.06691183121626049,0.18364551663398743,0.0,0.0
51006,fixed_permutation,19,0.1814539471352913,0.18411895632743835,0.2,0.0
51006,fixed_permutation,20,0.2652289148633792,0.23990601301193237,0.2,0.0
51006,fixed_permutation,21,0.17023425743571768,0.24459578096866608,0.2,0.0
51006,fixed_permutation,22,0.03375386190150845,0.16466380655765533,0.0,0.0
51006,fixed_permutation,23,0.193849679261757,0.27290067076683044,0.0,0.0
51006,fixed_permutation,24,0.2586598322344511,0.18204836547374725,0.2,0.0
51006,fixed_permutation,25,0.4820033812125813,0.1067841500043869,0.4,1.0
51006,fixed_permutation,26,0.17385246865105167,0.19294069707393646,0.2,0.0
51006,fixed_permutation,27,0.029033114826925544,0.16145145893096924,0.0,0.0
51006,matched_decoder,0,0.8310323019708364,0.04410018026828766,0.8,1.0
51006,matched_decoder,1,0.7817301363120686,0.05816977471113205,0.6,1.0
51006,matched_decoder,2,0.8668614835621697,0.03272220864892006,0.8,1.0
51006,matched_decoder,3,0.6284303976456177,0.06063012778759003,0.6,1.0
51006,matched_decoder,4,0.7674704401037374,0.04397027939558029,0.8,1.0
51006,matched_decoder,5,0.9052403278397565,0.022022919729351997,1.0,1.0
51006,matched_decoder,6,0.7574780902225182,0.05221397802233696,0.8,0.0
51006,matched_decoder,7,0.8695763140527003,0.03222336620092392,1.0,1.0
51006,matched_decoder,8,0.5248949748768897,0.10009783506393433,0.4,0.0
51006,matched_decoder,9,0.9730515742617756,0.005399115849286318,1.0,1.0
51006,matched_decoder,10,0.6764449315748436,0.06039082631468773,0.6,1.0
51006,matched_decoder,11,0.9723903975796656,0.0054477304220199585,1.0,1.0
51006,matched_decoder,12,0.6684251475289165,0.06605469435453415,0.6,1.0
51006,matched_decoder,13,0.7701959377463952,0.05178451165556908,0.6,1.0
51006,matched_decoder,14,0.8801190977857816,0.0276474691927433,1.0,1.0
51006,matched_decoder,15,0.7418693704523599,0.05126402899622917,0.8,1.0
51006,matched_decoder,16,0.8226976943634042,0.036958251148462296,0.8,1.0
51006,matched_decoder,17,0.8183858606451647,0.04292136803269386,0.6,1.0
51006,matched_decoder,18,0.9037645103316658,0.020802311599254608,0.8,1.0
51006,matched_decoder,19,0.8597586067979515,0.02608588896691799,0.8,1.0
51006,matched_decoder,20,0.751037719456789,0.07138685882091522,0.8,1.0
51006,matched_decoder,21,0.8975535428489162,0.023907477036118507,1.0,1.0
51006,matched_decoder,22,0.7299413238255629,0.06065506860613823,0.8,1.0
51006,matched_decoder,23,0.6917499883291,0.062097787857055664,0.6,0.0
51006,matched_decoder,24,0.6489445922414306,0.07952460646629333,0.6,0.0
51006,matched_decoder,25,0.7788707026781081,0.04322785511612892,0.8,1.0
51006,matched_decoder,26,0.9242148431834843,0.016687937080860138,1.0,1.0
51006,matched_decoder,27,0.8179776885873623,0.034546494483947754,0.8,1.0
51006,random_content,0,0.19520959030025165,0.20562578737735748,0.0,0.0
51006,random_content,1,0.0004931649152262238,0.19336393475532532,0.0,0.0
51006,random_content,2,0.00010864241182501771,0.19035835564136505,0.0,0.0
51006,random_content,3,2.081165122707609e-05,0.15052062273025513,0.0,0.0
51006,random_content,4,0.2561722714990245,0.12999816238880157,0.2,0.0
51006,random_content,5,0.31881755871558565,0.14703696966171265,0.2,0.0
51006,random_content,6,0.23708845407574358,0.19595138728618622,0.2,0.0
51006,random_content,7,0.30558823427247866,0.13700926303863525,0.2,0.0
51006,random_content,8,0.20349315260586218,0.15463091433048248,0.2,0.0
51006,random_content,9,0.13000928474432352,0.15213912725448608,0.2,0.0
51006,random_content,10,4.639230972773605e-05,0.1832495480775833,0.0,0.0
51006,random_content,11,0.18811509842978566,0.17335228621959686,0.2,0.0
51006,random_content,12,0.011933893040281215,0.2203672081232071,0.0,0.0
51006,random_content,13,0.5054480765882106,0.10110709816217422,0.4,0.0
51006,random_content,14,0.12296854468777325,0.17778630554676056,0.0,0.0
51006,random_content,15,0.4329256792552531,0.10419522970914841,0.4,0.0
51006,random_content,16,0.41696113218358316,0.11008802056312561,0.4,0.0
51006,random_content,17,0.21354294931729875,0.15890337526798248,0.2,0.0
51006,random_content,18,0.1847058766507586,0.16205106675624847,0.2,0.0
51006,random_content,19,0.20349558922683844,0.14390568435192108,0.2,0.0
51006,random_content,20,0.2160460952847226,0.16519765555858612,0.2,0.0
51006,random_content,21,0.32165481323550604,0.16030891239643097,0.2,0.0
51006,random_content,22,0.21931566178979428,0.14315994083881378,0.2,0.0
51006,random_content,23,0.22419548337599596,0.15226872265338898,0.2,0.0
51006,random_content,24,0.001435269175583312,0.22798946499824524,0.0,0.0
51006,random_content,25,0.00044210399048756036,0.17998863756656647,0.0,0.0
51006,random_content,26,0.09386711362781304,0.13573607802391052,0.2,0.0
51006,random_content,27,0.18738890398754712,0.17691613733768463,0.2,0.0
51006,no_plasticity,0,0.21908449018328935,0.10000000149011612,0.0,0.0
51006,no_plasticity,1,0.052857680815215566,0.10000000149011612,0.0,0.0
51006,no_plasticity,2,0.13871038007112882,0.10000000149011612,0.2,0.0
51006,no_plasticity,3,0.2887209932274928,0.10000000149011612,0.2,0.0
51006,no_plasticity,4,0.1159408776527397,0.10000000149011612,0.0,0.0
51006,no_plasticity,5,0.1256863519709744,0.10000000149011612,0.0,0.0
51006,no_plasticity,6,0.10141472897754882,0.10000000149011612,0.0,0.0
51006,no_plasticity,7,0.12786293222899223,0.10000000149011612,0.0,0.0
51006,no_plasticity,8,0.18263668957805063,0.10000000149011612,0.0,0.0
51006,no_plasticity,9,0.1349563285208793,0.10000000149011612,0.0,0.0
51006,no_plasticity,10,0.3884677216527435,0.10000000149011612,0.2,0.0
51006,no_plasticity,11,0.5321118984209667,0.09999999403953552,0.4,1.0
51006,no_plasticity,12,0.143525743020182,0.10000000149011612,0.2,0.0
51006,no_plasticity,13,0.14308183508493588,0.10000000149011612,0.0,0.0
51006,no_plasticity,14,0.24809042939139317,0.10000000149011612,0.0,0.0
51006,no_plasticity,15,0.11074888167807376,0.10000000149011612,0.0,0.0
51006,no_plasticity,16,0.1170204442309193,0.10000000149011612,0.0,0.0
51006,no_plasticity,17,0.14479852317734737,0.10000000149011612,0.0,0.0
51006,no_plasticity,18,0.06918824312230132,0.10000000149011612,0.0,0.0
51006,no_plasticity,19,0.14204799483775604,0.10000000149011612,0.0,0.0
51006,no_plasticity,20,0.2945359381329058,0.10000000149011612,0.2,0.0
51006,no_plasticity,21,0.44610815300471746,0.09999999403953552,0.4,0.0
51006,no_plasticity,22,0.27589500029545677,0.10000000149011612,0.2,0.0
51006,no_plasticity,23,0.12246809131064959,0.10000000149011612,0.0,0.0
51006,no_plasticity,24,0.19225752288874748,0.10000000149011612,0.2,0.0
51006,no_plasticity,25,0.14883792297465437,0.10000000149011612,0.0,0.0
51006,no_plasticity,26,0.12064261185745126,0.10000000149011612,0.0,0.0
51006,no_plasticity,27,0.3925187237557155,0.09999999403953552,0.4,0.0
51007,aligned,0,0.9387035945667457,0.013000008650124073,1.0,1.0
51007,aligned,1,0.8375007945200212,0.04074881970882416,0.8,1.0
51007,aligned,2,0.534431418283731,0.07262597233057022,0.6,0.0
51007,aligned,3,0.8404171204018832,0.041345253586769104,0.8,1.0
51007,aligned,4,0.735640536309194,0.07743892818689346,0.4,1.0
51007,aligned,5,0.6060734512895178,0.070641428232193,0.6,0.0
51007,aligned,6,0.6925976458652888,0.07505489140748978,0.8,1.0
51007,aligned,7,0.8229625886035221,0.03825189918279648,0.8,1.0
51007,aligned,8,0.8866037881883081,0.026086613535881042,0.8,1.0
51007,aligned,9,0.8531338844953874,0.02923937514424324,0.8,1.0
51007,aligned,10,0.8780865868289419,0.027429204434156418,0.8,1.0
51007,aligned,11,0.7954283481400992,0.041245125234127045,0.8,1.0
51007,aligned,12,0.8369213789306431,0.0424160398542881,1.0,1.0
51007,aligned,13,0.8467511100538366,0.03945106640458107,1.0,1.0
51007,aligned,14,0.7505077628853526,0.04740661010146141,0.6,1.0
51007,aligned,15,0.7128985945320416,0.05961660295724869,0.6,1.0
51007,aligned,16,0.7600361187679696,0.05131903663277626,0.8,1.0
51007,aligned,17,0.7926593224135496,0.04095130041241646,0.8,1.0
51007,aligned,18,0.6611478893189,0.061442408710718155,0.6,1.0
51007,aligned,19,0.8071227523923911,0.049031421542167664,0.8,1.0
51007,aligned,20,0.8153637780288693,0.05032119154930115,1.0,1.0
51007,aligned,21,0.8642099850610248,0.030587714165449142,0.8,1.0
51007,aligned,22,0.5730723349448896,0.06761011481285095,0.6,0.0
51007,aligned,23,0.8016175320876496,0.04439762607216835,0.8,1.0
51007,aligned,24,0.7784464562369231,0.05919139087200165,0.8,1.0
51007,aligned,25,0.6172299521990203,0.0619143582880497,0.8,1.0
51007,aligned,26,0.7817309311611899,0.06338469684123993,0.8,1.0
51007,aligned,27,0.6936794332333277,0.06318353861570358,0.6,1.0
51007,fixed_permutation,0,0.14753169249680367,0.20614975690841675,0.2,0.0
51007,fixed_permutation,1,0.2542458310125789,0.26053133606910706,0.0,0.0
51007,fixed_permutation,2,0.00046217721552903004,0.13206380605697632,0.0,0.0
51007,fixed_permutation,3,0.0003188918780024574,0.33119678497314453,0.0,0.0
51007,fixed_permutation,4,0.34395725475253935,0.160418301820755,0.2,0.0
51007,fixed_permutation,5,0.2761011858660556,0.1634349673986435,0.2,0.0
51007,fixed_permutation,6,0.2779189650891835,0.1786796599626541,0.2,0.0
51007,fixed_permutation,7,0.33871732634178736,0.16175119578838348,0.4,0.0
51007,fixed_permutation,8,0.20020365561410006,0.2012408971786499,0.2,0.0
51007,fixed_permutation,9,0.4830647672607383,0.10177908837795258,0.4,0.0
51007,fixed_permutation,10,0.060785291844018624,0.23564329743385315,0.0,0.0
51007,fixed_permutation,11,0.04790639788941154,0.19880062341690063,0.0,0.0
51007,fixed_permutation,12,0.10181844087781097,0.21051238477230072,0.0,0.0
51007,fixed_permutation,13,0.2611939535340911,0.2033693641424179,0.2,0.0
51007,fixed_permutation,14,0.027300419029816156,0.20745521783828735,0.0,0.0
51007,fixed_permutation,15,0.2079324849157614,0.1535300612449646,0.2,0.0
51007,fixed_permutation,16,0.020432725540367527,0.20206497609615326,0.0,0.0
51007,fixed_permutation,17,0.1830998474545273,0.18524903059005737,0.2,0.0
51007,fixed_permutation,18,0.2088632435291985,0.15057308971881866,0.2,0.0
51007,fixed_permutation,19,0.474127401141752,0.14991332590579987,0.4,1.0
51007,fixed_permutation,20,0.14758192717054028,0.2481623888015747,0.2,0.0
51007,fixed_permutation,21,0.18979126415036748,0.1711702197790146,0.2,0.0
51007,fixed_permutation,22,0.0007535891119624218,0.15640859305858612,0.0,0.0
51007,fixed_permutation,23,0.4186788253298537,0.13667964935302734,0.4,1.0
51007,fixed_permutation,24,0.27088705184046186,0.1867523044347763,0.2,0.0
51007,fixed_permutation,25,0.26895383795741,0.11559291929006577,0.2,0.0
51007,fixed_permutation,26,0.38891759401184406,0.2175927609205246,0.4,0.0
51007,fixed_permutation,27,0.2339024697560849,0.17774856090545654,0.2,0.0
51007,matched_decoder,0,0.9387035721865727,0.013000015169382095,1.0,1.0
51007,matched_decoder,1,0.8375007954447808,0.04074881598353386,0.8,1.0
51007,matched_decoder,2,0.5344313344143734,0.07262598723173141,0.6,0.0
51007,matched_decoder,3,0.8404171240621108,0.041345253586769104,0.8,1.0
51007,matched_decoder,4,0.7356405125241117,0.07743894308805466,0.4,1.0
51007,matched_decoder,5,0.6060733918668589,0.070641428232193,0.6,0.0
51007,matched_decoder,6,0.6925976980922733,0.07505487650632858,0.8,1.0
51007,matched_decoder,7,0.8229626540523158,0.038251884281635284,0.8,1.0
51007,matched_decoder,8,0.8866037863494991,0.026086613535881042,0.8,1.0
51007,matched_decoder,9,0.8531339219822293,0.029239367693662643,0.8,1.0
51007,matched_decoder,10,0.8780866089429337,0.02742919884622097,0.8,1.0
51007,matched_decoder,11,0.7954283496177875,0.041245125234127045,0.8,1.0
51007,matched_decoder,12,0.8369213448589767,0.0424160473048687,1.0,1.0
51007,matched_decoder,13,0.8467511330831615,0.039451055228710175,1.0,1.0
51007,matched_decoder,14,0.7505077607463522,0.04740661010146141,0.6,1.0
51007,matched_decoder,15,0.7128986360393647,0.05961659550666809,0.6,1.0
51007,matched_decoder,16,0.760036129890054,0.05131903290748596,0.8,1.0
51007,matched_decoder,17,0.7926593542108532,0.04095128923654556,0.8,1.0
51007,matched_decoder,18,0.661147884401027,0.061442404985427856,0.6,1.0
51007,matched_decoder,19,0.8071227670157939,0.04903142526745796,0.8,1.0
51007,matched_decoder,20,0.8153638037100077,0.050321176648139954,1.0,1.0
51007,matched_decoder,21,0.8642099174556058,0.030587730929255486,0.8,1.0
51007,matched_decoder,22,0.5730723613598404,0.06761009991168976,0.6,0.0
51007,matched_decoder,23,0.8016175183880688,0.044397637248039246,0.8,1.0
51007,matched_decoder,24,0.7784464727639034,0.05919138342142105,0.8,1.0
51007,matched_decoder,25,0.6172298886263019,0.061914362013339996,0.8,1.0
51007,matched_decoder,26,0.7817309130298394,0.06338471174240112,0.8,1.0
51007,matched_decoder,27,0.6936794306884828,0.06318353861570358,0.6,1.0
51007,random_content,0,0.33479180424072613,0.1351538896560669,0.2,0.0
51007,random_content,1,0.1883081884551244,0.16369670629501343,0.0,0.0
51007,random_content,2,0.1861802873396323,0.15627221763134003,0.2,0.0
51007,random_content,3,0.20352654567658113,0.11814344674348831,0.2,0.0
51007,random_content,4,0.27648357544883767,0.13635371625423431,0.2,0.0
51007,random_content,5,0.18899592661032444,0.17111480236053467,0.2,0.0
51007,random_content,6,0.01017362129613493,0.1911957859992981,0.0,0.0
51007,random_content,7,0.24906079582202176,0.13320855796337128,0.2,0.0
51007,random_content,8,0.253108091916392,0.11851189285516739,0.2,0.0
51007,random_content,9,7.362983655196466e-05,0.17615367472171783,0.0,0.0
51007,random_content,10,0.19741348428371566,0.15989701449871063,0.2,0.0
51007,random_content,11,0.44427793682359074,0.10033483803272247,0.4,0.0
51007,random_content,12,0.03278748033332257,0.120966337621212,0.0,0.0
51007,random_content,13,0.3775978315733885,0.10447828471660614,0.4,0.0
51007,random_content,14,0.11437884396400959,0.13160289824008942,0.2,0.0
51007,random_content,15,0.36151373617895266,0.09522683173418045,0.6,0.0
51007,random_content,16,0.30416034035616385,0.1196758821606636,0.2,0.0
51007,random_content,17,0.0007396700519176437,0.13124051690101624,0.0,0.0
51007,random_content,18,0.0488857612213025,0.16598133742809296,0.0,0.0
51007,random_content,19,0.5459053364321903,0.10059037059545517,0.6,0.0
51007,random_content,20,0.3565564960959904,0.12130464613437653,0.4,0.0
51007,random_content,21,0.6137881449729665,0.06568832695484161,0.6,0.0
51007,random_content,22,0.06607676078471718,0.18402718007564545,0.0,0.0
51007,random_content,23,0.0031600265576473656,0.15360094606876373,0.0,0.0
51007,random_content,24,0.12538234065013015,0.15742181241512299,0.2,0.0
51007,random_content,25,0.19590196084600636,0.1574818640947342,0.2,0.0
51007,random_content,26,0.010144696227529884,0.17323368787765503,0.0,0.0
51007,random_content,27,0.042533604501476925,0.15649425983428955,0.0,0.0
51007,no_plasticity,0,0.3406034305858294,0.10000000149011612,0.2,0.0
51007,no_plasticity,1,0.2987854678042451,0.10000000149011612,0.2,0.0
51007,no_plasticity,2,0.33475195248242495,0.10000000149011612,0.2,0.0
51007,no_plasticity,3,0.08603769259209815,0.10000000149011612,0.0,0.0
51007,no_plasticity,4,0.25688454199936944,0.10000000149011612,0.0,0.0
51007,no_plasticity,5,0.15391719096526701,0.10000000149011612,0.0,0.0
51007,no_plasticity,6,0.16659984258982397,0.10000000149011612,0.0,0.0
51007,no_plasticity,7,0.2274653674922089,0.10000000149011612,0.0,0.0
51007,no_plasticity,8,0.3799485757866959,0.10000000149011612,0.2,0.0
51007,no_plasticity,9,0.37445010057280614,0.10000000149011612,0.2,0.0
51007,no_plasticity,10,0.16860755773092925,0.10000000149011612,0.0,0.0
51007,no_plasticity,11,0.20320643712235642,0.10000000149011612,0.0,0.0
51007,no_plasticity,12,0.4166322099335421,0.09999999403953552,0.4,1.0
51007,no_plasticity,13,0.17447203194235097,0.10000000149011612,0.0,0.0
51007,no_plasticity,14,0.3801875490529985,0.09999999403953552,0.4,0.0
51007,no_plasticity,15,0.1370966164811928,0.10000000149011612,0.0,0.0
51007,no_plasticity,16,0.15944801431750494,0.10000000149011612,0.0,0.0
51007,no_plasticity,17,0.2105540555693898,0.10000000149011612,0.2,0.0
51007,no_plasticity,18,0.222122697324579,0.10000000149011612,0.0,0.0
51007,no_plasticity,19,0.2510991198364573,0.10000000149011612,0.0,0.0
51007,no_plasticity,20,0.19780761269876287,0.10000000149011612,0.0,0.0
51007,no_plasticity,21,0.16674427615922746,0.10000000149011612,0.0,0.0
51007,no_plasticity,22,0.2577370069597713,0.10000000149011612,0.2,0.0
51007,no_plasticity,23,0.4131874073442037,0.09999999403953552,0.2,0.0
51007,no_plasticity,24,0.09229353842643642,0.10000000149011612,0.0,0.0
51007,no_plasticity,25,0.15584861950766032,0.10000000149011612,0.0,0.0
51007,no_plasticity,26,0.14189162404926575,0.10000000149011612,0.0,0.0
51007,no_plasticity,27,0.2271691857481001,0.10000000149011612,0.0,0.0
51008,aligned,0,0.9666542957605186,0.006562400609254837,1.0,1.0
51008,aligned,1,0.9102440052520483,0.019045598804950714,0.8,1.0
51008,aligned,2,0.9569135798246878,0.008454234339296818,1.0,1.0
51008,aligned,3,0.8118445190559271,0.04953200742602348,1.0,1.0
51008,aligned,4,0.687189109526819,0.05926429107785225,0.6,1.0
51008,aligned,5,0.862313140260001,0.025908464565873146,0.8,1.0
51008,aligned,6,0.7240640560180034,0.0475788414478302,0.6,1.0
51008,aligned,7,0.8485672982534044,0.03456329181790352,0.8,1.0
51008,aligned,8,0.7555394204313004,0.052981991320848465,0.8,1.0
51008,aligned,9,0.8725162708263888,0.028526119887828827,0.8,1.0
51008,aligned,10,0.8231478502137268,0.03613214194774628,0.8,1.0
51008,aligned,11,0.7034930790026901,0.05451902374625206,0.8,1.0
51008,aligned,12,0.9314174707032193,0.013968480750918388,1.0,1.0
51008,aligned,13,0.6734839771641534,0.07205390185117722,0.6,1.0
51008,aligned,14,0.8093093373352653,0.04359530285000801,0.8,1.0
51008,aligned,15,0.9730990727229933,0.005323386285454035,1.0,1.0
51008,aligned,16,0.7715150323974524,0.04104664921760559,0.8,1.0
51008,aligned,17,0.8202890885377365,0.032713718712329865,0.8,1.0
51008,aligned,18,0.7277359896048297,0.04814745485782623,0.6,1.0
51008,aligned,19,0.6934762693469274,0.05549958348274231,0.6,1.0
51008,aligned,20,0.811501490497243,0.03772923722863197,0.6,1.0
51008,aligned,21,0.9041159794392775,0.01832820102572441,0.8,1.0
51008,aligned,22,0.8540532010057986,0.027082020416855812,0.8,1.0
51008,aligned,23,0.6168678575888539,0.06424877047538757,0.6,1.0
51008,aligned,24,0.7754276004664372,0.04615224525332451,0.8,1.0
51008,aligned,25,0.8224791269458342,0.033775895833969116,0.8,1.0
51008,aligned,26,0.8078996393710536,0.040026016533374786,0.8,1.0
51008,aligned,27,0.6926270513702077,0.055756665766239166,0.6,1.0
51008,fixed_permutation,0,0.0661004207408017,0.20406198501586914,0.0,0.0
51008,fixed_permutation,1,0.31943240279811974,0.13573387265205383,0.2,0.0
51008,fixed_permutation,2,0.3513406353501708,0.14214947819709778,0.4,0.0
51008,fixed_permutation,3,0.16201465954481226,0.18358677625656128,0.0,0.0
51008,fixed_permutation,4,0.013037588272225568,0.22532464563846588,0.0,0.0
51008,fixed_permutation,5,0.249385807539946,0.12721683084964752,0.2,0.0
51008,fixed_permutation,6,1.1829698084198601e-05,0.21407276391983032,0.0,0.0
51008,fixed_permutation,7,0.10611811197331428,0.18370380997657776,0.0,0.0
51008,fixed_permutation,8,0.08466898704489832,0.23456616699695587,0.0,0.0
51008,fixed_permutation,9,0.06272388639416375,0.22034978866577148,0.0,0.0
51008,fixed_permutation,10,0.2087091071329833,0.15207625925540924,0.2,0.0
51008,fixed_permutation,11,0.02802555377914314,0.16532768309116364,0.0,0.0
51008,fixed_permutation,12,0.2218248248611094,0.1570054590702057,0.2,0.0
51008,fixed_permutation,13,0.39697601356270806,0.1257891207933426,0.4,1.0
51008,fixed_permutation,14,0.15462269426793293,0.18041115999221802,0.0,0.0
51008,fixed_permutation,15,0.3961070434238199,0.14644934237003326,0.4,0.0
51008,fixed_permutation,16,0.2816418084551542,0.1300225406885147,0.4,0.0
51008,fixed_permutation,17,0.039114506267659284,0.17079006135463715,0.0,0.0
51008,fixed_permutation,18,0.26240675455625506,0.12734003365039825,0.2,0.0
51008,fixed_permutation,19,0.24994218808635701,0.1655540019273758,0.2,0.0
51008,fixed_permutation,20,0.1717131366655603,0.18229107558727264,0.2,0.0
51008,fixed_permutation,21,0.3062565866259683,0.12362499535083771,0.2,0.0
51008,fixed_permutation,22,0.001301319107230599,0.15533925592899323,0.0,0.0
51008,fixed_permutation,23,0.0031412890152075724,0.15669876337051392,0.0,0.0
51008,fixed_permutation,24,0.003965099676986121,0.17920809984207153,0.0,0.0
51008,fixed_permutation,25,0.010563377890044773,0.14040380716323853,0.0,0.0
51008,fixed_permutation,26,0.14700200296738672,0.17474642395973206,0.2,0.0
51008,fixed_permutation,27,0.0033110688115408253,0.14193524420261383,0.0,0.0
51008,matched_decoder,0,0.9666543289115354,0.00656239315867424,1.0,1.0
51008,matched_decoder,1,0.9102439580829063,0.01904560811817646,0.8,1.0
51008,matched_decoder,2,0.9569136050663154,0.008454229682683945,1.0,1.0
51008,matched_decoder,3,0.8118445438057676,0.049532003700733185,1.0,1.0
51008,matched_decoder,4,0.6871890831086308,0.059264298528432846,0.6,1.0
51008,matched_decoder,5,0.8623131723399534,0.025908460840582848,0.8,1.0
51008,matched_decoder,6,0.7240640591339182,0.0475788339972496,0.6,1.0
51008,matched_decoder,7,0.8485673056488338,0.03456329181790352,0.8,1.0
51008,matched_decoder,8,0.7555394291847343,0.052981991320848465,0.8,1.0
51008,matched_decoder,9,0.8725162852017972,0.02852611243724823,0.8,1.0
51008,matched_decoder,10,0.8231478277022647,0.036132145673036575,0.8,1.0
51008,matched_decoder,11,0.7034931148703777,0.05451902002096176,0.8,1.0
51008,matched_decoder,12,0.9314175030757531,0.013968473300337791,1.0,1.0
51008,matched_decoder,13,0.6734839589867139,0.07205390185117722,0.6,1.0
51008,matched_decoder,14,0.8093093366148422,0.04359530285000801,0.8,1.0
51008,matched_decoder,15,0.9730990473902684,0.005323390942066908,1.0,1.0
51008,matched_decoder,16,0.7715150430541684,0.04104664921760559,0.8,1.0
51008,matched_decoder,17,0.8202890254899884,0.03271372616291046,0.8,1.0
51008,matched_decoder,18,0.7277359724593054,0.04814745858311653,0.6,1.0
51008,matched_decoder,19,0.6934762652968799,0.05549958720803261,0.6,1.0
51008,matched_decoder,20,0.8115014685868057,0.03772924467921257,0.6,1.0
51008,matched_decoder,21,0.9041159916960475,0.018328199163079262,0.8,1.0
51008,matched_decoder,22,0.8540531516162809,0.027082031592726707,0.8,1.0
51008,matched_decoder,23,0.6168678487256095,0.06424877047538757,0.6,1.0
51008,matched_decoder,24,0.7754276079065701,0.04615223780274391,0.8,1.0
51008,matched_decoder,25,0.8224791522931892,0.03377588838338852,0.8,1.0
51008,matched_decoder,26,0.8078996390558983,0.040026016533374786,0.8,1.0
51008,matched_decoder,27,0.6926270516481016,0.055756665766239166,0.6,1.0
51008,random_content,0,0.17303318335296194,0.14383246004581451,0.2,0.0
51008,random_content,1,0.07649834550089336,0.12590287625789642,0.2,0.0
51008,random_content,2,0.21118405223959233,0.14650098979473114,0.2,0.0
51008,random_content,3,0.0005274324490794099,0.1521705985069275,0.0,0.0
51008,random_content,4,0.1340165687902445,0.16474242508411407,0.2,0.0
51008,random_content,5,0.48323388273506657,0.08654692769050598,0.4,0.0
51008,random_content,6,0.20418612903518135,0.10974781960248947,0.2,0.0
51008,random_content,7,0.15305669138200928,0.1549348086118698,0.2,0.0
51008,random_content,8,0.0005877745283555265,0.20898646116256714,0.0,0.0
51008,random_content,9,0.09551396390818241,0.16382086277008057,0.0,0.0
51008,random_content,10,0.11902168441144118,0.15576869249343872,0.0,0.0
51008,random_content,11,0.3176388248515144,0.09964615851640701,0.2,0.0
51008,random_content,12,0.32058710613983205,0.12050683051347733,0.2,0.0
51008,random_content,13,0.1834263227658466,0.17542678117752075,0.2,0.0
51008,random_content,14,0.07321775168212477,0.1498851776123047,0.2,0.0
51008,random_content,15,0.49997377904751,0.07880714535713196,0.4,0.0
51008,random_content,16,0.020803749289989765,0.16847454011440277,0.0,0.0
51008,random_content,17,0.402009849980198,0.1143759936094284,0.4,0.0
51008,random_content,18,0.18750014146574154,0.18287011981010437,0.2,0.0
51008,random_content,19,0.20683122377536245,0.18770667910575867,0.2,0.0
51008,random_content,20,0.006384597758554185,0.17093095183372498,0.0,0.0
51008,random_content,21,0.017101430263768085,0.15581509470939636,0.0,0.0
51008,random_content,22,0.0014866788781626866,0.19793273508548737,0.0,0.0
51008,random_content,23,0.01174197247825269,0.13572295010089874,0.0,0.0
51008,random_content,24,0.00018358078314450235,0.1698465347290039,0.0,0.0
51008,random_content,25,0.000164303971266102,0.14979694783687592,0.0,0.0
51008,random_content,26,0.2489693580331921,0.12451010942459106,0.2,0.0
51008,random_content,27,0.22262496905262988,0.13991640508174896,0.2,0.0
51008,no_plasticity,0,0.1133093939513209,0.10000000149011612,0.4,0.0
51008,no_plasticity,1,0.027536572463417307,0.10000000149011612,0.0,0.0
51008,no_plasticity,2,0.1126928341340249,0.10000000149011612,0.2,0.0
51008,no_plasticity,3,0.04084065532386656,0.10000000149011612,0.0,0.0
51008,no_plasticity,4,0.46418635400480585,0.10000000149011612,0.2,1.0
51008,no_plasticity,5,0.03200483230937918,0.10000000149011612,0.0,0.0
51008,no_plasticity,6,0.05051307892450576,0.10000000149011612,0.2,0.0
51008,no_plasticity,7,0.43912977201869074,0.10000000149011612,0.2,0.0
51008,no_plasticity,8,0.013289747303079505,0.10000000149011612,0.0,0.0
51008,no_plasticity,9,0.11229792135888031,0.10000000149011612,0.2,0.0
51008,no_plasticity,10,0.06812851265858455,0.10000000149011612,0.2,0.0
51008,no_plasticity,11,0.05799371259158992,0.10000000149011612,0.2,0.0
51008,no_plasticity,12,0.052564149922520016,0.10000000149011612,0.2,0.0
51008,no_plasticity,13,0.45343714998675705,0.10000000149011612,0.2,0.0
51008,no_plasticity,14,0.03554053939343772,0.10000000149011612,0.2,0.0
51008,no_plasticity,15,0.05803126004115166,0.10000000149011612,0.2,0.0
51008,no_plasticity,16,0.03304585572347592,0.10000000149011612,0.0,0.0
51008,no_plasticity,17,0.02664075690357154,0.10000000149011612,0.0,0.0
51008,no_plasticity,18,0.04132094476445894,0.10000000149011612,0.0,0.0
51008,no_plasticity,19,0.04541294788513724,0.10000000149011612,0.2,0.0
51008,no_plasticity,20,0.05827285750408405,0.10000000149011612,0.2,0.0
51008,no_plasticity,21,0.09629226194437442,0.10000000149011612,0.2,0.0
51008,no_plasticity,22,0.034884931150703555,0.10000000149011612,0.0,0.0
51008,no_plasticity,23,0.04561895971462195,0.10000000149011612,0.0,0.0
51008,no_plasticity,24,0.08957019897165217,0.10000000149011612,0.2,0.0
51008,no_plasticity,25,0.09752264196638849,0.10000000149011612,0.2,0.0
51008,no_plasticity,26,0.057159835268366266,0.10000000149011612,0.2,0.0
51008,no_plasticity,27,0.08082779310375458,0.10000000149011612,0.2,0.0
51009,aligned,0,0.8054969819519113,0.04104600474238396,0.6,1.0
51009,aligned,1,0.8585708362693284,0.02648962289094925,0.8,1.0
51009,aligned,2,0.8571699365090347,0.029731716960668564,0.8,1.0
51009,aligned,3,0.9209780643066781,0.017551852390170097,1.0,1.0
51009,aligned,4,0.8662921942482691,0.030978890135884285,0.8,1.0
51009,aligned,5,0.47693656180433947,0.09648595005273819,0.4,0.0
51009,aligned,6,0.9381023771650738,0.012935126200318336,1.0,1.0
51009,aligned,7,0.7737884794237285,0.05838930606842041,0.6,1.0
51009,aligned,8,0.7056682577030676,0.06082594767212868,0.6,1.0
51009,aligned,9,0.9839482927345032,0.0034225680865347385,1.0,1.0
51009,aligned,10,0.6746073780516376,0.07031108438968658,0.6,1.0
51009,aligned,11,0.7342263128556549,0.05918702110648155,0.8,1.0
51009,aligned,12,0.7294268347126701,0.05076930671930313,0.6,0.0
51009,aligned,13,0.8596541181643099,0.03142920136451721,0.8,1.0
51009,aligned,14,0.7873102790096776,0.04371339827775955,0.8,1.0
51009,aligned,15,0.8339676971550861,0.03674529492855072,0.8,1.0
51009,aligned,16,0.8947103754181802,0.024867935106158257,1.0,1.0
51009,aligned,17,0.6759831424744885,0.06126604974269867,0.6,1.0
51009,aligned,18,0.9052086241130185,0.02137686312198639,0.8,1.0
51009,aligned,19,0.6619065809788408,0.0563201941549778,0.6,1.0
51009,aligned,20,0.8702808746363943,0.024265803396701813,0.8,1.0
51009,aligned,21,0.8742453336117217,0.02550826221704483,0.8,1.0
51009,aligned,22,0.766151369638123,0.04772556945681572,0.8,1.0
51009,aligned,23,0.7008120311571784,0.05701799318194389,0.6,1.0
51009,aligned,24,0.6614119988122612,0.07393990457057953,0.6,0.0
51009,aligned,25,0.7844381392751939,0.0525309182703495,0.8,1.0
51009,aligned,26,0.7863882911140443,0.0435267873108387,0.8,1.0
51009,aligned,27,0.924263187196077,0.016130663454532623,1.0,1.0
51009,fixed_permutation,0,0.0009686372237381623,0.17327187955379486,0.0,0.0
51009,fixed_permutation,1,0.16975704728452976,0.20080484449863434,0.2,0.0
51009,fixed_permutation,2,0.0011445882425561774,0.23253566026687622,0.0,0.0
51009,fixed_permutation,3,0.22119292619882447,0.14620059728622437,0.2,0.0
51009,fixed_permutation,4,0.005042846320738042,0.26555773615837097,0.0,0.0
51009,fixed_permutation,5,0.08866606748048872,0.18280212581157684,0.0,0.0
51009,fixed_permutation,6,0.14447342014519263,0.27518364787101746,0.0,0.0
51009,fixed_permutation,7,0.0907988963584917,0.2009747475385666,0.0,0.0
51009,fixed_permutation,8,0.22703823546906574,0.29238182306289673,0.2,0.0
51009,fixed_permutation,9,0.0508289722769032,0.1604449450969696,0.0,0.0
51009,fixed_permutation,10,0.17479888807171332,0.1420147567987442,0.2,0.0
51009,fixed_permutation,11,0.002278908239224096,0.17549148201942444,0.0,0.0
51009,fixed_permutation,12,0.24319306303576546,0.17132993042469025,0.2,0.0
51009,fixed_permutation,13,0.1425883118260995,0.1854812651872635,0.0,0.0
51009,fixed_permutation,14,0.2672263187861056,0.194328173995018,0.0,0.0
51009,fixed_permutation,15,0.25090527007763835,0.26215311884880066,0.2,0.0
51009,fixed_permutation,16,0.15475278809793275,0.2432892620563507,0.2,0.0
51009,fixed_permutation,17,0.29816785096010306,0.17627301812171936,0.0,0.0
51009,fixed_permutation,18,0.002223703365029332,0.19994540512561798,0.0,0.0
51009,fixed_permutation,19,0.254434417139777,0.11883450299501419,0.2,0.0
51009,fixed_permutation,20,0.0036225402418061346,0.16747938096523285,0.0,0.0
51009,fixed_permutation,21,0.0009958357554566523,0.208513081073761,0.0,0.0
51009,fixed_permutation,22,0.39913481327410044,0.13492928445339203,0.4,0.0
51009,fixed_permutation,23,0.05489403046873086,0.16600604355335236,0.0,0.0
51009,fixed_permutation,24,0.2367576194701613,0.23568195104599,0.0,0.0
51009,fixed_permutation,25,0.01178947010909691,0.22036191821098328,0.0,0.0
51009,fixed_permutation,26,0.007981451288284485,0.18092046678066254,0.0,0.0
51009,fixed_permutation,27,0.19529623510517397,0.14228303730487823,0.2,0.0
51009,matched_decoder,0,0.8054969298698784,0.041046012192964554,0.6,1.0
51009,matched_decoder,1,0.8585708609280679,0.0264896173030138,0.8,1.0
51009,matched_decoder,2,0.8571698718847335,0.029731733724474907,0.8,1.0
51009,matched_decoder,3,0.9209780849465804,0.01755184680223465,1.0,1.0
51009,matched_decoder,4,0.8662922316825802,0.03097888082265854,0.8,1.0
51009,matched_decoder,5,0.4769365572099792,0.09648595750331879,0.4,0.0
51009,matched_decoder,6,0.9381024005903347,0.01293511874973774,1.0,1.0
51009,matched_decoder,7,0.7737885007293164,0.058389294892549515,0.6,1.0
51009,matched_decoder,8,0.7056683030754162,0.06082594022154808,0.6,1.0
51009,matched_decoder,9,0.9839483046208857,0.0034225655253976583,1.0,1.0
51009,matched_decoder,10,0.6746073413594497,0.07031109184026718,0.6,1.0
51009,matched_decoder,11,0.7342263225712613,0.059187017381191254,0.8,1.0
51009,matched_decoder,12,0.7294269139836512,0.05076928436756134,0.6,0.0
51009,matched_decoder,13,0.8596541155317202,0.03142920881509781,0.8,1.0
51009,matched_decoder,14,0.787310230134136,0.04371340572834015,0.8,1.0
51009,matched_decoder,15,0.8339677245202228,0.03674529120326042,0.8,1.0
51009,matched_decoder,16,0.8947103460713464,0.024867944419384003,1.0,1.0
51009,matched_decoder,17,0.6759831396865735,0.06126604601740837,0.6,1.0
51009,matched_decoder,18,0.90520862471526,0.02137686312198639,0.8,1.0
51009,matched_decoder,19,0.6619065313009382,0.05632020905613899,0.6,1.0
51009,matched_decoder,20,0.8702808761497042,0.024265801534056664,0.8,1.0
51009,matched_decoder,21,0.8742453584307838,0.02550826035439968,0.8,1.0
51009,matched_decoder,22,0.7661513787664956,0.04772556945681572,0.8,1.0
51009,matched_decoder,23,0.700811920806366,0.057018011808395386,0.6,1.0
51009,matched_decoder,24,0.6614119976009281,0.07393991202116013,0.6,0.0
51009,matched_decoder,25,0.7844381686813338,0.05253090709447861,0.8,1.0
51009,matched_decoder,26,0.7863882933360107,0.0435267873108387,0.8,1.0
51009,matched_decoder,27,0.9242632161921515,0.016130654141306877,1.0,1.0
51009,random_content,0,0.22199349892460193,0.1399504691362381,0.2,0.0
51009,random_content,1,0.4998448738259997,0.08972980827093124,0.4,0.0
51009,random_content,2,0.3407105463963821,0.1218874454498291,0.4,0.0
51009,random_content,3,2.267170292099473e-05,0.17805761098861694,0.0,0.0
51009,random_content,4,0.38033899674881394,0.12724751234054565,0.4,0.0
51009,random_content,5,0.05077512147796653,0.17881537973880768,0.0,0.0
51009,random_content,6,0.16938190466690592,0.1542186141014099,0.2,0.0
51009,random_content,7,0.2014728081064856,0.1587403565645218,0.2,0.0
51009,random_content,8,0.3924552401307903,0.12144980579614639,0.4,0.0
51009,random_content,9,0.7777299162751543,0.03963305056095123,0.6,1.0
51009,random_content,10,0.058636235053098375,0.11924546957015991,0.0,0.0
51009,random_content,11,0.5148521724881171,0.07358521223068237,0.4,0.0
51009,random_content,12,0.006694638879462196,0.2009342908859253,0.0,0.0
51009,random_content,13,0.20971221129502152,0.1548370122909546,0.2,0.0
51009,random_content,14,0.17276154077775893,0.1941017210483551,0.2,0.0
51009,random_content,15,0.45930528728182834,0.08872008323669434,0.4,0.0
51009,random_content,16,0.0005248756462002005,0.21428599953651428,0.0,0.0
51009,random_content,17,0.25081247792165473,0.1235903799533844,0.2,0.0
51009,random_content,18,0.00402915816368316,0.19209705293178558,0.0,0.0
51009,random_content,19,0.011478390619282885,0.1922338306903839,0.0,0.0
51009,random_content,20,0.0011771539036991335,0.2076299637556076,0.0,0.0
51009,random_content,21,0.36070727872021996,0.11114893853664398,0.2,0.0
51009,random_content,22,0.16939984968309904,0.15073706209659576,0.2,0.0
51009,random_content,23,0.04413853786513712,0.12023244053125381,0.2,0.0
51009,random_content,24,0.2750977051879486,0.13241466879844666,0.2,0.0
51009,random_content,25,0.3145292589613215,0.12106414884328842,0.2,0.0
51009,random_content,26,0.12657786796697418,0.18865817785263062,0.0,0.0
51009,random_content,27,0.1606203237096244,0.15165460109710693,0.2,0.0
51009,no_plasticity,0,0.3778910716175823,0.10000000149011612,0.4,0.0
51009,no_plasticity,1,0.38226399190285787,0.10000000149011612,0.4,0.0
51009,no_plasticity,2,0.17327060365500294,0.10000000149011612,0.0,0.0
51009,no_plasticity,3,0.22245826394105628,0.10000000149011612,0.0,0.0
51009,no_plasticity,4,0.22665391271830354,0.10000000149011612,0.2,0.0
51009,no_plasticity,5,0.19679809775472792,0.10000000149011612,0.2,0.0
51009,no_plasticity,6,0.27219245318408986,0.10000000149011612,0.2,0.0
51009,no_plasticity,7,0.17218129626082965,0.10000000149011612,0.0,0.0
51009,no_plasticity,8,0.2664335944306771,0.10000000149011612,0.2,0.0
51009,no_plasticity,9,0.1678854694753339,0.10000000149011612,0.0,0.0
51009,no_plasticity,10,0.19655423793239976,0.10000000149011612,0.0,0.0
51009,no_plasticity,11,0.12265805393979115,0.10000000149011612,0.0,0.0
51009,no_plasticity,12,0.40242060009055725,0.10000000149011612,0.2,0.0
51009,no_plasticity,13,0.16662088257723456,0.10000000149011612,0.0,0.0
51009,no_plasticity,14,0.2447934476437049,0.10000000149011612,0.2,0.0
51009,no_plasticity,15,0.36276082830967477,0.10000000149011612,0.4,0.0
51009,no_plasticity,16,0.2348672816975181,0.10000000149011612,0.0,0.0
51009,no_plasticity,17,0.2722876160332886,0.10000000149011612,0.0,0.0
51009,no_plasticity,18,0.17964760523991918,0.10000000149011612,0.0,0.0
51009,no_plasticity,19,0.09694112352709337,0.10000000149011612,0.0,0.0
51009,no_plasticity,20,0.23373978513863494,0.10000000149011612,0.0,0.0
51009,no_plasticity,21,0.13422461930378451,0.10000000149011612,0.0,0.0
51009,no_plasticity,22,0.2888244050451455,0.10000000149011612,0.2,0.0
51009,no_plasticity,23,0.10796049085170596,0.10000000149011612,0.0,0.0
51009,no_plasticity,24,0.45407645711241296,0.10000000149011612,0.4,1.0
51009,no_plasticity,25,0.10846361230337742,0.10000000149011612,0.0,0.0
51009,no_plasticity,26,0.16153305303719456,0.10000000149011612,0.0,0.0
51009,no_plasticity,27,0.27524380607221505,0.10000000149011612,0.2,0.0
51010,aligned,0,0.7212760519542616,0.05037824064493179,0.8,1.0
51010,aligned,1,0.7180793330507114,0.06425536423921585,0.8,0.0
51010,aligned,2,0.8651900057573316,0.032952602952718735,0.8,1.0
51010,aligned,3,0.8168705529527235,0.04928590729832649,0.8,1.0
51010,aligned,4,0.6025195467142079,0.08014999330043793,0.6,1.0
51010,aligned,5,0.6231530097507273,0.07596053928136826,0.6,0.0
51010,aligned,6,0.8719222871057647,0.02422364242374897,0.8,1.0
51010,aligned,7,0.8117346014268634,0.03599628061056137,0.8,1.0
51010,aligned,8,0.6758074703839811,0.05777723342180252,0.6,1.0
51010,aligned,9,0.9053022426661309,0.021716594696044922,1.0,1.0
51010,aligned,10,0.6067208802664068,0.07448221743106842,0.6,0.0
51010,aligned,11,0.803931663660516,0.051299430429935455,0.8,1.0
51010,aligned,12,0.603710782835145,0.09593895822763443,0.6,0.0
51010,aligned,13,0.8593686168041808,0.0283972080796957,0.8,1.0
51010,aligned,14,0.6366314138135132,0.06920839846134186,0.6,0.0
51010,aligned,15,0.8892832376850094,0.020918412134051323,0.8,1.0
51010,aligned,16,0.7876816868238952,0.04673007130622864,0.6,1.0
51010,aligned,17,0.9598850380400668,0.007869139313697815,1.0,1.0
51010,aligned,18,0.6467383521276333,0.06623192131519318,0.6,0.0
51010,aligned,19,0.7857679118436109,0.042442478239536285,0.8,1.0
51010,aligned,20,0.7958324818082557,0.03877073898911476,0.8,1.0
51010,aligned,21,0.7006762317199945,0.07433822751045227,0.8,1.0
51010,aligned,22,0.8738538103802254,0.025729402899742126,0.8,1.0
51010,aligned,23,0.7424308915706566,0.0572504960000515,0.8,1.0
51010,aligned,24,0.7428650453441833,0.06673020124435425,0.6,1.0
51010,aligned,25,0.6499404381289784,0.06384391337633133,0.6,1.0
51010,aligned,26,0.9406390285733579,0.01152765192091465,1.0,1.0
51010,aligned,27,0.9549381691308703,0.008818860165774822,1.0,1.0
51010,fixed_permutation,0,0.05579102587495946,0.1866055727005005,0.0,0.0
51010,fixed_permutation,1,0.20708217051377506,0.20626753568649292,0.0,0.0
51010,fixed_permutation,2,0.00021541739233156966,0.20821842551231384,0.0,0.0
51010,fixed_permutation,3,0.20317104877321418,0.19309177994728088,0.2,0.0
51010,fixed_permutation,4,0.27370034397711795,0.15099141001701355,0.2,0.0
51010,fixed_permutation,5,0.12361883342760978,0.21669577062129974,0.0,0.0
51010,fixed_permutation,6,0.11943189211054124,0.15696702897548676,0.2,0.0
51010,fixed_permutation,7,0.13248654925092918,0.12707696855068207,0.2,0.0
51010,fixed_permutation,8,0.005342177758789311,0.1791725605726242,0.0,0.0
51010,fixed_permutation,9,0.15121443542575885,0.21490998566150665,0.0,0.0
51010,fixed_permutation,10,0.0030800604565594464,0.2395567148923874,0.0,0.0
51010,fixed_permutation,11,0.1488489146753889,0.23564136028289795,0.0,0.0
51010,fixed_permutation,12,0.12153401513098766,0.16432981193065643,0.2,0.0
51010,fixed_permutation,13,0.011604307100194628,0.2608858346939087,0.0,0.0
51010,fixed_permutation,14,0.15459994528459928,0.16691714525222778,0.2,0.0
51010,fixed_permutation,15,0.2459887477820657,0.13841202855110168,0.2,0.0
51010,fixed_permutation,16,0.0028007468399769125,0.20741800963878632,0.0,0.0
51010,fixed_permutation,17,0.25248252254173725,0.1232777014374733,0.2,0.0
51010,fixed_permutation,18,0.2591650440678995,0.14586952328681946,0.2,0.0
51010,fixed_permutation,19,0.0441066624315903,0.21914610266685486,0.0,0.0
51010,fixed_permutation,20,0.19116884234201587,0.17396558821201324,0.2,0.0
51010,fixed_permutation,21,0.2854408109605595,0.19741679728031158,0.2,0.0
51010,fixed_permutation,22,0.17702956115392202,0.13388760387897491,0.2,0.0
51010,fixed_permutation,23,0.0009299326789023781,0.24600446224212646,0.0,0.0
51010,fixed_permutation,24,0.25837271235695125,0.17808105051517487,0.0,0.0
51010,fixed_permutation,25,0.24295799277184438,0.13111457228660583,0.2,0.0
51010,fixed_permutation,26,0.10291057956059961,0.156743124127388,0.0,0.0
51010,fixed_permutation,27,0.018138158058585204,0.18509863317012787,0.0,0.0
51010,matched_decoder,0,0.7212760093565453,0.05037824809551239,0.8,1.0
51010,matched_decoder,1,0.7180793432147998,0.06425536423921585,0.8,0.0
51010,matched_decoder,2,0.8651899847849456,0.03295261040329933,0.8,1.0
51010,matched_decoder,3,0.8168705559685427,0.04928590729832649,0.8,1.0
51010,matched_decoder,4,0.6025194926276394,0.08015000075101852,0.6,1.0
51010,matched_decoder,5,0.6231530496937266,0.07596053183078766,0.6,0.0
51010,matched_decoder,6,0.8719222677605513,0.024223648011684418,0.8,1.0
51010,matched_decoder,7,0.8117345891058,0.03599628433585167,0.8,1.0
51010,matched_decoder,8,0.6758075279154858,0.057777222245931625,0.6,1.0
51010,matched_decoder,9,0.905302219989057,0.02171660214662552,1.0,1.0
51010,matched_decoder,10,0.6067209264485505,0.07448220998048782,0.6,0.0
51010,matched_decoder,11,0.8039317179107897,0.05129941925406456,0.8,1.0
51010,matched_decoder,12,0.6037108373526642,0.09593895077705383,0.6,0.0
51010,matched_decoder,13,0.8593685989055757,0.028397211804986,0.8,1.0
51010,matched_decoder,14,0.636631374199609,0.06920839846134186,0.6,0.0
51010,matched_decoder,15,0.8892832284001062,0.020918413996696472,0.8,1.0
51010,matched_decoder,16,0.7876817129873938,0.04673006385564804,0.6,1.0
51010,matched_decoder,17,0.9598850266869573,0.007869141176342964,1.0,1.0
51010,matched_decoder,18,0.6467383129763048,0.06623193621635437,0.6,0.0
51010,matched_decoder,19,0.7857679170772658,0.04244247451424599,0.8,1.0
51010,matched_decoder,20,0.7958324649232867,0.03877074643969536,0.8,1.0
51010,matched_decoder,21,0.7006762316709821,0.07433822005987167,0.8,1.0
51010,matched_decoder,22,0.8738538145196644,0.025729402899742126,0.8,1.0
51010,matched_decoder,23,0.7424308673347426,0.057250503450632095,0.8,1.0
51010,matched_decoder,24,0.7428650403598306,0.06673020124435425,0.6,1.0
51010,matched_decoder,25,0.6499404238169688,0.06384392082691193,0.6,1.0
51010,matched_decoder,26,0.9406390739842102,0.01152764167636633,1.0,1.0
51010,matched_decoder,27,0.9549381648674562,0.008818861097097397,1.0,1.0
51010,random_content,0,0.12828330130375515,0.1649278700351715,0.0,0.0
51010,random_content,1,0.5937161722106995,0.106658935546875,0.6,0.0
51010,random_content,2,0.08491100327616226,0.1700640171766281,0.0,0.0
51010,random_content,3,0.4721249561729377,0.13237695395946503,0.2,0.0
51010,random_content,4,0.004165061240788708,0.16438539326190948,0.0,0.0
51010,random_content,5,0.3089124663483259,0.17169636487960815,0.2,0.0
51010,random_content,6,0.12374296471823926,0.13537704944610596,0.2,0.0
51010,random_content,7,0.23409968172495382,0.11442425101995468,0.2,0.0
51010,random_content,8,0.25881068612010455,0.1440630853176117,0.2,0.0
51010,random_content,9,0.03769394330548671,0.20706069469451904,0.0,0.0
51010,random_content,10,0.17679878361976853,0.18523567914962769,0.2,0.0
51010,random_content,11,0.24796045821022572,0.1534886360168457,0.2,0.0
51010,random_content,12,0.13467487098838643,0.1325746476650238,0.2,0.0
51010,random_content,13,0.18863231888800897,0.18826459348201752,0.2,0.0
51010,random_content,14,0.0013730500503562298,0.13743793964385986,0.0,0.0
51010,random_content,15,0.07432925043024834,0.15110266208648682,0.2,0.0
51010,random_content,16,0.19590114420638824,0.1896209716796875,0.2,0.0
51010,random_content,17,0.20808855284080913,0.14938265085220337,0.2,0.0
51010,random_content,18,0.1609866773565388,0.2163342982530594,0.2,0.0
51010,random_content,19,0.44291088319176497,0.10135349631309509,0.4,0.0
51010,random_content,20,0.2676801144376802,0.14089767634868622,0.2,0.0
51010,random_content,21,0.39677297404570655,0.13273750245571136,0.4,0.0
51010,random_content,22,0.2101303358350695,0.1584419310092926,0.2,0.0
51010,random_content,23,0.32985948546696686,0.13698025047779083,0.2,0.0
51010,random_content,24,0.39501920624911446,0.1491258293390274,0.4,0.0
51010,random_content,25,0.3161323866127787,0.10811517387628555,0.4,0.0
51010,random_content,26,0.346456304458565,0.13697750866413116,0.2,0.0
51010,random_content,27,0.011338427466151692,0.20458008348941803,0.0,0.0
51010,no_plasticity,0,0.3395977969600568,0.10000000149011612,0.2,0.0
51010,no_plasticity,1,0.3465638900588354,0.10000000149011612,0.4,0.0
51010,no_plasticity,2,0.44254767291498304,0.10000000149011612,0.2,0.0
51010,no_plasticity,3,0.07288307683267352,0.10000000149011612,0.0,0.0
51010,no_plasticity,4,0.568883777182487,0.10000000149011612,0.4,1.0
51010,no_plasticity,5,0.20614299572440417,0.10000000149011612,0.0,0.0
51010,no_plasticity,6,0.218944009458447,0.10000000149011612,0.2,0.0
51010,no_plasticity,7,0.10429464018887465,0.10000000149011612,0.0,0.0
51010,no_plasticity,8,0.21027802989074948,0.10000000149011612,0.0,0.0
51010,no_plasticity,9,0.30424957657390966,0.10000000149011612,0.2,0.0
51010,no_plasticity,10,0.20132310972258347,0.10000000149011612,0.0,0.0
51010,no_plasticity,11,0.34270276488346285,0.10000000149011612,0.2,0.0
51010,no_plasticity,12,0.2365929461486958,0.10000000149011612,0.2,0.0
51010,no_plasticity,13,0.17918849565718795,0.10000000149011612,0.0,0.0
51010,no_plasticity,14,0.1295477645066069,0.10000000149011612,0.2,0.0
51010,no_plasticity,15,0.2952076916915727,0.10000000149011612,0.2,0.0
51010,no_plasticity,16,0.12027054148711958,0.10000000149011612,0.0,0.0
51010,no_plasticity,17,0.3065437291745875,0.10000000149011612,0.0,0.0
51010,no_plasticity,18,0.09740807859006965,0.10000000149011612,0.0,0.0
51010,no_plasticity,19,0.19472309718636438,0.10000000149011612,0.0,0.0
51010,no_plasticity,20,0.14665099695115252,0.10000000149011612,0.0,0.0
51010,no_plasticity,21,0.14190745603798358,0.10000000149011612,0.0,0.0
51010,no_plasticity,22,0.08131406200800126,0.10000000149011612,0.0,0.0
51010,no_plasticity,23,0.1783633085442662,0.10000000149011612,0.0,0.0
51010,no_plasticity,24,0.11591717191115886,0.10000000149011612,0.0,0.0
51010,no_plasticity,25,0.2229100137717631,0.10000000149011612,0.2,0.0
51010,no_plasticity,26,0.10376746796970648,0.10000000149011612,0.0,0.0
51010,no_plasticity,27,0.1548968333779445,0.10000000149011612,0.0,0.0
51011,aligned,0,0.7925547831475109,0.058083631098270416,0.8,1.0
51011,aligned,1,0.9315385937107303,0.014429803006350994,1.0,1.0
51011,aligned,2,0.8173234346626173,0.03584497794508934,0.8,1.0
51011,aligned,3,0.779469326584291,0.059199534356594086,0.8,1.0
51011,aligned,4,0.6201561681101762,0.06416469812393188,0.8,1.0
51011,aligned,5,0.76788590322625,0.04269828274846077,0.8,1.0
51011,aligned,6,0.8447972183022212,0.039395131170749664,0.8,1.0
51011,aligned,7,0.7941149808125141,0.041995272040367126,0.8,1.0
51011,aligned,8,0.8018960275777984,0.04006664454936981,0.6,1.0
51011,aligned,9,0.8763319602266652,0.03008478693664074,1.0,1.0
51011,aligned,10,0.672928821466632,0.09053871035575867,0.8,1.0
51011,aligned,11,0.7246207159826015,0.06242217496037483,0.8,1.0
51011,aligned,12,0.8576492476037464,0.03293715789914131,0.8,1.0
51011,aligned,13,0.7786830851169572,0.04344655200839043,0.8,1.0
51011,aligned,14,0.701986568844596,0.07145173847675323,0.6,1.0
51011,aligned,15,0.7914540668276575,0.05093597248196602,0.8,1.0
51011,aligned,16,0.8633247805893531,0.025472810491919518,0.8,1.0
51011,aligned,17,0.8623804532198008,0.027750778943300247,0.8,1.0
51011,aligned,18,0.9051512086651844,0.02196524105966091,1.0,1.0
51011,aligned,19,0.7838430228247346,0.046484705060720444,0.8,1.0
51011,aligned,20,0.6431045200589959,0.06877191364765167,0.6,1.0
51011,aligned,21,0.7263187420047904,0.04873821139335632,0.6,1.0
51011,aligned,22,0.680889292142775,0.06397538632154465,0.6,1.0
51011,aligned,23,0.8233430479141869,0.04541309177875519,0.8,1.0
51011,aligned,24,0.6536513167322269,0.07539358735084534,0.6,1.0
51011,aligned,25,0.7620402936586852,0.042728424072265625,0.6,1.0
51011,aligned,26,0.7894676229392612,0.05198333412408829,0.8,1.0
51011,aligned,27,0.7001811053020995,0.06758547574281693,0.6,1.0
51011,fixed_permutation,0,0.020244758510321842,0.21312902867794037,0.0,0.0
51011,fixed_permutation,1,0.019519119319928654,0.23673658072948456,0.0,0.0
51011,fixed_permutation,2,0.14834953995544609,0.23888085782527924,0.2,0.0
51011,fixed_permutation,3,0.1713779190709042,0.1877197027206421,0.0,0.0
51011,fixed_permutation,4,0.00037439934553732367,0.18950402736663818,0.0,0.0
51011,fixed_permutation,5,0.13065121798771603,0.17061515152454376,0.0,0.0
51011,fixed_permutation,6,0.19300601918658708,0.195415198802948,0.2,0.0
51011,fixed_permutation,7,0.10003431466076282,0.16576598584651947,0.0,0.0
51011,fixed_permutation,8,0.08477750545576217,0.12566310167312622,0.0,0.0
51011,fixed_permutation,9,0.07669544721871863,0.2043350785970688,0.0,0.0
51011,fixed_permutation,10,0.019619439490939642,0.24386540055274963,0.0,0.0
51011,fixed_permutation,11,0.11355943895499152,0.1958443820476532,0.0,0.0
51011,fixed_permutation,12,0.016330523529725714,0.20018796622753143,0.0,0.0
51011,fixed_permutation,13,0.11940240595204507,0.24889273941516876,0.0,0.0
51011,fixed_permutation,14,0.15946720669170156,0.179718017578125,0.0,0.0
51011,fixed_permutation,15,0.2748081705735235,0.19364520907402039,0.2,0.0
51011,fixed_permutation,16,0.03767724994123433,0.20274551212787628,0.0,0.0
51011,fixed_permutation,17,0.03127121489880856,0.18568283319473267,0.0,0.0
51011,fixed_permutation,18,0.1226973483026209,0.24974074959754944,0.0,0.0
51011,fixed_permutation,19,0.17708227482542618,0.2938138246536255,0.2,0.0
51011,fixed_permutation,20,0.013339085354335435,0.20656993985176086,0.0,0.0
51011,fixed_permutation,21,0.049702550309986014,0.14559051394462585,0.0,0.0
51011,fixed_permutation,22,0.13097503726430282,0.17621733248233795,0.0,0.0
51011,fixed_permutation,23,0.10735007898370727,0.2335464358329773,0.0,0.0
51011,fixed_permutation,24,0.1960997298430352,0.15862074494361877,0.2,0.0
51011,fixed_permutation,25,0.005793035316798069,0.1572195142507553,0.0,0.0
51011,fixed_permutation,26,0.2157645496867065,0.22600217163562775,0.2,0.0
51011,fixed_permutation,27,0.39093760244916637,0.1409103274345398,0.4,1.0
51011,matched_decoder,0,0.792554799019345,0.05808362364768982,0.8,1.0
51011,matched_decoder,1,0.9315386095260053,0.01442980021238327,1.0,1.0
51011,matched_decoder,2,0.8173234358502697,0.03584497794508934,0.8,1.0
51011,matched_decoder,3,0.7794693156875507,0.059199534356594086,0.8,1.0
51011,matched_decoder,4,0.6201560965357849,0.06416470557451248,0.8,1.0
51011,matched_decoder,5,0.7678858914107737,0.04269828274846077,0.8,1.0
51011,matched_decoder,6,0.8447972061842446,0.03939513862133026,0.8,1.0
51011,matched_decoder,7,0.7941149732422967,0.041995272040367126,0.8,1.0
51011,matched_decoder,8,0.80189608204463,0.04006663337349892,0.6,1.0
51011,matched_decoder,9,0.8763319794416283,0.030084781348705292,1.0,1.0
51011,matched_decoder,10,0.6729288519425008,0.09053870290517807,0.8,1.0
51011,matched_decoder,11,0.7246207172388524,0.06242217868566513,0.8,1.0
51011,matched_decoder,12,0.8576492681164848,0.03293715417385101,0.8,1.0
51011,matched_decoder,13,0.7786830461836399,0.043446559458971024,0.8,1.0
51011,matched_decoder,14,0.7019865851711345,0.07145173847675323,0.6,1.0
51011,matched_decoder,15,0.7914540610472138,0.05093597248196602,0.8,1.0
51011,matched_decoder,16,0.863324839788879,0.02547280117869377,0.8,1.0
51011,matched_decoder,17,0.8623804280693045,0.027750784531235695,0.8,1.0
51011,matched_decoder,18,0.9051512232263165,0.021965239197015762,1.0,1.0
51011,matched_decoder,19,0.7838429948786092,0.04648471251130104,0.8,1.0
51011,matched_decoder,20,0.6431045356619858,0.06877191364765167,0.6,1.0
51011,matched_decoder,21,0.7263187704984333,0.048738207668066025,0.6,1.0
51011,matched_decoder,22,0.6808892761441547,0.06397539377212524,0.6,1.0
51011,matched_decoder,23,0.8233430592793717,0.04541309177875519,0.8,1.0
51011,matched_decoder,24,0.6536513153251577,0.07539357990026474,0.6,1.0
51011,matched_decoder,25,0.7620402542387192,0.04272842779755592,0.6,1.0
51011,matched_decoder,26,0.7894676252037527,0.05198332667350769,0.8,1.0
51011,matched_decoder,27,0.700181100189724,0.06758546829223633,0.6,1.0
51011,random_content,0,0.49701378364819904,0.09251813590526581,0.4,0.0
51011,random_content,1,0.03412770444243084,0.17285127937793732,0.0,0.0
51011,random_content,2,0.17853184301257813,0.2053484320640564,0.2,0.0
51011,random_content,3,0.02695696933828011,0.16381698846817017,0.0,0.0
51011,random_content,4,0.4290183642516197,0.08175306022167206,0.4,0.0
51011,random_content,5,0.2792104369094647,0.14814667403697968,0.2,0.0
51011,random_content,6,0.5237625617393615,0.11348956823348999,0.6,0.0
51011,random_content,7,0.5015671469228805,0.10264509916305542,0.4,0.0
51011,random_content,8,0.0005316221912238708,0.16717460751533508,0.0,0.0
51011,random_content,9,0.012038919334658667,0.17293806374073029,0.0,0.0
51011,random_content,10,0.2850126216675158,0.15637211501598358,0.2,0.0
51011,random_content,11,0.18406911128712106,0.1802719533443451,0.2,0.0
51011,random_content,12,0.16920864782451434,0.19607919454574585,0.2,0.0
51011,random_content,13,0.03394572308366659,0.19531460106372833,0.0,0.0
51011,random_content,14,0.18785060749336502,0.1602107435464859,0.2,0.0
51011,random_content,15,0.3426883454869226,0.14884637296199799,0.2,0.0
51011,random_content,16,0.08487961377087361,0.13232335448265076,0.2,0.0
51011,random_content,17,0.1152964676582187,0.179463729262352,0.0,0.0
51011,random_content,18,0.024264507517173014,0.1930081695318222,0.0,0.0
51011,random_content,19,0.16081033832678437,0.2078426033258438,0.0,0.0
51011,random_content,20,0.246146757590849,0.10489480942487717,0.2,0.0
51011,random_content,21,0.2129690832569564,0.12058388441801071,0.2,0.0
51011,random_content,22,0.10346106490730896,0.15598420798778534,0.0,0.0
51011,random_content,23,0.27590466659147606,0.17705392837524414,0.2,0.0
51011,random_content,24,0.012783354790022126,0.12701144814491272,0.0,0.0
51011,random_content,25,0.2072392601178891,0.1521041840314865,0.2,0.0
51011,random_content,26,0.13735104331808276,0.2016255259513855,0.0,0.0
51011,random_content,27,9.107544887207536e-05,0.18792998790740967,0.0,0.0
51011,no_plasticity,0,0.25640318261036554,0.10000000149011612,0.2,0.0
51011,no_plasticity,1,0.1181313970354789,0.10000000149011612,0.0,0.0
51011,no_plasticity,2,0.10811732361976843,0.10000000149011612,0.0,0.0
51011,no_plasticity,3,0.0788723210251277,0.10000000149011612,0.0,0.0
51011,no_plasticity,4,0.12808953239167106,0.10000000149011612,0.0,0.0
51011,no_plasticity,5,0.13188572749000904,0.10000000149011612,0.0,0.0
51011,no_plasticity,6,0.2039788393409808,0.10000000149011612,0.0,0.0
51011,no_plasticity,7,0.19636429731327384,0.10000000149011612,0.0,0.0
51011,no_plasticity,8,0.2558829109555436,0.10000000149011612,0.2,0.0
51011,no_plasticity,9,0.22279483708880818,0.10000000149011612,0.0,0.0
51011,no_plasticity,10,0.24118120269032592,0.10000000149011612,0.0,0.0
51011,no_plasticity,11,0.06700844961407529,0.10000000149011612,0.0,0.0
51011,no_plasticity,12,0.3205902618506108,0.10000000149011612,0.4,0.0
51011,no_plasticity,13,0.251064513040033,0.10000000149011612,0.2,0.0
51011,no_plasticity,14,0.33247191430772877,0.10000000149011612,0.2,1.0
51011,no_plasticity,15,0.18686337280851079,0.10000000149011612,0.0,0.0
51011,no_plasticity,16,0.26428870593060855,0.10000000149011612,0.2,0.0
51011,no_plasticity,17,0.20184236837852393,0.10000000149011612,0.0,0.0
51011,no_plasticity,18,0.21853044599669758,0.10000000149011612,0.0,0.0
51011,no_plasticity,19,0.16533301371860656,0.10000000149011612,0.0,0.0
51011,no_plasticity,20,0.3200325310010959,0.10000000149011612,0.2,0.0
51011,no_plasticity,21,0.23985823045649107,0.10000000149011612,0.2,0.0
51011,no_plasticity,22,0.07369458094211906,0.10000000149011612,0.0,0.0
51011,no_plasticity,23,0.1770093942208076,0.10000000149011612,0.0,0.0
51011,no_plasticity,24,0.15774627460575397,0.10000000149011612,0.0,0.0
51011,no_plasticity,25,0.1693972050337191,0.10000000149011612,0.0,0.0
51011,no_plasticity,26,0.22953840281537755,0.10000000149011612,0.2,0.0
51011,no_plasticity,27,0.24175953944701925,0.10000000149011612,0.0,0.0
51012,aligned,0,0.7457603661226274,0.07805837690830231,0.8,1.0
51012,aligned,1,0.9118499532222726,0.0169229693710804,0.8,1.0
51012,aligned,2,0.6111982169892229,0.10622099041938782,0.6,0.0
51012,aligned,3,0.6341086274428299,0.06304068863391876,0.6,1.0
51012,aligned,4,0.9356594723241748,0.012455719523131847,0.8,1.0
51012,aligned,5,0.7412334302686456,0.06200363114476204,0.6,1.0
51012,aligned,6,0.8082532387035216,0.034705616533756256,0.8,1.0
51012,aligned,7,0.8989987010167559,0.023667985573410988,1.0,1.0
51012,aligned,8,0.776403778204559,0.05057425796985626,0.8,1.0
51012,aligned,9,0.6967964811614534,0.07326987385749817,0.6,1.0
51012,aligned,10,0.8634411243521047,0.032388053834438324,1.0,1.0
51012,aligned,11,0.682231990141826,0.07865548878908157,0.8,1.0
51012,aligned,12,0.6701928729687748,0.07395794242620468,0.6,0.0
51012,aligned,13,0.8434555837855698,0.039063915610313416,0.8,1.0
51012,aligned,14,0.8183070315539067,0.045691560953855515,0.8,1.0
51012,aligned,15,0.6147498745961859,0.07967287302017212,0.6,0.0
51012,aligned,16,0.8145860312755798,0.036915410310029984,0.8,1.0
51012,aligned,17,0.8369456410172655,0.030533406883478165,0.8,1.0
51012,aligned,18,0.8044635202304962,0.03907359018921852,0.8,1.0
51012,aligned,19,0.9050633501571796,0.018096810206770897,0.8,1.0
51012,aligned,20,0.7813624298166031,0.04988395795226097,0.8,1.0
51012,aligned,21,0.72908739022101,0.05894118919968605,0.6,1.0
51012,aligned,22,0.7279983601051752,0.05551637336611748,0.6,1.0
51012,aligned,23,0.9457181212875535,0.010609608143568039,1.0,1.0
51012,aligned,24,0.7241457379238253,0.06153556704521179,0.8,1.0
51012,aligned,25,0.9208405165300263,0.015342221595346928,1.0,1.0
51012,aligned,26,0.9087176971779171,0.020608296617865562,0.8,1.0
51012,aligned,27,0.9843097019632605,0.0032078612130135298,1.0,1.0
51012,fixed_permutation,0,0.22466504489699463,0.20641908049583435,0.2,0.0
51012,fixed_permutation,1,0.017507300394726633,0.2711315155029297,0.0,0.0
51012,fixed_permutation,2,0.1506113794599046,0.234011709690094,0.0,0.0
51012,fixed_permutation,3,0.0002780132723731865,0.17557933926582336,0.0,0.0
51012,fixed_permutation,4,0.12950350446999567,0.2039840668439865,0.0,0.0
51012,fixed_permutation,5,0.17607417660729996,0.19258664548397064,0.2,0.0
51012,fixed_permutation,6,0.30830390093110027,0.1632537841796875,0.2,0.0
51012,fixed_permutation,7,0.15222117359060972,0.2384939193725586,0.0,0.0
51012,fixed_permutation,8,0.04153900605119066,0.2542622983455658,0.0,0.0
51012,fixed_permutation,9,0.05948307566727558,0.25198692083358765,0.0,0.0
51012,fixed_permutation,10,0.18988133494414108,0.17519928514957428,0.2,0.0
51012,fixed_permutation,11,0.3104222084673796,0.18593250215053558,0.4,0.0
51012,fixed_permutation,12,7.797955745591003e-05,0.24751073122024536,0.0,0.0
51012,fixed_permutation,13,0.003429662788595456,0.2614927589893341,0.0,0.0
51012,fixed_permutation,14,0.17414315174539255,0.16467341780662537,0.2,0.0
51012,fixed_permutation,15,0.30234961108788666,0.18610067665576935,0.2,0.0
51012,fixed_permutation,16,5.084171221083282e-06,0.22914402186870575,0.0,0.0
51012,fixed_permutation,17,0.0006335263451108606,0.1659882664680481,0.0,0.0
51012,fixed_permutation,18,0.003717995870194856,0.16245199739933014,0.0,0.0
51012,fixed_permutation,19,0.14902174074363536,0.15292714536190033,0.2,0.0
51012,fixed_permutation,20,0.1016237143913636,0.20798204839229584,0.0,0.0
51012,fixed_permutation,21,0.014318082331267877,0.21132108569145203,0.0,0.0
51012,fixed_permutation,22,0.1831408525424567,0.19231270253658295,0.2,0.0
51012,fixed_permutation,23,0.19537044690972336,0.16468960046768188,0.2,0.0
51012,fixed_permutation,24,0.11632211354879723,0.21912474930286407,0.0,0.0
51012,fixed_permutation,25,0.09412307612619968,0.15127557516098022,0.0,0.0
51012,fixed_permutation,26,0.021909605175380834,0.2250128537416458,0.0,0.0
51012,fixed_permutation,27,0.12686468526940842,0.18170130252838135,0.0,0.0
51012,matched_decoder,0,0.7457603638543454,0.07805837690830231,0.8,1.0
51012,matched_decoder,1,0.9118499258187593,0.016922974959015846,0.8,1.0
51012,matched_decoder,2,0.6111982058524529,0.10622100532054901,0.6,0.0
51012,matched_decoder,3,0.6341084434316678,0.06304071843624115,0.6,1.0
51012,matched_decoder,4,0.9356594013062657,0.012455734424293041,0.8,1.0
51012,matched_decoder,5,0.7412333844166754,0.06200364604592323,0.6,1.0
51012,matched_decoder,6,0.8082532068074653,0.03470562398433685,0.8,1.0
51012,matched_decoder,7,0.89899869175764,0.023667989298701286,1.0,1.0
51012,matched_decoder,8,0.7764037942606458,0.050574254244565964,0.8,1.0
51012,matched_decoder,9,0.696796483323619,0.07326986640691757,0.6,1.0
51012,matched_decoder,10,0.8634411112709789,0.032388050109148026,1.0,1.0
51012,matched_decoder,11,0.6822319696196224,0.07865550369024277,0.8,1.0
51012,matched_decoder,12,0.6701928932039932,0.07395792752504349,0.6,0.0
51012,matched_decoder,13,0.8434555855656297,0.039063915610313416,0.8,1.0
51012,matched_decoder,14,0.8183070540852195,0.04569155350327492,0.8,1.0
51012,matched_decoder,15,0.6147498568984411,0.07967288047075272,0.6,0.0
51012,matched_decoder,16,0.8145860542565271,0.036915406584739685,0.8,1.0
51012,matched_decoder,17,0.836945678594857,0.030533399432897568,0.8,1.0
51012,matched_decoder,18,0.8044635236169352,0.03907358646392822,0.8,1.0
51012,matched_decoder,19,0.9050633474847559,0.018096812069416046,0.8,1.0
51012,matched_decoder,20,0.781362447569089,0.04988395795226097,0.8,1.0
51012,matched_decoder,21,0.7290873853878623,0.05894118919968605,0.6,1.0
51012,matched_decoder,22,0.7279983709379996,0.05551636591553688,0.6,1.0
51012,matched_decoder,23,0.9457181321393204,0.01060960441827774,1.0,1.0
51012,matched_decoder,24,0.724145757675109,0.061535563319921494,0.8,1.0
51012,matched_decoder,25,0.9208405677663534,0.015342210419476032,1.0,1.0
51012,matched_decoder,26,0.908717694210872,0.020608296617865562,0.8,1.0
51012,matched_decoder,27,0.9843096683415923,0.003207868430763483,1.0,1.0
51012,random_content,0,0.0023166436253273725,0.19939403235912323,0.0,0.0
51012,random_content,1,0.3860276273105944,0.1288258284330368,0.4,0.0
51012,random_content,2,0.0035980405786022207,0.18710294365882874,0.0,0.0
51012,random_content,3,3.0256257436482256e-06,0.2506958842277527,0.0,0.0
51012,random_content,4,0.010490825574818874,0.2005244642496109,0.0,0.0
51012,random_content,5,0.15853010850446483,0.19682945311069489,0.0,0.0
51012,random_content,6,0.025829086023532656,0.19247287511825562,0.0,0.0
51012,random_content,7,0.2251327377967485,0.13959205150604248,0.2,0.0
51012,random_content,8,0.19637645588321126,0.16588880121707916,0.2,0.0
51012,random_content,9,0.0347783540866984,0.2044493556022644,0.0,0.0
51012,random_content,10,0.0004998822534141754,0.19482898712158203,0.0,0.0
51012,random_content,11,0.25317407902279915,0.15022408962249756,0.2,0.0
51012,random_content,12,0.2646409431887189,0.1773424595594406,0.2,0.0
51012,random_content,13,0.01633986616090085,0.19689315557479858,0.0,0.0
51012,random_content,14,0.3014694481510314,0.14736250042915344,0.2,0.0
51012,random_content,15,0.28998449172096974,0.13775087893009186,0.2,0.0
51012,random_content,16,0.34194511142577566,0.1261279284954071,0.4,0.0
51012,random_content,17,0.0657401010031271,0.15175330638885498,0.2,0.0
51012,random_content,18,0.3702431470958796,0.09369781613349915,0.4,0.0
51012,random_content,19,0.0020952112069693787,0.16420978307724,0.0,0.0
51012,random_content,20,0.42498443564287486,0.12369056046009064,0.2,0.0
51012,random_content,21,0.0001905491193025672,0.12742561101913452,0.0,0.0
51012,random_content,22,0.0005137980652770852,0.18960869312286377,0.0,0.0
51012,random_content,23,0.21145446424501785,0.15492917597293854,0.2,0.0
51012,random_content,24,0.06097198937488194,0.20579683780670166,0.0,0.0
51012,random_content,25,0.005083231183559923,0.18968911468982697,0.0,0.0
51012,random_content,26,0.3488418712591442,0.11840547621250153,0.4,0.0
51012,random_content,27,1.2992184327198069e-05,0.206466943025589,0.0,0.0
51012,no_plasticity,0,0.40642033768914765,0.10000000149011612,0.2,0.0
51012,no_plasticity,1,0.13737934531311227,0.10000000149011612,0.0,0.0
51012,no_plasticity,2,0.3908787949508869,0.10000000149011612,0.4,0.0
51012,no_plasticity,3,0.07660999370208968,0.10000000149011612,0.0,0.0
51012,no_plasticity,4,0.23172141460832704,0.10000000149011612,0.2,0.0
51012,no_plasticity,5,0.0948260000477219,0.10000000149011612,0.0,0.0
51012,no_plasticity,6,0.16732514435851578,0.10000000149011612,0.0,0.0
51012,no_plasticity,7,0.1314796195800645,0.10000000149011612,0.0,0.0
51012,no_plasticity,8,0.3857551438872086,0.10000000149011612,0.2,0.0
51012,no_plasticity,9,0.1517814908790161,0.10000000149011612,0.0,0.0
51012,no_plasticity,10,0.3701550730175813,0.10000000149011612,0.2,0.0
51012,no_plasticity,11,0.16520367127584032,0.10000000149011612,0.0,0.0
51012,no_plasticity,12,0.21821806916070915,0.10000000149011612,0.2,0.0
51012,no_plasticity,13,0.11280351146964505,0.10000000149011612,0.0,0.0
51012,no_plasticity,14,0.47372096151295895,0.09999999403953552,0.4,1.0
51012,no_plasticity,15,0.16893080706909436,0.10000000149011612,0.0,0.0
51012,no_plasticity,16,0.08779126949688676,0.10000000149011612,0.0,0.0
51012,no_plasticity,17,0.17065584344469437,0.10000000149011612,0.0,0.0
51012,no_plasticity,18,0.10460858228928885,0.10000000149011612,0.0,0.0
51012,no_plasticity,19,0.12871080174914482,0.10000000149011612,0.0,0.0
51012,no_plasticity,20,0.27101604718156797,0.10000000149011612,0.4,0.0
51012,no_plasticity,21,0.11082055860622046,0.10000000149011612,0.0,0.0
51012,no_plasticity,22,0.4243483634769753,0.09999999403953552,0.4,0.0
51012,no_plasticity,23,0.1095157028930049,0.10000000149011612,0.0,0.0
51012,no_plasticity,24,0.10676364263611077,0.10000000149011612,0.0,0.0
51012,no_plasticity,25,0.04329005584846679,0.10000000149011612,0.0,0.0
51012,no_plasticity,26,0.16283388148781092,0.10000000149011612,0.2,0.0
51012,no_plasticity,27,0.0748433571030605,0.10000000149011612,0.0,0.0
51013,aligned,0,0.8940325225989558,0.020690038800239563,0.8,1.0
51013,aligned,1,0.7665223527111563,0.04606229439377785,0.6,1.0
51013,aligned,2,0.9099586553542589,0.017857281491160393,1.0,1.0
51013,aligned,3,0.8025168124956135,0.05326802283525467,0.6,1.0
51013,aligned,4,0.7481667099665529,0.04637549817562103,0.8,1.0
51013,aligned,5,0.9683080619471536,0.006601240020245314,1.0,1.0
51013,aligned,6,0.9150110671300041,0.018160386011004448,1.0,1.0
51013,aligned,7,0.9730865749659187,0.0053102970123291016,1.0,1.0
51013,aligned,8,0.9015381031810926,0.01877238228917122,0.8,1.0
51013,aligned,9,0.8375236406257395,0.03441177308559418,0.8,1.0
51013,aligned,10,0.853308016934298,0.03059946745634079,0.8,1.0
51013,aligned,11,0.7456717535326831,0.04658149555325508,0.8,1.0
51013,aligned,12,0.951746409599406,0.01023520901799202,1.0,1.0
51013,aligned,13,0.9775830687042318,0.004632637836039066,1.0,1.0
51013,aligned,14,0.7720329430543489,0.041085969656705856,0.8,1.0
51013,aligned,15,0.9951414304486772,0.0010553388856351376,1.0,1.0
51013,aligned,16,0.9863366288622956,0.004009106196463108,1.0,1.0
51013,aligned,17,0.8953495167154277,0.01986243948340416,0.8,1.0
51013,aligned,18,0.48851869435653206,0.07627678662538528,0.6,0.0
51013,aligned,19,0.9687078900251814,0.0065630171447992325,1.0,1.0
51013,aligned,20,0.870847001855536,0.024269970133900642,0.8,1.0
51013,aligned,21,0.6727141717497634,0.05479394271969795,0.8,1.0
51013,aligned,22,0.8760062363694375,0.02342698723077774,0.8,1.0
51013,aligned,23,0.8836484597334766,0.021940460428595543,0.8,1.0
51013,aligned,24,0.7769887338976171,0.03962959721684456,0.6,1.0
51013,aligned,25,0.985267460074917,0.0031985521782189608,1.0,1.0
51013,aligned,26,0.8303535949841789,0.033872369676828384,0.8,1.0
51013,aligned,27,0.7846921685234663,0.041123997420072556,0.8,1.0
51013,fixed_permutation,0,0.0009139646834218832,0.22256538271903992,0.0,0.0
51013,fixed_permutation,1,0.0012510602691757692,0.19081145524978638,0.0,0.0
51013,fixed_permutation,2,0.01738624372936587,0.14114831387996674,0.0,0.0
51013,fixed_permutation,3,0.14466156007718448,0.24383588135242462,0.2,0.0
51013,fixed_permutation,4,0.0001363727541246553,0.1696590930223465,0.0,0.0
51013,fixed_permutation,5,0.2345886175849627,0.1638166308403015,0.2,0.0
51013,fixed_permutation,6,0.5395794249186244,0.08723241835832596,0.6,1.0
51013,fixed_permutation,7,0.12923185574495163,0.2305193543434143,0.0,0.0
51013,fixed_permutation,8,0.0003818178161160808,0.18102429807186127,0.0,0.0
51013,fixed_permutation,9,0.02744344070052909,0.19150155782699585,0.0,0.0
51013,fixed_permutation,10,0.18864971003239925,0.21252328157424927,0.2,0.0
51013,fixed_permutation,11,0.21885653940895847,0.14548765122890472,0.2,0.0
51013,fixed_permutation,12,0.11950270175260755,0.21132047474384308,0.0,0.0
51013,fixed_permutation,13,0.4772378582648904,0.11951052397489548,0.4,1.0
51013,fixed_permutation,14,0.16038747305606058,0.207529678940773,0.0,0.0
51013,fixed_permutation,15,0.15997360840797273,0.13061675429344177,0.2,0.0
51013,fixed_permutation,16,0.012007877568628414,0.18467773497104645,0.0,0.0
51013,fixed_permutation,17,0.0008101666598844746,0.2237873673439026,0.0,0.0
51013,fixed_permutation,18,0.12588612207380534,0.0986534059047699,0.2,0.0
51013,fixed_permutation,19,0.1448194751607229,0.2521628141403198,0.2,0.0
51013,fixed_permutation,20,0.27258133666874834,0.1348804086446762,0.2,0.0
51013,fixed_permutation,21,0.022978840024512004,0.14575573801994324,0.0,0.0
51013,fixed_permutation,22,0.020413114501664924,0.13022586703300476,0.0,0.0
51013,fixed_permutation,23,0.0008804915334696797,0.1536577194929123,0.0,0.0
51013,fixed_permutation,24,0.15809180103228182,0.1574506163597107,0.2,0.0
51013,fixed_permutation,25,0.5430371588492475,0.11197859048843384,0.4,1.0
51013,fixed_permutation,26,0.04459619347689989,0.22626282274723053,0.0,0.0
51013,fixed_permutation,27,0.1911575388365171,0.14961709082126617,0.2,0.0
51013,matched_decoder,0,0.8940325664645522,0.020690031349658966,0.8,1.0
51013,matched_decoder,1,0.7665223117695003,0.046062301844358444,0.6,1.0
51013,matched_decoder,2,0.9099586216201384,0.01785728521645069,1.0,1.0
51013,matched_decoder,3,0.8025168115361845,0.05326801910996437,0.6,1.0
51013,matched_decoder,4,0.7481666435172906,0.04637550935149193,0.8,1.0
51013,matched_decoder,5,0.9683080840753681,0.006601235829293728,1.0,1.0
51013,matched_decoder,6,0.9150110394207953,0.018160395324230194,1.0,1.0
51013,matched_decoder,7,0.9730866226767031,0.005310287699103355,1.0,1.0
51013,matched_decoder,8,0.9015381046193015,0.01877238228917122,0.8,1.0
51013,matched_decoder,9,0.8375236548709798,0.03441176936030388,0.8,1.0
51013,matched_decoder,10,0.8533080102290431,0.03059946745634079,0.8,1.0
51013,matched_decoder,11,0.745671740514999,0.04658149555325508,0.8,1.0
51013,matched_decoder,12,0.9517464400533877,0.010235202498733997,1.0,1.0
51013,matched_decoder,13,0.9775830700631736,0.004632637370377779,1.0,1.0
51013,matched_decoder,14,0.7720329497462607,0.041085969656705856,0.8,1.0
51013,matched_decoder,15,0.9951414283688317,0.001055339234881103,1.0,1.0
51013,matched_decoder,16,0.9863366286746866,0.004009107127785683,1.0,1.0
51013,matched_decoder,17,0.8953495411908842,0.01986243575811386,0.8,1.0
51013,matched_decoder,18,0.4885186451341313,0.07627679407596588,0.6,0.0
51013,matched_decoder,19,0.9687078714952952,0.006563021335750818,1.0,1.0
51013,matched_decoder,20,0.8708470060561716,0.024269966408610344,0.8,1.0
51013,matched_decoder,21,0.672714202762549,0.054793938994407654,0.8,1.0
51013,matched_decoder,22,0.8760062376519189,0.02342699095606804,0.8,1.0
51013,matched_decoder,23,0.8836485083346908,0.021940452978014946,0.8,1.0
51013,matched_decoder,24,0.7769887323673914,0.03962959721684456,0.6,1.0
51013,matched_decoder,25,0.9852674644041491,0.00319855147972703,1.0,1.0
51013,matched_decoder,26,0.8303536226772693,0.03387236222624779,0.8,1.0
51013,matched_decoder,27,0.7846921794949816,0.041123997420072556,0.8,1.0
51013,random_content,0,0.0033922104704288596,0.20749112963676453,0.0,0.0
51013,random_content,1,0.00030439977122484474,0.18880639970302582,0.0,0.0
51013,random_content,2,0.005293344378466881,0.14909052848815918,0.0,0.0
51013,random_content,3,7.583361078606284e-05,0.20803937315940857,0.0,0.0
51013,random_content,4,0.0015568349944130898,0.1600799560546875,0.0,0.0
51013,random_content,5,0.0008716422429222687,0.15697062015533447,0.0,0.0
51013,random_content,6,0.11367973063956706,0.15723733603954315,0.2,0.0
51013,random_content,7,0.26268275882741815,0.12535560131072998,0.2,0.0
51013,random_content,8,0.08345030734574775,0.15317772328853607,0.0,0.0
51013,random_content,9,0.0018162515545961904,0.12521310150623322,0.0,0.0
51013,random_content,10,0.6523932465653685,0.06258464604616165,0.6,1.0
51013,random_content,11,0.0724923611430623,0.18758739531040192,0.0,0.0
51013,random_content,12,0.017884214185052576,0.12775902450084686,0.2,0.0
51013,random_content,13,0.30213594516095404,0.12684322893619537,0.4,0.0
51013,random_content,14,0.2579391868641759,0.12017612159252167,0.2,0.0
51013,random_content,15,0.5657566478047101,0.06912784278392792,0.4,1.0
51013,random_content,16,0.003396943425343441,0.2086351066827774,0.0,0.0
51013,random_content,17,0.058649404869167705,0.16274113953113556,0.0,0.0
51013,random_content,18,0.000163935768030731,0.1555052101612091,0.0,0.0
51013,random_content,19,0.35744846425187693,0.1160915344953537,0.4,0.0
51013,random_content,20,0.2072601798082985,0.13255999982357025,0.2,0.0
51013,random_content,21,0.030803057860331506,0.151458278298378,0.0,0.0
51013,random_content,22,0.0009103085222723283,0.18788373470306396,0.0,0.0
51013,random_content,23,0.16786391028550485,0.13425825536251068,0.2,0.0
51013,random_content,24,0.2739944707379077,0.11345764994621277,0.2,0.0
51013,random_content,25,0.20343895212238952,0.1510641723871231,0.2,0.0
51013,random_content,26,0.4539157151436177,0.09526335448026657,0.4,0.0
51013,random_content,27,0.42160730748871605,0.08781351894140244,0.4,0.0
51013,no_plasticity,0,0.14334802019366444,0.10000000149011612,0.0,0.0
51013,no_plasticity,1,0.14174451747377093,0.10000000149011612,0.0,0.0
51013,no_plasticity,2,0.1345443373532935,0.10000000149011612,0.0,0.0
51013,no_plasticity,3,0.09595974056083287,0.10000000149011612,0.0,0.0
51013,no_plasticity,4,0.18170467192888007,0.10000000149011612,0.2,0.0
51013,no_plasticity,5,0.08864321964545108,0.10000000149011612,0.0,0.0
51013,no_plasticity,6,0.4530243603838878,0.09999999403953552,0.2,0.0
51013,no_plasticity,7,0.06789125365046038,0.10000000149011612,0.0,0.0
51013,no_plasticity,8,0.5281520074956129,0.09999999403953552,0.4,1.0
51013,no_plasticity,9,0.06366944506368842,0.10000000149011612,0.0,0.0
51013,no_plasticity,10,0.41801107191474307,0.09999999403953552,0.2,0.0
51013,no_plasticity,11,0.15122878575190032,0.10000000149011612,0.2,0.0
51013,no_plasticity,12,0.12004016480542129,0.10000000149011612,0.0,0.0
51013,no_plasticity,13,0.12841110842670947,0.10000000149011612,0.0,0.0
51013,no_plasticity,14,0.1488085392554022,0.10000000149011612,0.0,0.0
51013,no_plasticity,15,0.5140708128204489,0.09999999403953552,0.2,0.0
51013,no_plasticity,16,0.15539726967424242,0.10000000149011612,0.0,0.0
51013,no_plasticity,17,0.39846758041030206,0.09999999403953552,0.2,0.0
51013,no_plasticity,18,0.17236553175707714,0.10000000149011612,0.2,0.0
51013,no_plasticity,19,0.495888176933683,0.09999999403953552,0.4,0.0
51013,no_plasticity,20,0.11814236356455772,0.10000000149011612,0.2,0.0
51013,no_plasticity,21,0.10789820035277385,0.10000000149011612,0.0,0.0
51013,no_plasticity,22,0.12288053632508912,0.10000000149011612,0.0,0.0
51013,no_plasticity,23,0.19962196827081174,0.10000000149011612,0.4,0.0
51013,no_plasticity,24,0.1508744586338781,0.10000000149011612,0.0,0.0
51013,no_plasticity,25,0.09677295747121221,0.10000000149011612,0.0,0.0
51013,no_plasticity,26,0.083987734776226,0.10000000149011612,0.0,0.0
51013,no_plasticity,27,0.19383694839954496,0.10000000149011612,0.2,0.0
51014,aligned,0,0.6628749544077875,0.0762166827917099,0.6,0.0
51014,aligned,1,0.7953692400918365,0.04006011039018631,0.8,1.0
51014,aligned,2,0.5917514842652558,0.09891083091497421,0.6,0.0
51014,aligned,3,0.9669884802905276,0.006557888817042112,1.0,1.0
51014,aligned,4,0.7902903513709667,0.039470285177230835,0.8,1.0
51014,aligned,5,0.596710612394322,0.06542914360761642,0.6,1.0
51014,aligned,6,0.7615983090056874,0.05343170464038849,0.6,1.0
51014,aligned,7,0.8016500000776539,0.03760082274675369,0.8,1.0
51014,aligned,8,0.8182581201437185,0.03305688500404358,0.6,1.0
51014,aligned,9,0.7307706324383781,0.08025599271059036,0.8,1.0
51014,aligned,10,0.6949882896323927,0.0949043557047844,0.6,1.0
51014,aligned,11,0.7762415241957316,0.06292502582073212,0.6,1.0
51014,aligned,12,0.8054154860712616,0.05293282866477966,0.8,1.0
51014,aligned,13,0.6088999511713378,0.07175861299037933,0.6,1.0
51014,aligned,14,0.5033272837886981,0.1253327578306198,0.6,0.0
51014,aligned,15,0.6676688652053934,0.06250104308128357,0.6,1.0
51014,aligned,16,0.5472268443495366,0.10356248170137405,0.4,0.0
51014,aligned,17,0.6080560981871556,0.07592092454433441,0.6,0.0
51014,aligned,18,0.9398526011931455,0.013207310810685158,1.0,1.0
51014,aligned,19,0.6766156959641237,0.10922998189926147,0.8,1.0
51014,aligned,20,0.6872096343713096,0.055851828306913376,0.6,1.0
51014,aligned,21,0.855725763397623,0.027077199891209602,0.8,1.0
51014,aligned,22,0.7293982666008894,0.07154502719640732,0.8,1.0
51014,aligned,23,0.8884983414267095,0.02132035791873932,0.8,1.0
51014,aligned,24,0.7846203201271869,0.043331220746040344,0.8,1.0
51014,aligned,25,0.7656933975604981,0.05087142065167427,0.8,1.0
51014,aligned,26,0.7463873424385735,0.04492628201842308,0.6,1.0
51014,aligned,27,0.5958721911191984,0.06665109843015671,0.6,1.0
51014,fixed_permutation,0,0.1661651581864251,0.2724587619304657,0.0,0.0
51014,fixed_permutation,1,0.2637042465578378,0.12556959688663483,0.2,0.0
51014,fixed_permutation,2,0.02531328736306999,0.21705886721611023,0.0,0.0
51014,fixed_permutation,3,0.17858535789699373,0.1551045924425125,0.2,0.0
51014,fixed_permutation,4,0.19412446906457378,0.16651880741119385,0.2,0.0
51014,fixed_permutation,5,5.298720134482839e-06,0.181562602519989,0.0,0.0
51014,fixed_permutation,6,0.20072756645616222,0.1481449007987976,0.2,0.0
51014,fixed_permutation,7,0.0895642862165732,0.16644148528575897,0.0,0.0
51014,fixed_permutation,8,0.006034169466953306,0.2169455587863922,0.0,0.0
51014,fixed_permutation,9,0.16371827384636903,0.20430774986743927,0.2,0.0
51014,fixed_permutation,10,0.14141768120039852,0.33132919669151306,0.0,0.0
51014,fixed_permutation,11,0.005115435716054255,0.20255500078201294,0.0,0.0
51014,fixed_permutation,12,0.00244850827960459,0.23596537113189697,0.0,0.0
51014,fixed_permutation,13,0.0453429805750652,0.20349307358264923,0.0,0.0
51014,fixed_permutation,14,0.12655705640774448,0.3031100034713745,0.0,0.0
51014,fixed_permutation,15,0.04543191616052257,0.1773620843887329,0.0,0.0
51014,fixed_permutation,16,0.04211266264604365,0.27746182680130005,0.0,0.0
51014,fixed_permutation,17,0.046007823541458805,0.2126270830631256,0.0,0.0
51014,fixed_permutation,18,0.26895638364873564,0.22689226269721985,0.0,0.0
51014,fixed_permutation,19,0.11997996493435541,0.3064771890640259,0.0,0.0
51014,fixed_permutation,20,0.18512738682906146,0.14935915172100067,0.2,0.0
51014,fixed_permutation,21,0.051989086509718875,0.16113826632499695,0.0,0.0
51014,fixed_permutation,22,0.14054937869343376,0.19782502949237823,0.0,0.0
51014,fixed_permutation,23,0.17858972709318952,0.18611204624176025,0.2,0.0
51014,fixed_permutation,24,0.3233288369843285,0.16942322254180908,0.4,1.0
51014,fixed_permutation,25,0.013397104409504266,0.22983896732330322,0.0,0.0
51014,fixed_permutation,26,0.13779413484910902,0.15692266821861267,0.2,0.0
51014,fixed_permutation,27,0.057465828543162484,0.14439207315444946,0.0,0.0
51014,matched_decoder,0,0.6628748946166416,0.0762166976928711,0.6,0.0
51014,matched_decoder,1,0.7953691882694576,0.040060125291347504,0.8,1.0
51014,matched_decoder,2,0.5917514286588401,0.0989108458161354,0.6,0.0
51014,matched_decoder,3,0.9669885318110657,0.006557879038155079,1.0,1.0
51014,matched_decoder,4,0.7902903552596603,0.039470285177230835,0.8,1.0
51014,matched_decoder,5,0.5967106878089332,0.06542913615703583,0.6,1.0
51014,matched_decoder,6,0.761598336441447,0.05343169718980789,0.6,1.0
51014,matched_decoder,7,0.8016499376501092,0.03760083392262459,0.8,1.0
51014,matched_decoder,8,0.8182581059949096,0.03305688500404358,0.6,1.0
51014,matched_decoder,9,0.7307706584898926,0.08025598526000977,0.8,1.0
51014,matched_decoder,10,0.6949882896742262,0.0949043557047844,0.6,1.0
51014,matched_decoder,11,0.776241537198056,0.06292502582073212,0.6,1.0
51014,matched_decoder,12,0.8054154871589915,0.052932824939489365,0.8,1.0
51014,matched_decoder,13,0.6088999256930301,0.07175861299037933,0.6,1.0
51014,matched_decoder,14,0.5033273008007679,0.12533274292945862,0.6,0.0
51014,matched_decoder,15,0.6676688607063691,0.06250104308128357,0.6,1.0
51014,matched_decoder,16,0.5472268294643006,0.10356248915195465,0.4,0.0
51014,matched_decoder,17,0.6080561040532868,0.07592092454433441,0.6,0.0
51014,matched_decoder,18,0.9398526183848834,0.013207308016717434,1.0,1.0
51014,matched_decoder,19,0.6766156412716143,0.10923000425100327,0.8,1.0
51014,matched_decoder,20,0.6872096111465641,0.055851832032203674,0.6,1.0
51014,matched_decoder,21,0.8557257335339075,0.02707720547914505,0.8,1.0
51014,matched_decoder,22,0.7293982310166778,0.07154502719640732,0.8,1.0
51014,matched_decoder,23,0.8884983525212768,0.02132035419344902,0.8,1.0
51014,matched_decoder,24,0.784620313555828,0.043331220746040344,0.8,1.0
51014,matched_decoder,25,0.7656934128634457,0.05087142065167427,0.8,1.0
51014,matched_decoder,26,0.7463873254941036,0.04492628946900368,0.6,1.0
51014,matched_decoder,27,0.5958722816599346,0.06665109097957611,0.6,1.0
51014,random_content,0,0.06698424154801196,0.226842001080513,0.0,0.0
51014,random_content,1,0.2777262197490533,0.11521424353122711,0.2,0.0
51014,random_content,2,0.34802263236650544,0.1287136971950531,0.2,0.0
51014,random_content,3,1.8976895830984157e-05,0.2067827433347702,0.0,0.0
51014,random_content,4,0.2609005068525701,0.14380955696105957,0.2,0.0
51014,random_content,5,0.19171304915519374,0.15990817546844482,0.0,0.0
51014,random_content,6,0.256237542374335,0.1662912219762802,0.2,0.0
51014,random_content,7,0.0011873137963948953,0.1799413114786148,0.0,0.0
51014,random_content,8,0.05481836435620291,0.16506840288639069,0.2,0.0
51014,random_content,9,0.1268918874766514,0.15702763199806213,0.2,0.0
51014,random_content,10,0.3468937074721875,0.1940530389547348,0.2,0.0
51014,random_content,11,0.19881836626566507,0.18728898465633392,0.2,0.0
51014,random_content,12,0.28431532459266023,0.1563340276479721,0.2,0.0
51014,random_content,13,0.006270340695647489,0.17267975211143494,0.0,0.0
51014,random_content,14,0.35195932093716137,0.16564854979515076,0.4,0.0
51014,random_content,15,0.09190840151803854,0.16335554420948029,0.0,0.0
51014,random_content,16,0.34156138218941584,0.1320204734802246,0.4,0.0
51014,random_content,17,0.2960256798038373,0.10568982362747192,0.2,0.0
51014,random_content,18,0.3892971988140371,0.11225307732820511,0.4,0.0
51014,random_content,19,0.30339199486400037,0.16505344212055206,0.2,0.0
51014,random_content,20,0.23210349215698253,0.1444084644317627,0.2,0.0
51014,random_content,21,0.12451189396857322,0.13052241504192352,0.2,0.0
51014,random_content,22,0.05748201651829349,0.19557040929794312,0.0,0.0
51014,random_content,23,0.2634638639977787,0.13568182289600372,0.2,0.0
51014,random_content,24,0.1976349990037838,0.16231434047222137,0.2,0.0
51014,random_content,25,0.4648965336628931,0.08063285797834396,0.4,0.0
51014,random_content,26,0.0018899201137010271,0.18052133917808533,0.0,0.0
51014,random_content,27,0.007572242359814196,0.16159774363040924,0.0,0.0
51014,no_plasticity,0,0.06483732637357878,0.10000000149011612,0.2,0.0
51014,no_plasticity,1,0.07179512872298177,0.10000000149011612,0.0,0.0
51014,no_plasticity,2,0.06059287787820839,0.10000000149011612,0.0,0.0
51014,no_plasticity,3,0.09656961858000968,0.10000000149011612,0.2,0.0
51014,no_plasticity,4,0.16193155918226,0.10000000149011612,0.2,0.0
51014,no_plasticity,5,0.053908248453180437,0.10000000149011612,0.0,0.0
51014,no_plasticity,6,0.04848822682967919,0.10000000149011612,0.0,0.0
51014,no_plasticity,7,0.454016815643812,0.10000000149011612,0.2,0.0
51014,no_plasticity,8,0.053928027749157385,0.10000000149011612,0.0,0.0
51014,no_plasticity,9,0.0420979114705174,0.10000000149011612,0.0,0.0
51014,no_plasticity,10,0.061634983416231026,0.10000000149011612,0.2,0.0
51014,no_plasticity,11,0.18322436661817734,0.10000000149011612,0.2,0.0
51014,no_plasticity,12,0.041389071233157486,0.10000000149011612,0.0,0.0
51014,no_plasticity,13,0.09603795263678853,0.10000000149011612,0.2,0.0
51014,no_plasticity,14,0.08516859956317475,0.10000000149011612,0.2,0.0
51014,no_plasticity,15,0.047620126485045745,0.10000000149011612,0.0,0.0
51014,no_plasticity,16,0.11031049355517444,0.10000000149011612,0.2,0.0
51014,no_plasticity,17,0.07954770445094254,0.10000000149011612,0.0,0.0
51014,no_plasticity,18,0.0290598062546391,0.10000000149011612,0.0,0.0
51014,no_plasticity,19,0.1905326773284344,0.10000000149011612,0.4,0.0
51014,no_plasticity,20,0.10641970005282911,0.10000000149011612,0.2,0.0
51014,no_plasticity,21,0.056331787926979536,0.10000000149011612,0.0,0.0
51014,no_plasticity,22,0.05620178038943221,0.10000000149011612,0.0,0.0
51014,no_plasticity,23,0.14961819001756765,0.10000000149011612,0.2,0.0
51014,no_plasticity,24,0.05823498247340119,0.10000000149011612,0.0,0.0
51014,no_plasticity,25,0.06034473554738755,0.10000000149011612,0.0,0.0
51014,no_plasticity,26,0.05940563091242347,0.10000000149011612,0.0,0.0
51014,no_plasticity,27,0.458704418753219,0.10000000149011612,0.2,1.0
51015,aligned,0,0.8653677579201513,0.025296732783317566,0.8,1.0
51015,aligned,1,0.8316309261862626,0.0445803627371788,1.0,1.0
51015,aligned,2,0.8921730760800836,0.022082293406128883,0.8,1.0
51015,aligned,3,0.8212414967877696,0.04654044285416603,1.0,1.0
51015,aligned,4,0.5184406412300071,0.09242723137140274,0.4,0.0
51015,aligned,5,0.8116896853539486,0.037222180515527725,0.8,1.0
51015,aligned,6,0.966416330295931,0.006888193544000387,1.0,1.0
51015,aligned,7,0.6579334596341202,0.08737240731716156,0.6,1.0
51015,aligned,8,0.8427967313372111,0.040609609335660934,1.0,1.0
51015,aligned,9,0.698005758278297,0.06817607581615448,0.6,0.0
51015,aligned,10,0.8962052740923991,0.024494197219610214,1.0,1.0
51015,aligned,11,0.8810585540921437,0.02399292215704918,0.8,1.0
51015,aligned,12,0.9045698859369797,0.02189941704273224,0.8,1.0
51015,aligned,13,0.8875870583872816,0.026855355128645897,1.0,1.0
51015,aligned,14,0.9876403305194777,0.002472606720402837,1.0,1.0
51015,aligned,15,0.8491046805665845,0.038698289543390274,1.0,1.0
51015,aligned,16,0.8540745938079781,0.03128379210829735,0.8,1.0
51015,aligned,17,0.8434608548490593,0.03920087218284607,0.8,1.0
51015,aligned,18,0.8926752078483147,0.020324425771832466,0.8,1.0
51015,aligned,19,0.7992575001685367,0.03945028781890869,0.8,1.0
51015,aligned,20,0.9992176542175676,0.00016057251195888966,1.0,1.0
51015,aligned,21,0.6324821604287134,0.07161995768547058,0.6,1.0
51015,aligned,22,0.6304201072754642,0.08127310127019882,0.6,1.0
51015,aligned,23,0.6981613718462453,0.07121817022562027,0.8,1.0
51015,aligned,24,0.7985783992795864,0.03956473991274834,0.6,1.0
51015,aligned,25,0.8364337145207902,0.03623860701918602,0.8,1.0
51015,aligned,26,0.9233439068055285,0.015725571662187576,0.8,1.0
51015,aligned,27,0.6943029630615327,0.07637491077184677,0.8,1.0
51015,fixed_permutation,0,0.33431588277436913,0.12550348043441772,0.2,0.0
51015,fixed_permutation,1,0.08465229801635382,0.25915947556495667,0.0,0.0
51015,fixed_permutation,2,0.0202876326074281,0.2431056648492813,0.0,0.0
51015,fixed_permutation,3,0.008418759498964284,0.2096930742263794,0.0,0.0
51015,fixed_permutation,4,0.01609113408353486,0.18063884973526,0.0,0.0
51015,fixed_permutation,5,0.0028100305815349632,0.15844088792800903,0.0,0.0
51015,fixed_permutation,6,0.08718991005296141,0.27722811698913574,0.0,0.0
51015,fixed_permutation,7,0.13770172584243545,0.22230136394500732,0.0,0.0
51015,fixed_permutation,8,0.07581805531905075,0.19807277619838715,0.0,0.0
51015,fixed_permutation,9,0.17504303057591356,0.1900886744260788,0.2,0.0
51015,fixed_permutation,10,0.13366773500295723,0.23611608147621155,0.0,0.0
51015,fixed_permutation,11,0.044569650759586646,0.20988698303699493,0.0,0.0
51015,fixed_permutation,12,0.0785874241356398,0.14828425645828247,0.2,0.0
51015,fixed_permutation,13,6.871349705653127e-05,0.22077901661396027,0.0,0.0
51015,fixed_permutation,14,0.4538068486720667,0.11832189559936523,0.4,0.0
51015,fixed_permutation,15,0.2842050453641977,0.16990926861763,0.2,0.0
51015,fixed_permutation,16,0.055927041074444836,0.23820579051971436,0.0,0.0
51015,fixed_permutation,17,0.16274682396067003,0.19820205867290497,0.2,0.0
51015,fixed_permutation,18,2.966766459848217e-05,0.15815596282482147,0.0,0.0
51015,fixed_permutation,19,0.19637429111208557,0.1544070988893509,0.2,0.0
51015,fixed_permutation,20,0.006169206913806114,0.15616632997989655,0.0,0.0
51015,fixed_permutation,21,0.010154664504366175,0.17906717956066132,0.0,0.0
51015,fixed_permutation,22,0.014398088548648838,0.2387513518333435,0.0,0.0
51015,fixed_permutation,23,0.001885366555691329,0.2606182396411896,0.0,0.0
51015,fixed_permutation,24,0.1792180282345219,0.18437033891677856,0.2,0.0
51015,fixed_permutation,25,0.09803567716879145,0.2172248512506485,0.0,0.0
51015,fixed_permutation,26,0.005388340761675954,0.28909265995025635,0.0,0.0
51015,fixed_permutation,27,0.15133396974675142,0.23252128064632416,0.2,0.0
51015,matched_decoder,0,0.8653677443868281,0.025296738371253014,0.8,1.0
51015,matched_decoder,1,0.8316309013263639,0.0445803701877594,1.0,1.0
51015,matched_decoder,2,0.8921730901981747,0.022082287818193436,0.8,1.0
51015,matched_decoder,3,0.8212415361809655,0.04654042795300484,1.0,1.0
51015,matched_decoder,4,0.5184406449537162,0.09242722392082214,0.4,0.0
51015,matched_decoder,5,0.8116896659192765,0.037222184240818024,0.8,1.0
51015,matched_decoder,6,0.9664163208765304,0.006888195406645536,1.0,1.0
51015,matched_decoder,7,0.6579334407783894,0.08737240731716156,0.6,1.0
51015,matched_decoder,8,0.8427967084161613,0.04060961306095123,1.0,1.0
51015,matched_decoder,9,0.6980057400603831,0.06817607581615448,0.6,0.0
51015,matched_decoder,10,0.8962052898595466,0.024494193494319916,1.0,1.0
51015,matched_decoder,11,0.8810586241760073,0.023992910981178284,0.8,1.0
51015,matched_decoder,12,0.9045698943157016,0.02189941331744194,0.8,1.0
51015,matched_decoder,13,0.8875870577846396,0.026855356991291046,1.0,1.0
51015,matched_decoder,14,0.9876403192665827,0.0024726090487092733,1.0,1.0
51015,matched_decoder,15,0.8491046858128773,0.038698289543390274,1.0,1.0
51015,matched_decoder,16,0.8540745681131303,0.031283799558877945,0.8,1.0
51015,matched_decoder,17,0.8434608685172431,0.03920086473226547,0.8,1.0
51015,matched_decoder,18,0.8926752162858188,0.020324423909187317,0.8,1.0
51015,matched_decoder,19,0.7992574918373706,0.03945029154419899,0.8,1.0
51015,matched_decoder,20,0.9992176532729061,0.00016057267202995718,1.0,1.0
51015,matched_decoder,21,0.632482165333622,0.07161995023488998,0.6,1.0
51015,matched_decoder,22,0.6304200951981951,0.08127310872077942,0.6,1.0
51015,matched_decoder,23,0.6981613965350338,0.07121815532445908,0.8,1.0
51015,matched_decoder,24,0.7985784552751475,0.03956472501158714,0.6,1.0
51015,matched_decoder,25,0.8364337708192987,0.036238592118024826,0.8,1.0
51015,matched_decoder,26,0.9233439184574844,0.015725567936897278,0.8,1.0
51015,matched_decoder,27,0.6943029271971275,0.07637491822242737,0.8,1.0
51015,random_content,0,0.01650531761343143,0.19290941953659058,0.0,0.0
51015,random_content,1,0.15713983385375677,0.19614040851593018,0.2,0.0
51015,random_content,2,0.05558158858040222,0.22514240443706512,0.0,0.0
51015,random_content,3,0.1792687466529127,0.18010711669921875,0.0,0.0
51015,random_content,4,0.005227643713645226,0.1615973711013794,0.0,0.0
51015,random_content,5,0.1928358167824313,0.16771522164344788,0.2,0.0
51015,random_content,6,0.16032162246153903,0.21757560968399048,0.2,0.0
51015,random_content,7,0.050222895727869074,0.17393682897090912,0.0,0.0
51015,random_content,8,0.081062706560285,0.18875962495803833,0.0,0.0
51015,random_content,9,0.20026480230879512,0.16076312959194183,0.2,0.0
51015,random_content,10,0.01065581661108097,0.22855962812900543,0.0,0.0
51015,random_content,11,0.14686484711688202,0.1036529541015625,0.2,0.0
51015,random_content,12,0.3304640032803866,0.1405879706144333,0.2,0.0
51015,random_content,13,0.45964086982279756,0.10437572747468948,0.4,0.0
51015,random_content,14,0.00023323160039013168,0.20221208035945892,0.0,0.0
51015,random_content,15,0.17380267529662227,0.20193569362163544,0.0,0.0
51015,random_content,16,0.008107279377763814,0.2663711905479431,0.0,0.0
51015,random_content,17,0.00012402810104665679,0.1879080832004547,0.0,0.0
51015,random_content,18,0.0021665889271638263,0.188060000538826,0.0,0.0
51015,random_content,19,0.0001484718735656228,0.15995807945728302,0.0,0.0
51015,random_content,20,0.30866390154097245,0.09863603860139847,0.4,0.0
51015,random_content,21,0.03906192517916777,0.16917727887630463,0.2,0.0
51015,random_content,22,0.2603068230018169,0.11267560720443726,0.2,0.0
51015,random_content,23,0.3760625772814164,0.09726110100746155,0.2,0.0
51015,random_content,24,0.1993739876855448,0.13554006814956665,0.2,0.0
51015,random_content,25,0.24448816799769799,0.14323855936527252,0.2,0.0
51015,random_content,26,0.17955872708435872,0.1915738731622696,0.2,0.0
51015,random_content,27,0.34723737968511154,0.12384513765573502,0.4,0.0
51015,no_plasticity,0,0.2610351728385144,0.10000000149011612,0.2,0.0
51015,no_plasticity,1,0.15932770203384145,0.10000000149011612,0.0,0.0
51015,no_plasticity,2,0.16676692085974382,0.10000000149011612,0.0,0.0
51015,no_plasticity,3,0.421574036334293,0.10000000149011612,0.4,0.0
51015,no_plasticity,4,0.13175914234452638,0.10000000149011612,0.0,0.0
51015,no_plasticity,5,0.32132637041729584,0.10000000149011612,0.2,0.0
51015,no_plasticity,6,0.1965746975296572,0.10000000149011612,0.0,0.0
51015,no_plasticity,7,0.2820860695208873,0.10000000149011612,0.2,0.0
51015,no_plasticity,8,0.2945048368529462,0.10000000149011612,0.2,0.0
51015,no_plasticity,9,0.4374090669770428,0.10000000149011612,0.4,1.0
51015,no_plasticity,10,0.18145911578653742,0.10000000149011612,0.0,0.0
51015,no_plasticity,11,0.19839784343562092,0.10000000149011612,0.0,0.0
51015,no_plasticity,12,0.15388791129270657,0.10000000149011612,0.0,0.0
51015,no_plasticity,13,0.20322819583556676,0.10000000149011612,0.0,0.0
51015,no_plasticity,14,0.38695158445951117,0.10000000149011612,0.2,0.0
51015,no_plasticity,15,0.1523155402033752,0.10000000149011612,0.0,0.0
51015,no_plasticity,16,0.17608294400908744,0.10000000149011612,0.0,0.0
51015,no_plasticity,17,0.13801604698179384,0.10000000149011612,0.0,0.0
51015,no_plasticity,18,0.1277967494174049,0.10000000149011612,0.0,0.0
51015,no_plasticity,19,0.1568614663642798,0.10000000149011612,0.0,0.0
51015,no_plasticity,20,0.16431824136840095,0.10000000149011612,0.0,0.0
51015,no_plasticity,21,0.2573929053382099,0.10000000149011612,0.0,0.0
51015,no_plasticity,22,0.2968856425687615,0.10000000149011612,0.2,0.0
51015,no_plasticity,23,0.200101560350211,0.10000000149011612,0.0,0.0
51015,no_plasticity,24,0.2153381370021409,0.10000000149011612,0.0,0.0
51015,no_plasticity,25,0.1152850111113759,0.10000000149011612,0.0,0.0
51015,no_plasticity,26,0.2500437112372569,0.10000000149011612,0.2,0.0
51015,no_plasticity,27,0.20387897800907454,0.10000000149011612,0.0,0.0
51016,aligned,0,0.771800331833419,0.05678163468837738,0.8,1.0
51016,aligned,1,0.6527224941734309,0.06597860902547836,0.6,1.0
51016,aligned,2,0.966262955461005,0.009750439785420895,1.0,1.0
51016,aligned,3,0.5799942995768229,0.09756320714950562,0.6,1.0
51016,aligned,4,0.9674621962312175,0.0064580864273011684,1.0,1.0
51016,aligned,5,0.7786594815520511,0.06426221132278442,0.8,1.0
51016,aligned,6,0.710729922232405,0.06638840585947037,0.8,0.0
51016,aligned,7,0.6821508665704553,0.063445545732975,0.6,0.0
51016,aligned,8,0.8033456670279051,0.03614027798175812,0.8,1.0
51016,aligned,9,0.8436491498809063,0.04008667916059494,0.8,1.0
51016,aligned,10,0.7701387430248186,0.06615012139081955,0.8,1.0
51016,aligned,11,0.85080690359989,0.031796492636203766,0.8,1.0
51016,aligned,12,0.9013475139873299,0.02270636148750782,0.8,1.0
51016,aligned,13,0.6291262254346206,0.07307478040456772,0.6,1.0
51016,aligned,14,0.5064572264254168,0.10415992885828018,0.4,0.0
51016,aligned,15,0.8150508841683811,0.04068897292017937,0.8,1.0
51016,aligned,16,0.751024430792847,0.054166316986083984,0.8,1.0
51016,aligned,17,0.9026998546134173,0.02069137804210186,0.8,1.0
51016,aligned,18,0.7585300669561373,0.06661548465490341,0.8,1.0
51016,aligned,19,0.9403907101406002,0.012662751600146294,1.0,1.0
51016,aligned,20,0.6874706815388968,0.09330425411462784,0.6,0.0
51016,aligned,21,0.900770151426168,0.02080831490457058,1.0,1.0
51016,aligned,22,0.6813597982568411,0.07236865907907486,0.6,0.0
51016,aligned,23,0.7666060808514358,0.06941940635442734,0.8,1.0
51016,aligned,24,0.645973503372941,0.06932592391967773,0.6,1.0
51016,aligned,25,0.7672747164458381,0.059068724513053894,0.8,1.0
51016,aligned,26,0.9820065266124395,0.004384825937449932,1.0,1.0
51016,aligned,27,0.8025756086552157,0.0523550882935524,0.8,1.0
51016,fixed_permutation,0,0.11923846958870443,0.17194275557994843,0.2,0.0
51016,fixed_permutation,1,0.17628979887180604,0.19176894426345825,0.2,0.0
51016,fixed_permutation,2,0.0028100875003694977,0.1359434276819229,0.0,0.0
51016,fixed_permutation,3,0.024563394207066033,0.24703294038772583,0.0,0.0
51016,fixed_permutation,4,0.016322558945197914,0.15347324311733246,0.0,0.0
51016,fixed_permutation,5,0.00537282092816797,0.25774428248405457,0.0,0.0
51016,fixed_permutation,6,0.2333710141736405,0.2279469072818756,0.0,0.0
51016,fixed_permutation,7,0.00018802317619510172,0.20142550766468048,0.0,0.0
51016,fixed_permutation,8,0.22574823716605447,0.1371978223323822,0.2,0.0
51016,fixed_permutation,9,0.33132177128745605,0.16881167888641357,0.2,0.0
51016,fixed_permutation,10,0.3947736650606239,0.18173415958881378,0.2,0.0
51016,fixed_permutation,11,0.0027423309378971565,0.19398830831050873,0.0,0.0
51016,fixed_permutation,12,0.027266356939760265,0.2189062088727951,0.0,0.0
51016,fixed_permutation,13,0.20225250047035515,0.14432428777217865,0.2,0.0
51016,fixed_permutation,14,0.04212453167083666,0.25007301568984985,0.0,0.0
51016,fixed_permutation,15,0.15592752094647314,0.22502844035625458,0.2,0.0
51016,fixed_permutation,16,0.1767741638855585,0.19113671779632568,0.2,0.0
51016,fixed_permutation,17,0.04875548682115717,0.16283637285232544,0.0,0.0
51016,fixed_permutation,18,0.3274404417026697,0.207699254155159,0.2,0.0
51016,fixed_permutation,19,0.07335462597622536,0.16804566979408264,0.0,0.0
51016,fixed_permutation,20,0.003776561445195388,0.29887232184410095,0.0,0.0
51016,fixed_permutation,21,0.005903969727556376,0.15006476640701294,0.0,0.0
51016,fixed_permutation,22,0.013429053147440018,0.23496128618717194,0.0,0.0
51016,fixed_permutation,23,0.007379477850550455,0.289307177066803,0.0,0.0
51016,fixed_permutation,24,0.394213988447386,0.1384839564561844,0.2,0.0
51016,fixed_permutation,25,0.06977082412441046,0.24448294937610626,0.0,0.0
51016,fixed_permutation,26,0.017717074000590704,0.18113966286182404,0.0,0.0
51016,fixed_permutation,27,0.37071244887025656,0.2521083950996399,0.0,0.0
51016,matched_decoder,0,0.7718003404551727,0.05678163096308708,0.8,1.0
51016,matched_decoder,1,0.6527224974863068,0.06597860902547836,0.6,1.0
51016,matched_decoder,2,0.9662629556779341,0.009750439785420895,1.0,1.0
51016,matched_decoder,3,0.5799943140737519,0.09756319969892502,0.6,1.0
51016,matched_decoder,4,0.9674621346991724,0.006458098068833351,1.0,1.0
51016,matched_decoder,5,0.7786594871040928,0.06426221132278442,0.8,1.0
51016,matched_decoder,6,0.7107299429945361,0.06638839840888977,0.8,0.0
51016,matched_decoder,7,0.6821508544758363,0.0634455606341362,0.6,0.0
51016,matched_decoder,8,0.8033457028140464,0.03614027425646782,0.8,1.0
51016,matched_decoder,9,0.8436491630145907,0.04008667543530464,0.8,1.0
51016,matched_decoder,10,0.7701387974561039,0.06615009903907776,0.8,1.0
51016,matched_decoder,11,0.8508069382401366,0.03179648518562317,0.8,1.0
51016,matched_decoder,12,0.901347488150138,0.022706367075443268,0.8,1.0
51016,matched_decoder,13,0.6291262644012452,0.07307477295398712,0.6,1.0
51016,matched_decoder,14,0.5064572702054949,0.10415992885828018,0.4,0.0
51016,matched_decoder,15,0.8150508529859747,0.04068898782134056,0.8,1.0
51016,matched_decoder,16,0.7510244182648398,0.05416632071137428,0.8,1.0
51016,matched_decoder,17,0.9026998702015119,0.02069137617945671,0.8,1.0
51016,matched_decoder,18,0.7585300575945558,0.06661548465490341,0.8,1.0
51016,matched_decoder,19,0.940390716907359,0.012662750668823719,1.0,1.0
51016,matched_decoder,20,0.6874707111017295,0.09330424666404724,0.6,0.0
51016,matched_decoder,21,0.9007701787916189,0.02080831117928028,1.0,1.0
51016,matched_decoder,22,0.6813598189699057,0.07236865162849426,0.6,0.0
51016,matched_decoder,23,0.7666060844472525,0.06941940635442734,0.8,1.0
51016,matched_decoder,24,0.6459734785706119,0.06932592391967773,0.6,1.0
51016,matched_decoder,25,0.7672747987675452,0.059068698436021805,0.8,1.0
51016,matched_decoder,26,0.9820065220095395,0.004384826868772507,1.0,1.0
51016,matched_decoder,27,0.8025756076983273,0.0523550845682621,0.8,1.0
51016,random_content,0,0.10240452170587744,0.17087779939174652,0.0,0.0
51016,random_content,1,0.3814061500071164,0.12927833199501038,0.4,0.0
51016,random_content,2,0.0003864704696155746,0.18076640367507935,0.0,0.0
51016,random_content,3,0.18252111567917487,0.16418804228305817,0.2,0.0
51016,random_content,4,0.18987275854495395,0.15697713196277618,0.2,0.0
51016,random_content,5,0.5982873696059661,0.08691129088401794,0.6,0.0
51016,random_content,6,0.17084610316248483,0.15860529243946075,0.2,0.0
51016,random_content,7,0.1852726357010577,0.17461028695106506,0.2,0.0
51016,random_content,8,0.219441575592351,0.1450881063938141,0.2,0.0
51016,random_content,9,0.17952750912051532,0.16916722059249878,0.2,0.0
51016,random_content,10,0.08271484966513702,0.239183709025383,0.0,0.0
51016,random_content,11,0.1197975522252199,0.13459588587284088,0.2,0.0
51016,random_content,12,0.24590283885658334,0.1300773173570633,0.2,0.0
51016,random_content,13,0.0322617407691476,0.16543231904506683,0.0,0.0
51016,random_content,14,0.07987146540666387,0.14433711767196655,0.2,0.0
51016,random_content,15,0.2044808258232079,0.12568607926368713,0.2,0.0
51016,random_content,16,0.43581776081813145,0.10662242025136948,0.4,0.0
51016,random_content,17,0.29575403039461384,0.10932131111621857,0.2,0.0
51016,random_content,18,0.06551635576231865,0.2019377499818802,0.0,0.0
51016,random_content,19,0.21473810378647676,0.14675815403461456,0.2,0.0
51016,random_content,20,0.35506292778966486,0.12879391014575958,0.4,0.0
51016,random_content,21,2.3799063126844508e-05,0.1722729355096817,0.0,0.0
51016,random_content,22,0.3554957330998167,0.13418076932430267,0.4,0.0
51016,random_content,23,0.45582103161489324,0.11903373897075653,0.4,0.0
51016,random_content,24,0.15717973172716826,0.15845021605491638,0.2,0.0
51016,random_content,25,0.3376945646051875,0.1601705700159073,0.4,0.0
51016,random_content,26,0.23349281075828923,0.1320543736219406,0.2,0.0
51016,random_content,27,0.250878270803292,0.1671837866306305,0.2,0.0
51016,no_plasticity,0,0.351872459435912,0.10000000149011612,0.2,0.0
51016,no_plasticity,1,0.16344000305215706,0.10000000149011612,0.0,0.0
51016,no_plasticity,2,0.18988550972177792,0.10000000149011612,0.0,0.0
51016,no_plasticity,3,0.08289961076930033,0.10000000149011612,0.0,0.0
51016,no_plasticity,4,0.3298026166677483,0.10000000149011612,0.2,0.0
51016,no_plasticity,5,0.22524385152733542,0.10000000149011612,0.2,0.0
51016,no_plasticity,6,0.30744964151423254,0.10000000149011612,0.2,0.0
51016,no_plasticity,7,0.13079674797559596,0.10000000149011612,0.0,0.0
51016,no_plasticity,8,0.11389654900936068,0.10000000149011612,0.0,0.0
51016,no_plasticity,9,0.11903012710461945,0.10000000149011612,0.0,0.0
51016,no_plasticity,10,0.26039931380344233,0.10000000149011612,0.2,0.0
51016,no_plasticity,11,0.1754304433771686,0.10000000149011612,0.0,0.0
51016,no_plasticity,12,0.15296047612838573,0.10000000149011612,0.0,0.0
51016,no_plasticity,13,0.13871135125026995,0.10000000149011612,0.0,0.0
51016,no_plasticity,14,0.09100104660687947,0.10000000149011612,0.0,0.0
51016,no_plasticity,15,0.2282851388521828,0.10000000149011612,0.2,0.0
51016,no_plasticity,16,0.41863871374614986,0.10000000149011612,0.4,1.0
51016,no_plasticity,17,0.21474988386898058,0.10000000149011612,0.2,0.0
51016,no_plasticity,18,0.2530939605699937,0.10000000149011612,0.2,0.0
51016,no_plasticity,19,0.12981304512909422,0.10000000149011612,0.0,0.0
51016,no_plasticity,20,0.38779123418026273,0.10000000149011612,0.4,0.0
51016,no_plasticity,21,0.3485072237444665,0.10000000149011612,0.2,0.0
51016,no_plasticity,22,0.07271482749399284,0.10000000149011612,0.0,0.0
51016,no_plasticity,23,0.18385810968234118,0.10000000149011612,0.2,0.0
51016,no_plasticity,24,0.4105073362428682,0.10000000149011612,0.2,0.0
51016,no_plasticity,25,0.205673416501157,0.10000000149011612,0.2,0.0
51016,no_plasticity,26,0.10224166497643415,0.10000000149011612,0.0,0.0
51016,no_plasticity,27,0.09146751088730644,0.10000000149011612,0.0,0.0
51017,aligned,0,0.7640880352740689,0.05424841493368149,0.8,0.0
51017,aligned,1,0.7536273641312236,0.04700491949915886,0.6,1.0
51017,aligned,2,0.8640986420078304,0.03331159055233002,0.8,1.0
51017,aligned,3,0.9428125900016022,0.012496509589254856,1.0,1.0
51017,aligned,4,0.854603532128262,0.029545815661549568,0.8,1.0
51017,aligned,5,0.8452570509132528,0.030146608129143715,0.8,1.0
51017,aligned,6,0.9045587720684064,0.021738100796937943,0.8,1.0
51017,aligned,7,0.7388190086611647,0.05878952145576477,0.8,1.0
51017,aligned,8,0.85282106461136,0.03708845004439354,0.8,1.0
51017,aligned,9,0.6591072266740665,0.06506385654211044,0.6,1.0
51017,aligned,10,0.8577857075017232,0.03412764519453049,0.8,1.0
51017,aligned,11,0.8760841641057577,0.026277994737029076,0.8,1.0
51017,aligned,12,0.8757082810307328,0.029087405651807785,0.8,1.0
51017,aligned,13,0.9471458648406064,0.010852528735995293,1.0,1.0
51017,aligned,14,0.8961490650182301,0.021565556526184082,0.8,1.0
51017,aligned,15,0.7192736808739084,0.05303189903497696,0.8,1.0
51017,aligned,16,0.7506701178499722,0.055767226964235306,0.8,1.0
51017,aligned,17,0.771675685537217,0.0567464679479599,0.8,1.0
51017,aligned,18,0.8066844541764671,0.0529334582388401,1.0,1.0
51017,aligned,19,0.8941690456593152,0.020053045824170113,0.8,1.0
51017,aligned,20,0.8214437510656468,0.0370134562253952,0.8,1.0
51017,aligned,21,0.8565617968182694,0.029491180554032326,0.8,1.0
51017,aligned,22,0.9836149274875652,0.00353963952511549,1.0,1.0
51017,aligned,23,0.9228396627450575,0.015254138968884945,0.8,1.0
51017,aligned,24,0.75578667270597,0.06189315393567085,0.8,1.0
51017,aligned,25,0.744506272096662,0.054618217051029205,0.8,1.0
51017,aligned,26,0.880054117179803,0.022786226123571396,0.8,1.0
51017,aligned,27,0.9479938166078989,0.011265026405453682,1.0,1.0
51017,fixed_permutation,0,0.4650135060249729,0.1379939764738083,0.2,1.0
51017,fixed_permutation,1,0.12629667036429418,0.21579526364803314,0.0,0.0
51017,fixed_permutation,2,0.002993127081271759,0.2566802501678467,0.0,0.0
51017,fixed_permutation,3,0.142974947590413,0.25596606731414795,0.2,0.0
51017,fixed_permutation,4,0.00020016104246164853,0.2555007040500641,0.0,0.0
51017,fixed_permutation,5,0.07849681062433332,0.2165948897600174,0.0,0.0
51017,fixed_permutation,6,0.10096714409168635,0.19424773752689362,0.0,0.0
51017,fixed_permutation,7,0.1415861924679819,0.26326972246170044,0.2,0.0
51017,fixed_permutation,8,0.1657669635351084,0.21049612760543823,0.0,0.0
51017,fixed_permutation,9,0.018850156438166853,0.22039088606834412,0.0,0.0
51017,fixed_permutation,10,0.0009368950058675405,0.2909008860588074,0.0,0.0
51017,fixed_permutation,11,0.15334907323903313,0.2621963322162628,0.2,0.0
51017,fixed_permutation,12,0.2556561289574203,0.12422991544008255,0.2,0.0
51017,fixed_permutation,13,0.14795900896138647,0.2007172554731369,0.2,0.0
51017,fixed_permutation,14,0.014998321642417956,0.2842696011066437,0.0,0.0
51017,fixed_permutation,15,0.07618937209000566,0.21157260239124298,0.0,0.0
51017,fixed_permutation,16,0.1822469068850034,0.19618885219097137,0.0,0.0
51017,fixed_permutation,17,0.17590730948242692,0.17944873869419098,0.2,0.0
51017,fixed_permutation,18,0.12155483980987272,0.277077317237854,0.0,0.0
51017,fixed_permutation,19,0.07182684095391746,0.13195522129535675,0.2,0.0
51017,fixed_permutation,20,0.16903556348725515,0.20006301999092102,0.2,0.0
51017,fixed_permutation,21,0.07333353344633735,0.2384127676486969,0.0,0.0
51017,fixed_permutation,22,0.017651151501795005,0.18648646771907806,0.0,0.0
51017,fixed_permutation,23,0.4164067951705615,0.11963039636611938,0.2,1.0
51017,fixed_permutation,24,0.0012972315155818366,0.3085736632347107,0.0,0.0
51017,fixed_permutation,25,0.10260120473684782,0.2592628598213196,0.0,0.0
51017,fixed_permutation,26,0.10125589998142445,0.21706260740756989,0.0,0.0
51017,fixed_permutation,27,0.2868949205909584,0.12451039999723434,0.2,0.0
51017,matched_decoder,0,0.7640880588600629,0.05424840748310089,0.8,0.0
51017,matched_decoder,1,0.7536273949263654,0.047004904597997665,0.6,1.0
51017,matched_decoder,2,0.8640986505461813,0.03331159055233002,0.8,1.0
51017,matched_decoder,3,0.9428126416031009,0.012496497482061386,1.0,1.0
51017,matched_decoder,4,0.8546035347245178,0.029545817524194717,0.8,1.0
51017,matched_decoder,5,0.8452570517915202,0.030146609991788864,0.8,1.0
51017,matched_decoder,6,0.9045587873433024,0.021738095209002495,0.8,1.0
51017,matched_decoder,7,0.7388190143997384,0.05878952518105507,0.8,1.0
51017,matched_decoder,8,0.8528210701471907,0.03708845004439354,0.8,1.0
51017,matched_decoder,9,0.6591072049675722,0.06506387144327164,0.6,1.0
51017,matched_decoder,10,0.8577856765931254,0.034127648919820786,0.8,1.0
51017,matched_decoder,11,0.8760842649776192,0.026277970522642136,0.8,1.0
51017,matched_decoder,12,0.8757082818376835,0.029087405651807785,0.8,1.0
51017,matched_decoder,13,0.9471458213103646,0.010852537117898464,1.0,1.0
51017,matched_decoder,14,0.8961490808808741,0.021565554663538933,0.8,1.0
51017,matched_decoder,15,0.7192736626505818,0.05303190276026726,0.8,1.0
51017,matched_decoder,16,0.7506701799005961,0.05576721206307411,0.8,1.0
51017,matched_decoder,17,0.7716756856166975,0.0567464679479599,0.8,1.0
51017,matched_decoder,18,0.8066844407550888,0.0529334656894207,1.0,1.0
51017,matched_decoder,19,0.8941690497357909,0.020053045824170113,0.8,1.0
51017,matched_decoder,20,0.8214436546644935,0.0370134674012661,0.8,1.0
51017,matched_decoder,21,0.8565617580817866,0.02949119172990322,0.8,1.0
51017,matched_decoder,22,0.9836149913975841,0.0035396264865994453,1.0,1.0
51017,matched_decoder,23,0.9228396962607459,0.015254131518304348,0.8,1.0
51017,matched_decoder,24,0.7557867191316991,0.06189314275979996,0.8,1.0
51017,matched_decoder,25,0.7445062964253494,0.05461820960044861,0.8,1.0
51017,matched_decoder,26,0.8800541382277063,0.022786224260926247,0.8,1.0
51017,matched_decoder,27,0.9479938208582803,0.011265026405453682,1.0,1.0
51017,random_content,0,0.29923202877290456,0.15617568790912628,0.2,0.0
51017,random_content,1,7.282840663657215e-05,0.14036843180656433,0.0,0.0
51017,random_content,2,0.1993915677829117,0.1722952425479889,0.2,0.0
51017,random_content,3,0.2610809602566035,0.14105845987796783,0.2,0.0
51017,random_content,4,0.25527919624816603,0.13388080894947052,0.2,0.0
51017,random_content,5,0.18172831900508746,0.19145697355270386,0.2,0.0
51017,random_content,6,0.04950477551675255,0.1590021848678589,0.0,0.0
51017,random_content,7,0.3837608094641543,0.12807682156562805,0.4,0.0
51017,random_content,8,0.0007504909286632491,0.2186863124370575,0.0,0.0
51017,random_content,9,9.565752918716492e-05,0.18767257034778595,0.0,0.0
51017,random_content,10,0.09470030011829887,0.2016974240541458,0.0,0.0
51017,random_content,11,0.13857281904082816,0.1994856894016266,0.0,0.0
51017,random_content,12,0.37119375394927046,0.1340865194797516,0.4,0.0
51017,random_content,13,6.352513720802608e-05,0.17786026000976562,0.0,0.0
51017,random_content,14,0.18717129394850252,0.19784271717071533,0.2,0.0
51017,random_content,15,0.00993860414530573,0.18778568506240845,0.0,0.0
51017,random_content,16,0.04841436160155939,0.14367520809173584,0.2,0.0
51017,random_content,17,0.003751145763091372,0.2011730968952179,0.0,0.0
51017,random_content,18,0.35044714926477444,0.14272446930408478,0.4,0.0
51017,random_content,19,0.004906440051367088,0.11771614104509354,0.0,0.0
51017,random_content,20,0.23604958564758485,0.13395468890666962,0.2,0.0
51017,random_content,21,0.18770349813321752,0.15953844785690308,0.2,0.0
51017,random_content,22,0.00026888971421621175,0.1656201183795929,0.0,0.0
51017,random_content,23,0.1733666113316087,0.18370895087718964,0.2,0.0
51017,random_content,24,0.1807342661104319,0.18800094723701477,0.2,0.0
51017,random_content,25,0.0219666583336544,0.22087493538856506,0.0,0.0
51017,random_content,26,0.02129666070284908,0.20331157743930817,0.0,0.0
51017,random_content,27,0.2817323425454708,0.11264698207378387,0.2,0.0
51017,no_plasticity,0,0.2676548164763327,0.10000000149011612,0.2,0.0
51017,no_plasticity,1,0.3818351249440447,0.10000000149011612,0.4,0.0
51017,no_plasticity,2,0.2007561681405158,0.10000000149011612,0.0,0.0
51017,no_plasticity,3,0.2546353165614999,0.10000000149011612,0.2,0.0
51017,no_plasticity,4,0.11090824226748842,0.10000000149011612,0.0,0.0
51017,no_plasticity,5,0.23217068530737497,0.10000000149011612,0.0,0.0
51017,no_plasticity,6,0.1869871844175439,0.10000000149011612,0.0,0.0
51017,no_plasticity,7,0.2711940478804801,0.10000000149011612,0.0,0.0
51017,no_plasticity,8,0.3121882984076616,0.10000000149011612,0.2,0.0
51017,no_plasticity,9,0.3011241597380903,0.10000000149011612,0.2,0.0
51017,no_plasticity,10,0.16061447278193394,0.10000000149011612,0.0,0.0
51017,no_plasticity,11,0.3126747417087345,0.10000000149011612,0.2,0.0
51017,no_plasticity,12,0.2560678533679455,0.10000000149011612,0.2,0.0
51017,no_plasticity,13,0.2513059655349452,0.10000000149011612,0.0,0.0
51017,no_plasticity,14,0.38939954197535925,0.10000000149011612,0.2,1.0
51017,no_plasticity,15,0.054677628317984596,0.10000000149011612,0.0,0.0
51017,no_plasticity,16,0.17081108582440763,0.10000000149011612,0.0,0.0
51017,no_plasticity,17,0.2078462405550494,0.10000000149011612,0.0,0.0
51017,no_plasticity,18,0.2620167134842584,0.10000000149011612,0.2,0.0
51017,no_plasticity,19,0.1998989950387224,0.10000000149011612,0.0,0.0
51017,no_plasticity,20,0.17670568162717934,0.10000000149011612,0.0,0.0
51017,no_plasticity,21,0.19216960548676196,0.10000000149011612,0.0,0.0
51017,no_plasticity,22,0.3255965584382574,0.10000000149011612,0.0,0.0
51017,no_plasticity,23,0.2564688254012449,0.10000000149011612,0.2,0.0
51017,no_plasticity,24,0.25901313450208147,0.10000000149011612,0.0,0.0
51017,no_plasticity,25,0.1681393938016785,0.10000000149011612,0.0,0.0
51017,no_plasticity,26,0.21526387115643872,0.10000000149011612,0.0,0.0
51017,no_plasticity,27,0.1569120319691282,0.10000000149011612,0.0,0.0
51018,aligned,0,0.7673665251895887,0.05116540938615799,0.8,1.0
51018,aligned,1,0.6272748515424321,0.11878684163093567,0.6,0.0
51018,aligned,2,0.731613812751144,0.059488020837306976,0.8,1.0
51018,aligned,3,0.6140842896469577,0.062296610325574875,0.8,1.0
51018,aligned,4,0.8576868360636107,0.03522065281867981,1.0,1.0
51018,aligned,5,0.849073109313405,0.031197812408208847,0.8,1.0
51018,aligned,6,0.8596789714094272,0.02612224780023098,0.8,1.0
51018,aligned,7,0.7932918954511413,0.03796207904815674,0.8,1.0
51018,aligned,8,0.7798519077813371,0.06211145222187042,0.8,1.0
51018,aligned,9,0.7487275359468514,0.07837729901075363,1.0,1.0
51018,aligned,10,0.7907015931638816,0.051551882177591324,0.8,1.0
51018,aligned,11,0.812154973169742,0.03617183864116669,0.8,1.0
51018,aligned,12,0.8779018581196126,0.024226009845733643,0.8,1.0
51018,aligned,13,0.8722183400896449,0.03142334148287773,1.0,1.0
51018,aligned,14,0.9560093335676458,0.008625286631286144,1.0,1.0
51018,aligned,15,0.8293338359593668,0.03126568719744682,0.8,1.0
51018,aligned,16,0.6286389391176501,0.09764458984136581,0.6,0.0
51018,aligned,17,0.568361493300882,0.07144029438495636,0.6,1.0
51018,aligned,18,0.751308640901111,0.07036422938108444,0.8,1.0
51018,aligned,19,0.8392792125002444,0.04196403920650482,1.0,1.0
51018,aligned,20,0.9464464066497056,0.010634004138410091,1.0,1.0
51018,aligned,21,0.8177657542693808,0.04945465177297592,1.0,1.0
51018,aligned,22,0.9814918394546714,0.0037579054478555918,1.0,1.0
51018,aligned,23,0.7318993528459812,0.05736108124256134,0.8,1.0
51018,aligned,24,0.8305041896291832,0.040551938116550446,0.8,1.0
51018,aligned,25,0.8802892619280377,0.028599977493286133,0.8,1.0
51018,aligned,26,0.7934777736521833,0.037066750228405,0.6,1.0
51018,aligned,27,0.9238809672680967,0.015782080590724945,1.0,1.0
51018,fixed_permutation,0,0.0013427697400560127,0.22883042693138123,0.0,0.0
51018,fixed_permutation,1,0.07292149532203479,0.2867134213447571,0.0,0.0
51018,fixed_permutation,2,0.00019192116328573648,0.21661075949668884,0.0,0.0
51018,fixed_permutation,3,0.17852607080699226,0.1268911510705948,0.4,0.0
51018,fixed_permutation,4,0.2838449584022064,0.183057501912117,0.2,0.0
51018,fixed_permutation,5,0.0002536663304944169,0.21585866808891296,0.0,0.0
51018,fixed_permutation,6,0.19572937381117275,0.1627592295408249,0.2,0.0
51018,fixed_permutation,7,0.0029970766910341604,0.19264836609363556,0.0,0.0
51018,fixed_permutation,8,0.06524402149939271,0.24683432281017303,0.0,0.0
51018,fixed_permutation,9,4.22235815430764e-05,0.2921205759048462,0.0,0.0
51018,fixed_permutation,10,0.39008776355640423,0.17179599404335022,0.2,0.0
51018,fixed_permutation,11,0.1398335164714021,0.19203709065914154,0.0,0.0
51018,fixed_permutation,12,0.13168275664889856,0.16532330214977264,0.2,0.0
51018,fixed_permutation,13,0.21454879776418734,0.194941446185112,0.2,0.0
51018,fixed_permutation,14,0.15049383236786465,0.2332945019006729,0.2,0.0
51018,fixed_permutation,15,0.3995366961299672,0.11989175528287888,0.4,1.0
51018,fixed_permutation,16,0.25397740401425256,0.1628856509923935,0.0,0.0
51018,fixed_permutation,17,0.30573579482979146,0.10131224989891052,0.2,0.0
51018,fixed_permutation,18,0.037282516808529134,0.21482963860034943,0.0,0.0
51018,fixed_permutation,19,0.15073620505228696,0.23584480583667755,0.2,0.0
51018,fixed_permutation,20,0.0009517732315590257,0.2541469633579254,0.0,0.0
51018,fixed_permutation,21,0.15749297523636552,0.23811239004135132,0.2,0.0
51018,fixed_permutation,22,0.17506762259243935,0.18110212683677673,0.2,0.0
51018,fixed_permutation,23,0.06601898129895668,0.1704900860786438,0.0,0.0
51018,fixed_permutation,24,0.1601682675235324,0.21540947258472443,0.2,0.0
51018,fixed_permutation,25,7.441296880086671e-06,0.22494307160377502,0.0,0.0
51018,fixed_permutation,26,0.24973946260785235,0.1255214512348175,0.2,0.0
51018,fixed_permutation,27,0.1538927509032881,0.18441520631313324,0.2,0.0
51018,matched_decoder,0,0.7673665058360467,0.05116541311144829,0.8,1.0
51018,matched_decoder,1,0.627274895189125,0.11878683418035507,0.6,0.0
51018,matched_decoder,2,0.7316138113651067,0.05948801338672638,0.8,1.0
51018,matched_decoder,3,0.6140842529661878,0.06229661405086517,0.8,1.0
51018,matched_decoder,4,0.8576867788881433,0.0352206751704216,1.0,1.0
51018,matched_decoder,5,0.8490731763718629,0.031197797507047653,0.8,1.0
51018,matched_decoder,6,0.8596789639503586,0.02612224966287613,0.8,1.0
51018,matched_decoder,7,0.7932918660160913,0.03796208277344704,0.8,1.0
51018,matched_decoder,8,0.7798519150684461,0.06211145222187042,0.8,1.0
51018,matched_decoder,9,0.7487275512101302,0.07837729156017303,1.0,1.0
51018,matched_decoder,10,0.7907016072694492,0.051551882177591324,0.8,1.0
51018,matched_decoder,11,0.812154978052185,0.03617183864116669,0.8,1.0
51018,matched_decoder,12,0.8779017809375489,0.024226021021604538,0.8,1.0
51018,matched_decoder,13,0.8722183543410981,0.03142334148287773,1.0,1.0
51018,matched_decoder,14,0.9560093298862741,0.008625286631286144,1.0,1.0
51018,matched_decoder,15,0.8293338357764656,0.03126569092273712,0.8,1.0
51018,matched_decoder,16,0.6286389693718007,0.09764457494020462,0.6,0.0
51018,matched_decoder,17,0.5683614895475123,0.07144029438495636,0.6,1.0
51018,matched_decoder,18,0.7513086815542063,0.07036420702934265,0.8,1.0
51018,matched_decoder,19,0.8392792114123905,0.04196403920650482,1.0,1.0
51018,matched_decoder,20,0.946446406663793,0.010634004138410091,1.0,1.0
51018,matched_decoder,21,0.8177657642061932,0.04945465177297592,1.0,1.0
51018,matched_decoder,22,0.9814918480854444,0.0037579035852104425,1.0,1.0
51018,matched_decoder,23,0.7318993688447123,0.05736108124256134,0.8,1.0
51018,matched_decoder,24,0.8305041802287186,0.04055194556713104,0.8,1.0
51018,matched_decoder,25,0.8802892425791454,0.02859998308122158,0.8,1.0
51018,matched_decoder,26,0.7934777415149863,0.037066757678985596,0.6,1.0
51018,matched_decoder,27,0.9238809163616621,0.01578209176659584,1.0,1.0
51018,random_content,0,1.0719688638737094e-05,0.21813610196113586,0.0,0.0
51018,random_content,1,0.0005131486682898086,0.20082014799118042,0.0,0.0
51018,random_content,2,0.13928416252087403,0.14659324288368225,0.2,0.0
51018,random_content,3,0.0008180458769296551,0.18708568811416626,0.0,0.0
51018,random_content,4,0.3213256169046492,0.14100641012191772,0.4,0.0
51018,random_content,5,0.0034268993414495624,0.22687934339046478,0.0,0.0
51018,random_content,6,0.018220007018663983,0.1976093351840973,0.0,0.0
51018,random_content,7,0.03785397771450184,0.1933586299419403,0.0,0.0
51018,random_content,8,0.11508573909928793,0.18875862658023834,0.0,0.0
51018,random_content,9,0.0022945524356995954,0.20683883130550385,0.0,0.0
51018,random_content,10,0.18974919865115658,0.17017269134521484,0.2,0.0
51018,random_content,11,0.002720948315257986,0.12258965522050858,0.0,0.0
51018,random_content,12,0.5276792176266724,0.07647092640399933,0.6,1.0
51018,random_content,13,0.03884667127411839,0.1786544919013977,0.0,0.0
51018,random_content,14,0.4922236635978975,0.09505510330200195,0.4,0.0
51018,random_content,15,3.606278189691472e-05,0.12189821153879166,0.0,0.0
51018,random_content,16,0.01580269296178684,0.17030367255210876,0.0,0.0
51018,random_content,17,0.2575048678005631,0.1203911229968071,0.2,0.0
51018,random_content,18,0.0004575024313184357,0.11994916200637817,0.0,0.0
51018,random_content,19,0.3379377662223144,0.1284925490617752,0.4,0.0
51018,random_content,20,0.004152897005968177,0.10558595508337021,0.0,0.0
51018,random_content,21,0.43313263995911283,0.09102541208267212,0.4,0.0
51018,random_content,22,7.806283571686553e-05,0.20437805354595184,0.0,0.0
51018,random_content,23,0.2860302381531096,0.15596282482147217,0.2,0.0
51018,random_content,24,0.24820698140739395,0.13859747350215912,0.2,0.0
51018,random_content,25,0.040634023522910796,0.18652281165122986,0.0,0.0
51018,random_content,26,0.00038685396918832323,0.1456691324710846,0.0,0.0
51018,random_content,27,0.2984102410472733,0.10921141505241394,0.4,0.0
51018,no_plasticity,0,0.03033164582268478,0.10000000149011612,0.0,0.0
51018,no_plasticity,1,0.33894495346412307,0.10000000149011612,0.4,0.0
51018,no_plasticity,2,0.10990650303020714,0.10000000149011612,0.0,0.0
51018,no_plasticity,3,0.03756961423024021,0.10000000149011612,0.0,0.0
51018,no_plasticity,4,0.09592352399570662,0.10000000149011612,0.0,0.0
51018,no_plasticity,5,0.22597426051313493,0.10000000149011612,0.2,0.0
51018,no_plasticity,6,0.1909783012450944,0.10000000149011612,0.0,0.0
51018,no_plasticity,7,0.24272130665154443,0.10000000149011612,0.2,0.0
51018,no_plasticity,8,0.20504747758440697,0.10000000149011612,0.2,0.0
51018,no_plasticity,9,0.24228672092471443,0.10000000149011612,0.2,0.0
51018,no_plasticity,10,0.08162037583660049,0.10000000149011612,0.0,0.0
51018,no_plasticity,11,0.35556034474658954,0.10000000149011612,0.4,0.0
51018,no_plasticity,12,0.06674235032644439,0.10000000149011612,0.0,0.0
51018,no_plasticity,13,0.031641458416597955,0.10000000149011612,0.0,0.0
51018,no_plasticity,14,0.21612295501604392,0.10000000149011612,0.0,0.0
51018,no_plasticity,15,0.19368202778073765,0.10000000149011612,0.0,0.0
51018,no_plasticity,16,0.28916730633312,0.10000000149011612,0.2,0.0
51018,no_plasticity,17,0.23998462599839682,0.10000000149011612,0.2,0.0
51018,no_plasticity,18,0.27736917440881237,0.10000000149011612,0.2,0.0
51018,no_plasticity,19,0.5815516459093615,0.10000000149011612,0.4,1.0
51018,no_plasticity,20,0.041124112183136025,0.10000000149011612,0.0,0.0
51018,no_plasticity,21,0.2399749791610966,0.10000000149011612,0.0,0.0
51018,no_plasticity,22,0.07850402116592078,0.10000000149011612,0.0,0.0
51018,no_plasticity,23,0.19475167645517516,0.10000000149011612,0.0,0.0
51018,no_plasticity,24,0.12733897428451274,0.10000000149011612,0.0,0.0
51018,no_plasticity,25,0.36878413336962934,0.10000000149011612,0.2,0.0
51018,no_plasticity,26,0.17305931944744146,0.10000000149011612,0.0,0.0
51018,no_plasticity,27,0.17006807228008142,0.10000000149011612,0.0,0.0
51019,aligned,0,0.8631349222328817,0.025794267654418945,0.8,1.0
51019,aligned,1,0.6555408162479156,0.09719584137201309,0.6,1.0
51019,aligned,2,0.8833693096426368,0.024418098852038383,0.8,1.0
51019,aligned,3,0.840532152876603,0.030580291524529457,0.8,1.0
51019,aligned,4,0.8928957880334912,0.0202987901866436,0.8,1.0
51019,aligned,5,0.7441267077761429,0.04587936028838158,0.6,1.0
51019,aligned,6,0.7870301204259929,0.03805997222661972,0.6,1.0
51019,aligned,7,0.928207537971924,0.014007018879055977,0.8,1.0
51019,aligned,8,0.7764163230739479,0.051884789019823074,0.8,1.0
51019,aligned,9,0.7099732089775537,0.06528863310813904,0.6,1.0
51019,aligned,10,0.7716709960830962,0.05271659418940544,0.8,1.0
51019,aligned,11,0.8815730117858379,0.027102667838335037,1.0,1.0
51019,aligned,12,0.876526362700234,0.02779167890548706,0.8,1.0
51019,aligned,13,0.6975047150499112,0.08198598027229309,0.4,1.0
51019,aligned,14,0.8810317755324186,0.028642669320106506,1.0,1.0
51019,aligned,15,0.8978944971183173,0.02261589840054512,0.8,1.0
51019,aligned,16,0.7737897182225602,0.04286057502031326,0.8,1.0
51019,aligned,17,0.6980597223924083,0.0713878944516182,0.8,1.0
51019,aligned,18,0.6380208681508567,0.07041344046592712,0.6,1.0
51019,aligned,19,0.808805388320778,0.046127986162900925,0.8,1.0
51019,aligned,20,0.9025214518735155,0.022706134244799614,1.0,1.0
51019,aligned,21,0.8818153689846632,0.02856476604938507,1.0,1.0
51019,aligned,22,0.668436919378628,0.06991761922836304,0.6,1.0
51019,aligned,23,0.8527648322962776,0.02728947438299656,0.8,1.0
51019,aligned,24,0.8255105314509752,0.03376112878322601,0.8,1.0
51019,aligned,25,0.8078419592154199,0.03763175383210182,0.8,1.0
51019,aligned,26,0.7932462616711243,0.039143722504377365,0.8,1.0
51019,aligned,27,0.5899032113164725,0.08346312493085861,0.6,1.0
51019,fixed_permutation,0,0.012498080250917958,0.22008909285068512,0.0,0.0
51019,fixed_permutation,1,0.2853233049960897,0.20708447694778442,0.4,0.0
51019,fixed_permutation,2,0.12577237399616908,0.23254580795764923,0.0,0.0
51019,fixed_permutation,3,0.14695839481161746,0.246162548661232,0.2,0.0
51019,fixed_permutation,4,0.0007641818089734678,0.24281831085681915,0.0,0.0
51019,fixed_permutation,5,0.16135099807398862,0.19258157908916473,0.2,0.0
51019,fixed_permutation,6,0.241708158724581,0.12837916612625122,0.2,0.0
51019,fixed_permutation,7,0.29439563293663784,0.1457095742225647,0.2,0.0
51019,fixed_permutation,8,0.1942322167890544,0.1912239044904709,0.2,0.0
51019,fixed_permutation,9,0.13702798959715234,0.26007789373397827,0.0,0.0
51019,fixed_permutation,10,0.09131698929808901,0.237031027674675,0.0,0.0
51019,fixed_permutation,11,0.3293060325241876,0.15113525092601776,0.4,0.0
51019,fixed_permutation,12,0.19221658218157225,0.18621405959129333,0.2,0.0
51019,fixed_permutation,13,0.00010845962590472648,0.2426535189151764,0.0,0.0
51019,fixed_permutation,14,0.17549161962300258,0.2076195776462555,0.2,0.0
51019,fixed_permutation,15,0.2408040806488456,0.1700136959552765,0.2,0.0
51019,fixed_permutation,16,0.16822405513367975,0.2319314181804657,0.0,0.0
51019,fixed_permutation,17,0.07847718821332503,0.2557138204574585,0.0,0.0
51019,fixed_permutation,18,0.195346314247784,0.15256452560424805,0.2,0.0
51019,fixed_permutation,19,0.17461130920442555,0.1887548863887787,0.2,0.0
51019,fixed_permutation,20,0.14720376520606662,0.24494369328022003,0.2,0.0
51019,fixed_permutation,21,0.051391768268894834,0.286905437707901,0.0,0.0
51019,fixed_permutation,22,0.23099731640633347,0.1338147073984146,0.2,0.0
51019,fixed_permutation,23,0.13857826753672642,0.1647411733865738,0.0,0.0
51019,fixed_permutation,24,0.009617554287491285,0.24464479088783264,0.0,0.0
51019,fixed_permutation,25,0.19489988175850623,0.16787292063236237,0.2,0.0
51019,fixed_permutation,26,0.0013554354934856786,0.21084347367286682,0.0,0.0
51019,fixed_permutation,27,6.712533813239776e-05,0.15568403899669647,0.0,0.0
51019,matched_decoder,0,0.8631348850550602,0.025794275104999542,0.8,1.0
51019,matched_decoder,1,0.6555407810020156,0.09719585627317429,0.6,1.0
51019,matched_decoder,2,0.8833693266249385,0.024418098852038383,0.8,1.0
51019,matched_decoder,3,0.8405321669591459,0.03058028407394886,0.8,1.0
51019,matched_decoder,4,0.8928957789304558,0.0202987939119339,0.8,1.0
51019,matched_decoder,5,0.7441267578874591,0.04587934911251068,0.6,1.0
51019,matched_decoder,6,0.7870300850202129,0.03805997967720032,0.6,1.0
51019,matched_decoder,7,0.9282075196570237,0.014007022604346275,0.8,1.0
51019,matched_decoder,8,0.776416277200055,0.05188480764627457,0.8,1.0
51019,matched_decoder,9,0.7099732507987069,0.06528861075639725,0.6,1.0
51019,matched_decoder,10,0.7716710040208932,0.05271659046411514,0.8,1.0
51019,matched_decoder,11,0.8815730090902177,0.027102671563625336,1.0,1.0
51019,matched_decoder,12,0.8765263748490001,0.027791673317551613,0.8,1.0
51019,matched_decoder,13,0.6975047131202402,0.08198598027229309,0.4,1.0
51019,matched_decoder,14,0.8810317659812811,0.028642669320106506,1.0,1.0
51019,matched_decoder,15,0.8978944962872767,0.02261590026319027,0.8,1.0
51019,matched_decoder,16,0.7737897602064757,0.04286056384444237,0.8,1.0
51019,matched_decoder,17,0.6980596827724073,0.07138790935277939,0.8,1.0
51019,matched_decoder,18,0.6380208699663941,0.07041344791650772,0.6,1.0
51019,matched_decoder,19,0.8088053985394285,0.046127986162900925,0.8,1.0
51019,matched_decoder,20,0.9025214376935852,0.022706136107444763,1.0,1.0
51019,matched_decoder,21,0.8818153733943979,0.028564762324094772,1.0,1.0
51019,matched_decoder,22,0.6684369135041439,0.06991761922836304,0.6,1.0
51019,matched_decoder,23,0.8527647958215432,0.027289481833577156,0.8,1.0
51019,matched_decoder,24,0.8255105367808803,0.03376112878322601,0.8,1.0
51019,matched_decoder,25,0.8078419474880525,0.03763175383210182,0.8,1.0
51019,matched_decoder,26,0.7932461754703578,0.03914373740553856,0.8,1.0
51019,matched_decoder,27,0.5899032339031405,0.08346311748027802,0.6,1.0
51019,random_content,0,0.3998519136102772,0.11467500776052475,0.4,0.0
51019,random_content,1,0.18098461949913708,0.18334436416625977,0.2,0.0
51019,random_content,2,0.4980155797063431,0.08341886848211288,0.4,0.0
51019,random_content,3,0.3123701022156055,0.0984237864613533,0.2,0.0
51019,random_content,4,0.45284376260884335,0.1081462949514389,0.4,0.0
51019,random_content,5,0.2126305371233508,0.14733347296714783,0.2,0.0
51019,random_content,6,0.09787888486766969,0.1564570665359497,0.0,0.0
51019,random_content,7,0.007800652379244776,0.19067907333374023,0.0,0.0
51019,random_content,8,0.3486538890111016,0.14358079433441162,0.2,0.0
51019,random_content,9,0.199716837404563,0.145575612783432,0.2,0.0
51019,random_content,10,0.24314679619649113,0.16318891942501068,0.2,0.0
51019,random_content,11,0.2730632142838463,0.12845268845558167,0.2,0.0
51019,random_content,12,0.4145446586190925,0.1126839742064476,0.4,0.0
51019,random_content,13,0.3638556099809118,0.12819457054138184,0.4,0.0
51019,random_content,14,0.21589402776787178,0.15301495790481567,0.2,0.0
51019,random_content,15,0.040946018412829764,0.19337181746959686,0.0,0.0
51019,random_content,16,0.3836636134564036,0.12336874008178711,0.4,0.0
51019,random_content,17,0.19555258300165881,0.1713838428258896,0.2,0.0
51019,random_content,18,0.05694075220262718,0.14639705419540405,0.0,0.0
51019,random_content,19,0.18346414948611248,0.18519721925258636,0.2,0.0
51019,random_content,20,0.18998292419099974,0.18665190041065216,0.2,0.0
51019,random_content,21,0.6275154405843837,0.08265352994203568,0.4,1.0
51019,random_content,22,0.14096629259907204,0.1556641012430191,0.2,0.0
51019,random_content,23,0.01621224296363776,0.16425877809524536,0.0,0.0
51019,random_content,24,0.4408311003551192,0.10049554705619812,0.4,0.0
51019,random_content,25,0.05688074384180785,0.15113182365894318,0.2,0.0
51019,random_content,26,0.004931834558507889,0.13289228081703186,0.0,0.0
51019,random_content,27,0.21677493200916184,0.14629234373569489,0.2,0.0
51019,no_plasticity,0,0.2480153436846926,0.10000000149011612,0.0,0.0
51019,no_plasticity,1,0.1439141916920236,0.10000000149011612,0.0,0.0
51019,no_plasticity,2,0.12991865906717104,0.10000000149011612,0.0,0.0
51019,no_plasticity,3,0.1122345549751522,0.10000000149011612,0.0,0.0
51019,no_plasticity,4,0.2269865630858112,0.10000000149011612,0.2,0.0
51019,no_plasticity,5,0.07106203039508423,0.10000000149011612,0.0,0.0
51019,no_plasticity,6,0.2946966259421508,0.10000000149011612,0.2,0.0
51019,no_plasticity,7,0.1947679366787573,0.10000000149011612,0.0,0.0
51019,no_plasticity,8,0.28873932264191515,0.10000000149011612,0.2,0.0
51019,no_plasticity,9,0.2287383453034912,0.10000000149011612,0.2,0.0
51019,no_plasticity,10,0.2277775024982866,0.10000000149011612,0.2,0.0
51019,no_plasticity,11,0.37375879940698215,0.10000000149011612,0.4,0.0
51019,no_plasticity,12,0.2063750619680697,0.10000000149011612,0.2,0.0
51019,no_plasticity,13,0.3970866009650117,0.10000000149011612,0.2,1.0
51019,no_plasticity,14,0.25688891433455885,0.10000000149011612,0.4,0.0
51019,no_plasticity,15,0.1679904439743065,0.10000000149011612,0.0,0.0
51019,no_plasticity,16,0.2180999225653545,0.10000000149011612,0.0,0.0
51019,no_plasticity,17,0.3968561355020929,0.10000000149011612,0.4,0.0
51019,no_plasticity,18,0.3572528441253697,0.10000000149011612,0.2,0.0
51019,no_plasticity,19,0.3087441341097943,0.10000000149011612,0.2,0.0
51019,no_plasticity,20,0.22218015745848427,0.10000000149011612,0.2,0.0
51019,no_plasticity,21,0.19908627914503488,0.10000000149011612,0.2,0.0
51019,no_plasticity,22,0.17757059157498406,0.10000000149011612,0.0,0.0
51019,no_plasticity,23,0.17980281993726077,0.10000000149011612,0.0,0.0
51019,no_plasticity,24,0.14508652132606242,0.10000000149011612,0.0,0.0
51019,no_plasticity,25,0.2057742860066482,0.10000000149011612,0.0,0.0
51019,no_plasticity,26,0.17314307546887775,0.10000000149011612,0.0,0.0
51019,no_plasticity,27,0.26385846492348825,0.10000000149011612,0.0,0.0
51020,aligned,0,0.9254496471649092,0.016744665801525116,1.0,1.0
51020,aligned,1,0.915153419082806,0.018298443406820297,0.8,1.0
51020,aligned,2,0.8557712166085971,0.027442770078778267,0.8,1.0
51020,aligned,3,0.6556134015689656,0.06733059138059616,0.6,1.0
51020,aligned,4,0.9435311555992154,0.012231540866196156,1.0,1.0
51020,aligned,5,0.73257611147539,0.06388544291257858,0.6,1.0
51020,aligned,6,0.8425965769059991,0.03636864200234413,0.8,1.0
51020,aligned,7,0.9856508003150986,0.0028690886683762074,1.0,1.0
51020,aligned,8,0.5677734208316908,0.0781521424651146,0.6,0.0
51020,aligned,9,0.7938649394566499,0.038687046617269516,0.8,1.0
51020,aligned,10,0.9878096897392348,0.0026375697925686836,1.0,1.0
51020,aligned,11,0.7724113559887702,0.04397299140691757,0.6,1.0
51020,aligned,12,0.965315752484045,0.006868964526802301,1.0,1.0
51020,aligned,13,0.8195315150780266,0.037994612008333206,0.8,1.0
51020,aligned,14,0.8010453320724455,0.04014437273144722,0.8,1.0
51020,aligned,15,0.7448339423951332,0.05572056770324707,0.6,1.0
51020,aligned,16,0.7907763720639357,0.05096961930394173,0.8,1.0
51020,aligned,17,0.8918876312696354,0.02079746499657631,0.8,1.0
51020,aligned,18,0.9352571176548294,0.01329309493303299,1.0,1.0
51020,aligned,19,0.982395862216284,0.0035407799296081066,1.0,1.0
51020,aligned,20,0.9482635344475682,0.011040356010198593,1.0,1.0
51020,aligned,21,0.804316684181102,0.03888503834605217,0.8,1.0
51020,aligned,22,0.8738958587470446,0.023792937397956848,0.8,1.0
51020,aligned,23,0.9285460781186441,0.014513109810650349,1.0,1.0
51020,aligned,24,0.9954146791938279,0.0009673525928519666,1.0,1.0
51020,aligned,25,0.8211241749056463,0.04266485199332237,0.8,1.0
51020,aligned,26,0.9319458104838277,0.015093867667019367,1.0,1.0
51020,aligned,27,0.7801815394594785,0.04508953168988228,0.8,1.0
51020,fixed_permutation,0,0.006842411086615891,0.20681871473789215,0.0,0.0
51020,fixed_permutation,1,0.18996454425657275,0.16940295696258545,0.2,0.0
51020,fixed_permutation,2,0.007667550624294315,0.19158542156219482,0.0,0.0
51020,fixed_permutation,3,0.46707343619492936,0.08607837557792664,0.4,1.0
51020,fixed_permutation,4,0.022168950216410258,0.2332397848367691,0.0,0.0
51020,fixed_permutation,5,0.2990003501654374,0.18362542986869812,0.2,0.0
51020,fixed_permutation,6,0.046851672320790926,0.1948270946741104,0.0,0.0
51020,fixed_permutation,7,0.40235050366694763,0.10830813646316528,0.4,1.0
51020,fixed_permutation,8,0.006668675045933643,0.22751672565937042,0.0,0.0
51020,fixed_permutation,9,0.17401160218757192,0.16188254952430725,0.0,0.0
51020,fixed_permutation,10,0.10011264169392205,0.17039279639720917,0.0,0.0
51020,fixed_permutation,11,0.0026734606982802044,0.17803101241588593,0.0,0.0
51020,fixed_permutation,12,0.32350018076936266,0.11937091499567032,0.2,0.0
51020,fixed_permutation,13,0.1724760041822362,0.1532841920852661,0.2,0.0
51020,fixed_permutation,14,0.0037336561318941594,0.21306468546390533,0.0,0.0
51020,fixed_permutation,15,0.12099853795426936,0.17243444919586182,0.0,0.0
51020,fixed_permutation,16,0.06490936702438149,0.2127724289894104,0.0,0.0
51020,fixed_permutation,17,0.008002635293128762,0.17470870912075043,0.0,0.0
51020,fixed_permutation,18,0.16051493778513745,0.16728410124778748,0.2,0.0
51020,fixed_permutation,19,0.006639580028623976,0.23951849341392517,0.0,0.0
51020,fixed_permutation,20,0.14692447347989698,0.15952959656715393,0.2,0.0
51020,fixed_permutation,21,0.09132844474557825,0.19524390995502472,0.0,0.0
51020,fixed_permutation,22,6.9517883328317776e-06,0.21308836340904236,0.0,0.0
51020,fixed_permutation,23,0.01237681440973888,0.19578443467617035,0.0,0.0
51020,fixed_permutation,24,0.0007059269193501583,0.17586755752563477,0.0,0.0
51020,fixed_permutation,25,0.20422814247458518,0.19398146867752075,0.2,0.0
51020,fixed_permutation,26,0.3979023432399637,0.141437828540802,0.2,0.0
51020,fixed_permutation,27,0.016147554443539384,0.2111278921365738,0.0,0.0
51020,matched_decoder,0,0.9254496173355805,0.016744671389460564,1.0,1.0
51020,matched_decoder,1,0.91515343765163,0.01829843968153,0.8,1.0
51020,matched_decoder,2,0.8557712273135947,0.027442770078778267,0.8,1.0
51020,matched_decoder,3,0.6556134425073153,0.06733058393001556,0.6,1.0
51020,matched_decoder,4,0.9435311469578207,0.012231542728841305,1.0,1.0
51020,matched_decoder,5,0.7325761331268812,0.06388542801141739,0.6,1.0
51020,matched_decoder,6,0.8425965368035755,0.036368656903505325,0.8,1.0
51020,matched_decoder,7,0.9856507997786901,0.0028690886683762074,1.0,1.0
51020,matched_decoder,8,0.5677733681964527,0.07815215736627579,0.6,0.0
51020,matched_decoder,9,0.7938649167167446,0.03868705406785011,0.8,1.0
51020,matched_decoder,10,0.9878096879473649,0.002637570258229971,1.0,1.0
51020,matched_decoder,11,0.7724114192629161,0.04397297278046608,0.6,1.0
51020,matched_decoder,12,0.9653157398140191,0.006868966389447451,1.0,1.0
51020,matched_decoder,13,0.8195315155776446,0.037994612008333206,0.8,1.0
51020,matched_decoder,14,0.801045283751498,0.04014438018202782,0.8,1.0
51020,matched_decoder,15,0.7448339362074315,0.05572056770324707,0.6,1.0
51020,matched_decoder,16,0.7907763901928431,0.05096961930394173,0.8,1.0
51020,matched_decoder,17,0.8918876383893181,0.02079746499657631,0.8,1.0
51020,matched_decoder,18,0.9352571376200535,0.013293091207742691,1.0,1.0
51020,matched_decoder,19,0.9823958894259225,0.0035407745745033026,1.0,1.0
51020,matched_decoder,20,0.9482635511144836,0.011040352284908295,1.0,1.0
51020,matched_decoder,21,0.8043166681733154,0.03888504207134247,0.8,1.0
51020,matched_decoder,22,0.8738958917625754,0.02379292994737625,0.8,1.0
51020,matched_decoder,23,0.928546084446207,0.014513108879327774,1.0,1.0
51020,matched_decoder,24,0.9954146733715354,0.0009673537570051849,1.0,1.0
51020,matched_decoder,25,0.8211241709589931,0.04266485199332237,0.8,1.0
51020,matched_decoder,26,0.9319458023013242,0.015093870460987091,1.0,1.0
51020,matched_decoder,27,0.7801815150453607,0.045089539140462875,0.8,1.0
51020,random_content,0,0.034458275203873436,0.11140100657939911,0.2,0.0
51020,random_content,1,0.2322577119041859,0.13421721756458282,0.2,0.0
51020,random_content,2,0.10638053452090131,0.11902347207069397,0.2,0.0
51020,random_content,3,0.25832969977114295,0.13172157108783722,0.2,0.0
51020,random_content,4,0.16479728568834176,0.20468902587890625,0.0,0.0
51020,random_content,5,0.04989500898948612,0.13704544305801392,0.0,0.0
51020,random_content,6,0.07397492560774314,0.12196452170610428,0.0,0.0
51020,random_content,7,0.0007422528782806758,0.19113034009933472,0.0,0.0
51020,random_content,8,0.22650927416866787,0.1376045048236847,0.2,0.0
51020,random_content,9,0.11475539071012907,0.13088105618953705,0.2,0.0
51020,random_content,10,0.011032967258384806,0.19450309872627258,0.0,0.0
51020,random_content,11,0.05486623721214966,0.12625089287757874,0.2,0.0
51020,random_content,12,0.00012523105191046037,0.1292329728603363,0.0,0.0
51020,random_content,13,0.3760297975841008,0.13295428454875946,0.4,0.0
51020,random_content,14,0.5710005783371896,0.06740453094244003,0.4,1.0
51020,random_content,15,0.01212932804602832,0.10784370452165604,0.0,0.0
51020,random_content,16,0.44921151563859435,0.09827487170696259,0.4,0.0
51020,random_content,17,0.0012036948705470695,0.1887197494506836,0.0,0.0
51020,random_content,18,0.24811234964327022,0.12569089233875275,0.2,0.0
51020,random_content,19,0.07353693312620381,0.18013505637645721,0.0,0.0
51020,random_content,20,0.4320132020939486,0.10099339485168457,0.2,0.0
51020,random_content,21,0.3129105854151109,0.11236114799976349,0.4,0.0
51020,random_content,22,0.22229946939697337,0.1302056908607483,0.2,0.0
51020,random_content,23,0.2200561168281009,0.1427990198135376,0.2,0.0
51020,random_content,24,0.048571278393523244,0.16904129087924957,0.0,0.0
51020,random_content,25,0.07518264897749918,0.17934861779212952,0.0,0.0
51020,random_content,26,0.4484699180794739,0.11963266134262085,0.4,0.0
51020,random_content,27,0.40537815544043565,0.11631832271814346,0.4,0.0
51020,no_plasticity,0,0.24014921302614126,0.10000000149011612,0.0,0.0
51020,no_plasticity,1,0.117044733046221,0.10000000149011612,0.0,0.0
51020,no_plasticity,2,0.23420958135750217,0.10000000149011612,0.2,0.0
51020,no_plasticity,3,0.40408761836269896,0.10000000149011612,0.4,0.0
51020,no_plasticity,4,0.17585571563590338,0.10000000149011612,0.0,0.0
51020,no_plasticity,5,0.3919231225495754,0.10000000149011612,0.2,0.0
51020,no_plasticity,6,0.2579864282001382,0.10000000149011612,0.2,0.0
51020,no_plasticity,7,0.2666652211947849,0.10000000149011612,0.2,0.0
51020,no_plasticity,8,0.1925433330155051,0.10000000149011612,0.0,0.0
51020,no_plasticity,9,0.23003827382027878,0.10000000149011612,0.2,0.0
51020,no_plasticity,10,0.1927983167322351,0.10000000149011612,0.0,0.0
51020,no_plasticity,11,0.1860645489466442,0.10000000149011612,0.0,0.0
51020,no_plasticity,12,0.15051482115313095,0.10000000149011612,0.0,0.0
51020,no_plasticity,13,0.17305849254844613,0.10000000149011612,0.0,0.0
51020,no_plasticity,14,0.16425612507296392,0.10000000149011612,0.0,0.0
51020,no_plasticity,15,0.1916794403535105,0.10000000149011612,0.0,0.0
51020,no_plasticity,16,0.3499510767601205,0.10000000149011612,0.2,0.0
51020,no_plasticity,17,0.3627988877436372,0.09999999403953552,0.2,0.0
51020,no_plasticity,18,0.13758572143483325,0.10000000149011612,0.0,0.0
51020,no_plasticity,19,0.12055345171810122,0.10000000149011612,0.0,0.0
51020,no_plasticity,20,0.19694052690171157,0.10000000149011612,0.0,0.0
51020,no_plasticity,21,0.48051234410707916,0.10000000149011612,0.4,1.0
51020,no_plasticity,22,0.1934057194786105,0.10000000149011612,0.0,0.0
51020,no_plasticity,23,0.1636872835389881,0.10000000149011612,0.0,0.0
51020,no_plasticity,24,0.15821298918124066,0.10000000149011612,0.0,0.0
51020,no_plasticity,25,0.3473909155132375,0.10000000149011612,0.2,0.0
51020,no_plasticity,26,0.25834383470175404,0.10000000149011612,0.0,0.0
51020,no_plasticity,27,0.2210072470773563,0.10000000149011612,0.0,0.0
