root_seed,key_mode,fraction,mask_index,dropped_mec_units,position_accuracy,cue_accuracy,lec_cosine,key_cosine
51001,normal,0.0,0,0,0.78,1.0,0.6398273238163865,1.0
51001,normal,0.0,1,0,0.78,1.0,0.6398273238163865,1.0
51001,normal,0.0,2,0,0.78,1.0,0.6398273238163865,1.0
51001,normal,0.0,3,0,0.78,1.0,0.6398273238163865,1.0
51001,normal,0.0,4,0,0.78,1.0,0.6398273238163865,1.0
51001,normal,0.0,5,0,0.78,1.0,0.6398273238163865,1.0
51001,normal,0.0,6,0,0.78,1.0,0.6398273238163865,1.0
51001,normal,0.0,7,0,0.78,1.0,0.6398273238163865,1.0
51001,normal,0.0,8,0,0.78,1.0,0.6398273238163865,1.0
51001,normal,0.0,9,0,0.78,1.0,0.6398273238163865,1.0
51001,normal,0.0,10,0,0.78,1.0,0.6398273238163865,1.0
51001,normal,0.0,11,0,0.78,1.0,0.6398273238163865,1.0
51001,normal,0.25,0,6,0.4,1.0,0.6315876535898893,0.8316503106812881
51001,normal,0.25,1,6,0.38,1.0,0.6396715519553434,0.8492354476027184
51001,normal,0.25,2,6,0.48,1.0,0.6394760677702606,0.8736606354578821
51001,normal,0.25,3,6,0.54,1.0,0.6386737327362693,0.8060722856230709
51001,normal,0.25,4,6,0.42,1.0,0.6399104284519028,0.8267279212197051
51001,normal,0.25,5,6,0.48,1.0,0.6384327043015374,0.8213962088507583
51001,normal,0.25,6,6,0.58,1.0,0.6397594495007937,0.8368874185823074
51001,normal,0.25,7,6,0.36,1.0,0.639943522940483,0.8050138093568557
51001,normal,0.25,8,6,0.4,1.0,0.639663455508018,0.8306887411348619
51001,normal,0.25,9,6,0.4,1.0,0.6399639344519702,0.8055123773820587
51001,normal,0.25,10,6,0.56,1.0,0.6394189794056052,0.814113305864243
51001,normal,0.25,11,6,0.52,1.0,0.6398924957203697,0.8273015553175596
51001,normal,0.5,0,12,0.34,1.0,0.6367366630621333,0.7308659820940363
51001,normal,0.5,1,12,0.28,1.0,0.6397741620722724,0.6778560618847114
51001,normal,0.5,2,12,0.24,1.0,0.6386619043628875,0.7425992224661754
51001,normal,0.5,3,12,0.22,1.0,0.6399408806621367,0.7349061209036262
51001,normal,0.5,4,12,0.2,1.0,0.6399958840813847,0.7051002235764902
51001,normal,0.5,5,12,0.26,1.0,0.639998233493972,0.7173058342689191
51001,normal,0.5,6,12,0.32,1.0,0.6399666256871557,0.7403307830747906
51001,normal,0.5,7,12,0.22,1.0,0.6354817504159179,0.7154744488540579
51001,normal,0.5,8,12,0.18,1.0,0.6399936433350796,0.7013832022227743
51001,normal,0.5,9,12,0.34,1.0,0.6345423387958701,0.7331104680665887
51001,normal,0.5,10,12,0.22,1.0,0.6399084404554898,0.6944733228183756
51001,normal,0.5,11,12,0.34,1.0,0.6399911749838333,0.7561976916201104
51001,normal,0.75,0,19,0.08,1.0,0.6399466113622743,0.6283606607093072
51001,normal,0.75,1,19,0.18,1.0,0.6399714653187609,0.6547656133697909
51001,normal,0.75,2,19,0.04,1.0,0.6399926102959576,0.6125985349646396
51001,normal,0.75,3,19,0.1,1.0,0.6399242676865946,0.6173572950509719
51001,normal,0.75,4,19,0.16,1.0,0.6399943065486174,0.6429468128347818
51001,normal,0.75,5,19,0.1,1.0,0.6399923058343826,0.6469819506289758
51001,normal,0.75,6,19,0.2,1.0,0.6229391760897994,0.6035655478785283
51001,normal,0.75,7,19,0.14,1.0,0.6399969054693699,0.6559146588549577
51001,normal,0.75,8,19,0.1,1.0,0.6399808270367285,0.6268525963928241
51001,normal,0.75,9,19,0.16,1.0,0.6398190453445696,0.6280808997998661
51001,normal,0.75,10,19,0.18,1.0,0.639986095910984,0.6379068431110245
51001,normal,0.75,11,19,0.1,1.0,0.6399942470748782,0.6308513833874294
51001,normal,0.9,0,22,0.12,1.0,0.6399991287533724,0.6319115911810139
51001,normal,0.9,1,22,0.06,1.0,0.6399977964229352,0.6039897248924612
51001,normal,0.9,2,22,0.08,1.0,0.6395553300283919,0.6019781337709884
51001,normal,0.9,3,22,0.1,1.0,0.6399856291678213,0.5923584755401355
51001,normal,0.9,4,22,0.06,1.0,0.6399804490704992,0.5868919196912339
51001,normal,0.9,5,22,0.06,1.0,0.6399972335285864,0.5868217518434219
51001,normal,0.9,6,22,0.06,1.0,0.6399926834108536,0.6018262921453809
51001,normal,0.9,7,22,0.1,1.0,0.6399984975580773,0.6181873754263268
51001,normal,0.9,8,22,0.08,1.0,0.6328453037958073,0.6008115383009617
51001,normal,0.9,9,22,0.08,1.0,0.6399994411309575,0.6244436937702791
51001,normal,0.9,10,22,0.06,1.0,0.6399975774757601,0.6360292467859481
51001,normal,0.9,11,22,0.08,1.0,0.6399993536784856,0.5919814478338138
51001,shuffled,0.0,0,0,0.56,1.0,0.6399942338277087,1.0
51001,shuffled,0.0,1,0,0.56,1.0,0.6399942338277087,1.0
51001,shuffled,0.0,2,0,0.56,1.0,0.6399942338277087,1.0
51001,shuffled,0.0,3,0,0.56,1.0,0.6399942338277087,1.0
51001,shuffled,0.0,4,0,0.56,1.0,0.6399942338277087,1.0
51001,shuffled,0.0,5,0,0.56,1.0,0.6399942338277087,1.0
51001,shuffled,0.0,6,0,0.56,1.0,0.6399942338277087,1.0
51001,shuffled,0.0,7,0,0.56,1.0,0.6399942338277087,1.0
51001,shuffled,0.0,8,0,0.56,1.0,0.6399942338277087,1.0
51001,shuffled,0.0,9,0,0.56,1.0,0.6399942338277087,1.0
51001,shuffled,0.0,10,0,0.56,1.0,0.6399942338277087,1.0
51001,shuffled,0.0,11,0,0.56,1.0,0.6399942338277087,1.0
51001,shuffled,0.25,0,6,0.44,1.0,0.6389009695594379,0.850806296611873
51001,shuffled,0.25,1,6,0.46,1.0,0.6399889932898097,0.80415047588758
51001,shuffled,0.25,2,6,0.38,1.0,0.6394857464936158,0.8467101182558692
51001,shuffled,0.25,3,6,0.5,1.0,0.6384175074888185,0.8312023521916002
51001,shuffled,0.25,4,6,0.36,1.0,0.6399330803240825,0.8061815590051258
51001,shuffled,0.25,5,6,0.44,1.0,0.6398940966555648,0.8299311338353634
51001,shuffled,0.25,6,6,0.46,1.0,0.639473319953849,0.8662819869583289
51001,shuffled,0.25,7,6,0.3,1.0,0.6353270584694005,0.8088590353777491
51001,shuffled,0.25,8,6,0.34,1.0,0.6395580636495245,0.8258477068261187
51001,shuffled,0.25,9,6,0.42,1.0,0.6384380273789085,0.8360710572932604
51001,shuffled,0.25,10,6,0.38,1.0,0.6391602244087804,0.8328291773842369
51001,shuffled,0.25,11,6,0.36,1.0,0.6394386070311443,0.8254786491802772
51001,shuffled,0.5,0,12,0.32,1.0,0.6357777577368856,0.7280504830871821
51001,shuffled,0.5,1,12,0.28,1.0,0.6399714543516478,0.6949921977521728
51001,shuffled,0.5,2,12,0.22,1.0,0.6241442907828172,0.6953299612290871
51001,shuffled,0.5,3,12,0.34,1.0,0.6104803101012117,0.7210582855300568
51001,shuffled,0.5,4,12,0.32,1.0,0.6371531518889614,0.6896228928220894
51001,shuffled,0.5,5,12,0.28,1.0,0.639829611685148,0.6846443001962673
51001,shuffled,0.5,6,12,0.2,1.0,0.6370408055636345,0.6901619418076921
51001,shuffled,0.5,7,12,0.28,1.0,0.6191753779030907,0.6714197063888512
51001,shuffled,0.5,8,12,0.28,1.0,0.6367056601929524,0.7424150096259945
51001,shuffled,0.5,9,12,0.28,1.0,0.6312569383040824,0.6949520578552015
51001,shuffled,0.5,10,12,0.18,1.0,0.6398655043953236,0.7142702589036384
51001,shuffled,0.5,11,12,0.22,1.0,0.6398746319565879,0.725611197612023
51001,shuffled,0.75,0,19,0.12,1.0,0.6390759996651971,0.5764686482136572
51001,shuffled,0.75,1,19,0.1,1.0,0.6369328393924579,0.594489540983895
51001,shuffled,0.75,2,19,0.16,1.0,0.6350161312115513,0.6001781476035176
51001,shuffled,0.75,3,19,0.14,1.0,0.6355951152855183,0.5804240393824788
51001,shuffled,0.75,4,19,0.06,1.0,0.6376101738018157,0.5668489601993855
51001,shuffled,0.75,5,19,0.16,1.0,0.6341872583534698,0.5928199033194349
51001,shuffled,0.75,6,19,0.12,1.0,0.6377733571440665,0.6032331506136018
51001,shuffled,0.75,7,19,0.16,1.0,0.634150344326474,0.5960349524237575
51001,shuffled,0.75,8,19,0.1,1.0,0.6390150425137502,0.5988793081762083
51001,shuffled,0.75,9,19,0.1,1.0,0.6298987278534828,0.5665164381738304
51001,shuffled,0.75,10,19,0.06,1.0,0.6385023250714205,0.535173751577733
51001,shuffled,0.75,11,19,0.1,1.0,0.6359917641991665,0.5770175544147518
51001,shuffled,0.9,0,22,0.08,1.0,0.6383955450874309,0.5427251439695359
51001,shuffled,0.9,1,22,0.08,1.0,0.6370059685351481,0.5680320096659023
51001,shuffled,0.9,2,22,0.08,1.0,0.6358771511878962,0.5608094406981474
51001,shuffled,0.9,3,22,0.08,1.0,0.6387331588930119,0.5709573249793398
51001,shuffled,0.9,4,22,0.06,1.0,0.638133687742996,0.5599984198699969
51001,shuffled,0.9,5,22,0.08,1.0,0.6389193865104537,0.5898833144298441
51001,shuffled,0.9,6,22,0.1,1.0,0.6335546255771127,0.5315446002330608
51001,shuffled,0.9,7,22,0.04,1.0,0.6319542589188002,0.5617780610930387
51001,shuffled,0.9,8,22,0.06,1.0,0.6393429074594598,0.5405049033417866
51001,shuffled,0.9,9,22,0.12,1.0,0.6332379216346914,0.5699911595919844
51001,shuffled,0.9,10,22,0.08,1.0,0.6383914238098854,0.5765181862950055
51001,shuffled,0.9,11,22,0.06,1.0,0.6377554764203821,0.5762270175176866
51001,dense,0.0,0,0,0.02,0.5,0.15457233088421082,0.9999999999999999
51001,dense,0.0,1,0,0.02,0.5,0.15457233088421082,0.9999999999999999
51001,dense,0.0,2,0,0.02,0.5,0.15457233088421082,0.9999999999999999
51001,dense,0.0,3,0,0.02,0.5,0.15457233088421082,0.9999999999999999
51001,dense,0.0,4,0,0.02,0.5,0.15457233088421082,0.9999999999999999
51001,dense,0.0,5,0,0.02,0.5,0.15457233088421082,0.9999999999999999
51001,dense,0.0,6,0,0.02,0.5,0.15457233088421082,0.9999999999999999
51001,dense,0.0,7,0,0.02,0.5,0.15457233088421082,0.9999999999999999
51001,dense,0.0,8,0,0.02,0.5,0.15457233088421082,0.9999999999999999
51001,dense,0.0,9,0,0.02,0.5,0.15457233088421082,0.9999999999999999
51001,dense,0.0,10,0,0.02,0.5,0.15457233088421082,0.9999999999999999
51001,dense,0.0,11,0,0.02,0.5,0.15457233088421082,0.9999999999999999
51001,dense,0.25,0,6,0.02,0.5,0.15457233088421082,0.9999999999999999
51001,dense,0.25,1,6,0.02,0.5,0.15457233088421082,0.9999999999999999
51001,dense,0.25,2,6,0.02,0.5,0.15457233088421082,0.9999999999999999
51001,dense,0.25,3,6,0.02,0.5,0.15457233088421082,0.9999999999999999
51001,dense,0.25,4,6,0.02,0.5,0.15457233088421082,0.9999999999999999
51001,dense,0.25,5,6,0.02,0.5,0.15457233088421082,0.9999999999999999
51001,dense,0.25,6,6,0.02,0.5,0.15457233088421082,0.9999999999999999
51001,dense,0.25,7,6,0.02,0.5,0.15457233088421082,0.9999999999999999
51001,dense,0.25,8,6,0.02,0.5,0.15457233088421082,0.9999999999999999
51001,dense,0.25,9,6,0.02,0.5,0.15457233088421082,0.9999999999999999
51001,dense,0.25,10,6,0.02,0.5,0.15457233088421082,0.9999999999999999
51001,dense,0.25,11,6,0.02,0.5,0.15457233088421082,0.9999999999999999
51001,dense,0.5,0,12,0.02,0.5,0.15457233088421082,0.9999999999999999
51001,dense,0.5,1,12,0.02,0.5,0.15457233088421082,0.9999999999999999
51001,dense,0.5,2,12,0.02,0.5,0.15457233088421082,0.9999999999999999
51001,dense,0.5,3,12,0.02,0.5,0.15457233088421082,0.9999999999999999
51001,dense,0.5,4,12,0.02,0.5,0.15457233088421082,0.9999999999999999
51001,dense,0.5,5,12,0.02,0.5,0.15457233088421082,0.9999999999999999
51001,dense,0.5,6,12,0.02,0.5,0.15457233088421082,0.9999999999999999
51001,dense,0.5,7,12,0.02,0.5,0.15457233088421082,0.9999999999999999
51001,dense,0.5,8,12,0.02,0.5,0.15457233088421082,0.9999999999999999
51001,dense,0.5,9,12,0.02,0.5,0.15457233088421082,0.9999999999999999
51001,dense,0.5,10,12,0.02,0.5,0.15457233088421082,0.9999999999999999
51001,dense,0.5,11,12,0.02,0.5,0.15457233088421082,0.9999999999999999
51001,dense,0.75,0,19,0.02,0.5,0.15457233088421082,0.9999999999999999
51001,dense,0.75,1,19,0.02,0.5,0.15457233088421082,0.9999999999999999
51001,dense,0.75,2,19,0.02,0.5,0.15457233088421082,0.9999999999999999
51001,dense,0.75,3,19,0.02,0.5,0.15457233088421082,0.9999999999999999
51001,dense,0.75,4,19,0.02,0.5,0.15457233088421082,0.9999999999999999
51001,dense,0.75,5,19,0.02,0.5,0.15457233088421082,0.9999999999999999
51001,dense,0.75,6,19,0.02,0.5,0.15457233088421082,0.9999999999999999
51001,dense,0.75,7,19,0.02,0.5,0.15457233088421082,0.9999999999999999
51001,dense,0.75,8,19,0.02,0.5,0.15457233088421082,0.9999999999999999
51001,dense,0.75,9,19,0.02,0.5,0.15457233088421082,0.9999999999999999
51001,dense,0.75,10,19,0.02,0.5,0.15457233088421082,0.9999999999999999
51001,dense,0.75,11,19,0.02,0.5,0.15457233088421082,0.9999999999999999
51001,dense,0.9,0,22,0.02,0.5,0.15457233088421082,0.9999999999999999
51001,dense,0.9,1,22,0.02,0.5,0.15457233088421082,0.9999999999999999
51001,dense,0.9,2,22,0.02,0.5,0.15457233088421082,0.9999999999999999
51001,dense,0.9,3,22,0.02,0.5,0.15457233088421082,0.9999999999999999
51001,dense,0.9,4,22,0.02,0.5,0.15457233088421082,0.9999999999999999
51001,dense,0.9,5,22,0.02,0.5,0.15457233088421082,0.9999999999999999
51001,dense,0.9,6,22,0.02,0.5,0.15457233088421082,0.9999999999999999
51001,dense,0.9,7,22,0.02,0.5,0.15457233088421082,0.9999999999999999
51001,dense,0.9,8,22,0.02,0.5,0.15457233088421082,0.9999999999999999
51001,dense,0.9,9,22,0.02,0.5,0.15457233088421082,0.9999999999999999
51001,dense,0.9,10,22,0.02,0.5,0.15457233088421082,0.9999999999999999
51001,dense,0.9,11,22,0.02,0.5,0.15457233088421082,0.9999999999999999
51001,identity,0.0,0,0,0.88,1.0,0.6398296787055784,1.0
51001,identity,0.0,1,0,0.88,1.0,0.6398296787055784,1.0
51001,identity,0.0,2,0,0.88,1.0,0.6398296787055784,1.0
51001,identity,0.0,3,0,0.88,1.0,0.6398296787055784,1.0
51001,identity,0.0,4,0,0.88,1.0,0.6398296787055784,1.0
51001,identity,0.0,5,0,0.88,1.0,0.6398296787055784,1.0
51001,identity,0.0,6,0,0.88,1.0,0.6398296787055784,1.0
51001,identity,0.0,7,0,0.88,1.0,0.6398296787055784,1.0
51001,identity,0.0,8,0,0.88,1.0,0.6398296787055784,1.0
51001,identity,0.0,9,0,0.88,1.0,0.6398296787055784,1.0
51001,identity,0.0,10,0,0.88,1.0,0.6398296787055784,1.0
51001,identity,0.0,11,0,0.88,1.0,0.6398296787055784,1.0
51001,identity,0.25,0,6,0.64,1.0,0.638910880283266,0.9276866655140066
51001,identity,0.25,1,6,0.7,1.0,0.6398912982939309,0.9455569850094011
51001,identity,0.25,2,6,0.58,1.0,0.6399053443101218,0.9272060580605398
51001,identity,0.25,3,6,0.64,1.0,0.6394952533869926,0.9367448926331531
51001,identity,0.25,4,6,0.6,1.0,0.6398012213225401,0.9160368229065478
51001,identity,0.25,5,6,0.6,1.0,0.6394833846521584,0.9401494676441969
51001,identity,0.25,6,6,0.58,1.0,0.6389629904252548,0.9420415657070113
51001,identity,0.25,7,6,0.6,1.0,0.6394141184050585,0.9374785844572007
51001,identity,0.25,8,6,0.64,1.0,0.6399736835150662,0.934896148926665
51001,identity,0.25,9,6,0.56,1.0,0.6393204341472339,0.9266758789766618
51001,identity,0.25,10,6,0.58,1.0,0.6394692774766418,0.9323175990407949
51001,identity,0.25,11,6,0.72,1.0,0.6398956666400366,0.9292427307975434
51001,identity,0.5,0,12,0.42,1.0,0.6383609986306898,0.8558945522417746
51001,identity,0.5,1,12,0.4,1.0,0.6377950449308858,0.8491351271460708
51001,identity,0.5,2,12,0.44,1.0,0.6385010701757962,0.886680131989613
51001,identity,0.5,3,12,0.28,1.0,0.6383059355386136,0.8687150011755601
51001,identity,0.5,4,12,0.34,1.0,0.6388235590542106,0.8416724189400173
51001,identity,0.5,5,12,0.32,1.0,0.6373666920106655,0.8496755745782059
51001,identity,0.5,6,12,0.34,1.0,0.6381277280903788,0.8732741124756903
51001,identity,0.5,7,12,0.32,1.0,0.6387008870031938,0.8373955845939439
51001,identity,0.5,8,12,0.28,1.0,0.6388428477524657,0.8535186625498997
51001,identity,0.5,9,12,0.32,1.0,0.6395216004186459,0.8739840162764173
51001,identity,0.5,10,12,0.28,1.0,0.6380303285911667,0.8658301046252348
51001,identity,0.5,11,12,0.42,1.0,0.6380427724648264,0.8693701839270456
51001,identity,0.75,0,19,0.08,1.0,0.6348029333537933,0.7672410993475464
51001,identity,0.75,1,19,0.1,1.0,0.6367092832763092,0.7792521293352448
51001,identity,0.75,2,19,0.02,1.0,0.633867305995681,0.7954458634545037
51001,identity,0.75,3,19,0.14,1.0,0.6343061932573625,0.7703237243224015
51001,identity,0.75,4,19,0.16,1.0,0.6355997875945083,0.7901136340572349
51001,identity,0.75,5,19,0.12,1.0,0.6354584562022001,0.76851913895505
51001,identity,0.75,6,19,0.14,1.0,0.6357090803668849,0.7751070539331485
51001,identity,0.75,7,19,0.12,1.0,0.6354474548422041,0.808405334984004
51001,identity,0.75,8,19,0.12,1.0,0.6373797789364127,0.7854258120085273
51001,identity,0.75,9,19,0.06,1.0,0.6312638269975622,0.7756923884277925
51001,identity,0.75,10,19,0.08,1.0,0.637228254375418,0.773378007972464
51001,identity,0.75,11,19,0.2,1.0,0.6336875841844641,0.7824480388843276
51001,identity,0.9,0,22,0.06,1.0,0.6287114257412624,0.7480348627972656
51001,identity,0.9,1,22,0.04,1.0,0.6343513656233296,0.7512142796889901
51001,identity,0.9,2,22,0.06,1.0,0.6326910784878723,0.748997896042891
51001,identity,0.9,3,22,0.02,1.0,0.6334612975936169,0.7498841371724387
51001,identity,0.9,4,22,0.02,1.0,0.6302208662483256,0.7500475147988446
51001,identity,0.9,5,22,0.02,1.0,0.634119368246632,0.747645352216675
51001,identity,0.9,6,22,0.0,1.0,0.6353011527923651,0.7504587342749884
51001,identity,0.9,7,22,0.06,1.0,0.6325733525881819,0.749597290502227
51001,identity,0.9,8,22,0.04,1.0,0.6328634056629958,0.7521461176769644
51001,identity,0.9,9,22,0.08,1.0,0.636789519314176,0.7505346107436509
51001,identity,0.9,10,22,0.04,1.0,0.6315929134343962,0.7479545709674794
51001,identity,0.9,11,22,0.04,1.0,0.6321193553314158,0.7468303923205682
51002,normal,0.0,0,0,0.62,1.0,0.639998142727983,1.0
51002,normal,0.0,1,0,0.62,1.0,0.639998142727983,1.0
51002,normal,0.0,2,0,0.62,1.0,0.639998142727983,1.0
51002,normal,0.0,3,0,0.62,1.0,0.639998142727983,1.0
51002,normal,0.0,4,0,0.62,1.0,0.639998142727983,1.0
51002,normal,0.0,5,0,0.62,1.0,0.639998142727983,1.0
51002,normal,0.0,6,0,0.62,1.0,0.639998142727983,1.0
51002,normal,0.0,7,0,0.62,1.0,0.639998142727983,1.0
51002,normal,0.0,8,0,0.62,1.0,0.639998142727983,1.0
51002,normal,0.0,9,0,0.62,1.0,0.639998142727983,1.0
51002,normal,0.0,10,0,0.62,1.0,0.639998142727983,1.0
51002,normal,0.0,11,0,0.62,1.0,0.639998142727983,1.0
51002,normal,0.25,0,6,0.42,1.0,0.6399971326446388,0.8732285325658603
51002,normal,0.25,1,6,0.34,1.0,0.639997067964206,0.8372358093658907
51002,normal,0.25,2,6,0.34,1.0,0.6397785045034985,0.8271982032376808
51002,normal,0.25,3,6,0.28,1.0,0.6399994771263695,0.8428569529499766
51002,normal,0.25,4,6,0.4,1.0,0.6395856652941313,0.8615615417610735
51002,normal,0.25,5,6,0.38,1.0,0.6399883764738022,0.8494069867723446
51002,normal,0.25,6,6,0.38,1.0,0.6386057802435409,0.858712310144313
51002,normal,0.25,7,6,0.34,1.0,0.6391700084247808,0.8662916915318395
51002,normal,0.25,8,6,0.36,1.0,0.6399983777169024,0.8330607464484627
51002,normal,0.25,9,6,0.36,1.0,0.6399981102582631,0.8123606349478352
51002,normal,0.25,10,6,0.36,1.0,0.6395437691277788,0.8600261507121619
51002,normal,0.25,11,6,0.44,1.0,0.6399944319640334,0.8777026299951252
51002,normal,0.5,0,12,0.24,1.0,0.6376354833108934,0.7871053952247415
51002,normal,0.5,1,12,0.18,1.0,0.6392048878685032,0.7218602322142038
51002,normal,0.5,2,12,0.34,1.0,0.6389133364972404,0.7899012494727974
51002,normal,0.5,3,12,0.22,1.0,0.6394693399508377,0.7064417966450375
51002,normal,0.5,4,12,0.14,1.0,0.6383918231806388,0.6600346322214189
51002,normal,0.5,5,12,0.24,1.0,0.6395766134624316,0.7597656714018293
51002,normal,0.5,6,12,0.16,1.0,0.6388435075895337,0.7699914495447832
51002,normal,0.5,7,12,0.22,1.0,0.6399814242387494,0.7350653886651888
51002,normal,0.5,8,12,0.16,1.0,0.6356504228267815,0.7420617124209561
51002,normal,0.5,9,12,0.16,1.0,0.6367301352438072,0.724000100291403
51002,normal,0.5,10,12,0.18,1.0,0.6393279876975769,0.7172617319479471
51002,normal,0.5,11,12,0.24,1.0,0.6380742767909026,0.7558322555056037
51002,normal,0.75,0,19,0.16,1.0,0.636345383137171,0.6488427743096088
51002,normal,0.75,1,19,0.16,1.0,0.6369285377935541,0.6724852323560263
51002,normal,0.75,2,19,0.18,1.0,0.6392472526932641,0.694201530112196
51002,normal,0.75,3,19,0.08,1.0,0.6341847163740568,0.6194818660742584
51002,normal,0.75,4,19,0.12,1.0,0.6388191428010519,0.661217779375663
51002,normal,0.75,5,19,0.16,1.0,0.6329549147361672,0.6718408125061006
51002,normal,0.75,6,19,0.12,1.0,0.6347236977976655,0.6363298532922038
51002,normal,0.75,7,19,0.08,1.0,0.6384906809128856,0.638760501026956
51002,normal,0.75,8,19,0.08,1.0,0.6379344323730662,0.6456876299358706
51002,normal,0.75,9,19,0.12,1.0,0.6359637971947106,0.6326189991605422
51002,normal,0.75,10,19,0.12,1.0,0.6376273161645183,0.6611753927301754
51002,normal,0.75,11,19,0.08,1.0,0.6335726830709588,0.6580401705591654
51002,normal,0.9,0,22,0.1,1.0,0.638905698474868,0.6282411463835945
51002,normal,0.9,1,22,0.06,1.0,0.6364945132925627,0.6136285785795252
51002,normal,0.9,2,22,0.04,1.0,0.632461698175142,0.6065471591453262
51002,normal,0.9,3,22,0.1,1.0,0.6356722436570247,0.6447234083405655
51002,normal,0.9,4,22,0.1,1.0,0.6367060463377183,0.6232353662911485
51002,normal,0.9,5,22,0.04,1.0,0.6390455817253882,0.6247467901018894
51002,normal,0.9,6,22,0.06,1.0,0.6324638597637862,0.6122608418386126
51002,normal,0.9,7,22,0.08,1.0,0.6367319443495706,0.6068669311210645
51002,normal,0.9,8,22,0.08,1.0,0.6318367996085342,0.6381651806406723
51002,normal,0.9,9,22,0.02,1.0,0.6351079161451092,0.6125384205966315
51002,normal,0.9,10,22,0.08,1.0,0.6328707682987459,0.6159918649857254
51002,normal,0.9,11,22,0.06,1.0,0.6384295800796154,0.6090928246507508
51002,shuffled,0.0,0,0,0.68,1.0,0.6399604129568889,1.0
51002,shuffled,0.0,1,0,0.68,1.0,0.6399604129568889,1.0
51002,shuffled,0.0,2,0,0.68,1.0,0.6399604129568889,1.0
51002,shuffled,0.0,3,0,0.68,1.0,0.6399604129568889,1.0
51002,shuffled,0.0,4,0,0.68,1.0,0.6399604129568889,1.0
51002,shuffled,0.0,5,0,0.68,1.0,0.6399604129568889,1.0
51002,shuffled,0.0,6,0,0.68,1.0,0.6399604129568889,1.0
51002,shuffled,0.0,7,0,0.68,1.0,0.6399604129568889,1.0
51002,shuffled,0.0,8,0,0.68,1.0,0.6399604129568889,1.0
51002,shuffled,0.0,9,0,0.68,1.0,0.6399604129568889,1.0
51002,shuffled,0.0,10,0,0.68,1.0,0.6399604129568889,1.0
51002,shuffled,0.0,11,0,0.68,1.0,0.6399604129568889,1.0
51002,shuffled,0.25,0,6,0.42,1.0,0.6398378544048822,0.8392282941828357
51002,shuffled,0.25,1,6,0.26,1.0,0.6396934394055392,0.8456095846406803
51002,shuffled,0.25,2,6,0.32,1.0,0.6395602951844552,0.820169518269466
51002,shuffled,0.25,3,6,0.46,1.0,0.6399111282219928,0.8791509075348841
51002,shuffled,0.25,4,6,0.42,1.0,0.6397302057358569,0.8615184773026527
51002,shuffled,0.25,5,6,0.3,1.0,0.6387187750645459,0.8288144608256737
51002,shuffled,0.25,6,6,0.5,1.0,0.6364205937828586,0.8629899190037855
51002,shuffled,0.25,7,6,0.4,1.0,0.6399394518240434,0.8538287217231225
51002,shuffled,0.25,8,6,0.54,1.0,0.639919907181453,0.8704402012255408
51002,shuffled,0.25,9,6,0.38,1.0,0.6399859370919827,0.8535065031406381
51002,shuffled,0.25,10,6,0.5,1.0,0.6390256180279021,0.8827824495728186
51002,shuffled,0.25,11,6,0.46,1.0,0.6387360932737539,0.8730140090700625
51002,shuffled,0.5,0,12,0.2,1.0,0.6395231902168625,0.7332127035833363
51002,shuffled,0.5,1,12,0.26,1.0,0.638704918290363,0.7668525343017669
51002,shuffled,0.5,2,12,0.24,1.0,0.639963181052416,0.7451009893541358
51002,shuffled,0.5,3,12,0.18,1.0,0.6398325769485593,0.7258620808333834
51002,shuffled,0.5,4,12,0.22,1.0,0.639734562418548,0.7221607238027107
51002,shuffled,0.5,5,12,0.16,1.0,0.6399936659340433,0.733610635410844
51002,shuffled,0.5,6,12,0.2,1.0,0.6398829874626122,0.7503998436365742
51002,shuffled,0.5,7,12,0.3,1.0,0.6399051889605369,0.7819332389931649
51002,shuffled,0.5,8,12,0.34,1.0,0.6399858902552998,0.773696604418202
51002,shuffled,0.5,9,12,0.3,1.0,0.63640457154982,0.7596290024871533
51002,shuffled,0.5,10,12,0.2,1.0,0.6362720249272926,0.7158095806169006
51002,shuffled,0.5,11,12,0.26,1.0,0.6399597718393852,0.7330693027743365
51002,shuffled,0.75,0,19,0.14,1.0,0.6399294643498057,0.668992986252543
51002,shuffled,0.75,1,19,0.18,1.0,0.6399640523275992,0.6525466026723541
51002,shuffled,0.75,2,19,0.1,1.0,0.6397601765843316,0.6729530901495865
51002,shuffled,0.75,3,19,0.06,1.0,0.6390415958917866,0.6398731846752328
51002,shuffled,0.75,4,19,0.06,1.0,0.639997634466074,0.6512156332230667
51002,shuffled,0.75,5,19,0.14,1.0,0.6399581895481841,0.6151176206887833
51002,shuffled,0.75,6,19,0.06,1.0,0.6399880558737899,0.6355110345292432
51002,shuffled,0.75,7,19,0.1,1.0,0.6399887649938041,0.6693142130118567
51002,shuffled,0.75,8,19,0.12,1.0,0.6399642550160904,0.6163767241743566
51002,shuffled,0.75,9,19,0.08,1.0,0.6399632463658314,0.6476344201586549
51002,shuffled,0.75,10,19,0.1,1.0,0.6399959983152231,0.664310081600765
51002,shuffled,0.75,11,19,0.06,1.0,0.6398743919806834,0.6396490374585369
51002,shuffled,0.9,0,22,0.04,1.0,0.6399901632202024,0.6277731477109982
51002,shuffled,0.9,1,22,0.08,1.0,0.6399693702506868,0.6133668656502279
51002,shuffled,0.9,2,22,0.1,1.0,0.6399479868436236,0.6210012446496921
51002,shuffled,0.9,3,22,0.08,1.0,0.6399755861729319,0.6257109698609443
51002,shuffled,0.9,4,22,0.1,1.0,0.6399827153550687,0.6468865748921665
51002,shuffled,0.9,5,22,0.06,1.0,0.6399870464154069,0.6468240285000193
51002,shuffled,0.9,6,22,0.08,1.0,0.6399816252413015,0.6187254104846784
51002,shuffled,0.9,7,22,0.08,1.0,0.6399777255248462,0.6386721201434454
51002,shuffled,0.9,8,22,0.08,1.0,0.6399520257027024,0.566214753414969
51002,shuffled,0.9,9,22,0.06,1.0,0.6399718200702488,0.5896878305953651
51002,shuffled,0.9,10,22,0.1,1.0,0.6399873496058556,0.6287870378728329
51002,shuffled,0.9,11,22,0.06,1.0,0.639990597556477,0.6149902740681523
51002,dense,0.0,0,0,0.02,0.5,0.24853054444631742,0.9999999999999999
51002,dense,0.0,1,0,0.02,0.5,0.24853054444631742,0.9999999999999999
51002,dense,0.0,2,0,0.02,0.5,0.24853054444631742,0.9999999999999999
51002,dense,0.0,3,0,0.02,0.5,0.24853054444631742,0.9999999999999999
51002,dense,0.0,4,0,0.02,0.5,0.24853054444631742,0.9999999999999999
51002,dense,0.0,5,0,0.02,0.5,0.24853054444631742,0.9999999999999999
51002,dense,0.0,6,0,0.02,0.5,0.24853054444631742,0.9999999999999999
51002,dense,0.0,7,0,0.02,0.5,0.24853054444631742,0.9999999999999999
51002,dense,0.0,8,0,0.02,0.5,0.24853054444631742,0.9999999999999999
51002,dense,0.0,9,0,0.02,0.5,0.24853054444631742,0.9999999999999999
51002,dense,0.0,10,0,0.02,0.5,0.24853054444631742,0.9999999999999999
51002,dense,0.0,11,0,0.02,0.5,0.24853054444631742,0.9999999999999999
51002,dense,0.25,0,6,0.02,0.5,0.24853054444631742,0.9999999999999999
51002,dense,0.25,1,6,0.02,0.5,0.24853054444631742,0.9999999999999999
51002,dense,0.25,2,6,0.02,0.5,0.24853054444631742,0.9999999999999999
51002,dense,0.25,3,6,0.02,0.5,0.24853054444631742,0.9999999999999999
51002,dense,0.25,4,6,0.02,0.5,0.24853054444631742,0.9999999999999999
51002,dense,0.25,5,6,0.02,0.5,0.24853054444631742,0.9999999999999999
51002,dense,0.25,6,6,0.02,0.5,0.24853054444631742,0.9999999999999999
51002,dense,0.25,7,6,0.02,0.5,0.24853054444631742,0.9999999999999999
51002,dense,0.25,8,6,0.02,0.5,0.24853054444631742,0.9999999999999999
51002,dense,0.25,9,6,0.02,0.5,0.24853054444631742,0.9999999999999999
51002,dense,0.25,10,6,0.02,0.5,0.24853054444631742,0.9999999999999999
51002,dense,0.25,11,6,0.02,0.5,0.24853054444631742,0.9999999999999999
51002,dense,0.5,0,12,0.02,0.5,0.24853054444631742,0.9999999999999999
51002,dense,0.5,1,12,0.02,0.5,0.24853054444631742,0.9999999999999999
51002,dense,0.5,2,12,0.02,0.5,0.24853054444631742,0.9999999999999999
51002,dense,0.5,3,12,0.02,0.5,0.24853054444631742,0.9999999999999999
51002,dense,0.5,4,12,0.02,0.5,0.24853054444631742,0.9999999999999999
51002,dense,0.5,5,12,0.02,0.5,0.24853054444631742,0.9999999999999999
51002,dense,0.5,6,12,0.02,0.5,0.24853054444631742,0.9999999999999999
51002,dense,0.5,7,12,0.02,0.5,0.24853054444631742,0.9999999999999999
51002,dense,0.5,8,12,0.02,0.5,0.24853054444631742,0.9999999999999999
51002,dense,0.5,9,12,0.02,0.5,0.24853054444631742,0.9999999999999999
51002,dense,0.5,10,12,0.02,0.5,0.24853054444631742,0.9999999999999999
51002,dense,0.5,11,12,0.02,0.5,0.24853054444631742,0.9999999999999999
51002,dense,0.75,0,19,0.02,0.5,0.24853054444631742,0.9999999999999999
51002,dense,0.75,1,19,0.02,0.5,0.24853054444631742,0.9999999999999999
51002,dense,0.75,2,19,0.02,0.5,0.24853054444631742,0.9999999999999999
51002,dense,0.75,3,19,0.02,0.5,0.24853054444631742,0.9999999999999999
51002,dense,0.75,4,19,0.02,0.5,0.24853054444631742,0.9999999999999999
51002,dense,0.75,5,19,0.02,0.5,0.24853054444631742,0.9999999999999999
51002,dense,0.75,6,19,0.02,0.5,0.24853054444631742,0.9999999999999999
51002,dense,0.75,7,19,0.02,0.5,0.24853054444631742,0.9999999999999999
51002,dense,0.75,8,19,0.02,0.5,0.24853054444631742,0.9999999999999999
51002,dense,0.75,9,19,0.02,0.5,0.24853054444631742,0.9999999999999999
51002,dense,0.75,10,19,0.02,0.5,0.24853054444631742,0.9999999999999999
51002,dense,0.75,11,19,0.02,0.5,0.24853054444631742,0.9999999999999999
51002,dense,0.9,0,22,0.02,0.5,0.24853054444631742,0.9999999999999999
51002,dense,0.9,1,22,0.02,0.5,0.24853054444631742,0.9999999999999999
51002,dense,0.9,2,22,0.02,0.5,0.24853054444631742,0.9999999999999999
51002,dense,0.9,3,22,0.02,0.5,0.24853054444631742,0.9999999999999999
51002,dense,0.9,4,22,0.02,0.5,0.24853054444631742,0.9999999999999999
51002,dense,0.9,5,22,0.02,0.5,0.24853054444631742,0.9999999999999999
51002,dense,0.9,6,22,0.02,0.5,0.24853054444631742,0.9999999999999999
51002,dense,0.9,7,22,0.02,0.5,0.24853054444631742,0.9999999999999999
51002,dense,0.9,8,22,0.02,0.5,0.24853054444631742,0.9999999999999999
51002,dense,0.9,9,22,0.02,0.5,0.24853054444631742,0.9999999999999999
51002,dense,0.9,10,22,0.02,0.5,0.24853054444631742,0.9999999999999999
51002,dense,0.9,11,22,0.02,0.5,0.24853054444631742,0.9999999999999999
51002,identity,0.0,0,0,0.66,1.0,0.6392192935323037,1.0
51002,identity,0.0,1,0,0.66,1.0,0.6392192935323037,1.0
51002,identity,0.0,2,0,0.66,1.0,0.6392192935323037,1.0
51002,identity,0.0,3,0,0.66,1.0,0.6392192935323037,1.0
51002,identity,0.0,4,0,0.66,1.0,0.6392192935323037,1.0
51002,identity,0.0,5,0,0.66,1.0,0.6392192935323037,1.0
51002,identity,0.0,6,0,0.66,1.0,0.6392192935323037,1.0
51002,identity,0.0,7,0,0.66,1.0,0.6392192935323037,1.0
51002,identity,0.0,8,0,0.66,1.0,0.6392192935323037,1.0
51002,identity,0.0,9,0,0.66,1.0,0.6392192935323037,1.0
51002,identity,0.0,10,0,0.66,1.0,0.6392192935323037,1.0
51002,identity,0.0,11,0,0.66,1.0,0.6392192935323037,1.0
51002,identity,0.25,0,6,0.5,1.0,0.6375689624838935,0.9420415484603624
51002,identity,0.25,1,6,0.54,1.0,0.6390517409935167,0.9372720210034299
51002,identity,0.25,2,6,0.44,1.0,0.6396861474988831,0.9466776015678944
51002,identity,0.25,3,6,0.4,1.0,0.6375342886173208,0.927240079968907
51002,identity,0.25,4,6,0.56,1.0,0.6381961562647178,0.9404112819775099
51002,identity,0.25,5,6,0.7,1.0,0.6394208833287416,0.9470931171621148
51002,identity,0.25,6,6,0.48,1.0,0.6380532129854832,0.9250072295929871
51002,identity,0.25,7,6,0.56,1.0,0.6394290157495048,0.9446877916841336
51002,identity,0.25,8,6,0.4,1.0,0.6390653061510646,0.9233750765759277
51002,identity,0.25,9,6,0.44,1.0,0.6389526267345499,0.9450928054552921
51002,identity,0.25,10,6,0.46,1.0,0.6387008236725877,0.9253090106729573
51002,identity,0.25,11,6,0.46,1.0,0.6388542055704003,0.9344529208200116
51002,identity,0.5,0,12,0.36,1.0,0.6378093299576816,0.865538370230756
51002,identity,0.5,1,12,0.44,1.0,0.6387664231997586,0.88188208756991
51002,identity,0.5,2,12,0.44,1.0,0.6396715503816826,0.8800146888879449
51002,identity,0.5,3,12,0.32,1.0,0.637849841667171,0.8550848670692055
51002,identity,0.5,4,12,0.34,1.0,0.6391087262365404,0.8620248272455205
51002,identity,0.5,5,12,0.46,1.0,0.6392854113797968,0.8805627149804026
51002,identity,0.5,6,12,0.28,1.0,0.6393451987494746,0.8632605536286542
51002,identity,0.5,7,12,0.38,1.0,0.6389868769345299,0.8666082192301353
51002,identity,0.5,8,12,0.34,1.0,0.6388582197133852,0.8600603921733834
51002,identity,0.5,9,12,0.26,1.0,0.638127434830352,0.8694683210242546
51002,identity,0.5,10,12,0.42,1.0,0.6393215211932863,0.8752242712835624
51002,identity,0.5,11,12,0.4,1.0,0.6390095446545394,0.8704197386242825
51002,identity,0.75,0,19,0.06,1.0,0.6311133783263227,0.7835121781066889
51002,identity,0.75,1,19,0.04,1.0,0.6355578299874451,0.7754089943434863
51002,identity,0.75,2,19,0.12,1.0,0.6296265326876521,0.7808382048236406
51002,identity,0.75,3,19,0.02,1.0,0.6238020300787162,0.7718660707549209
51002,identity,0.75,4,19,0.08,1.0,0.6300480786027208,0.7976774046017246
51002,identity,0.75,5,19,0.14,1.0,0.6334396719713308,0.7897008378109192
51002,identity,0.75,6,19,0.08,1.0,0.6377875436789998,0.7824159177821496
51002,identity,0.75,7,19,0.08,1.0,0.6350948107939192,0.7751209279388968
51002,identity,0.75,8,19,0.1,1.0,0.6350136468685146,0.7808081545380987
51002,identity,0.75,9,19,0.08,1.0,0.62747218538477,0.7727617887603031
51002,identity,0.75,10,19,0.06,1.0,0.6280939860740399,0.7768160909434232
51002,identity,0.75,11,19,0.14,1.0,0.6344949901812358,0.7988088452921839
51002,identity,0.9,0,22,0.08,1.0,0.6364565411033986,0.7571866063484589
51002,identity,0.9,1,22,0.1,1.0,0.6373822589926655,0.7563717303409081
51002,identity,0.9,2,22,0.06,1.0,0.6304941727871352,0.7556390878093591
51002,identity,0.9,3,22,0.06,1.0,0.6314447487916017,0.7544439579566017
51002,identity,0.9,4,22,0.08,1.0,0.6338159079861552,0.7552932869366322
51002,identity,0.9,5,22,0.08,1.0,0.6371893790572776,0.7528400055701475
51002,identity,0.9,6,22,0.04,1.0,0.6282567167867298,0.7617781887136484
51002,identity,0.9,7,22,0.08,1.0,0.6280629247893508,0.7650073236783591
51002,identity,0.9,8,22,0.1,1.0,0.6299958744025836,0.7592200487285286
51002,identity,0.9,9,22,0.06,1.0,0.6362874860731184,0.7550579870561068
51002,identity,0.9,10,22,0.02,1.0,0.6315923781588048,0.755073741774251
51002,identity,0.9,11,22,0.06,1.0,0.6279974250311104,0.7513604950034672
51003,normal,0.0,0,0,0.72,1.0,0.6599804728975671,1.0
51003,normal,0.0,1,0,0.72,1.0,0.6599804728975671,1.0
51003,normal,0.0,2,0,0.72,1.0,0.6599804728975671,1.0
51003,normal,0.0,3,0,0.72,1.0,0.6599804728975671,1.0
51003,normal,0.0,4,0,0.72,1.0,0.6599804728975671,1.0
51003,normal,0.0,5,0,0.72,1.0,0.6599804728975671,1.0
51003,normal,0.0,6,0,0.72,1.0,0.6599804728975671,1.0
51003,normal,0.0,7,0,0.72,1.0,0.6599804728975671,1.0
51003,normal,0.0,8,0,0.72,1.0,0.6599804728975671,1.0
51003,normal,0.0,9,0,0.72,1.0,0.6599804728975671,1.0
51003,normal,0.0,10,0,0.72,1.0,0.6599804728975671,1.0
51003,normal,0.0,11,0,0.72,1.0,0.6599804728975671,1.0
51003,normal,0.25,0,6,0.52,1.0,0.6585239437289192,0.8121854982749701
51003,normal,0.25,1,6,0.44,1.0,0.6598481434899045,0.8169135255126585
51003,normal,0.25,2,6,0.5,1.0,0.6596126309770162,0.8541481105924725
51003,normal,0.25,3,6,0.54,1.0,0.6571625621843457,0.8489916818181834
51003,normal,0.25,4,6,0.54,1.0,0.6501870896968497,0.8555119131947234
51003,normal,0.25,5,6,0.42,1.0,0.6594949634277849,0.817706569936712
51003,normal,0.25,6,6,0.48,1.0,0.6599890934643837,0.8542640156663042
51003,normal,0.25,7,6,0.52,1.0,0.6571343063354543,0.8392631516336678
51003,normal,0.25,8,6,0.52,1.0,0.6562155839883224,0.8335075757632935
51003,normal,0.25,9,6,0.32,1.0,0.6599304368272714,0.8176631681216436
51003,normal,0.25,10,6,0.5,1.0,0.6490435493164063,0.8539984474120176
51003,normal,0.25,11,6,0.4,1.0,0.6500429977961761,0.8192825580655042
51003,normal,0.5,0,12,0.26,1.0,0.6569600301757015,0.73323427537644
51003,normal,0.5,1,12,0.18,1.0,0.6436568917255301,0.6908343253368119
51003,normal,0.5,2,12,0.26,1.0,0.6513641308164277,0.7428425640762452
51003,normal,0.5,3,12,0.2,1.0,0.6554232157468663,0.776035531655296
51003,normal,0.5,4,12,0.26,1.0,0.6595449851005618,0.7320194740035102
51003,normal,0.5,5,12,0.36,1.0,0.6598699234526922,0.7420502192129227
51003,normal,0.5,6,12,0.28,1.0,0.6546273566512375,0.7626006506296492
51003,normal,0.5,7,12,0.28,1.0,0.6599529729807851,0.7623040309915143
51003,normal,0.5,8,12,0.36,1.0,0.6599666931284546,0.7489686767331407
51003,normal,0.5,9,12,0.3,1.0,0.6515595596462538,0.7635786583367978
51003,normal,0.5,10,12,0.32,1.0,0.6597605740293448,0.730300586438049
51003,normal,0.5,11,12,0.18,1.0,0.6593145526948271,0.7407267867188203
51003,normal,0.75,0,19,0.16,1.0,0.6397623763237114,0.6857140832780777
51003,normal,0.75,1,19,0.14,1.0,0.6496309081979522,0.6862481201711036
51003,normal,0.75,2,19,0.14,1.0,0.6565309818646754,0.5901051229532219
51003,normal,0.75,3,19,0.12,1.0,0.6533591836220285,0.6211296384236895
51003,normal,0.75,4,19,0.06,1.0,0.6485953764151148,0.6509814073433735
51003,normal,0.75,5,19,0.08,1.0,0.6464292189779549,0.6010496907074754
51003,normal,0.75,6,19,0.16,1.0,0.6597530399221722,0.585827854566567
51003,normal,0.75,7,19,0.1,1.0,0.6471819383353912,0.6339317779350907
51003,normal,0.75,8,19,0.08,1.0,0.6554933249832767,0.6628232485542914
51003,normal,0.75,9,19,0.1,1.0,0.6473833694905531,0.6105127097449797
51003,normal,0.75,10,19,0.08,1.0,0.6531565064528223,0.6066597089184649
51003,normal,0.75,11,19,0.1,1.0,0.6498755055214851,0.6494114869044216
51003,normal,0.9,0,22,0.08,1.0,0.6459067427447392,0.5985537881040845
51003,normal,0.9,1,22,0.1,1.0,0.6599857689899796,0.6341451063140374
51003,normal,0.9,2,22,0.1,1.0,0.6524945150984145,0.5936665681098642
51003,normal,0.9,3,22,0.02,1.0,0.6476597786505522,0.5939428985669002
51003,normal,0.9,4,22,0.04,1.0,0.6371578401531467,0.5906163228956796
51003,normal,0.9,5,22,0.04,1.0,0.6361874529746554,0.6019476470670962
51003,normal,0.9,6,22,0.06,1.0,0.6532125647037189,0.60476468485396
51003,normal,0.9,7,22,0.08,1.0,0.6599575219455751,0.6081945729490833
51003,normal,0.9,8,22,0.04,1.0,0.6589563377127442,0.6166138262746658
51003,normal,0.9,9,22,0.08,1.0,0.6352223861143179,0.5619508718910413
51003,normal,0.9,10,22,0.04,1.0,0.6485925544892959,0.6024881402052644
51003,normal,0.9,11,22,0.08,1.0,0.6598798893647654,0.5983842141221273
51003,shuffled,0.0,0,0,0.7,1.0,0.659993291281188,1.0
51003,shuffled,0.0,1,0,0.7,1.0,0.659993291281188,1.0
51003,shuffled,0.0,2,0,0.7,1.0,0.659993291281188,1.0
51003,shuffled,0.0,3,0,0.7,1.0,0.659993291281188,1.0
51003,shuffled,0.0,4,0,0.7,1.0,0.659993291281188,1.0
51003,shuffled,0.0,5,0,0.7,1.0,0.659993291281188,1.0
51003,shuffled,0.0,6,0,0.7,1.0,0.659993291281188,1.0
51003,shuffled,0.0,7,0,0.7,1.0,0.659993291281188,1.0
51003,shuffled,0.0,8,0,0.7,1.0,0.659993291281188,1.0
51003,shuffled,0.0,9,0,0.7,1.0,0.659993291281188,1.0
51003,shuffled,0.0,10,0,0.7,1.0,0.659993291281188,1.0
51003,shuffled,0.0,11,0,0.7,1.0,0.659993291281188,1.0
51003,shuffled,0.25,0,6,0.42,1.0,0.659680984629766,0.799409044305967
51003,shuffled,0.25,1,6,0.42,1.0,0.6599265544794997,0.8599690497618816
51003,shuffled,0.25,2,6,0.5,1.0,0.6578036049440837,0.8072862937485129
51003,shuffled,0.25,3,6,0.4,1.0,0.6535572775805366,0.8388116098757503
51003,shuffled,0.25,4,6,0.44,1.0,0.659930570718876,0.8904448606819375
51003,shuffled,0.25,5,6,0.5,1.0,0.6597913045593625,0.8016920134378722
51003,shuffled,0.25,6,6,0.5,1.0,0.6584836434782393,0.810506200380701
51003,shuffled,0.25,7,6,0.32,1.0,0.659933475441,0.8247231290766797
51003,shuffled,0.25,8,6,0.46,1.0,0.6576978637376013,0.8527352529017689
51003,shuffled,0.25,9,6,0.38,1.0,0.6591831133599328,0.8061321678946831
51003,shuffled,0.25,10,6,0.34,1.0,0.6589700529984888,0.8322495022650057
51003,shuffled,0.25,11,6,0.42,1.0,0.6597973028798827,0.830255021373259
51003,shuffled,0.5,0,12,0.32,1.0,0.6559733727278566,0.6812802861402532
51003,shuffled,0.5,1,12,0.28,1.0,0.659814478734704,0.714797456880914
51003,shuffled,0.5,2,12,0.26,1.0,0.6568647258318384,0.6830563974416012
51003,shuffled,0.5,3,12,0.26,1.0,0.6599988941149536,0.6529332095499412
51003,shuffled,0.5,4,12,0.32,1.0,0.6599672248556793,0.6803964082918477
51003,shuffled,0.5,5,12,0.34,1.0,0.6582632402303031,0.7756402057996368
51003,shuffled,0.5,6,12,0.28,1.0,0.659992478716667,0.6947685355674403
51003,shuffled,0.5,7,12,0.28,1.0,0.659957270096898,0.7207649390575758
51003,shuffled,0.5,8,12,0.36,1.0,0.6594387177413097,0.7422371093322822
51003,shuffled,0.5,9,12,0.3,1.0,0.6586566412991064,0.7205939070289692
51003,shuffled,0.5,10,12,0.24,1.0,0.6599527797996901,0.7090488513955492
51003,shuffled,0.5,11,12,0.28,1.0,0.6599865702550334,0.7230476027338149
51003,shuffled,0.75,0,19,0.1,1.0,0.6599962904750442,0.5354770168271902
51003,shuffled,0.75,1,19,0.12,1.0,0.6595833603034477,0.5953501721588609
51003,shuffled,0.75,2,19,0.14,1.0,0.6599862432493588,0.5844968796428573
51003,shuffled,0.75,3,19,0.08,1.0,0.6575389034359262,0.538004347080787
51003,shuffled,0.75,4,19,0.12,1.0,0.6597318019545055,0.5788157704360696
51003,shuffled,0.75,5,19,0.16,1.0,0.6599905523062272,0.6116990664449335
51003,shuffled,0.75,6,19,0.16,1.0,0.6555851503841358,0.6175832998905767
51003,shuffled,0.75,7,19,0.1,1.0,0.659998269493098,0.5989958774673412
51003,shuffled,0.75,8,19,0.04,1.0,0.6598055858233712,0.6135601233394535
51003,shuffled,0.75,9,19,0.16,1.0,0.6589966202774119,0.6138644039723519
51003,shuffled,0.75,10,19,0.12,1.0,0.6511157470570447,0.5709571234471947
51003,shuffled,0.75,11,19,0.1,1.0,0.6598945710645784,0.6031868175082263
51003,shuffled,0.9,0,22,0.08,1.0,0.6599987249350409,0.5337112151311456
51003,shuffled,0.9,1,22,0.04,1.0,0.6599988019214035,0.5718667605783831
51003,shuffled,0.9,2,22,0.1,1.0,0.659511845802433,0.5230508389075413
51003,shuffled,0.9,3,22,0.12,1.0,0.6523523033400511,0.5809187444555548
51003,shuffled,0.9,4,22,0.06,1.0,0.6523517519789338,0.5570835450701722
51003,shuffled,0.9,5,22,0.12,1.0,0.6523522239875277,0.5741802927558287
51003,shuffled,0.9,6,22,0.06,1.0,0.6599948502337881,0.5051718445381205
51003,shuffled,0.9,7,22,0.08,1.0,0.6599889524749382,0.5601802005470555
51003,shuffled,0.9,8,22,0.06,1.0,0.6599866910661376,0.5595464508840474
51003,shuffled,0.9,9,22,0.08,1.0,0.6599925496276672,0.5019663867582197
51003,shuffled,0.9,10,22,0.06,1.0,0.6599989383721301,0.5386036947013413
51003,shuffled,0.9,11,22,0.04,1.0,0.6534410619841482,0.5519506062254285
51003,dense,0.0,0,0,0.02,0.5,0.04920333725811794,0.9999999999999999
51003,dense,0.0,1,0,0.02,0.5,0.04920333725811794,0.9999999999999999
51003,dense,0.0,2,0,0.02,0.5,0.04920333725811794,0.9999999999999999
51003,dense,0.0,3,0,0.02,0.5,0.04920333725811794,0.9999999999999999
51003,dense,0.0,4,0,0.02,0.5,0.04920333725811794,0.9999999999999999
51003,dense,0.0,5,0,0.02,0.5,0.04920333725811794,0.9999999999999999
51003,dense,0.0,6,0,0.02,0.5,0.04920333725811794,0.9999999999999999
51003,dense,0.0,7,0,0.02,0.5,0.04920333725811794,0.9999999999999999
51003,dense,0.0,8,0,0.02,0.5,0.04920333725811794,0.9999999999999999
51003,dense,0.0,9,0,0.02,0.5,0.04920333725811794,0.9999999999999999
51003,dense,0.0,10,0,0.02,0.5,0.04920333725811794,0.9999999999999999
51003,dense,0.0,11,0,0.02,0.5,0.04920333725811794,0.9999999999999999
51003,dense,0.25,0,6,0.02,0.5,0.04920333725811794,0.9999999999999999
51003,dense,0.25,1,6,0.02,0.5,0.04920333725811794,0.9999999999999999
51003,dense,0.25,2,6,0.02,0.5,0.04920333725811794,0.9999999999999999
51003,dense,0.25,3,6,0.02,0.5,0.04920333725811794,0.9999999999999999
51003,dense,0.25,4,6,0.02,0.5,0.04920333725811794,0.9999999999999999
51003,dense,0.25,5,6,0.02,0.5,0.04920333725811794,0.9999999999999999
51003,dense,0.25,6,6,0.02,0.5,0.04920333725811794,0.9999999999999999
51003,dense,0.25,7,6,0.02,0.5,0.04920333725811794,0.9999999999999999
51003,dense,0.25,8,6,0.02,0.5,0.04920333725811794,0.9999999999999999
51003,dense,0.25,9,6,0.02,0.5,0.04920333725811794,0.9999999999999999
51003,dense,0.25,10,6,0.02,0.5,0.04920333725811794,0.9999999999999999
51003,dense,0.25,11,6,0.02,0.5,0.04920333725811794,0.9999999999999999
51003,dense,0.5,0,12,0.02,0.5,0.04920333725811794,0.9999999999999999
51003,dense,0.5,1,12,0.02,0.5,0.04920333725811794,0.9999999999999999
51003,dense,0.5,2,12,0.02,0.5,0.04920333725811794,0.9999999999999999
51003,dense,0.5,3,12,0.02,0.5,0.04920333725811794,0.9999999999999999
51003,dense,0.5,4,12,0.02,0.5,0.04920333725811794,0.9999999999999999
51003,dense,0.5,5,12,0.02,0.5,0.04920333725811794,0.9999999999999999
51003,dense,0.5,6,12,0.02,0.5,0.04920333725811794,0.9999999999999999
51003,dense,0.5,7,12,0.02,0.5,0.04920333725811794,0.9999999999999999
51003,dense,0.5,8,12,0.02,0.5,0.04920333725811794,0.9999999999999999
51003,dense,0.5,9,12,0.02,0.5,0.04920333725811794,0.9999999999999999
51003,dense,0.5,10,12,0.02,0.5,0.04920333725811794,0.9999999999999999
51003,dense,0.5,11,12,0.02,0.5,0.04920333725811794,0.9999999999999999
51003,dense,0.75,0,19,0.02,0.5,0.04920333725811794,0.9999999999999999
51003,dense,0.75,1,19,0.02,0.5,0.04920333725811794,0.9999999999999999
51003,dense,0.75,2,19,0.02,0.5,0.04920333725811794,0.9999999999999999
51003,dense,0.75,3,19,0.02,0.5,0.04920333725811794,0.9999999999999999
51003,dense,0.75,4,19,0.02,0.5,0.04920333725811794,0.9999999999999999
51003,dense,0.75,5,19,0.02,0.5,0.04920333725811794,0.9999999999999999
51003,dense,0.75,6,19,0.02,0.5,0.04920333725811794,0.9999999999999999
51003,dense,0.75,7,19,0.02,0.5,0.04920333725811794,0.9999999999999999
51003,dense,0.75,8,19,0.02,0.5,0.04920333725811794,0.9999999999999999
51003,dense,0.75,9,19,0.02,0.5,0.04920333725811794,0.9999999999999999
51003,dense,0.75,10,19,0.02,0.5,0.04920333725811794,0.9999999999999999
51003,dense,0.75,11,19,0.02,0.5,0.04920333725811794,0.9999999999999999
51003,dense,0.9,0,22,0.02,0.5,0.04920333725811794,0.9999999999999999
51003,dense,0.9,1,22,0.02,0.5,0.04920333725811794,0.9999999999999999
51003,dense,0.9,2,22,0.02,0.5,0.04920333725811794,0.9999999999999999
51003,dense,0.9,3,22,0.02,0.5,0.04920333725811794,0.9999999999999999
51003,dense,0.9,4,22,0.02,0.5,0.04920333725811794,0.9999999999999999
51003,dense,0.9,5,22,0.02,0.5,0.04920333725811794,0.9999999999999999
51003,dense,0.9,6,22,0.02,0.5,0.04920333725811794,0.9999999999999999
51003,dense,0.9,7,22,0.02,0.5,0.04920333725811794,0.9999999999999999
51003,dense,0.9,8,22,0.02,0.5,0.04920333725811794,0.9999999999999999
51003,dense,0.9,9,22,0.02,0.5,0.04920333725811794,0.9999999999999999
51003,dense,0.9,10,22,0.02,0.5,0.04920333725811794,0.9999999999999999
51003,dense,0.9,11,22,0.02,0.5,0.04920333725811794,0.9999999999999999
51003,identity,0.0,0,0,0.96,1.0,0.6594529965868172,1.0
51003,identity,0.0,1,0,0.96,1.0,0.6594529965868172,1.0
51003,identity,0.0,2,0,0.96,1.0,0.6594529965868172,1.0
51003,identity,0.0,3,0,0.96,1.0,0.6594529965868172,1.0
51003,identity,0.0,4,0,0.96,1.0,0.6594529965868172,1.0
51003,identity,0.0,5,0,0.96,1.0,0.6594529965868172,1.0
51003,identity,0.0,6,0,0.96,1.0,0.6594529965868172,1.0
51003,identity,0.0,7,0,0.96,1.0,0.6594529965868172,1.0
51003,identity,0.0,8,0,0.96,1.0,0.6594529965868172,1.0
51003,identity,0.0,9,0,0.96,1.0,0.6594529965868172,1.0
51003,identity,0.0,10,0,0.96,1.0,0.6594529965868172,1.0
51003,identity,0.0,11,0,0.96,1.0,0.6594529965868172,1.0
51003,identity,0.25,0,6,0.76,1.0,0.6591046501347404,0.9337603420402728
51003,identity,0.25,1,6,0.84,1.0,0.6585728490283824,0.9261173773630701
51003,identity,0.25,2,6,0.74,1.0,0.6580979349465065,0.9526491881470602
51003,identity,0.25,3,6,0.74,1.0,0.6586671856446144,0.938964187427102
51003,identity,0.25,4,6,0.76,1.0,0.6593298936615386,0.94124470436782
51003,identity,0.25,5,6,0.76,1.0,0.6593451218602385,0.9271777108078275
51003,identity,0.25,6,6,0.78,1.0,0.6596008322613034,0.9256834234795757
51003,identity,0.25,7,6,0.78,1.0,0.6589753798137679,0.9383349715857026
51003,identity,0.25,8,6,0.86,1.0,0.6592017906895036,0.9146322713054724
51003,identity,0.25,9,6,0.74,1.0,0.6594093827811801,0.9334635855855667
51003,identity,0.25,10,6,0.86,1.0,0.6591045774585004,0.933598875447396
51003,identity,0.25,11,6,0.78,1.0,0.6598714720327837,0.9392927793982736
51003,identity,0.5,0,12,0.4,1.0,0.6583142487095606,0.8627426094795786
51003,identity,0.5,1,12,0.58,1.0,0.6592059762314925,0.8490818103095599
51003,identity,0.5,2,12,0.48,1.0,0.658106082235254,0.8597431096754317
51003,identity,0.5,3,12,0.44,1.0,0.6596916988251523,0.8719155756910087
51003,identity,0.5,4,12,0.5,1.0,0.6590236526947241,0.8756882512111299
51003,identity,0.5,5,12,0.46,1.0,0.6596593286710664,0.8825843631120702
51003,identity,0.5,6,12,0.48,1.0,0.6595706336891601,0.8767581980857793
51003,identity,0.5,7,12,0.46,1.0,0.6586504625807156,0.8762223901815994
51003,identity,0.5,8,12,0.52,1.0,0.6598432857083018,0.8831860183658826
51003,identity,0.5,9,12,0.6,1.0,0.65788663699045,0.8739163173507962
51003,identity,0.5,10,12,0.5,1.0,0.6545245277440874,0.8705756550515116
51003,identity,0.5,11,12,0.48,1.0,0.6585757794142512,0.8710445750308576
51003,identity,0.75,0,19,0.16,1.0,0.6594969918250573,0.7860623622663578
51003,identity,0.75,1,19,0.16,1.0,0.659885587583156,0.7807364269885152
51003,identity,0.75,2,19,0.16,1.0,0.6581552863608376,0.7764009712361672
51003,identity,0.75,3,19,0.2,1.0,0.6595764223252866,0.7795343805899408
51003,identity,0.75,4,19,0.16,1.0,0.6595723301870894,0.7757599055864965
51003,identity,0.75,5,19,0.2,1.0,0.6578683183893017,0.789399626233278
51003,identity,0.75,6,19,0.1,1.0,0.659231546645896,0.7878637707600775
51003,identity,0.75,7,19,0.14,1.0,0.6593146346784531,0.7806156155797978
51003,identity,0.75,8,19,0.12,1.0,0.6597207657775198,0.7781157171456335
51003,identity,0.75,9,19,0.2,1.0,0.6577388467373259,0.7818721536298883
51003,identity,0.75,10,19,0.12,1.0,0.6593410596501442,0.7746108994552707
51003,identity,0.75,11,19,0.18,1.0,0.6566373527053588,0.7895848414494786
51003,identity,0.9,0,22,0.08,1.0,0.6571257746641902,0.7755813213249064
51003,identity,0.9,1,22,0.04,1.0,0.657934201000108,0.7549207481290375
51003,identity,0.9,2,22,0.08,1.0,0.6585007340430444,0.7569033757103384
51003,identity,0.9,3,22,0.08,1.0,0.6585311269125077,0.7482372770737087
51003,identity,0.9,4,22,0.06,1.0,0.6573128620362305,0.7788460693067729
51003,identity,0.9,5,22,0.1,1.0,0.6581963384227077,0.7521471303947704
51003,identity,0.9,6,22,0.1,1.0,0.6580326019848308,0.7533011793910704
51003,identity,0.9,7,22,0.06,1.0,0.656894270677953,0.7513599007022768
51003,identity,0.9,8,22,0.08,1.0,0.6595579623612747,0.7516579440762525
51003,identity,0.9,9,22,0.08,1.0,0.6589041947638653,0.753529500177649
51003,identity,0.9,10,22,0.12,1.0,0.6561021731880995,0.748415546574495
51003,identity,0.9,11,22,0.1,1.0,0.6591077578212322,0.7523258020042282
51004,normal,0.0,0,0,0.5,1.0,0.6555580939145633,1.0
51004,normal,0.0,1,0,0.5,1.0,0.6555580939145633,1.0
51004,normal,0.0,2,0,0.5,1.0,0.6555580939145633,1.0
51004,normal,0.0,3,0,0.5,1.0,0.6555580939145633,1.0
51004,normal,0.0,4,0,0.5,1.0,0.6555580939145633,1.0
51004,normal,0.0,5,0,0.5,1.0,0.6555580939145633,1.0
51004,normal,0.0,6,0,0.5,1.0,0.6555580939145633,1.0
51004,normal,0.0,7,0,0.5,1.0,0.6555580939145633,1.0
51004,normal,0.0,8,0,0.5,1.0,0.6555580939145633,1.0
51004,normal,0.0,9,0,0.5,1.0,0.6555580939145633,1.0
51004,normal,0.0,10,0,0.5,1.0,0.6555580939145633,1.0
51004,normal,0.0,11,0,0.5,1.0,0.6555580939145633,1.0
51004,normal,0.25,0,6,0.34,1.0,0.6599970485360649,0.838826374247053
51004,normal,0.25,1,6,0.32,1.0,0.6599208244714518,0.8597750834162534
51004,normal,0.25,2,6,0.5,1.0,0.6565289700975286,0.8966694340901514
51004,normal,0.25,3,6,0.36,1.0,0.6592164822921011,0.847357949664762
51004,normal,0.25,4,6,0.34,1.0,0.6599970374568614,0.8869981512359021
51004,normal,0.25,5,6,0.42,1.0,0.659968308978868,0.8625585196736352
51004,normal,0.25,6,6,0.32,1.0,0.6591181844870697,0.8448999568749879
51004,normal,0.25,7,6,0.42,1.0,0.6599460239108246,0.823345640067691
51004,normal,0.25,8,6,0.36,1.0,0.6595515938284414,0.8318365870259956
51004,normal,0.25,9,6,0.44,1.0,0.659898080823151,0.8307839417938699
51004,normal,0.25,10,6,0.32,1.0,0.6554216663266608,0.8231969201069282
51004,normal,0.25,11,6,0.36,1.0,0.659868644040708,0.8354823408949181
51004,normal,0.5,0,12,0.12,1.0,0.6595668915070145,0.7323573827951375
51004,normal,0.5,1,12,0.32,1.0,0.6571449582390849,0.7540269202096895
51004,normal,0.5,2,12,0.28,1.0,0.6595618459823013,0.7340556426873732
51004,normal,0.5,3,12,0.18,1.0,0.6510533547300557,0.7375704582597671
51004,normal,0.5,4,12,0.2,1.0,0.6599960847289554,0.77584392305741
51004,normal,0.5,5,12,0.2,1.0,0.6599993692032606,0.7492057081571463
51004,normal,0.5,6,12,0.24,1.0,0.6483061635638863,0.7395877561736031
51004,normal,0.5,7,12,0.16,1.0,0.6518805078219095,0.7170579050828565
51004,normal,0.5,8,12,0.2,1.0,0.6599656668939354,0.7785000863342643
51004,normal,0.5,9,12,0.16,1.0,0.6576815504469994,0.7289923211266737
51004,normal,0.5,10,12,0.2,1.0,0.65980906274282,0.7301115363964753
51004,normal,0.5,11,12,0.22,1.0,0.6589258883910989,0.6940703891995185
51004,normal,0.75,0,19,0.1,1.0,0.659997929474106,0.6055233439388461
51004,normal,0.75,1,19,0.1,1.0,0.6598735400867178,0.6560548585277998
51004,normal,0.75,2,19,0.08,1.0,0.6599442548815392,0.6326836900609526
51004,normal,0.75,3,19,0.08,1.0,0.6599995772612133,0.607801764090531
51004,normal,0.75,4,19,0.06,1.0,0.6599959180384906,0.5746768994812991
51004,normal,0.75,5,19,0.06,1.0,0.6599859758027212,0.5987151375471759
51004,normal,0.75,6,19,0.12,1.0,0.6595532183213513,0.6153527569313249
51004,normal,0.75,7,19,0.12,1.0,0.659999280861743,0.6184176520300747
51004,normal,0.75,8,19,0.08,1.0,0.6599484471212711,0.6194792041908744
51004,normal,0.75,9,19,0.04,1.0,0.6596866617875305,0.6140171434231774
51004,normal,0.75,10,19,0.12,1.0,0.6599990236710387,0.6154461352146958
51004,normal,0.75,11,19,0.06,1.0,0.6569712817441136,0.6488262521317674
51004,normal,0.9,0,22,0.08,1.0,0.6599898761935197,0.5870461159523385
51004,normal,0.9,1,22,0.06,1.0,0.6599979450616513,0.5678661542509211
51004,normal,0.9,2,22,0.08,1.0,0.6599994035316076,0.5972958215282371
51004,normal,0.9,3,22,0.06,1.0,0.6599988982095004,0.5806515333719048
51004,normal,0.9,4,22,0.02,1.0,0.659999440475176,0.5952647185236037
51004,normal,0.9,5,22,0.04,1.0,0.6599727977949835,0.5805439804810479
51004,normal,0.9,6,22,0.08,1.0,0.6597671364157651,0.5892822039433839
51004,normal,0.9,7,22,0.02,1.0,0.6504955205892554,0.6192472081822045
51004,normal,0.9,8,22,0.04,1.0,0.6599634294620723,0.6089043102028667
51004,normal,0.9,9,22,0.02,1.0,0.6599991124404823,0.5939311288783995
51004,normal,0.9,10,22,0.04,1.0,0.6599991468362603,0.5779033402756232
51004,normal,0.9,11,22,0.1,1.0,0.659995509435118,0.6015564824339117
51004,shuffled,0.0,0,0,0.6,1.0,0.657809311226012,1.0
51004,shuffled,0.0,1,0,0.6,1.0,0.657809311226012,1.0
51004,shuffled,0.0,2,0,0.6,1.0,0.657809311226012,1.0
51004,shuffled,0.0,3,0,0.6,1.0,0.657809311226012,1.0
51004,shuffled,0.0,4,0,0.6,1.0,0.657809311226012,1.0
51004,shuffled,0.0,5,0,0.6,1.0,0.657809311226012,1.0
51004,shuffled,0.0,6,0,0.6,1.0,0.657809311226012,1.0
51004,shuffled,0.0,7,0,0.6,1.0,0.657809311226012,1.0
51004,shuffled,0.0,8,0,0.6,1.0,0.657809311226012,1.0
51004,shuffled,0.0,9,0,0.6,1.0,0.657809311226012,1.0
51004,shuffled,0.0,10,0,0.6,1.0,0.657809311226012,1.0
51004,shuffled,0.0,11,0,0.6,1.0,0.657809311226012,1.0
51004,shuffled,0.25,0,6,0.36,1.0,0.6329844268381476,0.8220757570593915
51004,shuffled,0.25,1,6,0.3,1.0,0.6593420046054248,0.8071368473477498
51004,shuffled,0.25,2,6,0.48,1.0,0.6582521190697147,0.8698249805048338
51004,shuffled,0.25,3,6,0.3,1.0,0.6599416040582392,0.8062937972094146
51004,shuffled,0.25,4,6,0.4,1.0,0.6418231525640162,0.8272463053933001
51004,shuffled,0.25,5,6,0.48,1.0,0.6594519540433503,0.8732631644703867
51004,shuffled,0.25,6,6,0.28,1.0,0.6592398426281594,0.8366226024211173
51004,shuffled,0.25,7,6,0.38,1.0,0.6580790171010711,0.8527623661850704
51004,shuffled,0.25,8,6,0.3,1.0,0.6596155198885721,0.8333239210649451
51004,shuffled,0.25,9,6,0.36,1.0,0.6595425983483219,0.8490427721009773
51004,shuffled,0.25,10,6,0.42,1.0,0.6453172210716391,0.8550672995539906
51004,shuffled,0.25,11,6,0.44,1.0,0.6599661266033795,0.8344071553906806
51004,shuffled,0.5,0,12,0.12,1.0,0.6245810132847966,0.6971398635307605
51004,shuffled,0.5,1,12,0.26,1.0,0.6575348593109124,0.7838194167284432
51004,shuffled,0.5,2,12,0.18,1.0,0.6436284137903775,0.7289567031480453
51004,shuffled,0.5,3,12,0.18,1.0,0.6590816018109266,0.7389166727637897
51004,shuffled,0.5,4,12,0.2,1.0,0.6373014869906398,0.7448432951951969
51004,shuffled,0.5,5,12,0.16,1.0,0.6598937611773222,0.7334547943970573
51004,shuffled,0.5,6,12,0.16,1.0,0.6598581549995943,0.7824843127590253
51004,shuffled,0.5,7,12,0.12,1.0,0.65777672020475,0.6882636993605121
51004,shuffled,0.5,8,12,0.26,1.0,0.6594079128932789,0.7513414323850524
51004,shuffled,0.5,9,12,0.32,1.0,0.659506949876112,0.7664532974454467
51004,shuffled,0.5,10,12,0.2,1.0,0.6565401644005281,0.7414699728881757
51004,shuffled,0.5,11,12,0.3,1.0,0.6596208693031393,0.795773940701459
51004,shuffled,0.75,0,19,0.1,1.0,0.6596378667660824,0.6736791359354659
51004,shuffled,0.75,1,19,0.06,1.0,0.6599297791932571,0.6521810243910303
51004,shuffled,0.75,2,19,0.06,1.0,0.6580712606508876,0.6459222221810605
51004,shuffled,0.75,3,19,0.08,1.0,0.6557151957657358,0.6444731510603322
51004,shuffled,0.75,4,19,0.14,1.0,0.6599487847048527,0.6740605022946866
51004,shuffled,0.75,5,19,0.02,1.0,0.6593937182333454,0.6510340695864325
51004,shuffled,0.75,6,19,0.06,1.0,0.6484225489950992,0.6437167371272987
51004,shuffled,0.75,7,19,0.06,1.0,0.6599668347813927,0.6597646616714589
51004,shuffled,0.75,8,19,0.08,1.0,0.6597662551264486,0.6574234891395977
51004,shuffled,0.75,9,19,0.12,1.0,0.6598988718286362,0.6654087976052793
51004,shuffled,0.75,10,19,0.06,1.0,0.6599582613259543,0.6390803576378834
51004,shuffled,0.75,11,19,0.12,1.0,0.6599944691795752,0.6702061926696575
51004,shuffled,0.9,0,22,0.06,1.0,0.6599966445508119,0.6315909607959518
51004,shuffled,0.9,1,22,0.06,1.0,0.6583228008096951,0.6399036363805793
51004,shuffled,0.9,2,22,0.08,1.0,0.6595374973662609,0.6242218061711702
51004,shuffled,0.9,3,22,0.02,1.0,0.6543744138815571,0.6171261690920088
51004,shuffled,0.9,4,22,0.02,1.0,0.6598886482891879,0.6142827604200124
51004,shuffled,0.9,5,22,0.08,1.0,0.6596901900700729,0.6244121649514678
51004,shuffled,0.9,6,22,0.06,1.0,0.6599622625560432,0.6451056965033046
51004,shuffled,0.9,7,22,0.06,1.0,0.6595516013153022,0.6243523232737946
51004,shuffled,0.9,8,22,0.04,1.0,0.6551945412711675,0.6420615109637908
51004,shuffled,0.9,9,22,0.08,1.0,0.6599205851808688,0.6398740754806834
51004,shuffled,0.9,10,22,0.04,1.0,0.6599653847160236,0.628227697009683
51004,shuffled,0.9,11,22,0.04,1.0,0.6599984731292733,0.6265223589397872
51004,dense,0.0,0,0,0.02,0.5,0.015601343273854216,0.9999999999999999
51004,dense,0.0,1,0,0.02,0.5,0.015601343273854216,0.9999999999999999
51004,dense,0.0,2,0,0.02,0.5,0.015601343273854216,0.9999999999999999
51004,dense,0.0,3,0,0.02,0.5,0.015601343273854216,0.9999999999999999
51004,dense,0.0,4,0,0.02,0.5,0.015601343273854216,0.9999999999999999
51004,dense,0.0,5,0,0.02,0.5,0.015601343273854216,0.9999999999999999
51004,dense,0.0,6,0,0.02,0.5,0.015601343273854216,0.9999999999999999
51004,dense,0.0,7,0,0.02,0.5,0.015601343273854216,0.9999999999999999
51004,dense,0.0,8,0,0.02,0.5,0.015601343273854216,0.9999999999999999
51004,dense,0.0,9,0,0.02,0.5,0.015601343273854216,0.9999999999999999
51004,dense,0.0,10,0,0.02,0.5,0.015601343273854216,0.9999999999999999
51004,dense,0.0,11,0,0.02,0.5,0.015601343273854216,0.9999999999999999
51004,dense,0.25,0,6,0.02,0.5,0.015601343273854216,0.9999999999999999
51004,dense,0.25,1,6,0.02,0.5,0.015601343273854216,0.9999999999999999
51004,dense,0.25,2,6,0.02,0.5,0.015601343273854216,0.9999999999999999
51004,dense,0.25,3,6,0.02,0.5,0.015601343273854216,0.9999999999999999
51004,dense,0.25,4,6,0.02,0.5,0.015601343273854216,0.9999999999999999
51004,dense,0.25,5,6,0.02,0.5,0.015601343273854216,0.9999999999999999
51004,dense,0.25,6,6,0.02,0.5,0.015601343273854216,0.9999999999999999
51004,dense,0.25,7,6,0.02,0.5,0.015601343273854216,0.9999999999999999
51004,dense,0.25,8,6,0.02,0.5,0.015601343273854216,0.9999999999999999
51004,dense,0.25,9,6,0.02,0.5,0.015601343273854216,0.9999999999999999
51004,dense,0.25,10,6,0.02,0.5,0.015601343273854216,0.9999999999999999
51004,dense,0.25,11,6,0.02,0.5,0.015601343273854216,0.9999999999999999
51004,dense,0.5,0,12,0.02,0.5,0.015601343273854216,0.9999999999999999
51004,dense,0.5,1,12,0.02,0.5,0.015601343273854216,0.9999999999999999
51004,dense,0.5,2,12,0.02,0.5,0.015601343273854216,0.9999999999999999
51004,dense,0.5,3,12,0.02,0.5,0.015601343273854216,0.9999999999999999
51004,dense,0.5,4,12,0.02,0.5,0.015601343273854216,0.9999999999999999
51004,dense,0.5,5,12,0.02,0.5,0.015601343273854216,0.9999999999999999
51004,dense,0.5,6,12,0.02,0.5,0.015601343273854216,0.9999999999999999
51004,dense,0.5,7,12,0.02,0.5,0.015601343273854216,0.9999999999999999
51004,dense,0.5,8,12,0.02,0.5,0.015601343273854216,0.9999999999999999
51004,dense,0.5,9,12,0.02,0.5,0.015601343273854216,0.9999999999999999
51004,dense,0.5,10,12,0.02,0.5,0.015601343273854216,0.9999999999999999
51004,dense,0.5,11,12,0.02,0.5,0.015601343273854216,0.9999999999999999
51004,dense,0.75,0,19,0.02,0.5,0.015601343273854216,0.9999999999999999
51004,dense,0.75,1,19,0.02,0.5,0.015601343273854216,0.9999999999999999
51004,dense,0.75,2,19,0.02,0.5,0.015601343273854216,0.9999999999999999
51004,dense,0.75,3,19,0.02,0.5,0.015601343273854216,0.9999999999999999
51004,dense,0.75,4,19,0.02,0.5,0.015601343273854216,0.9999999999999999
51004,dense,0.75,5,19,0.02,0.5,0.015601343273854216,0.9999999999999999
51004,dense,0.75,6,19,0.02,0.5,0.015601343273854216,0.9999999999999999
51004,dense,0.75,7,19,0.02,0.5,0.015601343273854216,0.9999999999999999
51004,dense,0.75,8,19,0.02,0.5,0.015601343273854216,0.9999999999999999
51004,dense,0.75,9,19,0.02,0.5,0.015601343273854216,0.9999999999999999
51004,dense,0.75,10,19,0.02,0.5,0.015601343273854216,0.9999999999999999
51004,dense,0.75,11,19,0.02,0.5,0.015601343273854216,0.9999999999999999
51004,dense,0.9,0,22,0.02,0.5,0.015601343273854216,0.9999999999999999
51004,dense,0.9,1,22,0.02,0.5,0.015601343273854216,0.9999999999999999
51004,dense,0.9,2,22,0.02,0.5,0.015601343273854216,0.9999999999999999
51004,dense,0.9,3,22,0.02,0.5,0.015601343273854216,0.9999999999999999
51004,dense,0.9,4,22,0.02,0.5,0.015601343273854216,0.9999999999999999
51004,dense,0.9,5,22,0.02,0.5,0.015601343273854216,0.9999999999999999
51004,dense,0.9,6,22,0.02,0.5,0.015601343273854216,0.9999999999999999
51004,dense,0.9,7,22,0.02,0.5,0.015601343273854216,0.9999999999999999
51004,dense,0.9,8,22,0.02,0.5,0.015601343273854216,0.9999999999999999
51004,dense,0.9,9,22,0.02,0.5,0.015601343273854216,0.9999999999999999
51004,dense,0.9,10,22,0.02,0.5,0.015601343273854216,0.9999999999999999
51004,dense,0.9,11,22,0.02,0.5,0.015601343273854216,0.9999999999999999
51004,identity,0.0,0,0,0.82,1.0,0.6540339913937703,1.0
51004,identity,0.0,1,0,0.82,1.0,0.6540339913937703,1.0
51004,identity,0.0,2,0,0.82,1.0,0.6540339913937703,1.0
51004,identity,0.0,3,0,0.82,1.0,0.6540339913937703,1.0
51004,identity,0.0,4,0,0.82,1.0,0.6540339913937703,1.0
51004,identity,0.0,5,0,0.82,1.0,0.6540339913937703,1.0
51004,identity,0.0,6,0,0.82,1.0,0.6540339913937703,1.0
51004,identity,0.0,7,0,0.82,1.0,0.6540339913937703,1.0
51004,identity,0.0,8,0,0.82,1.0,0.6540339913937703,1.0
51004,identity,0.0,9,0,0.82,1.0,0.6540339913937703,1.0
51004,identity,0.0,10,0,0.82,1.0,0.6540339913937703,1.0
51004,identity,0.0,11,0,0.82,1.0,0.6540339913937703,1.0
51004,identity,0.25,0,6,0.62,1.0,0.654045466532319,0.918424876186615
51004,identity,0.25,1,6,0.62,1.0,0.6524833070079201,0.9331583572689975
51004,identity,0.25,2,6,0.56,1.0,0.6529747809303127,0.9169335742022333
51004,identity,0.25,3,6,0.62,1.0,0.6559152706558501,0.9370356697717606
51004,identity,0.25,4,6,0.58,1.0,0.6529740030793292,0.9453892818715517
51004,identity,0.25,5,6,0.58,1.0,0.6584142788910071,0.9302365497676861
51004,identity,0.25,6,6,0.62,1.0,0.6596721501449774,0.9381397478737458
51004,identity,0.25,7,6,0.56,1.0,0.6536515085456912,0.9317468542907256
51004,identity,0.25,8,6,0.62,1.0,0.6587882361411493,0.937527551007256
51004,identity,0.25,9,6,0.56,1.0,0.6524213244464963,0.94670210765752
51004,identity,0.25,10,6,0.6,1.0,0.6499114398399969,0.9295562532198458
51004,identity,0.25,11,6,0.54,1.0,0.6587966160738082,0.937859350392751
51004,identity,0.5,0,12,0.32,1.0,0.658786577833294,0.8868513090137408
51004,identity,0.5,1,12,0.26,1.0,0.6597666674161757,0.8446116746451486
51004,identity,0.5,2,12,0.24,1.0,0.6574451610394053,0.8363650721666908
51004,identity,0.5,3,12,0.24,1.0,0.6579438274997216,0.860535172253157
51004,identity,0.5,4,12,0.36,1.0,0.6584084856935978,0.8451472237298833
51004,identity,0.5,5,12,0.36,1.0,0.6580424319101422,0.8825708422899254
51004,identity,0.5,6,12,0.3,1.0,0.653504737771168,0.8784303844070144
51004,identity,0.5,7,12,0.28,1.0,0.6589874605412528,0.8297162135006658
51004,identity,0.5,8,12,0.3,1.0,0.6598915298684217,0.8757188031553543
51004,identity,0.5,9,12,0.28,1.0,0.6558718821821498,0.8553349523538079
51004,identity,0.5,10,12,0.32,1.0,0.6545685909811201,0.8636711771145886
51004,identity,0.5,11,12,0.22,1.0,0.6501739743808705,0.8610288046297258
51004,identity,0.75,0,19,0.1,1.0,0.6535309613488625,0.7849811451500989
51004,identity,0.75,1,19,0.1,1.0,0.6577229114970558,0.7809684041556143
51004,identity,0.75,2,19,0.04,1.0,0.6562475613316741,0.7693439277796394
51004,identity,0.75,3,19,0.02,1.0,0.6597420877058721,0.7699125912203038
51004,identity,0.75,4,19,0.06,1.0,0.6585901945485688,0.8028768703841409
51004,identity,0.75,5,19,0.02,1.0,0.6494093716192354,0.7726207984241924
51004,identity,0.75,6,19,0.04,1.0,0.6499488359865941,0.7719197202601471
51004,identity,0.75,7,19,0.1,1.0,0.6587423188697873,0.7688435915535101
51004,identity,0.75,8,19,0.08,1.0,0.6534119477765898,0.7700113857048854
51004,identity,0.75,9,19,0.06,1.0,0.6590776730622333,0.7746537340051864
51004,identity,0.75,10,19,0.04,1.0,0.6476996131438385,0.7824947215984851
51004,identity,0.75,11,19,0.06,1.0,0.6592337647553336,0.7713297452980561
51004,identity,0.9,0,22,0.02,1.0,0.6562272357495513,0.749911701801238
51004,identity,0.9,1,22,0.06,1.0,0.6515577153181661,0.7493366854787823
51004,identity,0.9,2,22,0.0,1.0,0.6541996254470939,0.7726156122451389
51004,identity,0.9,3,22,0.04,1.0,0.6540885337762847,0.7463251186462218
51004,identity,0.9,4,22,0.04,1.0,0.6580957800667423,0.7535516012496889
51004,identity,0.9,5,22,0.04,1.0,0.6487343246107186,0.7519405576232592
51004,identity,0.9,6,22,0.0,1.0,0.6584616279162324,0.7483350268471863
51004,identity,0.9,7,22,0.02,1.0,0.6503131575065801,0.7503890994580595
51004,identity,0.9,8,22,0.0,1.0,0.6462092908646392,0.7483574131438199
51004,identity,0.9,9,22,0.02,1.0,0.6554337123566646,0.7512281466106329
51004,identity,0.9,10,22,0.02,1.0,0.654089212200146,0.7471809325169576
51004,identity,0.9,11,22,0.02,1.0,0.6549388869556904,0.7461681882818416
51005,normal,0.0,0,0,0.6,1.0,0.6597723798110187,1.0
51005,normal,0.0,1,0,0.6,1.0,0.6597723798110187,1.0
51005,normal,0.0,2,0,0.6,1.0,0.6597723798110187,1.0
51005,normal,0.0,3,0,0.6,1.0,0.6597723798110187,1.0
51005,normal,0.0,4,0,0.6,1.0,0.6597723798110187,1.0
51005,normal,0.0,5,0,0.6,1.0,0.6597723798110187,1.0
51005,normal,0.0,6,0,0.6,1.0,0.6597723798110187,1.0
51005,normal,0.0,7,0,0.6,1.0,0.6597723798110187,1.0
51005,normal,0.0,8,0,0.6,1.0,0.6597723798110187,1.0
51005,normal,0.0,9,0,0.6,1.0,0.6597723798110187,1.0
51005,normal,0.0,10,0,0.6,1.0,0.6597723798110187,1.0
51005,normal,0.0,11,0,0.6,1.0,0.6597723798110187,1.0
51005,normal,0.25,0,6,0.38,1.0,0.6582559101707744,0.8387560758965015
51005,normal,0.25,1,6,0.42,1.0,0.6599956712605887,0.858382643155317
51005,normal,0.25,2,6,0.4,1.0,0.6599986495953932,0.8249971066676508
51005,normal,0.25,3,6,0.48,1.0,0.6599839134502322,0.8263080260592929
51005,normal,0.25,4,6,0.5,1.0,0.6599899815029392,0.8349206822620212
51005,normal,0.25,5,6,0.48,1.0,0.6571795320106395,0.8082276981978793
51005,normal,0.25,6,6,0.38,1.0,0.6599868666957381,0.8458733967314492
51005,normal,0.25,7,6,0.38,1.0,0.6599813097695997,0.8163047951566789
51005,normal,0.25,8,6,0.4,1.0,0.65958579021922,0.8299800042968721
51005,normal,0.25,9,6,0.4,1.0,0.6599801529866961,0.8401646312395523
51005,normal,0.25,10,6,0.32,1.0,0.655851006978351,0.8059416388728168
51005,normal,0.25,11,6,0.46,1.0,0.6561896418541532,0.8248309585403791
51005,normal,0.5,0,12,0.26,1.0,0.6541772403112732,0.7116665181236833
51005,normal,0.5,1,12,0.26,1.0,0.659997461587087,0.7112549327661329
51005,normal,0.5,2,12,0.2,1.0,0.6599630854298715,0.7194078411803574
51005,normal,0.5,3,12,0.26,1.0,0.6599955633422049,0.7149747575350024
51005,normal,0.5,4,12,0.22,1.0,0.6599172634610698,0.7433794049995903
51005,normal,0.5,5,12,0.32,1.0,0.6599918630222263,0.7022272345678394
51005,normal,0.5,6,12,0.26,1.0,0.6565587826834878,0.7199532713308288
51005,normal,0.5,7,12,0.24,1.0,0.6559095710506009,0.7233775034397698
51005,normal,0.5,8,12,0.18,1.0,0.6599997073595816,0.7149588767003802
51005,normal,0.5,9,12,0.28,1.0,0.6599992607801162,0.7055750174116042
51005,normal,0.5,10,12,0.18,1.0,0.6596183692694515,0.6970203612301304
51005,normal,0.5,11,12,0.14,1.0,0.6597452938441661,0.7250921969065013
51005,normal,0.75,0,19,0.14,1.0,0.6577028177314168,0.6509829089344595
51005,normal,0.75,1,19,0.18,1.0,0.6599991901298676,0.6683823811356365
51005,normal,0.75,2,19,0.12,1.0,0.656528539538845,0.65511924393782
51005,normal,0.75,3,19,0.12,1.0,0.659999479261646,0.6551152828648269
51005,normal,0.75,4,19,0.12,1.0,0.6599998725910067,0.6421871712677395
51005,normal,0.75,5,19,0.08,1.0,0.6599996551669243,0.634734847006186
51005,normal,0.75,6,19,0.18,1.0,0.6599997385849377,0.6580409955221808
51005,normal,0.75,7,19,0.2,1.0,0.6599953208837224,0.5938785397581782
51005,normal,0.75,8,19,0.16,1.0,0.6599996001662904,0.6173406155892872
51005,normal,0.75,9,19,0.08,1.0,0.659999867978015,0.6528671937325425
51005,normal,0.75,10,19,0.06,1.0,0.6599998837419909,0.650847436257724
51005,normal,0.75,11,19,0.14,1.0,0.6599999501552212,0.6437789059863224
51005,normal,0.9,0,22,0.04,1.0,0.6599999307812345,0.6047756419309236
51005,normal,0.9,1,22,0.1,1.0,0.6599997728693503,0.6192476214167381
51005,normal,0.9,2,22,0.12,1.0,0.6599998854497582,0.6338428864263901
51005,normal,0.9,3,22,0.08,1.0,0.6599999859900229,0.6066816494907977
51005,normal,0.9,4,22,0.1,1.0,0.6592714070797817,0.6177736650623216
51005,normal,0.9,5,22,0.1,1.0,0.6599994317202476,0.6163900164520755
51005,normal,0.9,6,22,0.02,1.0,0.6599999887036063,0.6162510206328706
51005,normal,0.9,7,22,0.08,1.0,0.6599997187081433,0.6145026011242847
51005,normal,0.9,8,22,0.06,1.0,0.6574510658558327,0.6165639508309494
51005,normal,0.9,9,22,0.1,1.0,0.6599995820711374,0.6104130771701044
51005,normal,0.9,10,22,0.06,1.0,0.6599999908400105,0.6233485637032559
51005,normal,0.9,11,22,0.08,1.0,0.6599994329845973,0.603646846195828
51005,shuffled,0.0,0,0,0.74,1.0,0.659993360936812,1.0
51005,shuffled,0.0,1,0,0.74,1.0,0.659993360936812,1.0
51005,shuffled,0.0,2,0,0.74,1.0,0.659993360936812,1.0
51005,shuffled,0.0,3,0,0.74,1.0,0.659993360936812,1.0
51005,shuffled,0.0,4,0,0.74,1.0,0.659993360936812,1.0
51005,shuffled,0.0,5,0,0.74,1.0,0.659993360936812,1.0
51005,shuffled,0.0,6,0,0.74,1.0,0.659993360936812,1.0
51005,shuffled,0.0,7,0,0.74,1.0,0.659993360936812,1.0
51005,shuffled,0.0,8,0,0.74,1.0,0.659993360936812,1.0
51005,shuffled,0.0,9,0,0.74,1.0,0.659993360936812,1.0
51005,shuffled,0.0,10,0,0.74,1.0,0.659993360936812,1.0
51005,shuffled,0.0,11,0,0.74,1.0,0.659993360936812,1.0
51005,shuffled,0.25,0,6,0.38,1.0,0.6523659867943425,0.8239351952131894
51005,shuffled,0.25,1,6,0.5,1.0,0.6599749953817884,0.8328036923936547
51005,shuffled,0.25,2,6,0.52,1.0,0.6599157291488692,0.8248790835852339
51005,shuffled,0.25,3,6,0.48,1.0,0.650476138344364,0.8036082463820863
51005,shuffled,0.25,4,6,0.52,1.0,0.6591009011579917,0.8406067503604358
51005,shuffled,0.25,5,6,0.38,1.0,0.6599230203612675,0.8101633638191048
51005,shuffled,0.25,6,6,0.4,1.0,0.6599232372726372,0.8323265806201314
51005,shuffled,0.25,7,6,0.36,1.0,0.6596657220156876,0.8193508057254704
51005,shuffled,0.25,8,6,0.44,1.0,0.6580482632206798,0.8137857719923263
51005,shuffled,0.25,9,6,0.46,1.0,0.6585295673634373,0.8208706712984305
51005,shuffled,0.25,10,6,0.54,1.0,0.659836224231462,0.8408106769660733
51005,shuffled,0.25,11,6,0.44,1.0,0.6550586339838383,0.808715534587036
51005,shuffled,0.5,0,12,0.18,1.0,0.6593344402265177,0.6970858561150842
51005,shuffled,0.5,1,12,0.28,1.0,0.6593543528461342,0.7056580957846451
51005,shuffled,0.5,2,12,0.24,1.0,0.6565605200426083,0.7370378161854008
51005,shuffled,0.5,3,12,0.3,1.0,0.6599857880146797,0.690545473130141
51005,shuffled,0.5,4,12,0.3,1.0,0.6598163609802981,0.6849810020001946
51005,shuffled,0.5,5,12,0.14,1.0,0.6485217338739097,0.6300158181995916
51005,shuffled,0.5,6,12,0.24,1.0,0.6598213520869277,0.7040971517877063
51005,shuffled,0.5,7,12,0.32,1.0,0.6499180969183533,0.6735332955314621
51005,shuffled,0.5,8,12,0.28,1.0,0.657263652472713,0.7242649209641435
51005,shuffled,0.5,9,12,0.34,1.0,0.6389842684771695,0.7364885245907312
51005,shuffled,0.5,10,12,0.26,1.0,0.6498310639220075,0.7221804534578388
51005,shuffled,0.5,11,12,0.18,1.0,0.6390911651136261,0.6952980806340214
51005,shuffled,0.75,0,19,0.1,1.0,0.6418907991395383,0.5853453397409466
51005,shuffled,0.75,1,19,0.1,1.0,0.6515559260829081,0.5535655788347431
51005,shuffled,0.75,2,19,0.18,1.0,0.6546028868415587,0.6115384128033896
51005,shuffled,0.75,3,19,0.12,1.0,0.6486910005166152,0.6190934785474144
51005,shuffled,0.75,4,19,0.1,1.0,0.6561250354373874,0.570349550848921
51005,shuffled,0.75,5,19,0.1,1.0,0.6599461045738273,0.6158374072772745
51005,shuffled,0.75,6,19,0.12,1.0,0.6599324266898017,0.6121450575287198
51005,shuffled,0.75,7,19,0.1,1.0,0.6598581649424602,0.5736335747417372
51005,shuffled,0.75,8,19,0.08,1.0,0.6590269071634677,0.6081497640319575
51005,shuffled,0.75,9,19,0.08,1.0,0.6597719794728021,0.5825729820944594
51005,shuffled,0.75,10,19,0.14,1.0,0.6596066451639027,0.6103263651736303
51005,shuffled,0.75,11,19,0.14,1.0,0.64773936026922,0.5870264638013105
51005,shuffled,0.9,0,22,0.04,1.0,0.5691202593589104,0.5349134883309791
51005,shuffled,0.9,1,22,0.1,1.0,0.6598507796851105,0.5711377027440494
51005,shuffled,0.9,2,22,0.06,1.0,0.6560156317972965,0.5494635770088575
51005,shuffled,0.9,3,22,0.12,1.0,0.6311387238831919,0.5293854071367743
51005,shuffled,0.9,4,22,0.08,1.0,0.6599902505756107,0.5333319127704255
51005,shuffled,0.9,5,22,0.1,1.0,0.6599607229266007,0.5515517751650629
51005,shuffled,0.9,6,22,0.08,1.0,0.6599952149294943,0.5529028498636714
51005,shuffled,0.9,7,22,0.14,1.0,0.6599467718560256,0.5667355480531857
51005,shuffled,0.9,8,22,0.08,1.0,0.6596983730127206,0.5530005779993532
51005,shuffled,0.9,9,22,0.1,1.0,0.6598468708136532,0.5852572936670177
51005,shuffled,0.9,10,22,0.1,1.0,0.6597655359055383,0.5371290789142411
51005,shuffled,0.9,11,22,0.06,1.0,0.6599993368258815,0.5599300104079518
51005,dense,0.0,0,0,0.02,0.5,0.26435147355725236,0.9999999999999999
51005,dense,0.0,1,0,0.02,0.5,0.26435147355725236,0.9999999999999999
51005,dense,0.0,2,0,0.02,0.5,0.26435147355725236,0.9999999999999999
51005,dense,0.0,3,0,0.02,0.5,0.26435147355725236,0.9999999999999999
51005,dense,0.0,4,0,0.02,0.5,0.26435147355725236,0.9999999999999999
51005,dense,0.0,5,0,0.02,0.5,0.26435147355725236,0.9999999999999999
51005,dense,0.0,6,0,0.02,0.5,0.26435147355725236,0.9999999999999999
51005,dense,0.0,7,0,0.02,0.5,0.26435147355725236,0.9999999999999999
51005,dense,0.0,8,0,0.02,0.5,0.26435147355725236,0.9999999999999999
51005,dense,0.0,9,0,0.02,0.5,0.26435147355725236,0.9999999999999999
51005,dense,0.0,10,0,0.02,0.5,0.26435147355725236,0.9999999999999999
51005,dense,0.0,11,0,0.02,0.5,0.26435147355725236,0.9999999999999999
51005,dense,0.25,0,6,0.02,0.5,0.26435147355725236,0.9999999999999999
51005,dense,0.25,1,6,0.02,0.5,0.26435147355725236,0.9999999999999999
51005,dense,0.25,2,6,0.02,0.5,0.26435147355725236,0.9999999999999999
51005,dense,0.25,3,6,0.02,0.5,0.26435147355725236,0.9999999999999999
51005,dense,0.25,4,6,0.02,0.5,0.26435147355725236,0.9999999999999999
51005,dense,0.25,5,6,0.02,0.5,0.26435147355725236,0.9999999999999999
51005,dense,0.25,6,6,0.02,0.5,0.26435147355725236,0.9999999999999999
51005,dense,0.25,7,6,0.02,0.5,0.26435147355725236,0.9999999999999999
51005,dense,0.25,8,6,0.02,0.5,0.26435147355725236,0.9999999999999999
51005,dense,0.25,9,6,0.02,0.5,0.26435147355725236,0.9999999999999999
51005,dense,0.25,10,6,0.02,0.5,0.26435147355725236,0.9999999999999999
51005,dense,0.25,11,6,0.02,0.5,0.26435147355725236,0.9999999999999999
51005,dense,0.5,0,12,0.02,0.5,0.26435147355725236,0.9999999999999999
51005,dense,0.5,1,12,0.02,0.5,0.26435147355725236,0.9999999999999999
51005,dense,0.5,2,12,0.02,0.5,0.26435147355725236,0.9999999999999999
51005,dense,0.5,3,12,0.02,0.5,0.26435147355725236,0.9999999999999999
51005,dense,0.5,4,12,0.02,0.5,0.26435147355725236,0.9999999999999999
51005,dense,0.5,5,12,0.02,0.5,0.26435147355725236,0.9999999999999999
51005,dense,0.5,6,12,0.02,0.5,0.26435147355725236,0.9999999999999999
51005,dense,0.5,7,12,0.02,0.5,0.26435147355725236,0.9999999999999999
51005,dense,0.5,8,12,0.02,0.5,0.26435147355725236,0.9999999999999999
51005,dense,0.5,9,12,0.02,0.5,0.26435147355725236,0.9999999999999999
51005,dense,0.5,10,12,0.02,0.5,0.26435147355725236,0.9999999999999999
51005,dense,0.5,11,12,0.02,0.5,0.26435147355725236,0.9999999999999999
51005,dense,0.75,0,19,0.02,0.5,0.26435147355725236,0.9999999999999999
51005,dense,0.75,1,19,0.02,0.5,0.26435147355725236,0.9999999999999999
51005,dense,0.75,2,19,0.02,0.5,0.26435147355725236,0.9999999999999999
51005,dense,0.75,3,19,0.02,0.5,0.26435147355725236,0.9999999999999999
51005,dense,0.75,4,19,0.02,0.5,0.26435147355725236,0.9999999999999999
51005,dense,0.75,5,19,0.02,0.5,0.26435147355725236,0.9999999999999999
51005,dense,0.75,6,19,0.02,0.5,0.26435147355725236,0.9999999999999999
51005,dense,0.75,7,19,0.02,0.5,0.26435147355725236,0.9999999999999999
51005,dense,0.75,8,19,0.02,0.5,0.26435147355725236,0.9999999999999999
51005,dense,0.75,9,19,0.02,0.5,0.26435147355725236,0.9999999999999999
51005,dense,0.75,10,19,0.02,0.5,0.26435147355725236,0.9999999999999999
51005,dense,0.75,11,19,0.02,0.5,0.26435147355725236,0.9999999999999999
51005,dense,0.9,0,22,0.02,0.5,0.26435147355725236,0.9999999999999999
51005,dense,0.9,1,22,0.02,0.5,0.26435147355725236,0.9999999999999999
51005,dense,0.9,2,22,0.02,0.5,0.26435147355725236,0.9999999999999999
51005,dense,0.9,3,22,0.02,0.5,0.26435147355725236,0.9999999999999999
51005,dense,0.9,4,22,0.02,0.5,0.26435147355725236,0.9999999999999999
51005,dense,0.9,5,22,0.02,0.5,0.26435147355725236,0.9999999999999999
51005,dense,0.9,6,22,0.02,0.5,0.26435147355725236,0.9999999999999999
51005,dense,0.9,7,22,0.02,0.5,0.26435147355725236,0.9999999999999999
51005,dense,0.9,8,22,0.02,0.5,0.26435147355725236,0.9999999999999999
51005,dense,0.9,9,22,0.02,0.5,0.26435147355725236,0.9999999999999999
51005,dense,0.9,10,22,0.02,0.5,0.26435147355725236,0.9999999999999999
51005,dense,0.9,11,22,0.02,0.5,0.26435147355725236,0.9999999999999999
51005,identity,0.0,0,0,0.96,1.0,0.6599900076050447,1.0
51005,identity,0.0,1,0,0.96,1.0,0.6599900076050447,1.0
51005,identity,0.0,2,0,0.96,1.0,0.6599900076050447,1.0
51005,identity,0.0,3,0,0.96,1.0,0.6599900076050447,1.0
51005,identity,0.0,4,0,0.96,1.0,0.6599900076050447,1.0
51005,identity,0.0,5,0,0.96,1.0,0.6599900076050447,1.0
51005,identity,0.0,6,0,0.96,1.0,0.6599900076050447,1.0
51005,identity,0.0,7,0,0.96,1.0,0.6599900076050447,1.0
51005,identity,0.0,8,0,0.96,1.0,0.6599900076050447,1.0
51005,identity,0.0,9,0,0.96,1.0,0.6599900076050447,1.0
51005,identity,0.0,10,0,0.96,1.0,0.6599900076050447,1.0
51005,identity,0.0,11,0,0.96,1.0,0.6599900076050447,1.0
51005,identity,0.25,0,6,0.74,1.0,0.6599385676535043,0.9291270072313444
51005,identity,0.25,1,6,0.82,1.0,0.6599424235182587,0.9335281211849003
51005,identity,0.25,2,6,0.8,1.0,0.6599502103075535,0.9449678626902602
51005,identity,0.25,3,6,0.68,1.0,0.6599399345968848,0.9355896873701605
51005,identity,0.25,4,6,0.68,1.0,0.6599237266467546,0.9477426385012063
51005,identity,0.25,5,6,0.78,1.0,0.6590469239274697,0.9276956482585735
51005,identity,0.25,6,6,0.7,1.0,0.6599449193924363,0.9323292441452143
51005,identity,0.25,7,6,0.72,1.0,0.6599916581225392,0.9391611397155709
51005,identity,0.25,8,6,0.78,1.0,0.659892808550222,0.9370410227563757
51005,identity,0.25,9,6,0.78,1.0,0.6592742782361222,0.9348056015268341
51005,identity,0.25,10,6,0.64,1.0,0.659966861543673,0.9470699012832179
51005,identity,0.25,11,6,0.74,1.0,0.6599794233365784,0.943390282688565
51005,identity,0.5,0,12,0.4,1.0,0.6558554215338223,0.876732366861867
51005,identity,0.5,1,12,0.46,1.0,0.6589391680424258,0.860700704649539
51005,identity,0.5,2,12,0.38,1.0,0.6598726793700997,0.8473450694918081
51005,identity,0.5,3,12,0.48,1.0,0.6599767935182966,0.8827174494070191
51005,identity,0.5,4,12,0.38,1.0,0.657456880084812,0.8665997337629798
51005,identity,0.5,5,12,0.54,1.0,0.6572014355436362,0.8783818932060968
51005,identity,0.5,6,12,0.42,1.0,0.6599070778581485,0.8535309388266615
51005,identity,0.5,7,12,0.46,1.0,0.6598534888704269,0.8647835630963876
51005,identity,0.5,8,12,0.3,1.0,0.6599670340298378,0.8537006913742339
51005,identity,0.5,9,12,0.56,1.0,0.6599692700477331,0.8748346702019572
51005,identity,0.5,10,12,0.38,1.0,0.6578452023490096,0.8521200725547246
51005,identity,0.5,11,12,0.42,1.0,0.6599484766800441,0.87473949981882
51005,identity,0.75,0,19,0.12,1.0,0.6591272102420271,0.773163000207397
51005,identity,0.75,1,19,0.1,1.0,0.6567523446828075,0.7886008491694532
51005,identity,0.75,2,19,0.14,1.0,0.6598852758363085,0.7761752781336668
51005,identity,0.75,3,19,0.14,1.0,0.6539333015545687,0.7737519946329213
51005,identity,0.75,4,19,0.12,1.0,0.6599884486938353,0.7707818507157039
51005,identity,0.75,5,19,0.08,1.0,0.6592508268036227,0.7789915954408266
51005,identity,0.75,6,19,0.1,1.0,0.6594241683514876,0.7685031348410771
51005,identity,0.75,7,19,0.26,1.0,0.6595630856159405,0.8031720799615375
51005,identity,0.75,8,19,0.12,1.0,0.6598378554969545,0.772932621257455
51005,identity,0.75,9,19,0.08,1.0,0.6599108349825706,0.772576364708914
51005,identity,0.75,10,19,0.14,1.0,0.6530143521957303,0.7726560566298091
51005,identity,0.75,11,19,0.16,1.0,0.6568437098420304,0.7819279458428451
51005,identity,0.9,0,22,0.04,1.0,0.6561105381116711,0.7513315965846378
51005,identity,0.9,1,22,0.04,1.0,0.6599579563990481,0.749385298054738
51005,identity,0.9,2,22,0.06,1.0,0.6599927864403086,0.7518517616887486
51005,identity,0.9,3,22,0.06,1.0,0.6599760667969832,0.7484964380438476
51005,identity,0.9,4,22,0.08,1.0,0.6597970837079639,0.753365992497145
51005,identity,0.9,5,22,0.08,1.0,0.6599357004405328,0.7489600706351425
51005,identity,0.9,6,22,0.08,1.0,0.6574058004786113,0.7486169574339101
51005,identity,0.9,7,22,0.02,1.0,0.6598064038847948,0.7502244285067294
51005,identity,0.9,8,22,0.02,1.0,0.6597911742099767,0.7516941609012396
51005,identity,0.9,9,22,0.06,1.0,0.6599748799183005,0.7469563067142441
51005,identity,0.9,10,22,0.08,1.0,0.6599428471233,0.7469010673223931
51005,identity,0.9,11,22,0.06,1.0,0.6568393487499992,0.7508306793488404
51006,normal,0.0,0,0,0.6,1.0,0.6398968452762591,1.0
51006,normal,0.0,1,0,0.6,1.0,0.6398968452762591,1.0
51006,normal,0.0,2,0,0.6,1.0,0.6398968452762591,1.0
51006,normal,0.0,3,0,0.6,1.0,0.6398968452762591,1.0
51006,normal,0.0,4,0,0.6,1.0,0.6398968452762591,1.0
51006,normal,0.0,5,0,0.6,1.0,0.6398968452762591,1.0
51006,normal,0.0,6,0,0.6,1.0,0.6398968452762591,1.0
51006,normal,0.0,7,0,0.6,1.0,0.6398968452762591,1.0
51006,normal,0.0,8,0,0.6,1.0,0.6398968452762591,1.0
51006,normal,0.0,9,0,0.6,1.0,0.6398968452762591,1.0
51006,normal,0.0,10,0,0.6,1.0,0.6398968452762591,1.0
51006,normal,0.0,11,0,0.6,1.0,0.6398968452762591,1.0
51006,normal,0.25,0,6,0.38,1.0,0.6304098087602622,0.8379868315975108
51006,normal,0.25,1,6,0.52,1.0,0.6386298898038273,0.8283632496474628
51006,normal,0.25,2,6,0.42,1.0,0.6395641923595964,0.8184266870578802
51006,normal,0.25,3,6,0.38,1.0,0.639697447565796,0.8201910013836619
51006,normal,0.25,4,6,0.22,1.0,0.6399828688076572,0.8246706306777071
51006,normal,0.25,5,6,0.4,1.0,0.6304044107032395,0.8612303911408055
51006,normal,0.25,6,6,0.4,1.0,0.6391828322722799,0.8086454785517287
51006,normal,0.25,7,6,0.34,1.0,0.6350821711956932,0.8340669899526761
51006,normal,0.25,8,6,0.32,1.0,0.637876367994155,0.8373597609145549
51006,normal,0.25,9,6,0.42,1.0,0.6397766846423244,0.8264208533263648
51006,normal,0.25,10,6,0.44,1.0,0.6397717065740796,0.8759438619580435
51006,normal,0.25,11,6,0.32,1.0,0.6399793466514205,0.8616352676646934
51006,normal,0.5,0,12,0.22,1.0,0.6370908070699811,0.7306057475265234
51006,normal,0.5,1,12,0.16,1.0,0.6393318427743925,0.7037890518629983
51006,normal,0.5,2,12,0.14,1.0,0.6396194446166409,0.6810030924695432
51006,normal,0.5,3,12,0.22,1.0,0.6354757660083585,0.7499636427524422
51006,normal,0.5,4,12,0.26,1.0,0.6398063947163507,0.7322854790037812
51006,normal,0.5,5,12,0.26,1.0,0.6316853467395948,0.7211683902783662
51006,normal,0.5,6,12,0.2,1.0,0.6398246378575141,0.768711505447859
51006,normal,0.5,7,12,0.22,1.0,0.639785228679077,0.7177272318900202
51006,normal,0.5,8,12,0.28,1.0,0.6389564242579167,0.6803869342112269
51006,normal,0.5,9,12,0.16,1.0,0.6394383602845093,0.709554924097357
51006,normal,0.5,10,12,0.16,1.0,0.6399528492118426,0.704639325295641
51006,normal,0.5,11,12,0.24,1.0,0.6397435221883195,0.7558052886781084
51006,normal,0.75,0,19,0.12,1.0,0.6399770407923981,0.639133261099784
51006,normal,0.75,1,19,0.1,1.0,0.6399837259077732,0.6207988391065467
51006,normal,0.75,2,19,0.08,1.0,0.6393114897657313,0.6031791688193993
51006,normal,0.75,3,19,0.12,1.0,0.6392868481527567,0.6027112510676947
51006,normal,0.75,4,19,0.08,1.0,0.639999724454774,0.5968908300460845
51006,normal,0.75,5,19,0.12,1.0,0.639998718196864,0.588603212905339
51006,normal,0.75,6,19,0.08,1.0,0.6344585638626882,0.6374169157171975
51006,normal,0.75,7,19,0.04,1.0,0.639998022549802,0.6000987963247826
51006,normal,0.75,8,19,0.06,1.0,0.6378326379751303,0.6353930544745168
51006,normal,0.75,9,19,0.12,1.0,0.6396681663669566,0.603023835969328
51006,normal,0.75,10,19,0.1,1.0,0.6398212718726985,0.6499404187936285
51006,normal,0.75,11,19,0.02,1.0,0.6384107875711164,0.5857464704498995
51006,normal,0.9,0,22,0.06,1.0,0.6398565269603838,0.5806823875202496
51006,normal,0.9,1,22,0.06,1.0,0.6393151474332883,0.5932988997175286
51006,normal,0.9,2,22,0.04,1.0,0.6399999837172919,0.6100887438185221
51006,normal,0.9,3,22,0.08,1.0,0.6399998508199973,0.6163512436584577
51006,normal,0.9,4,22,0.02,1.0,0.6399997298791439,0.5850321219418461
51006,normal,0.9,5,22,0.04,1.0,0.6399960474261328,0.6191806737172886
51006,normal,0.9,6,22,0.02,1.0,0.639901556486381,0.5801581307652695
51006,normal,0.9,7,22,0.06,1.0,0.6343415586312683,0.6041354123692967
51006,normal,0.9,8,22,0.08,1.0,0.6399991084620515,0.6251689856992723
51006,normal,0.9,9,22,0.08,1.0,0.639202571406666,0.6021589836003417
51006,normal,0.9,10,22,0.1,1.0,0.6399999449306794,0.6188880629316652
51006,normal,0.9,11,22,0.06,1.0,0.639611118226265,0.5368735358959811
51006,shuffled,0.0,0,0,0.7,1.0,0.6388447415334998,1.0
51006,shuffled,0.0,1,0,0.7,1.0,0.6388447415334998,1.0
51006,shuffled,0.0,2,0,0.7,1.0,0.6388447415334998,1.0
51006,shuffled,0.0,3,0,0.7,1.0,0.6388447415334998,1.0
51006,shuffled,0.0,4,0,0.7,1.0,0.6388447415334998,1.0
51006,shuffled,0.0,5,0,0.7,1.0,0.6388447415334998,1.0
51006,shuffled,0.0,6,0,0.7,1.0,0.6388447415334998,1.0
51006,shuffled,0.0,7,0,0.7,1.0,0.6388447415334998,1.0
51006,shuffled,0.0,8,0,0.7,1.0,0.6388447415334998,1.0
51006,shuffled,0.0,9,0,0.7,1.0,0.6388447415334998,1.0
51006,shuffled,0.0,10,0,0.7,1.0,0.6388447415334998,1.0
51006,shuffled,0.0,11,0,0.7,1.0,0.6388447415334998,1.0
51006,shuffled,0.25,0,6,0.4,1.0,0.63210464246084,0.845098818699987
51006,shuffled,0.25,1,6,0.4,1.0,0.6399717730432992,0.8055559624671226
51006,shuffled,0.25,2,6,0.48,1.0,0.638067987391741,0.7882185767997225
51006,shuffled,0.25,3,6,0.3,1.0,0.6208838660942901,0.8315156611366821
51006,shuffled,0.25,4,6,0.36,1.0,0.6320140793231624,0.842718877978671
51006,shuffled,0.25,5,6,0.32,1.0,0.6390377041631584,0.8190320809472135
51006,shuffled,0.25,6,6,0.4,1.0,0.6346385983269569,0.8124023838512808
51006,shuffled,0.25,7,6,0.34,1.0,0.6394187469157986,0.8466969553421467
51006,shuffled,0.25,8,6,0.44,1.0,0.6371231530950374,0.8746865860443782
51006,shuffled,0.25,9,6,0.46,1.0,0.6246110099994189,0.8411580346443616
51006,shuffled,0.25,10,6,0.42,1.0,0.6324009274836615,0.853463348458237
51006,shuffled,0.25,11,6,0.38,1.0,0.6354724046012842,0.8088262521150967
51006,shuffled,0.5,0,12,0.26,1.0,0.6399451026213415,0.6601037409000319
51006,shuffled,0.5,1,12,0.26,1.0,0.6396797184443629,0.7338191999142247
51006,shuffled,0.5,2,12,0.18,1.0,0.6310411985158885,0.7281462338538137
51006,shuffled,0.5,3,12,0.22,1.0,0.6382700831350339,0.6843108943423698
51006,shuffled,0.5,4,12,0.24,1.0,0.6348487542984764,0.7379450063720243
51006,shuffled,0.5,5,12,0.16,1.0,0.6399606671626102,0.7057052836133537
51006,shuffled,0.5,6,12,0.18,1.0,0.6399758206560177,0.7184957902304054
51006,shuffled,0.5,7,12,0.18,1.0,0.638845027210343,0.7264573732857208
51006,shuffled,0.5,8,12,0.14,1.0,0.639999256155948,0.7154047945568596
51006,shuffled,0.5,9,12,0.22,1.0,0.6399853233169172,0.7489856926998045
51006,shuffled,0.5,10,12,0.16,1.0,0.6386974932371478,0.7044881779047081
51006,shuffled,0.5,11,12,0.26,1.0,0.6399979242422983,0.714868774749203
51006,shuffled,0.75,0,19,0.08,1.0,0.626014342237736,0.5864548304376634
51006,shuffled,0.75,1,19,0.06,1.0,0.6399634600302899,0.6267324640355484
51006,shuffled,0.75,2,19,0.1,1.0,0.6399547910572541,0.6154125325346074
51006,shuffled,0.75,3,19,0.12,1.0,0.6398138183723211,0.5831534359149186
51006,shuffled,0.75,4,19,0.08,1.0,0.6399291727482008,0.5759183124993918
51006,shuffled,0.75,5,19,0.06,1.0,0.639654148988518,0.5572191005636212
51006,shuffled,0.75,6,19,0.14,1.0,0.639992991612346,0.6109880608389361
51006,shuffled,0.75,7,19,0.06,1.0,0.6399998936994044,0.6338556781701156
51006,shuffled,0.75,8,19,0.08,1.0,0.6399158403370325,0.5979698106750153
51006,shuffled,0.75,9,19,0.06,1.0,0.6399451995160151,0.6492667781944541
51006,shuffled,0.75,10,19,0.08,1.0,0.6399794736600998,0.62381917615356
51006,shuffled,0.75,11,19,0.08,1.0,0.6398750283405503,0.6546188978703279
51006,shuffled,0.9,0,22,0.1,1.0,0.6399913200470353,0.5853354338359464
51006,shuffled,0.9,1,22,0.08,1.0,0.6399893150430901,0.5298417782916808
51006,shuffled,0.9,2,22,0.04,1.0,0.6397830002564749,0.525913331752164
51006,shuffled,0.9,3,22,0.02,1.0,0.6399990072100217,0.5678454563922786
51006,shuffled,0.9,4,22,0.08,1.0,0.6399996971455405,0.5709141855791355
51006,shuffled,0.9,5,22,0.06,1.0,0.6399851136514713,0.5609867874387684
51006,shuffled,0.9,6,22,0.08,1.0,0.6394888962447179,0.5912448026404511
51006,shuffled,0.9,7,22,0.04,1.0,0.6399993744134632,0.5843090183233532
51006,shuffled,0.9,8,22,0.08,1.0,0.639998162073515,0.5803282811063665
51006,shuffled,0.9,9,22,0.02,1.0,0.6399999319342317,0.6025882014067561
51006,shuffled,0.9,10,22,0.08,1.0,0.6394808162729411,0.585211297029963
51006,shuffled,0.9,11,22,0.06,1.0,0.6399999259186329,0.5993906007349818
51006,dense,0.0,0,0,0.02,0.5,0.22707477084250371,0.9999999999999999
51006,dense,0.0,1,0,0.02,0.5,0.22707477084250371,0.9999999999999999
51006,dense,0.0,2,0,0.02,0.5,0.22707477084250371,0.9999999999999999
51006,dense,0.0,3,0,0.02,0.5,0.22707477084250371,0.9999999999999999
51006,dense,0.0,4,0,0.02,0.5,0.22707477084250371,0.9999999999999999
51006,dense,0.0,5,0,0.02,0.5,0.22707477084250371,0.9999999999999999
51006,dense,0.0,6,0,0.02,0.5,0.22707477084250371,0.9999999999999999
51006,dense,0.0,7,0,0.02,0.5,0.22707477084250371,0.9999999999999999
51006,dense,0.0,8,0,0.02,0.5,0.22707477084250371,0.9999999999999999
51006,dense,0.0,9,0,0.02,0.5,0.22707477084250371,0.9999999999999999
51006,dense,0.0,10,0,0.02,0.5,0.22707477084250371,0.9999999999999999
51006,dense,0.0,11,0,0.02,0.5,0.22707477084250371,0.9999999999999999
51006,dense,0.25,0,6,0.02,0.5,0.22707477084250371,0.9999999999999999
51006,dense,0.25,1,6,0.02,0.5,0.22707477084250371,0.9999999999999999
51006,dense,0.25,2,6,0.02,0.5,0.22707477084250371,0.9999999999999999
51006,dense,0.25,3,6,0.02,0.5,0.22707477084250371,0.9999999999999999
51006,dense,0.25,4,6,0.02,0.5,0.22707477084250371,0.9999999999999999
51006,dense,0.25,5,6,0.02,0.5,0.22707477084250371,0.9999999999999999
51006,dense,0.25,6,6,0.02,0.5,0.22707477084250371,0.9999999999999999
51006,dense,0.25,7,6,0.02,0.5,0.22707477084250371,0.9999999999999999
51006,dense,0.25,8,6,0.02,0.5,0.22707477084250371,0.9999999999999999
51006,dense,0.25,9,6,0.02,0.5,0.22707477084250371,0.9999999999999999
51006,dense,0.25,10,6,0.02,0.5,0.22707477084250371,0.9999999999999999
51006,dense,0.25,11,6,0.02,0.5,0.22707477084250371,0.9999999999999999
51006,dense,0.5,0,12,0.02,0.5,0.22707477084250371,0.9999999999999999
51006,dense,0.5,1,12,0.02,0.5,0.22707477084250371,0.9999999999999999
51006,dense,0.5,2,12,0.02,0.5,0.22707477084250371,0.9999999999999999
51006,dense,0.5,3,12,0.02,0.5,0.22707477084250371,0.9999999999999999
51006,dense,0.5,4,12,0.02,0.5,0.22707477084250371,0.9999999999999999
51006,dense,0.5,5,12,0.02,0.5,0.22707477084250371,0.9999999999999999
51006,dense,0.5,6,12,0.02,0.5,0.22707477084250371,0.9999999999999999
51006,dense,0.5,7,12,0.02,0.5,0.22707477084250371,0.9999999999999999
51006,dense,0.5,8,12,0.02,0.5,0.22707477084250371,0.9999999999999999
51006,dense,0.5,9,12,0.02,0.5,0.22707477084250371,0.9999999999999999
51006,dense,0.5,10,12,0.02,0.5,0.22707477084250371,0.9999999999999999
51006,dense,0.5,11,12,0.02,0.5,0.22707477084250371,0.9999999999999999
51006,dense,0.75,0,19,0.02,0.5,0.22707477084250371,0.9999999999999999
51006,dense,0.75,1,19,0.02,0.5,0.22707477084250371,0.9999999999999999
51006,dense,0.75,2,19,0.02,0.5,0.22707477084250371,0.9999999999999999
51006,dense,0.75,3,19,0.02,0.5,0.22707477084250371,0.9999999999999999
51006,dense,0.75,4,19,0.02,0.5,0.22707477084250371,0.9999999999999999
51006,dense,0.75,5,19,0.02,0.5,0.22707477084250371,0.9999999999999999
51006,dense,0.75,6,19,0.02,0.5,0.22707477084250371,0.9999999999999999
51006,dense,0.75,7,19,0.02,0.5,0.22707477084250371,0.9999999999999999
51006,dense,0.75,8,19,0.02,0.5,0.22707477084250371,0.9999999999999999
51006,dense,0.75,9,19,0.02,0.5,0.22707477084250371,0.9999999999999999
51006,dense,0.75,10,19,0.02,0.5,0.22707477084250371,0.9999999999999999
51006,dense,0.75,11,19,0.02,0.5,0.22707477084250371,0.9999999999999999
51006,dense,0.9,0,22,0.02,0.5,0.22707477084250371,0.9999999999999999
51006,dense,0.9,1,22,0.02,0.5,0.22707477084250371,0.9999999999999999
51006,dense,0.9,2,22,0.02,0.5,0.22707477084250371,0.9999999999999999
51006,dense,0.9,3,22,0.02,0.5,0.22707477084250371,0.9999999999999999
51006,dense,0.9,4,22,0.02,0.5,0.22707477084250371,0.9999999999999999
51006,dense,0.9,5,22,0.02,0.5,0.22707477084250371,0.9999999999999999
51006,dense,0.9,6,22,0.02,0.5,0.22707477084250371,0.9999999999999999
51006,dense,0.9,7,22,0.02,0.5,0.22707477084250371,0.9999999999999999
51006,dense,0.9,8,22,0.02,0.5,0.22707477084250371,0.9999999999999999
51006,dense,0.9,9,22,0.02,0.5,0.22707477084250371,0.9999999999999999
51006,dense,0.9,10,22,0.02,0.5,0.22707477084250371,0.9999999999999999
51006,dense,0.9,11,22,0.02,0.5,0.22707477084250371,0.9999999999999999
51006,identity,0.0,0,0,0.72,1.0,0.6399027075808483,1.0
51006,identity,0.0,1,0,0.72,1.0,0.6399027075808483,1.0
51006,identity,0.0,2,0,0.72,1.0,0.6399027075808483,1.0
51006,identity,0.0,3,0,0.72,1.0,0.6399027075808483,1.0
51006,identity,0.0,4,0,0.72,1.0,0.6399027075808483,1.0
51006,identity,0.0,5,0,0.72,1.0,0.6399027075808483,1.0
51006,identity,0.0,6,0,0.72,1.0,0.6399027075808483,1.0
51006,identity,0.0,7,0,0.72,1.0,0.6399027075808483,1.0
51006,identity,0.0,8,0,0.72,1.0,0.6399027075808483,1.0
51006,identity,0.0,9,0,0.72,1.0,0.6399027075808483,1.0
51006,identity,0.0,10,0,0.72,1.0,0.6399027075808483,1.0
51006,identity,0.0,11,0,0.72,1.0,0.6399027075808483,1.0
51006,identity,0.25,0,6,0.66,1.0,0.6398071970752747,0.9410807014128175
51006,identity,0.25,1,6,0.7,1.0,0.6399236818390907,0.9343432389104649
51006,identity,0.25,2,6,0.58,1.0,0.6399156755295503,0.9340688019669438
51006,identity,0.25,3,6,0.56,1.0,0.6399094259698893,0.9346218394809683
51006,identity,0.25,4,6,0.62,1.0,0.6399193611326557,0.9516615202492262
51006,identity,0.25,5,6,0.7,1.0,0.6399323614046548,0.9301763748733605
51006,identity,0.25,6,6,0.68,1.0,0.6396872517593782,0.9377902946851511
51006,identity,0.25,7,6,0.64,1.0,0.6398407618416764,0.9413952541526985
51006,identity,0.25,8,6,0.72,1.0,0.6399301560168843,0.9383624372567339
51006,identity,0.25,9,6,0.62,1.0,0.6399298567415869,0.9398341353376306
51006,identity,0.25,10,6,0.66,1.0,0.638654964923973,0.9398782888690279
51006,identity,0.25,11,6,0.66,1.0,0.6396803948473867,0.9375359056198956
51006,identity,0.5,0,12,0.36,1.0,0.6396291970147814,0.8781201025114989
51006,identity,0.5,1,12,0.44,1.0,0.6395125303545116,0.8587197381469583
51006,identity,0.5,2,12,0.52,1.0,0.6399364430979165,0.8524107000804234
51006,identity,0.5,3,12,0.42,1.0,0.6398118988163933,0.8621735805046303
51006,identity,0.5,4,12,0.34,1.0,0.6396340187697624,0.857458877470808
51006,identity,0.5,5,12,0.36,1.0,0.6388948872721107,0.8709925011242915
51006,identity,0.5,6,12,0.46,1.0,0.6398183639474077,0.8548928220133029
51006,identity,0.5,7,12,0.46,1.0,0.6398938243607273,0.8624281255012016
51006,identity,0.5,8,12,0.42,1.0,0.6396909476324466,0.8586189749131069
51006,identity,0.5,9,12,0.42,1.0,0.6389821387523953,0.849880049528453
51006,identity,0.5,10,12,0.36,1.0,0.6396462922095195,0.8594757241818796
51006,identity,0.5,11,12,0.28,1.0,0.6394948950732339,0.8687800711312426
51006,identity,0.75,0,19,0.12,1.0,0.6363408132601766,0.8013663624517104
51006,identity,0.75,1,19,0.14,1.0,0.639335244443186,0.7742749077857336
51006,identity,0.75,2,19,0.18,1.0,0.6393122884118645,0.7802243161087443
51006,identity,0.75,3,19,0.1,1.0,0.6382742486876325,0.7828510741405765
51006,identity,0.75,4,19,0.1,1.0,0.6385989221487608,0.7906773532917923
51006,identity,0.75,5,19,0.08,1.0,0.6393545926582527,0.7864422621068295
51006,identity,0.75,6,19,0.16,1.0,0.6397078631124739,0.7875850213925678
51006,identity,0.75,7,19,0.08,1.0,0.6380811807517882,0.8000059741522151
51006,identity,0.75,8,19,0.12,1.0,0.6386124050538659,0.7861471965632925
51006,identity,0.75,9,19,0.14,1.0,0.6387779377136602,0.7911466640716414
51006,identity,0.75,10,19,0.24,1.0,0.6389768888226901,0.7830292295733865
51006,identity,0.75,11,19,0.14,1.0,0.6397374459146841,0.7840417660684232
51006,identity,0.9,0,22,0.06,1.0,0.6378761118528825,0.7521158360851338
51006,identity,0.9,1,22,0.1,1.0,0.6379237121421264,0.7546846022733675
51006,identity,0.9,2,22,0.14,1.0,0.6380096143341732,0.7553214993138497
51006,identity,0.9,3,22,0.02,1.0,0.6381370160982758,0.7523166315945917
51006,identity,0.9,4,22,0.08,1.0,0.6377138152561834,0.7575945287050928
51006,identity,0.9,5,22,0.06,1.0,0.637895320707665,0.751790500476993
51006,identity,0.9,6,22,0.14,1.0,0.6376697116708171,0.7545889082673973
51006,identity,0.9,7,22,0.06,1.0,0.6380323509856786,0.7509100548731549
51006,identity,0.9,8,22,0.04,1.0,0.6379957108275222,0.7568073311040447
51006,identity,0.9,9,22,0.04,1.0,0.6374452714862656,0.7573405258821135
51006,identity,0.9,10,22,0.06,1.0,0.6365210038837741,0.754974513741439
51006,identity,0.9,11,22,0.04,1.0,0.6386834077938184,0.7516502697894399
51007,normal,0.0,0,0,0.76,1.0,0.6592585689155601,1.0
51007,normal,0.0,1,0,0.76,1.0,0.6592585689155601,1.0
51007,normal,0.0,2,0,0.76,1.0,0.6592585689155601,1.0
51007,normal,0.0,3,0,0.76,1.0,0.6592585689155601,1.0
51007,normal,0.0,4,0,0.76,1.0,0.6592585689155601,1.0
51007,normal,0.0,5,0,0.76,1.0,0.6592585689155601,1.0
51007,normal,0.0,6,0,0.76,1.0,0.6592585689155601,1.0
51007,normal,0.0,7,0,0.76,1.0,0.6592585689155601,1.0
51007,normal,0.0,8,0,0.76,1.0,0.6592585689155601,1.0
51007,normal,0.0,9,0,0.76,1.0,0.6592585689155601,1.0
51007,normal,0.0,10,0,0.76,1.0,0.6592585689155601,1.0
51007,normal,0.0,11,0,0.76,1.0,0.6592585689155601,1.0
51007,normal,0.25,0,6,0.34,1.0,0.6599990977257054,0.8341073482178498
51007,normal,0.25,1,6,0.38,1.0,0.6599585318959891,0.8437475815936998
51007,normal,0.25,2,6,0.34,1.0,0.659866445754211,0.8223859819268039
51007,normal,0.25,3,6,0.36,1.0,0.6512993390611633,0.8436030813135637
51007,normal,0.25,4,6,0.38,1.0,0.6599034113532758,0.7814887989215239
51007,normal,0.25,5,6,0.52,1.0,0.6592532264862083,0.8341636243760422
51007,normal,0.25,6,6,0.42,1.0,0.6596126572432381,0.8213754030082197
51007,normal,0.25,7,6,0.42,1.0,0.6554286581808172,0.8257439760961478
51007,normal,0.25,8,6,0.38,1.0,0.655588101703509,0.813848614835932
51007,normal,0.25,9,6,0.44,1.0,0.6599412258342887,0.8205630150102895
51007,normal,0.25,10,6,0.44,1.0,0.6599062728543998,0.8210047668707808
51007,normal,0.25,11,6,0.42,1.0,0.6599937336581324,0.8270512818269257
51007,normal,0.5,0,12,0.24,1.0,0.6596686234009994,0.6971732541413548
51007,normal,0.5,1,12,0.3,1.0,0.6597895729003185,0.6940193479222843
51007,normal,0.5,2,12,0.2,1.0,0.659252000414821,0.7005308291760735
51007,normal,0.5,3,12,0.18,1.0,0.6596581376537953,0.6867386761890764
51007,normal,0.5,4,12,0.28,1.0,0.659994863687981,0.6724520758621275
51007,normal,0.5,5,12,0.22,1.0,0.6599933610957754,0.720143101542524
51007,normal,0.5,6,12,0.28,1.0,0.6587739492062212,0.734646083918693
51007,normal,0.5,7,12,0.24,1.0,0.6503959706547455,0.7348611173416678
51007,normal,0.5,8,12,0.18,1.0,0.6598990854982931,0.6922180428583221
51007,normal,0.5,9,12,0.26,1.0,0.6598584279449077,0.7052253995142346
51007,normal,0.5,10,12,0.26,1.0,0.6597639534827698,0.7256503113810051
51007,normal,0.5,11,12,0.22,1.0,0.6566849130167028,0.7381512598696789
51007,normal,0.75,0,19,0.08,1.0,0.6599553690350782,0.592549735125406
51007,normal,0.75,1,19,0.12,1.0,0.6066161660686954,0.6133765916219853
51007,normal,0.75,2,19,0.08,1.0,0.6419369585301277,0.5688185136447937
51007,normal,0.75,3,19,0.06,1.0,0.6590127347482673,0.6034777044815783
51007,normal,0.75,4,19,0.08,1.0,0.6405990916312078,0.5655878147133363
51007,normal,0.75,5,19,0.12,1.0,0.6577741111095318,0.6073850625196034
51007,normal,0.75,6,19,0.08,1.0,0.6599519275914454,0.6077554301798691
51007,normal,0.75,7,19,0.14,1.0,0.6599473501823192,0.6449339723266206
51007,normal,0.75,8,19,0.06,1.0,0.659996029925153,0.5726419285953672
51007,normal,0.75,9,19,0.12,1.0,0.6406028261435821,0.556223043425874
51007,normal,0.75,10,19,0.12,1.0,0.6599535542753547,0.5852019121399556
51007,normal,0.75,11,19,0.12,1.0,0.6599873727590914,0.6056186003500668
51007,normal,0.9,0,22,0.06,1.0,0.659996919776938,0.5514626769622614
51007,normal,0.9,1,22,0.04,1.0,0.6599938044909993,0.5707526548767453
51007,normal,0.9,2,22,0.04,1.0,0.6506735567223926,0.5531071415806181
51007,normal,0.9,3,22,0.04,1.0,0.659975101477524,0.5613352362257522
51007,normal,0.9,4,22,0.06,1.0,0.6599988301975277,0.5645349165405628
51007,normal,0.9,5,22,0.08,1.0,0.6599633505569681,0.6197996619166161
51007,normal,0.9,6,22,0.06,1.0,0.6599966475766276,0.5958847308546956
51007,normal,0.9,7,22,0.04,1.0,0.6599989672595007,0.5346136261283013
51007,normal,0.9,8,22,0.06,1.0,0.6592620958820752,0.5661152476122916
51007,normal,0.9,9,22,0.04,1.0,0.6598162561097795,0.571882668309709
51007,normal,0.9,10,22,0.1,1.0,0.6447244255369938,0.5945540093295036
51007,normal,0.9,11,22,0.04,1.0,0.6599971812447035,0.562993732149823
51007,shuffled,0.0,0,0,0.66,1.0,0.6599983976931267,1.0
51007,shuffled,0.0,1,0,0.66,1.0,0.6599983976931267,1.0
51007,shuffled,0.0,2,0,0.66,1.0,0.6599983976931267,1.0
51007,shuffled,0.0,3,0,0.66,1.0,0.6599983976931267,1.0
51007,shuffled,0.0,4,0,0.66,1.0,0.6599983976931267,1.0
51007,shuffled,0.0,5,0,0.66,1.0,0.6599983976931267,1.0
51007,shuffled,0.0,6,0,0.66,1.0,0.6599983976931267,1.0
51007,shuffled,0.0,7,0,0.66,1.0,0.6599983976931267,1.0
51007,shuffled,0.0,8,0,0.66,1.0,0.6599983976931267,1.0
51007,shuffled,0.0,9,0,0.66,1.0,0.6599983976931267,1.0
51007,shuffled,0.0,10,0,0.66,1.0,0.6599983976931267,1.0
51007,shuffled,0.0,11,0,0.66,1.0,0.6599983976931267,1.0
51007,shuffled,0.25,0,6,0.46,1.0,0.6582312735448952,0.8176053089683694
51007,shuffled,0.25,1,6,0.26,1.0,0.6599802903351482,0.8253326564351322
51007,shuffled,0.25,2,6,0.38,1.0,0.6599001389738117,0.8131435548834632
51007,shuffled,0.25,3,6,0.46,1.0,0.6599940939491082,0.8084649236273463
51007,shuffled,0.25,4,6,0.32,1.0,0.6594529513071338,0.7947984415395275
51007,shuffled,0.25,5,6,0.32,1.0,0.6599729945616153,0.7942873890562424
51007,shuffled,0.25,6,6,0.32,1.0,0.6598857213997508,0.8481048934359577
51007,shuffled,0.25,7,6,0.28,1.0,0.6599948852543462,0.8455836564097869
51007,shuffled,0.25,8,6,0.3,1.0,0.6599537867262432,0.8011303824061105
51007,shuffled,0.25,9,6,0.38,1.0,0.6594515051771686,0.8706294341506645
51007,shuffled,0.25,10,6,0.38,1.0,0.6599987004052528,0.835647909413326
51007,shuffled,0.25,11,6,0.36,1.0,0.6599952647840271,0.8041130957017097
51007,shuffled,0.5,0,12,0.24,1.0,0.6599693043745554,0.7559882465746806
51007,shuffled,0.5,1,12,0.34,1.0,0.6590701607021165,0.7657735046017851
51007,shuffled,0.5,2,12,0.28,1.0,0.6590521466357684,0.7270275145563615
51007,shuffled,0.5,3,12,0.24,1.0,0.6570083609618584,0.6872904626819911
51007,shuffled,0.5,4,12,0.08,1.0,0.6589963693429907,0.7236274413009492
51007,shuffled,0.5,5,12,0.18,1.0,0.6594066841394158,0.7298107894154181
51007,shuffled,0.5,6,12,0.3,1.0,0.6599905621551809,0.7285997240868586
51007,shuffled,0.5,7,12,0.14,1.0,0.65994665416115,0.6816882630839832
51007,shuffled,0.5,8,12,0.26,1.0,0.6583180614838046,0.7144597218873845
51007,shuffled,0.5,9,12,0.32,1.0,0.6599904380740679,0.7489171498169146
51007,shuffled,0.5,10,12,0.26,1.0,0.6592923334636133,0.7401048865945424
51007,shuffled,0.5,11,12,0.26,1.0,0.6599802779761254,0.702528666207655
51007,shuffled,0.75,0,19,0.08,1.0,0.6599458358452338,0.5889418218263166
51007,shuffled,0.75,1,19,0.08,1.0,0.6599387995816168,0.6176587096555831
51007,shuffled,0.75,2,19,0.06,1.0,0.659985732262054,0.6142932410566503
51007,shuffled,0.75,3,19,0.06,1.0,0.6599801478288448,0.6176457181501189
51007,shuffled,0.75,4,19,0.14,1.0,0.6599498856740318,0.5913990484090751
51007,shuffled,0.75,5,19,0.12,1.0,0.6598968029287824,0.6095233890144895
51007,shuffled,0.75,6,19,0.12,1.0,0.6599188641515812,0.576771393140771
51007,shuffled,0.75,7,19,0.16,1.0,0.6599711040680972,0.609097246531938
51007,shuffled,0.75,8,19,0.1,1.0,0.6574220976093096,0.6054440082616274
51007,shuffled,0.75,9,19,0.1,1.0,0.6598902300558152,0.6024941504285917
51007,shuffled,0.75,10,19,0.1,1.0,0.6599880960936584,0.5997850883068498
51007,shuffled,0.75,11,19,0.14,1.0,0.6590040352841825,0.6363818979834772
51007,shuffled,0.9,0,22,0.06,1.0,0.6598650873724674,0.5506111173812086
51007,shuffled,0.9,1,22,0.08,1.0,0.659970790379557,0.5346438546469741
51007,shuffled,0.9,2,22,0.06,1.0,0.6599673417031948,0.5583083732292092
51007,shuffled,0.9,3,22,0.08,1.0,0.659947216332965,0.5539151414498987
51007,shuffled,0.9,4,22,0.08,1.0,0.6599571500962716,0.5559286943576868
51007,shuffled,0.9,5,22,0.04,1.0,0.6599213487802075,0.5239152473174942
51007,shuffled,0.9,6,22,0.08,1.0,0.6599710697138427,0.5229064496957738
51007,shuffled,0.9,7,22,0.08,1.0,0.6582661351083007,0.5196082503165531
51007,shuffled,0.9,8,22,0.06,1.0,0.6599706439519224,0.5447436311786555
51007,shuffled,0.9,9,22,0.1,1.0,0.6599718691910763,0.5677723028114657
51007,shuffled,0.9,10,22,0.04,1.0,0.6599706461913136,0.524394027460212
51007,shuffled,0.9,11,22,0.06,1.0,0.6598990205944072,0.5575691568746953
51007,dense,0.0,0,0,0.02,0.5,0.1978763897706052,0.9999999999999999
51007,dense,0.0,1,0,0.02,0.5,0.1978763897706052,0.9999999999999999
51007,dense,0.0,2,0,0.02,0.5,0.1978763897706052,0.9999999999999999
51007,dense,0.0,3,0,0.02,0.5,0.1978763897706052,0.9999999999999999
51007,dense,0.0,4,0,0.02,0.5,0.1978763897706052,0.9999999999999999
51007,dense,0.0,5,0,0.02,0.5,0.1978763897706052,0.9999999999999999
51007,dense,0.0,6,0,0.02,0.5,0.1978763897706052,0.9999999999999999
51007,dense,0.0,7,0,0.02,0.5,0.1978763897706052,0.9999999999999999
51007,dense,0.0,8,0,0.02,0.5,0.1978763897706052,0.9999999999999999
51007,dense,0.0,9,0,0.02,0.5,0.1978763897706052,0.9999999999999999
51007,dense,0.0,10,0,0.02,0.5,0.1978763897706052,0.9999999999999999
51007,dense,0.0,11,0,0.02,0.5,0.1978763897706052,0.9999999999999999
51007,dense,0.25,0,6,0.02,0.5,0.1978763897706052,0.9999999999999999
51007,dense,0.25,1,6,0.02,0.5,0.1978763897706052,0.9999999999999999
51007,dense,0.25,2,6,0.02,0.5,0.1978763897706052,0.9999999999999999
51007,dense,0.25,3,6,0.02,0.5,0.1978763897706052,0.9999999999999999
51007,dense,0.25,4,6,0.02,0.5,0.1978763897706052,0.9999999999999999
51007,dense,0.25,5,6,0.02,0.5,0.1978763897706052,0.9999999999999999
51007,dense,0.25,6,6,0.02,0.5,0.1978763897706052,0.9999999999999999
51007,dense,0.25,7,6,0.02,0.5,0.1978763897706052,0.9999999999999999
51007,dense,0.25,8,6,0.02,0.5,0.1978763897706052,0.9999999999999999
51007,dense,0.25,9,6,0.02,0.5,0.1978763897706052,0.9999999999999999
51007,dense,0.25,10,6,0.02,0.5,0.1978763897706052,0.9999999999999999
51007,dense,0.25,11,6,0.02,0.5,0.1978763897706052,0.9999999999999999
51007,dense,0.5,0,12,0.02,0.5,0.1978763897706052,0.9999999999999999
51007,dense,0.5,1,12,0.02,0.5,0.1978763897706052,0.9999999999999999
51007,dense,0.5,2,12,0.02,0.5,0.1978763897706052,0.9999999999999999
51007,dense,0.5,3,12,0.02,0.5,0.1978763897706052,0.9999999999999999
51007,dense,0.5,4,12,0.02,0.5,0.1978763897706052,0.9999999999999999
51007,dense,0.5,5,12,0.02,0.5,0.1978763897706052,0.9999999999999999
51007,dense,0.5,6,12,0.02,0.5,0.1978763897706052,0.9999999999999999
51007,dense,0.5,7,12,0.02,0.5,0.1978763897706052,0.9999999999999999
51007,dense,0.5,8,12,0.02,0.5,0.1978763897706052,0.9999999999999999
51007,dense,0.5,9,12,0.02,0.5,0.1978763897706052,0.9999999999999999
51007,dense,0.5,10,12,0.02,0.5,0.1978763897706052,0.9999999999999999
51007,dense,0.5,11,12,0.02,0.5,0.1978763897706052,0.9999999999999999
51007,dense,0.75,0,19,0.02,0.5,0.1978763897706052,0.9999999999999999
51007,dense,0.75,1,19,0.02,0.5,0.1978763897706052,0.9999999999999999
51007,dense,0.75,2,19,0.02,0.5,0.1978763897706052,0.9999999999999999
51007,dense,0.75,3,19,0.02,0.5,0.1978763897706052,0.9999999999999999
51007,dense,0.75,4,19,0.02,0.5,0.1978763897706052,0.9999999999999999
51007,dense,0.75,5,19,0.02,0.5,0.1978763897706052,0.9999999999999999
51007,dense,0.75,6,19,0.02,0.5,0.1978763897706052,0.9999999999999999
51007,dense,0.75,7,19,0.02,0.5,0.1978763897706052,0.9999999999999999
51007,dense,0.75,8,19,0.02,0.5,0.1978763897706052,0.9999999999999999
51007,dense,0.75,9,19,0.02,0.5,0.1978763897706052,0.9999999999999999
51007,dense,0.75,10,19,0.02,0.5,0.1978763897706052,0.9999999999999999
51007,dense,0.75,11,19,0.02,0.5,0.1978763897706052,0.9999999999999999
51007,dense,0.9,0,22,0.02,0.5,0.1978763897706052,0.9999999999999999
51007,dense,0.9,1,22,0.02,0.5,0.1978763897706052,0.9999999999999999
51007,dense,0.9,2,22,0.02,0.5,0.1978763897706052,0.9999999999999999
51007,dense,0.9,3,22,0.02,0.5,0.1978763897706052,0.9999999999999999
51007,dense,0.9,4,22,0.02,0.5,0.1978763897706052,0.9999999999999999
51007,dense,0.9,5,22,0.02,0.5,0.1978763897706052,0.9999999999999999
51007,dense,0.9,6,22,0.02,0.5,0.1978763897706052,0.9999999999999999
51007,dense,0.9,7,22,0.02,0.5,0.1978763897706052,0.9999999999999999
51007,dense,0.9,8,22,0.02,0.5,0.1978763897706052,0.9999999999999999
51007,dense,0.9,9,22,0.02,0.5,0.1978763897706052,0.9999999999999999
51007,dense,0.9,10,22,0.02,0.5,0.1978763897706052,0.9999999999999999
51007,dense,0.9,11,22,0.02,0.5,0.1978763897706052,0.9999999999999999
51007,identity,0.0,0,0,0.64,1.0,0.6594924927438535,1.0
51007,identity,0.0,1,0,0.64,1.0,0.6594924927438535,1.0
51007,identity,0.0,2,0,0.64,1.0,0.6594924927438535,1.0
51007,identity,0.0,3,0,0.64,1.0,0.6594924927438535,1.0
51007,identity,0.0,4,0,0.64,1.0,0.6594924927438535,1.0
51007,identity,0.0,5,0,0.64,1.0,0.6594924927438535,1.0
51007,identity,0.0,6,0,0.64,1.0,0.6594924927438535,1.0
51007,identity,0.0,7,0,0.64,1.0,0.6594924927438535,1.0
51007,identity,0.0,8,0,0.64,1.0,0.6594924927438535,1.0
51007,identity,0.0,9,0,0.64,1.0,0.6594924927438535,1.0
51007,identity,0.0,10,0,0.64,1.0,0.6594924927438535,1.0
51007,identity,0.0,11,0,0.64,1.0,0.6594924927438535,1.0
51007,identity,0.25,0,6,0.42,1.0,0.6584412398915199,0.9321770790188529
51007,identity,0.25,1,6,0.44,1.0,0.6593160016100085,0.9448200817640856
51007,identity,0.25,2,6,0.46,1.0,0.6593970118470003,0.9565747510830152
51007,identity,0.25,3,6,0.42,1.0,0.6583619778602542,0.9168013616093177
51007,identity,0.25,4,6,0.4,1.0,0.6594961879637599,0.9291599658955059
51007,identity,0.25,5,6,0.44,1.0,0.6578369250201916,0.9500983480784005
51007,identity,0.25,6,6,0.5,1.0,0.6573951471322245,0.9352369688205059
51007,identity,0.25,7,6,0.5,1.0,0.6596846796184814,0.9302479664593952
51007,identity,0.25,8,6,0.38,1.0,0.6589952312396667,0.9344223452285628
51007,identity,0.25,9,6,0.3,1.0,0.659607535998925,0.9322990895666166
51007,identity,0.25,10,6,0.44,1.0,0.6595382138615576,0.9345431093025666
51007,identity,0.25,11,6,0.32,1.0,0.6580166333609037,0.9169256778850888
51007,identity,0.5,0,12,0.3,1.0,0.6591758605811225,0.8546740401246091
51007,identity,0.5,1,12,0.3,1.0,0.658648908983721,0.854890108239107
51007,identity,0.5,2,12,0.26,1.0,0.6591633492657243,0.8796777862256197
51007,identity,0.5,3,12,0.2,1.0,0.6581240746365168,0.8587296468697052
51007,identity,0.5,4,12,0.16,1.0,0.6590811906766453,0.8524845898116393
51007,identity,0.5,5,12,0.16,1.0,0.6587655993825499,0.8534872457112788
51007,identity,0.5,6,12,0.3,1.0,0.6581025231572403,0.882209114412171
51007,identity,0.5,7,12,0.22,1.0,0.658559633116575,0.8642949946081583
51007,identity,0.5,8,12,0.22,1.0,0.6582076610797891,0.8753791534246541
51007,identity,0.5,9,12,0.26,1.0,0.6598126207008286,0.8418691177044063
51007,identity,0.5,10,12,0.22,1.0,0.6590776519785865,0.8505032167267107
51007,identity,0.5,11,12,0.22,1.0,0.6591611366653204,0.8386828937949842
51007,identity,0.75,0,19,0.1,1.0,0.6597796424909977,0.770175685296905
51007,identity,0.75,1,19,0.14,1.0,0.6590707301101566,0.7828609761448729
51007,identity,0.75,2,19,0.1,1.0,0.6597414185692696,0.7789511317311324
51007,identity,0.75,3,19,0.1,1.0,0.6598820521874751,0.7852818289765547
51007,identity,0.75,4,19,0.12,1.0,0.6596984556814257,0.7808694159544686
51007,identity,0.75,5,19,0.12,1.0,0.6596672145856557,0.7812011390072141
51007,identity,0.75,6,19,0.08,1.0,0.6588250915861766,0.7770095347693059
51007,identity,0.75,7,19,0.1,1.0,0.6597228041696048,0.7809942087720197
51007,identity,0.75,8,19,0.08,1.0,0.6596328339182195,0.7744531479936502
51007,identity,0.75,9,19,0.08,1.0,0.6598638060768586,0.7722986581377697
51007,identity,0.75,10,19,0.1,1.0,0.6594983222093082,0.7732336694470773
51007,identity,0.75,11,19,0.12,1.0,0.6595253550397987,0.7827779012265854
51007,identity,0.9,0,22,0.06,1.0,0.6597125138696682,0.7502924322005629
51007,identity,0.9,1,22,0.06,1.0,0.6580677617670392,0.7505623634614662
51007,identity,0.9,2,22,0.04,1.0,0.6571418824755219,0.750737366416621
51007,identity,0.9,3,22,0.08,1.0,0.659534585622849,0.7501479864517897
51007,identity,0.9,4,22,0.06,1.0,0.659697773458571,0.7518240448048757
51007,identity,0.9,5,22,0.08,1.0,0.6575282771566827,0.7496601429654197
51007,identity,0.9,6,22,0.04,1.0,0.6581224118192796,0.7517624643790382
51007,identity,0.9,7,22,0.02,1.0,0.6595281755064574,0.7502643389429037
51007,identity,0.9,8,22,0.08,1.0,0.6599788560397414,0.7457374704469748
51007,identity,0.9,9,22,0.1,1.0,0.6582691973801528,0.755771130406921
51007,identity,0.9,10,22,0.04,1.0,0.6575862667742303,0.7464451606314109
51007,identity,0.9,11,22,0.06,1.0,0.6594478417637952,0.7503124345528004
51008,normal,0.0,0,0,0.64,1.0,0.6399790703564731,1.0
51008,normal,0.0,1,0,0.64,1.0,0.6399790703564731,1.0
51008,normal,0.0,2,0,0.64,1.0,0.6399790703564731,1.0
51008,normal,0.0,3,0,0.64,1.0,0.6399790703564731,1.0
51008,normal,0.0,4,0,0.64,1.0,0.6399790703564731,1.0
51008,normal,0.0,5,0,0.64,1.0,0.6399790703564731,1.0
51008,normal,0.0,6,0,0.64,1.0,0.6399790703564731,1.0
51008,normal,0.0,7,0,0.64,1.0,0.6399790703564731,1.0
51008,normal,0.0,8,0,0.64,1.0,0.6399790703564731,1.0
51008,normal,0.0,9,0,0.64,1.0,0.6399790703564731,1.0
51008,normal,0.0,10,0,0.64,1.0,0.6399790703564731,1.0
51008,normal,0.0,11,0,0.64,1.0,0.6399790703564731,1.0
51008,normal,0.25,0,6,0.46,1.0,0.6399800084441247,0.8260008515706103
51008,normal,0.25,1,6,0.44,1.0,0.6399865403654381,0.8111494047742114
51008,normal,0.25,2,6,0.32,1.0,0.6392542036866511,0.7898502312231147
51008,normal,0.25,3,6,0.5,1.0,0.6377952810591907,0.8198149835277849
51008,normal,0.25,4,6,0.52,1.0,0.639997370745162,0.8202357903844372
51008,normal,0.25,5,6,0.5,1.0,0.6399591145445579,0.8266495539845586
51008,normal,0.25,6,6,0.54,1.0,0.6399922671796793,0.8175779852805114
51008,normal,0.25,7,6,0.46,1.0,0.6389403939498431,0.8229303418652126
51008,normal,0.25,8,6,0.4,1.0,0.6389104521295074,0.8020311462248046
51008,normal,0.25,9,6,0.46,1.0,0.6369691130925221,0.800212106459232
51008,normal,0.25,10,6,0.42,1.0,0.6399843108180465,0.8399383142929575
51008,normal,0.25,11,6,0.48,1.0,0.6396182990533625,0.8322442460167148
51008,normal,0.5,0,12,0.3,1.0,0.6399985641183839,0.6766882027288971
51008,normal,0.5,1,12,0.22,1.0,0.6399651651061621,0.6711877044214521
51008,normal,0.5,2,12,0.24,1.0,0.6395100099760045,0.6923355608741937
51008,normal,0.5,3,12,0.26,1.0,0.6398965985951172,0.665449669579216
51008,normal,0.5,4,12,0.3,1.0,0.6372695953478699,0.6616088101429496
51008,normal,0.5,5,12,0.26,1.0,0.6398436644403638,0.6832570676143171
51008,normal,0.5,6,12,0.36,1.0,0.6377040511628309,0.6899091276957917
51008,normal,0.5,7,12,0.36,1.0,0.6399861108515137,0.6799021858590433
51008,normal,0.5,8,12,0.26,1.0,0.6399991659272349,0.7136798944310836
51008,normal,0.5,9,12,0.28,1.0,0.6399882838817191,0.6880562830946074
51008,normal,0.5,10,12,0.3,1.0,0.6398389988604872,0.680647495706233
51008,normal,0.5,11,12,0.36,1.0,0.6384584505922116,0.657895948343823
51008,normal,0.75,0,19,0.14,1.0,0.6399747785839137,0.5685241234002192
51008,normal,0.75,1,19,0.12,1.0,0.6399919117128029,0.5967845018992078
51008,normal,0.75,2,19,0.16,1.0,0.6399997918484733,0.518308954518751
51008,normal,0.75,3,19,0.1,1.0,0.6375331154124669,0.5152696650236672
51008,normal,0.75,4,19,0.08,1.0,0.6390109333762356,0.5759764826025549
51008,normal,0.75,5,19,0.06,1.0,0.6399867878194587,0.5520563938768606
51008,normal,0.75,6,19,0.1,1.0,0.6332116765364739,0.5345750211693884
51008,normal,0.75,7,19,0.12,1.0,0.63998865405132,0.5829470755048914
51008,normal,0.75,8,19,0.16,1.0,0.6386619556344593,0.5480298764998621
51008,normal,0.75,9,19,0.08,1.0,0.639999604143691,0.5612232138764203
51008,normal,0.75,10,19,0.08,1.0,0.6399980858527617,0.5303700933553501
51008,normal,0.75,11,19,0.14,1.0,0.6399988808317232,0.588015074085356
51008,normal,0.9,0,22,0.1,1.0,0.6399999133764177,0.5381518438123811
51008,normal,0.9,1,22,0.06,1.0,0.6392139699458957,0.5238681235479008
51008,normal,0.9,2,22,0.08,1.0,0.6399992058903501,0.5488238776007024
51008,normal,0.9,3,22,0.06,1.0,0.6399999819717604,0.5025780602130561
51008,normal,0.9,4,22,0.04,1.0,0.6399999903469822,0.5171043179309758
51008,normal,0.9,5,22,0.1,1.0,0.6399999372619825,0.518716144804638
51008,normal,0.9,6,22,0.14,1.0,0.6380884015540985,0.456881993819903
51008,normal,0.9,7,22,0.08,1.0,0.6379620186373477,0.5058269626439094
51008,normal,0.9,8,22,0.08,1.0,0.6399577887649417,0.4962317189299961
51008,normal,0.9,9,22,0.06,1.0,0.639999905478963,0.4721655276329817
51008,normal,0.9,10,22,0.1,1.0,0.6392140068579757,0.5505765938292287
51008,normal,0.9,11,22,0.12,1.0,0.6399999655835358,0.5020567126940829
51008,shuffled,0.0,0,0,0.68,1.0,0.6325631186275782,1.0
51008,shuffled,0.0,1,0,0.68,1.0,0.6325631186275782,1.0
51008,shuffled,0.0,2,0,0.68,1.0,0.6325631186275782,1.0
51008,shuffled,0.0,3,0,0.68,1.0,0.6325631186275782,1.0
51008,shuffled,0.0,4,0,0.68,1.0,0.6325631186275782,1.0
51008,shuffled,0.0,5,0,0.68,1.0,0.6325631186275782,1.0
51008,shuffled,0.0,6,0,0.68,1.0,0.6325631186275782,1.0
51008,shuffled,0.0,7,0,0.68,1.0,0.6325631186275782,1.0
51008,shuffled,0.0,8,0,0.68,1.0,0.6325631186275782,1.0
51008,shuffled,0.0,9,0,0.68,1.0,0.6325631186275782,1.0
51008,shuffled,0.0,10,0,0.68,1.0,0.6325631186275782,1.0
51008,shuffled,0.0,11,0,0.68,1.0,0.6325631186275782,1.0
51008,shuffled,0.25,0,6,0.38,1.0,0.6329305195382144,0.8162165961319873
51008,shuffled,0.25,1,6,0.46,1.0,0.6387003658700725,0.8355688251940455
51008,shuffled,0.25,2,6,0.36,1.0,0.6318533505739331,0.8047189424292729
51008,shuffled,0.25,3,6,0.38,1.0,0.6382358692892608,0.8483668157181813
51008,shuffled,0.25,4,6,0.46,1.0,0.6394368625394103,0.8661806705506656
51008,shuffled,0.25,5,6,0.44,1.0,0.6393699994841423,0.8151036160723476
51008,shuffled,0.25,6,6,0.46,1.0,0.6327030859868192,0.8532419835735687
51008,shuffled,0.25,7,6,0.44,1.0,0.6399696079374693,0.8398068315139927
51008,shuffled,0.25,8,6,0.44,1.0,0.6397758066493203,0.8704894357438873
51008,shuffled,0.25,9,6,0.36,1.0,0.6399972608317763,0.8183106739185546
51008,shuffled,0.25,10,6,0.44,1.0,0.6399962514934979,0.8275191828117859
51008,shuffled,0.25,11,6,0.4,1.0,0.633385355517072,0.8002887620054399
51008,shuffled,0.5,0,12,0.2,1.0,0.6399837597671872,0.7478737251723886
51008,shuffled,0.5,1,12,0.34,1.0,0.6356991028204334,0.7434212684584697
51008,shuffled,0.5,2,12,0.24,1.0,0.639994578040924,0.6737314279983713
51008,shuffled,0.5,3,12,0.36,1.0,0.6394241706908852,0.7613667755148635
51008,shuffled,0.5,4,12,0.24,1.0,0.6399984841295221,0.7368810003853707
51008,shuffled,0.5,5,12,0.24,1.0,0.6289978572406449,0.7290477446809394
51008,shuffled,0.5,6,12,0.24,1.0,0.6389915701919339,0.7395953303891336
51008,shuffled,0.5,7,12,0.12,1.0,0.6399978305386843,0.7090784392321625
51008,shuffled,0.5,8,12,0.18,1.0,0.6399794905364236,0.7225817760278503
51008,shuffled,0.5,9,12,0.32,1.0,0.6398690115322146,0.7460761085494927
51008,shuffled,0.5,10,12,0.26,1.0,0.6327475047074316,0.691126137352516
51008,shuffled,0.5,11,12,0.24,1.0,0.6398349520713227,0.7625143308322866
51008,shuffled,0.75,0,19,0.1,1.0,0.6399997241012069,0.668077326782401
51008,shuffled,0.75,1,19,0.14,1.0,0.6399968515727884,0.6657884507047044
51008,shuffled,0.75,2,19,0.16,1.0,0.6399992217606522,0.6817380055462643
51008,shuffled,0.75,3,19,0.16,1.0,0.6359175494685898,0.6685937736430794
51008,shuffled,0.75,4,19,0.1,1.0,0.6399962933114602,0.6596905396063003
51008,shuffled,0.75,5,19,0.18,1.0,0.6399997933364667,0.6744998025197707
51008,shuffled,0.75,6,19,0.14,1.0,0.63997303241327,0.6793088981538289
51008,shuffled,0.75,7,19,0.14,1.0,0.6376925852083312,0.6949617549820615
51008,shuffled,0.75,8,19,0.14,1.0,0.6377690916972993,0.654749560409078
51008,shuffled,0.75,9,19,0.14,1.0,0.6399989339450708,0.6814815690717987
51008,shuffled,0.75,10,19,0.14,1.0,0.6398918268588006,0.6517239967601763
51008,shuffled,0.75,11,19,0.12,1.0,0.6386629573066195,0.637866309901004
51008,shuffled,0.9,0,22,0.1,1.0,0.6399999978359011,0.6582287447098778
51008,shuffled,0.9,1,22,0.14,1.0,0.6399968563037547,0.6406066816167652
51008,shuffled,0.9,2,22,0.12,1.0,0.6399638212542925,0.651508116432327
51008,shuffled,0.9,3,22,0.1,1.0,0.639999753571739,0.6539504160212702
51008,shuffled,0.9,4,22,0.12,1.0,0.6399949324711435,0.611503165516802
51008,shuffled,0.9,5,22,0.1,1.0,0.6399999961761652,0.6636845085532169
51008,shuffled,0.9,6,22,0.08,1.0,0.6399999442389588,0.6730509137434175
51008,shuffled,0.9,7,22,0.16,1.0,0.6397330957983735,0.666199985434388
51008,shuffled,0.9,8,22,0.06,1.0,0.6399952059811279,0.6319573992645783
51008,shuffled,0.9,9,22,0.14,1.0,0.6399968759360879,0.6419263055646948
51008,shuffled,0.9,10,22,0.12,1.0,0.6397330916560431,0.6674698472172815
51008,shuffled,0.9,11,22,0.12,1.0,0.6399969987275478,0.6341977822551095
51008,dense,0.0,0,0,0.02,0.5,0.199190997153379,0.9999999999999999
51008,dense,0.0,1,0,0.02,0.5,0.199190997153379,0.9999999999999999
51008,dense,0.0,2,0,0.02,0.5,0.199190997153379,0.9999999999999999
51008,dense,0.0,3,0,0.02,0.5,0.199190997153379,0.9999999999999999
51008,dense,0.0,4,0,0.02,0.5,0.199190997153379,0.9999999999999999
51008,dense,0.0,5,0,0.02,0.5,0.199190997153379,0.9999999999999999
51008,dense,0.0,6,0,0.02,0.5,0.199190997153379,0.9999999999999999
51008,dense,0.0,7,0,0.02,0.5,0.199190997153379,0.9999999999999999
51008,dense,0.0,8,0,0.02,0.5,0.199190997153379,0.9999999999999999
51008,dense,0.0,9,0,0.02,0.5,0.199190997153379,0.9999999999999999
51008,dense,0.0,10,0,0.02,0.5,0.199190997153379,0.9999999999999999
51008,dense,0.0,11,0,0.02,0.5,0.199190997153379,0.9999999999999999
51008,dense,0.25,0,6,0.02,0.5,0.199190997153379,0.9999999999999999
51008,dense,0.25,1,6,0.02,0.5,0.199190997153379,0.9999999999999999
51008,dense,0.25,2,6,0.02,0.5,0.199190997153379,0.9999999999999999
51008,dense,0.25,3,6,0.02,0.5,0.199190997153379,0.9999999999999999
51008,dense,0.25,4,6,0.02,0.5,0.199190997153379,0.9999999999999999
51008,dense,0.25,5,6,0.02,0.5,0.199190997153379,0.9999999999999999
51008,dense,0.25,6,6,0.02,0.5,0.199190997153379,0.9999999999999999
51008,dense,0.25,7,6,0.02,0.5,0.199190997153379,0.9999999999999999
51008,dense,0.25,8,6,0.02,0.5,0.199190997153379,0.9999999999999999
51008,dense,0.25,9,6,0.02,0.5,0.199190997153379,0.9999999999999999
51008,dense,0.25,10,6,0.02,0.5,0.199190997153379,0.9999999999999999
51008,dense,0.25,11,6,0.02,0.5,0.199190997153379,0.9999999999999999
51008,dense,0.5,0,12,0.02,0.5,0.199190997153379,0.9999999999999999
51008,dense,0.5,1,12,0.02,0.5,0.199190997153379,0.9999999999999999
51008,dense,0.5,2,12,0.02,0.5,0.199190997153379,0.9999999999999999
51008,dense,0.5,3,12,0.02,0.5,0.199190997153379,0.9999999999999999
51008,dense,0.5,4,12,0.02,0.5,0.199190997153379,0.9999999999999999
51008,dense,0.5,5,12,0.02,0.5,0.199190997153379,0.9999999999999999
51008,dense,0.5,6,12,0.02,0.5,0.199190997153379,0.9999999999999999
51008,dense,0.5,7,12,0.02,0.5,0.199190997153379,0.9999999999999999
51008,dense,0.5,8,12,0.02,0.5,0.199190997153379,0.9999999999999999
51008,dense,0.5,9,12,0.02,0.5,0.199190997153379,0.9999999999999999
51008,dense,0.5,10,12,0.02,0.5,0.199190997153379,0.9999999999999999
51008,dense,0.5,11,12,0.02,0.5,0.199190997153379,0.9999999999999999
51008,dense,0.75,0,19,0.02,0.5,0.199190997153379,0.9999999999999999
51008,dense,0.75,1,19,0.02,0.5,0.199190997153379,0.9999999999999999
51008,dense,0.75,2,19,0.02,0.5,0.199190997153379,0.9999999999999999
51008,dense,0.75,3,19,0.02,0.5,0.199190997153379,0.9999999999999999
51008,dense,0.75,4,19,0.02,0.5,0.199190997153379,0.9999999999999999
51008,dense,0.75,5,19,0.02,0.5,0.199190997153379,0.9999999999999999
51008,dense,0.75,6,19,0.02,0.5,0.199190997153379,0.9999999999999999
51008,dense,0.75,7,19,0.02,0.5,0.199190997153379,0.9999999999999999
51008,dense,0.75,8,19,0.02,0.5,0.199190997153379,0.9999999999999999
51008,dense,0.75,9,19,0.02,0.5,0.199190997153379,0.9999999999999999
51008,dense,0.75,10,19,0.02,0.5,0.199190997153379,0.9999999999999999
51008,dense,0.75,11,19,0.02,0.5,0.199190997153379,0.9999999999999999
51008,dense,0.9,0,22,0.02,0.5,0.199190997153379,0.9999999999999999
51008,dense,0.9,1,22,0.02,0.5,0.199190997153379,0.9999999999999999
51008,dense,0.9,2,22,0.02,0.5,0.199190997153379,0.9999999999999999
51008,dense,0.9,3,22,0.02,0.5,0.199190997153379,0.9999999999999999
51008,dense,0.9,4,22,0.02,0.5,0.199190997153379,0.9999999999999999
51008,dense,0.9,5,22,0.02,0.5,0.199190997153379,0.9999999999999999
51008,dense,0.9,6,22,0.02,0.5,0.199190997153379,0.9999999999999999
51008,dense,0.9,7,22,0.02,0.5,0.199190997153379,0.9999999999999999
51008,dense,0.9,8,22,0.02,0.5,0.199190997153379,0.9999999999999999
51008,dense,0.9,9,22,0.02,0.5,0.199190997153379,0.9999999999999999
51008,dense,0.9,10,22,0.02,0.5,0.199190997153379,0.9999999999999999
51008,dense,0.9,11,22,0.02,0.5,0.199190997153379,0.9999999999999999
51008,identity,0.0,0,0,0.98,1.0,0.6375220850354478,1.0
51008,identity,0.0,1,0,0.98,1.0,0.6375220850354478,1.0
51008,identity,0.0,2,0,0.98,1.0,0.6375220850354478,1.0
51008,identity,0.0,3,0,0.98,1.0,0.6375220850354478,1.0
51008,identity,0.0,4,0,0.98,1.0,0.6375220850354478,1.0
51008,identity,0.0,5,0,0.98,1.0,0.6375220850354478,1.0
51008,identity,0.0,6,0,0.98,1.0,0.6375220850354478,1.0
51008,identity,0.0,7,0,0.98,1.0,0.6375220850354478,1.0
51008,identity,0.0,8,0,0.98,1.0,0.6375220850354478,1.0
51008,identity,0.0,9,0,0.98,1.0,0.6375220850354478,1.0
51008,identity,0.0,10,0,0.98,1.0,0.6375220850354478,1.0
51008,identity,0.0,11,0,0.98,1.0,0.6375220850354478,1.0
51008,identity,0.25,0,6,0.76,1.0,0.6366783352023544,0.9384289284401991
51008,identity,0.25,1,6,0.78,1.0,0.6386815339129649,0.9327026326804222
51008,identity,0.25,2,6,0.78,1.0,0.6384400617564936,0.9324513091633473
51008,identity,0.25,3,6,0.66,1.0,0.63884563819615,0.9206473174427802
51008,identity,0.25,4,6,0.8,1.0,0.6349248001044705,0.9412611788688081
51008,identity,0.25,5,6,0.76,1.0,0.6374995764188697,0.9219942714314303
51008,identity,0.25,6,6,0.76,1.0,0.6392956115355629,0.9250967191418049
51008,identity,0.25,7,6,0.78,1.0,0.6360747522816034,0.9267164115596424
51008,identity,0.25,8,6,0.72,1.0,0.6334281055875893,0.9387238438987753
51008,identity,0.25,9,6,0.78,1.0,0.6391993102931949,0.9412927213783204
51008,identity,0.25,10,6,0.68,1.0,0.6390638961747475,0.925530064002405
51008,identity,0.25,11,6,0.74,1.0,0.6386850097530808,0.9398195605681746
51008,identity,0.5,0,12,0.42,1.0,0.6388215573211956,0.8563176680014446
51008,identity,0.5,1,12,0.44,1.0,0.6353456675591806,0.8770157757976795
51008,identity,0.5,2,12,0.34,1.0,0.6375528861213122,0.8594729869569284
51008,identity,0.5,3,12,0.46,1.0,0.6383432126347619,0.8332285131966073
51008,identity,0.5,4,12,0.4,1.0,0.6202178960127278,0.8803071285668616
51008,identity,0.5,5,12,0.42,1.0,0.6386398891457964,0.8303872688451334
51008,identity,0.5,6,12,0.38,1.0,0.6327066988910378,0.8392699975400513
51008,identity,0.5,7,12,0.42,1.0,0.6323328136388787,0.8591678430342985
51008,identity,0.5,8,12,0.46,1.0,0.6352583611335734,0.8728727840770051
51008,identity,0.5,9,12,0.4,1.0,0.6375507326764346,0.837731873745098
51008,identity,0.5,10,12,0.46,1.0,0.6395214395303777,0.8589993580468759
51008,identity,0.5,11,12,0.4,1.0,0.6334646783621691,0.8435971026701591
51008,identity,0.75,0,19,0.2,1.0,0.6233123128560254,0.7587817634441646
51008,identity,0.75,1,19,0.16,1.0,0.6357244543044667,0.7770298704365038
51008,identity,0.75,2,19,0.14,1.0,0.6352880965001299,0.7590472567786344
51008,identity,0.75,3,19,0.06,1.0,0.6335832553131879,0.771832838969783
51008,identity,0.75,4,19,0.12,1.0,0.6269806455438948,0.772610063534606
51008,identity,0.75,5,19,0.06,1.0,0.6365363372621738,0.7694536065114452
51008,identity,0.75,6,19,0.14,1.0,0.6386460448152487,0.7649312324812303
51008,identity,0.75,7,19,0.2,1.0,0.6325619352874176,0.7661468886253292
51008,identity,0.75,8,19,0.08,1.0,0.6320730268407599,0.7830150091369079
51008,identity,0.75,9,19,0.12,1.0,0.6306840416150391,0.7708308655107139
51008,identity,0.75,10,19,0.16,1.0,0.631458419554335,0.7810211300325577
51008,identity,0.75,11,19,0.04,1.0,0.6337745858551816,0.7719430555951046
51008,identity,0.9,0,22,0.08,1.0,0.6352693480044413,0.7403915393219158
51008,identity,0.9,1,22,0.06,1.0,0.6323893348734004,0.741219211121698
51008,identity,0.9,2,22,0.08,1.0,0.6221950885739578,0.7412046352665159
51008,identity,0.9,3,22,0.1,1.0,0.6350444087137116,0.7356551507440323
51008,identity,0.9,4,22,0.04,1.0,0.6371583961518794,0.7396140743945356
51008,identity,0.9,5,22,0.04,1.0,0.6373924431804912,0.7402776802035563
51008,identity,0.9,6,22,0.08,1.0,0.6351985365885494,0.7385883777744553
51008,identity,0.9,7,22,0.04,1.0,0.6349768491514548,0.7385741845065763
51008,identity,0.9,8,22,0.08,1.0,0.6364125044044245,0.7348187760245426
51008,identity,0.9,9,22,0.04,1.0,0.6375022474022769,0.7383601991627597
51008,identity,0.9,10,22,0.08,1.0,0.6301696934225792,0.7414954284472102
51008,identity,0.9,11,22,0.08,1.0,0.6344157599535355,0.7398154981171514
51009,normal,0.0,0,0,0.66,1.0,0.6799755008206357,1.0
51009,normal,0.0,1,0,0.66,1.0,0.6799755008206357,1.0
51009,normal,0.0,2,0,0.66,1.0,0.6799755008206357,1.0
51009,normal,0.0,3,0,0.66,1.0,0.6799755008206357,1.0
51009,normal,0.0,4,0,0.66,1.0,0.6799755008206357,1.0
51009,normal,0.0,5,0,0.66,1.0,0.6799755008206357,1.0
51009,normal,0.0,6,0,0.66,1.0,0.6799755008206357,1.0
51009,normal,0.0,7,0,0.66,1.0,0.6799755008206357,1.0
51009,normal,0.0,8,0,0.66,1.0,0.6799755008206357,1.0
51009,normal,0.0,9,0,0.66,1.0,0.6799755008206357,1.0
51009,normal,0.0,10,0,0.66,1.0,0.6799755008206357,1.0
51009,normal,0.0,11,0,0.66,1.0,0.6799755008206357,1.0
51009,normal,0.25,0,6,0.44,1.0,0.6798131557772413,0.8461806090404932
51009,normal,0.25,1,6,0.44,1.0,0.6799991618429877,0.8377642387083174
51009,normal,0.25,2,6,0.38,1.0,0.6799824773294809,0.8554967336891298
51009,normal,0.25,3,6,0.48,1.0,0.679999444441107,0.8693116080678274
51009,normal,0.25,4,6,0.38,1.0,0.6794577352769134,0.8530126672908852
51009,normal,0.25,5,6,0.46,1.0,0.6799119511362928,0.8821412247865144
51009,normal,0.25,6,6,0.34,1.0,0.679997310320665,0.8232922807077113
51009,normal,0.25,7,6,0.42,1.0,0.6799166062689531,0.8456732343661959
51009,normal,0.25,8,6,0.38,1.0,0.6788298293293491,0.8289463987258289
51009,normal,0.25,9,6,0.34,1.0,0.6799980561435394,0.8534602270962129
51009,normal,0.25,10,6,0.44,1.0,0.6757479493126215,0.8807301126021078
51009,normal,0.25,11,6,0.52,1.0,0.6765096952326991,0.848042046930294
51009,normal,0.5,0,12,0.34,1.0,0.6765244190229656,0.7309347411028633
51009,normal,0.5,1,12,0.34,1.0,0.6799758632337303,0.7764092968311356
51009,normal,0.5,2,12,0.2,1.0,0.6781762863766043,0.7370151866504071
51009,normal,0.5,3,12,0.2,1.0,0.6799440720980908,0.7386539600573727
51009,normal,0.5,4,12,0.24,1.0,0.6799998545537003,0.7607625233908896
51009,normal,0.5,5,12,0.3,1.0,0.6797371164765894,0.7788929965079829
51009,normal,0.5,6,12,0.2,1.0,0.679999794249984,0.7828897521367131
51009,normal,0.5,7,12,0.34,1.0,0.6799999705007741,0.750226844697535
51009,normal,0.5,8,12,0.24,1.0,0.6783971208874803,0.7228087537448602
51009,normal,0.5,9,12,0.2,1.0,0.6799967260328921,0.7252630649861286
51009,normal,0.5,10,12,0.16,1.0,0.6799990735112328,0.7444024205514467
51009,normal,0.5,11,12,0.26,1.0,0.6799990573551901,0.7553562420311586
51009,normal,0.75,0,19,0.06,1.0,0.6748303715621324,0.6585720967294029
51009,normal,0.75,1,19,0.12,1.0,0.6799999800618056,0.6579753553041905
51009,normal,0.75,2,19,0.14,1.0,0.6799977739704366,0.6402378180019619
51009,normal,0.75,3,19,0.1,1.0,0.679997607727228,0.6558725569315978
51009,normal,0.75,4,19,0.14,1.0,0.679998768152643,0.6321101303672951
51009,normal,0.75,5,19,0.08,1.0,0.6793432411139955,0.6704436804044229
51009,normal,0.75,6,19,0.08,1.0,0.6799999746956246,0.6600557683280897
51009,normal,0.75,7,19,0.1,1.0,0.6799996480511525,0.6408671583292853
51009,normal,0.75,8,19,0.14,1.0,0.6775636401648161,0.6469877181751055
51009,normal,0.75,9,19,0.16,1.0,0.6799776241012421,0.660884673952428
51009,normal,0.75,10,19,0.14,1.0,0.6799999580232858,0.670272060647332
51009,normal,0.75,11,19,0.08,1.0,0.679999551804772,0.6695077126085741
51009,normal,0.9,0,22,0.08,1.0,0.6799999681592256,0.6423641450764932
51009,normal,0.9,1,22,0.1,1.0,0.6799999661250385,0.6380726635815456
51009,normal,0.9,2,22,0.08,1.0,0.6799999523819983,0.6258894994817568
51009,normal,0.9,3,22,0.14,1.0,0.6781666045059392,0.6115349150355671
51009,normal,0.9,4,22,0.08,1.0,0.6799999561054869,0.6099095417912959
51009,normal,0.9,5,22,0.08,1.0,0.6799999548478074,0.6061459282200208
51009,normal,0.9,6,22,0.08,1.0,0.6799999516905914,0.6381095588315611
51009,normal,0.9,7,22,0.08,1.0,0.6799998711118923,0.6215795936295959
51009,normal,0.9,8,22,0.1,1.0,0.6799999802053369,0.6463587848776078
51009,normal,0.9,9,22,0.08,1.0,0.6799998700015035,0.5944280801689272
51009,normal,0.9,10,22,0.08,1.0,0.6799998436808363,0.6476820589281261
51009,normal,0.9,11,22,0.08,1.0,0.6799999573483316,0.6176366373665992
51009,shuffled,0.0,0,0,0.68,1.0,0.6799906374496681,1.0
51009,shuffled,0.0,1,0,0.68,1.0,0.6799906374496681,1.0
51009,shuffled,0.0,2,0,0.68,1.0,0.6799906374496681,1.0
51009,shuffled,0.0,3,0,0.68,1.0,0.6799906374496681,1.0
51009,shuffled,0.0,4,0,0.68,1.0,0.6799906374496681,1.0
51009,shuffled,0.0,5,0,0.68,1.0,0.6799906374496681,1.0
51009,shuffled,0.0,6,0,0.68,1.0,0.6799906374496681,1.0
51009,shuffled,0.0,7,0,0.68,1.0,0.6799906374496681,1.0
51009,shuffled,0.0,8,0,0.68,1.0,0.6799906374496681,1.0
51009,shuffled,0.0,9,0,0.68,1.0,0.6799906374496681,1.0
51009,shuffled,0.0,10,0,0.68,1.0,0.6799906374496681,1.0
51009,shuffled,0.0,11,0,0.68,1.0,0.6799906374496681,1.0
51009,shuffled,0.25,0,6,0.3,1.0,0.6786615145323515,0.8365727675127951
51009,shuffled,0.25,1,6,0.52,1.0,0.6656290289172033,0.8641194963681634
51009,shuffled,0.25,2,6,0.36,1.0,0.6799952780496931,0.8428196636502696
51009,shuffled,0.25,3,6,0.4,1.0,0.6799820640967127,0.8434879641376906
51009,shuffled,0.25,4,6,0.4,1.0,0.6749085639938872,0.8525255578801612
51009,shuffled,0.25,5,6,0.38,1.0,0.6799936515952354,0.8587932331911012
51009,shuffled,0.25,6,6,0.34,1.0,0.6796236203086408,0.871176831540237
51009,shuffled,0.25,7,6,0.38,1.0,0.6765701495411036,0.819774336537499
51009,shuffled,0.25,8,6,0.3,1.0,0.679994332258077,0.8340904592210816
51009,shuffled,0.25,9,6,0.36,1.0,0.6799810297682385,0.8444509091705337
51009,shuffled,0.25,10,6,0.36,1.0,0.6799880795153429,0.8588588417626117
51009,shuffled,0.25,11,6,0.4,1.0,0.6794863313979872,0.8553722469001547
51009,shuffled,0.5,0,12,0.24,1.0,0.6758448864552412,0.7378848675056372
51009,shuffled,0.5,1,12,0.18,1.0,0.6794070653354423,0.687890912642944
51009,shuffled,0.5,2,12,0.26,1.0,0.6687566384828952,0.7205971797855152
51009,shuffled,0.5,3,12,0.24,1.0,0.678764264952976,0.7071514823157069
51009,shuffled,0.5,4,12,0.2,1.0,0.6539712344762981,0.7162016098808449
51009,shuffled,0.5,5,12,0.18,1.0,0.6613023039251105,0.7203751033102376
51009,shuffled,0.5,6,12,0.18,1.0,0.679674173922946,0.7306925419972227
51009,shuffled,0.5,7,12,0.18,1.0,0.6799861047705252,0.751233243029968
51009,shuffled,0.5,8,12,0.22,1.0,0.6799978255525417,0.7265411107974243
51009,shuffled,0.5,9,12,0.28,1.0,0.6457560187230186,0.7118937191988554
51009,shuffled,0.5,10,12,0.22,1.0,0.6744379595812435,0.7023644424739224
51009,shuffled,0.5,11,12,0.18,1.0,0.6796725268302165,0.7319223833859019
51009,shuffled,0.75,0,19,0.12,1.0,0.6799974215274321,0.6487711790317858
51009,shuffled,0.75,1,19,0.04,1.0,0.6758599123785148,0.6391576703858229
51009,shuffled,0.75,2,19,0.16,1.0,0.6793566121170957,0.5939253920759101
51009,shuffled,0.75,3,19,0.16,1.0,0.679985027539617,0.5846148552786063
51009,shuffled,0.75,4,19,0.08,1.0,0.6799964111621555,0.6428898661807966
51009,shuffled,0.75,5,19,0.08,1.0,0.6785792961935232,0.5756647818126385
51009,shuffled,0.75,6,19,0.1,1.0,0.6799700758451422,0.6436828816779604
51009,shuffled,0.75,7,19,0.08,1.0,0.6790641059144081,0.6494294806893738
51009,shuffled,0.75,8,19,0.06,1.0,0.679631364946136,0.6244032443997641
51009,shuffled,0.75,9,19,0.1,1.0,0.6799483453673184,0.624766804337923
51009,shuffled,0.75,10,19,0.14,1.0,0.6799912625264511,0.658237665018707
51009,shuffled,0.75,11,19,0.1,1.0,0.6796650863029297,0.6311873233311662
51009,shuffled,0.9,0,22,0.06,1.0,0.6799927445628379,0.5705458032560605
51009,shuffled,0.9,1,22,0.08,1.0,0.6799325330256955,0.5846297052744991
51009,shuffled,0.9,2,22,0.08,1.0,0.6799920011555417,0.5922667063293511
51009,shuffled,0.9,3,22,0.04,1.0,0.6783868443172472,0.5789066950021565
51009,shuffled,0.9,4,22,0.06,1.0,0.6653092078931943,0.5849945850771768
51009,shuffled,0.9,5,22,0.06,1.0,0.6799379549408969,0.5699345103909047
51009,shuffled,0.9,6,22,0.1,1.0,0.6799318660017748,0.5890079696713874
51009,shuffled,0.9,7,22,0.06,1.0,0.6799975755994158,0.5634394376278027
51009,shuffled,0.9,8,22,0.06,1.0,0.679976369590227,0.6196287942843887
51009,shuffled,0.9,9,22,0.08,1.0,0.6799917494689882,0.5840045442908884
51009,shuffled,0.9,10,22,0.06,1.0,0.6799882169787608,0.5943440284843848
51009,shuffled,0.9,11,22,0.06,1.0,0.679984133538943,0.5936681226183282
51009,dense,0.0,0,0,0.02,0.5,0.1543011105508449,0.9999999999999999
51009,dense,0.0,1,0,0.02,0.5,0.1543011105508449,0.9999999999999999
51009,dense,0.0,2,0,0.02,0.5,0.1543011105508449,0.9999999999999999
51009,dense,0.0,3,0,0.02,0.5,0.1543011105508449,0.9999999999999999
51009,dense,0.0,4,0,0.02,0.5,0.1543011105508449,0.9999999999999999
51009,dense,0.0,5,0,0.02,0.5,0.1543011105508449,0.9999999999999999
51009,dense,0.0,6,0,0.02,0.5,0.1543011105508449,0.9999999999999999
51009,dense,0.0,7,0,0.02,0.5,0.1543011105508449,0.9999999999999999
51009,dense,0.0,8,0,0.02,0.5,0.1543011105508449,0.9999999999999999
51009,dense,0.0,9,0,0.02,0.5,0.1543011105508449,0.9999999999999999
51009,dense,0.0,10,0,0.02,0.5,0.1543011105508449,0.9999999999999999
51009,dense,0.0,11,0,0.02,0.5,0.1543011105508449,0.9999999999999999
51009,dense,0.25,0,6,0.02,0.5,0.1543011105508449,0.9999999999999999
51009,dense,0.25,1,6,0.02,0.5,0.1543011105508449,0.9999999999999999
51009,dense,0.25,2,6,0.02,0.5,0.1543011105508449,0.9999999999999999
51009,dense,0.25,3,6,0.02,0.5,0.1543011105508449,0.9999999999999999
51009,dense,0.25,4,6,0.02,0.5,0.1543011105508449,0.9999999999999999
51009,dense,0.25,5,6,0.02,0.5,0.1543011105508449,0.9999999999999999
51009,dense,0.25,6,6,0.02,0.5,0.1543011105508449,0.9999999999999999
51009,dense,0.25,7,6,0.02,0.5,0.1543011105508449,0.9999999999999999
51009,dense,0.25,8,6,0.02,0.5,0.1543011105508449,0.9999999999999999
51009,dense,0.25,9,6,0.02,0.5,0.1543011105508449,0.9999999999999999
51009,dense,0.25,10,6,0.02,0.5,0.1543011105508449,0.9999999999999999
51009,dense,0.25,11,6,0.02,0.5,0.1543011105508449,0.9999999999999999
51009,dense,0.5,0,12,0.02,0.5,0.1543011105508449,0.9999999999999999
51009,dense,0.5,1,12,0.02,0.5,0.1543011105508449,0.9999999999999999
51009,dense,0.5,2,12,0.02,0.5,0.1543011105508449,0.9999999999999999
51009,dense,0.5,3,12,0.02,0.5,0.1543011105508449,0.9999999999999999
51009,dense,0.5,4,12,0.02,0.5,0.1543011105508449,0.9999999999999999
51009,dense,0.5,5,12,0.02,0.5,0.1543011105508449,0.9999999999999999
51009,dense,0.5,6,12,0.02,0.5,0.1543011105508449,0.9999999999999999
51009,dense,0.5,7,12,0.02,0.5,0.1543011105508449,0.9999999999999999
51009,dense,0.5,8,12,0.02,0.5,0.1543011105508449,0.9999999999999999
51009,dense,0.5,9,12,0.02,0.5,0.1543011105508449,0.9999999999999999
51009,dense,0.5,10,12,0.02,0.5,0.1543011105508449,0.9999999999999999
51009,dense,0.5,11,12,0.02,0.5,0.1543011105508449,0.9999999999999999
51009,dense,0.75,0,19,0.02,0.5,0.1543011105508449,0.9999999999999999
51009,dense,0.75,1,19,0.02,0.5,0.1543011105508449,0.9999999999999999
51009,dense,0.75,2,19,0.02,0.5,0.1543011105508449,0.9999999999999999
51009,dense,0.75,3,19,0.02,0.5,0.1543011105508449,0.9999999999999999
51009,dense,0.75,4,19,0.02,0.5,0.1543011105508449,0.9999999999999999
51009,dense,0.75,5,19,0.02,0.5,0.1543011105508449,0.9999999999999999
51009,dense,0.75,6,19,0.02,0.5,0.1543011105508449,0.9999999999999999
51009,dense,0.75,7,19,0.02,0.5,0.1543011105508449,0.9999999999999999
51009,dense,0.75,8,19,0.02,0.5,0.1543011105508449,0.9999999999999999
51009,dense,0.75,9,19,0.02,0.5,0.1543011105508449,0.9999999999999999
51009,dense,0.75,10,19,0.02,0.5,0.1543011105508449,0.9999999999999999
51009,dense,0.75,11,19,0.02,0.5,0.1543011105508449,0.9999999999999999
51009,dense,0.9,0,22,0.02,0.5,0.1543011105508449,0.9999999999999999
51009,dense,0.9,1,22,0.02,0.5,0.1543011105508449,0.9999999999999999
51009,dense,0.9,2,22,0.02,0.5,0.1543011105508449,0.9999999999999999
51009,dense,0.9,3,22,0.02,0.5,0.1543011105508449,0.9999999999999999
51009,dense,0.9,4,22,0.02,0.5,0.1543011105508449,0.9999999999999999
51009,dense,0.9,5,22,0.02,0.5,0.1543011105508449,0.9999999999999999
51009,dense,0.9,6,22,0.02,0.5,0.1543011105508449,0.9999999999999999
51009,dense,0.9,7,22,0.02,0.5,0.1543011105508449,0.9999999999999999
51009,dense,0.9,8,22,0.02,0.5,0.1543011105508449,0.9999999999999999
51009,dense,0.9,9,22,0.02,0.5,0.1543011105508449,0.9999999999999999
51009,dense,0.9,10,22,0.02,0.5,0.1543011105508449,0.9999999999999999
51009,dense,0.9,11,22,0.02,0.5,0.1543011105508449,0.9999999999999999
51009,identity,0.0,0,0,0.9,1.0,0.6799490878518151,1.0
51009,identity,0.0,1,0,0.9,1.0,0.6799490878518151,1.0
51009,identity,0.0,2,0,0.9,1.0,0.6799490878518151,1.0
51009,identity,0.0,3,0,0.9,1.0,0.6799490878518151,1.0
51009,identity,0.0,4,0,0.9,1.0,0.6799490878518151,1.0
51009,identity,0.0,5,0,0.9,1.0,0.6799490878518151,1.0
51009,identity,0.0,6,0,0.9,1.0,0.6799490878518151,1.0
51009,identity,0.0,7,0,0.9,1.0,0.6799490878518151,1.0
51009,identity,0.0,8,0,0.9,1.0,0.6799490878518151,1.0
51009,identity,0.0,9,0,0.9,1.0,0.6799490878518151,1.0
51009,identity,0.0,10,0,0.9,1.0,0.6799490878518151,1.0
51009,identity,0.0,11,0,0.9,1.0,0.6799490878518151,1.0
51009,identity,0.25,0,6,0.66,1.0,0.6797680208647741,0.941324434547613
51009,identity,0.25,1,6,0.5,1.0,0.6796523709108704,0.9462030731208233
51009,identity,0.25,2,6,0.7,1.0,0.6798896672214751,0.9436771881923235
51009,identity,0.25,3,6,0.66,1.0,0.6799771259773153,0.9330662412540037
51009,identity,0.25,4,6,0.48,1.0,0.6797294814838267,0.9281657372687824
51009,identity,0.25,5,6,0.62,1.0,0.6799209897803462,0.9520508518075884
51009,identity,0.25,6,6,0.52,1.0,0.6798779266180824,0.9360347425711243
51009,identity,0.25,7,6,0.7,1.0,0.6799460049023781,0.9488029562356358
51009,identity,0.25,8,6,0.54,1.0,0.6799494250455997,0.9157831880095536
51009,identity,0.25,9,6,0.58,1.0,0.6796615188395362,0.9486332528564374
51009,identity,0.25,10,6,0.44,1.0,0.6799398317231422,0.9299970404767001
51009,identity,0.25,11,6,0.66,1.0,0.679924516882159,0.9373714168761933
51009,identity,0.5,0,12,0.3,1.0,0.6795682433384781,0.8718957817638844
51009,identity,0.5,1,12,0.4,1.0,0.6796289984701687,0.8846893791703849
51009,identity,0.5,2,12,0.38,1.0,0.679444652906807,0.8847607984100189
51009,identity,0.5,3,12,0.22,1.0,0.6793977176001755,0.8537564247985279
51009,identity,0.5,4,12,0.3,1.0,0.6798911039898918,0.8523616643760561
51009,identity,0.5,5,12,0.24,1.0,0.6789895336517872,0.8799881025915315
51009,identity,0.5,6,12,0.36,1.0,0.6796573078504123,0.88514703067707
51009,identity,0.5,7,12,0.36,1.0,0.6798511410304647,0.8653231822208935
51009,identity,0.5,8,12,0.34,1.0,0.6791256957593887,0.8981226083777812
51009,identity,0.5,9,12,0.4,1.0,0.6790436774662584,0.887654957357312
51009,identity,0.5,10,12,0.4,1.0,0.679986209341489,0.8631863217687663
51009,identity,0.5,11,12,0.3,1.0,0.6795255888078793,0.8685028473325977
51009,identity,0.75,0,19,0.16,1.0,0.6776998221017889,0.7928278588338764
51009,identity,0.75,1,19,0.12,1.0,0.6744898983369199,0.799091434404317
51009,identity,0.75,2,19,0.1,1.0,0.675362526750013,0.7829050334103357
51009,identity,0.75,3,19,0.14,1.0,0.6779732038265319,0.7842380654364248
51009,identity,0.75,4,19,0.14,1.0,0.6705560898894396,0.7958809130718602
51009,identity,0.75,5,19,0.16,1.0,0.6773208028568414,0.7904480063638395
51009,identity,0.75,6,19,0.16,1.0,0.6790066260656299,0.7921126844105829
51009,identity,0.75,7,19,0.06,1.0,0.6765276788733516,0.7809846168719339
51009,identity,0.75,8,19,0.14,1.0,0.6786739782459442,0.7894762097856473
51009,identity,0.75,9,19,0.16,1.0,0.6785357069464,0.7982699325483641
51009,identity,0.75,10,19,0.1,1.0,0.6780328378596283,0.7914551633831113
51009,identity,0.75,11,19,0.14,1.0,0.6798672098124823,0.7900684179229327
51009,identity,0.9,0,22,0.08,1.0,0.6779322929486882,0.7640565251396774
51009,identity,0.9,1,22,0.1,1.0,0.6763063332158784,0.7648818656100361
51009,identity,0.9,2,22,0.06,1.0,0.6752896485453916,0.7620334268009404
51009,identity,0.9,3,22,0.08,1.0,0.6775785524506029,0.7603336270185825
51009,identity,0.9,4,22,0.1,1.0,0.6757003372281963,0.7638075190248095
51009,identity,0.9,5,22,0.08,1.0,0.6772516145457675,0.7599705768546863
51009,identity,0.9,6,22,0.14,1.0,0.6762841086097977,0.7817306330193269
51009,identity,0.9,7,22,0.1,1.0,0.6791099515756823,0.7601002167832133
51009,identity,0.9,8,22,0.1,1.0,0.677596784588936,0.7646818551263245
51009,identity,0.9,9,22,0.08,1.0,0.6746859916815336,0.7612247448543381
51009,identity,0.9,10,22,0.08,1.0,0.6786670583403028,0.7600223278096832
51009,identity,0.9,11,22,0.04,1.0,0.6749967386099988,0.7590674599861541
51010,normal,0.0,0,0,0.76,1.0,0.6399926061224557,1.0
51010,normal,0.0,1,0,0.76,1.0,0.6399926061224557,1.0
51010,normal,0.0,2,0,0.76,1.0,0.6399926061224557,1.0
51010,normal,0.0,3,0,0.76,1.0,0.6399926061224557,1.0
51010,normal,0.0,4,0,0.76,1.0,0.6399926061224557,1.0
51010,normal,0.0,5,0,0.76,1.0,0.6399926061224557,1.0
51010,normal,0.0,6,0,0.76,1.0,0.6399926061224557,1.0
51010,normal,0.0,7,0,0.76,1.0,0.6399926061224557,1.0
51010,normal,0.0,8,0,0.76,1.0,0.6399926061224557,1.0
51010,normal,0.0,9,0,0.76,1.0,0.6399926061224557,1.0
51010,normal,0.0,10,0,0.76,1.0,0.6399926061224557,1.0
51010,normal,0.0,11,0,0.76,1.0,0.6399926061224557,1.0
51010,normal,0.25,0,6,0.46,1.0,0.6399930173935062,0.8289519186173454
51010,normal,0.25,1,6,0.52,1.0,0.6399878806822054,0.855644263600218
51010,normal,0.25,2,6,0.44,1.0,0.6399832405158683,0.839759292609026
51010,normal,0.25,3,6,0.4,1.0,0.6384611156093541,0.8699878749551861
51010,normal,0.25,4,6,0.48,1.0,0.639746811956514,0.8592915037739295
51010,normal,0.25,5,6,0.52,1.0,0.6399403038004682,0.8378627351383462
51010,normal,0.25,6,6,0.52,1.0,0.6399906201833511,0.8734302639377769
51010,normal,0.25,7,6,0.5,1.0,0.6398357559472159,0.8315973173640695
51010,normal,0.25,8,6,0.4,1.0,0.6397560215961212,0.833239319554142
51010,normal,0.25,9,6,0.32,1.0,0.6297379794864202,0.8221044212785666
51010,normal,0.25,10,6,0.42,1.0,0.6399848125139993,0.8383508886035886
51010,normal,0.25,11,6,0.48,1.0,0.6399493734590468,0.8327087578508009
51010,normal,0.5,0,12,0.26,1.0,0.6397520825631574,0.7268177804510552
51010,normal,0.5,1,12,0.28,1.0,0.6384268534802371,0.7282136611832729
51010,normal,0.5,2,12,0.16,1.0,0.6399760858159701,0.6662465379192822
51010,normal,0.5,3,12,0.22,1.0,0.628786408395912,0.6878958593089542
51010,normal,0.5,4,12,0.22,1.0,0.6399824308327069,0.7216757130878882
51010,normal,0.5,5,12,0.28,1.0,0.6395368019129422,0.7352024249333557
51010,normal,0.5,6,12,0.14,1.0,0.6398287989152055,0.6987894574081241
51010,normal,0.5,7,12,0.28,1.0,0.6373910071894962,0.7122204060774429
51010,normal,0.5,8,12,0.34,1.0,0.6287161925382072,0.7450621307429287
51010,normal,0.5,9,12,0.28,1.0,0.6318589366178652,0.7014830834733901
51010,normal,0.5,10,12,0.28,1.0,0.6399424967305954,0.739868522072689
51010,normal,0.5,11,12,0.24,1.0,0.6399842582830277,0.6876355226973814
51010,normal,0.75,0,19,0.14,1.0,0.6399890894669851,0.6084304508803828
51010,normal,0.75,1,19,0.14,1.0,0.6399981891806975,0.6216551084305747
51010,normal,0.75,2,19,0.08,1.0,0.6399964741344327,0.6277602576592559
51010,normal,0.75,3,19,0.06,1.0,0.6391907718834937,0.6244660424007065
51010,normal,0.75,4,19,0.1,1.0,0.6399745002952849,0.599277404897665
51010,normal,0.75,5,19,0.06,1.0,0.6399788843231264,0.6148755042031905
51010,normal,0.75,6,19,0.08,1.0,0.6399958403034064,0.5508655728488977
51010,normal,0.75,7,19,0.08,1.0,0.6399859157869559,0.5985960510729178
51010,normal,0.75,8,19,0.16,1.0,0.6399983660864335,0.6238137875292804
51010,normal,0.75,9,19,0.14,1.0,0.6397910662605822,0.6316773041260828
51010,normal,0.75,10,19,0.22,1.0,0.6390404296139159,0.5973501196878743
51010,normal,0.75,11,19,0.1,1.0,0.6377850054607371,0.5782353993684921
51010,normal,0.9,0,22,0.1,1.0,0.6398664671461262,0.5594371946597443
51010,normal,0.9,1,22,0.08,1.0,0.6399992024112435,0.5581793277774058
51010,normal,0.9,2,22,0.06,1.0,0.639999338482848,0.5575563331961938
51010,normal,0.9,3,22,0.06,1.0,0.6399992367749349,0.5599812969192688
51010,normal,0.9,4,22,0.1,1.0,0.6398930506083388,0.56503560715922
51010,normal,0.9,5,22,0.08,1.0,0.6399055423863947,0.551703496656922
51010,normal,0.9,6,22,0.08,1.0,0.639790241068731,0.5623070139128845
51010,normal,0.9,7,22,0.04,1.0,0.6399835916652159,0.5824898909221811
51010,normal,0.9,8,22,0.06,1.0,0.6399992694570332,0.5532565986480072
51010,normal,0.9,9,22,0.08,1.0,0.6399991072370307,0.5566570369603011
51010,normal,0.9,10,22,0.08,1.0,0.6399993819719042,0.5582691805652422
51010,normal,0.9,11,22,0.06,1.0,0.6399767870978356,0.5538801807664788
51010,shuffled,0.0,0,0,0.72,1.0,0.6399996821319747,1.0
51010,shuffled,0.0,1,0,0.72,1.0,0.6399996821319747,1.0
51010,shuffled,0.0,2,0,0.72,1.0,0.6399996821319747,1.0
51010,shuffled,0.0,3,0,0.72,1.0,0.6399996821319747,1.0
51010,shuffled,0.0,4,0,0.72,1.0,0.6399996821319747,1.0
51010,shuffled,0.0,5,0,0.72,1.0,0.6399996821319747,1.0
51010,shuffled,0.0,6,0,0.72,1.0,0.6399996821319747,1.0
51010,shuffled,0.0,7,0,0.72,1.0,0.6399996821319747,1.0
51010,shuffled,0.0,8,0,0.72,1.0,0.6399996821319747,1.0
51010,shuffled,0.0,9,0,0.72,1.0,0.6399996821319747,1.0
51010,shuffled,0.0,10,0,0.72,1.0,0.6399996821319747,1.0
51010,shuffled,0.0,11,0,0.72,1.0,0.6399996821319747,1.0
51010,shuffled,0.25,0,6,0.42,1.0,0.6399983921841593,0.8242601999497636
51010,shuffled,0.25,1,6,0.48,1.0,0.6399987339380436,0.8347884017501502
51010,shuffled,0.25,2,6,0.46,1.0,0.632057767087276,0.8437817722693114
51010,shuffled,0.25,3,6,0.4,1.0,0.6398043457268667,0.835212471131636
51010,shuffled,0.25,4,6,0.44,1.0,0.6399995756709633,0.8686863229299009
51010,shuffled,0.25,5,6,0.3,1.0,0.6399993744458556,0.8276519183187737
51010,shuffled,0.25,6,6,0.48,1.0,0.6396213912593339,0.8339389342241402
51010,shuffled,0.25,7,6,0.44,1.0,0.6351470059044643,0.8347537402423426
51010,shuffled,0.25,8,6,0.38,1.0,0.6399990493965177,0.8435279287972475
51010,shuffled,0.25,9,6,0.46,1.0,0.6351465428441534,0.835001051565929
51010,shuffled,0.25,10,6,0.44,1.0,0.6399997513801249,0.8447603777287673
51010,shuffled,0.25,11,6,0.54,1.0,0.6399993782252853,0.8626271207839885
51010,shuffled,0.5,0,12,0.24,1.0,0.6335329678349138,0.7272763387767168
51010,shuffled,0.5,1,12,0.3,1.0,0.6399744250003603,0.73448856794391
51010,shuffled,0.5,2,12,0.3,1.0,0.6399997339314871,0.744468042032675
51010,shuffled,0.5,3,12,0.36,1.0,0.6382794331109437,0.7132096948217029
51010,shuffled,0.5,4,12,0.32,1.0,0.6399997723667566,0.7429898100993032
51010,shuffled,0.5,5,12,0.28,1.0,0.6399982190609161,0.7631612463165144
51010,shuffled,0.5,6,12,0.26,1.0,0.6399986169524913,0.7375167725670322
51010,shuffled,0.5,7,12,0.32,1.0,0.6306175317808006,0.7496514867069268
51010,shuffled,0.5,8,12,0.26,1.0,0.6399995730094561,0.6752625610896971
51010,shuffled,0.5,9,12,0.28,1.0,0.6399998053440825,0.750880493850488
51010,shuffled,0.5,10,12,0.26,1.0,0.6399946083605752,0.7093195734583136
51010,shuffled,0.5,11,12,0.24,1.0,0.6323669548173422,0.7017530913683799
51010,shuffled,0.75,0,19,0.1,1.0,0.6399991748190947,0.6546574315054419
51010,shuffled,0.75,1,19,0.12,1.0,0.6399995668951118,0.6116958128910361
51010,shuffled,0.75,2,19,0.14,1.0,0.6399210455985195,0.6563548917992708
51010,shuffled,0.75,3,19,0.08,1.0,0.6317770023864278,0.6546416347349141
51010,shuffled,0.75,4,19,0.1,1.0,0.6399992330601039,0.6667904848812718
51010,shuffled,0.75,5,19,0.12,1.0,0.6399992906639645,0.669301990182738
51010,shuffled,0.75,6,19,0.1,1.0,0.639998749894374,0.6667356250011673
51010,shuffled,0.75,7,19,0.06,1.0,0.6399973030137676,0.6467220043662596
51010,shuffled,0.75,8,19,0.12,1.0,0.6399991248891705,0.6636986101101796
51010,shuffled,0.75,9,19,0.08,1.0,0.6399975206210824,0.6600152795985751
51010,shuffled,0.75,10,19,0.12,1.0,0.6399978958607782,0.6577086420403755
51010,shuffled,0.75,11,19,0.14,1.0,0.6399993698803939,0.6565821323360779
51010,shuffled,0.9,0,22,0.04,1.0,0.6399940325204034,0.5972945655204657
51010,shuffled,0.9,1,22,0.04,1.0,0.6399981317966345,0.6431668848909169
51010,shuffled,0.9,2,22,0.1,1.0,0.6399994597695767,0.5948840592027698
51010,shuffled,0.9,3,22,0.12,1.0,0.6399993907496772,0.6310215966970901
51010,shuffled,0.9,4,22,0.06,1.0,0.6399905304109528,0.6145415027495342
51010,shuffled,0.9,5,22,0.06,1.0,0.6399994920213741,0.6097707170341287
51010,shuffled,0.9,6,22,0.06,1.0,0.6399976009723122,0.6045682767416806
51010,shuffled,0.9,7,22,0.04,1.0,0.6399995544799572,0.6211724997921722
51010,shuffled,0.9,8,22,0.04,1.0,0.6399970432300357,0.6154143483840327
51010,shuffled,0.9,9,22,0.04,1.0,0.6399995724127198,0.5933216945476815
51010,shuffled,0.9,10,22,0.04,1.0,0.6399987654872612,0.6109370655499957
51010,shuffled,0.9,11,22,0.1,1.0,0.6399993648101083,0.6485341979454715
51010,dense,0.0,0,0,0.02,0.5,0.20491662652530593,0.9999999999999999
51010,dense,0.0,1,0,0.02,0.5,0.20491662652530593,0.9999999999999999
51010,dense,0.0,2,0,0.02,0.5,0.20491662652530593,0.9999999999999999
51010,dense,0.0,3,0,0.02,0.5,0.20491662652530593,0.9999999999999999
51010,dense,0.0,4,0,0.02,0.5,0.20491662652530593,0.9999999999999999
51010,dense,0.0,5,0,0.02,0.5,0.20491662652530593,0.9999999999999999
51010,dense,0.0,6,0,0.02,0.5,0.20491662652530593,0.9999999999999999
51010,dense,0.0,7,0,0.02,0.5,0.20491662652530593,0.9999999999999999
51010,dense,0.0,8,0,0.02,0.5,0.20491662652530593,0.9999999999999999
51010,dense,0.0,9,0,0.02,0.5,0.20491662652530593,0.9999999999999999
51010,dense,0.0,10,0,0.02,0.5,0.20491662652530593,0.9999999999999999
51010,dense,0.0,11,0,0.02,0.5,0.20491662652530593,0.9999999999999999
51010,dense,0.25,0,6,0.02,0.5,0.20491662652530593,0.9999999999999999
51010,dense,0.25,1,6,0.02,0.5,0.20491662652530593,0.9999999999999999
51010,dense,0.25,2,6,0.02,0.5,0.20491662652530593,0.9999999999999999
51010,dense,0.25,3,6,0.02,0.5,0.20491662652530593,0.9999999999999999
51010,dense,0.25,4,6,0.02,0.5,0.20491662652530593,0.9999999999999999
51010,dense,0.25,5,6,0.02,0.5,0.20491662652530593,0.9999999999999999
51010,dense,0.25,6,6,0.02,0.5,0.20491662652530593,0.9999999999999999
51010,dense,0.25,7,6,0.02,0.5,0.20491662652530593,0.9999999999999999
51010,dense,0.25,8,6,0.02,0.5,0.20491662652530593,0.9999999999999999
51010,dense,0.25,9,6,0.02,0.5,0.20491662652530593,0.9999999999999999
51010,dense,0.25,10,6,0.02,0.5,0.20491662652530593,0.9999999999999999
51010,dense,0.25,11,6,0.02,0.5,0.20491662652530593,0.9999999999999999
51010,dense,0.5,0,12,0.02,0.5,0.20491662652530593,0.9999999999999999
51010,dense,0.5,1,12,0.02,0.5,0.20491662652530593,0.9999999999999999
51010,dense,0.5,2,12,0.02,0.5,0.20491662652530593,0.9999999999999999
51010,dense,0.5,3,12,0.02,0.5,0.20491662652530593,0.9999999999999999
51010,dense,0.5,4,12,0.02,0.5,0.20491662652530593,0.9999999999999999
51010,dense,0.5,5,12,0.02,0.5,0.20491662652530593,0.9999999999999999
51010,dense,0.5,6,12,0.02,0.5,0.20491662652530593,0.9999999999999999
51010,dense,0.5,7,12,0.02,0.5,0.20491662652530593,0.9999999999999999
51010,dense,0.5,8,12,0.02,0.5,0.20491662652530593,0.9999999999999999
51010,dense,0.5,9,12,0.02,0.5,0.20491662652530593,0.9999999999999999
51010,dense,0.5,10,12,0.02,0.5,0.20491662652530593,0.9999999999999999
51010,dense,0.5,11,12,0.02,0.5,0.20491662652530593,0.9999999999999999
51010,dense,0.75,0,19,0.02,0.5,0.20491662652530593,0.9999999999999999
51010,dense,0.75,1,19,0.02,0.5,0.20491662652530593,0.9999999999999999
51010,dense,0.75,2,19,0.02,0.5,0.20491662652530593,0.9999999999999999
51010,dense,0.75,3,19,0.02,0.5,0.20491662652530593,0.9999999999999999
51010,dense,0.75,4,19,0.02,0.5,0.20491662652530593,0.9999999999999999
51010,dense,0.75,5,19,0.02,0.5,0.20491662652530593,0.9999999999999999
51010,dense,0.75,6,19,0.02,0.5,0.20491662652530593,0.9999999999999999
51010,dense,0.75,7,19,0.02,0.5,0.20491662652530593,0.9999999999999999
51010,dense,0.75,8,19,0.02,0.5,0.20491662652530593,0.9999999999999999
51010,dense,0.75,9,19,0.02,0.5,0.20491662652530593,0.9999999999999999
51010,dense,0.75,10,19,0.02,0.5,0.20491662652530593,0.9999999999999999
51010,dense,0.75,11,19,0.02,0.5,0.20491662652530593,0.9999999999999999
51010,dense,0.9,0,22,0.02,0.5,0.20491662652530593,0.9999999999999999
51010,dense,0.9,1,22,0.02,0.5,0.20491662652530593,0.9999999999999999
51010,dense,0.9,2,22,0.02,0.5,0.20491662652530593,0.9999999999999999
51010,dense,0.9,3,22,0.02,0.5,0.20491662652530593,0.9999999999999999
51010,dense,0.9,4,22,0.02,0.5,0.20491662652530593,0.9999999999999999
51010,dense,0.9,5,22,0.02,0.5,0.20491662652530593,0.9999999999999999
51010,dense,0.9,6,22,0.02,0.5,0.20491662652530593,0.9999999999999999
51010,dense,0.9,7,22,0.02,0.5,0.20491662652530593,0.9999999999999999
51010,dense,0.9,8,22,0.02,0.5,0.20491662652530593,0.9999999999999999
51010,dense,0.9,9,22,0.02,0.5,0.20491662652530593,0.9999999999999999
51010,dense,0.9,10,22,0.02,0.5,0.20491662652530593,0.9999999999999999
51010,dense,0.9,11,22,0.02,0.5,0.20491662652530593,0.9999999999999999
51010,identity,0.0,0,0,0.98,1.0,0.6399986645319511,1.0
51010,identity,0.0,1,0,0.98,1.0,0.6399986645319511,1.0
51010,identity,0.0,2,0,0.98,1.0,0.6399986645319511,1.0
51010,identity,0.0,3,0,0.98,1.0,0.6399986645319511,1.0
51010,identity,0.0,4,0,0.98,1.0,0.6399986645319511,1.0
51010,identity,0.0,5,0,0.98,1.0,0.6399986645319511,1.0
51010,identity,0.0,6,0,0.98,1.0,0.6399986645319511,1.0
51010,identity,0.0,7,0,0.98,1.0,0.6399986645319511,1.0
51010,identity,0.0,8,0,0.98,1.0,0.6399986645319511,1.0
51010,identity,0.0,9,0,0.98,1.0,0.6399986645319511,1.0
51010,identity,0.0,10,0,0.98,1.0,0.6399986645319511,1.0
51010,identity,0.0,11,0,0.98,1.0,0.6399986645319511,1.0
51010,identity,0.25,0,6,0.76,1.0,0.6399977753180701,0.9310480945764172
51010,identity,0.25,1,6,0.78,1.0,0.6399978415868933,0.9539692326885131
51010,identity,0.25,2,6,0.78,1.0,0.6399720483033454,0.9352110686523575
51010,identity,0.25,3,6,0.82,1.0,0.6399991598201951,0.9339551252289447
51010,identity,0.25,4,6,0.72,1.0,0.6399947511001156,0.9511303643959582
51010,identity,0.25,5,6,0.8,1.0,0.6399968963851274,0.9419212527768925
51010,identity,0.25,6,6,0.8,1.0,0.6399985783107458,0.9294231437023204
51010,identity,0.25,7,6,0.78,1.0,0.6399924233219035,0.9396652107026892
51010,identity,0.25,8,6,0.72,1.0,0.6399793609631098,0.9532582674413047
51010,identity,0.25,9,6,0.74,1.0,0.6399984478670472,0.9347362720121742
51010,identity,0.25,10,6,0.8,1.0,0.6399927047711722,0.9394325983741687
51010,identity,0.25,11,6,0.72,1.0,0.6399867120687281,0.9363711282973739
51010,identity,0.5,0,12,0.44,1.0,0.6399676270697725,0.8834845705914239
51010,identity,0.5,1,12,0.4,1.0,0.6399943031916003,0.8664805196298013
51010,identity,0.5,2,12,0.5,1.0,0.6399407924999807,0.8717939045221186
51010,identity,0.5,3,12,0.36,1.0,0.6399970690293418,0.842023655217333
51010,identity,0.5,4,12,0.32,1.0,0.6399988680662457,0.8609845125560079
51010,identity,0.5,5,12,0.5,1.0,0.6398765937285269,0.8601329785185095
51010,identity,0.5,6,12,0.52,1.0,0.6399838226142489,0.877033393599742
51010,identity,0.5,7,12,0.52,1.0,0.6399840730828414,0.866893992633006
51010,identity,0.5,8,12,0.38,1.0,0.6399961793323139,0.8759027176908931
51010,identity,0.5,9,12,0.4,1.0,0.6399921434568597,0.8833431594309645
51010,identity,0.5,10,12,0.48,1.0,0.6399509301131864,0.8839667116769809
51010,identity,0.5,11,12,0.42,1.0,0.6399951881363015,0.87768063636214
51010,identity,0.75,0,19,0.16,1.0,0.6399978783000444,0.7769869579699507
51010,identity,0.75,1,19,0.1,1.0,0.6399963880062274,0.7924633980871336
51010,identity,0.75,2,19,0.18,1.0,0.6399897859131185,0.7809892452376623
51010,identity,0.75,3,19,0.1,1.0,0.6399949465738412,0.7742652547378154
51010,identity,0.75,4,19,0.14,1.0,0.6399499136448865,0.7835110867353556
51010,identity,0.75,5,19,0.08,1.0,0.639992524708169,0.7992356982532901
51010,identity,0.75,6,19,0.12,1.0,0.6399932104412176,0.772007591318572
51010,identity,0.75,7,19,0.14,1.0,0.6399907184145024,0.7806752151038837
51010,identity,0.75,8,19,0.18,1.0,0.6399942634022096,0.773853764114303
51010,identity,0.75,9,19,0.12,1.0,0.6399932658298658,0.7902994179385161
51010,identity,0.75,10,19,0.12,1.0,0.6399811658772435,0.7705693948891355
51010,identity,0.75,11,19,0.2,1.0,0.639989752555906,0.7824146019746291
51010,identity,0.9,0,22,0.1,1.0,0.6399345170281265,0.752323536236912
51010,identity,0.9,1,22,0.06,1.0,0.6399929430597243,0.7503775886916887
51010,identity,0.9,2,22,0.06,1.0,0.6399919126000034,0.7510147389279247
51010,identity,0.9,3,22,0.1,1.0,0.6399942862680839,0.7518622428503374
51010,identity,0.9,4,22,0.1,1.0,0.6399946914825331,0.7559948313392252
51010,identity,0.9,5,22,0.04,1.0,0.6399931059172923,0.7549892975716601
51010,identity,0.9,6,22,0.14,1.0,0.639955960817162,0.7529955268937978
51010,identity,0.9,7,22,0.04,1.0,0.6399902992312264,0.750495744602935
51010,identity,0.9,8,22,0.06,1.0,0.6399920056741577,0.7546612646310141
51010,identity,0.9,9,22,0.08,1.0,0.6399936717111947,0.7529239486418795
51010,identity,0.9,10,22,0.1,1.0,0.639988134990829,0.7526575037766375
51010,identity,0.9,11,22,0.08,1.0,0.6399534584057252,0.7489173330406651
51011,normal,0.0,0,0,0.54,1.0,0.6399188328927398,1.0
51011,normal,0.0,1,0,0.54,1.0,0.6399188328927398,1.0
51011,normal,0.0,2,0,0.54,1.0,0.6399188328927398,1.0
51011,normal,0.0,3,0,0.54,1.0,0.6399188328927398,1.0
51011,normal,0.0,4,0,0.54,1.0,0.6399188328927398,1.0
51011,normal,0.0,5,0,0.54,1.0,0.6399188328927398,1.0
51011,normal,0.0,6,0,0.54,1.0,0.6399188328927398,1.0
51011,normal,0.0,7,0,0.54,1.0,0.6399188328927398,1.0
51011,normal,0.0,8,0,0.54,1.0,0.6399188328927398,1.0
51011,normal,0.0,9,0,0.54,1.0,0.6399188328927398,1.0
51011,normal,0.0,10,0,0.54,1.0,0.6399188328927398,1.0
51011,normal,0.0,11,0,0.54,1.0,0.6399188328927398,1.0
51011,normal,0.25,0,6,0.42,1.0,0.6387519861643902,0.8263470797237662
51011,normal,0.25,1,6,0.4,1.0,0.6331450123913734,0.8120385897817777
51011,normal,0.25,2,6,0.34,1.0,0.63045731102425,0.8172100256220993
51011,normal,0.25,3,6,0.4,1.0,0.6399768432414588,0.8271712171934089
51011,normal,0.25,4,6,0.34,1.0,0.6387205949085417,0.8093016196082533
51011,normal,0.25,5,6,0.48,1.0,0.6377344070379296,0.8112634017836278
51011,normal,0.25,6,6,0.34,1.0,0.639935824235399,0.8158650163736025
51011,normal,0.25,7,6,0.4,1.0,0.6393269305734048,0.8038910132156674
51011,normal,0.25,8,6,0.42,1.0,0.6378566056954899,0.842363151139529
51011,normal,0.25,9,6,0.3,1.0,0.6399373022792899,0.83118951553244
51011,normal,0.25,10,6,0.42,1.0,0.6314548808838324,0.80098335583285
51011,normal,0.25,11,6,0.36,1.0,0.6380805362626448,0.8051372554064724
51011,normal,0.5,0,12,0.24,1.0,0.6368195410165185,0.6931148672213651
51011,normal,0.5,1,12,0.22,1.0,0.6387105634410599,0.6741366804447922
51011,normal,0.5,2,12,0.28,1.0,0.6332611025568476,0.6959404544236848
51011,normal,0.5,3,12,0.26,1.0,0.6262791901010264,0.671336758677395
51011,normal,0.5,4,12,0.26,1.0,0.6327942731835685,0.6790662362460061
51011,normal,0.5,5,12,0.28,1.0,0.6398248392751309,0.6773242811449888
51011,normal,0.5,6,12,0.18,1.0,0.6344562965880932,0.6775946353216856
51011,normal,0.5,7,12,0.3,1.0,0.6381379000326881,0.7037781291516372
51011,normal,0.5,8,12,0.16,1.0,0.6370238468697167,0.6925076528309123
51011,normal,0.5,9,12,0.1,1.0,0.6359357263336889,0.7212982661593021
51011,normal,0.5,10,12,0.18,1.0,0.6399549994391361,0.7256195156690989
51011,normal,0.5,11,12,0.18,1.0,0.6096041707990348,0.7244374746505855
51011,normal,0.75,0,19,0.12,1.0,0.6292485106283155,0.6060369910902209
51011,normal,0.75,1,19,0.14,1.0,0.636605827532231,0.5852180468854864
51011,normal,0.75,2,19,0.04,1.0,0.6348917251658268,0.6013672119003308
51011,normal,0.75,3,19,0.1,1.0,0.6183589987292706,0.6131388268545469
51011,normal,0.75,4,19,0.16,1.0,0.638456124670986,0.619658120136807
51011,normal,0.75,5,19,0.06,1.0,0.6397760053325656,0.6154844984802034
51011,normal,0.75,6,19,0.12,1.0,0.6307958533093415,0.6059926105117471
51011,normal,0.75,7,19,0.08,1.0,0.6376125267706009,0.603796894850265
51011,normal,0.75,8,19,0.08,1.0,0.6276799352061136,0.5746295684336431
51011,normal,0.75,9,19,0.12,1.0,0.6231069303488974,0.6015036538645852
51011,normal,0.75,10,19,0.1,1.0,0.6399465294879123,0.5955707502234494
51011,normal,0.75,11,19,0.12,1.0,0.6399513299089086,0.6082300266690805
51011,normal,0.9,0,22,0.04,1.0,0.636605364920755,0.5529638283139604
51011,normal,0.9,1,22,0.1,1.0,0.6368666192469061,0.5493787988203735
51011,normal,0.9,2,22,0.1,1.0,0.6359110025046517,0.5511853884482361
51011,normal,0.9,3,22,0.04,1.0,0.6359422503884676,0.5422422293600601
51011,normal,0.9,4,22,0.04,1.0,0.6292450472311001,0.548486754114157
51011,normal,0.9,5,22,0.02,1.0,0.6311867111909443,0.5230263435983674
51011,normal,0.9,6,22,0.12,1.0,0.6292294558810511,0.5669896249860407
51011,normal,0.9,7,22,0.08,1.0,0.638104522192678,0.5333059273332119
51011,normal,0.9,8,22,0.1,1.0,0.6281281991409371,0.5452548822199258
51011,normal,0.9,9,22,0.06,1.0,0.6285992481113811,0.5371440392773666
51011,normal,0.9,10,22,0.08,1.0,0.6326046396670438,0.5538185506883135
51011,normal,0.9,11,22,0.06,1.0,0.6292419559090261,0.5635465512393719
51011,shuffled,0.0,0,0,0.72,1.0,0.6399805482113989,1.0
51011,shuffled,0.0,1,0,0.72,1.0,0.6399805482113989,1.0
51011,shuffled,0.0,2,0,0.72,1.0,0.6399805482113989,1.0
51011,shuffled,0.0,3,0,0.72,1.0,0.6399805482113989,1.0
51011,shuffled,0.0,4,0,0.72,1.0,0.6399805482113989,1.0
51011,shuffled,0.0,5,0,0.72,1.0,0.6399805482113989,1.0
51011,shuffled,0.0,6,0,0.72,1.0,0.6399805482113989,1.0
51011,shuffled,0.0,7,0,0.72,1.0,0.6399805482113989,1.0
51011,shuffled,0.0,8,0,0.72,1.0,0.6399805482113989,1.0
51011,shuffled,0.0,9,0,0.72,1.0,0.6399805482113989,1.0
51011,shuffled,0.0,10,0,0.72,1.0,0.6399805482113989,1.0
51011,shuffled,0.0,11,0,0.72,1.0,0.6399805482113989,1.0
51011,shuffled,0.25,0,6,0.38,1.0,0.6399649507099612,0.7923621795500955
51011,shuffled,0.25,1,6,0.5,1.0,0.6399974908953083,0.8431485532311354
51011,shuffled,0.25,2,6,0.52,1.0,0.6282958058229908,0.8768632928967409
51011,shuffled,0.25,3,6,0.38,1.0,0.6369756589362168,0.7902630277044591
51011,shuffled,0.25,4,6,0.38,1.0,0.6226479871045688,0.8191561402002193
51011,shuffled,0.25,5,6,0.48,1.0,0.6399758940789259,0.8174885935837682
51011,shuffled,0.25,6,6,0.42,1.0,0.6399972330662582,0.8216406508841422
51011,shuffled,0.25,7,6,0.36,1.0,0.6399993342372199,0.8310653647488522
51011,shuffled,0.25,8,6,0.46,1.0,0.6397789373932584,0.8283412984899564
51011,shuffled,0.25,9,6,0.46,1.0,0.6376550261011036,0.808744402214654
51011,shuffled,0.25,10,6,0.48,1.0,0.6370155316046539,0.8262886327726215
51011,shuffled,0.25,11,6,0.42,1.0,0.6399825180818597,0.8240435652723551
51011,shuffled,0.5,0,12,0.24,1.0,0.639997477139746,0.6914837454297396
51011,shuffled,0.5,1,12,0.2,1.0,0.6224487359270268,0.730007433852586
51011,shuffled,0.5,2,12,0.26,1.0,0.6399975065535644,0.7041092945114458
51011,shuffled,0.5,3,12,0.18,1.0,0.6399982323039705,0.6877361470315131
51011,shuffled,0.5,4,12,0.3,1.0,0.6395447331477662,0.7087156813426694
51011,shuffled,0.5,5,12,0.26,1.0,0.6399902039691276,0.6926199327101991
51011,shuffled,0.5,6,12,0.2,1.0,0.639993734247494,0.695316344587938
51011,shuffled,0.5,7,12,0.24,1.0,0.6399980761565647,0.6786739177475849
51011,shuffled,0.5,8,12,0.2,1.0,0.6399998086124757,0.7063141848926898
51011,shuffled,0.5,9,12,0.16,1.0,0.6372937015271255,0.7013951124190584
51011,shuffled,0.5,10,12,0.22,1.0,0.639991700220769,0.685321870789561
51011,shuffled,0.5,11,12,0.22,1.0,0.6282675336521565,0.6796357918920954
51011,shuffled,0.75,0,19,0.1,1.0,0.6399995398562303,0.5803431128809389
51011,shuffled,0.75,1,19,0.14,1.0,0.6399982194512192,0.5822561404277313
51011,shuffled,0.75,2,19,0.14,1.0,0.6399999028398203,0.639255985153106
51011,shuffled,0.75,3,19,0.1,1.0,0.63999722137786,0.625459331434554
51011,shuffled,0.75,4,19,0.12,1.0,0.6399993723280921,0.5796032583386451
51011,shuffled,0.75,5,19,0.12,1.0,0.6399992432618029,0.6308587371109169
51011,shuffled,0.75,6,19,0.08,1.0,0.639996480164538,0.591876090602333
51011,shuffled,0.75,7,19,0.1,1.0,0.6301202569618202,0.6150795963866319
51011,shuffled,0.75,8,19,0.06,1.0,0.6399889868025955,0.5774279270214708
51011,shuffled,0.75,9,19,0.12,1.0,0.6399992492806296,0.5950341719493161
51011,shuffled,0.75,10,19,0.14,1.0,0.639992362284835,0.5655300568176324
51011,shuffled,0.75,11,19,0.06,1.0,0.6399999128065772,0.6081432835917664
51011,shuffled,0.9,0,22,0.04,1.0,0.6399983815756108,0.5517806531250024
51011,shuffled,0.9,1,22,0.04,1.0,0.6399999371547337,0.560747522087302
51011,shuffled,0.9,2,22,0.1,1.0,0.6399999043700771,0.621429596744331
51011,shuffled,0.9,3,22,0.1,1.0,0.6399999647962961,0.5585852634797479
51011,shuffled,0.9,4,22,0.12,1.0,0.6399993812776419,0.5547218762776599
51011,shuffled,0.9,5,22,0.1,1.0,0.6399981453285344,0.5594608529464061
51011,shuffled,0.9,6,22,0.06,1.0,0.6399995524791732,0.559514897937492
51011,shuffled,0.9,7,22,0.1,1.0,0.6399998183377869,0.5775294343526561
51011,shuffled,0.9,8,22,0.06,1.0,0.6399991414929629,0.5778013962746694
51011,shuffled,0.9,9,22,0.08,1.0,0.6399994569039172,0.5789113336527152
51011,shuffled,0.9,10,22,0.02,1.0,0.6399968905650291,0.5676621106644383
51011,shuffled,0.9,11,22,0.04,1.0,0.6399999166358911,0.526861931534894
51011,dense,0.0,0,0,0.02,0.5,0.2869616226068487,0.9999999999999999
51011,dense,0.0,1,0,0.02,0.5,0.2869616226068487,0.9999999999999999
51011,dense,0.0,2,0,0.02,0.5,0.2869616226068487,0.9999999999999999
51011,dense,0.0,3,0,0.02,0.5,0.2869616226068487,0.9999999999999999
51011,dense,0.0,4,0,0.02,0.5,0.2869616226068487,0.9999999999999999
51011,dense,0.0,5,0,0.02,0.5,0.2869616226068487,0.9999999999999999
51011,dense,0.0,6,0,0.02,0.5,0.2869616226068487,0.9999999999999999
51011,dense,0.0,7,0,0.02,0.5,0.2869616226068487,0.9999999999999999
51011,dense,0.0,8,0,0.02,0.5,0.2869616226068487,0.9999999999999999
51011,dense,0.0,9,0,0.02,0.5,0.2869616226068487,0.9999999999999999
51011,dense,0.0,10,0,0.02,0.5,0.2869616226068487,0.9999999999999999
51011,dense,0.0,11,0,0.02,0.5,0.2869616226068487,0.9999999999999999
51011,dense,0.25,0,6,0.02,0.5,0.2869616226068487,0.9999999999999999
51011,dense,0.25,1,6,0.02,0.5,0.2869616226068487,0.9999999999999999
51011,dense,0.25,2,6,0.02,0.5,0.2869616226068487,0.9999999999999999
51011,dense,0.25,3,6,0.02,0.5,0.2869616226068487,0.9999999999999999
51011,dense,0.25,4,6,0.02,0.5,0.2869616226068487,0.9999999999999999
51011,dense,0.25,5,6,0.02,0.5,0.2869616226068487,0.9999999999999999
51011,dense,0.25,6,6,0.02,0.5,0.2869616226068487,0.9999999999999999
51011,dense,0.25,7,6,0.02,0.5,0.2869616226068487,0.9999999999999999
51011,dense,0.25,8,6,0.02,0.5,0.2869616226068487,0.9999999999999999
51011,dense,0.25,9,6,0.02,0.5,0.2869616226068487,0.9999999999999999
51011,dense,0.25,10,6,0.02,0.5,0.2869616226068487,0.9999999999999999
51011,dense,0.25,11,6,0.02,0.5,0.2869616226068487,0.9999999999999999
51011,dense,0.5,0,12,0.02,0.5,0.2869616226068487,0.9999999999999999
51011,dense,0.5,1,12,0.02,0.5,0.2869616226068487,0.9999999999999999
51011,dense,0.5,2,12,0.02,0.5,0.2869616226068487,0.9999999999999999
51011,dense,0.5,3,12,0.02,0.5,0.2869616226068487,0.9999999999999999
51011,dense,0.5,4,12,0.02,0.5,0.2869616226068487,0.9999999999999999
51011,dense,0.5,5,12,0.02,0.5,0.2869616226068487,0.9999999999999999
51011,dense,0.5,6,12,0.02,0.5,0.2869616226068487,0.9999999999999999
51011,dense,0.5,7,12,0.02,0.5,0.2869616226068487,0.9999999999999999
51011,dense,0.5,8,12,0.02,0.5,0.2869616226068487,0.9999999999999999
51011,dense,0.5,9,12,0.02,0.5,0.2869616226068487,0.9999999999999999
51011,dense,0.5,10,12,0.02,0.5,0.2869616226068487,0.9999999999999999
51011,dense,0.5,11,12,0.02,0.5,0.2869616226068487,0.9999999999999999
51011,dense,0.75,0,19,0.02,0.5,0.2869616226068487,0.9999999999999999
51011,dense,0.75,1,19,0.02,0.5,0.2869616226068487,0.9999999999999999
51011,dense,0.75,2,19,0.02,0.5,0.2869616226068487,0.9999999999999999
51011,dense,0.75,3,19,0.02,0.5,0.2869616226068487,0.9999999999999999
51011,dense,0.75,4,19,0.02,0.5,0.2869616226068487,0.9999999999999999
51011,dense,0.75,5,19,0.02,0.5,0.2869616226068487,0.9999999999999999
51011,dense,0.75,6,19,0.02,0.5,0.2869616226068487,0.9999999999999999
51011,dense,0.75,7,19,0.02,0.5,0.2869616226068487,0.9999999999999999
51011,dense,0.75,8,19,0.02,0.5,0.2869616226068487,0.9999999999999999
51011,dense,0.75,9,19,0.02,0.5,0.2869616226068487,0.9999999999999999
51011,dense,0.75,10,19,0.02,0.5,0.2869616226068487,0.9999999999999999
51011,dense,0.75,11,19,0.02,0.5,0.2869616226068487,0.9999999999999999
51011,dense,0.9,0,22,0.02,0.5,0.2869616226068487,0.9999999999999999
51011,dense,0.9,1,22,0.02,0.5,0.2869616226068487,0.9999999999999999
51011,dense,0.9,2,22,0.02,0.5,0.2869616226068487,0.9999999999999999
51011,dense,0.9,3,22,0.02,0.5,0.2869616226068487,0.9999999999999999
51011,dense,0.9,4,22,0.02,0.5,0.2869616226068487,0.9999999999999999
51011,dense,0.9,5,22,0.02,0.5,0.2869616226068487,0.9999999999999999
51011,dense,0.9,6,22,0.02,0.5,0.2869616226068487,0.9999999999999999
51011,dense,0.9,7,22,0.02,0.5,0.2869616226068487,0.9999999999999999
51011,dense,0.9,8,22,0.02,0.5,0.2869616226068487,0.9999999999999999
51011,dense,0.9,9,22,0.02,0.5,0.2869616226068487,0.9999999999999999
51011,dense,0.9,10,22,0.02,0.5,0.2869616226068487,0.9999999999999999
51011,dense,0.9,11,22,0.02,0.5,0.2869616226068487,0.9999999999999999
51011,identity,0.0,0,0,0.88,1.0,0.6392684367618687,1.0
51011,identity,0.0,1,0,0.88,1.0,0.6392684367618687,1.0
51011,identity,0.0,2,0,0.88,1.0,0.6392684367618687,1.0
51011,identity,0.0,3,0,0.88,1.0,0.6392684367618687,1.0
51011,identity,0.0,4,0,0.88,1.0,0.6392684367618687,1.0
51011,identity,0.0,5,0,0.88,1.0,0.6392684367618687,1.0
51011,identity,0.0,6,0,0.88,1.0,0.6392684367618687,1.0
51011,identity,0.0,7,0,0.88,1.0,0.6392684367618687,1.0
51011,identity,0.0,8,0,0.88,1.0,0.6392684367618687,1.0
51011,identity,0.0,9,0,0.88,1.0,0.6392684367618687,1.0
51011,identity,0.0,10,0,0.88,1.0,0.6392684367618687,1.0
51011,identity,0.0,11,0,0.88,1.0,0.6392684367618687,1.0
51011,identity,0.25,0,6,0.6,1.0,0.6383032253323178,0.9421486917453363
51011,identity,0.25,1,6,0.6,1.0,0.6383646327517146,0.9398026807148476
51011,identity,0.25,2,6,0.56,1.0,0.638001980057131,0.9382364377476266
51011,identity,0.25,3,6,0.62,1.0,0.6396902037409281,0.9482338669809134
51011,identity,0.25,4,6,0.64,1.0,0.6391388949888344,0.9355900324660135
51011,identity,0.25,5,6,0.58,1.0,0.639130691250108,0.922543055868444
51011,identity,0.25,6,6,0.64,1.0,0.6391069418482352,0.9237848812194163
51011,identity,0.25,7,6,0.54,1.0,0.6391991180430022,0.9260042110484872
51011,identity,0.25,8,6,0.68,1.0,0.6384634685549498,0.9377582496406024
51011,identity,0.25,9,6,0.66,1.0,0.6387828619488439,0.9359508293714499
51011,identity,0.25,10,6,0.7,1.0,0.6394254268242128,0.9363979853469694
51011,identity,0.25,11,6,0.68,1.0,0.6387924711442946,0.9352713937854047
51011,identity,0.5,0,12,0.4,1.0,0.6369835382653704,0.8721739849941467
51011,identity,0.5,1,12,0.42,1.0,0.6395582236687113,0.8843906395971851
51011,identity,0.5,2,12,0.28,1.0,0.6372353948146096,0.8586396400913834
51011,identity,0.5,3,12,0.38,1.0,0.6372481834936572,0.8800274746329467
51011,identity,0.5,4,12,0.36,1.0,0.6383497590043723,0.8719006453900567
51011,identity,0.5,5,12,0.34,1.0,0.6383228199426797,0.8760419938610943
51011,identity,0.5,6,12,0.42,1.0,0.6392234165957404,0.8853500848404426
51011,identity,0.5,7,12,0.42,1.0,0.6387388518823941,0.8828381824309381
51011,identity,0.5,8,12,0.38,1.0,0.6384726390752964,0.849067594535022
51011,identity,0.5,9,12,0.38,1.0,0.6392744764581865,0.8804521070390241
51011,identity,0.5,10,12,0.34,1.0,0.6386574141588303,0.8464743728328323
51011,identity,0.5,11,12,0.4,1.0,0.6387547369298759,0.8818010070727413
51011,identity,0.75,0,19,0.12,1.0,0.6342663707955143,0.7792377262130991
51011,identity,0.75,1,19,0.12,1.0,0.6386821657481108,0.7824836320429602
51011,identity,0.75,2,19,0.18,1.0,0.6389075354382113,0.7840195029080179
51011,identity,0.75,3,19,0.08,1.0,0.636002995625275,0.7855565829527346
51011,identity,0.75,4,19,0.14,1.0,0.637886761225759,0.7693651294289384
51011,identity,0.75,5,19,0.22,1.0,0.6393293639674639,0.7747979550242772
51011,identity,0.75,6,19,0.12,1.0,0.6358643003553189,0.7894873565222347
51011,identity,0.75,7,19,0.12,1.0,0.635596625399611,0.783240049146493
51011,identity,0.75,8,19,0.1,1.0,0.6373747029473745,0.7943465231039782
51011,identity,0.75,9,19,0.14,1.0,0.6375643375563231,0.7718599819742296
51011,identity,0.75,10,19,0.12,1.0,0.6357094776337725,0.7846966020211391
51011,identity,0.75,11,19,0.18,1.0,0.6392026362829528,0.7728804786195522
51011,identity,0.9,0,22,0.08,1.0,0.6370938821268508,0.7460033952240841
51011,identity,0.9,1,22,0.04,1.0,0.6358454945026744,0.7480602564264699
51011,identity,0.9,2,22,0.02,1.0,0.6346675794125458,0.7468477603579029
51011,identity,0.9,3,22,0.06,1.0,0.637499559680519,0.7496501333320568
51011,identity,0.9,4,22,0.06,1.0,0.6348974743930192,0.7502637895799285
51011,identity,0.9,5,22,0.08,1.0,0.6357650467168671,0.746730382955678
51011,identity,0.9,6,22,0.02,1.0,0.6345511302576299,0.7496215936081266
51011,identity,0.9,7,22,0.08,1.0,0.6391865272202204,0.7467583998467007
51011,identity,0.9,8,22,0.1,1.0,0.6370613932767006,0.7469764380019852
51011,identity,0.9,9,22,0.06,1.0,0.63697688690421,0.7473294083435651
51011,identity,0.9,10,22,0.06,1.0,0.6363196974724158,0.7475891022962518
51011,identity,0.9,11,22,0.06,1.0,0.6374692137857562,0.751413326605179
51012,normal,0.0,0,0,0.62,1.0,0.6799830193025869,1.0
51012,normal,0.0,1,0,0.62,1.0,0.6799830193025869,1.0
51012,normal,0.0,2,0,0.62,1.0,0.6799830193025869,1.0
51012,normal,0.0,3,0,0.62,1.0,0.6799830193025869,1.0
51012,normal,0.0,4,0,0.62,1.0,0.6799830193025869,1.0
51012,normal,0.0,5,0,0.62,1.0,0.6799830193025869,1.0
51012,normal,0.0,6,0,0.62,1.0,0.6799830193025869,1.0
51012,normal,0.0,7,0,0.62,1.0,0.6799830193025869,1.0
51012,normal,0.0,8,0,0.62,1.0,0.6799830193025869,1.0
51012,normal,0.0,9,0,0.62,1.0,0.6799830193025869,1.0
51012,normal,0.0,10,0,0.62,1.0,0.6799830193025869,1.0
51012,normal,0.0,11,0,0.62,1.0,0.6799830193025869,1.0
51012,normal,0.25,0,6,0.36,1.0,0.6703927744483386,0.8461888684098521
51012,normal,0.25,1,6,0.4,1.0,0.6794103831833433,0.8470025775115946
51012,normal,0.25,2,6,0.58,1.0,0.6769306548301813,0.8188905113230694
51012,normal,0.25,3,6,0.44,1.0,0.6701208818913611,0.7971879797900308
51012,normal,0.25,4,6,0.36,1.0,0.6786635941023743,0.8267357151423347
51012,normal,0.25,5,6,0.2,1.0,0.6692894318489467,0.8524964692654946
51012,normal,0.25,6,6,0.24,1.0,0.6783315246928038,0.8244135991206768
51012,normal,0.25,7,6,0.48,1.0,0.6799899198079646,0.8592721571749249
51012,normal,0.25,8,6,0.38,1.0,0.679990963193519,0.813186710713093
51012,normal,0.25,9,6,0.36,1.0,0.679960921927655,0.7973443622751973
51012,normal,0.25,10,6,0.34,1.0,0.6705056966102341,0.8036390321377165
51012,normal,0.25,11,6,0.38,1.0,0.6799880002845464,0.8197085625398043
51012,normal,0.5,0,12,0.2,1.0,0.6782427581158674,0.7122567052407252
51012,normal,0.5,1,12,0.16,1.0,0.6799971986535911,0.7196324225171682
51012,normal,0.5,2,12,0.24,1.0,0.6797465739348963,0.72326906034788
51012,normal,0.5,3,12,0.26,1.0,0.6797819490398135,0.7055491110182618
51012,normal,0.5,4,12,0.3,1.0,0.6783902864723195,0.7503317040744105
51012,normal,0.5,5,12,0.14,1.0,0.6799975746352164,0.727292151340496
51012,normal,0.5,6,12,0.28,1.0,0.6793065657914567,0.7296596337908727
51012,normal,0.5,7,12,0.28,1.0,0.6799920278169458,0.7240941645978193
51012,normal,0.5,8,12,0.22,1.0,0.6768569284339381,0.7252728453686728
51012,normal,0.5,9,12,0.18,1.0,0.6797935741960798,0.7251035614721084
51012,normal,0.5,10,12,0.26,1.0,0.6790242191432931,0.7501648112944446
51012,normal,0.5,11,12,0.24,1.0,0.6783489157840364,0.7039622839739167
51012,normal,0.75,0,19,0.08,1.0,0.6799995474424372,0.6442323898730771
51012,normal,0.75,1,19,0.1,1.0,0.6799351321348763,0.6172228509244555
51012,normal,0.75,2,19,0.14,1.0,0.6799961368869519,0.6584046061230364
51012,normal,0.75,3,19,0.1,1.0,0.6799999215083541,0.6990947324243726
51012,normal,0.75,4,19,0.12,1.0,0.6799273817220569,0.629735978962762
51012,normal,0.75,5,19,0.12,1.0,0.6779583532241102,0.6435846362352232
51012,normal,0.75,6,19,0.1,1.0,0.6797169075731153,0.6745217507056627
51012,normal,0.75,7,19,0.06,1.0,0.6722043671634654,0.6004892933712742
51012,normal,0.75,8,19,0.14,1.0,0.6799430249783361,0.6529953352503577
51012,normal,0.75,9,19,0.14,1.0,0.6792583041540041,0.645922572867572
51012,normal,0.75,10,19,0.16,1.0,0.6799351881514377,0.6397725506579832
51012,normal,0.75,11,19,0.08,1.0,0.6799994488481519,0.5992592011792918
51012,normal,0.9,0,22,0.1,1.0,0.6799976259615298,0.639877167655705
51012,normal,0.9,1,22,0.14,1.0,0.6799791330041846,0.6285059350457687
51012,normal,0.9,2,22,0.06,1.0,0.6799999303190247,0.6347913868858378
51012,normal,0.9,3,22,0.08,1.0,0.6799984147363116,0.629533720617333
51012,normal,0.9,4,22,0.04,1.0,0.6799999463606972,0.6089286849797649
51012,normal,0.9,5,22,0.06,1.0,0.6796113480550332,0.6004966031326758
51012,normal,0.9,6,22,0.06,1.0,0.6799987084028948,0.6333046036222622
51012,normal,0.9,7,22,0.08,1.0,0.6799997639106132,0.6221339424139738
51012,normal,0.9,8,22,0.1,1.0,0.6797190807672263,0.6183421072467896
51012,normal,0.9,9,22,0.04,1.0,0.6799950127298031,0.6100256495804789
51012,normal,0.9,10,22,0.08,1.0,0.6799998986319671,0.5898152844295665
51012,normal,0.9,11,22,0.08,1.0,0.6799978629035567,0.6188958468171019
51012,shuffled,0.0,0,0,0.74,1.0,0.6762847772362786,1.0
51012,shuffled,0.0,1,0,0.74,1.0,0.6762847772362786,1.0
51012,shuffled,0.0,2,0,0.74,1.0,0.6762847772362786,1.0
51012,shuffled,0.0,3,0,0.74,1.0,0.6762847772362786,1.0
51012,shuffled,0.0,4,0,0.74,1.0,0.6762847772362786,1.0
51012,shuffled,0.0,5,0,0.74,1.0,0.6762847772362786,1.0
51012,shuffled,0.0,6,0,0.74,1.0,0.6762847772362786,1.0
51012,shuffled,0.0,7,0,0.74,1.0,0.6762847772362786,1.0
51012,shuffled,0.0,8,0,0.74,1.0,0.6762847772362786,1.0
51012,shuffled,0.0,9,0,0.74,1.0,0.6762847772362786,1.0
51012,shuffled,0.0,10,0,0.74,1.0,0.6762847772362786,1.0
51012,shuffled,0.0,11,0,0.74,1.0,0.6762847772362786,1.0
51012,shuffled,0.25,0,6,0.52,1.0,0.6781257411333663,0.8210068035376509
51012,shuffled,0.25,1,6,0.5,1.0,0.6734561003101472,0.8300761644178647
51012,shuffled,0.25,2,6,0.5,1.0,0.678854003263707,0.8254084902463685
51012,shuffled,0.25,3,6,0.5,1.0,0.6781370226663451,0.8367643055443379
51012,shuffled,0.25,4,6,0.44,1.0,0.6725520732535191,0.7876189444109533
51012,shuffled,0.25,5,6,0.48,1.0,0.6762170509434222,0.8231233987677481
51012,shuffled,0.25,6,6,0.46,1.0,0.6790677676384028,0.8242630912602442
51012,shuffled,0.25,7,6,0.58,1.0,0.6797032201274621,0.8066820670312228
51012,shuffled,0.25,8,6,0.36,1.0,0.679982316231873,0.8134560344540462
51012,shuffled,0.25,9,6,0.46,1.0,0.6797392837115064,0.7941859018218557
51012,shuffled,0.25,10,6,0.56,1.0,0.6799726305512381,0.835643994511204
51012,shuffled,0.25,11,6,0.4,1.0,0.6792362643643887,0.7868336620254963
51012,shuffled,0.5,0,12,0.3,1.0,0.6775203475364929,0.6995232892675414
51012,shuffled,0.5,1,12,0.36,1.0,0.6799282442666201,0.7313359258619816
51012,shuffled,0.5,2,12,0.2,1.0,0.6792424140280283,0.6849833222232858
51012,shuffled,0.5,3,12,0.3,1.0,0.6799964022549889,0.6847347435219686
51012,shuffled,0.5,4,12,0.2,1.0,0.6799396497026423,0.7045677460605859
51012,shuffled,0.5,5,12,0.3,1.0,0.6781858268747624,0.7254137464617944
51012,shuffled,0.5,6,12,0.28,1.0,0.6778055447499963,0.6792377252606507
51012,shuffled,0.5,7,12,0.28,1.0,0.67558478926749,0.6757027461615773
51012,shuffled,0.5,8,12,0.22,1.0,0.6799912351651823,0.6890481260196222
51012,shuffled,0.5,9,12,0.26,1.0,0.676482340988789,0.7127305045150284
51012,shuffled,0.5,10,12,0.32,1.0,0.6799913664913791,0.6317154495922342
51012,shuffled,0.5,11,12,0.46,1.0,0.6799585491301575,0.7287577821588406
51012,shuffled,0.75,0,19,0.2,1.0,0.6799733082054599,0.5796895187022426
51012,shuffled,0.75,1,19,0.14,1.0,0.6789065877736107,0.6041911967001478
51012,shuffled,0.75,2,19,0.1,1.0,0.6797350173899694,0.5629245961898237
51012,shuffled,0.75,3,19,0.16,1.0,0.6799385340654109,0.5991267235373576
51012,shuffled,0.75,4,19,0.08,1.0,0.6799488943179225,0.564567156011281
51012,shuffled,0.75,5,19,0.12,1.0,0.6799986257803705,0.601017189743345
51012,shuffled,0.75,6,19,0.1,1.0,0.6781225518218451,0.5954919263115729
51012,shuffled,0.75,7,19,0.12,1.0,0.6799998039329873,0.5742694507409805
51012,shuffled,0.75,8,19,0.12,1.0,0.679999930512891,0.5796988011646307
51012,shuffled,0.75,9,19,0.16,1.0,0.6799987013971142,0.5745493273078317
51012,shuffled,0.75,10,19,0.12,1.0,0.6783335111767346,0.6144313902896384
51012,shuffled,0.75,11,19,0.14,1.0,0.6799352573008676,0.594058351721295
51012,shuffled,0.9,0,22,0.08,1.0,0.679999983319233,0.5578138154142118
51012,shuffled,0.9,1,22,0.08,1.0,0.6799301501748364,0.5154408029754578
51012,shuffled,0.9,2,22,0.1,1.0,0.6799996612413339,0.5509010419393185
51012,shuffled,0.9,3,22,0.08,1.0,0.6799668655345059,0.5318412389596966
51012,shuffled,0.9,4,22,0.1,1.0,0.6799925218424313,0.5344036135113253
51012,shuffled,0.9,5,22,0.04,1.0,0.6799988613544008,0.5492598326775869
51012,shuffled,0.9,6,22,0.08,1.0,0.6799827694074199,0.543875039890402
51012,shuffled,0.9,7,22,0.1,1.0,0.6799996608793694,0.5485296694264862
51012,shuffled,0.9,8,22,0.08,1.0,0.6799929157606194,0.5478614030770381
51012,shuffled,0.9,9,22,0.06,1.0,0.6799998636506761,0.5241445464374026
51012,shuffled,0.9,10,22,0.06,1.0,0.6799999456938273,0.5154991342875161
51012,shuffled,0.9,11,22,0.08,1.0,0.6799912228394862,0.5250022105738883
51012,dense,0.0,0,0,0.02,0.5,0.11675851782622827,0.9999999999999999
51012,dense,0.0,1,0,0.02,0.5,0.11675851782622827,0.9999999999999999
51012,dense,0.0,2,0,0.02,0.5,0.11675851782622827,0.9999999999999999
51012,dense,0.0,3,0,0.02,0.5,0.11675851782622827,0.9999999999999999
51012,dense,0.0,4,0,0.02,0.5,0.11675851782622827,0.9999999999999999
51012,dense,0.0,5,0,0.02,0.5,0.11675851782622827,0.9999999999999999
51012,dense,0.0,6,0,0.02,0.5,0.11675851782622827,0.9999999999999999
51012,dense,0.0,7,0,0.02,0.5,0.11675851782622827,0.9999999999999999
51012,dense,0.0,8,0,0.02,0.5,0.11675851782622827,0.9999999999999999
51012,dense,0.0,9,0,0.02,0.5,0.11675851782622827,0.9999999999999999
51012,dense,0.0,10,0,0.02,0.5,0.11675851782622827,0.9999999999999999
51012,dense,0.0,11,0,0.02,0.5,0.11675851782622827,0.9999999999999999
51012,dense,0.25,0,6,0.02,0.5,0.11675851782622827,0.9999999999999999
51012,dense,0.25,1,6,0.02,0.5,0.11675851782622827,0.9999999999999999
51012,dense,0.25,2,6,0.02,0.5,0.11675851782622827,0.9999999999999999
51012,dense,0.25,3,6,0.02,0.5,0.11675851782622827,0.9999999999999999
51012,dense,0.25,4,6,0.02,0.5,0.11675851782622827,0.9999999999999999
51012,dense,0.25,5,6,0.02,0.5,0.11675851782622827,0.9999999999999999
51012,dense,0.25,6,6,0.02,0.5,0.11675851782622827,0.9999999999999999
51012,dense,0.25,7,6,0.02,0.5,0.11675851782622827,0.9999999999999999
51012,dense,0.25,8,6,0.02,0.5,0.11675851782622827,0.9999999999999999
51012,dense,0.25,9,6,0.02,0.5,0.11675851782622827,0.9999999999999999
51012,dense,0.25,10,6,0.02,0.5,0.11675851782622827,0.9999999999999999
51012,dense,0.25,11,6,0.02,0.5,0.11675851782622827,0.9999999999999999
51012,dense,0.5,0,12,0.02,0.5,0.11675851782622827,0.9999999999999999
51012,dense,0.5,1,12,0.02,0.5,0.11675851782622827,0.9999999999999999
51012,dense,0.5,2,12,0.02,0.5,0.11675851782622827,0.9999999999999999
51012,dense,0.5,3,12,0.02,0.5,0.11675851782622827,0.9999999999999999
51012,dense,0.5,4,12,0.02,0.5,0.11675851782622827,0.9999999999999999
51012,dense,0.5,5,12,0.02,0.5,0.11675851782622827,0.9999999999999999
51012,dense,0.5,6,12,0.02,0.5,0.11675851782622827,0.9999999999999999
51012,dense,0.5,7,12,0.02,0.5,0.11675851782622827,0.9999999999999999
51012,dense,0.5,8,12,0.02,0.5,0.11675851782622827,0.9999999999999999
51012,dense,0.5,9,12,0.02,0.5,0.11675851782622827,0.9999999999999999
51012,dense,0.5,10,12,0.02,0.5,0.11675851782622827,0.9999999999999999
51012,dense,0.5,11,12,0.02,0.5,0.11675851782622827,0.9999999999999999
51012,dense,0.75,0,19,0.02,0.5,0.11675851782622827,0.9999999999999999
51012,dense,0.75,1,19,0.02,0.5,0.11675851782622827,0.9999999999999999
51012,dense,0.75,2,19,0.02,0.5,0.11675851782622827,0.9999999999999999
51012,dense,0.75,3,19,0.02,0.5,0.11675851782622827,0.9999999999999999
51012,dense,0.75,4,19,0.02,0.5,0.11675851782622827,0.9999999999999999
51012,dense,0.75,5,19,0.02,0.5,0.11675851782622827,0.9999999999999999
51012,dense,0.75,6,19,0.02,0.5,0.11675851782622827,0.9999999999999999
51012,dense,0.75,7,19,0.02,0.5,0.11675851782622827,0.9999999999999999
51012,dense,0.75,8,19,0.02,0.5,0.11675851782622827,0.9999999999999999
51012,dense,0.75,9,19,0.02,0.5,0.11675851782622827,0.9999999999999999
51012,dense,0.75,10,19,0.02,0.5,0.11675851782622827,0.9999999999999999
51012,dense,0.75,11,19,0.02,0.5,0.11675851782622827,0.9999999999999999
51012,dense,0.9,0,22,0.02,0.5,0.11675851782622827,0.9999999999999999
51012,dense,0.9,1,22,0.02,0.5,0.11675851782622827,0.9999999999999999
51012,dense,0.9,2,22,0.02,0.5,0.11675851782622827,0.9999999999999999
51012,dense,0.9,3,22,0.02,0.5,0.11675851782622827,0.9999999999999999
51012,dense,0.9,4,22,0.02,0.5,0.11675851782622827,0.9999999999999999
51012,dense,0.9,5,22,0.02,0.5,0.11675851782622827,0.9999999999999999
51012,dense,0.9,6,22,0.02,0.5,0.11675851782622827,0.9999999999999999
51012,dense,0.9,7,22,0.02,0.5,0.11675851782622827,0.9999999999999999
51012,dense,0.9,8,22,0.02,0.5,0.11675851782622827,0.9999999999999999
51012,dense,0.9,9,22,0.02,0.5,0.11675851782622827,0.9999999999999999
51012,dense,0.9,10,22,0.02,0.5,0.11675851782622827,0.9999999999999999
51012,dense,0.9,11,22,0.02,0.5,0.11675851782622827,0.9999999999999999
51012,identity,0.0,0,0,0.84,1.0,0.6799745069282679,1.0
51012,identity,0.0,1,0,0.84,1.0,0.6799745069282679,1.0
51012,identity,0.0,2,0,0.84,1.0,0.6799745069282679,1.0
51012,identity,0.0,3,0,0.84,1.0,0.6799745069282679,1.0
51012,identity,0.0,4,0,0.84,1.0,0.6799745069282679,1.0
51012,identity,0.0,5,0,0.84,1.0,0.6799745069282679,1.0
51012,identity,0.0,6,0,0.84,1.0,0.6799745069282679,1.0
51012,identity,0.0,7,0,0.84,1.0,0.6799745069282679,1.0
51012,identity,0.0,8,0,0.84,1.0,0.6799745069282679,1.0
51012,identity,0.0,9,0,0.84,1.0,0.6799745069282679,1.0
51012,identity,0.0,10,0,0.84,1.0,0.6799745069282679,1.0
51012,identity,0.0,11,0,0.84,1.0,0.6799745069282679,1.0
51012,identity,0.25,0,6,0.68,1.0,0.679917439279999,0.9459380918723261
51012,identity,0.25,1,6,0.62,1.0,0.679851029849626,0.9406587978730684
51012,identity,0.25,2,6,0.66,1.0,0.6778255718496676,0.926545406364709
51012,identity,0.25,3,6,0.76,1.0,0.679968317975583,0.947318101382018
51012,identity,0.25,4,6,0.74,1.0,0.6799150379157933,0.9260669914299665
51012,identity,0.25,5,6,0.74,1.0,0.6789374086854465,0.9456820489877518
51012,identity,0.25,6,6,0.56,1.0,0.6794960176251934,0.9316034977262185
51012,identity,0.25,7,6,0.62,1.0,0.6793348475867893,0.9453650316211286
51012,identity,0.25,8,6,0.82,1.0,0.6797809985055442,0.9364079873025843
51012,identity,0.25,9,6,0.74,1.0,0.6799783599919302,0.9359615920893226
51012,identity,0.25,10,6,0.6,1.0,0.6799647002206768,0.9350162153422249
51012,identity,0.25,11,6,0.58,1.0,0.6799255982147394,0.9249523939751377
51012,identity,0.5,0,12,0.34,1.0,0.6796978313798246,0.8695521123993132
51012,identity,0.5,1,12,0.18,1.0,0.6755300922834028,0.8647039424814932
51012,identity,0.5,2,12,0.44,1.0,0.6798320949056011,0.8737575342428984
51012,identity,0.5,3,12,0.46,1.0,0.6795592473295298,0.8611333872305871
51012,identity,0.5,4,12,0.36,1.0,0.6796017475485118,0.8672322753005424
51012,identity,0.5,5,12,0.44,1.0,0.6797607563531153,0.882702698684474
51012,identity,0.5,6,12,0.2,1.0,0.6789431516871918,0.8684736727513317
51012,identity,0.5,7,12,0.3,1.0,0.6787225271786639,0.8717153629994621
51012,identity,0.5,8,12,0.4,1.0,0.6798216196087918,0.8743754025856394
51012,identity,0.5,9,12,0.42,1.0,0.6799356920550587,0.8650326578169191
51012,identity,0.5,10,12,0.54,1.0,0.6795350604622081,0.8745617262792067
51012,identity,0.5,11,12,0.44,1.0,0.6793477477153462,0.8690197740504004
51012,identity,0.75,0,19,0.12,1.0,0.6790974348314895,0.7861376038547837
51012,identity,0.75,1,19,0.22,1.0,0.6796963202758286,0.7745499986830151
51012,identity,0.75,2,19,0.14,1.0,0.6793799400924033,0.7874099151047008
51012,identity,0.75,3,19,0.1,1.0,0.6790130154201965,0.7822544596062363
51012,identity,0.75,4,19,0.1,1.0,0.6753413534076614,0.7825950855972807
51012,identity,0.75,5,19,0.1,1.0,0.6783852556706154,0.7887488064084771
51012,identity,0.75,6,19,0.18,1.0,0.6791490973986716,0.7770732671097461
51012,identity,0.75,7,19,0.12,1.0,0.6757951984443328,0.7722562546798504
51012,identity,0.75,8,19,0.12,1.0,0.6758365958731996,0.7783981774736074
51012,identity,0.75,9,19,0.14,1.0,0.6781898970254443,0.7864625738375175
51012,identity,0.75,10,19,0.1,1.0,0.6791258640812913,0.7756083666574045
51012,identity,0.75,11,19,0.18,1.0,0.6796259499735765,0.7698922643039601
51012,identity,0.9,0,22,0.06,1.0,0.677690590252001,0.7542378221404052
51012,identity,0.9,1,22,0.08,1.0,0.6791396936422263,0.7526700240106671
51012,identity,0.9,2,22,0.08,1.0,0.6788389972528054,0.7522794333573782
51012,identity,0.9,3,22,0.08,1.0,0.6779859101898492,0.7520891388246673
51012,identity,0.9,4,22,0.04,1.0,0.6773544649841219,0.7539629173246324
51012,identity,0.9,5,22,0.12,1.0,0.6784278119921643,0.7547379200495787
51012,identity,0.9,6,22,0.1,1.0,0.6782640593729776,0.7555679941641971
51012,identity,0.9,7,22,0.08,1.0,0.6781294947159602,0.7578145353398146
51012,identity,0.9,8,22,0.04,1.0,0.6759312718374813,0.7546627964694705
51012,identity,0.9,9,22,0.04,1.0,0.676291724021122,0.7527730820700349
51012,identity,0.9,10,22,0.04,1.0,0.6778940801388138,0.7525546939061851
51012,identity,0.9,11,22,0.12,1.0,0.6789305882578893,0.7562529563372309
51013,normal,0.0,0,0,0.58,1.0,0.6599969428578711,1.0
51013,normal,0.0,1,0,0.58,1.0,0.6599969428578711,1.0
51013,normal,0.0,2,0,0.58,1.0,0.6599969428578711,1.0
51013,normal,0.0,3,0,0.58,1.0,0.6599969428578711,1.0
51013,normal,0.0,4,0,0.58,1.0,0.6599969428578711,1.0
51013,normal,0.0,5,0,0.58,1.0,0.6599969428578711,1.0
51013,normal,0.0,6,0,0.58,1.0,0.6599969428578711,1.0
51013,normal,0.0,7,0,0.58,1.0,0.6599969428578711,1.0
51013,normal,0.0,8,0,0.58,1.0,0.6599969428578711,1.0
51013,normal,0.0,9,0,0.58,1.0,0.6599969428578711,1.0
51013,normal,0.0,10,0,0.58,1.0,0.6599969428578711,1.0
51013,normal,0.0,11,0,0.58,1.0,0.6599969428578711,1.0
51013,normal,0.25,0,6,0.38,1.0,0.6599909169350698,0.8785008177239884
51013,normal,0.25,1,6,0.44,1.0,0.6599946010831711,0.8528043389713479
51013,normal,0.25,2,6,0.36,1.0,0.6599990480966629,0.8596053765847184
51013,normal,0.25,3,6,0.36,1.0,0.6587984499564941,0.8626550144466401
51013,normal,0.25,4,6,0.36,1.0,0.6599955388101076,0.8679236857885256
51013,normal,0.25,5,6,0.38,1.0,0.6599958375954933,0.8670716886430635
51013,normal,0.25,6,6,0.34,1.0,0.6599991132429285,0.8670622569887081
51013,normal,0.25,7,6,0.32,1.0,0.6593116564089189,0.8749402433038128
51013,normal,0.25,8,6,0.44,1.0,0.6599978904514013,0.8883612898564002
51013,normal,0.25,9,6,0.36,1.0,0.6599994563064187,0.879403819550822
51013,normal,0.25,10,6,0.52,1.0,0.659987203254764,0.8640347282427361
51013,normal,0.25,11,6,0.32,1.0,0.6599561502291539,0.8568568511520601
51013,normal,0.5,0,12,0.26,1.0,0.657681147224868,0.7516351822105756
51013,normal,0.5,1,12,0.5,1.0,0.6558933799502651,0.7941419477537504
51013,normal,0.5,2,12,0.22,1.0,0.6599888387736047,0.7718065361484076
51013,normal,0.5,3,12,0.24,1.0,0.65999915059697,0.779187491415519
51013,normal,0.5,4,12,0.24,1.0,0.6599760193376418,0.7377625635744613
51013,normal,0.5,5,12,0.18,1.0,0.6599998431104297,0.7612009025586928
51013,normal,0.5,6,12,0.22,1.0,0.6594984179207978,0.7415544656465193
51013,normal,0.5,7,12,0.3,1.0,0.6599976015982179,0.790089390350823
51013,normal,0.5,8,12,0.24,1.0,0.6599984164252318,0.7819595167908396
51013,normal,0.5,9,12,0.18,1.0,0.659998065334943,0.7614715873862893
51013,normal,0.5,10,12,0.26,1.0,0.6596876289052624,0.7454782831637796
51013,normal,0.5,11,12,0.36,1.0,0.6580068301166917,0.7349574852971777
51013,normal,0.75,0,19,0.06,1.0,0.6599997687514226,0.6619057375391597
51013,normal,0.75,1,19,0.12,1.0,0.6599997492173857,0.6432886138916055
51013,normal,0.75,2,19,0.12,1.0,0.6599995725189859,0.6619047076995969
51013,normal,0.75,3,19,0.08,1.0,0.659999677747364,0.6370577597059704
51013,normal,0.75,4,19,0.12,1.0,0.6599963211810297,0.6961377532126848
51013,normal,0.75,5,19,0.12,1.0,0.6599981402744965,0.650174336994627
51013,normal,0.75,6,19,0.1,1.0,0.6599997760674025,0.6482328714333847
51013,normal,0.75,7,19,0.06,1.0,0.6599992319893755,0.6583685273465941
51013,normal,0.75,8,19,0.08,1.0,0.6599990055585857,0.6906002089911185
51013,normal,0.75,9,19,0.06,1.0,0.659998973699578,0.6555494645012064
51013,normal,0.75,10,19,0.1,1.0,0.6596285347233578,0.6371916519950325
51013,normal,0.75,11,19,0.06,1.0,0.6599881962215113,0.6455445971584325
51013,normal,0.9,0,22,0.06,1.0,0.6599998802422681,0.6390177534501916
51013,normal,0.9,1,22,0.1,1.0,0.6599956321517962,0.61553594276278
51013,normal,0.9,2,22,0.04,1.0,0.6599475216089972,0.6192872867351707
51013,normal,0.9,3,22,0.06,1.0,0.6599998787541019,0.6353570252147859
51013,normal,0.9,4,22,0.04,1.0,0.6599997933408147,0.6524324962083564
51013,normal,0.9,5,22,0.08,1.0,0.6599998494779845,0.6453432867256105
51013,normal,0.9,6,22,0.08,1.0,0.6599998621088958,0.6579474829804522
51013,normal,0.9,7,22,0.06,1.0,0.659999732057246,0.6267788451347689
51013,normal,0.9,8,22,0.08,1.0,0.6599998334340543,0.5883377021359549
51013,normal,0.9,9,22,0.1,1.0,0.6599995895338625,0.6567649302511753
51013,normal,0.9,10,22,0.06,1.0,0.6599998648743941,0.6235762203281999
51013,normal,0.9,11,22,0.14,1.0,0.6599996124544522,0.6554005419372101
51013,shuffled,0.0,0,0,0.6,1.0,0.6593592222418195,1.0
51013,shuffled,0.0,1,0,0.6,1.0,0.6593592222418195,1.0
51013,shuffled,0.0,2,0,0.6,1.0,0.6593592222418195,1.0
51013,shuffled,0.0,3,0,0.6,1.0,0.6593592222418195,1.0
51013,shuffled,0.0,4,0,0.6,1.0,0.6593592222418195,1.0
51013,shuffled,0.0,5,0,0.6,1.0,0.6593592222418195,1.0
51013,shuffled,0.0,6,0,0.6,1.0,0.6593592222418195,1.0
51013,shuffled,0.0,7,0,0.6,1.0,0.6593592222418195,1.0
51013,shuffled,0.0,8,0,0.6,1.0,0.6593592222418195,1.0
51013,shuffled,0.0,9,0,0.6,1.0,0.6593592222418195,1.0
51013,shuffled,0.0,10,0,0.6,1.0,0.6593592222418195,1.0
51013,shuffled,0.0,11,0,0.6,1.0,0.6593592222418195,1.0
51013,shuffled,0.25,0,6,0.44,1.0,0.6599753061076763,0.8743071656716783
51013,shuffled,0.25,1,6,0.4,1.0,0.6597919581338596,0.8650439640338858
51013,shuffled,0.25,2,6,0.4,1.0,0.6599794597514358,0.8434517292543322
51013,shuffled,0.25,3,6,0.36,1.0,0.6593555090921034,0.8912918406664907
51013,shuffled,0.25,4,6,0.34,1.0,0.6593144715554469,0.8246253100113117
51013,shuffled,0.25,5,6,0.3,1.0,0.6448968012296712,0.868911137921284
51013,shuffled,0.25,6,6,0.42,1.0,0.6592714588370555,0.8799101579320796
51013,shuffled,0.25,7,6,0.46,1.0,0.6591347766283627,0.8628149483510529
51013,shuffled,0.25,8,6,0.34,1.0,0.6599540497159131,0.8446639184027056
51013,shuffled,0.25,9,6,0.38,1.0,0.6599933148661654,0.8673679820157554
51013,shuffled,0.25,10,6,0.42,1.0,0.6596353552044598,0.8870899476296565
51013,shuffled,0.25,11,6,0.42,1.0,0.6599038069940444,0.8743766506848613
51013,shuffled,0.5,0,12,0.2,1.0,0.6446569697437943,0.732116346287501
51013,shuffled,0.5,1,12,0.18,1.0,0.6599830442397138,0.7727469798020298
51013,shuffled,0.5,2,12,0.26,1.0,0.6599746187655466,0.756132672894536
51013,shuffled,0.5,3,12,0.16,1.0,0.6599901773860155,0.7480438599260233
51013,shuffled,0.5,4,12,0.28,1.0,0.6589575905357441,0.7217389388647775
51013,shuffled,0.5,5,12,0.16,1.0,0.6599964800725986,0.7483007184707421
51013,shuffled,0.5,6,12,0.18,1.0,0.6599985400147051,0.7706207094247678
51013,shuffled,0.5,7,12,0.24,1.0,0.6599966168149861,0.7564600972041126
51013,shuffled,0.5,8,12,0.32,1.0,0.6586439185632181,0.7492469181810791
51013,shuffled,0.5,9,12,0.28,1.0,0.6599990851883608,0.7848935921726431
51013,shuffled,0.5,10,12,0.34,1.0,0.6599934261151245,0.7589598416477504
51013,shuffled,0.5,11,12,0.2,1.0,0.6599685374682218,0.7612378680463375
51013,shuffled,0.75,0,19,0.14,1.0,0.6599988355259486,0.6586326030725356
51013,shuffled,0.75,1,19,0.06,1.0,0.6599974972761067,0.6222366133204335
51013,shuffled,0.75,2,19,0.1,1.0,0.6599919457897506,0.6887236522408441
51013,shuffled,0.75,3,19,0.16,1.0,0.6599567656462707,0.6864865943518018
51013,shuffled,0.75,4,19,0.14,1.0,0.6599984173162546,0.6977603538333754
51013,shuffled,0.75,5,19,0.1,1.0,0.6599982451332406,0.6470982643449922
51013,shuffled,0.75,6,19,0.08,1.0,0.6599969849791338,0.6485410454604177
51013,shuffled,0.75,7,19,0.14,1.0,0.6599721785845597,0.6899999027028118
51013,shuffled,0.75,8,19,0.2,1.0,0.6599986776579478,0.683731403690712
51013,shuffled,0.75,9,19,0.08,1.0,0.6570010969592001,0.6416871894503384
51013,shuffled,0.75,10,19,0.08,1.0,0.6599994713301806,0.6802757814896191
51013,shuffled,0.75,11,19,0.08,1.0,0.6598361235680504,0.6459898862462339
51013,shuffled,0.9,0,22,0.06,1.0,0.6599467744143559,0.6476439003992625
51013,shuffled,0.9,1,22,0.1,1.0,0.6599340983709985,0.6606928332056087
51013,shuffled,0.9,2,22,0.06,1.0,0.6599988452420413,0.6404038528009761
51013,shuffled,0.9,3,22,0.06,1.0,0.6599979292113133,0.630388528951293
51013,shuffled,0.9,4,22,0.08,1.0,0.6599981013595325,0.6405472875970482
51013,shuffled,0.9,5,22,0.04,1.0,0.6599983450979565,0.644499160487641
51013,shuffled,0.9,6,22,0.06,1.0,0.6599974323394872,0.648487397189525
51013,shuffled,0.9,7,22,0.04,1.0,0.6599963213108918,0.6467090933119336
51013,shuffled,0.9,8,22,0.08,1.0,0.6599965992594161,0.6194279162218713
51013,shuffled,0.9,9,22,0.04,1.0,0.6599281593865175,0.6392565475445346
51013,shuffled,0.9,10,22,0.06,1.0,0.6599986744122858,0.6174787585793298
51013,shuffled,0.9,11,22,0.04,1.0,0.6599896519531407,0.6360952887943002
51013,dense,0.0,0,0,0.02,0.5,0.12615346962813193,0.9999999999999999
51013,dense,0.0,1,0,0.02,0.5,0.12615346962813193,0.9999999999999999
51013,dense,0.0,2,0,0.02,0.5,0.12615346962813193,0.9999999999999999
51013,dense,0.0,3,0,0.02,0.5,0.12615346962813193,0.9999999999999999
51013,dense,0.0,4,0,0.02,0.5,0.12615346962813193,0.9999999999999999
51013,dense,0.0,5,0,0.02,0.5,0.12615346962813193,0.9999999999999999
51013,dense,0.0,6,0,0.02,0.5,0.12615346962813193,0.9999999999999999
51013,dense,0.0,7,0,0.02,0.5,0.12615346962813193,0.9999999999999999
51013,dense,0.0,8,0,0.02,0.5,0.12615346962813193,0.9999999999999999
51013,dense,0.0,9,0,0.02,0.5,0.12615346962813193,0.9999999999999999
51013,dense,0.0,10,0,0.02,0.5,0.12615346962813193,0.9999999999999999
51013,dense,0.0,11,0,0.02,0.5,0.12615346962813193,0.9999999999999999
51013,dense,0.25,0,6,0.02,0.5,0.12615346962813193,0.9999999999999999
51013,dense,0.25,1,6,0.02,0.5,0.12615346962813193,0.9999999999999999
51013,dense,0.25,2,6,0.02,0.5,0.12615346962813193,0.9999999999999999
51013,dense,0.25,3,6,0.02,0.5,0.12615346962813193,0.9999999999999999
51013,dense,0.25,4,6,0.02,0.5,0.12615346962813193,0.9999999999999999
51013,dense,0.25,5,6,0.02,0.5,0.12615346962813193,0.9999999999999999
51013,dense,0.25,6,6,0.02,0.5,0.12615346962813193,0.9999999999999999
51013,dense,0.25,7,6,0.02,0.5,0.12615346962813193,0.9999999999999999
51013,dense,0.25,8,6,0.02,0.5,0.12615346962813193,0.9999999999999999
51013,dense,0.25,9,6,0.02,0.5,0.12615346962813193,0.9999999999999999
51013,dense,0.25,10,6,0.02,0.5,0.12615346962813193,0.9999999999999999
51013,dense,0.25,11,6,0.02,0.5,0.12615346962813193,0.9999999999999999
51013,dense,0.5,0,12,0.02,0.5,0.12615346962813193,0.9999999999999999
51013,dense,0.5,1,12,0.02,0.5,0.12615346962813193,0.9999999999999999
51013,dense,0.5,2,12,0.02,0.5,0.12615346962813193,0.9999999999999999
51013,dense,0.5,3,12,0.02,0.5,0.12615346962813193,0.9999999999999999
51013,dense,0.5,4,12,0.02,0.5,0.12615346962813193,0.9999999999999999
51013,dense,0.5,5,12,0.02,0.5,0.12615346962813193,0.9999999999999999
51013,dense,0.5,6,12,0.02,0.5,0.12615346962813193,0.9999999999999999
51013,dense,0.5,7,12,0.02,0.5,0.12615346962813193,0.9999999999999999
51013,dense,0.5,8,12,0.02,0.5,0.12615346962813193,0.9999999999999999
51013,dense,0.5,9,12,0.02,0.5,0.12615346962813193,0.9999999999999999
51013,dense,0.5,10,12,0.02,0.5,0.12615346962813193,0.9999999999999999
51013,dense,0.5,11,12,0.02,0.5,0.12615346962813193,0.9999999999999999
51013,dense,0.75,0,19,0.02,0.5,0.12615346962813193,0.9999999999999999
51013,dense,0.75,1,19,0.02,0.5,0.12615346962813193,0.9999999999999999
51013,dense,0.75,2,19,0.02,0.5,0.12615346962813193,0.9999999999999999
51013,dense,0.75,3,19,0.02,0.5,0.12615346962813193,0.9999999999999999
51013,dense,0.75,4,19,0.02,0.5,0.12615346962813193,0.9999999999999999
51013,dense,0.75,5,19,0.02,0.5,0.12615346962813193,0.9999999999999999
51013,dense,0.75,6,19,0.02,0.5,0.12615346962813193,0.9999999999999999
51013,dense,0.75,7,19,0.02,0.5,0.12615346962813193,0.9999999999999999
51013,dense,0.75,8,19,0.02,0.5,0.12615346962813193,0.9999999999999999
51013,dense,0.75,9,19,0.02,0.5,0.12615346962813193,0.9999999999999999
51013,dense,0.75,10,19,0.02,0.5,0.12615346962813193,0.9999999999999999
51013,dense,0.75,11,19,0.02,0.5,0.12615346962813193,0.9999999999999999
51013,dense,0.9,0,22,0.02,0.5,0.12615346962813193,0.9999999999999999
51013,dense,0.9,1,22,0.02,0.5,0.12615346962813193,0.9999999999999999
51013,dense,0.9,2,22,0.02,0.5,0.12615346962813193,0.9999999999999999
51013,dense,0.9,3,22,0.02,0.5,0.12615346962813193,0.9999999999999999
51013,dense,0.9,4,22,0.02,0.5,0.12615346962813193,0.9999999999999999
51013,dense,0.9,5,22,0.02,0.5,0.12615346962813193,0.9999999999999999
51013,dense,0.9,6,22,0.02,0.5,0.12615346962813193,0.9999999999999999
51013,dense,0.9,7,22,0.02,0.5,0.12615346962813193,0.9999999999999999
51013,dense,0.9,8,22,0.02,0.5,0.12615346962813193,0.9999999999999999
51013,dense,0.9,9,22,0.02,0.5,0.12615346962813193,0.9999999999999999
51013,dense,0.9,10,22,0.02,0.5,0.12615346962813193,0.9999999999999999
51013,dense,0.9,11,22,0.02,0.5,0.12615346962813193,0.9999999999999999
51013,identity,0.0,0,0,0.92,1.0,0.6599832247164111,1.0
51013,identity,0.0,1,0,0.92,1.0,0.6599832247164111,1.0
51013,identity,0.0,2,0,0.92,1.0,0.6599832247164111,1.0
51013,identity,0.0,3,0,0.92,1.0,0.6599832247164111,1.0
51013,identity,0.0,4,0,0.92,1.0,0.6599832247164111,1.0
51013,identity,0.0,5,0,0.92,1.0,0.6599832247164111,1.0
51013,identity,0.0,6,0,0.92,1.0,0.6599832247164111,1.0
51013,identity,0.0,7,0,0.92,1.0,0.6599832247164111,1.0
51013,identity,0.0,8,0,0.92,1.0,0.6599832247164111,1.0
51013,identity,0.0,9,0,0.92,1.0,0.6599832247164111,1.0
51013,identity,0.0,10,0,0.92,1.0,0.6599832247164111,1.0
51013,identity,0.0,11,0,0.92,1.0,0.6599832247164111,1.0
51013,identity,0.25,0,6,0.68,1.0,0.6599720442394005,0.9405633864354285
51013,identity,0.25,1,6,0.72,1.0,0.65812286740706,0.9371862012154579
51013,identity,0.25,2,6,0.84,1.0,0.6599829403830404,0.9535052772544188
51013,identity,0.25,3,6,0.74,1.0,0.6599800379612549,0.938985899558772
51013,identity,0.25,4,6,0.7,1.0,0.6563820500880958,0.9396456689215937
51013,identity,0.25,5,6,0.7,1.0,0.6599018874099193,0.9331928386686674
51013,identity,0.25,6,6,0.82,1.0,0.6597931797539404,0.9410975672911854
51013,identity,0.25,7,6,0.72,1.0,0.6598259067124707,0.9478999341797693
51013,identity,0.25,8,6,0.72,1.0,0.6575961260470774,0.9387902581477491
51013,identity,0.25,9,6,0.8,1.0,0.6595536051738707,0.9336892499626442
51013,identity,0.25,10,6,0.68,1.0,0.6599610767618377,0.9079149098092328
51013,identity,0.25,11,6,0.7,1.0,0.6592986157575931,0.9400239050080714
51013,identity,0.5,0,12,0.34,1.0,0.6364556568790735,0.8710665942528197
51013,identity,0.5,1,12,0.38,1.0,0.6583846773859863,0.8821549399454136
51013,identity,0.5,2,12,0.42,1.0,0.6551453842835232,0.8435309100039621
51013,identity,0.5,3,12,0.38,1.0,0.6539767569231654,0.8756465456709702
51013,identity,0.5,4,12,0.46,1.0,0.6562635325916891,0.8728150075991035
51013,identity,0.5,5,12,0.32,1.0,0.6554216857375735,0.8645357539768027
51013,identity,0.5,6,12,0.46,1.0,0.6586951065890733,0.8652365152231671
51013,identity,0.5,7,12,0.58,1.0,0.6551984443637124,0.872228206719861
51013,identity,0.5,8,12,0.44,1.0,0.6556167507599494,0.8406457710268945
51013,identity,0.5,9,12,0.38,1.0,0.6570533872641653,0.8791978072407366
51013,identity,0.5,10,12,0.46,1.0,0.65386524679337,0.8617169044558162
51013,identity,0.5,11,12,0.34,1.0,0.6561517049275998,0.8772298855112335
51013,identity,0.75,0,19,0.14,1.0,0.6489785338994437,0.773083251209179
51013,identity,0.75,1,19,0.1,1.0,0.645950619746784,0.7729575835259943
51013,identity,0.75,2,19,0.12,1.0,0.6515053857043921,0.7814066655051913
51013,identity,0.75,3,19,0.1,1.0,0.6564068227578005,0.7803417103367742
51013,identity,0.75,4,19,0.12,1.0,0.6408934290682806,0.7867960142039417
51013,identity,0.75,5,19,0.1,1.0,0.6529485503974768,0.7822459284410092
51013,identity,0.75,6,19,0.14,1.0,0.6478470729550557,0.777635331731314
51013,identity,0.75,7,19,0.12,1.0,0.6357515302460615,0.7784890476747814
51013,identity,0.75,8,19,0.1,1.0,0.6497749740287446,0.7858479834531447
51013,identity,0.75,9,19,0.14,1.0,0.6497306239715672,0.7820615346634869
51013,identity,0.75,10,19,0.08,1.0,0.6527486504771409,0.777737263957591
51013,identity,0.75,11,19,0.1,1.0,0.6544095284254396,0.7809279397910628
51013,identity,0.9,0,22,0.02,1.0,0.6476377962039653,0.7528600075304079
51013,identity,0.9,1,22,0.04,1.0,0.6552930822867029,0.7532875875650445
51013,identity,0.9,2,22,0.06,1.0,0.6486051904343028,0.7593221073755552
51013,identity,0.9,3,22,0.06,1.0,0.6217727201525,0.7523591886879069
51013,identity,0.9,4,22,0.02,1.0,0.6390871442663684,0.7574967235096058
51013,identity,0.9,5,22,0.08,1.0,0.6566308058171475,0.7555042144104621
51013,identity,0.9,6,22,0.0,1.0,0.639924731202627,0.7527421565609642
51013,identity,0.9,7,22,0.06,1.0,0.638669403213564,0.752919270306352
51013,identity,0.9,8,22,0.04,1.0,0.6334191261896231,0.7507391652244934
51013,identity,0.9,9,22,0.04,1.0,0.6306569877709718,0.7534382601284884
51013,identity,0.9,10,22,0.02,1.0,0.6417472344978427,0.7575673429104494
51013,identity,0.9,11,22,0.06,1.0,0.6464047367400317,0.7559739485169825
51014,normal,0.0,0,0,0.7,1.0,0.6399573996344861,1.0
51014,normal,0.0,1,0,0.7,1.0,0.6399573996344861,1.0
51014,normal,0.0,2,0,0.7,1.0,0.6399573996344861,1.0
51014,normal,0.0,3,0,0.7,1.0,0.6399573996344861,1.0
51014,normal,0.0,4,0,0.7,1.0,0.6399573996344861,1.0
51014,normal,0.0,5,0,0.7,1.0,0.6399573996344861,1.0
51014,normal,0.0,6,0,0.7,1.0,0.6399573996344861,1.0
51014,normal,0.0,7,0,0.7,1.0,0.6399573996344861,1.0
51014,normal,0.0,8,0,0.7,1.0,0.6399573996344861,1.0
51014,normal,0.0,9,0,0.7,1.0,0.6399573996344861,1.0
51014,normal,0.0,10,0,0.7,1.0,0.6399573996344861,1.0
51014,normal,0.0,11,0,0.7,1.0,0.6399573996344861,1.0
51014,normal,0.25,0,6,0.4,1.0,0.6385726408851227,0.8324020322466552
51014,normal,0.25,1,6,0.5,1.0,0.6395171079426393,0.8498989300217119
51014,normal,0.25,2,6,0.54,1.0,0.6399215917057436,0.8737068246182939
51014,normal,0.25,3,6,0.48,1.0,0.6385662552080459,0.8124613819475122
51014,normal,0.25,4,6,0.42,1.0,0.6395350500054169,0.8412575410729635
51014,normal,0.25,5,6,0.36,1.0,0.6399565943351972,0.8651266514235227
51014,normal,0.25,6,6,0.38,1.0,0.638779125075588,0.8068399961664697
51014,normal,0.25,7,6,0.4,1.0,0.6399560196385575,0.8193288646700494
51014,normal,0.25,8,6,0.54,1.0,0.635888982837939,0.8603478798761506
51014,normal,0.25,9,6,0.5,1.0,0.6399170102153099,0.8860903473392383
51014,normal,0.25,10,6,0.4,1.0,0.639222265892772,0.8428454434901613
51014,normal,0.25,11,6,0.42,1.0,0.6393516081791226,0.8208437993221642
51014,normal,0.5,0,12,0.14,1.0,0.6398385887135062,0.6407698581931384
51014,normal,0.5,1,12,0.2,1.0,0.6392854294274715,0.7254890112016331
51014,normal,0.5,2,12,0.22,1.0,0.6394936634459296,0.7498074276116017
51014,normal,0.5,3,12,0.24,1.0,0.6391732020718305,0.7185667177445577
51014,normal,0.5,4,12,0.26,1.0,0.6399338795077136,0.7447582239082889
51014,normal,0.5,5,12,0.24,1.0,0.6399765362082741,0.7040448642300763
51014,normal,0.5,6,12,0.26,1.0,0.639042484991873,0.6927594024555148
51014,normal,0.5,7,12,0.12,1.0,0.6399946670551455,0.7234205742874679
51014,normal,0.5,8,12,0.22,1.0,0.6380770803664229,0.7200433737520665
51014,normal,0.5,9,12,0.38,1.0,0.6387193934881492,0.749688795504564
51014,normal,0.5,10,12,0.26,1.0,0.6385661232350263,0.7274113784880882
51014,normal,0.5,11,12,0.22,1.0,0.6389369100416133,0.6725202502650106
51014,normal,0.75,0,19,0.12,1.0,0.63865917491276,0.626924262410919
51014,normal,0.75,1,19,0.14,1.0,0.6398516025257418,0.6312594127098703
51014,normal,0.75,2,19,0.1,1.0,0.639786489306733,0.5869660885153833
51014,normal,0.75,3,19,0.14,1.0,0.6399831406231954,0.6043575198701071
51014,normal,0.75,4,19,0.08,1.0,0.6399924754172337,0.6181006591351428
51014,normal,0.75,5,19,0.18,1.0,0.6399759325386843,0.5842647259005421
51014,normal,0.75,6,19,0.12,1.0,0.6399454722586703,0.6080432809977934
51014,normal,0.75,7,19,0.1,1.0,0.6390653385525433,0.6251741063860361
51014,normal,0.75,8,19,0.1,1.0,0.6335231884485145,0.593734353893461
51014,normal,0.75,9,19,0.12,1.0,0.6397427409325218,0.6138882779877394
51014,normal,0.75,10,19,0.14,1.0,0.6399415824493792,0.6236202551306395
51014,normal,0.75,11,19,0.14,1.0,0.639964440275992,0.6005029503009273
51014,normal,0.9,0,22,0.1,1.0,0.6399746141491209,0.5793327327873024
51014,normal,0.9,1,22,0.08,1.0,0.6397400728913457,0.5876791046104995
51014,normal,0.9,2,22,0.08,1.0,0.6399911257671513,0.5842487755919249
51014,normal,0.9,3,22,0.1,1.0,0.639995470131499,0.6112172355107224
51014,normal,0.9,4,22,0.06,1.0,0.6399913379718898,0.6054732478855932
51014,normal,0.9,5,22,0.06,1.0,0.6399912879222887,0.5859239530848424
51014,normal,0.9,6,22,0.16,1.0,0.639992572284702,0.5977094846966206
51014,normal,0.9,7,22,0.08,1.0,0.6399914231563628,0.5976727617694335
51014,normal,0.9,8,22,0.1,1.0,0.6374523230261576,0.5859957505917516
51014,normal,0.9,9,22,0.06,1.0,0.6399705616576089,0.5764717969893032
51014,normal,0.9,10,22,0.1,1.0,0.6363716380252962,0.5978113096352061
51014,normal,0.9,11,22,0.08,1.0,0.6399918003428975,0.6163152197365934
51014,shuffled,0.0,0,0,0.54,1.0,0.6399835002347505,1.0
51014,shuffled,0.0,1,0,0.54,1.0,0.6399835002347505,1.0
51014,shuffled,0.0,2,0,0.54,1.0,0.6399835002347505,1.0
51014,shuffled,0.0,3,0,0.54,1.0,0.6399835002347505,1.0
51014,shuffled,0.0,4,0,0.54,1.0,0.6399835002347505,1.0
51014,shuffled,0.0,5,0,0.54,1.0,0.6399835002347505,1.0
51014,shuffled,0.0,6,0,0.54,1.0,0.6399835002347505,1.0
51014,shuffled,0.0,7,0,0.54,1.0,0.6399835002347505,1.0
51014,shuffled,0.0,8,0,0.54,1.0,0.6399835002347505,1.0
51014,shuffled,0.0,9,0,0.54,1.0,0.6399835002347505,1.0
51014,shuffled,0.0,10,0,0.54,1.0,0.6399835002347505,1.0
51014,shuffled,0.0,11,0,0.54,1.0,0.6399835002347505,1.0
51014,shuffled,0.25,0,6,0.34,1.0,0.6392825355054454,0.8315736650923223
51014,shuffled,0.25,1,6,0.32,1.0,0.6377850072977411,0.8647238913323372
51014,shuffled,0.25,2,6,0.36,1.0,0.6399963499881803,0.8804091717872441
51014,shuffled,0.25,3,6,0.3,1.0,0.6388018775345831,0.846516612586608
51014,shuffled,0.25,4,6,0.34,1.0,0.6399877228758352,0.8130594628144356
51014,shuffled,0.25,5,6,0.38,1.0,0.6392031446219114,0.847808035861836
51014,shuffled,0.25,6,6,0.38,1.0,0.626636387709264,0.8568147474125988
51014,shuffled,0.25,7,6,0.34,1.0,0.6399989403466997,0.8282778459100242
51014,shuffled,0.25,8,6,0.4,1.0,0.6314676144123306,0.8652979876581717
51014,shuffled,0.25,9,6,0.32,1.0,0.6398687330345774,0.8564607418406375
51014,shuffled,0.25,10,6,0.48,1.0,0.6399951228506366,0.8576048105167642
51014,shuffled,0.25,11,6,0.4,1.0,0.6399890221577784,0.8731540706895358
51014,shuffled,0.5,0,12,0.2,1.0,0.634245566673376,0.7499782964530123
51014,shuffled,0.5,1,12,0.34,1.0,0.6341432258249692,0.82082966703927
51014,shuffled,0.5,2,12,0.2,1.0,0.6399973289127359,0.7526330845810844
51014,shuffled,0.5,3,12,0.24,1.0,0.6394489524618858,0.774337280913494
51014,shuffled,0.5,4,12,0.18,1.0,0.639999020835615,0.7747794972238673
51014,shuffled,0.5,5,12,0.24,1.0,0.6370616984170012,0.7645173343251264
51014,shuffled,0.5,6,12,0.22,1.0,0.6047623486164889,0.7365905291349455
51014,shuffled,0.5,7,12,0.2,1.0,0.6389151495614307,0.7893344152945829
51014,shuffled,0.5,8,12,0.24,1.0,0.5889018878584181,0.7265758627432747
51014,shuffled,0.5,9,12,0.2,1.0,0.6350005086764101,0.7238729948608512
51014,shuffled,0.5,10,12,0.22,1.0,0.639965648211838,0.7310304176579216
51014,shuffled,0.5,11,12,0.28,1.0,0.6265467587649699,0.7310920840991452
51014,shuffled,0.75,0,19,0.14,1.0,0.6172940172170844,0.6901285130104036
51014,shuffled,0.75,1,19,0.1,1.0,0.5355758438681658,0.6315280660245649
51014,shuffled,0.75,2,19,0.04,1.0,0.5823558459867957,0.6439774362608595
51014,shuffled,0.75,3,19,0.12,1.0,0.580905624117821,0.6730555311464878
51014,shuffled,0.75,4,19,0.12,1.0,0.6022132776398692,0.6533675535029333
51014,shuffled,0.75,5,19,0.1,1.0,0.551961701225216,0.6725937505862679
51014,shuffled,0.75,6,19,0.08,1.0,0.6095158093867808,0.695579062194132
51014,shuffled,0.75,7,19,0.06,1.0,0.5878471399060541,0.6552358941029501
51014,shuffled,0.75,8,19,0.06,1.0,0.5933297820225479,0.6117168932851155
51014,shuffled,0.75,9,19,0.12,1.0,0.6357723075567371,0.6705278834294569
51014,shuffled,0.75,10,19,0.04,1.0,0.5420306730571401,0.6475190763590811
51014,shuffled,0.75,11,19,0.1,1.0,0.6237995557039585,0.6946289755694661
51014,shuffled,0.9,0,22,0.06,1.0,0.6201320944807808,0.6724212352949366
51014,shuffled,0.9,1,22,0.08,1.0,0.5065011028171325,0.6276802899196143
51014,shuffled,0.9,2,22,0.08,1.0,0.5374317547831007,0.6499481286344413
51014,shuffled,0.9,3,22,0.06,1.0,0.5949854693138998,0.6299344517599988
51014,shuffled,0.9,4,22,0.08,1.0,0.5900893639415034,0.6159672592414721
51014,shuffled,0.9,5,22,0.06,1.0,0.6318868465701232,0.6601340154367843
51014,shuffled,0.9,6,22,0.04,1.0,0.5873742311102417,0.6306871228693336
51014,shuffled,0.9,7,22,0.06,1.0,0.5104105267791216,0.6178940975837531
51014,shuffled,0.9,8,22,0.1,1.0,0.5538208697304435,0.64891346099266
51014,shuffled,0.9,9,22,0.04,1.0,0.57625927584698,0.6215326321637189
51014,shuffled,0.9,10,22,0.04,1.0,0.6121311771200214,0.6491072031458155
51014,shuffled,0.9,11,22,0.1,1.0,0.6147251542942987,0.6618815281826355
51014,dense,0.0,0,0,0.02,0.5,0.18281063917912227,0.9999999999999999
51014,dense,0.0,1,0,0.02,0.5,0.18281063917912227,0.9999999999999999
51014,dense,0.0,2,0,0.02,0.5,0.18281063917912227,0.9999999999999999
51014,dense,0.0,3,0,0.02,0.5,0.18281063917912227,0.9999999999999999
51014,dense,0.0,4,0,0.02,0.5,0.18281063917912227,0.9999999999999999
51014,dense,0.0,5,0,0.02,0.5,0.18281063917912227,0.9999999999999999
51014,dense,0.0,6,0,0.02,0.5,0.18281063917912227,0.9999999999999999
51014,dense,0.0,7,0,0.02,0.5,0.18281063917912227,0.9999999999999999
51014,dense,0.0,8,0,0.02,0.5,0.18281063917912227,0.9999999999999999
51014,dense,0.0,9,0,0.02,0.5,0.18281063917912227,0.9999999999999999
51014,dense,0.0,10,0,0.02,0.5,0.18281063917912227,0.9999999999999999
51014,dense,0.0,11,0,0.02,0.5,0.18281063917912227,0.9999999999999999
51014,dense,0.25,0,6,0.02,0.5,0.18281063917912227,0.9999999999999999
51014,dense,0.25,1,6,0.02,0.5,0.18281063917912227,0.9999999999999999
51014,dense,0.25,2,6,0.02,0.5,0.18281063917912227,0.9999999999999999
51014,dense,0.25,3,6,0.02,0.5,0.18281063917912227,0.9999999999999999
51014,dense,0.25,4,6,0.02,0.5,0.18281063917912227,0.9999999999999999
51014,dense,0.25,5,6,0.02,0.5,0.18281063917912227,0.9999999999999999
51014,dense,0.25,6,6,0.02,0.5,0.18281063917912227,0.9999999999999999
51014,dense,0.25,7,6,0.02,0.5,0.18281063917912227,0.9999999999999999
51014,dense,0.25,8,6,0.02,0.5,0.18281063917912227,0.9999999999999999
51014,dense,0.25,9,6,0.02,0.5,0.18281063917912227,0.9999999999999999
51014,dense,0.25,10,6,0.02,0.5,0.18281063917912227,0.9999999999999999
51014,dense,0.25,11,6,0.02,0.5,0.18281063917912227,0.9999999999999999
51014,dense,0.5,0,12,0.02,0.5,0.18281063917912227,0.9999999999999999
51014,dense,0.5,1,12,0.02,0.5,0.18281063917912227,0.9999999999999999
51014,dense,0.5,2,12,0.02,0.5,0.18281063917912227,0.9999999999999999
51014,dense,0.5,3,12,0.02,0.5,0.18281063917912227,0.9999999999999999
51014,dense,0.5,4,12,0.02,0.5,0.18281063917912227,0.9999999999999999
51014,dense,0.5,5,12,0.02,0.5,0.18281063917912227,0.9999999999999999
51014,dense,0.5,6,12,0.02,0.5,0.18281063917912227,0.9999999999999999
51014,dense,0.5,7,12,0.02,0.5,0.18281063917912227,0.9999999999999999
51014,dense,0.5,8,12,0.02,0.5,0.18281063917912227,0.9999999999999999
51014,dense,0.5,9,12,0.02,0.5,0.18281063917912227,0.9999999999999999
51014,dense,0.5,10,12,0.02,0.5,0.18281063917912227,0.9999999999999999
51014,dense,0.5,11,12,0.02,0.5,0.18281063917912227,0.9999999999999999
51014,dense,0.75,0,19,0.02,0.5,0.18281063917912227,0.9999999999999999
51014,dense,0.75,1,19,0.02,0.5,0.18281063917912227,0.9999999999999999
51014,dense,0.75,2,19,0.02,0.5,0.18281063917912227,0.9999999999999999
51014,dense,0.75,3,19,0.02,0.5,0.18281063917912227,0.9999999999999999
51014,dense,0.75,4,19,0.02,0.5,0.18281063917912227,0.9999999999999999
51014,dense,0.75,5,19,0.02,0.5,0.18281063917912227,0.9999999999999999
51014,dense,0.75,6,19,0.02,0.5,0.18281063917912227,0.9999999999999999
51014,dense,0.75,7,19,0.02,0.5,0.18281063917912227,0.9999999999999999
51014,dense,0.75,8,19,0.02,0.5,0.18281063917912227,0.9999999999999999
51014,dense,0.75,9,19,0.02,0.5,0.18281063917912227,0.9999999999999999
51014,dense,0.75,10,19,0.02,0.5,0.18281063917912227,0.9999999999999999
51014,dense,0.75,11,19,0.02,0.5,0.18281063917912227,0.9999999999999999
51014,dense,0.9,0,22,0.02,0.5,0.18281063917912227,0.9999999999999999
51014,dense,0.9,1,22,0.02,0.5,0.18281063917912227,0.9999999999999999
51014,dense,0.9,2,22,0.02,0.5,0.18281063917912227,0.9999999999999999
51014,dense,0.9,3,22,0.02,0.5,0.18281063917912227,0.9999999999999999
51014,dense,0.9,4,22,0.02,0.5,0.18281063917912227,0.9999999999999999
51014,dense,0.9,5,22,0.02,0.5,0.18281063917912227,0.9999999999999999
51014,dense,0.9,6,22,0.02,0.5,0.18281063917912227,0.9999999999999999
51014,dense,0.9,7,22,0.02,0.5,0.18281063917912227,0.9999999999999999
51014,dense,0.9,8,22,0.02,0.5,0.18281063917912227,0.9999999999999999
51014,dense,0.9,9,22,0.02,0.5,0.18281063917912227,0.9999999999999999
51014,dense,0.9,10,22,0.02,0.5,0.18281063917912227,0.9999999999999999
51014,dense,0.9,11,22,0.02,0.5,0.18281063917912227,0.9999999999999999
51014,identity,0.0,0,0,0.94,1.0,0.6399343935503374,1.0
51014,identity,0.0,1,0,0.94,1.0,0.6399343935503374,1.0
51014,identity,0.0,2,0,0.94,1.0,0.6399343935503374,1.0
51014,identity,0.0,3,0,0.94,1.0,0.6399343935503374,1.0
51014,identity,0.0,4,0,0.94,1.0,0.6399343935503374,1.0
51014,identity,0.0,5,0,0.94,1.0,0.6399343935503374,1.0
51014,identity,0.0,6,0,0.94,1.0,0.6399343935503374,1.0
51014,identity,0.0,7,0,0.94,1.0,0.6399343935503374,1.0
51014,identity,0.0,8,0,0.94,1.0,0.6399343935503374,1.0
51014,identity,0.0,9,0,0.94,1.0,0.6399343935503374,1.0
51014,identity,0.0,10,0,0.94,1.0,0.6399343935503374,1.0
51014,identity,0.0,11,0,0.94,1.0,0.6399343935503374,1.0
51014,identity,0.25,0,6,0.6,1.0,0.6395622822101293,0.9315247997833961
51014,identity,0.25,1,6,0.72,1.0,0.6397893994337308,0.9334135801373347
51014,identity,0.25,2,6,0.72,1.0,0.6398696055225428,0.9277581553847165
51014,identity,0.25,3,6,0.76,1.0,0.6395933617859033,0.9370078627951017
51014,identity,0.25,4,6,0.68,1.0,0.6387984615528172,0.9417241148310178
51014,identity,0.25,5,6,0.68,1.0,0.6395429533563608,0.9143907374806226
51014,identity,0.25,6,6,0.72,1.0,0.6395639599293339,0.9434027563834042
51014,identity,0.25,7,6,0.68,1.0,0.6397063511176249,0.9421060326007543
51014,identity,0.25,8,6,0.72,1.0,0.6396078786943796,0.9434550463812951
51014,identity,0.25,9,6,0.8,1.0,0.6397488993531075,0.9376230767636897
51014,identity,0.25,10,6,0.72,1.0,0.6380475369587958,0.931198782232603
51014,identity,0.25,11,6,0.62,1.0,0.6380118979655948,0.9384386964754546
51014,identity,0.5,0,12,0.4,1.0,0.6393167210474647,0.8656070334321316
51014,identity,0.5,1,12,0.38,1.0,0.6374473011567567,0.8617078571213053
51014,identity,0.5,2,12,0.4,1.0,0.6392426257413907,0.8316963955369387
51014,identity,0.5,3,12,0.42,1.0,0.6350532095559345,0.853277560244647
51014,identity,0.5,4,12,0.34,1.0,0.6346929391306365,0.8669262411015832
51014,identity,0.5,5,12,0.32,1.0,0.6349503781480921,0.8690190912336151
51014,identity,0.5,6,12,0.38,1.0,0.638646039690368,0.877346759708926
51014,identity,0.5,7,12,0.36,1.0,0.6364193550822442,0.8510814507661354
51014,identity,0.5,8,12,0.32,1.0,0.6384600849306247,0.8509960139860588
51014,identity,0.5,9,12,0.4,1.0,0.6385766475110131,0.8842193096017748
51014,identity,0.5,10,12,0.4,1.0,0.6373068212468066,0.8456245205361935
51014,identity,0.5,11,12,0.58,1.0,0.6391519903901497,0.8704206577834208
51014,identity,0.75,0,19,0.12,1.0,0.6326382575644354,0.7557339811582434
51014,identity,0.75,1,19,0.14,1.0,0.6325652950446728,0.7586264081779904
51014,identity,0.75,2,19,0.1,1.0,0.6313263490069023,0.7868484364828615
51014,identity,0.75,3,19,0.12,1.0,0.6313411130293338,0.7734310488796678
51014,identity,0.75,4,19,0.16,1.0,0.6317179285778376,0.7641959493413331
51014,identity,0.75,5,19,0.06,1.0,0.6376443504160022,0.7601960951233376
51014,identity,0.75,6,19,0.1,1.0,0.6311540406370757,0.7648432899517209
51014,identity,0.75,7,19,0.12,1.0,0.6362759301142065,0.7812385598031563
51014,identity,0.75,8,19,0.1,1.0,0.6295663180392936,0.7708736494096939
51014,identity,0.75,9,19,0.16,1.0,0.6359500136128651,0.7677232818632498
51014,identity,0.75,10,19,0.1,1.0,0.6327379835063268,0.7615194371970051
51014,identity,0.75,11,19,0.12,1.0,0.6365712728041035,0.7683829742258618
51014,identity,0.9,0,22,0.04,1.0,0.629673193208226,0.7369652105202285
51014,identity,0.9,1,22,0.02,1.0,0.6224697167828235,0.7432255000451728
51014,identity,0.9,2,22,0.06,1.0,0.6232388652488929,0.7459052242597096
51014,identity,0.9,3,22,0.02,1.0,0.626682849242526,0.735800161376087
51014,identity,0.9,4,22,0.08,1.0,0.6367559315449473,0.7369463656290637
51014,identity,0.9,5,22,0.0,1.0,0.629543315247921,0.7411524620602684
51014,identity,0.9,6,22,0.02,1.0,0.6337299374836308,0.7379480768839707
51014,identity,0.9,7,22,0.1,1.0,0.6309760016095454,0.7373236114663883
51014,identity,0.9,8,22,0.06,1.0,0.6183588701761377,0.7343784895955401
51014,identity,0.9,9,22,0.06,1.0,0.6320689919919275,0.7359475304086402
51014,identity,0.9,10,22,0.08,1.0,0.6296857126467009,0.7375497794810789
51014,identity,0.9,11,22,0.02,1.0,0.6232453264674841,0.7417525912756079
51015,normal,0.0,0,0,0.66,1.0,0.6399666378697825,1.0
51015,normal,0.0,1,0,0.66,1.0,0.6399666378697825,1.0
51015,normal,0.0,2,0,0.66,1.0,0.6399666378697825,1.0
51015,normal,0.0,3,0,0.66,1.0,0.6399666378697825,1.0
51015,normal,0.0,4,0,0.66,1.0,0.6399666378697825,1.0
51015,normal,0.0,5,0,0.66,1.0,0.6399666378697825,1.0
51015,normal,0.0,6,0,0.66,1.0,0.6399666378697825,1.0
51015,normal,0.0,7,0,0.66,1.0,0.6399666378697825,1.0
51015,normal,0.0,8,0,0.66,1.0,0.6399666378697825,1.0
51015,normal,0.0,9,0,0.66,1.0,0.6399666378697825,1.0
51015,normal,0.0,10,0,0.66,1.0,0.6399666378697825,1.0
51015,normal,0.0,11,0,0.66,1.0,0.6399666378697825,1.0
51015,normal,0.25,0,6,0.36,1.0,0.639870246110806,0.8327429927124583
51015,normal,0.25,1,6,0.48,1.0,0.6399722074022124,0.817554480241224
51015,normal,0.25,2,6,0.46,1.0,0.6399771715588065,0.8374154192045634
51015,normal,0.25,3,6,0.44,1.0,0.6399476058518632,0.8723348327751091
51015,normal,0.25,4,6,0.48,1.0,0.6399710809186516,0.8054121417259108
51015,normal,0.25,5,6,0.38,1.0,0.6399867065424386,0.8491566671516211
51015,normal,0.25,6,6,0.4,1.0,0.6397789091887232,0.8470968823862948
51015,normal,0.25,7,6,0.38,1.0,0.6392615027961338,0.856379066262918
51015,normal,0.25,8,6,0.3,1.0,0.6397804929390815,0.822201699494949
51015,normal,0.25,9,6,0.36,1.0,0.6397830821313426,0.8602686300339787
51015,normal,0.25,10,6,0.42,1.0,0.6399849245781608,0.806228402415321
51015,normal,0.25,11,6,0.36,1.0,0.6399961924845822,0.835960079884905
51015,normal,0.5,0,12,0.16,1.0,0.6399282200048327,0.7407632326378599
51015,normal,0.5,1,12,0.24,1.0,0.6396695980358171,0.7218070545205155
51015,normal,0.5,2,12,0.28,1.0,0.63998032657246,0.7449774958395083
51015,normal,0.5,3,12,0.34,1.0,0.6399870387011317,0.7433347897374175
51015,normal,0.5,4,12,0.3,1.0,0.6399862389598809,0.759286132439273
51015,normal,0.5,5,12,0.2,1.0,0.6399454196713479,0.7476687980941926
51015,normal,0.5,6,12,0.22,1.0,0.6399826974839398,0.7149745115988
51015,normal,0.5,7,12,0.26,1.0,0.6382731793615758,0.7607871111116016
51015,normal,0.5,8,12,0.24,1.0,0.6397746283875132,0.7498356880282709
51015,normal,0.5,9,12,0.28,1.0,0.6376497719662302,0.7408990894799118
51015,normal,0.5,10,12,0.18,1.0,0.6399077052760785,0.6642443976698651
51015,normal,0.5,11,12,0.3,1.0,0.6399926949887644,0.7499295708480337
51015,normal,0.75,0,19,0.14,1.0,0.6396615684548539,0.6363497317336888
51015,normal,0.75,1,19,0.1,1.0,0.6399977271722509,0.6544873650270453
51015,normal,0.75,2,19,0.1,1.0,0.6397279324757487,0.6725297229935316
51015,normal,0.75,3,19,0.12,1.0,0.6399608865526045,0.6412187997044175
51015,normal,0.75,4,19,0.1,1.0,0.6398334818007843,0.6505557729718815
51015,normal,0.75,5,19,0.14,1.0,0.6399989262478537,0.6779156284138226
51015,normal,0.75,6,19,0.12,1.0,0.639934944256746,0.6409495478724574
51015,normal,0.75,7,19,0.1,1.0,0.6399984250768371,0.6498671924595969
51015,normal,0.75,8,19,0.1,1.0,0.639977907806959,0.641719095046686
51015,normal,0.75,9,19,0.08,1.0,0.6399993970071636,0.6344997460823292
51015,normal,0.75,10,19,0.12,1.0,0.6399934719081134,0.6757931208584321
51015,normal,0.75,11,19,0.14,1.0,0.6399977953919094,0.6383991102723393
51015,normal,0.9,0,22,0.06,1.0,0.6399992989806966,0.6021510111887133
51015,normal,0.9,1,22,0.08,1.0,0.6399966009888325,0.6215422727453763
51015,normal,0.9,2,22,0.08,1.0,0.6399697360235895,0.5669112303598751
51015,normal,0.9,3,22,0.08,1.0,0.6399660444924541,0.5777276167687855
51015,normal,0.9,4,22,0.06,1.0,0.639998953633294,0.5879741618847412
51015,normal,0.9,5,22,0.1,1.0,0.6399987652927489,0.6207341575998053
51015,normal,0.9,6,22,0.08,1.0,0.6389833403302521,0.5900349712627466
51015,normal,0.9,7,22,0.1,1.0,0.6399989039755911,0.5936094622218019
51015,normal,0.9,8,22,0.12,1.0,0.6399992271358953,0.6122954875844736
51015,normal,0.9,9,22,0.1,1.0,0.6399691544038687,0.5913214671423476
51015,normal,0.9,10,22,0.04,1.0,0.6399725852038524,0.6163904212441275
51015,normal,0.9,11,22,0.06,1.0,0.6399991440525524,0.5987315961334762
51015,shuffled,0.0,0,0,0.74,1.0,0.6398079549616658,1.0
51015,shuffled,0.0,1,0,0.74,1.0,0.6398079549616658,1.0
51015,shuffled,0.0,2,0,0.74,1.0,0.6398079549616658,1.0
51015,shuffled,0.0,3,0,0.74,1.0,0.6398079549616658,1.0
51015,shuffled,0.0,4,0,0.74,1.0,0.6398079549616658,1.0
51015,shuffled,0.0,5,0,0.74,1.0,0.6398079549616658,1.0
51015,shuffled,0.0,6,0,0.74,1.0,0.6398079549616658,1.0
51015,shuffled,0.0,7,0,0.74,1.0,0.6398079549616658,1.0
51015,shuffled,0.0,8,0,0.74,1.0,0.6398079549616658,1.0
51015,shuffled,0.0,9,0,0.74,1.0,0.6398079549616658,1.0
51015,shuffled,0.0,10,0,0.74,1.0,0.6398079549616658,1.0
51015,shuffled,0.0,11,0,0.74,1.0,0.6398079549616658,1.0
51015,shuffled,0.25,0,6,0.44,1.0,0.6363537757764591,0.8398771978936114
51015,shuffled,0.25,1,6,0.38,1.0,0.6397673738162597,0.7990362175900886
51015,shuffled,0.25,2,6,0.38,1.0,0.6348070394657022,0.8132829626037115
51015,shuffled,0.25,3,6,0.36,1.0,0.6372095261698604,0.8350500946347685
51015,shuffled,0.25,4,6,0.42,1.0,0.63959857385709,0.8448043642784266
51015,shuffled,0.25,5,6,0.4,1.0,0.6399514283773453,0.8143416014188221
51015,shuffled,0.25,6,6,0.48,1.0,0.6398273304970311,0.8630390005201721
51015,shuffled,0.25,7,6,0.38,1.0,0.6360544740594457,0.8164212025386894
51015,shuffled,0.25,8,6,0.5,1.0,0.6397587013100628,0.8546033284906488
51015,shuffled,0.25,9,6,0.34,1.0,0.6397277798291989,0.8471280091736558
51015,shuffled,0.25,10,6,0.4,1.0,0.6382000320722824,0.8501500735854455
51015,shuffled,0.25,11,6,0.4,1.0,0.637267236873827,0.8481856374846599
51015,shuffled,0.5,0,12,0.16,1.0,0.6399482636128445,0.7027836013688917
51015,shuffled,0.5,1,12,0.24,1.0,0.6328170965757348,0.7190977721230604
51015,shuffled,0.5,2,12,0.16,1.0,0.6346158708640754,0.7035182538780664
51015,shuffled,0.5,3,12,0.32,1.0,0.6399756542083088,0.7436797140134754
51015,shuffled,0.5,4,12,0.32,1.0,0.6381755526843714,0.7090664046117608
51015,shuffled,0.5,5,12,0.24,1.0,0.6399451853409843,0.7029334484284864
51015,shuffled,0.5,6,12,0.26,1.0,0.6399948854221654,0.7119507351132319
51015,shuffled,0.5,7,12,0.22,1.0,0.6379649506516962,0.7074507233545921
51015,shuffled,0.5,8,12,0.2,1.0,0.6398416155888377,0.7138066969506015
51015,shuffled,0.5,9,12,0.28,1.0,0.639815248060819,0.7389879343902039
51015,shuffled,0.5,10,12,0.26,1.0,0.6364728039364638,0.697011447836669
51015,shuffled,0.5,11,12,0.24,1.0,0.6374852861448197,0.6906355140712662
51015,shuffled,0.75,0,19,0.16,1.0,0.6384995593301978,0.5971341410092781
51015,shuffled,0.75,1,19,0.12,1.0,0.6399469550250043,0.5701432719200408
51015,shuffled,0.75,2,19,0.14,1.0,0.6390796780569268,0.5893101493332863
51015,shuffled,0.75,3,19,0.12,1.0,0.6395787884807796,0.6215202355342913
51015,shuffled,0.75,4,19,0.1,1.0,0.6399690779613694,0.6026166554952985
51015,shuffled,0.75,5,19,0.14,1.0,0.6340660741955836,0.594517822420453
51015,shuffled,0.75,6,19,0.14,1.0,0.6399665297533677,0.5389403585402044
51015,shuffled,0.75,7,19,0.12,1.0,0.6398784251210479,0.6034828529927405
51015,shuffled,0.75,8,19,0.16,1.0,0.6384985358132567,0.5658685441317628
51015,shuffled,0.75,9,19,0.16,1.0,0.6399953158168121,0.5712195766814393
51015,shuffled,0.75,10,19,0.1,1.0,0.6326268538005224,0.6063107182646977
51015,shuffled,0.75,11,19,0.12,1.0,0.6378477376911718,0.5716700572864869
51015,shuffled,0.9,0,22,0.12,1.0,0.6399201541597849,0.5240204106579365
51015,shuffled,0.9,1,22,0.06,1.0,0.6399972788943051,0.551703372044594
51015,shuffled,0.9,2,22,0.06,1.0,0.6399978330834079,0.5101806711982035
51015,shuffled,0.9,3,22,0.12,1.0,0.6399897765573637,0.5297000833523527
51015,shuffled,0.9,4,22,0.12,1.0,0.6399989558991735,0.5375229782862673
51015,shuffled,0.9,5,22,0.04,1.0,0.6399952371304901,0.5405445326571683
51015,shuffled,0.9,6,22,0.12,1.0,0.6383845671426086,0.5707011210060735
51015,shuffled,0.9,7,22,0.06,1.0,0.6387228790027081,0.5242695081617157
51015,shuffled,0.9,8,22,0.06,1.0,0.6399988585419919,0.5510139035857667
51015,shuffled,0.9,9,22,0.12,1.0,0.6399992593950228,0.5523737846606267
51015,shuffled,0.9,10,22,0.1,1.0,0.6399878596911264,0.5069483713323395
51015,shuffled,0.9,11,22,0.04,1.0,0.6394011169639795,0.530342576538589
51015,dense,0.0,0,0,0.02,0.5,0.18842066074636274,0.9999999999999999
51015,dense,0.0,1,0,0.02,0.5,0.18842066074636274,0.9999999999999999
51015,dense,0.0,2,0,0.02,0.5,0.18842066074636274,0.9999999999999999
51015,dense,0.0,3,0,0.02,0.5,0.18842066074636274,0.9999999999999999
51015,dense,0.0,4,0,0.02,0.5,0.18842066074636274,0.9999999999999999
51015,dense,0.0,5,0,0.02,0.5,0.18842066074636274,0.9999999999999999
51015,dense,0.0,6,0,0.02,0.5,0.18842066074636274,0.9999999999999999
51015,dense,0.0,7,0,0.02,0.5,0.18842066074636274,0.9999999999999999
51015,dense,0.0,8,0,0.02,0.5,0.18842066074636274,0.9999999999999999
51015,dense,0.0,9,0,0.02,0.5,0.18842066074636274,0.9999999999999999
51015,dense,0.0,10,0,0.02,0.5,0.18842066074636274,0.9999999999999999
51015,dense,0.0,11,0,0.02,0.5,0.18842066074636274,0.9999999999999999
51015,dense,0.25,0,6,0.02,0.5,0.18842066074636274,0.9999999999999999
51015,dense,0.25,1,6,0.02,0.5,0.18842066074636274,0.9999999999999999
51015,dense,0.25,2,6,0.02,0.5,0.18842066074636274,0.9999999999999999
51015,dense,0.25,3,6,0.02,0.5,0.18842066074636274,0.9999999999999999
51015,dense,0.25,4,6,0.02,0.5,0.18842066074636274,0.9999999999999999
51015,dense,0.25,5,6,0.02,0.5,0.18842066074636274,0.9999999999999999
51015,dense,0.25,6,6,0.02,0.5,0.18842066074636274,0.9999999999999999
51015,dense,0.25,7,6,0.02,0.5,0.18842066074636274,0.9999999999999999
51015,dense,0.25,8,6,0.02,0.5,0.18842066074636274,0.9999999999999999
51015,dense,0.25,9,6,0.02,0.5,0.18842066074636274,0.9999999999999999
51015,dense,0.25,10,6,0.02,0.5,0.18842066074636274,0.9999999999999999
51015,dense,0.25,11,6,0.02,0.5,0.18842066074636274,0.9999999999999999
51015,dense,0.5,0,12,0.02,0.5,0.18842066074636274,0.9999999999999999
51015,dense,0.5,1,12,0.02,0.5,0.18842066074636274,0.9999999999999999
51015,dense,0.5,2,12,0.02,0.5,0.18842066074636274,0.9999999999999999
51015,dense,0.5,3,12,0.02,0.5,0.18842066074636274,0.9999999999999999
51015,dense,0.5,4,12,0.02,0.5,0.18842066074636274,0.9999999999999999
51015,dense,0.5,5,12,0.02,0.5,0.18842066074636274,0.9999999999999999
51015,dense,0.5,6,12,0.02,0.5,0.18842066074636274,0.9999999999999999
51015,dense,0.5,7,12,0.02,0.5,0.18842066074636274,0.9999999999999999
51015,dense,0.5,8,12,0.02,0.5,0.18842066074636274,0.9999999999999999
51015,dense,0.5,9,12,0.02,0.5,0.18842066074636274,0.9999999999999999
51015,dense,0.5,10,12,0.02,0.5,0.18842066074636274,0.9999999999999999
51015,dense,0.5,11,12,0.02,0.5,0.18842066074636274,0.9999999999999999
51015,dense,0.75,0,19,0.02,0.5,0.18842066074636274,0.9999999999999999
51015,dense,0.75,1,19,0.02,0.5,0.18842066074636274,0.9999999999999999
51015,dense,0.75,2,19,0.02,0.5,0.18842066074636274,0.9999999999999999
51015,dense,0.75,3,19,0.02,0.5,0.18842066074636274,0.9999999999999999
51015,dense,0.75,4,19,0.02,0.5,0.18842066074636274,0.9999999999999999
51015,dense,0.75,5,19,0.02,0.5,0.18842066074636274,0.9999999999999999
51015,dense,0.75,6,19,0.02,0.5,0.18842066074636274,0.9999999999999999
51015,dense,0.75,7,19,0.02,0.5,0.18842066074636274,0.9999999999999999
51015,dense,0.75,8,19,0.02,0.5,0.18842066074636274,0.9999999999999999
51015,dense,0.75,9,19,0.02,0.5,0.18842066074636274,0.9999999999999999
51015,dense,0.75,10,19,0.02,0.5,0.18842066074636274,0.9999999999999999
51015,dense,0.75,11,19,0.02,0.5,0.18842066074636274,0.9999999999999999
51015,dense,0.9,0,22,0.02,0.5,0.18842066074636274,0.9999999999999999
51015,dense,0.9,1,22,0.02,0.5,0.18842066074636274,0.9999999999999999
51015,dense,0.9,2,22,0.02,0.5,0.18842066074636274,0.9999999999999999
51015,dense,0.9,3,22,0.02,0.5,0.18842066074636274,0.9999999999999999
51015,dense,0.9,4,22,0.02,0.5,0.18842066074636274,0.9999999999999999
51015,dense,0.9,5,22,0.02,0.5,0.18842066074636274,0.9999999999999999
51015,dense,0.9,6,22,0.02,0.5,0.18842066074636274,0.9999999999999999
51015,dense,0.9,7,22,0.02,0.5,0.18842066074636274,0.9999999999999999
51015,dense,0.9,8,22,0.02,0.5,0.18842066074636274,0.9999999999999999
51015,dense,0.9,9,22,0.02,0.5,0.18842066074636274,0.9999999999999999
51015,dense,0.9,10,22,0.02,0.5,0.18842066074636274,0.9999999999999999
51015,dense,0.9,11,22,0.02,0.5,0.18842066074636274,0.9999999999999999
51015,identity,0.0,0,0,0.96,1.0,0.6395491799030413,1.0
51015,identity,0.0,1,0,0.96,1.0,0.6395491799030413,1.0
51015,identity,0.0,2,0,0.96,1.0,0.6395491799030413,1.0
51015,identity,0.0,3,0,0.96,1.0,0.6395491799030413,1.0
51015,identity,0.0,4,0,0.96,1.0,0.6395491799030413,1.0
51015,identity,0.0,5,0,0.96,1.0,0.6395491799030413,1.0
51015,identity,0.0,6,0,0.96,1.0,0.6395491799030413,1.0
51015,identity,0.0,7,0,0.96,1.0,0.6395491799030413,1.0
51015,identity,0.0,8,0,0.96,1.0,0.6395491799030413,1.0
51015,identity,0.0,9,0,0.96,1.0,0.6395491799030413,1.0
51015,identity,0.0,10,0,0.96,1.0,0.6395491799030413,1.0
51015,identity,0.0,11,0,0.96,1.0,0.6395491799030413,1.0
51015,identity,0.25,0,6,0.76,1.0,0.6379361869120682,0.9535573459273521
51015,identity,0.25,1,6,0.7,1.0,0.6385766374576849,0.9412783564100192
51015,identity,0.25,2,6,0.8,1.0,0.6389420529767826,0.932034304167162
51015,identity,0.25,3,6,0.78,1.0,0.6393327913354068,0.9506250504746341
51015,identity,0.25,4,6,0.66,1.0,0.637888021678762,0.9160829013582213
51015,identity,0.25,5,6,0.7,1.0,0.6396007788572029,0.9445170551161449
51015,identity,0.25,6,6,0.58,1.0,0.6388963598334336,0.9407740566525711
51015,identity,0.25,7,6,0.62,1.0,0.639427409292953,0.9322108417732639
51015,identity,0.25,8,6,0.54,1.0,0.6388714337952426,0.9259118626181904
51015,identity,0.25,9,6,0.82,1.0,0.6388299119239399,0.9448320133944316
51015,identity,0.25,10,6,0.68,1.0,0.6379770174478228,0.9362060399185305
51015,identity,0.25,11,6,0.74,1.0,0.6378795395815513,0.9486122818267069
51015,identity,0.5,0,12,0.36,1.0,0.6385344063756956,0.8958746909043191
51015,identity,0.5,1,12,0.32,1.0,0.6378550586703439,0.8502055088971849
51015,identity,0.5,2,12,0.38,1.0,0.6380070983009438,0.8664208669212202
51015,identity,0.5,3,12,0.5,1.0,0.6382301710916544,0.8352550977005841
51015,identity,0.5,4,12,0.38,1.0,0.6368096096049242,0.8666768746518129
51015,identity,0.5,5,12,0.44,1.0,0.6395208843694201,0.8481250802883532
51015,identity,0.5,6,12,0.46,1.0,0.6367553291927048,0.8363773851185486
51015,identity,0.5,7,12,0.46,1.0,0.6381844242216717,0.8730809113246084
51015,identity,0.5,8,12,0.38,1.0,0.6385437059945872,0.8442446945155563
51015,identity,0.5,9,12,0.4,1.0,0.6366020929911567,0.8492765539551899
51015,identity,0.5,10,12,0.36,1.0,0.6352846081972696,0.8368703725164205
51015,identity,0.5,11,12,0.46,1.0,0.6363586235409774,0.8347392344460964
51015,identity,0.75,0,19,0.1,1.0,0.6324098679373639,0.7600145045312428
51015,identity,0.75,1,19,0.12,1.0,0.6368128144628195,0.7668765163377697
51015,identity,0.75,2,19,0.12,1.0,0.6343563310847476,0.7768966137541576
51015,identity,0.75,3,19,0.18,1.0,0.6317861421613964,0.7714338832895894
51015,identity,0.75,4,19,0.14,1.0,0.6338385403435206,0.7686878638681955
51015,identity,0.75,5,19,0.08,1.0,0.6320728737522375,0.7949004559177151
51015,identity,0.75,6,19,0.18,1.0,0.6301287997920071,0.7662660867819173
51015,identity,0.75,7,19,0.12,1.0,0.6326667028610429,0.7625912799182376
51015,identity,0.75,8,19,0.16,1.0,0.6372458110996653,0.7566638710086758
51015,identity,0.75,9,19,0.22,1.0,0.635086360833983,0.7600197366525719
51015,identity,0.75,10,19,0.2,1.0,0.6345752460898285,0.761544402351112
51015,identity,0.75,11,19,0.1,1.0,0.6356858929047662,0.7623765588474627
51015,identity,0.9,0,22,0.1,1.0,0.6358453603675964,0.7387139772939115
51015,identity,0.9,1,22,0.02,1.0,0.633224203575857,0.7452321815904999
51015,identity,0.9,2,22,0.08,1.0,0.6360861715176107,0.7391482401939407
51015,identity,0.9,3,22,0.1,1.0,0.6358730490500261,0.7361108250118099
51015,identity,0.9,4,22,0.08,1.0,0.6335913039263033,0.7396770927042587
51015,identity,0.9,5,22,0.04,1.0,0.6344745415353595,0.7432992377788696
51015,identity,0.9,6,22,0.08,1.0,0.6288519881918345,0.7439970035010864
51015,identity,0.9,7,22,0.04,1.0,0.6312868907987158,0.7390885586099389
51015,identity,0.9,8,22,0.04,1.0,0.629054262533745,0.7451943170088241
51015,identity,0.9,9,22,0.04,1.0,0.634912102778858,0.7397365035269768
51015,identity,0.9,10,22,0.1,1.0,0.6364734244988086,0.7391512136446431
51015,identity,0.9,11,22,0.06,1.0,0.6321307312383374,0.7432810977100637
51016,normal,0.0,0,0,0.54,1.0,0.6599960312874458,1.0
51016,normal,0.0,1,0,0.54,1.0,0.6599960312874458,1.0
51016,normal,0.0,2,0,0.54,1.0,0.6599960312874458,1.0
51016,normal,0.0,3,0,0.54,1.0,0.6599960312874458,1.0
51016,normal,0.0,4,0,0.54,1.0,0.6599960312874458,1.0
51016,normal,0.0,5,0,0.54,1.0,0.6599960312874458,1.0
51016,normal,0.0,6,0,0.54,1.0,0.6599960312874458,1.0
51016,normal,0.0,7,0,0.54,1.0,0.6599960312874458,1.0
51016,normal,0.0,8,0,0.54,1.0,0.6599960312874458,1.0
51016,normal,0.0,9,0,0.54,1.0,0.6599960312874458,1.0
51016,normal,0.0,10,0,0.54,1.0,0.6599960312874458,1.0
51016,normal,0.0,11,0,0.54,1.0,0.6599960312874458,1.0
51016,normal,0.25,0,6,0.42,1.0,0.6599821925671339,0.8556788239604818
51016,normal,0.25,1,6,0.54,1.0,0.6597996002033277,0.829592951856928
51016,normal,0.25,2,6,0.3,1.0,0.6599887822087095,0.8286789199975942
51016,normal,0.25,3,6,0.4,1.0,0.657206127078776,0.8624439701905321
51016,normal,0.25,4,6,0.24,1.0,0.6584731014998465,0.8369494283203309
51016,normal,0.25,5,6,0.34,1.0,0.6577590475364334,0.8534830131343935
51016,normal,0.25,6,6,0.36,1.0,0.6580280234464406,0.827140421757237
51016,normal,0.25,7,6,0.4,1.0,0.6594687665118795,0.8630974277985995
51016,normal,0.25,8,6,0.34,1.0,0.6599905550219733,0.8542106278261321
51016,normal,0.25,9,6,0.4,1.0,0.6599814711714397,0.8265612201788316
51016,normal,0.25,10,6,0.26,1.0,0.6594859696146582,0.8228378504899634
51016,normal,0.25,11,6,0.44,1.0,0.6599876001326425,0.8609610215659511
51016,normal,0.5,0,12,0.22,1.0,0.6599919660724237,0.7079312035779987
51016,normal,0.5,1,12,0.24,1.0,0.6599939568814881,0.7026813155538835
51016,normal,0.5,2,12,0.24,1.0,0.655152941532248,0.7573323971541024
51016,normal,0.5,3,12,0.2,1.0,0.6594090555977746,0.7510300738267135
51016,normal,0.5,4,12,0.32,1.0,0.6599654031249906,0.7410077863407604
51016,normal,0.5,5,12,0.32,1.0,0.6599827833473162,0.7840581784047365
51016,normal,0.5,6,12,0.26,1.0,0.6599753273869627,0.7858866119292458
51016,normal,0.5,7,12,0.28,1.0,0.6599770357736319,0.7623520913118748
51016,normal,0.5,8,12,0.2,1.0,0.6599750597391953,0.7368727355867789
51016,normal,0.5,9,12,0.24,1.0,0.6597625788032073,0.7783365592839933
51016,normal,0.5,10,12,0.26,1.0,0.6599969278993716,0.7532286410164262
51016,normal,0.5,11,12,0.3,1.0,0.659981422759651,0.7344452143411935
51016,normal,0.75,0,19,0.08,1.0,0.659755615604602,0.6650749304511454
51016,normal,0.75,1,19,0.12,1.0,0.6599998429947709,0.666933774055348
51016,normal,0.75,2,19,0.06,1.0,0.6599666262968014,0.6488989972104156
51016,normal,0.75,3,19,0.06,1.0,0.6599646637330403,0.6276406226532979
51016,normal,0.75,4,19,0.08,1.0,0.6599847417335505,0.6305811294764
51016,normal,0.75,5,19,0.1,1.0,0.659999077376674,0.6757876022592538
51016,normal,0.75,6,19,0.02,1.0,0.6599848146264239,0.6298575934173054
51016,normal,0.75,7,19,0.12,1.0,0.6590357307771003,0.6730055140523067
51016,normal,0.75,8,19,0.14,1.0,0.65993408234258,0.652181035845545
51016,normal,0.75,9,19,0.14,1.0,0.6599995974233291,0.6752494642763903
51016,normal,0.75,10,19,0.18,1.0,0.659986386775675,0.6417821604057756
51016,normal,0.75,11,19,0.08,1.0,0.6595664225576156,0.6199344043266575
51016,normal,0.9,0,22,0.04,1.0,0.6599988716331731,0.6162146358726437
51016,normal,0.9,1,22,0.02,1.0,0.6599996251165129,0.5933207287352092
51016,normal,0.9,2,22,0.04,1.0,0.6599994765910155,0.6302853515888596
51016,normal,0.9,3,22,0.04,1.0,0.6599957553008095,0.6054710338230119
51016,normal,0.9,4,22,0.06,1.0,0.6599890597539025,0.5987877914391614
51016,normal,0.9,5,22,0.06,1.0,0.6599234881634564,0.6130682747108636
51016,normal,0.9,6,22,0.06,1.0,0.659999584385275,0.6153194474729137
51016,normal,0.9,7,22,0.04,1.0,0.6599988998076007,0.6335648033349842
51016,normal,0.9,8,22,0.06,1.0,0.6599958360662842,0.6010518450936698
51016,normal,0.9,9,22,0.08,1.0,0.6597452338927775,0.6068719139827561
51016,normal,0.9,10,22,0.06,1.0,0.6594166838355204,0.6482129900567911
51016,normal,0.9,11,22,0.02,1.0,0.6599963007602008,0.6073248475351174
51016,shuffled,0.0,0,0,0.66,1.0,0.6599621101548618,1.0
51016,shuffled,0.0,1,0,0.66,1.0,0.6599621101548618,1.0
51016,shuffled,0.0,2,0,0.66,1.0,0.6599621101548618,1.0
51016,shuffled,0.0,3,0,0.66,1.0,0.6599621101548618,1.0
51016,shuffled,0.0,4,0,0.66,1.0,0.6599621101548618,1.0
51016,shuffled,0.0,5,0,0.66,1.0,0.6599621101548618,1.0
51016,shuffled,0.0,6,0,0.66,1.0,0.6599621101548618,1.0
51016,shuffled,0.0,7,0,0.66,1.0,0.6599621101548618,1.0
51016,shuffled,0.0,8,0,0.66,1.0,0.6599621101548618,1.0
51016,shuffled,0.0,9,0,0.66,1.0,0.6599621101548618,1.0
51016,shuffled,0.0,10,0,0.66,1.0,0.6599621101548618,1.0
51016,shuffled,0.0,11,0,0.66,1.0,0.6599621101548618,1.0
51016,shuffled,0.25,0,6,0.3,1.0,0.6599972726182489,0.8254312168782021
51016,shuffled,0.25,1,6,0.38,1.0,0.6599863212647139,0.8363944317539034
51016,shuffled,0.25,2,6,0.32,1.0,0.6599373534419114,0.7990987391733438
51016,shuffled,0.25,3,6,0.34,1.0,0.6599695465468949,0.8105398915486266
51016,shuffled,0.25,4,6,0.48,1.0,0.6599964575537656,0.8593314880015878
51016,shuffled,0.25,5,6,0.34,1.0,0.6599598685094505,0.8429425531554543
51016,shuffled,0.25,6,6,0.42,1.0,0.6599430989134428,0.8492420041306161
51016,shuffled,0.25,7,6,0.44,1.0,0.6599468588311522,0.8462344814128332
51016,shuffled,0.25,8,6,0.44,1.0,0.659970950456807,0.840829003459163
51016,shuffled,0.25,9,6,0.44,1.0,0.6599746083786266,0.8334278300341397
51016,shuffled,0.25,10,6,0.54,1.0,0.659819168013512,0.8534632867080141
51016,shuffled,0.25,11,6,0.52,1.0,0.6599960537807025,0.8589524361640585
51016,shuffled,0.5,0,12,0.3,1.0,0.6599634024481574,0.71307866340701
51016,shuffled,0.5,1,12,0.26,1.0,0.6595999524568876,0.6920719033660818
51016,shuffled,0.5,2,12,0.2,1.0,0.6599976911061745,0.7344917100325271
51016,shuffled,0.5,3,12,0.2,1.0,0.6599989558256815,0.7160637262051054
51016,shuffled,0.5,4,12,0.26,1.0,0.6599807134041342,0.7154050694011052
51016,shuffled,0.5,5,12,0.22,1.0,0.6599963833760958,0.7554052117630877
51016,shuffled,0.5,6,12,0.2,1.0,0.6599815207024582,0.7559491682288605
51016,shuffled,0.5,7,12,0.28,1.0,0.6592897204858187,0.7293083561608037
51016,shuffled,0.5,8,12,0.24,1.0,0.6599931934769074,0.7863490216032144
51016,shuffled,0.5,9,12,0.22,1.0,0.6594683008967778,0.7162404530362596
51016,shuffled,0.5,10,12,0.16,1.0,0.6599941587515837,0.7298587746624995
51016,shuffled,0.5,11,12,0.32,1.0,0.6599969384460204,0.6985437880219257
51016,shuffled,0.75,0,19,0.14,1.0,0.6599983629380891,0.6747621347731428
51016,shuffled,0.75,1,19,0.06,1.0,0.659999074506644,0.6759285654885245
51016,shuffled,0.75,2,19,0.12,1.0,0.6599926965030931,0.6614699041541512
51016,shuffled,0.75,3,19,0.16,1.0,0.6599903152204873,0.6493037363033507
51016,shuffled,0.75,4,19,0.18,1.0,0.6599878021374124,0.6176815694840969
51016,shuffled,0.75,5,19,0.1,1.0,0.659990471220086,0.6617864931924043
51016,shuffled,0.75,6,19,0.1,1.0,0.659998080940284,0.6770724897592677
51016,shuffled,0.75,7,19,0.02,1.0,0.6599998913095827,0.6745503435672535
51016,shuffled,0.75,8,19,0.14,1.0,0.6599858345006255,0.627037638305414
51016,shuffled,0.75,9,19,0.1,1.0,0.6599873182257484,0.6454610224694397
51016,shuffled,0.75,10,19,0.14,1.0,0.6599940189256402,0.6746157242124863
51016,shuffled,0.75,11,19,0.14,1.0,0.6599991582444241,0.675159212904601
51016,shuffled,0.9,0,22,0.06,1.0,0.6599970255225119,0.6216561841324056
51016,shuffled,0.9,1,22,0.12,1.0,0.6599962489135766,0.6552926256585921
51016,shuffled,0.9,2,22,0.1,1.0,0.6599967550479482,0.6164764030907421
51016,shuffled,0.9,3,22,0.12,1.0,0.6599966118401537,0.6356812373130403
51016,shuffled,0.9,4,22,0.14,1.0,0.6599982152956387,0.6858627352891535
51016,shuffled,0.9,5,22,0.08,1.0,0.6599968939126019,0.628810586329049
51016,shuffled,0.9,6,22,0.06,1.0,0.6599958767849313,0.6440742518043485
51016,shuffled,0.9,7,22,0.08,1.0,0.6599982326950573,0.6505591900919123
51016,shuffled,0.9,8,22,0.08,1.0,0.6599991014060691,0.6072179200771083
51016,shuffled,0.9,9,22,0.08,1.0,0.6599991019312035,0.6153433066099785
51016,shuffled,0.9,10,22,0.12,1.0,0.6599995731470863,0.671544258379309
51016,shuffled,0.9,11,22,0.08,1.0,0.6599896374292077,0.6129541727189232
51016,dense,0.0,0,0,0.02,0.5,0.02230505931883557,0.9999999999999999
51016,dense,0.0,1,0,0.02,0.5,0.02230505931883557,0.9999999999999999
51016,dense,0.0,2,0,0.02,0.5,0.02230505931883557,0.9999999999999999
51016,dense,0.0,3,0,0.02,0.5,0.02230505931883557,0.9999999999999999
51016,dense,0.0,4,0,0.02,0.5,0.02230505931883557,0.9999999999999999
51016,dense,0.0,5,0,0.02,0.5,0.02230505931883557,0.9999999999999999
51016,dense,0.0,6,0,0.02,0.5,0.02230505931883557,0.9999999999999999
51016,dense,0.0,7,0,0.02,0.5,0.02230505931883557,0.9999999999999999
51016,dense,0.0,8,0,0.02,0.5,0.02230505931883557,0.9999999999999999
51016,dense,0.0,9,0,0.02,0.5,0.02230505931883557,0.9999999999999999
51016,dense,0.0,10,0,0.02,0.5,0.02230505931883557,0.9999999999999999
51016,dense,0.0,11,0,0.02,0.5,0.02230505931883557,0.9999999999999999
51016,dense,0.25,0,6,0.02,0.5,0.02230505931883557,0.9999999999999999
51016,dense,0.25,1,6,0.02,0.5,0.02230505931883557,0.9999999999999999
51016,dense,0.25,2,6,0.02,0.5,0.02230505931883557,0.9999999999999999
51016,dense,0.25,3,6,0.02,0.5,0.02230505931883557,0.9999999999999999
51016,dense,0.25,4,6,0.02,0.5,0.02230505931883557,0.9999999999999999
51016,dense,0.25,5,6,0.02,0.5,0.02230505931883557,0.9999999999999999
51016,dense,0.25,6,6,0.02,0.5,0.02230505931883557,0.9999999999999999
51016,dense,0.25,7,6,0.02,0.5,0.02230505931883557,0.9999999999999999
51016,dense,0.25,8,6,0.02,0.5,0.02230505931883557,0.9999999999999999
51016,dense,0.25,9,6,0.02,0.5,0.02230505931883557,0.9999999999999999
51016,dense,0.25,10,6,0.02,0.5,0.02230505931883557,0.9999999999999999
51016,dense,0.25,11,6,0.02,0.5,0.02230505931883557,0.9999999999999999
51016,dense,0.5,0,12,0.02,0.5,0.02230505931883557,0.9999999999999999
51016,dense,0.5,1,12,0.02,0.5,0.02230505931883557,0.9999999999999999
51016,dense,0.5,2,12,0.02,0.5,0.02230505931883557,0.9999999999999999
51016,dense,0.5,3,12,0.02,0.5,0.02230505931883557,0.9999999999999999
51016,dense,0.5,4,12,0.02,0.5,0.02230505931883557,0.9999999999999999
51016,dense,0.5,5,12,0.02,0.5,0.02230505931883557,0.9999999999999999
51016,dense,0.5,6,12,0.02,0.5,0.02230505931883557,0.9999999999999999
51016,dense,0.5,7,12,0.02,0.5,0.02230505931883557,0.9999999999999999
51016,dense,0.5,8,12,0.02,0.5,0.02230505931883557,0.9999999999999999
51016,dense,0.5,9,12,0.02,0.5,0.02230505931883557,0.9999999999999999
51016,dense,0.5,10,12,0.02,0.5,0.02230505931883557,0.9999999999999999
51016,dense,0.5,11,12,0.02,0.5,0.02230505931883557,0.9999999999999999
51016,dense,0.75,0,19,0.02,0.5,0.02230505931883557,0.9999999999999999
51016,dense,0.75,1,19,0.02,0.5,0.02230505931883557,0.9999999999999999
51016,dense,0.75,2,19,0.02,0.5,0.02230505931883557,0.9999999999999999
51016,dense,0.75,3,19,0.02,0.5,0.02230505931883557,0.9999999999999999
51016,dense,0.75,4,19,0.02,0.5,0.02230505931883557,0.9999999999999999
51016,dense,0.75,5,19,0.02,0.5,0.02230505931883557,0.9999999999999999
51016,dense,0.75,6,19,0.02,0.5,0.02230505931883557,0.9999999999999999
51016,dense,0.75,7,19,0.02,0.5,0.02230505931883557,0.9999999999999999
51016,dense,0.75,8,19,0.02,0.5,0.02230505931883557,0.9999999999999999
51016,dense,0.75,9,19,0.02,0.5,0.02230505931883557,0.9999999999999999
51016,dense,0.75,10,19,0.02,0.5,0.02230505931883557,0.9999999999999999
51016,dense,0.75,11,19,0.02,0.5,0.02230505931883557,0.9999999999999999
51016,dense,0.9,0,22,0.02,0.5,0.02230505931883557,0.9999999999999999
51016,dense,0.9,1,22,0.02,0.5,0.02230505931883557,0.9999999999999999
51016,dense,0.9,2,22,0.02,0.5,0.02230505931883557,0.9999999999999999
51016,dense,0.9,3,22,0.02,0.5,0.02230505931883557,0.9999999999999999
51016,dense,0.9,4,22,0.02,0.5,0.02230505931883557,0.9999999999999999
51016,dense,0.9,5,22,0.02,0.5,0.02230505931883557,0.9999999999999999
51016,dense,0.9,6,22,0.02,0.5,0.02230505931883557,0.9999999999999999
51016,dense,0.9,7,22,0.02,0.5,0.02230505931883557,0.9999999999999999
51016,dense,0.9,8,22,0.02,0.5,0.02230505931883557,0.9999999999999999
51016,dense,0.9,9,22,0.02,0.5,0.02230505931883557,0.9999999999999999
51016,dense,0.9,10,22,0.02,0.5,0.02230505931883557,0.9999999999999999
51016,dense,0.9,11,22,0.02,0.5,0.02230505931883557,0.9999999999999999
51016,identity,0.0,0,0,0.98,1.0,0.659983839337237,1.0
51016,identity,0.0,1,0,0.98,1.0,0.659983839337237,1.0
51016,identity,0.0,2,0,0.98,1.0,0.659983839337237,1.0
51016,identity,0.0,3,0,0.98,1.0,0.659983839337237,1.0
51016,identity,0.0,4,0,0.98,1.0,0.659983839337237,1.0
51016,identity,0.0,5,0,0.98,1.0,0.659983839337237,1.0
51016,identity,0.0,6,0,0.98,1.0,0.659983839337237,1.0
51016,identity,0.0,7,0,0.98,1.0,0.659983839337237,1.0
51016,identity,0.0,8,0,0.98,1.0,0.659983839337237,1.0
51016,identity,0.0,9,0,0.98,1.0,0.659983839337237,1.0
51016,identity,0.0,10,0,0.98,1.0,0.659983839337237,1.0
51016,identity,0.0,11,0,0.98,1.0,0.659983839337237,1.0
51016,identity,0.25,0,6,0.82,1.0,0.6596286045317141,0.9356511913927512
51016,identity,0.25,1,6,0.72,1.0,0.6538485877453877,0.9324182572931912
51016,identity,0.25,2,6,0.76,1.0,0.6597409574352274,0.942860352543398
51016,identity,0.25,3,6,0.74,1.0,0.659757029770946,0.9420934477786563
51016,identity,0.25,4,6,0.7,1.0,0.6594571141744794,0.9394998782821647
51016,identity,0.25,5,6,0.74,1.0,0.6575589026016192,0.9442155555163652
51016,identity,0.25,6,6,0.78,1.0,0.6592081262898603,0.9282964123706369
51016,identity,0.25,7,6,0.68,1.0,0.659634003685822,0.925596415404347
51016,identity,0.25,8,6,0.82,1.0,0.6596416005040101,0.9292034615216684
51016,identity,0.25,9,6,0.78,1.0,0.6599128958627949,0.9366869508429856
51016,identity,0.25,10,6,0.82,1.0,0.6597288123722933,0.9258549618106925
51016,identity,0.25,11,6,0.78,1.0,0.6592542476192742,0.9228277546785196
51016,identity,0.5,0,12,0.5,1.0,0.6560517554031935,0.8591432393726464
51016,identity,0.5,1,12,0.5,1.0,0.6567171469355219,0.8707768285987973
51016,identity,0.5,2,12,0.48,1.0,0.6498556039950444,0.8685821108211451
51016,identity,0.5,3,12,0.52,1.0,0.6560422426721354,0.8717191139031086
51016,identity,0.5,4,12,0.48,1.0,0.6580077547322225,0.8611475838445508
51016,identity,0.5,5,12,0.4,1.0,0.6549613716834795,0.8473364325511128
51016,identity,0.5,6,12,0.38,1.0,0.65784159692332,0.8393499996152023
51016,identity,0.5,7,12,0.4,1.0,0.6587340759589461,0.8771330087489302
51016,identity,0.5,8,12,0.38,1.0,0.6534922178477995,0.8448495428682247
51016,identity,0.5,9,12,0.4,1.0,0.6577743785844246,0.8707226059926514
51016,identity,0.5,10,12,0.46,1.0,0.6570834605542024,0.8655441702295822
51016,identity,0.5,11,12,0.5,1.0,0.6551389807851083,0.8636053817415345
51016,identity,0.75,0,19,0.12,1.0,0.632283862942861,0.7704614629443921
51016,identity,0.75,1,19,0.08,1.0,0.6156962437774937,0.7962799520865321
51016,identity,0.75,2,19,0.1,1.0,0.646665085220211,0.7776634556413567
51016,identity,0.75,3,19,0.18,1.0,0.6557241702214316,0.7875900311989438
51016,identity,0.75,4,19,0.12,1.0,0.6526208148180538,0.780555608480179
51016,identity,0.75,5,19,0.22,1.0,0.6579243577779098,0.7817427349055615
51016,identity,0.75,6,19,0.12,1.0,0.6102292417371173,0.7924301404225395
51016,identity,0.75,7,19,0.1,1.0,0.6189870356996612,0.7725421971428587
51016,identity,0.75,8,19,0.14,1.0,0.6300537807582816,0.7900584052926816
51016,identity,0.75,9,19,0.16,1.0,0.6461163824140655,0.7793736449505713
51016,identity,0.75,10,19,0.14,1.0,0.638754734673165,0.7780519811862612
51016,identity,0.75,11,19,0.18,1.0,0.6448225868170369,0.7721151057306297
51016,identity,0.9,0,22,0.08,1.0,0.646445162556255,0.7491019344292866
51016,identity,0.9,1,22,0.08,1.0,0.624973877847935,0.7473927703472065
51016,identity,0.9,2,22,0.08,1.0,0.6311646089654571,0.7506999947126127
51016,identity,0.9,3,22,0.04,1.0,0.6280133437753412,0.7502477894455423
51016,identity,0.9,4,22,0.02,1.0,0.6303542221989741,0.7500545500538363
51016,identity,0.9,5,22,0.06,1.0,0.6264343790736469,0.756439188755857
51016,identity,0.9,6,22,0.02,1.0,0.6368122979358515,0.7472842715060816
51016,identity,0.9,7,22,0.1,1.0,0.602282097857633,0.7474269675817474
51016,identity,0.9,8,22,0.08,1.0,0.6230772083764665,0.7495929709623356
51016,identity,0.9,9,22,0.08,1.0,0.6275707632263108,0.7523438460503212
51016,identity,0.9,10,22,0.02,1.0,0.60609870461435,0.7524793817832852
51016,identity,0.9,11,22,0.02,1.0,0.5980490636800979,0.7486081868864991
51017,normal,0.0,0,0,0.78,1.0,0.6399988450997466,1.0
51017,normal,0.0,1,0,0.78,1.0,0.6399988450997466,1.0
51017,normal,0.0,2,0,0.78,1.0,0.6399988450997466,1.0
51017,normal,0.0,3,0,0.78,1.0,0.6399988450997466,1.0
51017,normal,0.0,4,0,0.78,1.0,0.6399988450997466,1.0
51017,normal,0.0,5,0,0.78,1.0,0.6399988450997466,1.0
51017,normal,0.0,6,0,0.78,1.0,0.6399988450997466,1.0
51017,normal,0.0,7,0,0.78,1.0,0.6399988450997466,1.0
51017,normal,0.0,8,0,0.78,1.0,0.6399988450997466,1.0
51017,normal,0.0,9,0,0.78,1.0,0.6399988450997466,1.0
51017,normal,0.0,10,0,0.78,1.0,0.6399988450997466,1.0
51017,normal,0.0,11,0,0.78,1.0,0.6399988450997466,1.0
51017,normal,0.25,0,6,0.46,1.0,0.6391383533067139,0.7965361428954794
51017,normal,0.25,1,6,0.42,1.0,0.6399996366628556,0.8379425726922949
51017,normal,0.25,2,6,0.3,1.0,0.6399994917062932,0.7983470045669587
51017,normal,0.25,3,6,0.46,1.0,0.6399998729703642,0.8565919080631637
51017,normal,0.25,4,6,0.5,1.0,0.6399986705159743,0.8590186651478467
51017,normal,0.25,5,6,0.44,1.0,0.6399998308174014,0.8203536800410157
51017,normal,0.25,6,6,0.44,1.0,0.6399986172350488,0.811660744270169
51017,normal,0.25,7,6,0.44,1.0,0.639999187324517,0.8207738003696037
51017,normal,0.25,8,6,0.46,1.0,0.6399812838212887,0.861015739781277
51017,normal,0.25,9,6,0.44,1.0,0.6399987305527738,0.813940248454149
51017,normal,0.25,10,6,0.46,1.0,0.6399992626832807,0.8281460820663384
51017,normal,0.25,11,6,0.3,1.0,0.6391205431009002,0.7676106364617987
51017,normal,0.5,0,12,0.28,1.0,0.6399992807577154,0.7005180550011826
51017,normal,0.5,1,12,0.36,1.0,0.6399994873346706,0.719160868696924
51017,normal,0.5,2,12,0.24,1.0,0.6399998772377868,0.6555889980976524
51017,normal,0.5,3,12,0.26,1.0,0.6399993771736139,0.7154353479545942
51017,normal,0.5,4,12,0.32,1.0,0.6398655727425973,0.7552165791519222
51017,normal,0.5,5,12,0.24,1.0,0.6399992651966442,0.7042357244062579
51017,normal,0.5,6,12,0.24,1.0,0.6399961578038742,0.6409684969278706
51017,normal,0.5,7,12,0.24,1.0,0.6399989406305682,0.7223320793214763
51017,normal,0.5,8,12,0.24,1.0,0.6399952444712509,0.6665879900346415
51017,normal,0.5,9,12,0.2,1.0,0.639969940319658,0.6842812115574988
51017,normal,0.5,10,12,0.36,1.0,0.6398386475460613,0.7083154247536434
51017,normal,0.5,11,12,0.2,1.0,0.6399999696503853,0.7099971800367036
51017,normal,0.75,0,19,0.14,1.0,0.6399998201270161,0.5869552447011518
51017,normal,0.75,1,19,0.12,1.0,0.6399997165030196,0.6186306117715981
51017,normal,0.75,2,19,0.12,1.0,0.6399998774843955,0.6356728309344526
51017,normal,0.75,3,19,0.06,1.0,0.6399960573673998,0.5765843750071548
51017,normal,0.75,4,19,0.1,1.0,0.6399999355103491,0.5890958252084645
51017,normal,0.75,5,19,0.18,1.0,0.6399988133004121,0.6319929039953985
51017,normal,0.75,6,19,0.1,1.0,0.6399999748957204,0.6105644260970525
51017,normal,0.75,7,19,0.12,1.0,0.6399992518127331,0.5914795014379648
51017,normal,0.75,8,19,0.1,1.0,0.6399996653546477,0.5512895229481832
51017,normal,0.75,9,19,0.12,1.0,0.6399998630497306,0.575112575623282
51017,normal,0.75,10,19,0.1,1.0,0.6399999719921577,0.6110021816306265
51017,normal,0.75,11,19,0.1,1.0,0.639999103626944,0.6011052437856925
51017,normal,0.9,0,22,0.1,1.0,0.6399999927083783,0.5434821357501732
51017,normal,0.9,1,22,0.1,1.0,0.6399999937573833,0.545898846038176
51017,normal,0.9,2,22,0.08,1.0,0.6399999210086017,0.5769732829418094
51017,normal,0.9,3,22,0.14,1.0,0.639999949874657,0.5786045858977351
51017,normal,0.9,4,22,0.06,1.0,0.6399999934911357,0.549426359236038
51017,normal,0.9,5,22,0.06,1.0,0.6399997278098357,0.5342851918738956
51017,normal,0.9,6,22,0.1,1.0,0.6399999697298274,0.5750599564504484
51017,normal,0.9,7,22,0.1,1.0,0.6399997272409749,0.5717163078018953
51017,normal,0.9,8,22,0.1,1.0,0.6399999633036206,0.5789086071711226
51017,normal,0.9,9,22,0.1,1.0,0.6399999632229286,0.5771908467796488
51017,normal,0.9,10,22,0.12,1.0,0.6399994026119309,0.5468248256264525
51017,normal,0.9,11,22,0.1,1.0,0.6399994021037798,0.5670213935602253
51017,shuffled,0.0,0,0,0.66,1.0,0.6399733214454926,1.0
51017,shuffled,0.0,1,0,0.66,1.0,0.6399733214454926,1.0
51017,shuffled,0.0,2,0,0.66,1.0,0.6399733214454926,1.0
51017,shuffled,0.0,3,0,0.66,1.0,0.6399733214454926,1.0
51017,shuffled,0.0,4,0,0.66,1.0,0.6399733214454926,1.0
51017,shuffled,0.0,5,0,0.66,1.0,0.6399733214454926,1.0
51017,shuffled,0.0,6,0,0.66,1.0,0.6399733214454926,1.0
51017,shuffled,0.0,7,0,0.66,1.0,0.6399733214454926,1.0
51017,shuffled,0.0,8,0,0.66,1.0,0.6399733214454926,1.0
51017,shuffled,0.0,9,0,0.66,1.0,0.6399733214454926,1.0
51017,shuffled,0.0,10,0,0.66,1.0,0.6399733214454926,1.0
51017,shuffled,0.0,11,0,0.66,1.0,0.6399733214454926,1.0
51017,shuffled,0.25,0,6,0.38,1.0,0.6398682242652752,0.8393569641206601
51017,shuffled,0.25,1,6,0.3,1.0,0.639999277879131,0.8267888009283488
51017,shuffled,0.25,2,6,0.38,1.0,0.639999678788522,0.8210366025901766
51017,shuffled,0.25,3,6,0.44,1.0,0.6399975234606319,0.8377756654725058
51017,shuffled,0.25,4,6,0.42,1.0,0.6399734242045936,0.827442432408781
51017,shuffled,0.25,5,6,0.36,1.0,0.6398633026997527,0.825583683526273
51017,shuffled,0.25,6,6,0.52,1.0,0.6399859718962024,0.8504702773660149
51017,shuffled,0.25,7,6,0.34,1.0,0.639902809205276,0.8239625099462708
51017,shuffled,0.25,8,6,0.34,1.0,0.6399998015818728,0.8601583511235766
51017,shuffled,0.25,9,6,0.36,1.0,0.6399995373916131,0.8174385726542394
51017,shuffled,0.25,10,6,0.42,1.0,0.639999798180073,0.8445675401738839
51017,shuffled,0.25,11,6,0.48,1.0,0.6382016532420741,0.8283701907903058
51017,shuffled,0.5,0,12,0.2,1.0,0.6399996941565741,0.6985170608260599
51017,shuffled,0.5,1,12,0.16,1.0,0.6399993603759924,0.7130922983382503
51017,shuffled,0.5,2,12,0.18,1.0,0.6399997572474703,0.6972838300070303
51017,shuffled,0.5,3,12,0.34,1.0,0.6398599732739326,0.7246098674292297
51017,shuffled,0.5,4,12,0.28,1.0,0.6399999023581381,0.707717218077962
51017,shuffled,0.5,5,12,0.22,1.0,0.6397385632873396,0.7413756979373041
51017,shuffled,0.5,6,12,0.36,1.0,0.6399965577478511,0.7148774453389328
51017,shuffled,0.5,7,12,0.28,1.0,0.6399982774736561,0.7729707158740728
51017,shuffled,0.5,8,12,0.24,1.0,0.6399998472071363,0.6799374521144976
51017,shuffled,0.5,9,12,0.22,1.0,0.6399994803281611,0.7383330018427333
51017,shuffled,0.5,10,12,0.26,1.0,0.6157597194843907,0.7054974597791742
51017,shuffled,0.5,11,12,0.22,1.0,0.6399994256520166,0.7700770255826203
51017,shuffled,0.75,0,19,0.2,1.0,0.6399998550630315,0.6250908994006075
51017,shuffled,0.75,1,19,0.12,1.0,0.6399999262784278,0.6288734103559838
51017,shuffled,0.75,2,19,0.08,1.0,0.6399999515137306,0.5746183734699809
51017,shuffled,0.75,3,19,0.1,1.0,0.6399998983615797,0.5900824225052884
51017,shuffled,0.75,4,19,0.18,1.0,0.6399999567976402,0.6346906622724048
51017,shuffled,0.75,5,19,0.12,1.0,0.6399999289701929,0.6341849229621346
51017,shuffled,0.75,6,19,0.12,1.0,0.6399999260672348,0.6317770807189762
51017,shuffled,0.75,7,19,0.06,1.0,0.6399999900754275,0.6216991225380499
51017,shuffled,0.75,8,19,0.18,1.0,0.6399999488218415,0.6155862425392549
51017,shuffled,0.75,9,19,0.16,1.0,0.6399986539083207,0.6203690358757062
51017,shuffled,0.75,10,19,0.16,1.0,0.6399999674872937,0.6485244196695991
51017,shuffled,0.75,11,19,0.06,1.0,0.6399999034791166,0.5914803115385889
51017,shuffled,0.9,0,22,0.08,1.0,0.6399999966479225,0.5686750477548806
51017,shuffled,0.9,1,22,0.08,1.0,0.6399999915979315,0.5712644626660996
51017,shuffled,0.9,2,22,0.08,1.0,0.6399999254426698,0.5888359882393117
51017,shuffled,0.9,3,22,0.1,1.0,0.6399999906098965,0.5594425520677554
51017,shuffled,0.9,4,22,0.08,1.0,0.63999997260146,0.5685306478992181
51017,shuffled,0.9,5,22,0.08,1.0,0.6399999711620314,0.5841772295136513
51017,shuffled,0.9,6,22,0.06,1.0,0.6399999117784069,0.5472353321765325
51017,shuffled,0.9,7,22,0.12,1.0,0.6399999951575149,0.5858356872646988
51017,shuffled,0.9,8,22,0.06,1.0,0.6399999542797246,0.543543600191169
51017,shuffled,0.9,9,22,0.1,1.0,0.6399999786805194,0.5723350194101471
51017,shuffled,0.9,10,22,0.1,1.0,0.6399998933090698,0.5927100929692539
51017,shuffled,0.9,11,22,0.06,1.0,0.6399999899625332,0.5747204685040938
51017,dense,0.0,0,0,0.02,0.5,0.22057213662921224,0.9999999999999999
51017,dense,0.0,1,0,0.02,0.5,0.22057213662921224,0.9999999999999999
51017,dense,0.0,2,0,0.02,0.5,0.22057213662921224,0.9999999999999999
51017,dense,0.0,3,0,0.02,0.5,0.22057213662921224,0.9999999999999999
51017,dense,0.0,4,0,0.02,0.5,0.22057213662921224,0.9999999999999999
51017,dense,0.0,5,0,0.02,0.5,0.22057213662921224,0.9999999999999999
51017,dense,0.0,6,0,0.02,0.5,0.22057213662921224,0.9999999999999999
51017,dense,0.0,7,0,0.02,0.5,0.22057213662921224,0.9999999999999999
51017,dense,0.0,8,0,0.02,0.5,0.22057213662921224,0.9999999999999999
51017,dense,0.0,9,0,0.02,0.5,0.22057213662921224,0.9999999999999999
51017,dense,0.0,10,0,0.02,0.5,0.22057213662921224,0.9999999999999999
51017,dense,0.0,11,0,0.02,0.5,0.22057213662921224,0.9999999999999999
51017,dense,0.25,0,6,0.02,0.5,0.22057213662921224,0.9999999999999999
51017,dense,0.25,1,6,0.02,0.5,0.22057213662921224,0.9999999999999999
51017,dense,0.25,2,6,0.02,0.5,0.22057213662921224,0.9999999999999999
51017,dense,0.25,3,6,0.02,0.5,0.22057213662921224,0.9999999999999999
51017,dense,0.25,4,6,0.02,0.5,0.22057213662921224,0.9999999999999999
51017,dense,0.25,5,6,0.02,0.5,0.22057213662921224,0.9999999999999999
51017,dense,0.25,6,6,0.02,0.5,0.22057213662921224,0.9999999999999999
51017,dense,0.25,7,6,0.02,0.5,0.22057213662921224,0.9999999999999999
51017,dense,0.25,8,6,0.02,0.5,0.22057213662921224,0.9999999999999999
51017,dense,0.25,9,6,0.02,0.5,0.22057213662921224,0.9999999999999999
51017,dense,0.25,10,6,0.02,0.5,0.22057213662921224,0.9999999999999999
51017,dense,0.25,11,6,0.02,0.5,0.22057213662921224,0.9999999999999999
51017,dense,0.5,0,12,0.02,0.5,0.22057213662921224,0.9999999999999999
51017,dense,0.5,1,12,0.02,0.5,0.22057213662921224,0.9999999999999999
51017,dense,0.5,2,12,0.02,0.5,0.22057213662921224,0.9999999999999999
51017,dense,0.5,3,12,0.02,0.5,0.22057213662921224,0.9999999999999999
51017,dense,0.5,4,12,0.02,0.5,0.22057213662921224,0.9999999999999999
51017,dense,0.5,5,12,0.02,0.5,0.22057213662921224,0.9999999999999999
51017,dense,0.5,6,12,0.02,0.5,0.22057213662921224,0.9999999999999999
51017,dense,0.5,7,12,0.02,0.5,0.22057213662921224,0.9999999999999999
51017,dense,0.5,8,12,0.02,0.5,0.22057213662921224,0.9999999999999999
51017,dense,0.5,9,12,0.02,0.5,0.22057213662921224,0.9999999999999999
51017,dense,0.5,10,12,0.02,0.5,0.22057213662921224,0.9999999999999999
51017,dense,0.5,11,12,0.02,0.5,0.22057213662921224,0.9999999999999999
51017,dense,0.75,0,19,0.02,0.5,0.22057213662921224,0.9999999999999999
51017,dense,0.75,1,19,0.02,0.5,0.22057213662921224,0.9999999999999999
51017,dense,0.75,2,19,0.02,0.5,0.22057213662921224,0.9999999999999999
51017,dense,0.75,3,19,0.02,0.5,0.22057213662921224,0.9999999999999999
51017,dense,0.75,4,19,0.02,0.5,0.22057213662921224,0.9999999999999999
51017,dense,0.75,5,19,0.02,0.5,0.22057213662921224,0.9999999999999999
51017,dense,0.75,6,19,0.02,0.5,0.22057213662921224,0.9999999999999999
51017,dense,0.75,7,19,0.02,0.5,0.22057213662921224,0.9999999999999999
51017,dense,0.75,8,19,0.02,0.5,0.22057213662921224,0.9999999999999999
51017,dense,0.75,9,19,0.02,0.5,0.22057213662921224,0.9999999999999999
51017,dense,0.75,10,19,0.02,0.5,0.22057213662921224,0.9999999999999999
51017,dense,0.75,11,19,0.02,0.5,0.22057213662921224,0.9999999999999999
51017,dense,0.9,0,22,0.02,0.5,0.22057213662921224,0.9999999999999999
51017,dense,0.9,1,22,0.02,0.5,0.22057213662921224,0.9999999999999999
51017,dense,0.9,2,22,0.02,0.5,0.22057213662921224,0.9999999999999999
51017,dense,0.9,3,22,0.02,0.5,0.22057213662921224,0.9999999999999999
51017,dense,0.9,4,22,0.02,0.5,0.22057213662921224,0.9999999999999999
51017,dense,0.9,5,22,0.02,0.5,0.22057213662921224,0.9999999999999999
51017,dense,0.9,6,22,0.02,0.5,0.22057213662921224,0.9999999999999999
51017,dense,0.9,7,22,0.02,0.5,0.22057213662921224,0.9999999999999999
51017,dense,0.9,8,22,0.02,0.5,0.22057213662921224,0.9999999999999999
51017,dense,0.9,9,22,0.02,0.5,0.22057213662921224,0.9999999999999999
51017,dense,0.9,10,22,0.02,0.5,0.22057213662921224,0.9999999999999999
51017,dense,0.9,11,22,0.02,0.5,0.22057213662921224,0.9999999999999999
51017,identity,0.0,0,0,0.98,1.0,0.6399951364341431,1.0
51017,identity,0.0,1,0,0.98,1.0,0.6399951364341431,1.0
51017,identity,0.0,2,0,0.98,1.0,0.6399951364341431,1.0
51017,identity,0.0,3,0,0.98,1.0,0.6399951364341431,1.0
51017,identity,0.0,4,0,0.98,1.0,0.6399951364341431,1.0
51017,identity,0.0,5,0,0.98,1.0,0.6399951364341431,1.0
51017,identity,0.0,6,0,0.98,1.0,0.6399951364341431,1.0
51017,identity,0.0,7,0,0.98,1.0,0.6399951364341431,1.0
51017,identity,0.0,8,0,0.98,1.0,0.6399951364341431,1.0
51017,identity,0.0,9,0,0.98,1.0,0.6399951364341431,1.0
51017,identity,0.0,10,0,0.98,1.0,0.6399951364341431,1.0
51017,identity,0.0,11,0,0.98,1.0,0.6399951364341431,1.0
51017,identity,0.25,0,6,0.76,1.0,0.6399908449696625,0.9326754250206031
51017,identity,0.25,1,6,0.78,1.0,0.6399818374658008,0.9441329145458625
51017,identity,0.25,2,6,0.84,1.0,0.6399763818226539,0.9312717607373764
51017,identity,0.25,3,6,0.58,1.0,0.6399828879332907,0.9286857845272622
51017,identity,0.25,4,6,0.8,1.0,0.6399767140194117,0.9383397387216713
51017,identity,0.25,5,6,0.74,1.0,0.6399384139721199,0.9454372101978663
51017,identity,0.25,6,6,0.76,1.0,0.6399082291369352,0.9249108691798077
51017,identity,0.25,7,6,0.7,1.0,0.6399662395725998,0.9367028294161505
51017,identity,0.25,8,6,0.7,1.0,0.6399936794600404,0.9354281113258532
51017,identity,0.25,9,6,0.68,1.0,0.6399574262407343,0.9495670855843421
51017,identity,0.25,10,6,0.7,1.0,0.6399838103983444,0.9361329058765212
51017,identity,0.25,11,6,0.74,1.0,0.6399915799007583,0.9218469364010679
51017,identity,0.5,0,12,0.3,1.0,0.639899049268889,0.8782103281875879
51017,identity,0.5,1,12,0.38,1.0,0.6399212959039723,0.8455641975344195
51017,identity,0.5,2,12,0.34,1.0,0.6398032948720659,0.8432978600757335
51017,identity,0.5,3,12,0.38,1.0,0.6398874357234731,0.885503782108634
51017,identity,0.5,4,12,0.4,1.0,0.6395905595343934,0.8370010037183575
51017,identity,0.5,5,12,0.26,1.0,0.63982332277763,0.8855643169670759
51017,identity,0.5,6,12,0.5,1.0,0.6397774124353852,0.8864503689042982
51017,identity,0.5,7,12,0.3,1.0,0.6399567182720589,0.8310860104545283
51017,identity,0.5,8,12,0.42,1.0,0.63987269580852,0.8796902709678851
51017,identity,0.5,9,12,0.28,1.0,0.6397832176295492,0.8497779936288642
51017,identity,0.5,10,12,0.36,1.0,0.6399653034601458,0.8635517474636947
51017,identity,0.5,11,12,0.22,1.0,0.6396935333463775,0.8505545496865594
51017,identity,0.75,0,19,0.08,1.0,0.639228713290439,0.7736184113836755
51017,identity,0.75,1,19,0.2,1.0,0.639550767645911,0.7774308760980785
51017,identity,0.75,2,19,0.24,1.0,0.6397238376818674,0.7679026094914899
51017,identity,0.75,3,19,0.14,1.0,0.6398484574021824,0.7671673471615715
51017,identity,0.75,4,19,0.14,1.0,0.6394175675837687,0.7752464064556098
51017,identity,0.75,5,19,0.08,1.0,0.6396605615464381,0.7652859795794459
51017,identity,0.75,6,19,0.14,1.0,0.638100715952956,0.7834292068279842
51017,identity,0.75,7,19,0.06,1.0,0.6384650130744887,0.7651143080512202
51017,identity,0.75,8,19,0.12,1.0,0.6398538993556483,0.7759743622255438
51017,identity,0.75,9,19,0.12,1.0,0.639856058188104,0.7682096684375408
51017,identity,0.75,10,19,0.04,1.0,0.6387428462132143,0.7644212095299017
51017,identity,0.75,11,19,0.04,1.0,0.6394615764624434,0.776738999987962
51017,identity,0.9,0,22,0.06,1.0,0.6394761642411155,0.7449633817805386
51017,identity,0.9,1,22,0.02,1.0,0.6373496936157772,0.7469822213685269
51017,identity,0.9,2,22,0.04,1.0,0.6393008336568284,0.7432461687455704
51017,identity,0.9,3,22,0.02,1.0,0.6396172452927508,0.7445584980629515
51017,identity,0.9,4,22,0.02,1.0,0.6389116169954004,0.7425700731718189
51017,identity,0.9,5,22,0.02,1.0,0.6384058411558654,0.7425280216521949
51017,identity,0.9,6,22,0.02,1.0,0.6395167602483444,0.741485152473986
51017,identity,0.9,7,22,0.02,1.0,0.6370543573629069,0.7434480617156811
51017,identity,0.9,8,22,0.04,1.0,0.6391466876503311,0.7454312759102498
51017,identity,0.9,9,22,0.0,1.0,0.6390032615622389,0.7441742841277974
51017,identity,0.9,10,22,0.08,1.0,0.6396079440179396,0.7408739640699481
51017,identity,0.9,11,22,0.02,1.0,0.6390446575184159,0.7437620790750611
51018,normal,0.0,0,0,0.68,1.0,0.6455216082097657,1.0
51018,normal,0.0,1,0,0.68,1.0,0.6455216082097657,1.0
51018,normal,0.0,2,0,0.68,1.0,0.6455216082097657,1.0
51018,normal,0.0,3,0,0.68,1.0,0.6455216082097657,1.0
51018,normal,0.0,4,0,0.68,1.0,0.6455216082097657,1.0
51018,normal,0.0,5,0,0.68,1.0,0.6455216082097657,1.0
51018,normal,0.0,6,0,0.68,1.0,0.6455216082097657,1.0
51018,normal,0.0,7,0,0.68,1.0,0.6455216082097657,1.0
51018,normal,0.0,8,0,0.68,1.0,0.6455216082097657,1.0
51018,normal,0.0,9,0,0.68,1.0,0.6455216082097657,1.0
51018,normal,0.0,10,0,0.68,1.0,0.6455216082097657,1.0
51018,normal,0.0,11,0,0.68,1.0,0.6455216082097657,1.0
51018,normal,0.25,0,6,0.36,1.0,0.6453988329277507,0.7961173142737569
51018,normal,0.25,1,6,0.3,1.0,0.6325168103487411,0.8422012468482947
51018,normal,0.25,2,6,0.38,1.0,0.6454674942727411,0.8240237303351582
51018,normal,0.25,3,6,0.32,1.0,0.6452826712447441,0.8499249416627072
51018,normal,0.25,4,6,0.36,1.0,0.6075871670668418,0.8244145276056591
51018,normal,0.25,5,6,0.42,1.0,0.642640972343841,0.8100945659291868
51018,normal,0.25,6,6,0.46,1.0,0.6263081204706356,0.7738745536250484
51018,normal,0.25,7,6,0.44,1.0,0.6436197449995731,0.8688817775934556
51018,normal,0.25,8,6,0.5,1.0,0.6222643609980355,0.8385744082331825
51018,normal,0.25,9,6,0.46,1.0,0.629410428432817,0.8180020988109201
51018,normal,0.25,10,6,0.28,1.0,0.6454156204225414,0.7902562862507115
51018,normal,0.25,11,6,0.38,0.5,0.6218654125065359,0.8436013680127775
51018,normal,0.5,0,12,0.28,1.0,0.6455122281734718,0.6831735159815916
51018,normal,0.5,1,12,0.14,1.0,0.6455158859235779,0.6883270801809814
51018,normal,0.5,2,12,0.18,1.0,0.6455165367259923,0.6706601481656933
51018,normal,0.5,3,12,0.14,1.0,0.645375474736282,0.618398014073184
51018,normal,0.5,4,12,0.1,1.0,0.6454954603805814,0.6719551334713978
51018,normal,0.5,5,12,0.22,0.5,0.6223073333999988,0.6905716074504806
51018,normal,0.5,6,12,0.16,1.0,0.645492164674549,0.6915976696196214
51018,normal,0.5,7,12,0.26,1.0,0.6455229069966245,0.692951873283181
51018,normal,0.5,8,12,0.14,1.0,0.6455229235024568,0.692245764532522
51018,normal,0.5,9,12,0.2,1.0,0.6408724496610171,0.6960336202942883
51018,normal,0.5,10,12,0.12,1.0,0.6454860269572112,0.6897422877810753
51018,normal,0.5,11,12,0.26,0.5,0.5961370115172117,0.755364386682251
51018,normal,0.75,0,19,0.1,1.0,0.6454183916561818,0.607877346083331
51018,normal,0.75,1,19,0.1,1.0,0.6377785923874635,0.5767992522134717
51018,normal,0.75,2,19,0.12,1.0,0.645511155036572,0.5920180507508971
51018,normal,0.75,3,19,0.1,1.0,0.6455240476421978,0.6039033773417358
51018,normal,0.75,4,19,0.1,1.0,0.6455250974268282,0.5520287980648011
51018,normal,0.75,5,19,0.08,1.0,0.6399540853685124,0.5776934922762126
51018,normal,0.75,6,19,0.08,1.0,0.6455244138808465,0.5944495386091061
51018,normal,0.75,7,19,0.06,1.0,0.6455165513445402,0.6155059593149457
51018,normal,0.75,8,19,0.06,1.0,0.6230684923170676,0.6194609169681415
51018,normal,0.75,9,19,0.1,1.0,0.6455090826348581,0.6177949057202872
51018,normal,0.75,10,19,0.06,1.0,0.6455210229153571,0.5215671558160494
51018,normal,0.75,11,19,0.1,1.0,0.6455220569038738,0.6126038168898996
51018,normal,0.9,0,22,0.06,1.0,0.6455246003858557,0.5573562254870613
51018,normal,0.9,1,22,0.08,1.0,0.6455251152450194,0.5359509321538836
51018,normal,0.9,2,22,0.06,1.0,0.6455251559280331,0.5224754098437191
51018,normal,0.9,3,22,0.1,1.0,0.6455247732742398,0.5461613960429859
51018,normal,0.9,4,22,0.06,1.0,0.6454184208106869,0.5192090549333518
51018,normal,0.9,5,22,0.06,1.0,0.645504709997524,0.5240573432226452
51018,normal,0.9,6,22,0.12,1.0,0.6455245402470599,0.5758649777579055
51018,normal,0.9,7,22,0.06,1.0,0.6455250816709733,0.5418434560017953
51018,normal,0.9,8,22,0.12,1.0,0.6455247725152037,0.5349422141510588
51018,normal,0.9,9,22,0.12,1.0,0.6455244555430383,0.5523070067832162
51018,normal,0.9,10,22,0.08,1.0,0.6455251121394018,0.563926331228876
51018,normal,0.9,11,22,0.06,1.0,0.6454013550490529,0.5336898695073756
51018,shuffled,0.0,0,0,0.54,1.0,0.6455133399174572,1.0
51018,shuffled,0.0,1,0,0.54,1.0,0.6455133399174572,1.0
51018,shuffled,0.0,2,0,0.54,1.0,0.6455133399174572,1.0
51018,shuffled,0.0,3,0,0.54,1.0,0.6455133399174572,1.0
51018,shuffled,0.0,4,0,0.54,1.0,0.6455133399174572,1.0
51018,shuffled,0.0,5,0,0.54,1.0,0.6455133399174572,1.0
51018,shuffled,0.0,6,0,0.54,1.0,0.6455133399174572,1.0
51018,shuffled,0.0,7,0,0.54,1.0,0.6455133399174572,1.0
51018,shuffled,0.0,8,0,0.54,1.0,0.6455133399174572,1.0
51018,shuffled,0.0,9,0,0.54,1.0,0.6455133399174572,1.0
51018,shuffled,0.0,10,0,0.54,1.0,0.6455133399174572,1.0
51018,shuffled,0.0,11,0,0.54,1.0,0.6455133399174572,1.0
51018,shuffled,0.25,0,6,0.32,1.0,0.6454825977570334,0.8369253699127326
51018,shuffled,0.25,1,6,0.28,1.0,0.6454740841022982,0.830608505407789
51018,shuffled,0.25,2,6,0.34,1.0,0.6454846293852818,0.8523880853229684
51018,shuffled,0.25,3,6,0.32,1.0,0.6455104535867775,0.8400708987259462
51018,shuffled,0.25,4,6,0.34,1.0,0.6455194174679975,0.8276716192013984
51018,shuffled,0.25,5,6,0.32,1.0,0.6455248007635906,0.8637715600096649
51018,shuffled,0.25,6,6,0.36,1.0,0.6455247186148335,0.8295656478072994
51018,shuffled,0.25,7,6,0.38,1.0,0.6455250292513162,0.8535021460320601
51018,shuffled,0.25,8,6,0.34,1.0,0.6454721309605483,0.8575593141852571
51018,shuffled,0.25,9,6,0.3,1.0,0.6455223405305296,0.8144758143585991
51018,shuffled,0.25,10,6,0.34,1.0,0.6454476688431751,0.8138453903226552
51018,shuffled,0.25,11,6,0.34,1.0,0.6332158752526552,0.8381510818812558
51018,shuffled,0.5,0,12,0.2,1.0,0.6452567644776467,0.7132813208860456
51018,shuffled,0.5,1,12,0.26,1.0,0.6453790303360435,0.7376095603918041
51018,shuffled,0.5,2,12,0.24,1.0,0.6454794530013466,0.7130842104514088
51018,shuffled,0.5,3,12,0.2,1.0,0.6454885279040145,0.7533952345042446
51018,shuffled,0.5,4,12,0.28,1.0,0.645522748651177,0.7427030865170562
51018,shuffled,0.5,5,12,0.42,1.0,0.6454916633451719,0.7512474579981179
51018,shuffled,0.5,6,12,0.28,1.0,0.6455061795303436,0.720209219561516
51018,shuffled,0.5,7,12,0.24,1.0,0.6455162100494277,0.730129033784546
51018,shuffled,0.5,8,12,0.22,1.0,0.6455220583026954,0.7206655627622545
51018,shuffled,0.5,9,12,0.2,1.0,0.6455244775189354,0.7084683031924597
51018,shuffled,0.5,10,12,0.22,1.0,0.6454475478992773,0.74755484646613
51018,shuffled,0.5,11,12,0.36,1.0,0.6454968265517286,0.7368454768712976
51018,shuffled,0.75,0,19,0.06,1.0,0.6455247105153847,0.6456939362376558
51018,shuffled,0.75,1,19,0.14,1.0,0.6455237839696801,0.6349853186786178
51018,shuffled,0.75,2,19,0.1,1.0,0.645522321362658,0.636642670641473
51018,shuffled,0.75,3,19,0.14,1.0,0.6455246762658987,0.649153806438617
51018,shuffled,0.75,4,19,0.2,1.0,0.6455194156867442,0.6410436179167778
51018,shuffled,0.75,5,19,0.1,1.0,0.6455228926605524,0.6370307038902461
51018,shuffled,0.75,6,19,0.12,1.0,0.6455238915806781,0.640017133543399
51018,shuffled,0.75,7,19,0.14,1.0,0.6455161966463797,0.6094588212363182
51018,shuffled,0.75,8,19,0.12,1.0,0.6455176829863791,0.6653553939409143
51018,shuffled,0.75,9,19,0.16,1.0,0.6455249223125036,0.6207829218646278
51018,shuffled,0.75,10,19,0.12,1.0,0.6455251052789067,0.6217083486835879
51018,shuffled,0.75,11,19,0.06,1.0,0.645524950402353,0.6258577938109054
51018,shuffled,0.9,0,22,0.08,1.0,0.645524981804284,0.6250215048228555
51018,shuffled,0.9,1,22,0.06,1.0,0.6455247894445564,0.6583977684389639
51018,shuffled,0.9,2,22,0.08,1.0,0.6455250154866542,0.611755655514012
51018,shuffled,0.9,3,22,0.1,1.0,0.6455233195874166,0.5803969278533107
51018,shuffled,0.9,4,22,0.08,1.0,0.6455250816499668,0.5969999502165249
51018,shuffled,0.9,5,22,0.06,1.0,0.6455250543708384,0.6176453032864317
51018,shuffled,0.9,6,22,0.1,1.0,0.6455215578879023,0.6119606314090447
51018,shuffled,0.9,7,22,0.1,1.0,0.6455209810333564,0.6165706417240497
51018,shuffled,0.9,8,22,0.06,1.0,0.645524506599091,0.619475868684409
51018,shuffled,0.9,9,22,0.1,1.0,0.6455250511234251,0.6182315515311841
51018,shuffled,0.9,10,22,0.06,1.0,0.6455250543708384,0.6176453032864317
51018,shuffled,0.9,11,22,0.08,1.0,0.6455247386409578,0.5961407153186861
51018,dense,0.0,0,0,0.02,0.5,0.20626408180640993,0.9999999999999999
51018,dense,0.0,1,0,0.02,0.5,0.20626408180640993,0.9999999999999999
51018,dense,0.0,2,0,0.02,0.5,0.20626408180640993,0.9999999999999999
51018,dense,0.0,3,0,0.02,0.5,0.20626408180640993,0.9999999999999999
51018,dense,0.0,4,0,0.02,0.5,0.20626408180640993,0.9999999999999999
51018,dense,0.0,5,0,0.02,0.5,0.20626408180640993,0.9999999999999999
51018,dense,0.0,6,0,0.02,0.5,0.20626408180640993,0.9999999999999999
51018,dense,0.0,7,0,0.02,0.5,0.20626408180640993,0.9999999999999999
51018,dense,0.0,8,0,0.02,0.5,0.20626408180640993,0.9999999999999999
51018,dense,0.0,9,0,0.02,0.5,0.20626408180640993,0.9999999999999999
51018,dense,0.0,10,0,0.02,0.5,0.20626408180640993,0.9999999999999999
51018,dense,0.0,11,0,0.02,0.5,0.20626408180640993,0.9999999999999999
51018,dense,0.25,0,6,0.02,0.5,0.20626408180640993,0.9999999999999999
51018,dense,0.25,1,6,0.02,0.5,0.20626408180640993,0.9999999999999999
51018,dense,0.25,2,6,0.02,0.5,0.20626408180640993,0.9999999999999999
51018,dense,0.25,3,6,0.02,0.5,0.20626408180640993,0.9999999999999999
51018,dense,0.25,4,6,0.02,0.5,0.20626408180640993,0.9999999999999999
51018,dense,0.25,5,6,0.02,0.5,0.20626408180640993,0.9999999999999999
51018,dense,0.25,6,6,0.02,0.5,0.20626408180640993,0.9999999999999999
51018,dense,0.25,7,6,0.02,0.5,0.20626408180640993,0.9999999999999999
51018,dense,0.25,8,6,0.02,0.5,0.20626408180640993,0.9999999999999999
51018,dense,0.25,9,6,0.02,0.5,0.20626408180640993,0.9999999999999999
51018,dense,0.25,10,6,0.02,0.5,0.20626408180640993,0.9999999999999999
51018,dense,0.25,11,6,0.02,0.5,0.20626408180640993,0.9999999999999999
51018,dense,0.5,0,12,0.02,0.5,0.20626408180640993,0.9999999999999999
51018,dense,0.5,1,12,0.02,0.5,0.20626408180640993,0.9999999999999999
51018,dense,0.5,2,12,0.02,0.5,0.20626408180640993,0.9999999999999999
51018,dense,0.5,3,12,0.02,0.5,0.20626408180640993,0.9999999999999999
51018,dense,0.5,4,12,0.02,0.5,0.20626408180640993,0.9999999999999999
51018,dense,0.5,5,12,0.02,0.5,0.20626408180640993,0.9999999999999999
51018,dense,0.5,6,12,0.02,0.5,0.20626408180640993,0.9999999999999999
51018,dense,0.5,7,12,0.02,0.5,0.20626408180640993,0.9999999999999999
51018,dense,0.5,8,12,0.02,0.5,0.20626408180640993,0.9999999999999999
51018,dense,0.5,9,12,0.02,0.5,0.20626408180640993,0.9999999999999999
51018,dense,0.5,10,12,0.02,0.5,0.20626408180640993,0.9999999999999999
51018,dense,0.5,11,12,0.02,0.5,0.20626408180640993,0.9999999999999999
51018,dense,0.75,0,19,0.02,0.5,0.20626408180640993,0.9999999999999999
51018,dense,0.75,1,19,0.02,0.5,0.20626408180640993,0.9999999999999999
51018,dense,0.75,2,19,0.02,0.5,0.20626408180640993,0.9999999999999999
51018,dense,0.75,3,19,0.02,0.5,0.20626408180640993,0.9999999999999999
51018,dense,0.75,4,19,0.02,0.5,0.20626408180640993,0.9999999999999999
51018,dense,0.75,5,19,0.02,0.5,0.20626408180640993,0.9999999999999999
51018,dense,0.75,6,19,0.02,0.5,0.20626408180640993,0.9999999999999999
51018,dense,0.75,7,19,0.02,0.5,0.20626408180640993,0.9999999999999999
51018,dense,0.75,8,19,0.02,0.5,0.20626408180640993,0.9999999999999999
51018,dense,0.75,9,19,0.02,0.5,0.20626408180640993,0.9999999999999999
51018,dense,0.75,10,19,0.02,0.5,0.20626408180640993,0.9999999999999999
51018,dense,0.75,11,19,0.02,0.5,0.20626408180640993,0.9999999999999999
51018,dense,0.9,0,22,0.02,0.5,0.20626408180640993,0.9999999999999999
51018,dense,0.9,1,22,0.02,0.5,0.20626408180640993,0.9999999999999999
51018,dense,0.9,2,22,0.02,0.5,0.20626408180640993,0.9999999999999999
51018,dense,0.9,3,22,0.02,0.5,0.20626408180640993,0.9999999999999999
51018,dense,0.9,4,22,0.02,0.5,0.20626408180640993,0.9999999999999999
51018,dense,0.9,5,22,0.02,0.5,0.20626408180640993,0.9999999999999999
51018,dense,0.9,6,22,0.02,0.5,0.20626408180640993,0.9999999999999999
51018,dense,0.9,7,22,0.02,0.5,0.20626408180640993,0.9999999999999999
51018,dense,0.9,8,22,0.02,0.5,0.20626408180640993,0.9999999999999999
51018,dense,0.9,9,22,0.02,0.5,0.20626408180640993,0.9999999999999999
51018,dense,0.9,10,22,0.02,0.5,0.20626408180640993,0.9999999999999999
51018,dense,0.9,11,22,0.02,0.5,0.20626408180640993,0.9999999999999999
51018,identity,0.0,0,0,0.9,1.0,0.642691813202414,1.0
51018,identity,0.0,1,0,0.9,1.0,0.642691813202414,1.0
51018,identity,0.0,2,0,0.9,1.0,0.642691813202414,1.0
51018,identity,0.0,3,0,0.9,1.0,0.642691813202414,1.0
51018,identity,0.0,4,0,0.9,1.0,0.642691813202414,1.0
51018,identity,0.0,5,0,0.9,1.0,0.642691813202414,1.0
51018,identity,0.0,6,0,0.9,1.0,0.642691813202414,1.0
51018,identity,0.0,7,0,0.9,1.0,0.642691813202414,1.0
51018,identity,0.0,8,0,0.9,1.0,0.642691813202414,1.0
51018,identity,0.0,9,0,0.9,1.0,0.642691813202414,1.0
51018,identity,0.0,10,0,0.9,1.0,0.642691813202414,1.0
51018,identity,0.0,11,0,0.9,1.0,0.642691813202414,1.0
51018,identity,0.25,0,6,0.56,1.0,0.6376000724022294,0.9412267718292968
51018,identity,0.25,1,6,0.62,1.0,0.635415306423153,0.9505767845143035
51018,identity,0.25,2,6,0.68,1.0,0.6444105749435235,0.9219391722080473
51018,identity,0.25,3,6,0.72,1.0,0.6403698022988715,0.9164343818624141
51018,identity,0.25,4,6,0.78,1.0,0.6435483061827199,0.9424111823639129
51018,identity,0.25,5,6,0.66,1.0,0.6278990483108022,0.9345850947819048
51018,identity,0.25,6,6,0.72,1.0,0.6436060929868148,0.9130011914304532
51018,identity,0.25,7,6,0.78,1.0,0.6385689352324246,0.9421601124080028
51018,identity,0.25,8,6,0.74,1.0,0.6431343330728952,0.9313494313494413
51018,identity,0.25,9,6,0.62,1.0,0.6343581746288948,0.9333349586957209
51018,identity,0.25,10,6,0.74,1.0,0.6389837087452352,0.9424850586748399
51018,identity,0.25,11,6,0.64,1.0,0.642235091629169,0.9375940520042572
51018,identity,0.5,0,12,0.5,1.0,0.6388288503275226,0.8576199160790948
51018,identity,0.5,1,12,0.4,1.0,0.6420910148444143,0.859160366562854
51018,identity,0.5,2,12,0.38,1.0,0.6390366286442584,0.8344786081842157
51018,identity,0.5,3,12,0.36,1.0,0.6227336120016279,0.8750424331814827
51018,identity,0.5,4,12,0.36,1.0,0.6246483688933888,0.8505004521308487
51018,identity,0.5,5,12,0.42,1.0,0.6260019067303191,0.8516340782556202
51018,identity,0.5,6,12,0.32,1.0,0.6342468378492419,0.8639428328721572
51018,identity,0.5,7,12,0.44,1.0,0.6429134602504979,0.8395884379426325
51018,identity,0.5,8,12,0.4,1.0,0.6080929141763175,0.8357697934440164
51018,identity,0.5,9,12,0.32,1.0,0.6293261358991203,0.8868705209266493
51018,identity,0.5,10,12,0.38,1.0,0.6298235013315242,0.8734262746735816
51018,identity,0.5,11,12,0.38,1.0,0.6408546971695389,0.8300490934057825
51018,identity,0.75,0,19,0.16,1.0,0.6228219379967641,0.764979863737709
51018,identity,0.75,1,19,0.12,0.5,0.4688541326146955,0.765198598468719
51018,identity,0.75,2,19,0.1,1.0,0.5512417138588465,0.7679431250003639
51018,identity,0.75,3,19,0.1,0.5,0.47649663176902235,0.7725746006972624
51018,identity,0.75,4,19,0.06,1.0,0.5868435705083896,0.7690310528553362
51018,identity,0.75,5,19,0.14,1.0,0.5848053708445212,0.7870231631067734
51018,identity,0.75,6,19,0.12,1.0,0.5740016937307256,0.7830685759507703
51018,identity,0.75,7,19,0.12,1.0,0.57927706442546,0.7697886639689391
51018,identity,0.75,8,19,0.06,1.0,0.5590548660859248,0.7830742378098161
51018,identity,0.75,9,19,0.06,1.0,0.5468634849090449,0.768586451595408
51018,identity,0.75,10,19,0.12,1.0,0.6185513395082312,0.7679280094130968
51018,identity,0.75,11,19,0.08,1.0,0.5102731051339121,0.7643851871447866
51018,identity,0.9,0,22,0.02,0.5,0.5261287417482192,0.7437635957828115
51018,identity,0.9,1,22,0.04,1.0,0.5244339642596295,0.7478390436814959
51018,identity,0.9,2,22,0.04,0.5,0.46621274758231623,0.7428162483064858
51018,identity,0.9,3,22,0.02,1.0,0.5601882248652577,0.7472998167444282
51018,identity,0.9,4,22,0.0,1.0,0.5492029995221934,0.74215497041773
51018,identity,0.9,5,22,0.06,0.5,0.4786237557778975,0.7510777934420654
51018,identity,0.9,6,22,0.04,0.5,0.49951487231807534,0.7442340685703468
51018,identity,0.9,7,22,0.04,1.0,0.5069485952867755,0.7483520481456365
51018,identity,0.9,8,22,0.02,0.5,0.466799152888411,0.7490171321917045
51018,identity,0.9,9,22,0.02,1.0,0.5177700594860316,0.7436838930579469
51018,identity,0.9,10,22,0.04,0.5,0.5070239772966231,0.7478399722430902
51018,identity,0.9,11,22,0.08,0.5,0.46273612343709347,0.7477082495825459
51019,normal,0.0,0,0,0.7,1.0,0.6399936419986338,1.0
51019,normal,0.0,1,0,0.7,1.0,0.6399936419986338,1.0
51019,normal,0.0,2,0,0.7,1.0,0.6399936419986338,1.0
51019,normal,0.0,3,0,0.7,1.0,0.6399936419986338,1.0
51019,normal,0.0,4,0,0.7,1.0,0.6399936419986338,1.0
51019,normal,0.0,5,0,0.7,1.0,0.6399936419986338,1.0
51019,normal,0.0,6,0,0.7,1.0,0.6399936419986338,1.0
51019,normal,0.0,7,0,0.7,1.0,0.6399936419986338,1.0
51019,normal,0.0,8,0,0.7,1.0,0.6399936419986338,1.0
51019,normal,0.0,9,0,0.7,1.0,0.6399936419986338,1.0
51019,normal,0.0,10,0,0.7,1.0,0.6399936419986338,1.0
51019,normal,0.0,11,0,0.7,1.0,0.6399936419986338,1.0
51019,normal,0.25,0,6,0.38,1.0,0.6389622061566469,0.8003666377848769
51019,normal,0.25,1,6,0.36,1.0,0.6399887779000405,0.8399335821094719
51019,normal,0.25,2,6,0.44,1.0,0.6399667564529165,0.8767395435041925
51019,normal,0.25,3,6,0.44,1.0,0.639990421508469,0.8593121027775708
51019,normal,0.25,4,6,0.52,1.0,0.6396458559447633,0.8724693109617522
51019,normal,0.25,5,6,0.54,1.0,0.6397540269157524,0.8476215819903986
51019,normal,0.25,6,6,0.44,1.0,0.6395251003920354,0.8753662142724437
51019,normal,0.25,7,6,0.4,1.0,0.6399936550653166,0.8227074410265814
51019,normal,0.25,8,6,0.46,1.0,0.6399680478255572,0.8477635231639337
51019,normal,0.25,9,6,0.48,1.0,0.6399945968163345,0.8268403153100868
51019,normal,0.25,10,6,0.5,1.0,0.6399928784320672,0.8809390475756631
51019,normal,0.25,11,6,0.32,1.0,0.6399974209263096,0.8639756202135931
51019,normal,0.5,0,12,0.24,1.0,0.6399774727974435,0.7542980734406535
51019,normal,0.5,1,12,0.24,1.0,0.6399966480702575,0.7441872623291301
51019,normal,0.5,2,12,0.28,1.0,0.6399616495754976,0.7325373634668871
51019,normal,0.5,3,12,0.22,1.0,0.6399964367762313,0.700751091888445
51019,normal,0.5,4,12,0.2,1.0,0.6399992470759479,0.6723138002663848
51019,normal,0.5,5,12,0.28,1.0,0.639998317741626,0.7604344915514989
51019,normal,0.5,6,12,0.3,1.0,0.6399858775623213,0.7338822994885689
51019,normal,0.5,7,12,0.26,1.0,0.6391903130199261,0.7470779044292811
51019,normal,0.5,8,12,0.22,1.0,0.6399839264122008,0.6596991597133832
51019,normal,0.5,9,12,0.24,1.0,0.6396478611656168,0.700121160386655
51019,normal,0.5,10,12,0.26,1.0,0.6399736949993983,0.7033838585600882
51019,normal,0.5,11,12,0.18,1.0,0.6399787397703158,0.7060972292058868
51019,normal,0.75,0,19,0.04,1.0,0.6399329146239922,0.617619655117621
51019,normal,0.75,1,19,0.08,1.0,0.6399740016416292,0.6436903314680865
51019,normal,0.75,2,19,0.1,1.0,0.6397084089179903,0.600560244911545
51019,normal,0.75,3,19,0.14,1.0,0.6399846644313496,0.6479660253535386
51019,normal,0.75,4,19,0.1,1.0,0.6399627826880412,0.6424975236958363
51019,normal,0.75,5,19,0.14,1.0,0.639918999213527,0.6314791543249967
51019,normal,0.75,6,19,0.1,1.0,0.6398934909591506,0.6201660908841632
51019,normal,0.75,7,19,0.1,1.0,0.6399579530256357,0.6162683213025565
51019,normal,0.75,8,19,0.12,1.0,0.6399523447165985,0.6414303413077633
51019,normal,0.75,9,19,0.1,1.0,0.639965385862264,0.6356833080631925
51019,normal,0.75,10,19,0.08,1.0,0.6399921582877315,0.6530211821963566
51019,normal,0.75,11,19,0.1,1.0,0.6399898228611188,0.6353262432560458
51019,normal,0.9,0,22,0.08,1.0,0.6399448920368178,0.5931755048102493
51019,normal,0.9,1,22,0.12,1.0,0.6399821943436718,0.5807631073692512
51019,normal,0.9,2,22,0.08,1.0,0.639984833190644,0.5965774735237693
51019,normal,0.9,3,22,0.06,1.0,0.6399647556666536,0.6101804086173587
51019,normal,0.9,4,22,0.1,1.0,0.6399630748717378,0.5950237252299047
51019,normal,0.9,5,22,0.1,1.0,0.639981929710347,0.6205046258881327
51019,normal,0.9,6,22,0.04,1.0,0.6398905441533552,0.5864639553570848
51019,normal,0.9,7,22,0.1,1.0,0.6399760365814027,0.5754830702890501
51019,normal,0.9,8,22,0.08,1.0,0.6399441727431381,0.6035674996685846
51019,normal,0.9,9,22,0.06,1.0,0.6399517097531409,0.5848556692998282
51019,normal,0.9,10,22,0.08,1.0,0.6399420286924272,0.6112880726139727
51019,normal,0.9,11,22,0.04,1.0,0.6399061820988217,0.5884950903651156
51019,shuffled,0.0,0,0,0.64,1.0,0.6399909082735418,1.0
51019,shuffled,0.0,1,0,0.64,1.0,0.6399909082735418,1.0
51019,shuffled,0.0,2,0,0.64,1.0,0.6399909082735418,1.0
51019,shuffled,0.0,3,0,0.64,1.0,0.6399909082735418,1.0
51019,shuffled,0.0,4,0,0.64,1.0,0.6399909082735418,1.0
51019,shuffled,0.0,5,0,0.64,1.0,0.6399909082735418,1.0
51019,shuffled,0.0,6,0,0.64,1.0,0.6399909082735418,1.0
51019,shuffled,0.0,7,0,0.64,1.0,0.6399909082735418,1.0
51019,shuffled,0.0,8,0,0.64,1.0,0.6399909082735418,1.0
51019,shuffled,0.0,9,0,0.64,1.0,0.6399909082735418,1.0
51019,shuffled,0.0,10,0,0.64,1.0,0.6399909082735418,1.0
51019,shuffled,0.0,11,0,0.64,1.0,0.6399909082735418,1.0
51019,shuffled,0.25,0,6,0.36,1.0,0.6387249424303918,0.7970380570054324
51019,shuffled,0.25,1,6,0.46,1.0,0.63997884634939,0.7962268371138096
51019,shuffled,0.25,2,6,0.42,1.0,0.6377124009077424,0.7989458671200792
51019,shuffled,0.25,3,6,0.44,1.0,0.6396832152074721,0.8203980435758734
51019,shuffled,0.25,4,6,0.44,1.0,0.6388143000710264,0.8246273364712965
51019,shuffled,0.25,5,6,0.44,1.0,0.6387473838712581,0.837670870784618
51019,shuffled,0.25,6,6,0.38,1.0,0.6399652393251363,0.836962370612841
51019,shuffled,0.25,7,6,0.42,1.0,0.6399304521313689,0.8243964903867161
51019,shuffled,0.25,8,6,0.44,1.0,0.6375323733754594,0.8240772561189886
51019,shuffled,0.25,9,6,0.4,1.0,0.6399251264656692,0.8499731715722872
51019,shuffled,0.25,10,6,0.4,1.0,0.6365984064122135,0.8550117946537403
51019,shuffled,0.25,11,6,0.5,1.0,0.6399561169534559,0.8468126248485219
51019,shuffled,0.5,0,12,0.2,1.0,0.6290062694897749,0.6590139436872469
51019,shuffled,0.5,1,12,0.2,1.0,0.6379534596139733,0.7006423167793885
51019,shuffled,0.5,2,12,0.2,1.0,0.6399352432368872,0.6999559123770388
51019,shuffled,0.5,3,12,0.22,1.0,0.6399988926259341,0.7008185276144934
51019,shuffled,0.5,4,12,0.24,1.0,0.6390566035183926,0.7076711917297414
51019,shuffled,0.5,5,12,0.3,1.0,0.6384030738710339,0.6752943180200768
51019,shuffled,0.5,6,12,0.2,1.0,0.6399921823030459,0.6343873997462363
51019,shuffled,0.5,7,12,0.12,1.0,0.6393129816929078,0.6947724812589128
51019,shuffled,0.5,8,12,0.2,1.0,0.6388629373156813,0.6794536552504282
51019,shuffled,0.5,9,12,0.2,1.0,0.6372116864261637,0.693108017819594
51019,shuffled,0.5,10,12,0.24,1.0,0.6397753431528166,0.6959691601944342
51019,shuffled,0.5,11,12,0.18,1.0,0.6389289895321192,0.6952114822716314
51019,shuffled,0.75,0,19,0.14,1.0,0.6399362182110688,0.5818643865894818
51019,shuffled,0.75,1,19,0.08,1.0,0.6391272053125454,0.5874861331140725
51019,shuffled,0.75,2,19,0.16,1.0,0.6397796336557312,0.5982090628466206
51019,shuffled,0.75,3,19,0.1,1.0,0.6399833215026764,0.5586506875397212
51019,shuffled,0.75,4,19,0.14,1.0,0.6399714057007782,0.5794727685885637
51019,shuffled,0.75,5,19,0.1,1.0,0.6399355324307586,0.5678028701105947
51019,shuffled,0.75,6,19,0.1,1.0,0.639676075280082,0.533193727273707
51019,shuffled,0.75,7,19,0.14,1.0,0.6398713405345338,0.5990828097254427
51019,shuffled,0.75,8,19,0.08,1.0,0.6399356167470668,0.6077400088946814
51019,shuffled,0.75,9,19,0.04,1.0,0.6399939159576711,0.55568527544511
51019,shuffled,0.75,10,19,0.08,1.0,0.6399982965185547,0.5773150406950237
51019,shuffled,0.75,11,19,0.12,1.0,0.639741655597147,0.5802275178991081
51019,shuffled,0.9,0,22,0.1,1.0,0.6399952723634565,0.5157422028706211
51019,shuffled,0.9,1,22,0.1,1.0,0.6399949106102121,0.538499265132942
51019,shuffled,0.9,2,22,0.08,1.0,0.6399945100598652,0.5315031540013717
51019,shuffled,0.9,3,22,0.08,1.0,0.6399785593416951,0.5249528152430443
51019,shuffled,0.9,4,22,0.1,1.0,0.6381718870071896,0.5148926630206162
51019,shuffled,0.9,5,22,0.04,1.0,0.6399924696069716,0.48368286019583195
51019,shuffled,0.9,6,22,0.12,1.0,0.6399858125041074,0.530888710596346
51019,shuffled,0.9,7,22,0.06,1.0,0.6399844905422033,0.5175351302935992
51019,shuffled,0.9,8,22,0.06,1.0,0.6399984310421327,0.4930536776816365
51019,shuffled,0.9,9,22,0.08,1.0,0.639997363979958,0.5633598599550667
51019,shuffled,0.9,10,22,0.06,1.0,0.6399971842587504,0.5251349789173583
51019,shuffled,0.9,11,22,0.08,1.0,0.6399959506735152,0.4981371054307629
51019,dense,0.0,0,0,0.02,0.5,0.21269108417739266,0.9999999999999999
51019,dense,0.0,1,0,0.02,0.5,0.21269108417739266,0.9999999999999999
51019,dense,0.0,2,0,0.02,0.5,0.21269108417739266,0.9999999999999999
51019,dense,0.0,3,0,0.02,0.5,0.21269108417739266,0.9999999999999999
51019,dense,0.0,4,0,0.02,0.5,0.21269108417739266,0.9999999999999999
51019,dense,0.0,5,0,0.02,0.5,0.21269108417739266,0.9999999999999999
51019,dense,0.0,6,0,0.02,0.5,0.21269108417739266,0.9999999999999999
51019,dense,0.0,7,0,0.02,0.5,0.21269108417739266,0.9999999999999999
51019,dense,0.0,8,0,0.02,0.5,0.21269108417739266,0.9999999999999999
51019,dense,0.0,9,0,0.02,0.5,0.21269108417739266,0.9999999999999999
51019,dense,0.0,10,0,0.02,0.5,0.21269108417739266,0.9999999999999999
51019,dense,0.0,11,0,0.02,0.5,0.21269108417739266,0.9999999999999999
51019,dense,0.25,0,6,0.02,0.5,0.21269108417739266,0.9999999999999999
51019,dense,0.25,1,6,0.02,0.5,0.21269108417739266,0.9999999999999999
51019,dense,0.25,2,6,0.02,0.5,0.21269108417739266,0.9999999999999999
51019,dense,0.25,3,6,0.02,0.5,0.21269108417739266,0.9999999999999999
51019,dense,0.25,4,6,0.02,0.5,0.21269108417739266,0.9999999999999999
51019,dense,0.25,5,6,0.02,0.5,0.21269108417739266,0.9999999999999999
51019,dense,0.25,6,6,0.02,0.5,0.21269108417739266,0.9999999999999999
51019,dense,0.25,7,6,0.02,0.5,0.21269108417739266,0.9999999999999999
51019,dense,0.25,8,6,0.02,0.5,0.21269108417739266,0.9999999999999999
51019,dense,0.25,9,6,0.02,0.5,0.21269108417739266,0.9999999999999999
51019,dense,0.25,10,6,0.02,0.5,0.21269108417739266,0.9999999999999999
51019,dense,0.25,11,6,0.02,0.5,0.21269108417739266,0.9999999999999999
51019,dense,0.5,0,12,0.02,0.5,0.21269108417739266,0.9999999999999999
51019,dense,0.5,1,12,0.02,0.5,0.21269108417739266,0.9999999999999999
51019,dense,0.5,2,12,0.02,0.5,0.21269108417739266,0.9999999999999999
51019,dense,0.5,3,12,0.02,0.5,0.21269108417739266,0.9999999999999999
51019,dense,0.5,4,12,0.02,0.5,0.21269108417739266,0.9999999999999999
51019,dense,0.5,5,12,0.02,0.5,0.21269108417739266,0.9999999999999999
51019,dense,0.5,6,12,0.02,0.5,0.21269108417739266,0.9999999999999999
51019,dense,0.5,7,12,0.02,0.5,0.21269108417739266,0.9999999999999999
51019,dense,0.5,8,12,0.02,0.5,0.21269108417739266,0.9999999999999999
51019,dense,0.5,9,12,0.02,0.5,0.21269108417739266,0.9999999999999999
51019,dense,0.5,10,12,0.02,0.5,0.21269108417739266,0.9999999999999999
51019,dense,0.5,11,12,0.02,0.5,0.21269108417739266,0.9999999999999999
51019,dense,0.75,0,19,0.02,0.5,0.21269108417739266,0.9999999999999999
51019,dense,0.75,1,19,0.02,0.5,0.21269108417739266,0.9999999999999999
51019,dense,0.75,2,19,0.02,0.5,0.21269108417739266,0.9999999999999999
51019,dense,0.75,3,19,0.02,0.5,0.21269108417739266,0.9999999999999999
51019,dense,0.75,4,19,0.02,0.5,0.21269108417739266,0.9999999999999999
51019,dense,0.75,5,19,0.02,0.5,0.21269108417739266,0.9999999999999999
51019,dense,0.75,6,19,0.02,0.5,0.21269108417739266,0.9999999999999999
51019,dense,0.75,7,19,0.02,0.5,0.21269108417739266,0.9999999999999999
51019,dense,0.75,8,19,0.02,0.5,0.21269108417739266,0.9999999999999999
51019,dense,0.75,9,19,0.02,0.5,0.21269108417739266,0.9999999999999999
51019,dense,0.75,10,19,0.02,0.5,0.21269108417739266,0.9999999999999999
51019,dense,0.75,11,19,0.02,0.5,0.21269108417739266,0.9999999999999999
51019,dense,0.9,0,22,0.02,0.5,0.21269108417739266,0.9999999999999999
51019,dense,0.9,1,22,0.02,0.5,0.21269108417739266,0.9999999999999999
51019,dense,0.9,2,22,0.02,0.5,0.21269108417739266,0.9999999999999999
51019,dense,0.9,3,22,0.02,0.5,0.21269108417739266,0.9999999999999999
51019,dense,0.9,4,22,0.02,0.5,0.21269108417739266,0.9999999999999999
51019,dense,0.9,5,22,0.02,0.5,0.21269108417739266,0.9999999999999999
51019,dense,0.9,6,22,0.02,0.5,0.21269108417739266,0.9999999999999999
51019,dense,0.9,7,22,0.02,0.5,0.21269108417739266,0.9999999999999999
51019,dense,0.9,8,22,0.02,0.5,0.21269108417739266,0.9999999999999999
51019,dense,0.9,9,22,0.02,0.5,0.21269108417739266,0.9999999999999999
51019,dense,0.9,10,22,0.02,0.5,0.21269108417739266,0.9999999999999999
51019,dense,0.9,11,22,0.02,0.5,0.21269108417739266,0.9999999999999999
51019,identity,0.0,0,0,0.94,1.0,0.6399857310118502,1.0
51019,identity,0.0,1,0,0.94,1.0,0.6399857310118502,1.0
51019,identity,0.0,2,0,0.94,1.0,0.6399857310118502,1.0
51019,identity,0.0,3,0,0.94,1.0,0.6399857310118502,1.0
51019,identity,0.0,4,0,0.94,1.0,0.6399857310118502,1.0
51019,identity,0.0,5,0,0.94,1.0,0.6399857310118502,1.0
51019,identity,0.0,6,0,0.94,1.0,0.6399857310118502,1.0
51019,identity,0.0,7,0,0.94,1.0,0.6399857310118502,1.0
51019,identity,0.0,8,0,0.94,1.0,0.6399857310118502,1.0
51019,identity,0.0,9,0,0.94,1.0,0.6399857310118502,1.0
51019,identity,0.0,10,0,0.94,1.0,0.6399857310118502,1.0
51019,identity,0.0,11,0,0.94,1.0,0.6399857310118502,1.0
51019,identity,0.25,0,6,0.82,1.0,0.6394383435979093,0.9380228592518138
51019,identity,0.25,1,6,0.58,1.0,0.6398308602834419,0.9201417466961533
51019,identity,0.25,2,6,0.72,1.0,0.6380917347118821,0.945613899160807
51019,identity,0.25,3,6,0.74,1.0,0.6399776421036097,0.945534554571244
51019,identity,0.25,4,6,0.64,1.0,0.6399740349125737,0.9161968594317952
51019,identity,0.25,5,6,0.78,1.0,0.6399755276061301,0.9466892168418846
51019,identity,0.25,6,6,0.7,1.0,0.6399654212299241,0.9223174375089954
51019,identity,0.25,7,6,0.66,1.0,0.6384640469549485,0.939637385899465
51019,identity,0.25,8,6,0.72,1.0,0.6399946039204883,0.9286878800563536
51019,identity,0.25,9,6,0.76,1.0,0.6394049237003668,0.9357553189706442
51019,identity,0.25,10,6,0.74,1.0,0.6399466030104621,0.9507371487835461
51019,identity,0.25,11,6,0.78,1.0,0.6399822334499011,0.9244510439632773
51019,identity,0.5,0,12,0.48,1.0,0.6398773824959281,0.8659852037082139
51019,identity,0.5,1,12,0.42,1.0,0.63984245648727,0.8627341043920502
51019,identity,0.5,2,12,0.42,1.0,0.63974968645528,0.8471763957590572
51019,identity,0.5,3,12,0.56,1.0,0.639695795090996,0.8852487537652824
51019,identity,0.5,4,12,0.44,1.0,0.639667768169672,0.8648252168950904
51019,identity,0.5,5,12,0.38,1.0,0.6383611870085718,0.8526597510813793
51019,identity,0.5,6,12,0.42,1.0,0.6371637305366695,0.8509020785242959
51019,identity,0.5,7,12,0.46,1.0,0.6396180529540478,0.8428216349635421
51019,identity,0.5,8,12,0.52,1.0,0.638471629189117,0.8750386155971772
51019,identity,0.5,9,12,0.64,1.0,0.6397058896284483,0.8704918929154586
51019,identity,0.5,10,12,0.48,1.0,0.6382247127825028,0.8573197889528995
51019,identity,0.5,11,12,0.38,1.0,0.6369534207076972,0.848561446381893
51019,identity,0.75,0,19,0.22,1.0,0.6364602557923107,0.7691523146205554
51019,identity,0.75,1,19,0.14,1.0,0.639583153354875,0.7691988155707495
51019,identity,0.75,2,19,0.14,1.0,0.6356464722254038,0.7717378193936077
51019,identity,0.75,3,19,0.16,1.0,0.6358476329032482,0.7727642115940593
51019,identity,0.75,4,19,0.18,1.0,0.6336439215862347,0.77364559958818
51019,identity,0.75,5,19,0.14,1.0,0.6356704835790534,0.775017060659032
51019,identity,0.75,6,19,0.18,1.0,0.6389294677614908,0.7709588580086968
51019,identity,0.75,7,19,0.12,1.0,0.6375564121063791,0.7779798995032191
51019,identity,0.75,8,19,0.2,1.0,0.6354534513361298,0.7736415656561715
51019,identity,0.75,9,19,0.14,1.0,0.6386210021807621,0.7870547863426122
51019,identity,0.75,10,19,0.18,1.0,0.6375406959708636,0.766943202416461
51019,identity,0.75,11,19,0.14,1.0,0.6398296074152834,0.7801731793540655
51019,identity,0.9,0,22,0.04,1.0,0.6379195951463711,0.7473486338066094
51019,identity,0.9,1,22,0.08,1.0,0.6337859742415156,0.7469615161561969
51019,identity,0.9,2,22,0.04,1.0,0.6347152641567532,0.7454715321231998
51019,identity,0.9,3,22,0.06,1.0,0.6364700168374773,0.7491188082758762
51019,identity,0.9,4,22,0.1,1.0,0.6308784748226992,0.7478356148385218
51019,identity,0.9,5,22,0.08,1.0,0.6329636413770292,0.7444022912276834
51019,identity,0.9,6,22,0.12,1.0,0.6357286515668029,0.7466046528312957
51019,identity,0.9,7,22,0.14,1.0,0.6335788483679733,0.7446399784536538
51019,identity,0.9,8,22,0.06,1.0,0.6354610813299221,0.7446703700194703
51019,identity,0.9,9,22,0.06,1.0,0.630837189446052,0.7499856044534673
51019,identity,0.9,10,22,0.04,1.0,0.6387115189887927,0.7452733013135403
51019,identity,0.9,11,22,0.12,1.0,0.6353288558270054,0.7424660082379245
51020,normal,0.0,0,0,0.66,1.0,0.6399893882560919,1.0
51020,normal,0.0,1,0,0.66,1.0,0.6399893882560919,1.0
51020,normal,0.0,2,0,0.66,1.0,0.6399893882560919,1.0
51020,normal,0.0,3,0,0.66,1.0,0.6399893882560919,1.0
51020,normal,0.0,4,0,0.66,1.0,0.6399893882560919,1.0
51020,normal,0.0,5,0,0.66,1.0,0.6399893882560919,1.0
51020,normal,0.0,6,0,0.66,1.0,0.6399893882560919,1.0
51020,normal,0.0,7,0,0.66,1.0,0.6399893882560919,1.0
51020,normal,0.0,8,0,0.66,1.0,0.6399893882560919,1.0
51020,normal,0.0,9,0,0.66,1.0,0.6399893882560919,1.0
51020,normal,0.0,10,0,0.66,1.0,0.6399893882560919,1.0
51020,normal,0.0,11,0,0.66,1.0,0.6399893882560919,1.0
51020,normal,0.25,0,6,0.38,1.0,0.6399972562902343,0.8203796225677099
51020,normal,0.25,1,6,0.48,1.0,0.6399435937788021,0.8401916915177161
51020,normal,0.25,2,6,0.4,1.0,0.639877905874835,0.8208909665236043
51020,normal,0.25,3,6,0.4,1.0,0.6398420490986179,0.8657959469649397
51020,normal,0.25,4,6,0.46,1.0,0.6399904724852588,0.8786348786947518
51020,normal,0.25,5,6,0.34,1.0,0.6399977753733301,0.8434897615402839
51020,normal,0.25,6,6,0.32,1.0,0.6398434742057136,0.8355082601441716
51020,normal,0.25,7,6,0.38,1.0,0.6398306510879158,0.8384445158827534
51020,normal,0.25,8,6,0.42,1.0,0.6399953206219157,0.8352878202279956
51020,normal,0.25,9,6,0.34,1.0,0.6399978942931626,0.8511624479470867
51020,normal,0.25,10,6,0.54,1.0,0.6399961513615263,0.8702400748741832
51020,normal,0.25,11,6,0.44,1.0,0.6399994094162037,0.8550233497809105
51020,normal,0.5,0,12,0.3,1.0,0.6399970793832486,0.7151962778701534
51020,normal,0.5,1,12,0.24,1.0,0.639998107443991,0.7200504201922183
51020,normal,0.5,2,12,0.26,1.0,0.6392862207048633,0.7402572170443191
51020,normal,0.5,3,12,0.24,1.0,0.6399438981999325,0.7187730505334674
51020,normal,0.5,4,12,0.18,1.0,0.6389000487206562,0.7024817812295714
51020,normal,0.5,5,12,0.28,1.0,0.6399996691201411,0.7383503107205327
51020,normal,0.5,6,12,0.26,1.0,0.6399989195068782,0.7007561506035516
51020,normal,0.5,7,12,0.16,1.0,0.6399951084703634,0.715257992900744
51020,normal,0.5,8,12,0.24,1.0,0.632414416422248,0.7287716539618246
51020,normal,0.5,9,12,0.24,1.0,0.6399999002673025,0.7183629290086658
51020,normal,0.5,10,12,0.24,1.0,0.63999988838375,0.7190975382759384
51020,normal,0.5,11,12,0.3,1.0,0.6399991227487112,0.7309916879926053
51020,normal,0.75,0,19,0.08,1.0,0.6399998387852279,0.5973650674864946
51020,normal,0.75,1,19,0.16,1.0,0.6399996366940139,0.6348083436072797
51020,normal,0.75,2,19,0.14,1.0,0.6399989947741505,0.6454432153595789
51020,normal,0.75,3,19,0.06,1.0,0.6399991957719241,0.5846439670840408
51020,normal,0.75,4,19,0.12,1.0,0.6399994926179126,0.5928035329560183
51020,normal,0.75,5,19,0.1,1.0,0.6399997798353736,0.6489593467504315
51020,normal,0.75,6,19,0.08,1.0,0.6399998474798003,0.6101276153693916
51020,normal,0.75,7,19,0.12,1.0,0.6399998708775121,0.6018395831082789
51020,normal,0.75,8,19,0.14,1.0,0.6399996725207987,0.621737829057276
51020,normal,0.75,9,19,0.12,1.0,0.6399547081676318,0.6027419185255466
51020,normal,0.75,10,19,0.06,1.0,0.639999227327317,0.5965617777540371
51020,normal,0.75,11,19,0.04,1.0,0.639999704636436,0.632201080898034
51020,normal,0.9,0,22,0.1,1.0,0.6399989769363896,0.5673806725801378
51020,normal,0.9,1,22,0.06,1.0,0.6399997965681931,0.5826339742143066
51020,normal,0.9,2,22,0.12,1.0,0.6399918102340459,0.5701270010093137
51020,normal,0.9,3,22,0.06,1.0,0.6399995192066114,0.5646184135703035
51020,normal,0.9,4,22,0.06,1.0,0.6399998213769912,0.5746943196825625
51020,normal,0.9,5,22,0.08,1.0,0.6399997991129677,0.587560834311183
51020,normal,0.9,6,22,0.08,1.0,0.6399994641885127,0.5905177763295602
51020,normal,0.9,7,22,0.12,1.0,0.6399998608213264,0.5770549093956172
51020,normal,0.9,8,22,0.12,1.0,0.6399998064751599,0.5902542572555232
51020,normal,0.9,9,22,0.12,1.0,0.6399998774810638,0.5633948784394653
51020,normal,0.9,10,22,0.08,1.0,0.6399998470048796,0.5522927490985083
51020,normal,0.9,11,22,0.06,1.0,0.639999904334864,0.5764726328569711
51020,shuffled,0.0,0,0,0.8,1.0,0.6399917210344652,1.0
51020,shuffled,0.0,1,0,0.8,1.0,0.6399917210344652,1.0
51020,shuffled,0.0,2,0,0.8,1.0,0.6399917210344652,1.0
51020,shuffled,0.0,3,0,0.8,1.0,0.6399917210344652,1.0
51020,shuffled,0.0,4,0,0.8,1.0,0.6399917210344652,1.0
51020,shuffled,0.0,5,0,0.8,1.0,0.6399917210344652,1.0
51020,shuffled,0.0,6,0,0.8,1.0,0.6399917210344652,1.0
51020,shuffled,0.0,7,0,0.8,1.0,0.6399917210344652,1.0
51020,shuffled,0.0,8,0,0.8,1.0,0.6399917210344652,1.0
51020,shuffled,0.0,9,0,0.8,1.0,0.6399917210344652,1.0
51020,shuffled,0.0,10,0,0.8,1.0,0.6399917210344652,1.0
51020,shuffled,0.0,11,0,0.8,1.0,0.6399917210344652,1.0
51020,shuffled,0.25,0,6,0.42,1.0,0.6399908945879615,0.8501258750078664
51020,shuffled,0.25,1,6,0.38,1.0,0.6352888368241851,0.826069368775901
51020,shuffled,0.25,2,6,0.34,1.0,0.6385591547739846,0.854662653407241
51020,shuffled,0.25,3,6,0.46,1.0,0.6371143970161698,0.8424299832611566
51020,shuffled,0.25,4,6,0.56,1.0,0.638188242641732,0.8494284454330676
51020,shuffled,0.25,5,6,0.46,1.0,0.6399942614144629,0.8201657777912135
51020,shuffled,0.25,6,6,0.52,1.0,0.6357563973761713,0.841952014494006
51020,shuffled,0.25,7,6,0.48,1.0,0.6399921598058015,0.8355795031018104
51020,shuffled,0.25,8,6,0.46,1.0,0.6399973332605211,0.8260942233094342
51020,shuffled,0.25,9,6,0.38,1.0,0.6399958930576033,0.8190078653223553
51020,shuffled,0.25,10,6,0.52,1.0,0.6399925049993557,0.8171730536256132
51020,shuffled,0.25,11,6,0.5,1.0,0.6372223251648567,0.8564675514731067
51020,shuffled,0.5,0,12,0.2,1.0,0.6347309063949109,0.7150473254491638
51020,shuffled,0.5,1,12,0.16,1.0,0.637120484584918,0.698052770163087
51020,shuffled,0.5,2,12,0.26,1.0,0.6372365576989282,0.7313655454342299
51020,shuffled,0.5,3,12,0.24,1.0,0.6296891515350379,0.7196527426103302
51020,shuffled,0.5,4,12,0.18,1.0,0.6347482224752132,0.7088680167061295
51020,shuffled,0.5,5,12,0.22,1.0,0.6249192852447331,0.6863797701281308
51020,shuffled,0.5,6,12,0.16,1.0,0.6313057716771973,0.7211732734597492
51020,shuffled,0.5,7,12,0.28,1.0,0.6314805438866989,0.7571284069083791
51020,shuffled,0.5,8,12,0.32,1.0,0.6398227532216153,0.7432116512097461
51020,shuffled,0.5,9,12,0.34,1.0,0.6399702553572417,0.749220931860785
51020,shuffled,0.5,10,12,0.3,1.0,0.6391321492460339,0.6691707567069786
51020,shuffled,0.5,11,12,0.2,1.0,0.6369574084487826,0.7685468228661388
51020,shuffled,0.75,0,19,0.1,1.0,0.6369361710829078,0.6242184978084448
51020,shuffled,0.75,1,19,0.1,1.0,0.6399883264647255,0.6124412808693034
51020,shuffled,0.75,2,19,0.1,1.0,0.6399952486346405,0.5686043455554615
51020,shuffled,0.75,3,19,0.04,1.0,0.6323008683856394,0.5882843650465913
51020,shuffled,0.75,4,19,0.14,1.0,0.6261968762528534,0.6122858218074557
51020,shuffled,0.75,5,19,0.12,1.0,0.6399991873934909,0.6239524927115614
51020,shuffled,0.75,6,19,0.06,1.0,0.6399784855962046,0.6465788950590553
51020,shuffled,0.75,7,19,0.12,1.0,0.6381975349826231,0.6502362005698541
51020,shuffled,0.75,8,19,0.06,1.0,0.6398304475587896,0.6176095616636831
51020,shuffled,0.75,9,19,0.12,1.0,0.6185352894395897,0.6013723025700318
51020,shuffled,0.75,10,19,0.22,1.0,0.6399260197194369,0.660277834883688
51020,shuffled,0.75,11,19,0.08,1.0,0.6399997543485455,0.5958685825510905
51020,shuffled,0.9,0,22,0.08,1.0,0.6383852898184115,0.5841762564499495
51020,shuffled,0.9,1,22,0.04,1.0,0.6399988254850638,0.5816492367120792
51020,shuffled,0.9,2,22,0.1,1.0,0.6365832020060569,0.6139407211300679
51020,shuffled,0.9,3,22,0.06,1.0,0.6333221791072557,0.5681743769492221
51020,shuffled,0.9,4,22,0.08,1.0,0.6391927029569601,0.5763935414201694
51020,shuffled,0.9,5,22,0.04,1.0,0.6399999150093357,0.5727372746496153
51020,shuffled,0.9,6,22,0.08,1.0,0.6363954822425035,0.5791061969392918
51020,shuffled,0.9,7,22,0.06,1.0,0.6399966025670386,0.5941525018685111
51020,shuffled,0.9,8,22,0.04,1.0,0.630432426967054,0.5954603195580259
51020,shuffled,0.9,9,22,0.08,1.0,0.6259432434776203,0.5624061131769404
51020,shuffled,0.9,10,22,0.04,1.0,0.6399998726195502,0.583128678411287
51020,shuffled,0.9,11,22,0.04,1.0,0.6399999339427057,0.600821488884717
51020,dense,0.0,0,0,0.02,0.5,0.14315182084005207,0.9999999999999999
51020,dense,0.0,1,0,0.02,0.5,0.14315182084005207,0.9999999999999999
51020,dense,0.0,2,0,0.02,0.5,0.14315182084005207,0.9999999999999999
51020,dense,0.0,3,0,0.02,0.5,0.14315182084005207,0.9999999999999999
51020,dense,0.0,4,0,0.02,0.5,0.14315182084005207,0.9999999999999999
51020,dense,0.0,5,0,0.02,0.5,0.14315182084005207,0.9999999999999999
51020,dense,0.0,6,0,0.02,0.5,0.14315182084005207,0.9999999999999999
51020,dense,0.0,7,0,0.02,0.5,0.14315182084005207,0.9999999999999999
51020,dense,0.0,8,0,0.02,0.5,0.14315182084005207,0.9999999999999999
51020,dense,0.0,9,0,0.02,0.5,0.14315182084005207,0.9999999999999999
51020,dense,0.0,10,0,0.02,0.5,0.14315182084005207,0.9999999999999999
51020,dense,0.0,11,0,0.02,0.5,0.14315182084005207,0.9999999999999999
51020,dense,0.25,0,6,0.02,0.5,0.14315182084005207,0.9999999999999999
51020,dense,0.25,1,6,0.02,0.5,0.14315182084005207,0.9999999999999999
51020,dense,0.25,2,6,0.02,0.5,0.14315182084005207,0.9999999999999999
51020,dense,0.25,3,6,0.02,0.5,0.14315182084005207,0.9999999999999999
51020,dense,0.25,4,6,0.02,0.5,0.14315182084005207,0.9999999999999999
51020,dense,0.25,5,6,0.02,0.5,0.14315182084005207,0.9999999999999999
51020,dense,0.25,6,6,0.02,0.5,0.14315182084005207,0.9999999999999999
51020,dense,0.25,7,6,0.02,0.5,0.14315182084005207,0.9999999999999999
51020,dense,0.25,8,6,0.02,0.5,0.14315182084005207,0.9999999999999999
51020,dense,0.25,9,6,0.02,0.5,0.14315182084005207,0.9999999999999999
51020,dense,0.25,10,6,0.02,0.5,0.14315182084005207,0.9999999999999999
51020,dense,0.25,11,6,0.02,0.5,0.14315182084005207,0.9999999999999999
51020,dense,0.5,0,12,0.02,0.5,0.14315182084005207,0.9999999999999999
51020,dense,0.5,1,12,0.02,0.5,0.14315182084005207,0.9999999999999999
51020,dense,0.5,2,12,0.02,0.5,0.14315182084005207,0.9999999999999999
51020,dense,0.5,3,12,0.02,0.5,0.14315182084005207,0.9999999999999999
51020,dense,0.5,4,12,0.02,0.5,0.14315182084005207,0.9999999999999999
51020,dense,0.5,5,12,0.02,0.5,0.14315182084005207,0.9999999999999999
51020,dense,0.5,6,12,0.02,0.5,0.14315182084005207,0.9999999999999999
51020,dense,0.5,7,12,0.02,0.5,0.14315182084005207,0.9999999999999999
51020,dense,0.5,8,12,0.02,0.5,0.14315182084005207,0.9999999999999999
51020,dense,0.5,9,12,0.02,0.5,0.14315182084005207,0.9999999999999999
51020,dense,0.5,10,12,0.02,0.5,0.14315182084005207,0.9999999999999999
51020,dense,0.5,11,12,0.02,0.5,0.14315182084005207,0.9999999999999999
51020,dense,0.75,0,19,0.02,0.5,0.14315182084005207,0.9999999999999999
51020,dense,0.75,1,19,0.02,0.5,0.14315182084005207,0.9999999999999999
51020,dense,0.75,2,19,0.02,0.5,0.14315182084005207,0.9999999999999999
51020,dense,0.75,3,19,0.02,0.5,0.14315182084005207,0.9999999999999999
51020,dense,0.75,4,19,0.02,0.5,0.14315182084005207,0.9999999999999999
51020,dense,0.75,5,19,0.02,0.5,0.14315182084005207,0.9999999999999999
51020,dense,0.75,6,19,0.02,0.5,0.14315182084005207,0.9999999999999999
51020,dense,0.75,7,19,0.02,0.5,0.14315182084005207,0.9999999999999999
51020,dense,0.75,8,19,0.02,0.5,0.14315182084005207,0.9999999999999999
51020,dense,0.75,9,19,0.02,0.5,0.14315182084005207,0.9999999999999999
51020,dense,0.75,10,19,0.02,0.5,0.14315182084005207,0.9999999999999999
51020,dense,0.75,11,19,0.02,0.5,0.14315182084005207,0.9999999999999999
51020,dense,0.9,0,22,0.02,0.5,0.14315182084005207,0.9999999999999999
51020,dense,0.9,1,22,0.02,0.5,0.14315182084005207,0.9999999999999999
51020,dense,0.9,2,22,0.02,0.5,0.14315182084005207,0.9999999999999999
51020,dense,0.9,3,22,0.02,0.5,0.14315182084005207,0.9999999999999999
51020,dense,0.9,4,22,0.02,0.5,0.14315182084005207,0.9999999999999999
51020,dense,0.9,5,22,0.02,0.5,0.14315182084005207,0.9999999999999999
51020,dense,0.9,6,22,0.02,0.5,0.14315182084005207,0.9999999999999999
51020,dense,0.9,7,22,0.02,0.5,0.14315182084005207,0.9999999999999999
51020,dense,0.9,8,22,0.02,0.5,0.14315182084005207,0.9999999999999999
51020,dense,0.9,9,22,0.02,0.5,0.14315182084005207,0.9999999999999999
51020,dense,0.9,10,22,0.02,0.5,0.14315182084005207,0.9999999999999999
51020,dense,0.9,11,22,0.02,0.5,0.14315182084005207,0.9999999999999999
51020,identity,0.0,0,0,0.84,1.0,0.6399525995282132,1.0
51020,identity,0.0,1,0,0.84,1.0,0.6399525995282132,1.0
51020,identity,0.0,2,0,0.84,1.0,0.6399525995282132,1.0
51020,identity,0.0,3,0,0.84,1.0,0.6399525995282132,1.0
51020,identity,0.0,4,0,0.84,1.0,0.6399525995282132,1.0
51020,identity,0.0,5,0,0.84,1.0,0.6399525995282132,1.0
51020,identity,0.0,6,0,0.84,1.0,0.6399525995282132,1.0
51020,identity,0.0,7,0,0.84,1.0,0.6399525995282132,1.0
51020,identity,0.0,8,0,0.84,1.0,0.6399525995282132,1.0
51020,identity,0.0,9,0,0.84,1.0,0.6399525995282132,1.0
51020,identity,0.0,10,0,0.84,1.0,0.6399525995282132,1.0
51020,identity,0.0,11,0,0.84,1.0,0.6399525995282132,1.0
51020,identity,0.25,0,6,0.68,1.0,0.6398395924834691,0.936073985078458
51020,identity,0.25,1,6,0.6,1.0,0.639955202637279,0.9305619583920829
51020,identity,0.25,2,6,0.78,1.0,0.6397777222612151,0.9484430257327991
51020,identity,0.25,3,6,0.74,1.0,0.6399512057735032,0.9374535670858332
51020,identity,0.25,4,6,0.66,1.0,0.6399124961060183,0.9175231615612628
51020,identity,0.25,5,6,0.64,1.0,0.6398857281582108,0.9301047460126433
51020,identity,0.25,6,6,0.68,1.0,0.6396756030378868,0.9312259169587412
51020,identity,0.25,7,6,0.6,1.0,0.6399512999158683,0.9233625031678607
51020,identity,0.25,8,6,0.6,1.0,0.6398150816562865,0.9262341000906872
51020,identity,0.25,9,6,0.7,1.0,0.6392703946094019,0.937631035344262
51020,identity,0.25,10,6,0.74,1.0,0.6398629613525676,0.9446469017774772
51020,identity,0.25,11,6,0.7,1.0,0.6399375718840467,0.9364652225669413
51020,identity,0.5,0,12,0.38,1.0,0.6393070234317715,0.8586494361987812
51020,identity,0.5,1,12,0.4,1.0,0.6396938037022103,0.8605120666382814
51020,identity,0.5,2,12,0.46,1.0,0.6394002652446475,0.8507872652119798
51020,identity,0.5,3,12,0.3,1.0,0.6393773190756739,0.858351890521526
51020,identity,0.5,4,12,0.46,1.0,0.6398618397060348,0.8472770580332345
51020,identity,0.5,5,12,0.34,1.0,0.6307573774753799,0.8626863528876165
51020,identity,0.5,6,12,0.4,1.0,0.6395950644786578,0.8692689314280672
51020,identity,0.5,7,12,0.46,1.0,0.6334713439997186,0.8473256895248524
51020,identity,0.5,8,12,0.34,1.0,0.6384040100137323,0.8433679097296434
51020,identity,0.5,9,12,0.46,1.0,0.6368344631992697,0.8777221392682719
51020,identity,0.5,10,12,0.34,1.0,0.6386036068585219,0.8486114870559596
51020,identity,0.5,11,12,0.4,1.0,0.639812409645296,0.8635444331399988
51020,identity,0.75,0,19,0.06,1.0,0.6266930805903926,0.7701738467927827
51020,identity,0.75,1,19,0.14,1.0,0.6357979935113868,0.7764218213426534
51020,identity,0.75,2,19,0.14,1.0,0.6370104725040936,0.7748849715663515
51020,identity,0.75,3,19,0.12,1.0,0.638872753480371,0.7813490880565546
51020,identity,0.75,4,19,0.16,1.0,0.6343554338157353,0.7838523569632997
51020,identity,0.75,5,19,0.06,1.0,0.625442999949279,0.7737584602902089
51020,identity,0.75,6,19,0.12,1.0,0.6379072522423607,0.7865283492502633
51020,identity,0.75,7,19,0.12,1.0,0.630550650102546,0.7802466059195282
51020,identity,0.75,8,19,0.08,1.0,0.6213453467381439,0.7938925066794732
51020,identity,0.75,9,19,0.12,1.0,0.6315271378283588,0.7710684152551441
51020,identity,0.75,10,19,0.12,1.0,0.6398311418225915,0.7735086124903406
51020,identity,0.75,11,19,0.18,1.0,0.6385495987751117,0.7806398957837745
51020,identity,0.9,0,22,0.08,1.0,0.6352291501294909,0.748433827654522
51020,identity,0.9,1,22,0.02,1.0,0.6111801073296238,0.747884943486729
51020,identity,0.9,2,22,0.08,1.0,0.6207357481784197,0.7483566957272536
51020,identity,0.9,3,22,0.02,1.0,0.6169520980456911,0.7462861424295306
51020,identity,0.9,4,22,0.02,1.0,0.6241417996830783,0.7482397945516412
51020,identity,0.9,5,22,0.06,1.0,0.6392669000155097,0.7496264135219441
51020,identity,0.9,6,22,0.06,1.0,0.6344821166539409,0.7477133818280782
51020,identity,0.9,7,22,0.06,1.0,0.6324193689188159,0.7471814889730096
51020,identity,0.9,8,22,0.08,1.0,0.6262245280859056,0.7466094381575595
51020,identity,0.9,9,22,0.06,1.0,0.6392342397471944,0.7501101063425516
51020,identity,0.9,10,22,0.08,1.0,0.6323852825559945,0.7491804362752661
51020,identity,0.9,11,22,0.1,1.0,0.6286744004988267,0.7539525814527375
