experiment,seed,plasticity_rule,condition,memory,output_target_cosine,from_lap,to_lap,cue_changed,tuning_similarity
compatibility,51001,base,aligned,0,0.8760690093040466,,,,
compatibility,51001,base,aligned,1,0.7645646929740906,,,,
compatibility,51001,base,aligned,2,0.7187358736991882,,,,
compatibility,51001,base,aligned,3,0.764766275882721,,,,
compatibility,51001,base,aligned,4,0.8392892479896545,,,,
compatibility,51001,base,aligned,5,0.7383654117584229,,,,
compatibility,51001,base,aligned,6,0.8408926129341125,,,,
compatibility,51001,base,aligned,7,0.7926099300384521,,,,
compatibility,51001,base,aligned,8,0.7585353851318359,,,,
compatibility,51001,base,aligned,9,0.7663598656654358,,,,
compatibility,51001,base,aligned,10,0.9818469285964966,,,,
compatibility,51001,base,aligned,11,0.8167631030082703,,,,
compatibility,51001,base,aligned,12,0.8433270454406738,,,,
compatibility,51001,base,aligned,13,0.8090667724609375,,,,
compatibility,51001,base,aligned,14,0.7974750995635986,,,,
compatibility,51001,base,aligned,15,0.8020792603492737,,,,
compatibility,51001,base,aligned,16,0.9057385325431824,,,,
compatibility,51001,base,aligned,17,0.7986291646957397,,,,
compatibility,51001,base,aligned,18,0.6917732357978821,,,,
compatibility,51001,base,aligned,19,0.9568783640861511,,,,
compatibility,51001,base,aligned,20,0.672324001789093,,,,
compatibility,51001,base,aligned,21,0.9108965396881104,,,,
compatibility,51001,base,aligned,22,0.9050113558769226,,,,
compatibility,51001,base,aligned,23,0.9202035665512085,,,,
compatibility,51001,base,aligned,24,0.8902376294136047,,,,
compatibility,51001,base,aligned,25,0.8532599806785583,,,,
compatibility,51001,base,aligned,26,0.8049164414405823,,,,
compatibility,51001,base,aligned,27,0.9052873253822327,,,,
compatibility,51001,base,fixed_permutation,0,0.20773081481456757,,,,
compatibility,51001,base,fixed_permutation,1,0.006815292406827211,,,,
compatibility,51001,base,fixed_permutation,2,0.19741074740886688,,,,
compatibility,51001,base,fixed_permutation,3,0.008568840101361275,,,,
compatibility,51001,base,fixed_permutation,4,0.10405698418617249,,,,
compatibility,51001,base,fixed_permutation,5,0.08714655786752701,,,,
compatibility,51001,base,fixed_permutation,6,0.18458299338817596,,,,
compatibility,51001,base,fixed_permutation,7,0.360594242811203,,,,
compatibility,51001,base,fixed_permutation,8,0.19402647018432617,,,,
compatibility,51001,base,fixed_permutation,9,0.061947278678417206,,,,
compatibility,51001,base,fixed_permutation,10,0.1783122420310974,,,,
compatibility,51001,base,fixed_permutation,11,0.15895260870456696,,,,
compatibility,51001,base,fixed_permutation,12,0.1362648606300354,,,,
compatibility,51001,base,fixed_permutation,13,0.04892830178141594,,,,
compatibility,51001,base,fixed_permutation,14,0.014255964197218418,,,,
compatibility,51001,base,fixed_permutation,15,0.3092398941516876,,,,
compatibility,51001,base,fixed_permutation,16,0.13171283900737762,,,,
compatibility,51001,base,fixed_permutation,17,0.16884322464466095,,,,
compatibility,51001,base,fixed_permutation,18,0.005970871075987816,,,,
compatibility,51001,base,fixed_permutation,19,0.30483299493789673,,,,
compatibility,51001,base,fixed_permutation,20,0.011260779574513435,,,,
compatibility,51001,base,fixed_permutation,21,0.0058649079874157906,,,,
compatibility,51001,base,fixed_permutation,22,0.1683180034160614,,,,
compatibility,51001,base,fixed_permutation,23,0.18899886310100555,,,,
compatibility,51001,base,fixed_permutation,24,0.1849222630262375,,,,
compatibility,51001,base,fixed_permutation,25,0.11080440878868103,,,,
compatibility,51001,base,fixed_permutation,26,0.1980564296245575,,,,
compatibility,51001,base,fixed_permutation,27,0.0018025694880634546,,,,
compatibility,51001,base,matched_decoder,0,0.8760690689086914,,,,
compatibility,51001,base,matched_decoder,1,0.7645646929740906,,,,
compatibility,51001,base,matched_decoder,2,0.718735933303833,,,,
compatibility,51001,base,matched_decoder,3,0.764766275882721,,,,
compatibility,51001,base,matched_decoder,4,0.8392892479896545,,,,
compatibility,51001,base,matched_decoder,5,0.7383653521537781,,,,
compatibility,51001,base,matched_decoder,6,0.8408926129341125,,,,
compatibility,51001,base,matched_decoder,7,0.7926099300384521,,,,
compatibility,51001,base,matched_decoder,8,0.7585354447364807,,,,
compatibility,51001,base,matched_decoder,9,0.7663598656654358,,,,
compatibility,51001,base,matched_decoder,10,0.9818469285964966,,,,
compatibility,51001,base,matched_decoder,11,0.8167631030082703,,,,
compatibility,51001,base,matched_decoder,12,0.8433270454406738,,,,
compatibility,51001,base,matched_decoder,13,0.8090667724609375,,,,
compatibility,51001,base,matched_decoder,14,0.7974750995635986,,,,
compatibility,51001,base,matched_decoder,15,0.8020793795585632,,,,
compatibility,51001,base,matched_decoder,16,0.9057385325431824,,,,
compatibility,51001,base,matched_decoder,17,0.798629105091095,,,,
compatibility,51001,base,matched_decoder,18,0.6917732954025269,,,,
compatibility,51001,base,matched_decoder,19,0.9568784832954407,,,,
compatibility,51001,base,matched_decoder,20,0.672324001789093,,,,
compatibility,51001,base,matched_decoder,21,0.910896360874176,,,,
compatibility,51001,base,matched_decoder,22,0.9050113558769226,,,,
compatibility,51001,base,matched_decoder,23,0.9202035665512085,,,,
compatibility,51001,base,matched_decoder,24,0.8902376294136047,,,,
compatibility,51001,base,matched_decoder,25,0.8532600402832031,,,,
compatibility,51001,base,matched_decoder,26,0.8049163818359375,,,,
compatibility,51001,base,matched_decoder,27,0.9052873253822327,,,,
compatibility,51001,base,random_content,0,0.08177261054515839,,,,
compatibility,51001,base,random_content,1,0.6672201156616211,,,,
compatibility,51001,base,random_content,2,0.17288780212402344,,,,
compatibility,51001,base,random_content,3,0.006767020560801029,,,,
compatibility,51001,base,random_content,4,0.0022607569117099047,,,,
compatibility,51001,base,random_content,5,0.14564374089241028,,,,
compatibility,51001,base,random_content,6,3.7333767977543175e-05,,,,
compatibility,51001,base,random_content,7,0.12362035363912582,,,,
compatibility,51001,base,random_content,8,0.2160412222146988,,,,
compatibility,51001,base,random_content,9,0.3683706521987915,,,,
compatibility,51001,base,random_content,10,0.2010507881641388,,,,
compatibility,51001,base,random_content,11,0.3725164532661438,,,,
compatibility,51001,base,random_content,12,0.0033233650028705597,,,,
compatibility,51001,base,random_content,13,0.23558799922466278,,,,
compatibility,51001,base,random_content,14,0.221629336476326,,,,
compatibility,51001,base,random_content,15,0.21364936232566833,,,,
compatibility,51001,base,random_content,16,0.7928627729415894,,,,
compatibility,51001,base,random_content,17,0.46143200993537903,,,,
compatibility,51001,base,random_content,18,0.3582475185394287,,,,
compatibility,51001,base,random_content,19,0.4438703954219818,,,,
compatibility,51001,base,random_content,20,0.0014321343041956425,,,,
compatibility,51001,base,random_content,21,0.0001543186226626858,,,,
compatibility,51001,base,random_content,22,0.20356380939483643,,,,
compatibility,51001,base,random_content,23,9.043888712767512e-05,,,,
compatibility,51001,base,random_content,24,0.0005142922163940966,,,,
compatibility,51001,base,random_content,25,0.45855292677879333,,,,
compatibility,51001,base,random_content,26,0.014092676341533661,,,,
compatibility,51001,base,random_content,27,0.35122600197792053,,,,
compatibility,51001,base,no_plasticity,0,0.2079697549343109,,,,
compatibility,51001,base,no_plasticity,1,0.26207345724105835,,,,
compatibility,51001,base,no_plasticity,2,0.49907758831977844,,,,
compatibility,51001,base,no_plasticity,3,0.16379639506340027,,,,
compatibility,51001,base,no_plasticity,4,0.31317663192749023,,,,
compatibility,51001,base,no_plasticity,5,0.3078792989253998,,,,
compatibility,51001,base,no_plasticity,6,0.23373232781887054,,,,
compatibility,51001,base,no_plasticity,7,0.39546194672584534,,,,
compatibility,51001,base,no_plasticity,8,0.347970187664032,,,,
compatibility,51001,base,no_plasticity,9,0.21026019752025604,,,,
compatibility,51001,base,no_plasticity,10,0.14056450128555298,,,,
compatibility,51001,base,no_plasticity,11,0.21582308411598206,,,,
compatibility,51001,base,no_plasticity,12,0.2304021716117859,,,,
compatibility,51001,base,no_plasticity,13,0.21616706252098083,,,,
compatibility,51001,base,no_plasticity,14,0.17930717766284943,,,,
compatibility,51001,base,no_plasticity,15,0.10221297293901443,,,,
compatibility,51001,base,no_plasticity,16,0.1268025040626526,,,,
compatibility,51001,base,no_plasticity,17,0.20925886929035187,,,,
compatibility,51001,base,no_plasticity,18,0.32857948541641235,,,,
compatibility,51001,base,no_plasticity,19,0.13067135214805603,,,,
compatibility,51001,base,no_plasticity,20,0.39365774393081665,,,,
compatibility,51001,base,no_plasticity,21,0.20845450460910797,,,,
compatibility,51001,base,no_plasticity,22,0.13552917540073395,,,,
compatibility,51001,base,no_plasticity,23,0.1094169020652771,,,,
compatibility,51001,base,no_plasticity,24,0.2365337759256363,,,,
compatibility,51001,base,no_plasticity,25,0.41034388542175293,,,,
compatibility,51001,base,no_plasticity,26,0.2651974558830261,,,,
compatibility,51001,base,no_plasticity,27,0.34014230966567993,,,,
cue_schedule,51001,base,swap,,,1,2,False,0.7835168242454529
cue_schedule,51001,base,swap,,,2,3,False,0.7892629504203796
cue_schedule,51001,base,swap,,,3,4,False,0.8279288411140442
cue_schedule,51001,base,swap,,,4,5,False,0.7918642163276672
cue_schedule,51001,base,swap,,,5,6,False,0.8119228482246399
cue_schedule,51001,base,swap,,,6,7,False,0.8145228028297424
cue_schedule,51001,base,swap,,,7,8,False,0.8121793270111084
cue_schedule,51001,base,swap,,,8,9,False,0.8131203651428223
cue_schedule,51001,base,swap,,,9,10,False,0.8226396441459656
cue_schedule,51001,base,swap,,,10,11,True,0.29199787974357605
cue_schedule,51001,base,swap,,,11,12,False,0.7644325494766235
cue_schedule,51001,base,swap,,,12,13,False,0.8535140752792358
cue_schedule,51001,base,swap,,,13,14,False,0.8546862006187439
cue_schedule,51001,base,swap,,,14,15,False,0.8645418286323547
cue_schedule,51001,base,swap,,,15,16,False,0.8273858428001404
cue_schedule,51001,base,swap,,,16,17,False,0.8520014882087708
cue_schedule,51001,base,swap,,,17,18,False,0.8373861908912659
cue_schedule,51001,base,swap,,,18,19,False,0.8114951252937317
cue_schedule,51001,base,swap,,,19,20,False,0.875099241733551
cue_schedule,51001,base,swap,,,20,21,True,0.3496764898300171
cue_schedule,51001,base,swap,,,21,22,False,0.8333560824394226
cue_schedule,51001,base,swap,,,22,23,False,0.8317498564720154
cue_schedule,51001,base,swap,,,23,24,False,0.8342592716217041
cue_schedule,51001,base,swap,,,24,25,False,0.8340835571289062
cue_schedule,51001,base,swap,,,25,26,False,0.809598982334137
cue_schedule,51001,base,swap,,,26,27,False,0.8615055680274963
cue_schedule,51001,base,swap,,,27,28,False,0.8438534736633301
cue_schedule,51001,base,swap,,,28,29,False,0.8430871367454529
cue_schedule,51001,base,swap,,,29,30,False,0.841484010219574
cue_schedule,51001,base,swap,,,30,31,True,0.3645836114883423
cue_schedule,51001,base,swap,,,31,32,False,0.804514467716217
cue_schedule,51001,base,swap,,,32,33,False,0.8354138731956482
cue_schedule,51001,base,swap,,,33,34,False,0.884505033493042
cue_schedule,51001,base,swap,,,34,35,False,0.8746934533119202
cue_schedule,51001,base,swap,,,35,36,False,0.8605763912200928
cue_schedule,51001,base,swap,,,36,37,False,0.8359015583992004
cue_schedule,51001,base,swap,,,37,38,False,0.8467938899993896
cue_schedule,51001,base,swap,,,38,39,False,0.874538779258728
cue_schedule,51001,base,swap,,,39,40,False,0.9011328220367432
cue_schedule,51001,base,no_swap,,,1,2,False,0.7835168242454529
cue_schedule,51001,base,no_swap,,,2,3,False,0.7892629504203796
cue_schedule,51001,base,no_swap,,,3,4,False,0.8279288411140442
cue_schedule,51001,base,no_swap,,,4,5,False,0.7918642163276672
cue_schedule,51001,base,no_swap,,,5,6,False,0.8119228482246399
cue_schedule,51001,base,no_swap,,,6,7,False,0.8145228028297424
cue_schedule,51001,base,no_swap,,,7,8,False,0.8121793270111084
cue_schedule,51001,base,no_swap,,,8,9,False,0.8131203651428223
cue_schedule,51001,base,no_swap,,,9,10,False,0.8226396441459656
cue_schedule,51001,base,no_swap,,,10,11,False,0.8217315077781677
cue_schedule,51001,base,no_swap,,,11,12,False,0.8161929845809937
cue_schedule,51001,base,no_swap,,,12,13,False,0.8271476626396179
cue_schedule,51001,base,no_swap,,,13,14,False,0.8483920097351074
cue_schedule,51001,base,no_swap,,,14,15,False,0.8415669202804565
cue_schedule,51001,base,no_swap,,,15,16,False,0.8211863040924072
cue_schedule,51001,base,no_swap,,,16,17,False,0.838743269443512
cue_schedule,51001,base,no_swap,,,17,18,False,0.8416988253593445
cue_schedule,51001,base,no_swap,,,18,19,False,0.857647716999054
cue_schedule,51001,base,no_swap,,,19,20,False,0.820710301399231
cue_schedule,51001,base,no_swap,,,20,21,False,0.7704724073410034
cue_schedule,51001,base,no_swap,,,21,22,False,0.8618889451026917
cue_schedule,51001,base,no_swap,,,22,23,False,0.8774779438972473
cue_schedule,51001,base,no_swap,,,23,24,False,0.8820927143096924
cue_schedule,51001,base,no_swap,,,24,25,False,0.8492763042449951
cue_schedule,51001,base,no_swap,,,25,26,False,0.8276205658912659
cue_schedule,51001,base,no_swap,,,26,27,False,0.8546826839447021
cue_schedule,51001,base,no_swap,,,27,28,False,0.8387570977210999
cue_schedule,51001,base,no_swap,,,28,29,False,0.8608388304710388
cue_schedule,51001,base,no_swap,,,29,30,False,0.8536145687103271
cue_schedule,51001,base,no_swap,,,30,31,False,0.8610215187072754
cue_schedule,51001,base,no_swap,,,31,32,False,0.8861633539199829
cue_schedule,51001,base,no_swap,,,32,33,False,0.8252156972885132
cue_schedule,51001,base,no_swap,,,33,34,False,0.8585850596427917
cue_schedule,51001,base,no_swap,,,34,35,False,0.8329674601554871
cue_schedule,51001,base,no_swap,,,35,36,False,0.8488438129425049
cue_schedule,51001,base,no_swap,,,36,37,False,0.741028368473053
cue_schedule,51001,base,no_swap,,,37,38,False,0.7952998280525208
cue_schedule,51001,base,no_swap,,,38,39,False,0.7254474759101868
cue_schedule,51001,base,no_swap,,,39,40,False,0.8409007787704468
compatibility,51001,err2,aligned,0,0.4290894865989685,,,,
compatibility,51001,err2,aligned,1,0.44424933195114136,,,,
compatibility,51001,err2,aligned,2,0.5754038691520691,,,,
compatibility,51001,err2,aligned,3,0.26117393374443054,,,,
compatibility,51001,err2,aligned,4,0.6828970909118652,,,,
compatibility,51001,err2,aligned,5,0.19476471841335297,,,,
compatibility,51001,err2,aligned,6,0.4653991758823395,,,,
compatibility,51001,err2,aligned,7,0.7027124166488647,,,,
compatibility,51001,err2,aligned,8,0.7352032661437988,,,,
compatibility,51001,err2,aligned,9,0.6311469674110413,,,,
compatibility,51001,err2,aligned,10,0.6413242816925049,,,,
compatibility,51001,err2,aligned,11,0.3487401604652405,,,,
compatibility,51001,err2,aligned,12,0.4682501554489136,,,,
compatibility,51001,err2,aligned,13,0.4587625563144684,,,,
compatibility,51001,err2,aligned,14,0.011412822641432285,,,,
compatibility,51001,err2,aligned,15,0.4472825229167938,,,,
compatibility,51001,err2,aligned,16,0.5467588901519775,,,,
compatibility,51001,err2,aligned,17,0.44881466031074524,,,,
compatibility,51001,err2,aligned,18,0.4491448700428009,,,,
compatibility,51001,err2,aligned,19,0.466490775346756,,,,
compatibility,51001,err2,aligned,20,0.16952845454216003,,,,
compatibility,51001,err2,aligned,21,0.4486212432384491,,,,
compatibility,51001,err2,aligned,22,0.4565456211566925,,,,
compatibility,51001,err2,aligned,23,0.504921019077301,,,,
compatibility,51001,err2,aligned,24,0.4716411828994751,,,,
compatibility,51001,err2,aligned,25,0.45638176798820496,,,,
compatibility,51001,err2,aligned,26,0.6502924561500549,,,,
compatibility,51001,err2,aligned,27,0.0889526829123497,,,,
compatibility,51001,err2,fixed_permutation,0,0.0005178553983569145,,,,
compatibility,51001,err2,fixed_permutation,1,3.440282307565212e-05,,,,
compatibility,51001,err2,fixed_permutation,2,0.05361653119325638,,,,
compatibility,51001,err2,fixed_permutation,3,0.0017129125772044063,,,,
compatibility,51001,err2,fixed_permutation,4,5.926435915171169e-05,,,,
compatibility,51001,err2,fixed_permutation,5,0.0005725654191337526,,,,
compatibility,51001,err2,fixed_permutation,6,0.0009075964917428792,,,,
compatibility,51001,err2,fixed_permutation,7,0.5798711776733398,,,,
compatibility,51001,err2,fixed_permutation,8,7.310547516681254e-05,,,,
compatibility,51001,err2,fixed_permutation,9,0.00046399974962696433,,,,
compatibility,51001,err2,fixed_permutation,10,0.018658550456166267,,,,
compatibility,51001,err2,fixed_permutation,11,2.0302992197684944e-05,,,,
compatibility,51001,err2,fixed_permutation,12,0.0010285823373124003,,,,
compatibility,51001,err2,fixed_permutation,13,0.012774074450135231,,,,
compatibility,51001,err2,fixed_permutation,14,0.0022213358897715807,,,,
compatibility,51001,err2,fixed_permutation,15,0.014373703859746456,,,,
compatibility,51001,err2,fixed_permutation,16,2.390468353041797e-06,,,,
compatibility,51001,err2,fixed_permutation,17,0.00015585898654535413,,,,
compatibility,51001,err2,fixed_permutation,18,1.8039258065982722e-05,,,,
compatibility,51001,err2,fixed_permutation,19,0.035655632615089417,,,,
compatibility,51001,err2,fixed_permutation,20,0.016494400799274445,,,,
compatibility,51001,err2,fixed_permutation,21,0.05870404839515686,,,,
compatibility,51001,err2,fixed_permutation,22,1.8903900127043016e-05,,,,
compatibility,51001,err2,fixed_permutation,23,0.0001456605677958578,,,,
compatibility,51001,err2,fixed_permutation,24,0.37985074520111084,,,,
compatibility,51001,err2,fixed_permutation,25,0.000679183634929359,,,,
compatibility,51001,err2,fixed_permutation,26,1.729942778183613e-05,,,,
compatibility,51001,err2,fixed_permutation,27,4.646585409773252e-07,,,,
compatibility,51001,err2,matched_decoder,0,0.42908933758735657,,,,
compatibility,51001,err2,matched_decoder,1,0.44424933195114136,,,,
compatibility,51001,err2,matched_decoder,2,0.5754038691520691,,,,
compatibility,51001,err2,matched_decoder,3,0.261173814535141,,,,
compatibility,51001,err2,matched_decoder,4,0.68289715051651,,,,
compatibility,51001,err2,matched_decoder,5,0.1947653442621231,,,,
compatibility,51001,err2,matched_decoder,6,0.46539923548698425,,,,
compatibility,51001,err2,matched_decoder,7,0.7027124166488647,,,,
compatibility,51001,err2,matched_decoder,8,0.7352033257484436,,,,
compatibility,51001,err2,matched_decoder,9,0.6311469078063965,,,,
compatibility,51001,err2,matched_decoder,10,0.6413242816925049,,,,
compatibility,51001,err2,matched_decoder,11,0.3487400710582733,,,,
compatibility,51001,err2,matched_decoder,12,0.46825018525123596,,,,
compatibility,51001,err2,matched_decoder,13,0.4587624967098236,,,,
compatibility,51001,err2,matched_decoder,14,0.011412819847464561,,,,
compatibility,51001,err2,matched_decoder,15,0.4472825229167938,,,,
compatibility,51001,err2,matched_decoder,16,0.5467588901519775,,,,
compatibility,51001,err2,matched_decoder,17,0.44881463050842285,,,,
compatibility,51001,err2,matched_decoder,18,0.4491448700428009,,,,
compatibility,51001,err2,matched_decoder,19,0.466490775346756,,,,
compatibility,51001,err2,matched_decoder,20,0.1695283055305481,,,,
compatibility,51001,err2,matched_decoder,21,0.4486212432384491,,,,
compatibility,51001,err2,matched_decoder,22,0.4565455913543701,,,,
compatibility,51001,err2,matched_decoder,23,0.5049208998680115,,,,
compatibility,51001,err2,matched_decoder,24,0.4716412127017975,,,,
compatibility,51001,err2,matched_decoder,25,0.45638173818588257,,,,
compatibility,51001,err2,matched_decoder,26,0.6502926349639893,,,,
compatibility,51001,err2,matched_decoder,27,0.08895263075828552,,,,
compatibility,51001,err2,random_content,0,8.674220589455217e-05,,,,
compatibility,51001,err2,random_content,1,0.4468989372253418,,,,
compatibility,51001,err2,random_content,2,0.029844066128134727,,,,
compatibility,51001,err2,random_content,3,2.1361011022236198e-05,,,,
compatibility,51001,err2,random_content,4,0.00035846009268425405,,,,
compatibility,51001,err2,random_content,5,0.0007197685772553086,,,,
compatibility,51001,err2,random_content,6,6.164614205772523e-07,,,,
compatibility,51001,err2,random_content,7,0.45154139399528503,,,,
compatibility,51001,err2,random_content,8,1.1916660014321678e-06,,,,
compatibility,51001,err2,random_content,9,0.052926335483789444,,,,
compatibility,51001,err2,random_content,10,0.20845390856266022,,,,
compatibility,51001,err2,random_content,11,0.014027047902345657,,,,
compatibility,51001,err2,random_content,12,0.04443084076046944,,,,
compatibility,51001,err2,random_content,13,0.43430644273757935,,,,
compatibility,51001,err2,random_content,14,1.9638071535155177e-05,,,,
compatibility,51001,err2,random_content,15,0.4469175338745117,,,,
compatibility,51001,err2,random_content,16,0.4520326852798462,,,,
compatibility,51001,err2,random_content,17,0.16110113263130188,,,,
compatibility,51001,err2,random_content,18,0.3700384795665741,,,,
compatibility,51001,err2,random_content,19,0.4857139587402344,,,,
compatibility,51001,err2,random_content,20,7.481129432562739e-05,,,,
compatibility,51001,err2,random_content,21,0.0017723863711580634,,,,
compatibility,51001,err2,random_content,22,0.3463860750198364,,,,
compatibility,51001,err2,random_content,23,0.009609841741621494,,,,
compatibility,51001,err2,random_content,24,2.012972800002899e-05,,,,
compatibility,51001,err2,random_content,25,0.44732147455215454,,,,
compatibility,51001,err2,random_content,26,0.0009175228187814355,,,,
compatibility,51001,err2,random_content,27,0.0024154980201274157,,,,
compatibility,51001,err2,no_plasticity,0,0.2079697549343109,,,,
compatibility,51001,err2,no_plasticity,1,0.26207345724105835,,,,
compatibility,51001,err2,no_plasticity,2,0.49907758831977844,,,,
compatibility,51001,err2,no_plasticity,3,0.16379639506340027,,,,
compatibility,51001,err2,no_plasticity,4,0.31317663192749023,,,,
compatibility,51001,err2,no_plasticity,5,0.3078792989253998,,,,
compatibility,51001,err2,no_plasticity,6,0.23373232781887054,,,,
compatibility,51001,err2,no_plasticity,7,0.39546194672584534,,,,
compatibility,51001,err2,no_plasticity,8,0.347970187664032,,,,
compatibility,51001,err2,no_plasticity,9,0.21026019752025604,,,,
compatibility,51001,err2,no_plasticity,10,0.14056450128555298,,,,
compatibility,51001,err2,no_plasticity,11,0.21582308411598206,,,,
compatibility,51001,err2,no_plasticity,12,0.2304021716117859,,,,
compatibility,51001,err2,no_plasticity,13,0.21616706252098083,,,,
compatibility,51001,err2,no_plasticity,14,0.17930717766284943,,,,
compatibility,51001,err2,no_plasticity,15,0.10221297293901443,,,,
compatibility,51001,err2,no_plasticity,16,0.1268025040626526,,,,
compatibility,51001,err2,no_plasticity,17,0.20925886929035187,,,,
compatibility,51001,err2,no_plasticity,18,0.32857948541641235,,,,
compatibility,51001,err2,no_plasticity,19,0.13067135214805603,,,,
compatibility,51001,err2,no_plasticity,20,0.39365774393081665,,,,
compatibility,51001,err2,no_plasticity,21,0.20845450460910797,,,,
compatibility,51001,err2,no_plasticity,22,0.13552917540073395,,,,
compatibility,51001,err2,no_plasticity,23,0.1094169020652771,,,,
compatibility,51001,err2,no_plasticity,24,0.2365337759256363,,,,
compatibility,51001,err2,no_plasticity,25,0.41034388542175293,,,,
compatibility,51001,err2,no_plasticity,26,0.2651974558830261,,,,
compatibility,51001,err2,no_plasticity,27,0.34014230966567993,,,,
cue_schedule,51001,err2,swap,,,1,2,False,0.6878034472465515
cue_schedule,51001,err2,swap,,,2,3,False,0.7780450582504272
cue_schedule,51001,err2,swap,,,3,4,False,0.8402069211006165
cue_schedule,51001,err2,swap,,,4,5,False,0.8057918548583984
cue_schedule,51001,err2,swap,,,5,6,False,0.7720848917961121
cue_schedule,51001,err2,swap,,,6,7,False,0.840380072593689
cue_schedule,51001,err2,swap,,,7,8,False,0.8214808702468872
cue_schedule,51001,err2,swap,,,8,9,False,0.8254168033599854
cue_schedule,51001,err2,swap,,,9,10,False,0.8414484262466431
cue_schedule,51001,err2,swap,,,10,11,True,0.3835141360759735
cue_schedule,51001,err2,swap,,,11,12,False,0.7627911567687988
cue_schedule,51001,err2,swap,,,12,13,False,0.8054726123809814
cue_schedule,51001,err2,swap,,,13,14,False,0.8049982190132141
cue_schedule,51001,err2,swap,,,14,15,False,0.816399097442627
cue_schedule,51001,err2,swap,,,15,16,False,0.8160731792449951
cue_schedule,51001,err2,swap,,,16,17,False,0.8438878059387207
cue_schedule,51001,err2,swap,,,17,18,False,0.8385971188545227
cue_schedule,51001,err2,swap,,,18,19,False,0.8217024803161621
cue_schedule,51001,err2,swap,,,19,20,False,0.8254968523979187
cue_schedule,51001,err2,swap,,,20,21,True,0.42748406529426575
cue_schedule,51001,err2,swap,,,21,22,False,0.8464140295982361
cue_schedule,51001,err2,swap,,,22,23,False,0.8592106699943542
cue_schedule,51001,err2,swap,,,23,24,False,0.8221162557601929
cue_schedule,51001,err2,swap,,,24,25,False,0.8166614770889282
cue_schedule,51001,err2,swap,,,25,26,False,0.8353340029716492
cue_schedule,51001,err2,swap,,,26,27,False,0.8405818939208984
cue_schedule,51001,err2,swap,,,27,28,False,0.8430265784263611
cue_schedule,51001,err2,swap,,,28,29,False,0.8254896402359009
cue_schedule,51001,err2,swap,,,29,30,False,0.8305131793022156
cue_schedule,51001,err2,swap,,,30,31,True,0.43520697951316833
cue_schedule,51001,err2,swap,,,31,32,False,0.7974121570587158
cue_schedule,51001,err2,swap,,,32,33,False,0.8139049410820007
cue_schedule,51001,err2,swap,,,33,34,False,0.8334023952484131
cue_schedule,51001,err2,swap,,,34,35,False,0.8249666094779968
cue_schedule,51001,err2,swap,,,35,36,False,0.808076798915863
cue_schedule,51001,err2,swap,,,36,37,False,0.8194518089294434
cue_schedule,51001,err2,swap,,,37,38,False,0.8386151194572449
cue_schedule,51001,err2,swap,,,38,39,False,0.8235518932342529
cue_schedule,51001,err2,swap,,,39,40,False,0.8160255551338196
cue_schedule,51001,err2,no_swap,,,1,2,False,0.6878034472465515
cue_schedule,51001,err2,no_swap,,,2,3,False,0.7780450582504272
cue_schedule,51001,err2,no_swap,,,3,4,False,0.8402069211006165
cue_schedule,51001,err2,no_swap,,,4,5,False,0.8057918548583984
cue_schedule,51001,err2,no_swap,,,5,6,False,0.7720848917961121
cue_schedule,51001,err2,no_swap,,,6,7,False,0.840380072593689
cue_schedule,51001,err2,no_swap,,,7,8,False,0.8214808702468872
cue_schedule,51001,err2,no_swap,,,8,9,False,0.8254168033599854
cue_schedule,51001,err2,no_swap,,,9,10,False,0.8414484262466431
cue_schedule,51001,err2,no_swap,,,10,11,False,0.8666512370109558
cue_schedule,51001,err2,no_swap,,,11,12,False,0.8708423376083374
cue_schedule,51001,err2,no_swap,,,12,13,False,0.867307722568512
cue_schedule,51001,err2,no_swap,,,13,14,False,0.8845162391662598
cue_schedule,51001,err2,no_swap,,,14,15,False,0.8251704573631287
cue_schedule,51001,err2,no_swap,,,15,16,False,0.8464556932449341
cue_schedule,51001,err2,no_swap,,,16,17,False,0.8675507307052612
cue_schedule,51001,err2,no_swap,,,17,18,False,0.8534889221191406
cue_schedule,51001,err2,no_swap,,,18,19,False,0.8697751760482788
cue_schedule,51001,err2,no_swap,,,19,20,False,0.8511843085289001
cue_schedule,51001,err2,no_swap,,,20,21,False,0.8553346395492554
cue_schedule,51001,err2,no_swap,,,21,22,False,0.8846638202667236
cue_schedule,51001,err2,no_swap,,,22,23,False,0.8823271989822388
cue_schedule,51001,err2,no_swap,,,23,24,False,0.8567119836807251
cue_schedule,51001,err2,no_swap,,,24,25,False,0.8458878397941589
cue_schedule,51001,err2,no_swap,,,25,26,False,0.8432669043540955
cue_schedule,51001,err2,no_swap,,,26,27,False,0.8481074571609497
cue_schedule,51001,err2,no_swap,,,27,28,False,0.8453436493873596
cue_schedule,51001,err2,no_swap,,,28,29,False,0.8128407001495361
cue_schedule,51001,err2,no_swap,,,29,30,False,0.8253341913223267
cue_schedule,51001,err2,no_swap,,,30,31,False,0.8565287590026855
cue_schedule,51001,err2,no_swap,,,31,32,False,0.8539608120918274
cue_schedule,51001,err2,no_swap,,,32,33,False,0.8430574536323547
cue_schedule,51001,err2,no_swap,,,33,34,False,0.8671613335609436
cue_schedule,51001,err2,no_swap,,,34,35,False,0.8647608160972595
cue_schedule,51001,err2,no_swap,,,35,36,False,0.8504488468170166
cue_schedule,51001,err2,no_swap,,,36,37,False,0.8573456406593323
cue_schedule,51001,err2,no_swap,,,37,38,False,0.8498252034187317
cue_schedule,51001,err2,no_swap,,,38,39,False,0.8528009057044983
cue_schedule,51001,err2,no_swap,,,39,40,False,0.8415380716323853
compatibility,51002,base,aligned,0,0.9619942903518677,,,,
compatibility,51002,base,aligned,1,0.8879437446594238,,,,
compatibility,51002,base,aligned,2,0.8521053791046143,,,,
compatibility,51002,base,aligned,3,0.9846134185791016,,,,
compatibility,51002,base,aligned,4,0.8480840921401978,,,,
compatibility,51002,base,aligned,5,0.8897337317466736,,,,
compatibility,51002,base,aligned,6,0.9004387259483337,,,,
compatibility,51002,base,aligned,7,0.8579553365707397,,,,
compatibility,51002,base,aligned,8,0.9120922684669495,,,,
compatibility,51002,base,aligned,9,0.9775704741477966,,,,
compatibility,51002,base,aligned,10,0.7862826585769653,,,,
compatibility,51002,base,aligned,11,0.9300557374954224,,,,
compatibility,51002,base,aligned,12,0.7473941445350647,,,,
compatibility,51002,base,aligned,13,0.9279264211654663,,,,
compatibility,51002,base,aligned,14,0.941055953502655,,,,
compatibility,51002,base,aligned,15,0.889373242855072,,,,
compatibility,51002,base,aligned,16,0.9878288507461548,,,,
compatibility,51002,base,aligned,17,0.7991533875465393,,,,
compatibility,51002,base,aligned,18,0.9997380375862122,,,,
compatibility,51002,base,aligned,19,0.8339524865150452,,,,
compatibility,51002,base,aligned,20,0.9103177189826965,,,,
compatibility,51002,base,aligned,21,0.9625934958457947,,,,
compatibility,51002,base,aligned,22,0.9884198307991028,,,,
compatibility,51002,base,aligned,23,0.9075894355773926,,,,
compatibility,51002,base,aligned,24,0.7739248871803284,,,,
compatibility,51002,base,aligned,25,0.7535803318023682,,,,
compatibility,51002,base,aligned,26,0.9366124868392944,,,,
compatibility,51002,base,aligned,27,0.9959192872047424,,,,
compatibility,51002,base,fixed_permutation,0,0.39588773250579834,,,,
compatibility,51002,base,fixed_permutation,1,0.055391062051057816,,,,
compatibility,51002,base,fixed_permutation,2,0.3560238480567932,,,,
compatibility,51002,base,fixed_permutation,3,0.3224250078201294,,,,
compatibility,51002,base,fixed_permutation,4,0.0026689614169299603,,,,
compatibility,51002,base,fixed_permutation,5,0.0848710834980011,,,,
compatibility,51002,base,fixed_permutation,6,0.17020900547504425,,,,
compatibility,51002,base,fixed_permutation,7,0.14747099578380585,,,,
compatibility,51002,base,fixed_permutation,8,0.0006225896067917347,,,,
compatibility,51002,base,fixed_permutation,9,0.07882067561149597,,,,
compatibility,51002,base,fixed_permutation,10,0.0054337624460458755,,,,
compatibility,51002,base,fixed_permutation,11,0.24545733630657196,,,,
compatibility,51002,base,fixed_permutation,12,0.14768078923225403,,,,
compatibility,51002,base,fixed_permutation,13,0.3249698281288147,,,,
compatibility,51002,base,fixed_permutation,14,0.0027179578319191933,,,,
compatibility,51002,base,fixed_permutation,15,0.17631319165229797,,,,
compatibility,51002,base,fixed_permutation,16,0.011557304300367832,,,,
compatibility,51002,base,fixed_permutation,17,0.11341264098882675,,,,
compatibility,51002,base,fixed_permutation,18,0.30398112535476685,,,,
compatibility,51002,base,fixed_permutation,19,0.10538064688444138,,,,
compatibility,51002,base,fixed_permutation,20,0.2990201711654663,,,,
compatibility,51002,base,fixed_permutation,21,0.11493861675262451,,,,
compatibility,51002,base,fixed_permutation,22,0.31699714064598083,,,,
compatibility,51002,base,fixed_permutation,23,0.01222999207675457,,,,
compatibility,51002,base,fixed_permutation,24,3.2638210541335866e-05,,,,
compatibility,51002,base,fixed_permutation,25,3.6533790989778936e-05,,,,
compatibility,51002,base,fixed_permutation,26,0.1890605092048645,,,,
compatibility,51002,base,fixed_permutation,27,0.0006598593899980187,,,,
compatibility,51002,base,matched_decoder,0,0.9619942903518677,,,,
compatibility,51002,base,matched_decoder,1,0.8879437446594238,,,,
compatibility,51002,base,matched_decoder,2,0.8521053791046143,,,,
compatibility,51002,base,matched_decoder,3,0.9846134185791016,,,,
compatibility,51002,base,matched_decoder,4,0.8480840921401978,,,,
compatibility,51002,base,matched_decoder,5,0.8897335529327393,,,,
compatibility,51002,base,matched_decoder,6,0.900438666343689,,,,
compatibility,51002,base,matched_decoder,7,0.857955276966095,,,,
compatibility,51002,base,matched_decoder,8,0.9120923280715942,,,,
compatibility,51002,base,matched_decoder,9,0.977570652961731,,,,
compatibility,51002,base,matched_decoder,10,0.7862825989723206,,,,
compatibility,51002,base,matched_decoder,11,0.9300557374954224,,,,
compatibility,51002,base,matched_decoder,12,0.7473941445350647,,,,
compatibility,51002,base,matched_decoder,13,0.9279264211654663,,,,
compatibility,51002,base,matched_decoder,14,0.941055953502655,,,,
compatibility,51002,base,matched_decoder,15,0.8893733024597168,,,,
compatibility,51002,base,matched_decoder,16,0.9878287315368652,,,,
compatibility,51002,base,matched_decoder,17,0.7991533279418945,,,,
compatibility,51002,base,matched_decoder,18,0.9997380375862122,,,,
compatibility,51002,base,matched_decoder,19,0.8339524865150452,,,,
compatibility,51002,base,matched_decoder,20,0.9103178381919861,,,,
compatibility,51002,base,matched_decoder,21,0.9625934958457947,,,,
compatibility,51002,base,matched_decoder,22,0.9884197115898132,,,,
compatibility,51002,base,matched_decoder,23,0.9075895547866821,,,,
compatibility,51002,base,matched_decoder,24,0.7739248871803284,,,,
compatibility,51002,base,matched_decoder,25,0.7535803318023682,,,,
compatibility,51002,base,matched_decoder,26,0.9366123080253601,,,,
compatibility,51002,base,matched_decoder,27,0.9959192872047424,,,,
compatibility,51002,base,random_content,0,4.8524452722631395e-06,,,,
compatibility,51002,base,random_content,1,1.3144745935278479e-05,,,,
compatibility,51002,base,random_content,2,0.10982614755630493,,,,
compatibility,51002,base,random_content,3,0.0052151004783809185,,,,
compatibility,51002,base,random_content,4,0.2605246901512146,,,,
compatibility,51002,base,random_content,5,1.9231503756600432e-05,,,,
compatibility,51002,base,random_content,6,0.2163628786802292,,,,
compatibility,51002,base,random_content,7,0.6478261947631836,,,,
compatibility,51002,base,random_content,8,1.8607295260153478e-07,,,,
compatibility,51002,base,random_content,9,0.0025240082759410143,,,,
compatibility,51002,base,random_content,10,0.26399165391921997,,,,
compatibility,51002,base,random_content,11,0.4851129353046417,,,,
compatibility,51002,base,random_content,12,0.8169751763343811,,,,
compatibility,51002,base,random_content,13,0.2739877700805664,,,,
compatibility,51002,base,random_content,14,0.08118954300880432,,,,
compatibility,51002,base,random_content,15,0.0005033520865254104,,,,
compatibility,51002,base,random_content,16,0.00814758613705635,,,,
compatibility,51002,base,random_content,17,0.024701623246073723,,,,
compatibility,51002,base,random_content,18,0.27376478910446167,,,,
compatibility,51002,base,random_content,19,0.5493574738502502,,,,
compatibility,51002,base,random_content,20,0.00011025890125893056,,,,
compatibility,51002,base,random_content,21,0.21207782626152039,,,,
compatibility,51002,base,random_content,22,0.8529936075210571,,,,
compatibility,51002,base,random_content,23,0.19197189807891846,,,,
compatibility,51002,base,random_content,24,7.947348058223724e-05,,,,
compatibility,51002,base,random_content,25,0.33312952518463135,,,,
compatibility,51002,base,random_content,26,0.020266130566596985,,,,
compatibility,51002,base,random_content,27,0.01348819863051176,,,,
compatibility,51002,base,no_plasticity,0,0.1296246200799942,,,,
compatibility,51002,base,no_plasticity,1,0.10809452086687088,,,,
compatibility,51002,base,no_plasticity,2,0.3154071271419525,,,,
compatibility,51002,base,no_plasticity,3,0.11246466636657715,,,,
compatibility,51002,base,no_plasticity,4,0.34595516324043274,,,,
compatibility,51002,base,no_plasticity,5,0.2715796232223511,,,,
compatibility,51002,base,no_plasticity,6,0.08255806565284729,,,,
compatibility,51002,base,no_plasticity,7,0.18020083010196686,,,,
compatibility,51002,base,no_plasticity,8,0.1961689591407776,,,,
compatibility,51002,base,no_plasticity,9,0.17286689579486847,,,,
compatibility,51002,base,no_plasticity,10,0.1915455311536789,,,,
compatibility,51002,base,no_plasticity,11,0.17663279175758362,,,,
compatibility,51002,base,no_plasticity,12,0.25761666893959045,,,,
compatibility,51002,base,no_plasticity,13,0.34821730852127075,,,,
compatibility,51002,base,no_plasticity,14,0.30661091208457947,,,,
compatibility,51002,base,no_plasticity,15,0.12104461342096329,,,,
compatibility,51002,base,no_plasticity,16,0.1957240104675293,,,,
compatibility,51002,base,no_plasticity,17,0.31854426860809326,,,,
compatibility,51002,base,no_plasticity,18,0.21904517710208893,,,,
compatibility,51002,base,no_plasticity,19,0.23487843573093414,,,,
compatibility,51002,base,no_plasticity,20,0.287238746881485,,,,
compatibility,51002,base,no_plasticity,21,0.15328703820705414,,,,
compatibility,51002,base,no_plasticity,22,0.1950971931219101,,,,
compatibility,51002,base,no_plasticity,23,0.238859161734581,,,,
compatibility,51002,base,no_plasticity,24,0.13711422681808472,,,,
compatibility,51002,base,no_plasticity,25,0.39509984850883484,,,,
compatibility,51002,base,no_plasticity,26,0.11036688089370728,,,,
compatibility,51002,base,no_plasticity,27,0.24718084931373596,,,,
cue_schedule,51002,base,swap,,,1,2,False,0.8148555159568787
cue_schedule,51002,base,swap,,,2,3,False,0.8479350805282593
cue_schedule,51002,base,swap,,,3,4,False,0.8682870268821716
cue_schedule,51002,base,swap,,,4,5,False,0.9173315167427063
cue_schedule,51002,base,swap,,,5,6,False,0.878480076789856
cue_schedule,51002,base,swap,,,6,7,False,0.8491829037666321
cue_schedule,51002,base,swap,,,7,8,False,0.898761510848999
cue_schedule,51002,base,swap,,,8,9,False,0.9164619445800781
cue_schedule,51002,base,swap,,,9,10,False,0.8831230401992798
cue_schedule,51002,base,swap,,,10,11,True,0.34351009130477905
cue_schedule,51002,base,swap,,,11,12,False,0.8128958344459534
cue_schedule,51002,base,swap,,,12,13,False,0.7828252911567688
cue_schedule,51002,base,swap,,,13,14,False,0.830054759979248
cue_schedule,51002,base,swap,,,14,15,False,0.8175908923149109
cue_schedule,51002,base,swap,,,15,16,False,0.7904499173164368
cue_schedule,51002,base,swap,,,16,17,False,0.8294602036476135
cue_schedule,51002,base,swap,,,17,18,False,0.8120479583740234
cue_schedule,51002,base,swap,,,18,19,False,0.8663341403007507
cue_schedule,51002,base,swap,,,19,20,False,0.8537961840629578
cue_schedule,51002,base,swap,,,20,21,True,0.27476298809051514
cue_schedule,51002,base,swap,,,21,22,False,0.8133689165115356
cue_schedule,51002,base,swap,,,22,23,False,0.8386751413345337
cue_schedule,51002,base,swap,,,23,24,False,0.8785440921783447
cue_schedule,51002,base,swap,,,24,25,False,0.877758264541626
cue_schedule,51002,base,swap,,,25,26,False,0.8615477681159973
cue_schedule,51002,base,swap,,,26,27,False,0.8832135796546936
cue_schedule,51002,base,swap,,,27,28,False,0.8386167287826538
cue_schedule,51002,base,swap,,,28,29,False,0.8144048452377319
cue_schedule,51002,base,swap,,,29,30,False,0.8436147570610046
cue_schedule,51002,base,swap,,,30,31,True,0.30662593245506287
cue_schedule,51002,base,swap,,,31,32,False,0.7526042461395264
cue_schedule,51002,base,swap,,,32,33,False,0.8198661804199219
cue_schedule,51002,base,swap,,,33,34,False,0.8157861828804016
cue_schedule,51002,base,swap,,,34,35,False,0.8201478719711304
cue_schedule,51002,base,swap,,,35,36,False,0.8231537342071533
cue_schedule,51002,base,swap,,,36,37,False,0.8600746989250183
cue_schedule,51002,base,swap,,,37,38,False,0.8292399048805237
cue_schedule,51002,base,swap,,,38,39,False,0.8609582781791687
cue_schedule,51002,base,swap,,,39,40,False,0.8519881367683411
cue_schedule,51002,base,no_swap,,,1,2,False,0.8148555159568787
cue_schedule,51002,base,no_swap,,,2,3,False,0.8479350805282593
cue_schedule,51002,base,no_swap,,,3,4,False,0.8682870268821716
cue_schedule,51002,base,no_swap,,,4,5,False,0.9173315167427063
cue_schedule,51002,base,no_swap,,,5,6,False,0.878480076789856
cue_schedule,51002,base,no_swap,,,6,7,False,0.8491829037666321
cue_schedule,51002,base,no_swap,,,7,8,False,0.898761510848999
cue_schedule,51002,base,no_swap,,,8,9,False,0.9164619445800781
cue_schedule,51002,base,no_swap,,,9,10,False,0.8831230401992798
cue_schedule,51002,base,no_swap,,,10,11,False,0.8479719758033752
cue_schedule,51002,base,no_swap,,,11,12,False,0.8439024090766907
cue_schedule,51002,base,no_swap,,,12,13,False,0.8388465046882629
cue_schedule,51002,base,no_swap,,,13,14,False,0.8398138284683228
cue_schedule,51002,base,no_swap,,,14,15,False,0.7891994714736938
cue_schedule,51002,base,no_swap,,,15,16,False,0.8526998162269592
cue_schedule,51002,base,no_swap,,,16,17,False,0.800737738609314
cue_schedule,51002,base,no_swap,,,17,18,False,0.8232129812240601
cue_schedule,51002,base,no_swap,,,18,19,False,0.857857346534729
cue_schedule,51002,base,no_swap,,,19,20,False,0.8536538481712341
cue_schedule,51002,base,no_swap,,,20,21,False,0.8410107493400574
cue_schedule,51002,base,no_swap,,,21,22,False,0.8159511089324951
cue_schedule,51002,base,no_swap,,,22,23,False,0.8718950152397156
cue_schedule,51002,base,no_swap,,,23,24,False,0.8860533833503723
cue_schedule,51002,base,no_swap,,,24,25,False,0.8759673237800598
cue_schedule,51002,base,no_swap,,,25,26,False,0.866837739944458
cue_schedule,51002,base,no_swap,,,26,27,False,0.8784509301185608
cue_schedule,51002,base,no_swap,,,27,28,False,0.8353453874588013
cue_schedule,51002,base,no_swap,,,28,29,False,0.8108566999435425
cue_schedule,51002,base,no_swap,,,29,30,False,0.842559814453125
cue_schedule,51002,base,no_swap,,,30,31,False,0.8135808706283569
cue_schedule,51002,base,no_swap,,,31,32,False,0.8710120320320129
cue_schedule,51002,base,no_swap,,,32,33,False,0.8263227343559265
cue_schedule,51002,base,no_swap,,,33,34,False,0.833831250667572
cue_schedule,51002,base,no_swap,,,34,35,False,0.7930330038070679
cue_schedule,51002,base,no_swap,,,35,36,False,0.8480873703956604
cue_schedule,51002,base,no_swap,,,36,37,False,0.8739225268363953
cue_schedule,51002,base,no_swap,,,37,38,False,0.7919245362281799
cue_schedule,51002,base,no_swap,,,38,39,False,0.8086163997650146
cue_schedule,51002,base,no_swap,,,39,40,False,0.8299974799156189
compatibility,51002,err2,aligned,0,0.5805671811103821,,,,
compatibility,51002,err2,aligned,1,0.48047277331352234,,,,
compatibility,51002,err2,aligned,2,0.4607813358306885,,,,
compatibility,51002,err2,aligned,3,0.4770483076572418,,,,
compatibility,51002,err2,aligned,4,0.4651043117046356,,,,
compatibility,51002,err2,aligned,5,0.5602143406867981,,,,
compatibility,51002,err2,aligned,6,0.5156251788139343,,,,
compatibility,51002,err2,aligned,7,0.22834846377372742,,,,
compatibility,51002,err2,aligned,8,0.5447109937667847,,,,
compatibility,51002,err2,aligned,9,0.44875994324684143,,,,
compatibility,51002,err2,aligned,10,0.10677845031023026,,,,
compatibility,51002,err2,aligned,11,0.44732651114463806,,,,
compatibility,51002,err2,aligned,12,0.6290602684020996,,,,
compatibility,51002,err2,aligned,13,0.641329824924469,,,,
compatibility,51002,err2,aligned,14,0.3538320064544678,,,,
compatibility,51002,err2,aligned,15,0.44956734776496887,,,,
compatibility,51002,err2,aligned,16,0.4493239223957062,,,,
compatibility,51002,err2,aligned,17,0.5470266342163086,,,,
compatibility,51002,err2,aligned,18,0.5616530776023865,,,,
compatibility,51002,err2,aligned,19,0.6253796815872192,,,,
compatibility,51002,err2,aligned,20,0.4681897759437561,,,,
compatibility,51002,err2,aligned,21,0.4472765028476715,,,,
compatibility,51002,err2,aligned,22,0.5997776985168457,,,,
compatibility,51002,err2,aligned,23,0.5543590784072876,,,,
compatibility,51002,err2,aligned,24,0.62360018491745,,,,
compatibility,51002,err2,aligned,25,0.5277391672134399,,,,
compatibility,51002,err2,aligned,26,0.5617820620536804,,,,
compatibility,51002,err2,aligned,27,0.47559767961502075,,,,
compatibility,51002,err2,fixed_permutation,0,0.00010789067891892046,,,,
compatibility,51002,err2,fixed_permutation,1,0.002244156552478671,,,,
compatibility,51002,err2,fixed_permutation,2,0.014663408510386944,,,,
compatibility,51002,err2,fixed_permutation,3,0.004698257427662611,,,,
compatibility,51002,err2,fixed_permutation,4,9.233369200956076e-05,,,,
compatibility,51002,err2,fixed_permutation,5,2.2556932890438475e-05,,,,
compatibility,51002,err2,fixed_permutation,6,0.0018035424873232841,,,,
compatibility,51002,err2,fixed_permutation,7,7.778110739309341e-05,,,,
compatibility,51002,err2,fixed_permutation,8,3.7807796616107225e-05,,,,
compatibility,51002,err2,fixed_permutation,9,0.44366204738616943,,,,
compatibility,51002,err2,fixed_permutation,10,3.069325657634181e-06,,,,
compatibility,51002,err2,fixed_permutation,11,0.39010679721832275,,,,
compatibility,51002,err2,fixed_permutation,12,0.008814399130642414,,,,
compatibility,51002,err2,fixed_permutation,13,0.0007327121566049755,,,,
compatibility,51002,err2,fixed_permutation,14,0.00019817282736767083,,,,
compatibility,51002,err2,fixed_permutation,15,0.34618479013442993,,,,
compatibility,51002,err2,fixed_permutation,16,0.0004400386242195964,,,,
compatibility,51002,err2,fixed_permutation,17,0.00430613849312067,,,,
compatibility,51002,err2,fixed_permutation,18,0.015963537618517876,,,,
compatibility,51002,err2,fixed_permutation,19,5.7011100579984486e-05,,,,
compatibility,51002,err2,fixed_permutation,20,1.1932625966437627e-05,,,,
compatibility,51002,err2,fixed_permutation,21,0.0006955101271159947,,,,
compatibility,51002,err2,fixed_permutation,22,0.02283569984138012,,,,
compatibility,51002,err2,fixed_permutation,23,0.027995551005005836,,,,
compatibility,51002,err2,fixed_permutation,24,0.001140451873652637,,,,
compatibility,51002,err2,fixed_permutation,25,4.472777618502732e-06,,,,
compatibility,51002,err2,fixed_permutation,26,0.0014136586105450988,,,,
compatibility,51002,err2,fixed_permutation,27,0.0017009911825880408,,,,
compatibility,51002,err2,matched_decoder,0,0.5805677771568298,,,,
compatibility,51002,err2,matched_decoder,1,0.48047277331352234,,,,
compatibility,51002,err2,matched_decoder,2,0.4607812762260437,,,,
compatibility,51002,err2,matched_decoder,3,0.4770483076572418,,,,
compatibility,51002,err2,matched_decoder,4,0.46510428190231323,,,,
compatibility,51002,err2,matched_decoder,5,0.5602147579193115,,,,
compatibility,51002,err2,matched_decoder,6,0.5156251788139343,,,,
compatibility,51002,err2,matched_decoder,7,0.22834882140159607,,,,
compatibility,51002,err2,matched_decoder,8,0.5447108745574951,,,,
compatibility,51002,err2,matched_decoder,9,0.4487600028514862,,,,
compatibility,51002,err2,matched_decoder,10,0.10677840560674667,,,,
compatibility,51002,err2,matched_decoder,11,0.44732651114463806,,,,
compatibility,51002,err2,matched_decoder,12,0.6290603280067444,,,,
compatibility,51002,err2,matched_decoder,13,0.6413297057151794,,,,
compatibility,51002,err2,matched_decoder,14,0.3538320064544678,,,,
compatibility,51002,err2,matched_decoder,15,0.4495673179626465,,,,
compatibility,51002,err2,matched_decoder,16,0.4493239223957062,,,,
compatibility,51002,err2,matched_decoder,17,0.5470271110534668,,,,
compatibility,51002,err2,matched_decoder,18,0.5616532564163208,,,,
compatibility,51002,err2,matched_decoder,19,0.6253796219825745,,,,
compatibility,51002,err2,matched_decoder,20,0.46818992495536804,,,,
compatibility,51002,err2,matched_decoder,21,0.4472765624523163,,,,
compatibility,51002,err2,matched_decoder,22,0.5997778177261353,,,,
compatibility,51002,err2,matched_decoder,23,0.5543590188026428,,,,
compatibility,51002,err2,matched_decoder,24,0.6236003637313843,,,,
compatibility,51002,err2,matched_decoder,25,0.5277393460273743,,,,
compatibility,51002,err2,matched_decoder,26,0.5617818236351013,,,,
compatibility,51002,err2,matched_decoder,27,0.4755977392196655,,,,
compatibility,51002,err2,random_content,0,1.940800302691059e-06,,,,
compatibility,51002,err2,random_content,1,0.0012785514118149877,,,,
compatibility,51002,err2,random_content,2,0.02460607886314392,,,,
compatibility,51002,err2,random_content,3,3.3163865737151355e-05,,,,
compatibility,51002,err2,random_content,4,0.000531527679413557,,,,
compatibility,51002,err2,random_content,5,0.011580469086766243,,,,
compatibility,51002,err2,random_content,6,0.05536900833249092,,,,
compatibility,51002,err2,random_content,7,0.024063676595687866,,,,
compatibility,51002,err2,random_content,8,7.390163955278695e-05,,,,
compatibility,51002,err2,random_content,9,0.31445884704589844,,,,
compatibility,51002,err2,random_content,10,0.006273353006690741,,,,
compatibility,51002,err2,random_content,11,0.3637756109237671,,,,
compatibility,51002,err2,random_content,12,0.3071138560771942,,,,
compatibility,51002,err2,random_content,13,0.0069512249901890755,,,,
compatibility,51002,err2,random_content,14,0.0025165623519569635,,,,
compatibility,51002,err2,random_content,15,2.2559468561667018e-05,,,,
compatibility,51002,err2,random_content,16,0.0027146253269165754,,,,
compatibility,51002,err2,random_content,17,3.4490069083403796e-05,,,,
compatibility,51002,err2,random_content,18,0.03944223001599312,,,,
compatibility,51002,err2,random_content,19,0.43163883686065674,,,,
compatibility,51002,err2,random_content,20,6.021332410455216e-06,,,,
compatibility,51002,err2,random_content,21,0.00016837632574606687,,,,
compatibility,51002,err2,random_content,22,0.49892228841781616,,,,
compatibility,51002,err2,random_content,23,0.4452677369117737,,,,
compatibility,51002,err2,random_content,24,1.1233613804506604e-05,,,,
compatibility,51002,err2,random_content,25,0.44785070419311523,,,,
compatibility,51002,err2,random_content,26,2.070955088129267e-05,,,,
compatibility,51002,err2,random_content,27,0.000541370827704668,,,,
compatibility,51002,err2,no_plasticity,0,0.1296246200799942,,,,
compatibility,51002,err2,no_plasticity,1,0.10809452086687088,,,,
compatibility,51002,err2,no_plasticity,2,0.3154071271419525,,,,
compatibility,51002,err2,no_plasticity,3,0.11246466636657715,,,,
compatibility,51002,err2,no_plasticity,4,0.34595516324043274,,,,
compatibility,51002,err2,no_plasticity,5,0.2715796232223511,,,,
compatibility,51002,err2,no_plasticity,6,0.08255806565284729,,,,
compatibility,51002,err2,no_plasticity,7,0.18020083010196686,,,,
compatibility,51002,err2,no_plasticity,8,0.1961689591407776,,,,
compatibility,51002,err2,no_plasticity,9,0.17286689579486847,,,,
compatibility,51002,err2,no_plasticity,10,0.1915455311536789,,,,
compatibility,51002,err2,no_plasticity,11,0.17663279175758362,,,,
compatibility,51002,err2,no_plasticity,12,0.25761666893959045,,,,
compatibility,51002,err2,no_plasticity,13,0.34821730852127075,,,,
compatibility,51002,err2,no_plasticity,14,0.30661091208457947,,,,
compatibility,51002,err2,no_plasticity,15,0.12104461342096329,,,,
compatibility,51002,err2,no_plasticity,16,0.1957240104675293,,,,
compatibility,51002,err2,no_plasticity,17,0.31854426860809326,,,,
compatibility,51002,err2,no_plasticity,18,0.21904517710208893,,,,
compatibility,51002,err2,no_plasticity,19,0.23487843573093414,,,,
compatibility,51002,err2,no_plasticity,20,0.287238746881485,,,,
compatibility,51002,err2,no_plasticity,21,0.15328703820705414,,,,
compatibility,51002,err2,no_plasticity,22,0.1950971931219101,,,,
compatibility,51002,err2,no_plasticity,23,0.238859161734581,,,,
compatibility,51002,err2,no_plasticity,24,0.13711422681808472,,,,
compatibility,51002,err2,no_plasticity,25,0.39509984850883484,,,,
compatibility,51002,err2,no_plasticity,26,0.11036688089370728,,,,
compatibility,51002,err2,no_plasticity,27,0.24718084931373596,,,,
cue_schedule,51002,err2,swap,,,1,2,False,0.7210755348205566
cue_schedule,51002,err2,swap,,,2,3,False,0.8009915351867676
cue_schedule,51002,err2,swap,,,3,4,False,0.829548716545105
cue_schedule,51002,err2,swap,,,4,5,False,0.8609519004821777
cue_schedule,51002,err2,swap,,,5,6,False,0.8636733293533325
cue_schedule,51002,err2,swap,,,6,7,False,0.8616188764572144
cue_schedule,51002,err2,swap,,,7,8,False,0.859616756439209
cue_schedule,51002,err2,swap,,,8,9,False,0.8743164539337158
cue_schedule,51002,err2,swap,,,9,10,False,0.839806079864502
cue_schedule,51002,err2,swap,,,10,11,True,0.40306389331817627
cue_schedule,51002,err2,swap,,,11,12,False,0.8244290947914124
cue_schedule,51002,err2,swap,,,12,13,False,0.7855303883552551
cue_schedule,51002,err2,swap,,,13,14,False,0.830390453338623
cue_schedule,51002,err2,swap,,,14,15,False,0.8292557001113892
cue_schedule,51002,err2,swap,,,15,16,False,0.8252231478691101
cue_schedule,51002,err2,swap,,,16,17,False,0.8158656358718872
cue_schedule,51002,err2,swap,,,17,18,False,0.8190089464187622
cue_schedule,51002,err2,swap,,,18,19,False,0.856361448764801
cue_schedule,51002,err2,swap,,,19,20,False,0.7912616729736328
cue_schedule,51002,err2,swap,,,20,21,True,0.4047573208808899
cue_schedule,51002,err2,swap,,,21,22,False,0.8610079288482666
cue_schedule,51002,err2,swap,,,22,23,False,0.8580410480499268
cue_schedule,51002,err2,swap,,,23,24,False,0.8567240834236145
cue_schedule,51002,err2,swap,,,24,25,False,0.8527587056159973
cue_schedule,51002,err2,swap,,,25,26,False,0.867888331413269
cue_schedule,51002,err2,swap,,,26,27,False,0.8671190738677979
cue_schedule,51002,err2,swap,,,27,28,False,0.8703114986419678
cue_schedule,51002,err2,swap,,,28,29,False,0.860493004322052
cue_schedule,51002,err2,swap,,,29,30,False,0.8333115577697754
cue_schedule,51002,err2,swap,,,30,31,True,0.4619293510913849
cue_schedule,51002,err2,swap,,,31,32,False,0.8739168047904968
cue_schedule,51002,err2,swap,,,32,33,False,0.8637814521789551
cue_schedule,51002,err2,swap,,,33,34,False,0.8504616618156433
cue_schedule,51002,err2,swap,,,34,35,False,0.8591905832290649
cue_schedule,51002,err2,swap,,,35,36,False,0.8642442226409912
cue_schedule,51002,err2,swap,,,36,37,False,0.8930449485778809
cue_schedule,51002,err2,swap,,,37,38,False,0.8945086002349854
cue_schedule,51002,err2,swap,,,38,39,False,0.8746604323387146
cue_schedule,51002,err2,swap,,,39,40,False,0.8889514207839966
cue_schedule,51002,err2,no_swap,,,1,2,False,0.7210755348205566
cue_schedule,51002,err2,no_swap,,,2,3,False,0.8009915351867676
cue_schedule,51002,err2,no_swap,,,3,4,False,0.829548716545105
cue_schedule,51002,err2,no_swap,,,4,5,False,0.8609519004821777
cue_schedule,51002,err2,no_swap,,,5,6,False,0.8636733293533325
cue_schedule,51002,err2,no_swap,,,6,7,False,0.8616188764572144
cue_schedule,51002,err2,no_swap,,,7,8,False,0.859616756439209
cue_schedule,51002,err2,no_swap,,,8,9,False,0.8743164539337158
cue_schedule,51002,err2,no_swap,,,9,10,False,0.839806079864502
cue_schedule,51002,err2,no_swap,,,10,11,False,0.820434033870697
cue_schedule,51002,err2,no_swap,,,11,12,False,0.8443359136581421
cue_schedule,51002,err2,no_swap,,,12,13,False,0.8479786515235901
cue_schedule,51002,err2,no_swap,,,13,14,False,0.8790073394775391
cue_schedule,51002,err2,no_swap,,,14,15,False,0.840969443321228
cue_schedule,51002,err2,no_swap,,,15,16,False,0.856835126876831
cue_schedule,51002,err2,no_swap,,,16,17,False,0.8245871067047119
cue_schedule,51002,err2,no_swap,,,17,18,False,0.8494457006454468
cue_schedule,51002,err2,no_swap,,,18,19,False,0.8673299551010132
cue_schedule,51002,err2,no_swap,,,19,20,False,0.840934157371521
cue_schedule,51002,err2,no_swap,,,20,21,False,0.829211413860321
cue_schedule,51002,err2,no_swap,,,21,22,False,0.8683700561523438
cue_schedule,51002,err2,no_swap,,,22,23,False,0.8742215037345886
cue_schedule,51002,err2,no_swap,,,23,24,False,0.8665405511856079
cue_schedule,51002,err2,no_swap,,,24,25,False,0.8508267998695374
cue_schedule,51002,err2,no_swap,,,25,26,False,0.8643529415130615
cue_schedule,51002,err2,no_swap,,,26,27,False,0.8732795715332031
cue_schedule,51002,err2,no_swap,,,27,28,False,0.8780918717384338
cue_schedule,51002,err2,no_swap,,,28,29,False,0.8569216132164001
cue_schedule,51002,err2,no_swap,,,29,30,False,0.8269438147544861
cue_schedule,51002,err2,no_swap,,,30,31,False,0.8588916659355164
cue_schedule,51002,err2,no_swap,,,31,32,False,0.8537208437919617
cue_schedule,51002,err2,no_swap,,,32,33,False,0.851711094379425
cue_schedule,51002,err2,no_swap,,,33,34,False,0.856326699256897
cue_schedule,51002,err2,no_swap,,,34,35,False,0.882731020450592
cue_schedule,51002,err2,no_swap,,,35,36,False,0.8926923274993896
cue_schedule,51002,err2,no_swap,,,36,37,False,0.8852609395980835
cue_schedule,51002,err2,no_swap,,,37,38,False,0.8984225988388062
cue_schedule,51002,err2,no_swap,,,38,39,False,0.8864149451255798
cue_schedule,51002,err2,no_swap,,,39,40,False,0.8827672004699707
compatibility,51003,base,aligned,0,0.7228082418441772,,,,
compatibility,51003,base,aligned,1,0.7646571397781372,,,,
compatibility,51003,base,aligned,2,0.8016734719276428,,,,
compatibility,51003,base,aligned,3,0.6652432680130005,,,,
compatibility,51003,base,aligned,4,0.8127455115318298,,,,
compatibility,51003,base,aligned,5,0.9974762201309204,,,,
compatibility,51003,base,aligned,6,0.9999727010726929,,,,
compatibility,51003,base,aligned,7,0.9108643531799316,,,,
compatibility,51003,base,aligned,8,0.7778991460800171,,,,
compatibility,51003,base,aligned,9,0.6636071801185608,,,,
compatibility,51003,base,aligned,10,0.9073716402053833,,,,
compatibility,51003,base,aligned,11,0.6415005326271057,,,,
compatibility,51003,base,aligned,12,0.8020402193069458,,,,
compatibility,51003,base,aligned,13,0.7154216766357422,,,,
compatibility,51003,base,aligned,14,0.8841381669044495,,,,
compatibility,51003,base,aligned,15,0.8963219523429871,,,,
compatibility,51003,base,aligned,16,0.9126794934272766,,,,
compatibility,51003,base,aligned,17,0.8506476879119873,,,,
compatibility,51003,base,aligned,18,0.9121958017349243,,,,
compatibility,51003,base,aligned,19,0.705047607421875,,,,
compatibility,51003,base,aligned,20,0.9514213800430298,,,,
compatibility,51003,base,aligned,21,0.8075422644615173,,,,
compatibility,51003,base,aligned,22,0.7958755493164062,,,,
compatibility,51003,base,aligned,23,0.9673296809196472,,,,
compatibility,51003,base,aligned,24,0.7216359972953796,,,,
compatibility,51003,base,aligned,25,0.850955605506897,,,,
compatibility,51003,base,aligned,26,0.7797303795814514,,,,
compatibility,51003,base,aligned,27,0.9071181416511536,,,,
compatibility,51003,base,fixed_permutation,0,0.22613407671451569,,,,
compatibility,51003,base,fixed_permutation,1,0.0004994163173250854,,,,
compatibility,51003,base,fixed_permutation,2,0.06030608341097832,,,,
compatibility,51003,base,fixed_permutation,3,0.17021097242832184,,,,
compatibility,51003,base,fixed_permutation,4,0.28878679871559143,,,,
compatibility,51003,base,fixed_permutation,5,0.01619046926498413,,,,
compatibility,51003,base,fixed_permutation,6,0.0953153520822525,,,,
compatibility,51003,base,fixed_permutation,7,0.005321923643350601,,,,
compatibility,51003,base,fixed_permutation,8,0.16098858416080475,,,,
compatibility,51003,base,fixed_permutation,9,0.08722031116485596,,,,
compatibility,51003,base,fixed_permutation,10,0.09981440007686615,,,,
compatibility,51003,base,fixed_permutation,11,0.038267217576503754,,,,
compatibility,51003,base,fixed_permutation,12,0.14252197742462158,,,,
compatibility,51003,base,fixed_permutation,13,0.04011138528585434,,,,
compatibility,51003,base,fixed_permutation,14,0.06505607813596725,,,,
compatibility,51003,base,fixed_permutation,15,0.01591765321791172,,,,
compatibility,51003,base,fixed_permutation,16,0.1571219563484192,,,,
compatibility,51003,base,fixed_permutation,17,0.00045135748223401606,,,,
compatibility,51003,base,fixed_permutation,18,0.15076017379760742,,,,
compatibility,51003,base,fixed_permutation,19,0.2651370167732239,,,,
compatibility,51003,base,fixed_permutation,20,0.029733138158917427,,,,
compatibility,51003,base,fixed_permutation,21,0.00042542864684946835,,,,
compatibility,51003,base,fixed_permutation,22,0.0005410469602793455,,,,
compatibility,51003,base,fixed_permutation,23,0.11941959708929062,,,,
compatibility,51003,base,fixed_permutation,24,0.0929141566157341,,,,
compatibility,51003,base,fixed_permutation,25,0.002951856469735503,,,,
compatibility,51003,base,fixed_permutation,26,0.0046943919733166695,,,,
compatibility,51003,base,fixed_permutation,27,0.19348999857902527,,,,
compatibility,51003,base,matched_decoder,0,0.7228083610534668,,,,
compatibility,51003,base,matched_decoder,1,0.7646571397781372,,,,
compatibility,51003,base,matched_decoder,2,0.8016735315322876,,,,
compatibility,51003,base,matched_decoder,3,0.6652432084083557,,,,
compatibility,51003,base,matched_decoder,4,0.8127455115318298,,,,
compatibility,51003,base,matched_decoder,5,0.9974762201309204,,,,
compatibility,51003,base,matched_decoder,6,0.9999727010726929,,,,
compatibility,51003,base,matched_decoder,7,0.9108643531799316,,,,
compatibility,51003,base,matched_decoder,8,0.7778991460800171,,,,
compatibility,51003,base,matched_decoder,9,0.663607120513916,,,,
compatibility,51003,base,matched_decoder,10,0.9073716402053833,,,,
compatibility,51003,base,matched_decoder,11,0.6415005326271057,,,,
compatibility,51003,base,matched_decoder,12,0.8020402193069458,,,,
compatibility,51003,base,matched_decoder,13,0.7154216170310974,,,,
compatibility,51003,base,matched_decoder,14,0.8841382265090942,,,,
compatibility,51003,base,matched_decoder,15,0.8963219523429871,,,,
compatibility,51003,base,matched_decoder,16,0.9126794934272766,,,,
compatibility,51003,base,matched_decoder,17,0.8506476879119873,,,,
compatibility,51003,base,matched_decoder,18,0.9121958613395691,,,,
compatibility,51003,base,matched_decoder,19,0.7050475478172302,,,,
compatibility,51003,base,matched_decoder,20,0.9514214992523193,,,,
compatibility,51003,base,matched_decoder,21,0.8075421452522278,,,,
compatibility,51003,base,matched_decoder,22,0.7958754897117615,,,,
compatibility,51003,base,matched_decoder,23,0.9673296809196472,,,,
compatibility,51003,base,matched_decoder,24,0.7216360569000244,,,,
compatibility,51003,base,matched_decoder,25,0.850955605506897,,,,
compatibility,51003,base,matched_decoder,26,0.7797303795814514,,,,
compatibility,51003,base,matched_decoder,27,0.9071181416511536,,,,
compatibility,51003,base,random_content,0,0.14113996922969818,,,,
compatibility,51003,base,random_content,1,0.13847362995147705,,,,
compatibility,51003,base,random_content,2,0.3774510324001312,,,,
compatibility,51003,base,random_content,3,0.009630379267036915,,,,
compatibility,51003,base,random_content,4,0.22994893789291382,,,,
compatibility,51003,base,random_content,5,0.0034408739302307367,,,,
compatibility,51003,base,random_content,6,0.19943834841251373,,,,
compatibility,51003,base,random_content,7,0.20936469733715057,,,,
compatibility,51003,base,random_content,8,0.22129158675670624,,,,
compatibility,51003,base,random_content,9,0.0662052184343338,,,,
compatibility,51003,base,random_content,10,0.20069386065006256,,,,
compatibility,51003,base,random_content,11,0.19898384809494019,,,,
compatibility,51003,base,random_content,12,0.20448753237724304,,,,
compatibility,51003,base,random_content,13,0.272990882396698,,,,
compatibility,51003,base,random_content,14,0.19005686044692993,,,,
compatibility,51003,base,random_content,15,0.6899954676628113,,,,
compatibility,51003,base,random_content,16,0.00285993330180645,,,,
compatibility,51003,base,random_content,17,0.7545649409294128,,,,
compatibility,51003,base,random_content,18,0.21509389579296112,,,,
compatibility,51003,base,random_content,19,0.3490092158317566,,,,
compatibility,51003,base,random_content,20,0.00015138830349314958,,,,
compatibility,51003,base,random_content,21,0.1761624664068222,,,,
compatibility,51003,base,random_content,22,0.23460640013217926,,,,
compatibility,51003,base,random_content,23,0.0005158783751539886,,,,
compatibility,51003,base,random_content,24,1.6695419617462903e-05,,,,
compatibility,51003,base,random_content,25,0.32502028346061707,,,,
compatibility,51003,base,random_content,26,0.3297784626483917,,,,
compatibility,51003,base,random_content,27,0.0005085707525722682,,,,
compatibility,51003,base,no_plasticity,0,0.15014277398586273,,,,
compatibility,51003,base,no_plasticity,1,0.1635044515132904,,,,
compatibility,51003,base,no_plasticity,2,0.31541708111763,,,,
compatibility,51003,base,no_plasticity,3,0.17245621979236603,,,,
compatibility,51003,base,no_plasticity,4,0.1272186040878296,,,,
compatibility,51003,base,no_plasticity,5,0.2900911867618561,,,,
compatibility,51003,base,no_plasticity,6,0.1436946988105774,,,,
compatibility,51003,base,no_plasticity,7,0.17096544802188873,,,,
compatibility,51003,base,no_plasticity,8,0.34036317467689514,,,,
compatibility,51003,base,no_plasticity,9,0.2768067419528961,,,,
compatibility,51003,base,no_plasticity,10,0.2188485562801361,,,,
compatibility,51003,base,no_plasticity,11,0.1721288412809372,,,,
compatibility,51003,base,no_plasticity,12,0.15203681588172913,,,,
compatibility,51003,base,no_plasticity,13,0.48137927055358887,,,,
compatibility,51003,base,no_plasticity,14,0.13332442939281464,,,,
compatibility,51003,base,no_plasticity,15,0.06791689246892929,,,,
compatibility,51003,base,no_plasticity,16,0.1033940315246582,,,,
compatibility,51003,base,no_plasticity,17,0.16300338506698608,,,,
compatibility,51003,base,no_plasticity,18,0.19416064023971558,,,,
compatibility,51003,base,no_plasticity,19,0.1559637188911438,,,,
compatibility,51003,base,no_plasticity,20,0.17986679077148438,,,,
compatibility,51003,base,no_plasticity,21,0.19522303342819214,,,,
compatibility,51003,base,no_plasticity,22,0.149475559592247,,,,
compatibility,51003,base,no_plasticity,23,0.5461127161979675,,,,
compatibility,51003,base,no_plasticity,24,0.18826937675476074,,,,
compatibility,51003,base,no_plasticity,25,0.29155683517456055,,,,
compatibility,51003,base,no_plasticity,26,0.12940800189971924,,,,
compatibility,51003,base,no_plasticity,27,0.3638835847377777,,,,
cue_schedule,51003,base,swap,,,1,2,False,0.7939193844795227
cue_schedule,51003,base,swap,,,2,3,False,0.837755560874939
cue_schedule,51003,base,swap,,,3,4,False,0.8242362141609192
cue_schedule,51003,base,swap,,,4,5,False,0.8992434144020081
cue_schedule,51003,base,swap,,,5,6,False,0.8290454745292664
cue_schedule,51003,base,swap,,,6,7,False,0.8934091925621033
cue_schedule,51003,base,swap,,,7,8,False,0.9102050065994263
cue_schedule,51003,base,swap,,,8,9,False,0.891374409198761
cue_schedule,51003,base,swap,,,9,10,False,0.9115427136421204
cue_schedule,51003,base,swap,,,10,11,True,0.37462303042411804
cue_schedule,51003,base,swap,,,11,12,False,0.829090416431427
cue_schedule,51003,base,swap,,,12,13,False,0.8632851243019104
cue_schedule,51003,base,swap,,,13,14,False,0.8785721063613892
cue_schedule,51003,base,swap,,,14,15,False,0.8619289398193359
cue_schedule,51003,base,swap,,,15,16,False,0.8985006213188171
cue_schedule,51003,base,swap,,,16,17,False,0.8885000348091125
cue_schedule,51003,base,swap,,,17,18,False,0.8931511044502258
cue_schedule,51003,base,swap,,,18,19,False,0.8515772223472595
cue_schedule,51003,base,swap,,,19,20,False,0.8928532600402832
cue_schedule,51003,base,swap,,,20,21,True,0.40956881642341614
cue_schedule,51003,base,swap,,,21,22,False,0.814929723739624
cue_schedule,51003,base,swap,,,22,23,False,0.8966834545135498
cue_schedule,51003,base,swap,,,23,24,False,0.9008112549781799
cue_schedule,51003,base,swap,,,24,25,False,0.8778120279312134
cue_schedule,51003,base,swap,,,25,26,False,0.918527364730835
cue_schedule,51003,base,swap,,,26,27,False,0.8729326725006104
cue_schedule,51003,base,swap,,,27,28,False,0.9499462842941284
cue_schedule,51003,base,swap,,,28,29,False,0.9215202331542969
cue_schedule,51003,base,swap,,,29,30,False,0.8867605328559875
cue_schedule,51003,base,swap,,,30,31,True,0.46750694513320923
cue_schedule,51003,base,swap,,,31,32,False,0.8580626845359802
cue_schedule,51003,base,swap,,,32,33,False,0.8987430334091187
cue_schedule,51003,base,swap,,,33,34,False,0.8614506721496582
cue_schedule,51003,base,swap,,,34,35,False,0.8787443041801453
cue_schedule,51003,base,swap,,,35,36,False,0.8372867703437805
cue_schedule,51003,base,swap,,,36,37,False,0.849529504776001
cue_schedule,51003,base,swap,,,37,38,False,0.852241575717926
cue_schedule,51003,base,swap,,,38,39,False,0.8688732385635376
cue_schedule,51003,base,swap,,,39,40,False,0.8906524181365967
cue_schedule,51003,base,no_swap,,,1,2,False,0.7939193844795227
cue_schedule,51003,base,no_swap,,,2,3,False,0.837755560874939
cue_schedule,51003,base,no_swap,,,3,4,False,0.8242362141609192
cue_schedule,51003,base,no_swap,,,4,5,False,0.8992434144020081
cue_schedule,51003,base,no_swap,,,5,6,False,0.8290454745292664
cue_schedule,51003,base,no_swap,,,6,7,False,0.8934091925621033
cue_schedule,51003,base,no_swap,,,7,8,False,0.9102050065994263
cue_schedule,51003,base,no_swap,,,8,9,False,0.891374409198761
cue_schedule,51003,base,no_swap,,,9,10,False,0.9115427136421204
cue_schedule,51003,base,no_swap,,,10,11,False,0.8634134531021118
cue_schedule,51003,base,no_swap,,,11,12,False,0.9054489731788635
cue_schedule,51003,base,no_swap,,,12,13,False,0.8954591155052185
cue_schedule,51003,base,no_swap,,,13,14,False,0.9068588018417358
cue_schedule,51003,base,no_swap,,,14,15,False,0.9243009686470032
cue_schedule,51003,base,no_swap,,,15,16,False,0.9068894982337952
cue_schedule,51003,base,no_swap,,,16,17,False,0.9070666432380676
cue_schedule,51003,base,no_swap,,,17,18,False,0.8822324872016907
cue_schedule,51003,base,no_swap,,,18,19,False,0.8906593322753906
cue_schedule,51003,base,no_swap,,,19,20,False,0.9386688470840454
cue_schedule,51003,base,no_swap,,,20,21,False,0.8816379308700562
cue_schedule,51003,base,no_swap,,,21,22,False,0.8759512901306152
cue_schedule,51003,base,no_swap,,,22,23,False,0.9111599922180176
cue_schedule,51003,base,no_swap,,,23,24,False,0.9165526628494263
cue_schedule,51003,base,no_swap,,,24,25,False,0.9025110602378845
cue_schedule,51003,base,no_swap,,,25,26,False,0.9055085182189941
cue_schedule,51003,base,no_swap,,,26,27,False,0.8842371106147766
cue_schedule,51003,base,no_swap,,,27,28,False,0.9566565155982971
cue_schedule,51003,base,no_swap,,,28,29,False,0.9284842014312744
cue_schedule,51003,base,no_swap,,,29,30,False,0.8780454993247986
cue_schedule,51003,base,no_swap,,,30,31,False,0.8583773970603943
cue_schedule,51003,base,no_swap,,,31,32,False,0.8460908532142639
cue_schedule,51003,base,no_swap,,,32,33,False,0.9343127608299255
cue_schedule,51003,base,no_swap,,,33,34,False,0.8878610134124756
cue_schedule,51003,base,no_swap,,,34,35,False,0.9239919185638428
cue_schedule,51003,base,no_swap,,,35,36,False,0.8264119029045105
cue_schedule,51003,base,no_swap,,,36,37,False,0.8685961961746216
cue_schedule,51003,base,no_swap,,,37,38,False,0.9183809757232666
cue_schedule,51003,base,no_swap,,,38,39,False,0.8919176459312439
cue_schedule,51003,base,no_swap,,,39,40,False,0.8650143146514893
compatibility,51003,err2,aligned,0,0.6517924070358276,,,,
compatibility,51003,err2,aligned,1,0.48073843121528625,,,,
compatibility,51003,err2,aligned,2,0.4829973876476288,,,,
compatibility,51003,err2,aligned,3,0.4434872567653656,,,,
compatibility,51003,err2,aligned,4,0.48002830147743225,,,,
compatibility,51003,err2,aligned,5,0.46175166964530945,,,,
compatibility,51003,err2,aligned,6,0.5541605353355408,,,,
compatibility,51003,err2,aligned,7,0.4536030888557434,,,,
compatibility,51003,err2,aligned,8,0.4581161141395569,,,,
compatibility,51003,err2,aligned,9,0.4479486644268036,,,,
compatibility,51003,err2,aligned,10,0.44703158736228943,,,,
compatibility,51003,err2,aligned,11,0.4517650902271271,,,,
compatibility,51003,err2,aligned,12,0.6019598245620728,,,,
compatibility,51003,err2,aligned,13,0.4497174024581909,,,,
compatibility,51003,err2,aligned,14,0.5591759085655212,,,,
compatibility,51003,err2,aligned,15,0.5121079087257385,,,,
compatibility,51003,err2,aligned,16,0.561599612236023,,,,
compatibility,51003,err2,aligned,17,0.6492301821708679,,,,
compatibility,51003,err2,aligned,18,0.637607216835022,,,,
compatibility,51003,err2,aligned,19,0.4059693515300751,,,,
compatibility,51003,err2,aligned,20,0.008973205462098122,,,,
compatibility,51003,err2,aligned,21,0.8258100152015686,,,,
compatibility,51003,err2,aligned,22,0.5411273241043091,,,,
compatibility,51003,err2,aligned,23,0.5977329611778259,,,,
compatibility,51003,err2,aligned,24,0.39215946197509766,,,,
compatibility,51003,err2,aligned,25,0.44029363989830017,,,,
compatibility,51003,err2,aligned,26,0.563964307308197,,,,
compatibility,51003,err2,aligned,27,0.594851016998291,,,,
compatibility,51003,err2,fixed_permutation,0,0.00026627109036780894,,,,
compatibility,51003,err2,fixed_permutation,1,0.00010326957271900028,,,,
compatibility,51003,err2,fixed_permutation,2,2.8921772354806308e-06,,,,
compatibility,51003,err2,fixed_permutation,3,0.0002785802644211799,,,,
compatibility,51003,err2,fixed_permutation,4,8.825778058962896e-05,,,,
compatibility,51003,err2,fixed_permutation,5,0.0004954683827236295,,,,
compatibility,51003,err2,fixed_permutation,6,0.0031954674050211906,,,,
compatibility,51003,err2,fixed_permutation,7,4.1197799873771146e-05,,,,
compatibility,51003,err2,fixed_permutation,8,0.00015534201520495117,,,,
compatibility,51003,err2,fixed_permutation,9,0.0004649921611417085,,,,
compatibility,51003,err2,fixed_permutation,10,0.002416267292574048,,,,
compatibility,51003,err2,fixed_permutation,11,0.012527655810117722,,,,
compatibility,51003,err2,fixed_permutation,12,0.00037327405880205333,,,,
compatibility,51003,err2,fixed_permutation,13,0.0012221140787005424,,,,
compatibility,51003,err2,fixed_permutation,14,0.0010990094160661101,,,,
compatibility,51003,err2,fixed_permutation,15,0.00010871169797610492,,,,
compatibility,51003,err2,fixed_permutation,16,0.0001233976217918098,,,,
compatibility,51003,err2,fixed_permutation,17,3.500095408526249e-05,,,,
compatibility,51003,err2,fixed_permutation,18,5.304783371684607e-06,,,,
compatibility,51003,err2,fixed_permutation,19,0.4469529390335083,,,,
compatibility,51003,err2,fixed_permutation,20,0.0003752023621927947,,,,
compatibility,51003,err2,fixed_permutation,21,0.0010266457684338093,,,,
compatibility,51003,err2,fixed_permutation,22,7.27764199837111e-05,,,,
compatibility,51003,err2,fixed_permutation,23,0.011717104353010654,,,,
compatibility,51003,err2,fixed_permutation,24,8.023619011510164e-05,,,,
compatibility,51003,err2,fixed_permutation,25,0.020642483606934547,,,,
compatibility,51003,err2,fixed_permutation,26,0.00016139574290718883,,,,
compatibility,51003,err2,fixed_permutation,27,0.41903120279312134,,,,
compatibility,51003,err2,matched_decoder,0,0.6517925262451172,,,,
compatibility,51003,err2,matched_decoder,1,0.48073846101760864,,,,
compatibility,51003,err2,matched_decoder,2,0.48299741744995117,,,,
compatibility,51003,err2,matched_decoder,3,0.4434879720211029,,,,
compatibility,51003,err2,matched_decoder,4,0.4800282120704651,,,,
compatibility,51003,err2,matched_decoder,5,0.46175166964530945,,,,
compatibility,51003,err2,matched_decoder,6,0.5541606545448303,,,,
compatibility,51003,err2,matched_decoder,7,0.4536031186580658,,,,
compatibility,51003,err2,matched_decoder,8,0.4581161141395569,,,,
compatibility,51003,err2,matched_decoder,9,0.4479486644268036,,,,
compatibility,51003,err2,matched_decoder,10,0.44703149795532227,,,,
compatibility,51003,err2,matched_decoder,11,0.4517650902271271,,,,
compatibility,51003,err2,matched_decoder,12,0.6019598841667175,,,,
compatibility,51003,err2,matched_decoder,13,0.4497174024581909,,,,
compatibility,51003,err2,matched_decoder,14,0.559175968170166,,,,
compatibility,51003,err2,matched_decoder,15,0.5121079087257385,,,,
compatibility,51003,err2,matched_decoder,16,0.5615994334220886,,,,
compatibility,51003,err2,matched_decoder,17,0.6492301225662231,,,,
compatibility,51003,err2,matched_decoder,18,0.6376069188117981,,,,
compatibility,51003,err2,matched_decoder,19,0.40596964955329895,,,,
compatibility,51003,err2,matched_decoder,20,0.008973228745162487,,,,
compatibility,51003,err2,matched_decoder,21,0.825809895992279,,,,
compatibility,51003,err2,matched_decoder,22,0.54112708568573,,,,
compatibility,51003,err2,matched_decoder,23,0.5977330207824707,,,,
compatibility,51003,err2,matched_decoder,24,0.3921596109867096,,,,
compatibility,51003,err2,matched_decoder,25,0.44029366970062256,,,,
compatibility,51003,err2,matched_decoder,26,0.5639644265174866,,,,
compatibility,51003,err2,matched_decoder,27,0.5948512554168701,,,,
compatibility,51003,err2,random_content,0,0.028463197872042656,,,,
compatibility,51003,err2,random_content,1,9.689310900284909e-06,,,,
compatibility,51003,err2,random_content,2,0.5509782433509827,,,,
compatibility,51003,err2,random_content,3,0.3682780861854553,,,,
compatibility,51003,err2,random_content,4,0.286205530166626,,,,
compatibility,51003,err2,random_content,5,4.227787212585099e-05,,,,
compatibility,51003,err2,random_content,6,0.23171629011631012,,,,
compatibility,51003,err2,random_content,7,0.004133180715143681,,,,
compatibility,51003,err2,random_content,8,0.447180837392807,,,,
compatibility,51003,err2,random_content,9,2.9610240744659677e-05,,,,
compatibility,51003,err2,random_content,10,0.001972820609807968,,,,
compatibility,51003,err2,random_content,11,0.39482957124710083,,,,
compatibility,51003,err2,random_content,12,0.08055880665779114,,,,
compatibility,51003,err2,random_content,13,2.7355068596079946e-05,,,,
compatibility,51003,err2,random_content,14,0.0007627229788340628,,,,
compatibility,51003,err2,random_content,15,0.571143627166748,,,,
compatibility,51003,err2,random_content,16,7.845067557354923e-06,,,,
compatibility,51003,err2,random_content,17,0.01915978640317917,,,,
compatibility,51003,err2,random_content,18,0.005626190919429064,,,,
compatibility,51003,err2,random_content,19,0.21977582573890686,,,,
compatibility,51003,err2,random_content,20,0.0007896691095083952,,,,
compatibility,51003,err2,random_content,21,0.020751819014549255,,,,
compatibility,51003,err2,random_content,22,0.0001987238065339625,,,,
compatibility,51003,err2,random_content,23,6.372176721924916e-05,,,,
compatibility,51003,err2,random_content,24,0.00010782589379232377,,,,
compatibility,51003,err2,random_content,25,0.4464857876300812,,,,
compatibility,51003,err2,random_content,26,0.00037521839840337634,,,,
compatibility,51003,err2,random_content,27,3.7323759897844866e-05,,,,
compatibility,51003,err2,no_plasticity,0,0.15014277398586273,,,,
compatibility,51003,err2,no_plasticity,1,0.1635044515132904,,,,
compatibility,51003,err2,no_plasticity,2,0.31541708111763,,,,
compatibility,51003,err2,no_plasticity,3,0.17245621979236603,,,,
compatibility,51003,err2,no_plasticity,4,0.1272186040878296,,,,
compatibility,51003,err2,no_plasticity,5,0.2900911867618561,,,,
compatibility,51003,err2,no_plasticity,6,0.1436946988105774,,,,
compatibility,51003,err2,no_plasticity,7,0.17096544802188873,,,,
compatibility,51003,err2,no_plasticity,8,0.34036317467689514,,,,
compatibility,51003,err2,no_plasticity,9,0.2768067419528961,,,,
compatibility,51003,err2,no_plasticity,10,0.2188485562801361,,,,
compatibility,51003,err2,no_plasticity,11,0.1721288412809372,,,,
compatibility,51003,err2,no_plasticity,12,0.15203681588172913,,,,
compatibility,51003,err2,no_plasticity,13,0.48137927055358887,,,,
compatibility,51003,err2,no_plasticity,14,0.13332442939281464,,,,
compatibility,51003,err2,no_plasticity,15,0.06791689246892929,,,,
compatibility,51003,err2,no_plasticity,16,0.1033940315246582,,,,
compatibility,51003,err2,no_plasticity,17,0.16300338506698608,,,,
compatibility,51003,err2,no_plasticity,18,0.19416064023971558,,,,
compatibility,51003,err2,no_plasticity,19,0.1559637188911438,,,,
compatibility,51003,err2,no_plasticity,20,0.17986679077148438,,,,
compatibility,51003,err2,no_plasticity,21,0.19522303342819214,,,,
compatibility,51003,err2,no_plasticity,22,0.149475559592247,,,,
compatibility,51003,err2,no_plasticity,23,0.5461127161979675,,,,
compatibility,51003,err2,no_plasticity,24,0.18826937675476074,,,,
compatibility,51003,err2,no_plasticity,25,0.29155683517456055,,,,
compatibility,51003,err2,no_plasticity,26,0.12940800189971924,,,,
compatibility,51003,err2,no_plasticity,27,0.3638835847377777,,,,
cue_schedule,51003,err2,swap,,,1,2,False,0.7767692804336548
cue_schedule,51003,err2,swap,,,2,3,False,0.8283814191818237
cue_schedule,51003,err2,swap,,,3,4,False,0.7752085328102112
cue_schedule,51003,err2,swap,,,4,5,False,0.7858939170837402
cue_schedule,51003,err2,swap,,,5,6,False,0.7855819463729858
cue_schedule,51003,err2,swap,,,6,7,False,0.8605095744132996
cue_schedule,51003,err2,swap,,,7,8,False,0.8769247531890869
cue_schedule,51003,err2,swap,,,8,9,False,0.8585593700408936
cue_schedule,51003,err2,swap,,,9,10,False,0.8769871592521667
cue_schedule,51003,err2,swap,,,10,11,True,0.40539228916168213
cue_schedule,51003,err2,swap,,,11,12,False,0.7527692914009094
cue_schedule,51003,err2,swap,,,12,13,False,0.7980366349220276
cue_schedule,51003,err2,swap,,,13,14,False,0.8417262434959412
cue_schedule,51003,err2,swap,,,14,15,False,0.76591956615448
cue_schedule,51003,err2,swap,,,15,16,False,0.8065836429595947
cue_schedule,51003,err2,swap,,,16,17,False,0.8399115800857544
cue_schedule,51003,err2,swap,,,17,18,False,0.8496865034103394
cue_schedule,51003,err2,swap,,,18,19,False,0.8368871808052063
cue_schedule,51003,err2,swap,,,19,20,False,0.8284865617752075
cue_schedule,51003,err2,swap,,,20,21,True,0.4580228328704834
cue_schedule,51003,err2,swap,,,21,22,False,0.8349671959877014
cue_schedule,51003,err2,swap,,,22,23,False,0.8329659104347229
cue_schedule,51003,err2,swap,,,23,24,False,0.8516914248466492
cue_schedule,51003,err2,swap,,,24,25,False,0.8704444766044617
cue_schedule,51003,err2,swap,,,25,26,False,0.8640910983085632
cue_schedule,51003,err2,swap,,,26,27,False,0.8511500358581543
cue_schedule,51003,err2,swap,,,27,28,False,0.8337547183036804
cue_schedule,51003,err2,swap,,,28,29,False,0.8170850276947021
cue_schedule,51003,err2,swap,,,29,30,False,0.8336265087127686
cue_schedule,51003,err2,swap,,,30,31,True,0.4309875965118408
cue_schedule,51003,err2,swap,,,31,32,False,0.8278540968894958
cue_schedule,51003,err2,swap,,,32,33,False,0.8333678245544434
cue_schedule,51003,err2,swap,,,33,34,False,0.8446778655052185
cue_schedule,51003,err2,swap,,,34,35,False,0.8704285621643066
cue_schedule,51003,err2,swap,,,35,36,False,0.8575393557548523
cue_schedule,51003,err2,swap,,,36,37,False,0.894680380821228
cue_schedule,51003,err2,swap,,,37,38,False,0.8798890113830566
cue_schedule,51003,err2,swap,,,38,39,False,0.8347851037979126
cue_schedule,51003,err2,swap,,,39,40,False,0.8220810890197754
cue_schedule,51003,err2,no_swap,,,1,2,False,0.7767692804336548
cue_schedule,51003,err2,no_swap,,,2,3,False,0.8283814191818237
cue_schedule,51003,err2,no_swap,,,3,4,False,0.7752085328102112
cue_schedule,51003,err2,no_swap,,,4,5,False,0.7858939170837402
cue_schedule,51003,err2,no_swap,,,5,6,False,0.7855819463729858
cue_schedule,51003,err2,no_swap,,,6,7,False,0.8605095744132996
cue_schedule,51003,err2,no_swap,,,7,8,False,0.8769247531890869
cue_schedule,51003,err2,no_swap,,,8,9,False,0.8585593700408936
cue_schedule,51003,err2,no_swap,,,9,10,False,0.8769871592521667
cue_schedule,51003,err2,no_swap,,,10,11,False,0.8272624015808105
cue_schedule,51003,err2,no_swap,,,11,12,False,0.8006657361984253
cue_schedule,51003,err2,no_swap,,,12,13,False,0.8499132394790649
cue_schedule,51003,err2,no_swap,,,13,14,False,0.8479255437850952
cue_schedule,51003,err2,no_swap,,,14,15,False,0.8204215168952942
cue_schedule,51003,err2,no_swap,,,15,16,False,0.8388528227806091
cue_schedule,51003,err2,no_swap,,,16,17,False,0.8700504302978516
cue_schedule,51003,err2,no_swap,,,17,18,False,0.8794844150543213
cue_schedule,51003,err2,no_swap,,,18,19,False,0.8325438499450684
cue_schedule,51003,err2,no_swap,,,19,20,False,0.8651235103607178
cue_schedule,51003,err2,no_swap,,,20,21,False,0.8885109424591064
cue_schedule,51003,err2,no_swap,,,21,22,False,0.885833203792572
cue_schedule,51003,err2,no_swap,,,22,23,False,0.8637573719024658
cue_schedule,51003,err2,no_swap,,,23,24,False,0.8657689690589905
cue_schedule,51003,err2,no_swap,,,24,25,False,0.8776492476463318
cue_schedule,51003,err2,no_swap,,,25,26,False,0.8759864568710327
cue_schedule,51003,err2,no_swap,,,26,27,False,0.8645054697990417
cue_schedule,51003,err2,no_swap,,,27,28,False,0.8551086187362671
cue_schedule,51003,err2,no_swap,,,28,29,False,0.8436137437820435
cue_schedule,51003,err2,no_swap,,,29,30,False,0.838388979434967
cue_schedule,51003,err2,no_swap,,,30,31,False,0.8488963842391968
cue_schedule,51003,err2,no_swap,,,31,32,False,0.8570438623428345
cue_schedule,51003,err2,no_swap,,,32,33,False,0.8116912841796875
cue_schedule,51003,err2,no_swap,,,33,34,False,0.8496527075767517
cue_schedule,51003,err2,no_swap,,,34,35,False,0.8734188079833984
cue_schedule,51003,err2,no_swap,,,35,36,False,0.8698505163192749
cue_schedule,51003,err2,no_swap,,,36,37,False,0.8998965620994568
cue_schedule,51003,err2,no_swap,,,37,38,False,0.9051504731178284
cue_schedule,51003,err2,no_swap,,,38,39,False,0.8503527641296387
cue_schedule,51003,err2,no_swap,,,39,40,False,0.8499704003334045
compatibility,51004,base,aligned,0,0.7662389874458313,,,,
compatibility,51004,base,aligned,1,0.9033743739128113,,,,
compatibility,51004,base,aligned,2,0.7055728435516357,,,,
compatibility,51004,base,aligned,3,0.9766396880149841,,,,
compatibility,51004,base,aligned,4,0.8202303051948547,,,,
compatibility,51004,base,aligned,5,0.7486187219619751,,,,
compatibility,51004,base,aligned,6,0.902732789516449,,,,
compatibility,51004,base,aligned,7,0.8403608798980713,,,,
compatibility,51004,base,aligned,8,0.5470872521400452,,,,
compatibility,51004,base,aligned,9,0.8146722912788391,,,,
compatibility,51004,base,aligned,10,0.8728362917900085,,,,
compatibility,51004,base,aligned,11,0.7927147746086121,,,,
compatibility,51004,base,aligned,12,0.8968084454536438,,,,
compatibility,51004,base,aligned,13,0.7688832879066467,,,,
compatibility,51004,base,aligned,14,0.715274453163147,,,,
compatibility,51004,base,aligned,15,0.9661194086074829,,,,
compatibility,51004,base,aligned,16,0.8855252861976624,,,,
compatibility,51004,base,aligned,17,0.5915557742118835,,,,
compatibility,51004,base,aligned,18,0.8828883171081543,,,,
compatibility,51004,base,aligned,19,0.7891935706138611,,,,
compatibility,51004,base,aligned,20,0.7439783215522766,,,,
compatibility,51004,base,aligned,21,0.9339151382446289,,,,
compatibility,51004,base,aligned,22,0.7156971096992493,,,,
compatibility,51004,base,aligned,23,0.8375367522239685,,,,
compatibility,51004,base,aligned,24,0.8114150762557983,,,,
compatibility,51004,base,aligned,25,0.8487077951431274,,,,
compatibility,51004,base,aligned,26,0.9785544276237488,,,,
compatibility,51004,base,aligned,27,0.8606045842170715,,,,
compatibility,51004,base,fixed_permutation,0,0.10606935620307922,,,,
compatibility,51004,base,fixed_permutation,1,0.001996091101318598,,,,
compatibility,51004,base,fixed_permutation,2,0.008083179593086243,,,,
compatibility,51004,base,fixed_permutation,3,0.04171343147754669,,,,
compatibility,51004,base,fixed_permutation,4,9.674585271568503e-06,,,,
compatibility,51004,base,fixed_permutation,5,0.009065688587725163,,,,
compatibility,51004,base,fixed_permutation,6,0.22062405943870544,,,,
compatibility,51004,base,fixed_permutation,7,0.0025321203283965588,,,,
compatibility,51004,base,fixed_permutation,8,0.009316832758486271,,,,
compatibility,51004,base,fixed_permutation,9,0.0018740602536126971,,,,
compatibility,51004,base,fixed_permutation,10,0.05254147946834564,,,,
compatibility,51004,base,fixed_permutation,11,0.22417721152305603,,,,
compatibility,51004,base,fixed_permutation,12,0.2519739866256714,,,,
compatibility,51004,base,fixed_permutation,13,0.01830182783305645,,,,
compatibility,51004,base,fixed_permutation,14,0.26168033480644226,,,,
compatibility,51004,base,fixed_permutation,15,0.0985131785273552,,,,
compatibility,51004,base,fixed_permutation,16,0.0016688554314896464,,,,
compatibility,51004,base,fixed_permutation,17,0.0004946785047650337,,,,
compatibility,51004,base,fixed_permutation,18,0.14681801199913025,,,,
compatibility,51004,base,fixed_permutation,19,0.19924293458461761,,,,
compatibility,51004,base,fixed_permutation,20,0.360511839389801,,,,
compatibility,51004,base,fixed_permutation,21,0.07705720514059067,,,,
compatibility,51004,base,fixed_permutation,22,0.030136585235595703,,,,
compatibility,51004,base,fixed_permutation,23,0.33569851517677307,,,,
compatibility,51004,base,fixed_permutation,24,0.26171913743019104,,,,
compatibility,51004,base,fixed_permutation,25,0.3776942789554596,,,,
compatibility,51004,base,fixed_permutation,26,0.17690874636173248,,,,
compatibility,51004,base,fixed_permutation,27,5.945435259491205e-05,,,,
compatibility,51004,base,matched_decoder,0,0.766238808631897,,,,
compatibility,51004,base,matched_decoder,1,0.9033743739128113,,,,
compatibility,51004,base,matched_decoder,2,0.7055729031562805,,,,
compatibility,51004,base,matched_decoder,3,0.9766398668289185,,,,
compatibility,51004,base,matched_decoder,4,0.8202303051948547,,,,
compatibility,51004,base,matched_decoder,5,0.7486187219619751,,,,
compatibility,51004,base,matched_decoder,6,0.9027327299118042,,,,
compatibility,51004,base,matched_decoder,7,0.8403608798980713,,,,
compatibility,51004,base,matched_decoder,8,0.5470873117446899,,,,
compatibility,51004,base,matched_decoder,9,0.8146722912788391,,,,
compatibility,51004,base,matched_decoder,10,0.8728362917900085,,,,
compatibility,51004,base,matched_decoder,11,0.7927147746086121,,,,
compatibility,51004,base,matched_decoder,12,0.8968084454536438,,,,
compatibility,51004,base,matched_decoder,13,0.7688831686973572,,,,
compatibility,51004,base,matched_decoder,14,0.715274453163147,,,,
compatibility,51004,base,matched_decoder,15,0.9661192893981934,,,,
compatibility,51004,base,matched_decoder,16,0.8855253458023071,,,,
compatibility,51004,base,matched_decoder,17,0.5915558338165283,,,,
compatibility,51004,base,matched_decoder,18,0.8828883171081543,,,,
compatibility,51004,base,matched_decoder,19,0.7891935706138611,,,,
compatibility,51004,base,matched_decoder,20,0.7439783215522766,,,,
compatibility,51004,base,matched_decoder,21,0.9339151382446289,,,,
compatibility,51004,base,matched_decoder,22,0.7156971096992493,,,,
compatibility,51004,base,matched_decoder,23,0.8375368118286133,,,,
compatibility,51004,base,matched_decoder,24,0.8114150762557983,,,,
compatibility,51004,base,matched_decoder,25,0.8487076163291931,,,,
compatibility,51004,base,matched_decoder,26,0.9785544276237488,,,,
compatibility,51004,base,matched_decoder,27,0.8606045842170715,,,,
compatibility,51004,base,random_content,0,0.08894316107034683,,,,
compatibility,51004,base,random_content,1,0.12579010426998138,,,,
compatibility,51004,base,random_content,2,0.00011943079152842984,,,,
compatibility,51004,base,random_content,3,0.41711053252220154,,,,
compatibility,51004,base,random_content,4,7.542050298070535e-06,,,,
compatibility,51004,base,random_content,5,0.0005104299052618444,,,,
compatibility,51004,base,random_content,6,0.050623711198568344,,,,
compatibility,51004,base,random_content,7,0.2790713906288147,,,,
compatibility,51004,base,random_content,8,0.3368915617465973,,,,
compatibility,51004,base,random_content,9,0.0005944777512922883,,,,
compatibility,51004,base,random_content,10,0.3217441737651825,,,,
compatibility,51004,base,random_content,11,0.10769368708133698,,,,
compatibility,51004,base,random_content,12,0.39676374197006226,,,,
compatibility,51004,base,random_content,13,0.7828124165534973,,,,
compatibility,51004,base,random_content,14,0.13958868384361267,,,,
compatibility,51004,base,random_content,15,0.0007952306768856943,,,,
compatibility,51004,base,random_content,16,0.7146652340888977,,,,
compatibility,51004,base,random_content,17,0.46659189462661743,,,,
compatibility,51004,base,random_content,18,0.002639699261635542,,,,
compatibility,51004,base,random_content,19,0.03298765793442726,,,,
compatibility,51004,base,random_content,20,0.1683487892150879,,,,
compatibility,51004,base,random_content,21,7.3911160143325105e-06,,,,
compatibility,51004,base,random_content,22,0.27695372700691223,,,,
compatibility,51004,base,random_content,23,0.5171999931335449,,,,
compatibility,51004,base,random_content,24,0.056993573904037476,,,,
compatibility,51004,base,random_content,25,0.0006511586252599955,,,,
compatibility,51004,base,random_content,26,0.1564231663942337,,,,
compatibility,51004,base,random_content,27,0.23386137187480927,,,,
compatibility,51004,base,no_plasticity,0,0.13976243138313293,,,,
compatibility,51004,base,no_plasticity,1,0.4173683524131775,,,,
compatibility,51004,base,no_plasticity,2,0.030447106808423996,,,,
compatibility,51004,base,no_plasticity,3,0.10440925508737564,,,,
compatibility,51004,base,no_plasticity,4,0.06800422817468643,,,,
compatibility,51004,base,no_plasticity,5,0.04713656008243561,,,,
compatibility,51004,base,no_plasticity,6,0.08763689547777176,,,,
compatibility,51004,base,no_plasticity,7,0.07411812990903854,,,,
compatibility,51004,base,no_plasticity,8,0.15682758390903473,,,,
compatibility,51004,base,no_plasticity,9,0.02172640524804592,,,,
compatibility,51004,base,no_plasticity,10,0.04039153829216957,,,,
compatibility,51004,base,no_plasticity,11,0.11546118557453156,,,,
compatibility,51004,base,no_plasticity,12,0.06306435167789459,,,,
compatibility,51004,base,no_plasticity,13,0.10547702759504318,,,,
compatibility,51004,base,no_plasticity,14,0.11702968180179596,,,,
compatibility,51004,base,no_plasticity,15,0.072931669652462,,,,
compatibility,51004,base,no_plasticity,16,0.05376726761460304,,,,
compatibility,51004,base,no_plasticity,17,0.4255037009716034,,,,
compatibility,51004,base,no_plasticity,18,0.039671339094638824,,,,
compatibility,51004,base,no_plasticity,19,0.02427968755364418,,,,
compatibility,51004,base,no_plasticity,20,0.057771947234869,,,,
compatibility,51004,base,no_plasticity,21,0.04820692911744118,,,,
compatibility,51004,base,no_plasticity,22,0.12542632222175598,,,,
compatibility,51004,base,no_plasticity,23,0.055487096309661865,,,,
compatibility,51004,base,no_plasticity,24,0.06104005500674248,,,,
compatibility,51004,base,no_plasticity,25,0.3951663374900818,,,,
compatibility,51004,base,no_plasticity,26,0.4165908694267273,,,,
compatibility,51004,base,no_plasticity,27,0.05883914232254028,,,,
cue_schedule,51004,base,swap,,,1,2,False,0.7291854619979858
cue_schedule,51004,base,swap,,,2,3,False,0.8451684713363647
cue_schedule,51004,base,swap,,,3,4,False,0.8182947039604187
cue_schedule,51004,base,swap,,,4,5,False,0.8100656270980835
cue_schedule,51004,base,swap,,,5,6,False,0.8598908185958862
cue_schedule,51004,base,swap,,,6,7,False,0.8478842377662659
cue_schedule,51004,base,swap,,,7,8,False,0.9007429480552673
cue_schedule,51004,base,swap,,,8,9,False,0.8626861572265625
cue_schedule,51004,base,swap,,,9,10,False,0.8633130788803101
cue_schedule,51004,base,swap,,,10,11,True,0.4313301742076874
cue_schedule,51004,base,swap,,,11,12,False,0.7980867624282837
cue_schedule,51004,base,swap,,,12,13,False,0.7989493608474731
cue_schedule,51004,base,swap,,,13,14,False,0.8781355023384094
cue_schedule,51004,base,swap,,,14,15,False,0.8237192630767822
cue_schedule,51004,base,swap,,,15,16,False,0.866618812084198
cue_schedule,51004,base,swap,,,16,17,False,0.9147297739982605
cue_schedule,51004,base,swap,,,17,18,False,0.8907555341720581
cue_schedule,51004,base,swap,,,18,19,False,0.8319929242134094
cue_schedule,51004,base,swap,,,19,20,False,0.8101764917373657
cue_schedule,51004,base,swap,,,20,21,True,0.4159896969795227
cue_schedule,51004,base,swap,,,21,22,False,0.7862515449523926
cue_schedule,51004,base,swap,,,22,23,False,0.8686165809631348
cue_schedule,51004,base,swap,,,23,24,False,0.8563953638076782
cue_schedule,51004,base,swap,,,24,25,False,0.8609899282455444
cue_schedule,51004,base,swap,,,25,26,False,0.8562999963760376
cue_schedule,51004,base,swap,,,26,27,False,0.845516562461853
cue_schedule,51004,base,swap,,,27,28,False,0.8511260151863098
cue_schedule,51004,base,swap,,,28,29,False,0.8567423820495605
cue_schedule,51004,base,swap,,,29,30,False,0.8412723541259766
cue_schedule,51004,base,swap,,,30,31,True,0.47132188081741333
cue_schedule,51004,base,swap,,,31,32,False,0.7599942684173584
cue_schedule,51004,base,swap,,,32,33,False,0.8506909012794495
cue_schedule,51004,base,swap,,,33,34,False,0.8539965748786926
cue_schedule,51004,base,swap,,,34,35,False,0.8371947407722473
cue_schedule,51004,base,swap,,,35,36,False,0.8860719799995422
cue_schedule,51004,base,swap,,,36,37,False,0.8264097571372986
cue_schedule,51004,base,swap,,,37,38,False,0.854591965675354
cue_schedule,51004,base,swap,,,38,39,False,0.8883959054946899
cue_schedule,51004,base,swap,,,39,40,False,0.8735766410827637
cue_schedule,51004,base,no_swap,,,1,2,False,0.7291854619979858
cue_schedule,51004,base,no_swap,,,2,3,False,0.8451684713363647
cue_schedule,51004,base,no_swap,,,3,4,False,0.8182947039604187
cue_schedule,51004,base,no_swap,,,4,5,False,0.8100656270980835
cue_schedule,51004,base,no_swap,,,5,6,False,0.8598908185958862
cue_schedule,51004,base,no_swap,,,6,7,False,0.8478842377662659
cue_schedule,51004,base,no_swap,,,7,8,False,0.9007429480552673
cue_schedule,51004,base,no_swap,,,8,9,False,0.8626861572265625
cue_schedule,51004,base,no_swap,,,9,10,False,0.8633130788803101
cue_schedule,51004,base,no_swap,,,10,11,False,0.8058374524116516
cue_schedule,51004,base,no_swap,,,11,12,False,0.8982415199279785
cue_schedule,51004,base,no_swap,,,12,13,False,0.8578322529792786
cue_schedule,51004,base,no_swap,,,13,14,False,0.8542529344558716
cue_schedule,51004,base,no_swap,,,14,15,False,0.8398870229721069
cue_schedule,51004,base,no_swap,,,15,16,False,0.8710452318191528
cue_schedule,51004,base,no_swap,,,16,17,False,0.8766850829124451
cue_schedule,51004,base,no_swap,,,17,18,False,0.873476505279541
cue_schedule,51004,base,no_swap,,,18,19,False,0.8639652729034424
cue_schedule,51004,base,no_swap,,,19,20,False,0.8489563465118408
cue_schedule,51004,base,no_swap,,,20,21,False,0.8445103168487549
cue_schedule,51004,base,no_swap,,,21,22,False,0.8907762169837952
cue_schedule,51004,base,no_swap,,,22,23,False,0.8683321475982666
cue_schedule,51004,base,no_swap,,,23,24,False,0.8821046352386475
cue_schedule,51004,base,no_swap,,,24,25,False,0.8563989400863647
cue_schedule,51004,base,no_swap,,,25,26,False,0.8655939698219299
cue_schedule,51004,base,no_swap,,,26,27,False,0.843869149684906
cue_schedule,51004,base,no_swap,,,27,28,False,0.8475061058998108
cue_schedule,51004,base,no_swap,,,28,29,False,0.8522980213165283
cue_schedule,51004,base,no_swap,,,29,30,False,0.8431754112243652
cue_schedule,51004,base,no_swap,,,30,31,False,0.8275430798530579
cue_schedule,51004,base,no_swap,,,31,32,False,0.8118425607681274
cue_schedule,51004,base,no_swap,,,32,33,False,0.8485466241836548
cue_schedule,51004,base,no_swap,,,33,34,False,0.850944995880127
cue_schedule,51004,base,no_swap,,,34,35,False,0.883004903793335
cue_schedule,51004,base,no_swap,,,35,36,False,0.8762161731719971
cue_schedule,51004,base,no_swap,,,36,37,False,0.8452095985412598
cue_schedule,51004,base,no_swap,,,37,38,False,0.8286131024360657
cue_schedule,51004,base,no_swap,,,38,39,False,0.872891902923584
cue_schedule,51004,base,no_swap,,,39,40,False,0.8471304178237915
compatibility,51004,err2,aligned,0,0.45364975929260254,,,,
compatibility,51004,err2,aligned,1,0.27774161100387573,,,,
compatibility,51004,err2,aligned,2,0.45057228207588196,,,,
compatibility,51004,err2,aligned,3,0.4774497449398041,,,,
compatibility,51004,err2,aligned,4,0.6188685297966003,,,,
compatibility,51004,err2,aligned,5,0.4553661048412323,,,,
compatibility,51004,err2,aligned,6,0.6108089089393616,,,,
compatibility,51004,err2,aligned,7,0.6458216905593872,,,,
compatibility,51004,err2,aligned,8,0.4489556849002838,,,,
compatibility,51004,err2,aligned,9,0.12978637218475342,,,,
compatibility,51004,err2,aligned,10,0.4783390164375305,,,,
compatibility,51004,err2,aligned,11,0.016083158552646637,,,,
compatibility,51004,err2,aligned,12,0.47471562027931213,,,,
compatibility,51004,err2,aligned,13,0.08833242952823639,,,,
compatibility,51004,err2,aligned,14,0.2040490061044693,,,,
compatibility,51004,err2,aligned,15,0.45540180802345276,,,,
compatibility,51004,err2,aligned,16,0.6974858045578003,,,,
compatibility,51004,err2,aligned,17,0.44824740290641785,,,,
compatibility,51004,err2,aligned,18,0.6107841730117798,,,,
compatibility,51004,err2,aligned,19,0.7224819660186768,,,,
compatibility,51004,err2,aligned,20,0.44725480675697327,,,,
compatibility,51004,err2,aligned,21,0.5952978730201721,,,,
compatibility,51004,err2,aligned,22,0.46248412132263184,,,,
compatibility,51004,err2,aligned,23,0.001436371705494821,,,,
compatibility,51004,err2,aligned,24,0.0496981255710125,,,,
compatibility,51004,err2,aligned,25,0.41437026858329773,,,,
compatibility,51004,err2,aligned,26,0.44851917028427124,,,,
compatibility,51004,err2,aligned,27,0.7427618503570557,,,,
compatibility,51004,err2,fixed_permutation,0,0.38750138878822327,,,,
compatibility,51004,err2,fixed_permutation,1,1.5362321619249997e-06,,,,
compatibility,51004,err2,fixed_permutation,2,7.719869608990848e-05,,,,
compatibility,51004,err2,fixed_permutation,3,5.218234582571313e-05,,,,
compatibility,51004,err2,fixed_permutation,4,1.0260097951686475e-05,,,,
compatibility,51004,err2,fixed_permutation,5,0.006589306518435478,,,,
compatibility,51004,err2,fixed_permutation,6,3.3076298677769955e-06,,,,
compatibility,51004,err2,fixed_permutation,7,0.000734940986149013,,,,
compatibility,51004,err2,fixed_permutation,8,0.0003235691401641816,,,,
compatibility,51004,err2,fixed_permutation,9,0.0024611884728074074,,,,
compatibility,51004,err2,fixed_permutation,10,0.4171398878097534,,,,
compatibility,51004,err2,fixed_permutation,11,0.0002012760378420353,,,,
compatibility,51004,err2,fixed_permutation,12,0.06546977907419205,,,,
compatibility,51004,err2,fixed_permutation,13,2.020977990468964e-05,,,,
compatibility,51004,err2,fixed_permutation,14,0.44721361994743347,,,,
compatibility,51004,err2,fixed_permutation,15,0.027405835688114166,,,,
compatibility,51004,err2,fixed_permutation,16,1.6725747627788223e-05,,,,
compatibility,51004,err2,fixed_permutation,17,6.304473936324939e-05,,,,
compatibility,51004,err2,fixed_permutation,18,0.000357838929630816,,,,
compatibility,51004,err2,fixed_permutation,19,0.15530340373516083,,,,
compatibility,51004,err2,fixed_permutation,20,0.3434220552444458,,,,
compatibility,51004,err2,fixed_permutation,21,0.21548227965831757,,,,
compatibility,51004,err2,fixed_permutation,22,0.2342040240764618,,,,
compatibility,51004,err2,fixed_permutation,23,0.0002807683777064085,,,,
compatibility,51004,err2,fixed_permutation,24,0.39178237318992615,,,,
compatibility,51004,err2,fixed_permutation,25,0.4040371775627136,,,,
compatibility,51004,err2,fixed_permutation,26,4.7966100424901015e-08,,,,
compatibility,51004,err2,fixed_permutation,27,8.488448656862602e-05,,,,
compatibility,51004,err2,matched_decoder,0,0.4536497890949249,,,,
compatibility,51004,err2,matched_decoder,1,0.27774161100387573,,,,
compatibility,51004,err2,matched_decoder,2,0.45057228207588196,,,,
compatibility,51004,err2,matched_decoder,3,0.4774496853351593,,,,
compatibility,51004,err2,matched_decoder,4,0.618868350982666,,,,
compatibility,51004,err2,matched_decoder,5,0.45536622405052185,,,,
compatibility,51004,err2,matched_decoder,6,0.6108089685440063,,,,
compatibility,51004,err2,matched_decoder,7,0.6458218693733215,,,,
compatibility,51004,err2,matched_decoder,8,0.4489557147026062,,,,
compatibility,51004,err2,matched_decoder,9,0.12978678941726685,,,,
compatibility,51004,err2,matched_decoder,10,0.47833892703056335,,,,
compatibility,51004,err2,matched_decoder,11,0.016083084046840668,,,,
compatibility,51004,err2,matched_decoder,12,0.47471556067466736,,,,
compatibility,51004,err2,matched_decoder,13,0.088332399725914,,,,
compatibility,51004,err2,matched_decoder,14,0.20404937863349915,,,,
compatibility,51004,err2,matched_decoder,15,0.45540177822113037,,,,
compatibility,51004,err2,matched_decoder,16,0.6974857449531555,,,,
compatibility,51004,err2,matched_decoder,17,0.44824740290641785,,,,
compatibility,51004,err2,matched_decoder,18,0.6107837557792664,,,,
compatibility,51004,err2,matched_decoder,19,0.7224820256233215,,,,
compatibility,51004,err2,matched_decoder,20,0.44725483655929565,,,,
compatibility,51004,err2,matched_decoder,21,0.5952978730201721,,,,
compatibility,51004,err2,matched_decoder,22,0.46248409152030945,,,,
compatibility,51004,err2,matched_decoder,23,0.001436366350390017,,,,
compatibility,51004,err2,matched_decoder,24,0.04969821870326996,,,,
compatibility,51004,err2,matched_decoder,25,0.414370596408844,,,,
compatibility,51004,err2,matched_decoder,26,0.44851917028427124,,,,
compatibility,51004,err2,matched_decoder,27,0.7427619099617004,,,,
compatibility,51004,err2,random_content,0,0.00014120184641797096,,,,
compatibility,51004,err2,random_content,1,0.019622694700956345,,,,
compatibility,51004,err2,random_content,2,3.2039540656114696e-06,,,,
compatibility,51004,err2,random_content,3,0.0002028859598794952,,,,
compatibility,51004,err2,random_content,4,0.001207855879329145,,,,
compatibility,51004,err2,random_content,5,4.9267862777924165e-05,,,,
compatibility,51004,err2,random_content,6,0.2995023727416992,,,,
compatibility,51004,err2,random_content,7,0.00018711472512222826,,,,
compatibility,51004,err2,random_content,8,0.00425795977935195,,,,
compatibility,51004,err2,random_content,9,4.435821756487712e-05,,,,
compatibility,51004,err2,random_content,10,0.008978908881545067,,,,
compatibility,51004,err2,random_content,11,0.001545584062114358,,,,
compatibility,51004,err2,random_content,12,0.4464372992515564,,,,
compatibility,51004,err2,random_content,13,0.44579747319221497,,,,
compatibility,51004,err2,random_content,14,0.008090070448815823,,,,
compatibility,51004,err2,random_content,15,3.0087036861914385e-07,,,,
compatibility,51004,err2,random_content,16,0.004667341243475676,,,,
compatibility,51004,err2,random_content,17,0.00031618433422409,,,,
compatibility,51004,err2,random_content,18,2.6891988454735838e-05,,,,
compatibility,51004,err2,random_content,19,0.0001791139948181808,,,,
compatibility,51004,err2,random_content,20,0.001009079976938665,,,,
compatibility,51004,err2,random_content,21,0.00012461001460906118,,,,
compatibility,51004,err2,random_content,22,0.02548227645456791,,,,
compatibility,51004,err2,random_content,23,0.011983388103544712,,,,
compatibility,51004,err2,random_content,24,0.01848297007381916,,,,
compatibility,51004,err2,random_content,25,0.008657845668494701,,,,
compatibility,51004,err2,random_content,26,0.001941515365615487,,,,
compatibility,51004,err2,random_content,27,0.44690099358558655,,,,
compatibility,51004,err2,no_plasticity,0,0.13976243138313293,,,,
compatibility,51004,err2,no_plasticity,1,0.4173683524131775,,,,
compatibility,51004,err2,no_plasticity,2,0.030447106808423996,,,,
compatibility,51004,err2,no_plasticity,3,0.10440925508737564,,,,
compatibility,51004,err2,no_plasticity,4,0.06800422817468643,,,,
compatibility,51004,err2,no_plasticity,5,0.04713656008243561,,,,
compatibility,51004,err2,no_plasticity,6,0.08763689547777176,,,,
compatibility,51004,err2,no_plasticity,7,0.07411812990903854,,,,
compatibility,51004,err2,no_plasticity,8,0.15682758390903473,,,,
compatibility,51004,err2,no_plasticity,9,0.02172640524804592,,,,
compatibility,51004,err2,no_plasticity,10,0.04039153829216957,,,,
compatibility,51004,err2,no_plasticity,11,0.11546118557453156,,,,
compatibility,51004,err2,no_plasticity,12,0.06306435167789459,,,,
compatibility,51004,err2,no_plasticity,13,0.10547702759504318,,,,
compatibility,51004,err2,no_plasticity,14,0.11702968180179596,,,,
compatibility,51004,err2,no_plasticity,15,0.072931669652462,,,,
compatibility,51004,err2,no_plasticity,16,0.05376726761460304,,,,
compatibility,51004,err2,no_plasticity,17,0.4255037009716034,,,,
compatibility,51004,err2,no_plasticity,18,0.039671339094638824,,,,
compatibility,51004,err2,no_plasticity,19,0.02427968755364418,,,,
compatibility,51004,err2,no_plasticity,20,0.057771947234869,,,,
compatibility,51004,err2,no_plasticity,21,0.04820692911744118,,,,
compatibility,51004,err2,no_plasticity,22,0.12542632222175598,,,,
compatibility,51004,err2,no_plasticity,23,0.055487096309661865,,,,
compatibility,51004,err2,no_plasticity,24,0.06104005500674248,,,,
compatibility,51004,err2,no_plasticity,25,0.3951663374900818,,,,
compatibility,51004,err2,no_plasticity,26,0.4165908694267273,,,,
compatibility,51004,err2,no_plasticity,27,0.05883914232254028,,,,
cue_schedule,51004,err2,swap,,,1,2,False,0.728890597820282
cue_schedule,51004,err2,swap,,,2,3,False,0.8246457576751709
cue_schedule,51004,err2,swap,,,3,4,False,0.8421423435211182
cue_schedule,51004,err2,swap,,,4,5,False,0.8493145704269409
cue_schedule,51004,err2,swap,,,5,6,False,0.8274188041687012
cue_schedule,51004,err2,swap,,,6,7,False,0.8054916262626648
cue_schedule,51004,err2,swap,,,7,8,False,0.8070171475410461
cue_schedule,51004,err2,swap,,,8,9,False,0.7981253266334534
cue_schedule,51004,err2,swap,,,9,10,False,0.7661155462265015
cue_schedule,51004,err2,swap,,,10,11,True,0.5004861354827881
cue_schedule,51004,err2,swap,,,11,12,False,0.7928715348243713
cue_schedule,51004,err2,swap,,,12,13,False,0.801108181476593
cue_schedule,51004,err2,swap,,,13,14,False,0.7748276591300964
cue_schedule,51004,err2,swap,,,14,15,False,0.8072397112846375
cue_schedule,51004,err2,swap,,,15,16,False,0.7981550097465515
cue_schedule,51004,err2,swap,,,16,17,False,0.8185510039329529
cue_schedule,51004,err2,swap,,,17,18,False,0.8181830644607544
cue_schedule,51004,err2,swap,,,18,19,False,0.798103392124176
cue_schedule,51004,err2,swap,,,19,20,False,0.8022101521492004
cue_schedule,51004,err2,swap,,,20,21,True,0.5409253835678101
cue_schedule,51004,err2,swap,,,21,22,False,0.7934424877166748
cue_schedule,51004,err2,swap,,,22,23,False,0.7949859499931335
cue_schedule,51004,err2,swap,,,23,24,False,0.7985278367996216
cue_schedule,51004,err2,swap,,,24,25,False,0.8090349435806274
cue_schedule,51004,err2,swap,,,25,26,False,0.8000630140304565
cue_schedule,51004,err2,swap,,,26,27,False,0.800167977809906
cue_schedule,51004,err2,swap,,,27,28,False,0.8189820647239685
cue_schedule,51004,err2,swap,,,28,29,False,0.8229925632476807
cue_schedule,51004,err2,swap,,,29,30,False,0.8184697031974792
cue_schedule,51004,err2,swap,,,30,31,True,0.5118212103843689
cue_schedule,51004,err2,swap,,,31,32,False,0.7483372688293457
cue_schedule,51004,err2,swap,,,32,33,False,0.7727386355400085
cue_schedule,51004,err2,swap,,,33,34,False,0.7763108015060425
cue_schedule,51004,err2,swap,,,34,35,False,0.8049613237380981
cue_schedule,51004,err2,swap,,,35,36,False,0.8370720148086548
cue_schedule,51004,err2,swap,,,36,37,False,0.8248895406723022
cue_schedule,51004,err2,swap,,,37,38,False,0.838432788848877
cue_schedule,51004,err2,swap,,,38,39,False,0.8260002732276917
cue_schedule,51004,err2,swap,,,39,40,False,0.8251625895500183
cue_schedule,51004,err2,no_swap,,,1,2,False,0.728890597820282
cue_schedule,51004,err2,no_swap,,,2,3,False,0.8246457576751709
cue_schedule,51004,err2,no_swap,,,3,4,False,0.8421423435211182
cue_schedule,51004,err2,no_swap,,,4,5,False,0.8493145704269409
cue_schedule,51004,err2,no_swap,,,5,6,False,0.8274188041687012
cue_schedule,51004,err2,no_swap,,,6,7,False,0.8054916262626648
cue_schedule,51004,err2,no_swap,,,7,8,False,0.8070171475410461
cue_schedule,51004,err2,no_swap,,,8,9,False,0.7981253266334534
cue_schedule,51004,err2,no_swap,,,9,10,False,0.7661155462265015
cue_schedule,51004,err2,no_swap,,,10,11,False,0.7962329983711243
cue_schedule,51004,err2,no_swap,,,11,12,False,0.7771359086036682
cue_schedule,51004,err2,no_swap,,,12,13,False,0.8073662519454956
cue_schedule,51004,err2,no_swap,,,13,14,False,0.81889808177948
cue_schedule,51004,err2,no_swap,,,14,15,False,0.8110190033912659
cue_schedule,51004,err2,no_swap,,,15,16,False,0.8005669116973877
cue_schedule,51004,err2,no_swap,,,16,17,False,0.7899614572525024
cue_schedule,51004,err2,no_swap,,,17,18,False,0.7929538488388062
cue_schedule,51004,err2,no_swap,,,18,19,False,0.7921294569969177
cue_schedule,51004,err2,no_swap,,,19,20,False,0.8060852289199829
cue_schedule,51004,err2,no_swap,,,20,21,False,0.8136608004570007
cue_schedule,51004,err2,no_swap,,,21,22,False,0.8126896619796753
cue_schedule,51004,err2,no_swap,,,22,23,False,0.8116814494132996
cue_schedule,51004,err2,no_swap,,,23,24,False,0.7940782904624939
cue_schedule,51004,err2,no_swap,,,24,25,False,0.8217012882232666
cue_schedule,51004,err2,no_swap,,,25,26,False,0.8100631237030029
cue_schedule,51004,err2,no_swap,,,26,27,False,0.8211768865585327
cue_schedule,51004,err2,no_swap,,,27,28,False,0.8211148977279663
cue_schedule,51004,err2,no_swap,,,28,29,False,0.8310171365737915
cue_schedule,51004,err2,no_swap,,,29,30,False,0.8272309303283691
cue_schedule,51004,err2,no_swap,,,30,31,False,0.7737810015678406
cue_schedule,51004,err2,no_swap,,,31,32,False,0.7566735148429871
cue_schedule,51004,err2,no_swap,,,32,33,False,0.7546517848968506
cue_schedule,51004,err2,no_swap,,,33,34,False,0.8058581352233887
cue_schedule,51004,err2,no_swap,,,34,35,False,0.8314279913902283
cue_schedule,51004,err2,no_swap,,,35,36,False,0.8320480585098267
cue_schedule,51004,err2,no_swap,,,36,37,False,0.7987492084503174
cue_schedule,51004,err2,no_swap,,,37,38,False,0.7927333116531372
cue_schedule,51004,err2,no_swap,,,38,39,False,0.8221688270568848
cue_schedule,51004,err2,no_swap,,,39,40,False,0.8259427547454834
compatibility,51005,base,aligned,0,0.7868063449859619,,,,
compatibility,51005,base,aligned,1,0.8292359709739685,,,,
compatibility,51005,base,aligned,2,0.8304402828216553,,,,
compatibility,51005,base,aligned,3,0.7806615233421326,,,,
compatibility,51005,base,aligned,4,0.8256298899650574,,,,
compatibility,51005,base,aligned,5,0.8178676962852478,,,,
compatibility,51005,base,aligned,6,0.895218014717102,,,,
compatibility,51005,base,aligned,7,0.7024234533309937,,,,
compatibility,51005,base,aligned,8,0.9090981483459473,,,,
compatibility,51005,base,aligned,9,0.7852599620819092,,,,
compatibility,51005,base,aligned,10,0.9060429930686951,,,,
compatibility,51005,base,aligned,11,0.7576316595077515,,,,
compatibility,51005,base,aligned,12,0.7912717461585999,,,,
compatibility,51005,base,aligned,13,0.912021279335022,,,,
compatibility,51005,base,aligned,14,0.5524108409881592,,,,
compatibility,51005,base,aligned,15,0.8544170260429382,,,,
compatibility,51005,base,aligned,16,0.7916300296783447,,,,
compatibility,51005,base,aligned,17,0.8923137784004211,,,,
compatibility,51005,base,aligned,18,0.7947365641593933,,,,
compatibility,51005,base,aligned,19,0.6621637940406799,,,,
compatibility,51005,base,aligned,20,0.7978122234344482,,,,
compatibility,51005,base,aligned,21,0.7679978013038635,,,,
compatibility,51005,base,aligned,22,0.8071502447128296,,,,
compatibility,51005,base,aligned,23,0.8880914449691772,,,,
compatibility,51005,base,aligned,24,0.749392569065094,,,,
compatibility,51005,base,aligned,25,0.6262400150299072,,,,
compatibility,51005,base,aligned,26,0.8992977738380432,,,,
compatibility,51005,base,aligned,27,0.7844011783599854,,,,
compatibility,51005,base,fixed_permutation,0,0.22408032417297363,,,,
compatibility,51005,base,fixed_permutation,1,0.011389424093067646,,,,
compatibility,51005,base,fixed_permutation,2,0.05908912792801857,,,,
compatibility,51005,base,fixed_permutation,3,0.229653000831604,,,,
compatibility,51005,base,fixed_permutation,4,0.1985074132680893,,,,
compatibility,51005,base,fixed_permutation,5,0.29486986994743347,,,,
compatibility,51005,base,fixed_permutation,6,0.17929276823997498,,,,
compatibility,51005,base,fixed_permutation,7,0.03508097305893898,,,,
compatibility,51005,base,fixed_permutation,8,0.15848535299301147,,,,
compatibility,51005,base,fixed_permutation,9,0.0011656450806185603,,,,
compatibility,51005,base,fixed_permutation,10,0.0014107932802289724,,,,
compatibility,51005,base,fixed_permutation,11,0.009176691062748432,,,,
compatibility,51005,base,fixed_permutation,12,0.2768843173980713,,,,
compatibility,51005,base,fixed_permutation,13,0.5531647801399231,,,,
compatibility,51005,base,fixed_permutation,14,0.11886487901210785,,,,
compatibility,51005,base,fixed_permutation,15,0.253174751996994,,,,
compatibility,51005,base,fixed_permutation,16,0.0012036433909088373,,,,
compatibility,51005,base,fixed_permutation,17,0.16168101131916046,,,,
compatibility,51005,base,fixed_permutation,18,0.28033027052879333,,,,
compatibility,51005,base,fixed_permutation,19,0.007387898396700621,,,,
compatibility,51005,base,fixed_permutation,20,0.1761312037706375,,,,
compatibility,51005,base,fixed_permutation,21,0.17736564576625824,,,,
compatibility,51005,base,fixed_permutation,22,0.36243197321891785,,,,
compatibility,51005,base,fixed_permutation,23,0.022984692826867104,,,,
compatibility,51005,base,fixed_permutation,24,0.15426097810268402,,,,
compatibility,51005,base,fixed_permutation,25,0.2618846297264099,,,,
compatibility,51005,base,fixed_permutation,26,0.05768542364239693,,,,
compatibility,51005,base,fixed_permutation,27,0.005053335335105658,,,,
compatibility,51005,base,matched_decoder,0,0.7868063449859619,,,,
compatibility,51005,base,matched_decoder,1,0.829235851764679,,,,
compatibility,51005,base,matched_decoder,2,0.8304402828216553,,,,
compatibility,51005,base,matched_decoder,3,0.7806615233421326,,,,
compatibility,51005,base,matched_decoder,4,0.8256298899650574,,,,
compatibility,51005,base,matched_decoder,5,0.8178677558898926,,,,
compatibility,51005,base,matched_decoder,6,0.8952178955078125,,,,
compatibility,51005,base,matched_decoder,7,0.7024234533309937,,,,
compatibility,51005,base,matched_decoder,8,0.9090981483459473,,,,
compatibility,51005,base,matched_decoder,9,0.7852599620819092,,,,
compatibility,51005,base,matched_decoder,10,0.9060429930686951,,,,
compatibility,51005,base,matched_decoder,11,0.7576316595077515,,,,
compatibility,51005,base,matched_decoder,12,0.7912716865539551,,,,
compatibility,51005,base,matched_decoder,13,0.912021279335022,,,,
compatibility,51005,base,matched_decoder,14,0.5524108409881592,,,,
compatibility,51005,base,matched_decoder,15,0.854417085647583,,,,
compatibility,51005,base,matched_decoder,16,0.7916300892829895,,,,
compatibility,51005,base,matched_decoder,17,0.8923137784004211,,,,
compatibility,51005,base,matched_decoder,18,0.7947366237640381,,,,
compatibility,51005,base,matched_decoder,19,0.6621637344360352,,,,
compatibility,51005,base,matched_decoder,20,0.7978121042251587,,,,
compatibility,51005,base,matched_decoder,21,0.7679978013038635,,,,
compatibility,51005,base,matched_decoder,22,0.8071502447128296,,,,
compatibility,51005,base,matched_decoder,23,0.888091504573822,,,,
compatibility,51005,base,matched_decoder,24,0.749392569065094,,,,
compatibility,51005,base,matched_decoder,25,0.6262398958206177,,,,
compatibility,51005,base,matched_decoder,26,0.8992979526519775,,,,
compatibility,51005,base,matched_decoder,27,0.7844010591506958,,,,
compatibility,51005,base,random_content,0,4.969537599208707e-07,,,,
compatibility,51005,base,random_content,1,0.310990571975708,,,,
compatibility,51005,base,random_content,2,0.22413265705108643,,,,
compatibility,51005,base,random_content,3,0.21200625598430634,,,,
compatibility,51005,base,random_content,4,0.00011925750732189044,,,,
compatibility,51005,base,random_content,5,0.2018612027168274,,,,
compatibility,51005,base,random_content,6,0.2053316980600357,,,,
compatibility,51005,base,random_content,7,0.3507247567176819,,,,
compatibility,51005,base,random_content,8,1.4394659046956804e-05,,,,
compatibility,51005,base,random_content,9,0.0006973124691285193,,,,
compatibility,51005,base,random_content,10,0.0002898452803492546,,,,
compatibility,51005,base,random_content,11,0.0061736502684652805,,,,
compatibility,51005,base,random_content,12,0.005590126849710941,,,,
compatibility,51005,base,random_content,13,0.05089499056339264,,,,
compatibility,51005,base,random_content,14,0.001906509161926806,,,,
compatibility,51005,base,random_content,15,0.3793226480484009,,,,
compatibility,51005,base,random_content,16,0.06515199691057205,,,,
compatibility,51005,base,random_content,17,0.0500093437731266,,,,
compatibility,51005,base,random_content,18,0.26203036308288574,,,,
compatibility,51005,base,random_content,19,0.16875572502613068,,,,
compatibility,51005,base,random_content,20,0.11915865540504456,,,,
compatibility,51005,base,random_content,21,0.22508177161216736,,,,
compatibility,51005,base,random_content,22,0.28541460633277893,,,,
compatibility,51005,base,random_content,23,0.22361668944358826,,,,
compatibility,51005,base,random_content,24,0.34970375895500183,,,,
compatibility,51005,base,random_content,25,9.664725075708702e-05,,,,
compatibility,51005,base,random_content,26,0.06587433069944382,,,,
compatibility,51005,base,random_content,27,2.115917595801875e-05,,,,
compatibility,51005,base,no_plasticity,0,0.2623710036277771,,,,
compatibility,51005,base,no_plasticity,1,0.29422831535339355,,,,
compatibility,51005,base,no_plasticity,2,0.2686789631843567,,,,
compatibility,51005,base,no_plasticity,3,0.11868266016244888,,,,
compatibility,51005,base,no_plasticity,4,0.08691950887441635,,,,
compatibility,51005,base,no_plasticity,5,0.06106000021100044,,,,
compatibility,51005,base,no_plasticity,6,0.11829689145088196,,,,
compatibility,51005,base,no_plasticity,7,0.2064843773841858,,,,
compatibility,51005,base,no_plasticity,8,0.28256872296333313,,,,
compatibility,51005,base,no_plasticity,9,0.13323275744915009,,,,
compatibility,51005,base,no_plasticity,10,0.05015784502029419,,,,
compatibility,51005,base,no_plasticity,11,0.17025820910930634,,,,
compatibility,51005,base,no_plasticity,12,0.35937511920928955,,,,
compatibility,51005,base,no_plasticity,13,0.2701079845428467,,,,
compatibility,51005,base,no_plasticity,14,0.19461524486541748,,,,
compatibility,51005,base,no_plasticity,15,0.09585917741060257,,,,
compatibility,51005,base,no_plasticity,16,0.21053315699100494,,,,
compatibility,51005,base,no_plasticity,17,0.13146597146987915,,,,
compatibility,51005,base,no_plasticity,18,0.15543514490127563,,,,
compatibility,51005,base,no_plasticity,19,0.14732183516025543,,,,
compatibility,51005,base,no_plasticity,20,0.14114291965961456,,,,
compatibility,51005,base,no_plasticity,21,0.262289434671402,,,,
compatibility,51005,base,no_plasticity,22,0.19694098830223083,,,,
compatibility,51005,base,no_plasticity,23,0.16667720675468445,,,,
compatibility,51005,base,no_plasticity,24,0.08302295953035355,,,,
compatibility,51005,base,no_plasticity,25,0.2548535466194153,,,,
compatibility,51005,base,no_plasticity,26,0.14243429899215698,,,,
compatibility,51005,base,no_plasticity,27,0.16963958740234375,,,,
cue_schedule,51005,base,swap,,,1,2,False,0.7793556451797485
cue_schedule,51005,base,swap,,,2,3,False,0.8273293375968933
cue_schedule,51005,base,swap,,,3,4,False,0.8249391317367554
cue_schedule,51005,base,swap,,,4,5,False,0.8684905171394348
cue_schedule,51005,base,swap,,,5,6,False,0.8891413807868958
cue_schedule,51005,base,swap,,,6,7,False,0.8887912034988403
cue_schedule,51005,base,swap,,,7,8,False,0.8709565997123718
cue_schedule,51005,base,swap,,,8,9,False,0.8612796664237976
cue_schedule,51005,base,swap,,,9,10,False,0.8863568305969238
cue_schedule,51005,base,swap,,,10,11,True,0.44018977880477905
cue_schedule,51005,base,swap,,,11,12,False,0.8047965168952942
cue_schedule,51005,base,swap,,,12,13,False,0.8247939348220825
cue_schedule,51005,base,swap,,,13,14,False,0.8622754812240601
cue_schedule,51005,base,swap,,,14,15,False,0.88768470287323
cue_schedule,51005,base,swap,,,15,16,False,0.8735337853431702
cue_schedule,51005,base,swap,,,16,17,False,0.8696515560150146
cue_schedule,51005,base,swap,,,17,18,False,0.8634006381034851
cue_schedule,51005,base,swap,,,18,19,False,0.8593486547470093
cue_schedule,51005,base,swap,,,19,20,False,0.8564689755439758
cue_schedule,51005,base,swap,,,20,21,True,0.36629730463027954
cue_schedule,51005,base,swap,,,21,22,False,0.7896943688392639
cue_schedule,51005,base,swap,,,22,23,False,0.8409366607666016
cue_schedule,51005,base,swap,,,23,24,False,0.9006832838058472
cue_schedule,51005,base,swap,,,24,25,False,0.9303694367408752
cue_schedule,51005,base,swap,,,25,26,False,0.8594049215316772
cue_schedule,51005,base,swap,,,26,27,False,0.8506560325622559
cue_schedule,51005,base,swap,,,27,28,False,0.8422353863716125
cue_schedule,51005,base,swap,,,28,29,False,0.8800644874572754
cue_schedule,51005,base,swap,,,29,30,False,0.8405622839927673
cue_schedule,51005,base,swap,,,30,31,True,0.3890281617641449
cue_schedule,51005,base,swap,,,31,32,False,0.8338485956192017
cue_schedule,51005,base,swap,,,32,33,False,0.8717336058616638
cue_schedule,51005,base,swap,,,33,34,False,0.9112072587013245
cue_schedule,51005,base,swap,,,34,35,False,0.8998175859451294
cue_schedule,51005,base,swap,,,35,36,False,0.8784811496734619
cue_schedule,51005,base,swap,,,36,37,False,0.8240901827812195
cue_schedule,51005,base,swap,,,37,38,False,0.8413870334625244
cue_schedule,51005,base,swap,,,38,39,False,0.8704664707183838
cue_schedule,51005,base,swap,,,39,40,False,0.8343209028244019
cue_schedule,51005,base,no_swap,,,1,2,False,0.7793556451797485
cue_schedule,51005,base,no_swap,,,2,3,False,0.8273293375968933
cue_schedule,51005,base,no_swap,,,3,4,False,0.8249391317367554
cue_schedule,51005,base,no_swap,,,4,5,False,0.8684905171394348
cue_schedule,51005,base,no_swap,,,5,6,False,0.8891413807868958
cue_schedule,51005,base,no_swap,,,6,7,False,0.8887912034988403
cue_schedule,51005,base,no_swap,,,7,8,False,0.8709565997123718
cue_schedule,51005,base,no_swap,,,8,9,False,0.8612796664237976
cue_schedule,51005,base,no_swap,,,9,10,False,0.8863568305969238
cue_schedule,51005,base,no_swap,,,10,11,False,0.8350618481636047
cue_schedule,51005,base,no_swap,,,11,12,False,0.8048560619354248
cue_schedule,51005,base,no_swap,,,12,13,False,0.882365882396698
cue_schedule,51005,base,no_swap,,,13,14,False,0.8900699019432068
cue_schedule,51005,base,no_swap,,,14,15,False,0.8843473196029663
cue_schedule,51005,base,no_swap,,,15,16,False,0.9137150049209595
cue_schedule,51005,base,no_swap,,,16,17,False,0.8631183505058289
cue_schedule,51005,base,no_swap,,,17,18,False,0.9035471081733704
cue_schedule,51005,base,no_swap,,,18,19,False,0.9027757048606873
cue_schedule,51005,base,no_swap,,,19,20,False,0.8813115954399109
cue_schedule,51005,base,no_swap,,,20,21,False,0.8923819065093994
cue_schedule,51005,base,no_swap,,,21,22,False,0.8913090229034424
cue_schedule,51005,base,no_swap,,,22,23,False,0.8913630843162537
cue_schedule,51005,base,no_swap,,,23,24,False,0.9035190343856812
cue_schedule,51005,base,no_swap,,,24,25,False,0.9312596917152405
cue_schedule,51005,base,no_swap,,,25,26,False,0.8718831539154053
cue_schedule,51005,base,no_swap,,,26,27,False,0.8587433695793152
cue_schedule,51005,base,no_swap,,,27,28,False,0.847750186920166
cue_schedule,51005,base,no_swap,,,28,29,False,0.8740693926811218
cue_schedule,51005,base,no_swap,,,29,30,False,0.8407778143882751
cue_schedule,51005,base,no_swap,,,30,31,False,0.887612521648407
cue_schedule,51005,base,no_swap,,,31,32,False,0.8641234636306763
cue_schedule,51005,base,no_swap,,,32,33,False,0.8576500415802002
cue_schedule,51005,base,no_swap,,,33,34,False,0.9307218194007874
cue_schedule,51005,base,no_swap,,,34,35,False,0.8706725835800171
cue_schedule,51005,base,no_swap,,,35,36,False,0.8499813079833984
cue_schedule,51005,base,no_swap,,,36,37,False,0.8168730139732361
cue_schedule,51005,base,no_swap,,,37,38,False,0.8503532409667969
cue_schedule,51005,base,no_swap,,,38,39,False,0.9025077819824219
cue_schedule,51005,base,no_swap,,,39,40,False,0.9023168087005615
compatibility,51005,err2,aligned,0,0.6091314554214478,,,,
compatibility,51005,err2,aligned,1,0.6632641553878784,,,,
compatibility,51005,err2,aligned,2,0.45447027683258057,,,,
compatibility,51005,err2,aligned,3,0.45452460646629333,,,,
compatibility,51005,err2,aligned,4,0.44671106338500977,,,,
compatibility,51005,err2,aligned,5,0.4810040295124054,,,,
compatibility,51005,err2,aligned,6,0.6192852854728699,,,,
compatibility,51005,err2,aligned,7,0.6607975959777832,,,,
compatibility,51005,err2,aligned,8,0.6409159898757935,,,,
compatibility,51005,err2,aligned,9,0.2690982222557068,,,,
compatibility,51005,err2,aligned,10,0.18252135813236237,,,,
compatibility,51005,err2,aligned,11,0.5104179382324219,,,,
compatibility,51005,err2,aligned,12,0.6458792090415955,,,,
compatibility,51005,err2,aligned,13,0.6136236190795898,,,,
compatibility,51005,err2,aligned,14,0.431426078081131,,,,
compatibility,51005,err2,aligned,15,0.49301427602767944,,,,
compatibility,51005,err2,aligned,16,0.44954079389572144,,,,
compatibility,51005,err2,aligned,17,0.5042773485183716,,,,
compatibility,51005,err2,aligned,18,0.44661760330200195,,,,
compatibility,51005,err2,aligned,19,0.5535587072372437,,,,
compatibility,51005,err2,aligned,20,0.007438204251229763,,,,
compatibility,51005,err2,aligned,21,0.45262572169303894,,,,
compatibility,51005,err2,aligned,22,0.7065096497535706,,,,
compatibility,51005,err2,aligned,23,0.4814780354499817,,,,
compatibility,51005,err2,aligned,24,0.6324236392974854,,,,
compatibility,51005,err2,aligned,25,0.4519297182559967,,,,
compatibility,51005,err2,aligned,26,0.6299936771392822,,,,
compatibility,51005,err2,aligned,27,0.44743695855140686,,,,
compatibility,51005,err2,fixed_permutation,0,0.4309329092502594,,,,
compatibility,51005,err2,fixed_permutation,1,0.010040308348834515,,,,
compatibility,51005,err2,fixed_permutation,2,6.841409776825458e-05,,,,
compatibility,51005,err2,fixed_permutation,3,0.001565439160913229,,,,
compatibility,51005,err2,fixed_permutation,4,0.11231350153684616,,,,
compatibility,51005,err2,fixed_permutation,5,3.181537249474786e-05,,,,
compatibility,51005,err2,fixed_permutation,6,0.0006798806134611368,,,,
compatibility,51005,err2,fixed_permutation,7,0.0005333242588676512,,,,
compatibility,51005,err2,fixed_permutation,8,0.008700896985828876,,,,
compatibility,51005,err2,fixed_permutation,9,0.0022817107383161783,,,,
compatibility,51005,err2,fixed_permutation,10,0.0019133087480440736,,,,
compatibility,51005,err2,fixed_permutation,11,7.044917538223672e-08,,,,
compatibility,51005,err2,fixed_permutation,12,0.0002164055622415617,,,,
compatibility,51005,err2,fixed_permutation,13,0.12475533783435822,,,,
compatibility,51005,err2,fixed_permutation,14,0.0009940261952579021,,,,
compatibility,51005,err2,fixed_permutation,15,0.0007908426341600716,,,,
compatibility,51005,err2,fixed_permutation,16,0.00015994122077245265,,,,
compatibility,51005,err2,fixed_permutation,17,0.2808201313018799,,,,
compatibility,51005,err2,fixed_permutation,18,0.039824191480875015,,,,
compatibility,51005,err2,fixed_permutation,19,4.3027512219850905e-06,,,,
compatibility,51005,err2,fixed_permutation,20,0.0011397757334634662,,,,
compatibility,51005,err2,fixed_permutation,21,0.03020319528877735,,,,
compatibility,51005,err2,fixed_permutation,22,0.05048245191574097,,,,
compatibility,51005,err2,fixed_permutation,23,0.4380275011062622,,,,
compatibility,51005,err2,fixed_permutation,24,4.708878987003118e-05,,,,
compatibility,51005,err2,fixed_permutation,25,1.1511508091643918e-05,,,,
compatibility,51005,err2,fixed_permutation,26,4.663043364416808e-05,,,,
compatibility,51005,err2,fixed_permutation,27,0.0003407707263249904,,,,
compatibility,51005,err2,matched_decoder,0,0.6091307997703552,,,,
compatibility,51005,err2,matched_decoder,1,0.6632639169692993,,,,
compatibility,51005,err2,matched_decoder,2,0.4544702172279358,,,,
compatibility,51005,err2,matched_decoder,3,0.4545246660709381,,,,
compatibility,51005,err2,matched_decoder,4,0.44671109318733215,,,,
compatibility,51005,err2,matched_decoder,5,0.48100414872169495,,,,
compatibility,51005,err2,matched_decoder,6,0.6192854046821594,,,,
compatibility,51005,err2,matched_decoder,7,0.6607984304428101,,,,
compatibility,51005,err2,matched_decoder,8,0.6409160494804382,,,,
compatibility,51005,err2,matched_decoder,9,0.2690980136394501,,,,
compatibility,51005,err2,matched_decoder,10,0.1825215220451355,,,,
compatibility,51005,err2,matched_decoder,11,0.5104178190231323,,,,
compatibility,51005,err2,matched_decoder,12,0.6458792090415955,,,,
compatibility,51005,err2,matched_decoder,13,0.613623321056366,,,,
compatibility,51005,err2,matched_decoder,14,0.43142595887184143,,,,
compatibility,51005,err2,matched_decoder,15,0.49301427602767944,,,,
compatibility,51005,err2,matched_decoder,16,0.44954079389572144,,,,
compatibility,51005,err2,matched_decoder,17,0.5042776465415955,,,,
compatibility,51005,err2,matched_decoder,18,0.44661760330200195,,,,
compatibility,51005,err2,matched_decoder,19,0.5535587668418884,,,,
compatibility,51005,err2,matched_decoder,20,0.007438249886035919,,,,
compatibility,51005,err2,matched_decoder,21,0.45262569189071655,,,,
compatibility,51005,err2,matched_decoder,22,0.7065095901489258,,,,
compatibility,51005,err2,matched_decoder,23,0.4814780652523041,,,,
compatibility,51005,err2,matched_decoder,24,0.6324236392974854,,,,
compatibility,51005,err2,matched_decoder,25,0.4519296884536743,,,,
compatibility,51005,err2,matched_decoder,26,0.6299936175346375,,,,
compatibility,51005,err2,matched_decoder,27,0.4474369287490845,,,,
compatibility,51005,err2,random_content,0,6.36032855254598e-05,,,,
compatibility,51005,err2,random_content,1,0.005162085872143507,,,,
compatibility,51005,err2,random_content,2,0.004254301078617573,,,,
compatibility,51005,err2,random_content,3,0.0004567402065731585,,,,
compatibility,51005,err2,random_content,4,3.5131382901454344e-05,,,,
compatibility,51005,err2,random_content,5,0.351238876581192,,,,
compatibility,51005,err2,random_content,6,0.3402652442455292,,,,
compatibility,51005,err2,random_content,7,0.1797245442867279,,,,
compatibility,51005,err2,random_content,8,3.689699951792136e-05,,,,
compatibility,51005,err2,random_content,9,0.03901355713605881,,,,
compatibility,51005,err2,random_content,10,0.013776509091258049,,,,
compatibility,51005,err2,random_content,11,2.264109753014054e-06,,,,
compatibility,51005,err2,random_content,12,9.198503539664671e-05,,,,
compatibility,51005,err2,random_content,13,0.00395952956750989,,,,
compatibility,51005,err2,random_content,14,1.1452870239736512e-05,,,,
compatibility,51005,err2,random_content,15,0.42564839124679565,,,,
compatibility,51005,err2,random_content,16,0.0014928216114640236,,,,
compatibility,51005,err2,random_content,17,0.017195699736475945,,,,
compatibility,51005,err2,random_content,18,0.16512438654899597,,,,
compatibility,51005,err2,random_content,19,0.0015700834337621927,,,,
compatibility,51005,err2,random_content,20,0.0004878579929936677,,,,
compatibility,51005,err2,random_content,21,0.32242491841316223,,,,
compatibility,51005,err2,random_content,22,0.041489239782094955,,,,
compatibility,51005,err2,random_content,23,6.492683314718306e-05,,,,
compatibility,51005,err2,random_content,24,0.00019916787277907133,,,,
compatibility,51005,err2,random_content,25,5.755752863478847e-05,,,,
compatibility,51005,err2,random_content,26,0.006328518036752939,,,,
compatibility,51005,err2,random_content,27,0.0008048493764363229,,,,
compatibility,51005,err2,no_plasticity,0,0.2623710036277771,,,,
compatibility,51005,err2,no_plasticity,1,0.29422831535339355,,,,
compatibility,51005,err2,no_plasticity,2,0.2686789631843567,,,,
compatibility,51005,err2,no_plasticity,3,0.11868266016244888,,,,
compatibility,51005,err2,no_plasticity,4,0.08691950887441635,,,,
compatibility,51005,err2,no_plasticity,5,0.06106000021100044,,,,
compatibility,51005,err2,no_plasticity,6,0.11829689145088196,,,,
compatibility,51005,err2,no_plasticity,7,0.2064843773841858,,,,
compatibility,51005,err2,no_plasticity,8,0.28256872296333313,,,,
compatibility,51005,err2,no_plasticity,9,0.13323275744915009,,,,
compatibility,51005,err2,no_plasticity,10,0.05015784502029419,,,,
compatibility,51005,err2,no_plasticity,11,0.17025820910930634,,,,
compatibility,51005,err2,no_plasticity,12,0.35937511920928955,,,,
compatibility,51005,err2,no_plasticity,13,0.2701079845428467,,,,
compatibility,51005,err2,no_plasticity,14,0.19461524486541748,,,,
compatibility,51005,err2,no_plasticity,15,0.09585917741060257,,,,
compatibility,51005,err2,no_plasticity,16,0.21053315699100494,,,,
compatibility,51005,err2,no_plasticity,17,0.13146597146987915,,,,
compatibility,51005,err2,no_plasticity,18,0.15543514490127563,,,,
compatibility,51005,err2,no_plasticity,19,0.14732183516025543,,,,
compatibility,51005,err2,no_plasticity,20,0.14114291965961456,,,,
compatibility,51005,err2,no_plasticity,21,0.262289434671402,,,,
compatibility,51005,err2,no_plasticity,22,0.19694098830223083,,,,
compatibility,51005,err2,no_plasticity,23,0.16667720675468445,,,,
compatibility,51005,err2,no_plasticity,24,0.08302295953035355,,,,
compatibility,51005,err2,no_plasticity,25,0.2548535466194153,,,,
compatibility,51005,err2,no_plasticity,26,0.14243429899215698,,,,
compatibility,51005,err2,no_plasticity,27,0.16963958740234375,,,,
cue_schedule,51005,err2,swap,,,1,2,False,0.7762137055397034
cue_schedule,51005,err2,swap,,,2,3,False,0.8477745056152344
cue_schedule,51005,err2,swap,,,3,4,False,0.8631997108459473
cue_schedule,51005,err2,swap,,,4,5,False,0.8590555787086487
cue_schedule,51005,err2,swap,,,5,6,False,0.8209405541419983
cue_schedule,51005,err2,swap,,,6,7,False,0.7956175208091736
cue_schedule,51005,err2,swap,,,7,8,False,0.8093467950820923
cue_schedule,51005,err2,swap,,,8,9,False,0.8047034740447998
cue_schedule,51005,err2,swap,,,9,10,False,0.764373779296875
cue_schedule,51005,err2,swap,,,10,11,True,0.3907717764377594
cue_schedule,51005,err2,swap,,,11,12,False,0.7827857136726379
cue_schedule,51005,err2,swap,,,12,13,False,0.7825554013252258
cue_schedule,51005,err2,swap,,,13,14,False,0.8019431829452515
cue_schedule,51005,err2,swap,,,14,15,False,0.8367511034011841
cue_schedule,51005,err2,swap,,,15,16,False,0.8257130980491638
cue_schedule,51005,err2,swap,,,16,17,False,0.809714674949646
cue_schedule,51005,err2,swap,,,17,18,False,0.8099620342254639
cue_schedule,51005,err2,swap,,,18,19,False,0.791455090045929
cue_schedule,51005,err2,swap,,,19,20,False,0.8373827338218689
cue_schedule,51005,err2,swap,,,20,21,True,0.4435974359512329
cue_schedule,51005,err2,swap,,,21,22,False,0.8110594153404236
cue_schedule,51005,err2,swap,,,22,23,False,0.8339974284172058
cue_schedule,51005,err2,swap,,,23,24,False,0.8090383410453796
cue_schedule,51005,err2,swap,,,24,25,False,0.8173364400863647
cue_schedule,51005,err2,swap,,,25,26,False,0.8242315053939819
cue_schedule,51005,err2,swap,,,26,27,False,0.7725879549980164
cue_schedule,51005,err2,swap,,,27,28,False,0.7687159776687622
cue_schedule,51005,err2,swap,,,28,29,False,0.8116151690483093
cue_schedule,51005,err2,swap,,,29,30,False,0.8272203803062439
cue_schedule,51005,err2,swap,,,30,31,True,0.4198356866836548
cue_schedule,51005,err2,swap,,,31,32,False,0.831412672996521
cue_schedule,51005,err2,swap,,,32,33,False,0.8147099018096924
cue_schedule,51005,err2,swap,,,33,34,False,0.8254715800285339
cue_schedule,51005,err2,swap,,,34,35,False,0.849785566329956
cue_schedule,51005,err2,swap,,,35,36,False,0.8110093474388123
cue_schedule,51005,err2,swap,,,36,37,False,0.8169190287590027
cue_schedule,51005,err2,swap,,,37,38,False,0.7984712719917297
cue_schedule,51005,err2,swap,,,38,39,False,0.8031811714172363
cue_schedule,51005,err2,swap,,,39,40,False,0.8175660967826843
cue_schedule,51005,err2,no_swap,,,1,2,False,0.7762137055397034
cue_schedule,51005,err2,no_swap,,,2,3,False,0.8477745056152344
cue_schedule,51005,err2,no_swap,,,3,4,False,0.8631997108459473
cue_schedule,51005,err2,no_swap,,,4,5,False,0.8590555787086487
cue_schedule,51005,err2,no_swap,,,5,6,False,0.8209405541419983
cue_schedule,51005,err2,no_swap,,,6,7,False,0.7956175208091736
cue_schedule,51005,err2,no_swap,,,7,8,False,0.8093467950820923
cue_schedule,51005,err2,no_swap,,,8,9,False,0.8047034740447998
cue_schedule,51005,err2,no_swap,,,9,10,False,0.764373779296875
cue_schedule,51005,err2,no_swap,,,10,11,False,0.7855598330497742
cue_schedule,51005,err2,no_swap,,,11,12,False,0.7936769723892212
cue_schedule,51005,err2,no_swap,,,12,13,False,0.7915372252464294
cue_schedule,51005,err2,no_swap,,,13,14,False,0.8030425906181335
cue_schedule,51005,err2,no_swap,,,14,15,False,0.7596234083175659
cue_schedule,51005,err2,no_swap,,,15,16,False,0.8146796226501465
cue_schedule,51005,err2,no_swap,,,16,17,False,0.8038452863693237
cue_schedule,51005,err2,no_swap,,,17,18,False,0.8099575638771057
cue_schedule,51005,err2,no_swap,,,18,19,False,0.8035839200019836
cue_schedule,51005,err2,no_swap,,,19,20,False,0.8117552995681763
cue_schedule,51005,err2,no_swap,,,20,21,False,0.7902882099151611
cue_schedule,51005,err2,no_swap,,,21,22,False,0.8123044371604919
cue_schedule,51005,err2,no_swap,,,22,23,False,0.8346432447433472
cue_schedule,51005,err2,no_swap,,,23,24,False,0.8257400393486023
cue_schedule,51005,err2,no_swap,,,24,25,False,0.8355745673179626
cue_schedule,51005,err2,no_swap,,,25,26,False,0.8287370800971985
cue_schedule,51005,err2,no_swap,,,26,27,False,0.7689986228942871
cue_schedule,51005,err2,no_swap,,,27,28,False,0.7612212300300598
cue_schedule,51005,err2,no_swap,,,28,29,False,0.8137128949165344
cue_schedule,51005,err2,no_swap,,,29,30,False,0.833915114402771
cue_schedule,51005,err2,no_swap,,,30,31,False,0.8276360034942627
cue_schedule,51005,err2,no_swap,,,31,32,False,0.8328065276145935
cue_schedule,51005,err2,no_swap,,,32,33,False,0.8025525808334351
cue_schedule,51005,err2,no_swap,,,33,34,False,0.8240125179290771
cue_schedule,51005,err2,no_swap,,,34,35,False,0.8134772777557373
cue_schedule,51005,err2,no_swap,,,35,36,False,0.7917830944061279
cue_schedule,51005,err2,no_swap,,,36,37,False,0.7905125617980957
cue_schedule,51005,err2,no_swap,,,37,38,False,0.8006770610809326
cue_schedule,51005,err2,no_swap,,,38,39,False,0.821773886680603
cue_schedule,51005,err2,no_swap,,,39,40,False,0.8099635243415833
compatibility,51006,base,aligned,0,0.9339845776557922,,,,
compatibility,51006,base,aligned,1,0.7793974876403809,,,,
compatibility,51006,base,aligned,2,0.7451581358909607,,,,
compatibility,51006,base,aligned,3,0.91932612657547,,,,
compatibility,51006,base,aligned,4,0.8392274975776672,,,,
compatibility,51006,base,aligned,5,0.8360365033149719,,,,
compatibility,51006,base,aligned,6,0.6939513087272644,,,,
compatibility,51006,base,aligned,7,0.7840665578842163,,,,
compatibility,51006,base,aligned,8,0.7607918381690979,,,,
compatibility,51006,base,aligned,9,0.85112464427948,,,,
compatibility,51006,base,aligned,10,0.7933916449546814,,,,
compatibility,51006,base,aligned,11,0.6937623023986816,,,,
compatibility,51006,base,aligned,12,0.7955362796783447,,,,
compatibility,51006,base,aligned,13,0.840093195438385,,,,
compatibility,51006,base,aligned,14,0.6820775270462036,,,,
compatibility,51006,base,aligned,15,0.840498149394989,,,,
compatibility,51006,base,aligned,16,0.5692061185836792,,,,
compatibility,51006,base,aligned,17,0.8331536650657654,,,,
compatibility,51006,base,aligned,18,0.8840205669403076,,,,
compatibility,51006,base,aligned,19,0.8720418214797974,,,,
compatibility,51006,base,aligned,20,0.8928806781768799,,,,
compatibility,51006,base,aligned,21,0.834514319896698,,,,
compatibility,51006,base,aligned,22,0.9216471314430237,,,,
compatibility,51006,base,aligned,23,0.9143086671829224,,,,
compatibility,51006,base,aligned,24,0.7333323359489441,,,,
compatibility,51006,base,aligned,25,0.8004587292671204,,,,
compatibility,51006,base,aligned,26,0.5682695508003235,,,,
compatibility,51006,base,aligned,27,0.8552547097206116,,,,
compatibility,51006,base,fixed_permutation,0,0.2311570942401886,,,,
compatibility,51006,base,fixed_permutation,1,0.09199713915586472,,,,
compatibility,51006,base,fixed_permutation,2,0.2464425414800644,,,,
compatibility,51006,base,fixed_permutation,3,0.000126763858133927,,,,
compatibility,51006,base,fixed_permutation,4,0.013008840382099152,,,,
compatibility,51006,base,fixed_permutation,5,0.01263076439499855,,,,
compatibility,51006,base,fixed_permutation,6,0.05683998763561249,,,,
compatibility,51006,base,fixed_permutation,7,0.1780063360929489,,,,
compatibility,51006,base,fixed_permutation,8,0.004234638996422291,,,,
compatibility,51006,base,fixed_permutation,9,0.21331457793712616,,,,
compatibility,51006,base,fixed_permutation,10,0.005121020600199699,,,,
compatibility,51006,base,fixed_permutation,11,0.22770188748836517,,,,
compatibility,51006,base,fixed_permutation,12,0.23956233263015747,,,,
compatibility,51006,base,fixed_permutation,13,0.41524532437324524,,,,
compatibility,51006,base,fixed_permutation,14,0.29241564869880676,,,,
compatibility,51006,base,fixed_permutation,15,0.061972104012966156,,,,
compatibility,51006,base,fixed_permutation,16,4.801637624041177e-05,,,,
compatibility,51006,base,fixed_permutation,17,0.22337183356285095,,,,
compatibility,51006,base,fixed_permutation,18,0.008722132071852684,,,,
compatibility,51006,base,fixed_permutation,19,0.052891116589307785,,,,
compatibility,51006,base,fixed_permutation,20,0.0053206621669232845,,,,
compatibility,51006,base,fixed_permutation,21,0.2960016429424286,,,,
compatibility,51006,base,fixed_permutation,22,0.1611379235982895,,,,
compatibility,51006,base,fixed_permutation,23,0.18308229744434357,,,,
compatibility,51006,base,fixed_permutation,24,0.13258200883865356,,,,
compatibility,51006,base,fixed_permutation,25,0.3662910461425781,,,,
compatibility,51006,base,fixed_permutation,26,0.12489654123783112,,,,
compatibility,51006,base,fixed_permutation,27,0.3417127728462219,,,,
compatibility,51006,base,matched_decoder,0,0.9339845776557922,,,,
compatibility,51006,base,matched_decoder,1,0.7793974876403809,,,,
compatibility,51006,base,matched_decoder,2,0.7451580166816711,,,,
compatibility,51006,base,matched_decoder,3,0.91932612657547,,,,
compatibility,51006,base,matched_decoder,4,0.8392274975776672,,,,
compatibility,51006,base,matched_decoder,5,0.8360365629196167,,,,
compatibility,51006,base,matched_decoder,6,0.6939513683319092,,,,
compatibility,51006,base,matched_decoder,7,0.7840665578842163,,,,
compatibility,51006,base,matched_decoder,8,0.7607917785644531,,,,
compatibility,51006,base,matched_decoder,9,0.85112464427948,,,,
compatibility,51006,base,matched_decoder,10,0.7933917045593262,,,,
compatibility,51006,base,matched_decoder,11,0.6937622427940369,,,,
compatibility,51006,base,matched_decoder,12,0.7955362796783447,,,,
compatibility,51006,base,matched_decoder,13,0.840093195438385,,,,
compatibility,51006,base,matched_decoder,14,0.6820775270462036,,,,
compatibility,51006,base,matched_decoder,15,0.840498149394989,,,,
compatibility,51006,base,matched_decoder,16,0.5692061185836792,,,,
compatibility,51006,base,matched_decoder,17,0.8331536650657654,,,,
compatibility,51006,base,matched_decoder,18,0.8840205669403076,,,,
compatibility,51006,base,matched_decoder,19,0.8720418214797974,,,,
compatibility,51006,base,matched_decoder,20,0.8928805589675903,,,,
compatibility,51006,base,matched_decoder,21,0.834514319896698,,,,
compatibility,51006,base,matched_decoder,22,0.9216471314430237,,,,
compatibility,51006,base,matched_decoder,23,0.9143085479736328,,,,
compatibility,51006,base,matched_decoder,24,0.7333322763442993,,,,
compatibility,51006,base,matched_decoder,25,0.8004587292671204,,,,
compatibility,51006,base,matched_decoder,26,0.5682695508003235,,,,
compatibility,51006,base,matched_decoder,27,0.8552547097206116,,,,
compatibility,51006,base,random_content,0,0.0003699308435898274,,,,
compatibility,51006,base,random_content,1,0.00020042916003149003,,,,
compatibility,51006,base,random_content,2,0.001392955076880753,,,,
compatibility,51006,base,random_content,3,0.29454267024993896,,,,
compatibility,51006,base,random_content,4,0.3386704921722412,,,,
compatibility,51006,base,random_content,5,4.226573582855053e-05,,,,
compatibility,51006,base,random_content,6,0.10313919186592102,,,,
compatibility,51006,base,random_content,7,0.8779115080833435,,,,
compatibility,51006,base,random_content,8,0.039476074278354645,,,,
compatibility,51006,base,random_content,9,0.1589154601097107,,,,
compatibility,51006,base,random_content,10,0.446516752243042,,,,
compatibility,51006,base,random_content,11,0.20111893117427826,,,,
compatibility,51006,base,random_content,12,0.16739410161972046,,,,
compatibility,51006,base,random_content,13,0.37459561228752136,,,,
compatibility,51006,base,random_content,14,3.085335993091576e-05,,,,
compatibility,51006,base,random_content,15,2.020786723733181e-06,,,,
compatibility,51006,base,random_content,16,0.29769718647003174,,,,
compatibility,51006,base,random_content,17,0.19287359714508057,,,,
compatibility,51006,base,random_content,18,1.3649696484208107e-05,,,,
compatibility,51006,base,random_content,19,5.310247388479183e-07,,,,
compatibility,51006,base,random_content,20,0.0006760286632925272,,,,
compatibility,51006,base,random_content,21,0.6084217429161072,,,,
compatibility,51006,base,random_content,22,0.22968360781669617,,,,
compatibility,51006,base,random_content,23,0.00034441493335179985,,,,
compatibility,51006,base,random_content,24,0.38962873816490173,,,,
compatibility,51006,base,random_content,25,0.4005960524082184,,,,
compatibility,51006,base,random_content,26,0.1818583756685257,,,,
compatibility,51006,base,random_content,27,0.0003476287529338151,,,,
compatibility,51006,base,no_plasticity,0,0.06615878641605377,,,,
compatibility,51006,base,no_plasticity,1,0.15105032920837402,,,,
compatibility,51006,base,no_plasticity,2,0.11059723794460297,,,,
compatibility,51006,base,no_plasticity,3,0.45107778906822205,,,,
compatibility,51006,base,no_plasticity,4,0.08843488246202469,,,,
compatibility,51006,base,no_plasticity,5,0.5689787864685059,,,,
compatibility,51006,base,no_plasticity,6,0.18525739014148712,,,,
compatibility,51006,base,no_plasticity,7,0.11093463748693466,,,,
compatibility,51006,base,no_plasticity,8,0.21494320034980774,,,,
compatibility,51006,base,no_plasticity,9,0.07372315973043442,,,,
compatibility,51006,base,no_plasticity,10,0.08321051299571991,,,,
compatibility,51006,base,no_plasticity,11,0.12668444216251373,,,,
compatibility,51006,base,no_plasticity,12,0.12051501870155334,,,,
compatibility,51006,base,no_plasticity,13,0.09906813502311707,,,,
compatibility,51006,base,no_plasticity,14,0.18293121457099915,,,,
compatibility,51006,base,no_plasticity,15,0.1809871643781662,,,,
compatibility,51006,base,no_plasticity,16,0.12912702560424805,,,,
compatibility,51006,base,no_plasticity,17,0.1340472251176834,,,,
compatibility,51006,base,no_plasticity,18,0.4284454882144928,,,,
compatibility,51006,base,no_plasticity,19,0.11630554497241974,,,,
compatibility,51006,base,no_plasticity,20,0.1680901199579239,,,,
compatibility,51006,base,no_plasticity,21,0.09225282818078995,,,,
compatibility,51006,base,no_plasticity,22,0.06913048774003983,,,,
compatibility,51006,base,no_plasticity,23,0.14491258561611176,,,,
compatibility,51006,base,no_plasticity,24,0.08002389222383499,,,,
compatibility,51006,base,no_plasticity,25,0.07602987438440323,,,,
compatibility,51006,base,no_plasticity,26,0.16060902178287506,,,,
compatibility,51006,base,no_plasticity,27,0.18513990938663483,,,,
cue_schedule,51006,base,swap,,,1,2,False,0.7649017572402954
cue_schedule,51006,base,swap,,,2,3,False,0.7986091375350952
cue_schedule,51006,base,swap,,,3,4,False,0.8555809855461121
cue_schedule,51006,base,swap,,,4,5,False,0.8108036518096924
cue_schedule,51006,base,swap,,,5,6,False,0.8031696081161499
cue_schedule,51006,base,swap,,,6,7,False,0.7630260586738586
cue_schedule,51006,base,swap,,,7,8,False,0.8103995323181152
cue_schedule,51006,base,swap,,,8,9,False,0.8596545457839966
cue_schedule,51006,base,swap,,,9,10,False,0.8388408422470093
cue_schedule,51006,base,swap,,,10,11,True,0.35014599561691284
cue_schedule,51006,base,swap,,,11,12,False,0.7716113328933716
cue_schedule,51006,base,swap,,,12,13,False,0.7886358499526978
cue_schedule,51006,base,swap,,,13,14,False,0.8606269955635071
cue_schedule,51006,base,swap,,,14,15,False,0.8553726077079773
cue_schedule,51006,base,swap,,,15,16,False,0.8448972105979919
cue_schedule,51006,base,swap,,,16,17,False,0.8619690537452698
cue_schedule,51006,base,swap,,,17,18,False,0.8334543108940125
cue_schedule,51006,base,swap,,,18,19,False,0.9139086008071899
cue_schedule,51006,base,swap,,,19,20,False,0.8425493836402893
cue_schedule,51006,base,swap,,,20,21,True,0.35360100865364075
cue_schedule,51006,base,swap,,,21,22,False,0.7487279772758484
cue_schedule,51006,base,swap,,,22,23,False,0.7721630930900574
cue_schedule,51006,base,swap,,,23,24,False,0.893445611000061
cue_schedule,51006,base,swap,,,24,25,False,0.8886716961860657
cue_schedule,51006,base,swap,,,25,26,False,0.860812783241272
cue_schedule,51006,base,swap,,,26,27,False,0.9048933386802673
cue_schedule,51006,base,swap,,,27,28,False,0.8646199107170105
cue_schedule,51006,base,swap,,,28,29,False,0.869255542755127
cue_schedule,51006,base,swap,,,29,30,False,0.8657433986663818
cue_schedule,51006,base,swap,,,30,31,True,0.316821813583374
cue_schedule,51006,base,swap,,,31,32,False,0.7446051239967346
cue_schedule,51006,base,swap,,,32,33,False,0.8937797546386719
cue_schedule,51006,base,swap,,,33,34,False,0.8278137445449829
cue_schedule,51006,base,swap,,,34,35,False,0.8456181287765503
cue_schedule,51006,base,swap,,,35,36,False,0.84746253490448
cue_schedule,51006,base,swap,,,36,37,False,0.8871670365333557
cue_schedule,51006,base,swap,,,37,38,False,0.8371219635009766
cue_schedule,51006,base,swap,,,38,39,False,0.8415685892105103
cue_schedule,51006,base,swap,,,39,40,False,0.8055379986763
cue_schedule,51006,base,no_swap,,,1,2,False,0.7649017572402954
cue_schedule,51006,base,no_swap,,,2,3,False,0.7986091375350952
cue_schedule,51006,base,no_swap,,,3,4,False,0.8555809855461121
cue_schedule,51006,base,no_swap,,,4,5,False,0.8108036518096924
cue_schedule,51006,base,no_swap,,,5,6,False,0.8031696081161499
cue_schedule,51006,base,no_swap,,,6,7,False,0.7630260586738586
cue_schedule,51006,base,no_swap,,,7,8,False,0.8103995323181152
cue_schedule,51006,base,no_swap,,,8,9,False,0.8596545457839966
cue_schedule,51006,base,no_swap,,,9,10,False,0.8388408422470093
cue_schedule,51006,base,no_swap,,,10,11,False,0.8407981991767883
cue_schedule,51006,base,no_swap,,,11,12,False,0.8571330308914185
cue_schedule,51006,base,no_swap,,,12,13,False,0.8562436103820801
cue_schedule,51006,base,no_swap,,,13,14,False,0.8499816656112671
cue_schedule,51006,base,no_swap,,,14,15,False,0.8344162702560425
cue_schedule,51006,base,no_swap,,,15,16,False,0.8655046224594116
cue_schedule,51006,base,no_swap,,,16,17,False,0.8294627666473389
cue_schedule,51006,base,no_swap,,,17,18,False,0.8266029357910156
cue_schedule,51006,base,no_swap,,,18,19,False,0.8762620687484741
cue_schedule,51006,base,no_swap,,,19,20,False,0.8718588352203369
cue_schedule,51006,base,no_swap,,,20,21,False,0.901467502117157
cue_schedule,51006,base,no_swap,,,21,22,False,0.8544023036956787
cue_schedule,51006,base,no_swap,,,22,23,False,0.8516471982002258
cue_schedule,51006,base,no_swap,,,23,24,False,0.9021766185760498
cue_schedule,51006,base,no_swap,,,24,25,False,0.8917044997215271
cue_schedule,51006,base,no_swap,,,25,26,False,0.859872043132782
cue_schedule,51006,base,no_swap,,,26,27,False,0.9019445776939392
cue_schedule,51006,base,no_swap,,,27,28,False,0.8594731688499451
cue_schedule,51006,base,no_swap,,,28,29,False,0.8708503246307373
cue_schedule,51006,base,no_swap,,,29,30,False,0.8663984537124634
cue_schedule,51006,base,no_swap,,,30,31,False,0.829114556312561
cue_schedule,51006,base,no_swap,,,31,32,False,0.8075302243232727
cue_schedule,51006,base,no_swap,,,32,33,False,0.9107434749603271
cue_schedule,51006,base,no_swap,,,33,34,False,0.8403317928314209
cue_schedule,51006,base,no_swap,,,34,35,False,0.8310343027114868
cue_schedule,51006,base,no_swap,,,35,36,False,0.8499082326889038
cue_schedule,51006,base,no_swap,,,36,37,False,0.8532283902168274
cue_schedule,51006,base,no_swap,,,37,38,False,0.8605518341064453
cue_schedule,51006,base,no_swap,,,38,39,False,0.8643036484718323
cue_schedule,51006,base,no_swap,,,39,40,False,0.8508870601654053
compatibility,51006,err2,aligned,0,0.6277227401733398,,,,
compatibility,51006,err2,aligned,1,0.1985766887664795,,,,
compatibility,51006,err2,aligned,2,0.6084760427474976,,,,
compatibility,51006,err2,aligned,3,0.48638632893562317,,,,
compatibility,51006,err2,aligned,4,0.5673626065254211,,,,
compatibility,51006,err2,aligned,5,0.6324067115783691,,,,
compatibility,51006,err2,aligned,6,0.6190922856330872,,,,
compatibility,51006,err2,aligned,7,0.542951762676239,,,,
compatibility,51006,err2,aligned,8,0.08690440654754639,,,,
compatibility,51006,err2,aligned,9,0.6054741740226746,,,,
compatibility,51006,err2,aligned,10,0.8343155980110168,,,,
compatibility,51006,err2,aligned,11,0.4539529085159302,,,,
compatibility,51006,err2,aligned,12,0.4480738937854767,,,,
compatibility,51006,err2,aligned,13,0.4707626700401306,,,,
compatibility,51006,err2,aligned,14,0.13237236440181732,,,,
compatibility,51006,err2,aligned,15,0.522429347038269,,,,
compatibility,51006,err2,aligned,16,0.45754382014274597,,,,
compatibility,51006,err2,aligned,17,0.09955759346485138,,,,
compatibility,51006,err2,aligned,18,0.38919389247894287,,,,
compatibility,51006,err2,aligned,19,0.0950540155172348,,,,
compatibility,51006,err2,aligned,20,0.5886967778205872,,,,
compatibility,51006,err2,aligned,21,0.7180628776550293,,,,
compatibility,51006,err2,aligned,22,0.46267983317375183,,,,
compatibility,51006,err2,aligned,23,0.4559488296508789,,,,
compatibility,51006,err2,aligned,24,0.6488166451454163,,,,
compatibility,51006,err2,aligned,25,0.4561678469181061,,,,
compatibility,51006,err2,aligned,26,0.49270859360694885,,,,
compatibility,51006,err2,aligned,27,0.6788815855979919,,,,
compatibility,51006,err2,fixed_permutation,0,0.0007996125495992601,,,,
compatibility,51006,err2,fixed_permutation,1,0.024912158027291298,,,,
compatibility,51006,err2,fixed_permutation,2,0.012303145602345467,,,,
compatibility,51006,err2,fixed_permutation,3,0.28701165318489075,,,,
compatibility,51006,err2,fixed_permutation,4,0.0006341487751342356,,,,
compatibility,51006,err2,fixed_permutation,5,3.049597034987528e-05,,,,
compatibility,51006,err2,fixed_permutation,6,0.005926148500293493,,,,
compatibility,51006,err2,fixed_permutation,7,2.9837001420673914e-05,,,,
compatibility,51006,err2,fixed_permutation,8,0.0002413946931483224,,,,
compatibility,51006,err2,fixed_permutation,9,0.0027720818761736155,,,,
compatibility,51006,err2,fixed_permutation,10,0.0002472296473570168,,,,
compatibility,51006,err2,fixed_permutation,11,0.41025179624557495,,,,
compatibility,51006,err2,fixed_permutation,12,0.3785973787307739,,,,
compatibility,51006,err2,fixed_permutation,13,0.3700844347476959,,,,
compatibility,51006,err2,fixed_permutation,14,0.009432986378669739,,,,
compatibility,51006,err2,fixed_permutation,15,0.0011996206594631076,,,,
compatibility,51006,err2,fixed_permutation,16,9.520865569356829e-05,,,,
compatibility,51006,err2,fixed_permutation,17,0.01673598773777485,,,,
compatibility,51006,err2,fixed_permutation,18,0.00043421052396297455,,,,
compatibility,51006,err2,fixed_permutation,19,0.012043050490319729,,,,
compatibility,51006,err2,fixed_permutation,20,0.0008340891799889505,,,,
compatibility,51006,err2,fixed_permutation,21,0.5088301301002502,,,,
compatibility,51006,err2,fixed_permutation,22,0.0032068025320768356,,,,
compatibility,51006,err2,fixed_permutation,23,0.011051063425838947,,,,
compatibility,51006,err2,fixed_permutation,24,0.0002596661215648055,,,,
compatibility,51006,err2,fixed_permutation,25,0.06900838762521744,,,,
compatibility,51006,err2,fixed_permutation,26,0.02624693140387535,,,,
compatibility,51006,err2,fixed_permutation,27,0.44725629687309265,,,,
compatibility,51006,err2,matched_decoder,0,0.6277228593826294,,,,
compatibility,51006,err2,matched_decoder,1,0.1985771507024765,,,,
compatibility,51006,err2,matched_decoder,2,0.6084760427474976,,,,
compatibility,51006,err2,matched_decoder,3,0.48638635873794556,,,,
compatibility,51006,err2,matched_decoder,4,0.5673624873161316,,,,
compatibility,51006,err2,matched_decoder,5,0.6324067115783691,,,,
compatibility,51006,err2,matched_decoder,6,0.6190923452377319,,,,
compatibility,51006,err2,matched_decoder,7,0.5429518222808838,,,,
compatibility,51006,err2,matched_decoder,8,0.08690452575683594,,,,
compatibility,51006,err2,matched_decoder,9,0.6054741144180298,,,,
compatibility,51006,err2,matched_decoder,10,0.8343155384063721,,,,
compatibility,51006,err2,matched_decoder,11,0.4539529085159302,,,,
compatibility,51006,err2,matched_decoder,12,0.4480738937854767,,,,
compatibility,51006,err2,matched_decoder,13,0.4707627296447754,,,,
compatibility,51006,err2,matched_decoder,14,0.1323726773262024,,,,
compatibility,51006,err2,matched_decoder,15,0.5224295854568481,,,,
compatibility,51006,err2,matched_decoder,16,0.4575437605381012,,,,
compatibility,51006,err2,matched_decoder,17,0.09955774992704391,,,,
compatibility,51006,err2,matched_decoder,18,0.38919442892074585,,,,
compatibility,51006,err2,matched_decoder,19,0.09505363553762436,,,,
compatibility,51006,err2,matched_decoder,20,0.5886968970298767,,,,
compatibility,51006,err2,matched_decoder,21,0.7180627584457397,,,,
compatibility,51006,err2,matched_decoder,22,0.4626798927783966,,,,
compatibility,51006,err2,matched_decoder,23,0.4559488892555237,,,,
compatibility,51006,err2,matched_decoder,24,0.648816704750061,,,,
compatibility,51006,err2,matched_decoder,25,0.4561677873134613,,,,
compatibility,51006,err2,matched_decoder,26,0.4927084743976593,,,,
compatibility,51006,err2,matched_decoder,27,0.6788815855979919,,,,
compatibility,51006,err2,random_content,0,0.00037315284134820104,,,,
compatibility,51006,err2,random_content,1,0.0004425525257829577,,,,
compatibility,51006,err2,random_content,2,0.0003116585430689156,,,,
compatibility,51006,err2,random_content,3,0.33349674940109253,,,,
compatibility,51006,err2,random_content,4,0.0024747999850660563,,,,
compatibility,51006,err2,random_content,5,1.4276851288741454e-05,,,,
compatibility,51006,err2,random_content,6,5.836577474838123e-05,,,,
compatibility,51006,err2,random_content,7,0.5685415863990784,,,,
compatibility,51006,err2,random_content,8,3.564202188499621e-06,,,,
compatibility,51006,err2,random_content,9,2.5361916414112784e-05,,,,
compatibility,51006,err2,random_content,10,0.06423098593950272,,,,
compatibility,51006,err2,random_content,11,0.02006874978542328,,,,
compatibility,51006,err2,random_content,12,0.021335290744900703,,,,
compatibility,51006,err2,random_content,13,0.4373980164527893,,,,
compatibility,51006,err2,random_content,14,3.308004670543596e-05,,,,
compatibility,51006,err2,random_content,15,8.316023922816385e-07,,,,
compatibility,51006,err2,random_content,16,0.17222188413143158,,,,
compatibility,51006,err2,random_content,17,0.016395874321460724,,,,
compatibility,51006,err2,random_content,18,1.5171382017342694e-07,,,,
compatibility,51006,err2,random_content,19,2.6432978756929515e-06,,,,
compatibility,51006,err2,random_content,20,6.0655813285848126e-05,,,,
compatibility,51006,err2,random_content,21,0.437684029340744,,,,
compatibility,51006,err2,random_content,22,0.003972882404923439,,,,
compatibility,51006,err2,random_content,23,0.0030775577761232853,,,,
compatibility,51006,err2,random_content,24,0.25269871950149536,,,,
compatibility,51006,err2,random_content,25,0.09179285168647766,,,,
compatibility,51006,err2,random_content,26,0.23812715709209442,,,,
compatibility,51006,err2,random_content,27,0.0001248072658199817,,,,
compatibility,51006,err2,no_plasticity,0,0.06615878641605377,,,,
compatibility,51006,err2,no_plasticity,1,0.15105032920837402,,,,
compatibility,51006,err2,no_plasticity,2,0.11059723794460297,,,,
compatibility,51006,err2,no_plasticity,3,0.45107778906822205,,,,
compatibility,51006,err2,no_plasticity,4,0.08843488246202469,,,,
compatibility,51006,err2,no_plasticity,5,0.5689787864685059,,,,
compatibility,51006,err2,no_plasticity,6,0.18525739014148712,,,,
compatibility,51006,err2,no_plasticity,7,0.11093463748693466,,,,
compatibility,51006,err2,no_plasticity,8,0.21494320034980774,,,,
compatibility,51006,err2,no_plasticity,9,0.07372315973043442,,,,
compatibility,51006,err2,no_plasticity,10,0.08321051299571991,,,,
compatibility,51006,err2,no_plasticity,11,0.12668444216251373,,,,
compatibility,51006,err2,no_plasticity,12,0.12051501870155334,,,,
compatibility,51006,err2,no_plasticity,13,0.09906813502311707,,,,
compatibility,51006,err2,no_plasticity,14,0.18293121457099915,,,,
compatibility,51006,err2,no_plasticity,15,0.1809871643781662,,,,
compatibility,51006,err2,no_plasticity,16,0.12912702560424805,,,,
compatibility,51006,err2,no_plasticity,17,0.1340472251176834,,,,
compatibility,51006,err2,no_plasticity,18,0.4284454882144928,,,,
compatibility,51006,err2,no_plasticity,19,0.11630554497241974,,,,
compatibility,51006,err2,no_plasticity,20,0.1680901199579239,,,,
compatibility,51006,err2,no_plasticity,21,0.09225282818078995,,,,
compatibility,51006,err2,no_plasticity,22,0.06913048774003983,,,,
compatibility,51006,err2,no_plasticity,23,0.14491258561611176,,,,
compatibility,51006,err2,no_plasticity,24,0.08002389222383499,,,,
compatibility,51006,err2,no_plasticity,25,0.07602987438440323,,,,
compatibility,51006,err2,no_plasticity,26,0.16060902178287506,,,,
compatibility,51006,err2,no_plasticity,27,0.18513990938663483,,,,
cue_schedule,51006,err2,swap,,,1,2,False,0.7043004631996155
cue_schedule,51006,err2,swap,,,2,3,False,0.7633979320526123
cue_schedule,51006,err2,swap,,,3,4,False,0.829195499420166
cue_schedule,51006,err2,swap,,,4,5,False,0.7862352132797241
cue_schedule,51006,err2,swap,,,5,6,False,0.784634530544281
cue_schedule,51006,err2,swap,,,6,7,False,0.7934648394584656
cue_schedule,51006,err2,swap,,,7,8,False,0.763011634349823
cue_schedule,51006,err2,swap,,,8,9,False,0.7468052506446838
cue_schedule,51006,err2,swap,,,9,10,False,0.7946586608886719
cue_schedule,51006,err2,swap,,,10,11,True,0.4055325984954834
cue_schedule,51006,err2,swap,,,11,12,False,0.7165494561195374
cue_schedule,51006,err2,swap,,,12,13,False,0.7946189045906067
cue_schedule,51006,err2,swap,,,13,14,False,0.7537757754325867
cue_schedule,51006,err2,swap,,,14,15,False,0.7978690266609192
cue_schedule,51006,err2,swap,,,15,16,False,0.7944820523262024
cue_schedule,51006,err2,swap,,,16,17,False,0.7555323243141174
cue_schedule,51006,err2,swap,,,17,18,False,0.8055036067962646
cue_schedule,51006,err2,swap,,,18,19,False,0.7857357859611511
cue_schedule,51006,err2,swap,,,19,20,False,0.7824565172195435
cue_schedule,51006,err2,swap,,,20,21,True,0.38724449276924133
cue_schedule,51006,err2,swap,,,21,22,False,0.8012976050376892
cue_schedule,51006,err2,swap,,,22,23,False,0.7968342304229736
cue_schedule,51006,err2,swap,,,23,24,False,0.7763634324073792
cue_schedule,51006,err2,swap,,,24,25,False,0.796959400177002
cue_schedule,51006,err2,swap,,,25,26,False,0.8296707272529602
cue_schedule,51006,err2,swap,,,26,27,False,0.8225366473197937
cue_schedule,51006,err2,swap,,,27,28,False,0.843756914138794
cue_schedule,51006,err2,swap,,,28,29,False,0.8527976274490356
cue_schedule,51006,err2,swap,,,29,30,False,0.8294416666030884
cue_schedule,51006,err2,swap,,,30,31,True,0.37650763988494873
cue_schedule,51006,err2,swap,,,31,32,False,0.8138849139213562
cue_schedule,51006,err2,swap,,,32,33,False,0.8131493330001831
cue_schedule,51006,err2,swap,,,33,34,False,0.7955403923988342
cue_schedule,51006,err2,swap,,,34,35,False,0.7532515525817871
cue_schedule,51006,err2,swap,,,35,36,False,0.7602166533470154
cue_schedule,51006,err2,swap,,,36,37,False,0.8325394988059998
cue_schedule,51006,err2,swap,,,37,38,False,0.844075083732605
cue_schedule,51006,err2,swap,,,38,39,False,0.8332890868186951
cue_schedule,51006,err2,swap,,,39,40,False,0.7915219664573669
cue_schedule,51006,err2,no_swap,,,1,2,False,0.7043004631996155
cue_schedule,51006,err2,no_swap,,,2,3,False,0.7633979320526123
cue_schedule,51006,err2,no_swap,,,3,4,False,0.829195499420166
cue_schedule,51006,err2,no_swap,,,4,5,False,0.7862352132797241
cue_schedule,51006,err2,no_swap,,,5,6,False,0.784634530544281
cue_schedule,51006,err2,no_swap,,,6,7,False,0.7934648394584656
cue_schedule,51006,err2,no_swap,,,7,8,False,0.763011634349823
cue_schedule,51006,err2,no_swap,,,8,9,False,0.7468052506446838
cue_schedule,51006,err2,no_swap,,,9,10,False,0.7946586608886719
cue_schedule,51006,err2,no_swap,,,10,11,False,0.8313470482826233
cue_schedule,51006,err2,no_swap,,,11,12,False,0.8096824884414673
cue_schedule,51006,err2,no_swap,,,12,13,False,0.8068986535072327
cue_schedule,51006,err2,no_swap,,,13,14,False,0.8006330728530884
cue_schedule,51006,err2,no_swap,,,14,15,False,0.7961422801017761
cue_schedule,51006,err2,no_swap,,,15,16,False,0.7748385071754456
cue_schedule,51006,err2,no_swap,,,16,17,False,0.768006443977356
cue_schedule,51006,err2,no_swap,,,17,18,False,0.7878120541572571
cue_schedule,51006,err2,no_swap,,,18,19,False,0.7751091718673706
cue_schedule,51006,err2,no_swap,,,19,20,False,0.8071277737617493
cue_schedule,51006,err2,no_swap,,,20,21,False,0.8053013682365417
cue_schedule,51006,err2,no_swap,,,21,22,False,0.79784095287323
cue_schedule,51006,err2,no_swap,,,22,23,False,0.7866334319114685
cue_schedule,51006,err2,no_swap,,,23,24,False,0.7707095146179199
cue_schedule,51006,err2,no_swap,,,24,25,False,0.8139322400093079
cue_schedule,51006,err2,no_swap,,,25,26,False,0.8269895911216736
cue_schedule,51006,err2,no_swap,,,26,27,False,0.8349536657333374
cue_schedule,51006,err2,no_swap,,,27,28,False,0.8462287187576294
cue_schedule,51006,err2,no_swap,,,28,29,False,0.8421186208724976
cue_schedule,51006,err2,no_swap,,,29,30,False,0.8138281106948853
cue_schedule,51006,err2,no_swap,,,30,31,False,0.7998645901679993
cue_schedule,51006,err2,no_swap,,,31,32,False,0.8165174126625061
cue_schedule,51006,err2,no_swap,,,32,33,False,0.8439174890518188
cue_schedule,51006,err2,no_swap,,,33,34,False,0.8478867411613464
cue_schedule,51006,err2,no_swap,,,34,35,False,0.8120220899581909
cue_schedule,51006,err2,no_swap,,,35,36,False,0.8237437605857849
cue_schedule,51006,err2,no_swap,,,36,37,False,0.8497867584228516
cue_schedule,51006,err2,no_swap,,,37,38,False,0.8587332367897034
cue_schedule,51006,err2,no_swap,,,38,39,False,0.8530551195144653
cue_schedule,51006,err2,no_swap,,,39,40,False,0.8336564898490906
compatibility,51007,base,aligned,0,0.7380099892616272,,,,
compatibility,51007,base,aligned,1,0.8171101212501526,,,,
compatibility,51007,base,aligned,2,0.6623128056526184,,,,
compatibility,51007,base,aligned,3,0.9165141582489014,,,,
compatibility,51007,base,aligned,4,0.8075957298278809,,,,
compatibility,51007,base,aligned,5,0.7045558094978333,,,,
compatibility,51007,base,aligned,6,0.6543042063713074,,,,
compatibility,51007,base,aligned,7,0.6741138100624084,,,,
compatibility,51007,base,aligned,8,0.8201333284378052,,,,
compatibility,51007,base,aligned,9,0.993354856967926,,,,
compatibility,51007,base,aligned,10,0.883492112159729,,,,
compatibility,51007,base,aligned,11,0.9123976230621338,,,,
compatibility,51007,base,aligned,12,0.7904570698738098,,,,
compatibility,51007,base,aligned,13,0.7935757040977478,,,,
compatibility,51007,base,aligned,14,0.994208574295044,,,,
compatibility,51007,base,aligned,15,0.6648935675621033,,,,
compatibility,51007,base,aligned,16,0.886019766330719,,,,
compatibility,51007,base,aligned,17,0.699144721031189,,,,
compatibility,51007,base,aligned,18,0.7208284735679626,,,,
compatibility,51007,base,aligned,19,0.6995823979377747,,,,
compatibility,51007,base,aligned,20,0.8765783309936523,,,,
compatibility,51007,base,aligned,21,0.5234922766685486,,,,
compatibility,51007,base,aligned,22,0.8141002058982849,,,,
compatibility,51007,base,aligned,23,0.9028103947639465,,,,
compatibility,51007,base,aligned,24,0.9438527822494507,,,,
compatibility,51007,base,aligned,25,0.7328622341156006,,,,
compatibility,51007,base,aligned,26,0.9293545484542847,,,,
compatibility,51007,base,aligned,27,0.656311571598053,,,,
compatibility,51007,base,fixed_permutation,0,0.29949334263801575,,,,
compatibility,51007,base,fixed_permutation,1,0.20059888064861298,,,,
compatibility,51007,base,fixed_permutation,2,0.2216414511203766,,,,
compatibility,51007,base,fixed_permutation,3,0.00039365139673464,,,,
compatibility,51007,base,fixed_permutation,4,0.0029819782357662916,,,,
compatibility,51007,base,fixed_permutation,5,0.000558796338737011,,,,
compatibility,51007,base,fixed_permutation,6,0.005462647881358862,,,,
compatibility,51007,base,fixed_permutation,7,0.16972941160202026,,,,
compatibility,51007,base,fixed_permutation,8,0.04152267426252365,,,,
compatibility,51007,base,fixed_permutation,9,0.024518169462680817,,,,
compatibility,51007,base,fixed_permutation,10,0.03688419237732887,,,,
compatibility,51007,base,fixed_permutation,11,0.022186269983649254,,,,
compatibility,51007,base,fixed_permutation,12,0.05898623168468475,,,,
compatibility,51007,base,fixed_permutation,13,0.33536940813064575,,,,
compatibility,51007,base,fixed_permutation,14,0.32406213879585266,,,,
compatibility,51007,base,fixed_permutation,15,0.0017720391042530537,,,,
compatibility,51007,base,fixed_permutation,16,0.0316045843064785,,,,
compatibility,51007,base,fixed_permutation,17,0.19126546382904053,,,,
compatibility,51007,base,fixed_permutation,18,0.4657512903213501,,,,
compatibility,51007,base,fixed_permutation,19,0.1879226565361023,,,,
compatibility,51007,base,fixed_permutation,20,3.780367023864528e-07,,,,
compatibility,51007,base,fixed_permutation,21,0.019590528681874275,,,,
compatibility,51007,base,fixed_permutation,22,0.324136346578598,,,,
compatibility,51007,base,fixed_permutation,23,0.010087891481816769,,,,
compatibility,51007,base,fixed_permutation,24,0.16365721821784973,,,,
compatibility,51007,base,fixed_permutation,25,0.11378350108861923,,,,
compatibility,51007,base,fixed_permutation,26,0.0030743738170713186,,,,
compatibility,51007,base,fixed_permutation,27,0.2671974003314972,,,,
compatibility,51007,base,matched_decoder,0,0.7380099296569824,,,,
compatibility,51007,base,matched_decoder,1,0.8171101212501526,,,,
compatibility,51007,base,matched_decoder,2,0.6623127460479736,,,,
compatibility,51007,base,matched_decoder,3,0.9165141582489014,,,,
compatibility,51007,base,matched_decoder,4,0.8075957298278809,,,,
compatibility,51007,base,matched_decoder,5,0.7045556902885437,,,,
compatibility,51007,base,matched_decoder,6,0.6543042659759521,,,,
compatibility,51007,base,matched_decoder,7,0.6741138100624084,,,,
compatibility,51007,base,matched_decoder,8,0.8201333284378052,,,,
compatibility,51007,base,matched_decoder,9,0.993354856967926,,,,
compatibility,51007,base,matched_decoder,10,0.8834922909736633,,,,
compatibility,51007,base,matched_decoder,11,0.9123976230621338,,,,
compatibility,51007,base,matched_decoder,12,0.790457010269165,,,,
compatibility,51007,base,matched_decoder,13,0.7935757637023926,,,,
compatibility,51007,base,matched_decoder,14,0.994208574295044,,,,
compatibility,51007,base,matched_decoder,15,0.6648935675621033,,,,
compatibility,51007,base,matched_decoder,16,0.886019766330719,,,,
compatibility,51007,base,matched_decoder,17,0.699144721031189,,,,
compatibility,51007,base,matched_decoder,18,0.7208285927772522,,,,
compatibility,51007,base,matched_decoder,19,0.6995823979377747,,,,
compatibility,51007,base,matched_decoder,20,0.8765782713890076,,,,
compatibility,51007,base,matched_decoder,21,0.5234922766685486,,,,
compatibility,51007,base,matched_decoder,22,0.8141002058982849,,,,
compatibility,51007,base,matched_decoder,23,0.9028104543685913,,,,
compatibility,51007,base,matched_decoder,24,0.9438527822494507,,,,
compatibility,51007,base,matched_decoder,25,0.7328622341156006,,,,
compatibility,51007,base,matched_decoder,26,0.9293544292449951,,,,
compatibility,51007,base,matched_decoder,27,0.6563114523887634,,,,
compatibility,51007,base,random_content,0,0.7842583060264587,,,,
compatibility,51007,base,random_content,1,0.31159836053848267,,,,
compatibility,51007,base,random_content,2,0.11071709543466568,,,,
compatibility,51007,base,random_content,3,0.11224734783172607,,,,
compatibility,51007,base,random_content,4,0.1915218085050583,,,,
compatibility,51007,base,random_content,5,0.17708635330200195,,,,
compatibility,51007,base,random_content,6,4.503204309003195e-06,,,,
compatibility,51007,base,random_content,7,0.18193693459033966,,,,
compatibility,51007,base,random_content,8,0.04848106577992439,,,,
compatibility,51007,base,random_content,9,0.2232709378004074,,,,
compatibility,51007,base,random_content,10,0.002051382791250944,,,,
compatibility,51007,base,random_content,11,0.47959238290786743,,,,
compatibility,51007,base,random_content,12,0.00021209717669989914,,,,
compatibility,51007,base,random_content,13,0.18467651307582855,,,,
compatibility,51007,base,random_content,14,0.42253175377845764,,,,
compatibility,51007,base,random_content,15,0.024803444743156433,,,,
compatibility,51007,base,random_content,16,0.22178241610527039,,,,
compatibility,51007,base,random_content,17,0.3582737445831299,,,,
compatibility,51007,base,random_content,18,0.5510076880455017,,,,
compatibility,51007,base,random_content,19,0.15815965831279755,,,,
compatibility,51007,base,random_content,20,0.04386700689792633,,,,
compatibility,51007,base,random_content,21,0.014286951161921024,,,,
compatibility,51007,base,random_content,22,0.24175846576690674,,,,
compatibility,51007,base,random_content,23,0.04818572849035263,,,,
compatibility,51007,base,random_content,24,0.16368576884269714,,,,
compatibility,51007,base,random_content,25,0.18476402759552002,,,,
compatibility,51007,base,random_content,26,9.763467096490785e-05,,,,
compatibility,51007,base,random_content,27,0.20295992493629456,,,,
compatibility,51007,base,no_plasticity,0,0.13923728466033936,,,,
compatibility,51007,base,no_plasticity,1,0.1271248757839203,,,,
compatibility,51007,base,no_plasticity,2,0.14199703931808472,,,,
compatibility,51007,base,no_plasticity,3,0.2825685441493988,,,,
compatibility,51007,base,no_plasticity,4,0.4001803696155548,,,,
compatibility,51007,base,no_plasticity,5,0.34982138872146606,,,,
compatibility,51007,base,no_plasticity,6,0.10764975100755692,,,,
compatibility,51007,base,no_plasticity,7,0.22938889265060425,,,,
compatibility,51007,base,no_plasticity,8,0.22293099761009216,,,,
compatibility,51007,base,no_plasticity,9,0.12979650497436523,,,,
compatibility,51007,base,no_plasticity,10,0.3331826329231262,,,,
compatibility,51007,base,no_plasticity,11,0.2603186070919037,,,,
compatibility,51007,base,no_plasticity,12,0.1100228801369667,,,,
compatibility,51007,base,no_plasticity,13,0.44065696001052856,,,,
compatibility,51007,base,no_plasticity,14,0.09314233809709549,,,,
compatibility,51007,base,no_plasticity,15,0.3130810558795929,,,,
compatibility,51007,base,no_plasticity,16,0.24382159113883972,,,,
compatibility,51007,base,no_plasticity,17,0.12676876783370972,,,,
compatibility,51007,base,no_plasticity,18,0.10363263636827469,,,,
compatibility,51007,base,no_plasticity,19,0.10444556921720505,,,,
compatibility,51007,base,no_plasticity,20,0.2776176929473877,,,,
compatibility,51007,base,no_plasticity,21,0.1792231947183609,,,,
compatibility,51007,base,no_plasticity,22,0.18048791587352753,,,,
compatibility,51007,base,no_plasticity,23,0.07075396180152893,,,,
compatibility,51007,base,no_plasticity,24,0.13703379034996033,,,,
compatibility,51007,base,no_plasticity,25,0.3225753903388977,,,,
compatibility,51007,base,no_plasticity,26,0.1152416318655014,,,,
compatibility,51007,base,no_plasticity,27,0.13721701502799988,,,,
cue_schedule,51007,base,swap,,,1,2,False,0.837277889251709
cue_schedule,51007,base,swap,,,2,3,False,0.8458919525146484
cue_schedule,51007,base,swap,,,3,4,False,0.8437048196792603
cue_schedule,51007,base,swap,,,4,5,False,0.815666139125824
cue_schedule,51007,base,swap,,,5,6,False,0.7660081386566162
cue_schedule,51007,base,swap,,,6,7,False,0.8321713805198669
cue_schedule,51007,base,swap,,,7,8,False,0.8463581800460815
cue_schedule,51007,base,swap,,,8,9,False,0.874424159526825
cue_schedule,51007,base,swap,,,9,10,False,0.8343361616134644
cue_schedule,51007,base,swap,,,10,11,True,0.37969833612442017
cue_schedule,51007,base,swap,,,11,12,False,0.8037971258163452
cue_schedule,51007,base,swap,,,12,13,False,0.8702608346939087
cue_schedule,51007,base,swap,,,13,14,False,0.8873599171638489
cue_schedule,51007,base,swap,,,14,15,False,0.9231953620910645
cue_schedule,51007,base,swap,,,15,16,False,0.8887084722518921
cue_schedule,51007,base,swap,,,16,17,False,0.8919627666473389
cue_schedule,51007,base,swap,,,17,18,False,0.8696504235267639
cue_schedule,51007,base,swap,,,18,19,False,0.8412426114082336
cue_schedule,51007,base,swap,,,19,20,False,0.8696817755699158
cue_schedule,51007,base,swap,,,20,21,True,0.3165789246559143
cue_schedule,51007,base,swap,,,21,22,False,0.7614953517913818
cue_schedule,51007,base,swap,,,22,23,False,0.8384108543395996
cue_schedule,51007,base,swap,,,23,24,False,0.8358137011528015
cue_schedule,51007,base,swap,,,24,25,False,0.8185253143310547
cue_schedule,51007,base,swap,,,25,26,False,0.7993190288543701
cue_schedule,51007,base,swap,,,26,27,False,0.8569011688232422
cue_schedule,51007,base,swap,,,27,28,False,0.8697282671928406
cue_schedule,51007,base,swap,,,28,29,False,0.9061027765274048
cue_schedule,51007,base,swap,,,29,30,False,0.8862247467041016
cue_schedule,51007,base,swap,,,30,31,True,0.37422850728034973
cue_schedule,51007,base,swap,,,31,32,False,0.7591726779937744
cue_schedule,51007,base,swap,,,32,33,False,0.8205676078796387
cue_schedule,51007,base,swap,,,33,34,False,0.8570803999900818
cue_schedule,51007,base,swap,,,34,35,False,0.8650100231170654
cue_schedule,51007,base,swap,,,35,36,False,0.8084021210670471
cue_schedule,51007,base,swap,,,36,37,False,0.8864841461181641
cue_schedule,51007,base,swap,,,37,38,False,0.8792481422424316
cue_schedule,51007,base,swap,,,38,39,False,0.8397461771965027
cue_schedule,51007,base,swap,,,39,40,False,0.9004036784172058
cue_schedule,51007,base,no_swap,,,1,2,False,0.837277889251709
cue_schedule,51007,base,no_swap,,,2,3,False,0.8458919525146484
cue_schedule,51007,base,no_swap,,,3,4,False,0.8437048196792603
cue_schedule,51007,base,no_swap,,,4,5,False,0.815666139125824
cue_schedule,51007,base,no_swap,,,5,6,False,0.7660081386566162
cue_schedule,51007,base,no_swap,,,6,7,False,0.8321713805198669
cue_schedule,51007,base,no_swap,,,7,8,False,0.8463581800460815
cue_schedule,51007,base,no_swap,,,8,9,False,0.874424159526825
cue_schedule,51007,base,no_swap,,,9,10,False,0.8343361616134644
cue_schedule,51007,base,no_swap,,,10,11,False,0.8520258069038391
cue_schedule,51007,base,no_swap,,,11,12,False,0.8193121552467346
cue_schedule,51007,base,no_swap,,,12,13,False,0.8361732959747314
cue_schedule,51007,base,no_swap,,,13,14,False,0.8107926249504089
cue_schedule,51007,base,no_swap,,,14,15,False,0.8397905230522156
cue_schedule,51007,base,no_swap,,,15,16,False,0.843006432056427
cue_schedule,51007,base,no_swap,,,16,17,False,0.861970841884613
cue_schedule,51007,base,no_swap,,,17,18,False,0.9081001877784729
cue_schedule,51007,base,no_swap,,,18,19,False,0.8382183313369751
cue_schedule,51007,base,no_swap,,,19,20,False,0.8558926582336426
cue_schedule,51007,base,no_swap,,,20,21,False,0.8625327944755554
cue_schedule,51007,base,no_swap,,,21,22,False,0.8564900159835815
cue_schedule,51007,base,no_swap,,,22,23,False,0.8569652438163757
cue_schedule,51007,base,no_swap,,,23,24,False,0.8115950226783752
cue_schedule,51007,base,no_swap,,,24,25,False,0.8138970136642456
cue_schedule,51007,base,no_swap,,,25,26,False,0.8059017062187195
cue_schedule,51007,base,no_swap,,,26,27,False,0.8676318526268005
cue_schedule,51007,base,no_swap,,,27,28,False,0.8633193969726562
cue_schedule,51007,base,no_swap,,,28,29,False,0.9047151207923889
cue_schedule,51007,base,no_swap,,,29,30,False,0.8860489726066589
cue_schedule,51007,base,no_swap,,,30,31,False,0.8563697934150696
cue_schedule,51007,base,no_swap,,,31,32,False,0.7785379886627197
cue_schedule,51007,base,no_swap,,,32,33,False,0.860103964805603
cue_schedule,51007,base,no_swap,,,33,34,False,0.831311047077179
cue_schedule,51007,base,no_swap,,,34,35,False,0.8389017581939697
cue_schedule,51007,base,no_swap,,,35,36,False,0.8643292784690857
cue_schedule,51007,base,no_swap,,,36,37,False,0.8620314002037048
cue_schedule,51007,base,no_swap,,,37,38,False,0.8431739807128906
cue_schedule,51007,base,no_swap,,,38,39,False,0.8853177428245544
cue_schedule,51007,base,no_swap,,,39,40,False,0.8329118490219116
compatibility,51007,err2,aligned,0,0.5516018867492676,,,,
compatibility,51007,err2,aligned,1,0.6790822148323059,,,,
compatibility,51007,err2,aligned,2,0.5042750239372253,,,,
compatibility,51007,err2,aligned,3,0.49793997406959534,,,,
compatibility,51007,err2,aligned,4,0.6111235022544861,,,,
compatibility,51007,err2,aligned,5,0.4915640354156494,,,,
compatibility,51007,err2,aligned,6,0.588283360004425,,,,
compatibility,51007,err2,aligned,7,0.6312083601951599,,,,
compatibility,51007,err2,aligned,8,0.44655266404151917,,,,
compatibility,51007,err2,aligned,9,0.6031457185745239,,,,
compatibility,51007,err2,aligned,10,0.4339887499809265,,,,
compatibility,51007,err2,aligned,11,0.4488173723220825,,,,
compatibility,51007,err2,aligned,12,0.00030350108863785863,,,,
compatibility,51007,err2,aligned,13,0.7285698652267456,,,,
compatibility,51007,err2,aligned,14,0.6159031391143799,,,,
compatibility,51007,err2,aligned,15,0.45324191451072693,,,,
compatibility,51007,err2,aligned,16,0.4631304442882538,,,,
compatibility,51007,err2,aligned,17,0.44747862219810486,,,,
compatibility,51007,err2,aligned,18,0.5896072387695312,,,,
compatibility,51007,err2,aligned,19,0.6608328223228455,,,,
compatibility,51007,err2,aligned,20,0.44756579399108887,,,,
compatibility,51007,err2,aligned,21,0.44365209341049194,,,,
compatibility,51007,err2,aligned,22,0.5857664942741394,,,,
compatibility,51007,err2,aligned,23,0.08154838532209396,,,,
compatibility,51007,err2,aligned,24,0.9886032938957214,,,,
compatibility,51007,err2,aligned,25,0.5283150672912598,,,,
compatibility,51007,err2,aligned,26,0.6478100419044495,,,,
compatibility,51007,err2,aligned,27,0.4579404294490814,,,,
compatibility,51007,err2,fixed_permutation,0,9.155820589512587e-05,,,,
compatibility,51007,err2,fixed_permutation,1,0.001701710862107575,,,,
compatibility,51007,err2,fixed_permutation,2,0.02541421912610531,,,,
compatibility,51007,err2,fixed_permutation,3,0.012370290234684944,,,,
compatibility,51007,err2,fixed_permutation,4,0.001506427419371903,,,,
compatibility,51007,err2,fixed_permutation,5,0.005764522589743137,,,,
compatibility,51007,err2,fixed_permutation,6,0.0010567508870735765,,,,
compatibility,51007,err2,fixed_permutation,7,7.734864630037919e-05,,,,
compatibility,51007,err2,fixed_permutation,8,0.01845252886414528,,,,
compatibility,51007,err2,fixed_permutation,9,0.00020931997278239578,,,,
compatibility,51007,err2,fixed_permutation,10,0.07285478711128235,,,,
compatibility,51007,err2,fixed_permutation,11,0.12174762785434723,,,,
compatibility,51007,err2,fixed_permutation,12,0.020007440820336342,,,,
compatibility,51007,err2,fixed_permutation,13,0.09845505654811859,,,,
compatibility,51007,err2,fixed_permutation,14,0.005780670326203108,,,,
compatibility,51007,err2,fixed_permutation,15,1.968108699657023e-05,,,,
compatibility,51007,err2,fixed_permutation,16,0.0028283833526074886,,,,
compatibility,51007,err2,fixed_permutation,17,0.30458059906959534,,,,
compatibility,51007,err2,fixed_permutation,18,0.042431849986314774,,,,
compatibility,51007,err2,fixed_permutation,19,0.00017879085498861969,,,,
compatibility,51007,err2,fixed_permutation,20,0.0004540151567198336,,,,
compatibility,51007,err2,fixed_permutation,21,0.0003533344133757055,,,,
compatibility,51007,err2,fixed_permutation,22,0.4473845958709717,,,,
compatibility,51007,err2,fixed_permutation,23,0.006319649051874876,,,,
compatibility,51007,err2,fixed_permutation,24,0.0005994242965243757,,,,
compatibility,51007,err2,fixed_permutation,25,0.00031872643739916384,,,,
compatibility,51007,err2,fixed_permutation,26,0.005661938339471817,,,,
compatibility,51007,err2,fixed_permutation,27,0.007012086920440197,,,,
compatibility,51007,err2,matched_decoder,0,0.551601767539978,,,,
compatibility,51007,err2,matched_decoder,1,0.6790822744369507,,,,
compatibility,51007,err2,matched_decoder,2,0.5042750835418701,,,,
compatibility,51007,err2,matched_decoder,3,0.49793994426727295,,,,
compatibility,51007,err2,matched_decoder,4,0.6111240386962891,,,,
compatibility,51007,err2,matched_decoder,5,0.49156415462493896,,,,
compatibility,51007,err2,matched_decoder,6,0.5882837176322937,,,,
compatibility,51007,err2,matched_decoder,7,0.6312083601951599,,,,
compatibility,51007,err2,matched_decoder,8,0.4465526342391968,,,,
compatibility,51007,err2,matched_decoder,9,0.6031455397605896,,,,
compatibility,51007,err2,matched_decoder,10,0.4339887499809265,,,,
compatibility,51007,err2,matched_decoder,11,0.4488173723220825,,,,
compatibility,51007,err2,matched_decoder,12,0.0003035003610420972,,,,
compatibility,51007,err2,matched_decoder,13,0.7285699844360352,,,,
compatibility,51007,err2,matched_decoder,14,0.6159031391143799,,,,
compatibility,51007,err2,matched_decoder,15,0.4532419443130493,,,,
compatibility,51007,err2,matched_decoder,16,0.4631304442882538,,,,
compatibility,51007,err2,matched_decoder,17,0.44747865200042725,,,,
compatibility,51007,err2,matched_decoder,18,0.589607298374176,,,,
compatibility,51007,err2,matched_decoder,19,0.6608328819274902,,,,
compatibility,51007,err2,matched_decoder,20,0.44756579399108887,,,,
compatibility,51007,err2,matched_decoder,21,0.44365209341049194,,,,
compatibility,51007,err2,matched_decoder,22,0.585766613483429,,,,
compatibility,51007,err2,matched_decoder,23,0.08154837042093277,,,,
compatibility,51007,err2,matched_decoder,24,0.9886033535003662,,,,
compatibility,51007,err2,matched_decoder,25,0.5283151268959045,,,,
compatibility,51007,err2,matched_decoder,26,0.6478100419044495,,,,
compatibility,51007,err2,matched_decoder,27,0.4579404294490814,,,,
compatibility,51007,err2,random_content,0,0.446818083524704,,,,
compatibility,51007,err2,random_content,1,0.00010163584374822676,,,,
compatibility,51007,err2,random_content,2,0.003372308099642396,,,,
compatibility,51007,err2,random_content,3,6.294967533904128e-06,,,,
compatibility,51007,err2,random_content,4,0.10980425029993057,,,,
compatibility,51007,err2,random_content,5,0.0031684860587120056,,,,
compatibility,51007,err2,random_content,6,0.002764127915725112,,,,
compatibility,51007,err2,random_content,7,0.00034078711178153753,,,,
compatibility,51007,err2,random_content,8,0.008046003058552742,,,,
compatibility,51007,err2,random_content,9,4.894203812000342e-05,,,,
compatibility,51007,err2,random_content,10,0.0004381075268611312,,,,
compatibility,51007,err2,random_content,11,0.19063054025173187,,,,
compatibility,51007,err2,random_content,12,0.000256691942922771,,,,
compatibility,51007,err2,random_content,13,0.0017745750956237316,,,,
compatibility,51007,err2,random_content,14,0.029893668368458748,,,,
compatibility,51007,err2,random_content,15,5.626238998956978e-05,,,,
compatibility,51007,err2,random_content,16,0.000262424728134647,,,,
compatibility,51007,err2,random_content,17,0.06429889798164368,,,,
compatibility,51007,err2,random_content,18,0.002872711978852749,,,,
compatibility,51007,err2,random_content,19,0.0001230585912708193,,,,
compatibility,51007,err2,random_content,20,0.003467025002464652,,,,
compatibility,51007,err2,random_content,21,1.3770012628810946e-05,,,,
compatibility,51007,err2,random_content,22,0.0006021819426678121,,,,
compatibility,51007,err2,random_content,23,0.00017103647405747324,,,,
compatibility,51007,err2,random_content,24,1.0338262654840946e-05,,,,
compatibility,51007,err2,random_content,25,0.00014062975242268294,,,,
compatibility,51007,err2,random_content,26,9.262000094167888e-05,,,,
compatibility,51007,err2,random_content,27,0.0013001631014049053,,,,
compatibility,51007,err2,no_plasticity,0,0.13923728466033936,,,,
compatibility,51007,err2,no_plasticity,1,0.1271248757839203,,,,
compatibility,51007,err2,no_plasticity,2,0.14199703931808472,,,,
compatibility,51007,err2,no_plasticity,3,0.2825685441493988,,,,
compatibility,51007,err2,no_plasticity,4,0.4001803696155548,,,,
compatibility,51007,err2,no_plasticity,5,0.34982138872146606,,,,
compatibility,51007,err2,no_plasticity,6,0.10764975100755692,,,,
compatibility,51007,err2,no_plasticity,7,0.22938889265060425,,,,
compatibility,51007,err2,no_plasticity,8,0.22293099761009216,,,,
compatibility,51007,err2,no_plasticity,9,0.12979650497436523,,,,
compatibility,51007,err2,no_plasticity,10,0.3331826329231262,,,,
compatibility,51007,err2,no_plasticity,11,0.2603186070919037,,,,
compatibility,51007,err2,no_plasticity,12,0.1100228801369667,,,,
compatibility,51007,err2,no_plasticity,13,0.44065696001052856,,,,
compatibility,51007,err2,no_plasticity,14,0.09314233809709549,,,,
compatibility,51007,err2,no_plasticity,15,0.3130810558795929,,,,
compatibility,51007,err2,no_plasticity,16,0.24382159113883972,,,,
compatibility,51007,err2,no_plasticity,17,0.12676876783370972,,,,
compatibility,51007,err2,no_plasticity,18,0.10363263636827469,,,,
compatibility,51007,err2,no_plasticity,19,0.10444556921720505,,,,
compatibility,51007,err2,no_plasticity,20,0.2776176929473877,,,,
compatibility,51007,err2,no_plasticity,21,0.1792231947183609,,,,
compatibility,51007,err2,no_plasticity,22,0.18048791587352753,,,,
compatibility,51007,err2,no_plasticity,23,0.07075396180152893,,,,
compatibility,51007,err2,no_plasticity,24,0.13703379034996033,,,,
compatibility,51007,err2,no_plasticity,25,0.3225753903388977,,,,
compatibility,51007,err2,no_plasticity,26,0.1152416318655014,,,,
compatibility,51007,err2,no_plasticity,27,0.13721701502799988,,,,
cue_schedule,51007,err2,swap,,,1,2,False,0.7547737956047058
cue_schedule,51007,err2,swap,,,2,3,False,0.8508219122886658
cue_schedule,51007,err2,swap,,,3,4,False,0.8446665406227112
cue_schedule,51007,err2,swap,,,4,5,False,0.8604172468185425
cue_schedule,51007,err2,swap,,,5,6,False,0.8753082752227783
cue_schedule,51007,err2,swap,,,6,7,False,0.8915892243385315
cue_schedule,51007,err2,swap,,,7,8,False,0.836739718914032
cue_schedule,51007,err2,swap,,,8,9,False,0.8201782703399658
cue_schedule,51007,err2,swap,,,9,10,False,0.8242441415786743
cue_schedule,51007,err2,swap,,,10,11,True,0.40211746096611023
cue_schedule,51007,err2,swap,,,11,12,False,0.7820554971694946
cue_schedule,51007,err2,swap,,,12,13,False,0.8260406255722046
cue_schedule,51007,err2,swap,,,13,14,False,0.8335369229316711
cue_schedule,51007,err2,swap,,,14,15,False,0.848511815071106
cue_schedule,51007,err2,swap,,,15,16,False,0.8523995280265808
cue_schedule,51007,err2,swap,,,16,17,False,0.842598557472229
cue_schedule,51007,err2,swap,,,17,18,False,0.8530343770980835
cue_schedule,51007,err2,swap,,,18,19,False,0.8549764752388
cue_schedule,51007,err2,swap,,,19,20,False,0.8642428517341614
cue_schedule,51007,err2,swap,,,20,21,True,0.4401721656322479
cue_schedule,51007,err2,swap,,,21,22,False,0.8410963416099548
cue_schedule,51007,err2,swap,,,22,23,False,0.8599809408187866
cue_schedule,51007,err2,swap,,,23,24,False,0.8438518047332764
cue_schedule,51007,err2,swap,,,24,25,False,0.8333965539932251
cue_schedule,51007,err2,swap,,,25,26,False,0.8033090233802795
cue_schedule,51007,err2,swap,,,26,27,False,0.8171291947364807
cue_schedule,51007,err2,swap,,,27,28,False,0.8553775548934937
cue_schedule,51007,err2,swap,,,28,29,False,0.8769931793212891
cue_schedule,51007,err2,swap,,,29,30,False,0.8572036027908325
cue_schedule,51007,err2,swap,,,30,31,True,0.43749701976776123
cue_schedule,51007,err2,swap,,,31,32,False,0.7956117987632751
cue_schedule,51007,err2,swap,,,32,33,False,0.8185151815414429
cue_schedule,51007,err2,swap,,,33,34,False,0.8013362288475037
cue_schedule,51007,err2,swap,,,34,35,False,0.7977957725524902
cue_schedule,51007,err2,swap,,,35,36,False,0.7934978008270264
cue_schedule,51007,err2,swap,,,36,37,False,0.8127207159996033
cue_schedule,51007,err2,swap,,,37,38,False,0.8306223154067993
cue_schedule,51007,err2,swap,,,38,39,False,0.8428890109062195
cue_schedule,51007,err2,swap,,,39,40,False,0.847410261631012
cue_schedule,51007,err2,no_swap,,,1,2,False,0.7547737956047058
cue_schedule,51007,err2,no_swap,,,2,3,False,0.8508219122886658
cue_schedule,51007,err2,no_swap,,,3,4,False,0.8446665406227112
cue_schedule,51007,err2,no_swap,,,4,5,False,0.8604172468185425
cue_schedule,51007,err2,no_swap,,,5,6,False,0.8753082752227783
cue_schedule,51007,err2,no_swap,,,6,7,False,0.8915892243385315
cue_schedule,51007,err2,no_swap,,,7,8,False,0.836739718914032
cue_schedule,51007,err2,no_swap,,,8,9,False,0.8201782703399658
cue_schedule,51007,err2,no_swap,,,9,10,False,0.8242441415786743
cue_schedule,51007,err2,no_swap,,,10,11,False,0.8488056659698486
cue_schedule,51007,err2,no_swap,,,11,12,False,0.8597967028617859
cue_schedule,51007,err2,no_swap,,,12,13,False,0.8191486597061157
cue_schedule,51007,err2,no_swap,,,13,14,False,0.8135389089584351
cue_schedule,51007,err2,no_swap,,,14,15,False,0.8436927199363708
cue_schedule,51007,err2,no_swap,,,15,16,False,0.8366044759750366
cue_schedule,51007,err2,no_swap,,,16,17,False,0.8497671484947205
cue_schedule,51007,err2,no_swap,,,17,18,False,0.846617579460144
cue_schedule,51007,err2,no_swap,,,18,19,False,0.8422638177871704
cue_schedule,51007,err2,no_swap,,,19,20,False,0.8472335338592529
cue_schedule,51007,err2,no_swap,,,20,21,False,0.8577759265899658
cue_schedule,51007,err2,no_swap,,,21,22,False,0.8292722105979919
cue_schedule,51007,err2,no_swap,,,22,23,False,0.8403233885765076
cue_schedule,51007,err2,no_swap,,,23,24,False,0.8427497744560242
cue_schedule,51007,err2,no_swap,,,24,25,False,0.8404126763343811
cue_schedule,51007,err2,no_swap,,,25,26,False,0.8049498200416565
cue_schedule,51007,err2,no_swap,,,26,27,False,0.8250855803489685
cue_schedule,51007,err2,no_swap,,,27,28,False,0.8513387441635132
cue_schedule,51007,err2,no_swap,,,28,29,False,0.8721964955329895
cue_schedule,51007,err2,no_swap,,,29,30,False,0.8584831953048706
cue_schedule,51007,err2,no_swap,,,30,31,False,0.8227072358131409
cue_schedule,51007,err2,no_swap,,,31,32,False,0.8418499827384949
cue_schedule,51007,err2,no_swap,,,32,33,False,0.8537534475326538
cue_schedule,51007,err2,no_swap,,,33,34,False,0.8173699378967285
cue_schedule,51007,err2,no_swap,,,34,35,False,0.8474470376968384
cue_schedule,51007,err2,no_swap,,,35,36,False,0.8681431412696838
cue_schedule,51007,err2,no_swap,,,36,37,False,0.8433489203453064
cue_schedule,51007,err2,no_swap,,,37,38,False,0.831126868724823
cue_schedule,51007,err2,no_swap,,,38,39,False,0.8634093403816223
cue_schedule,51007,err2,no_swap,,,39,40,False,0.845893144607544
compatibility,51008,base,aligned,0,0.9193609952926636,,,,
compatibility,51008,base,aligned,1,0.8583970069885254,,,,
compatibility,51008,base,aligned,2,0.8346073031425476,,,,
compatibility,51008,base,aligned,3,0.7431909441947937,,,,
compatibility,51008,base,aligned,4,0.7397582530975342,,,,
compatibility,51008,base,aligned,5,0.868072509765625,,,,
compatibility,51008,base,aligned,6,0.7773590683937073,,,,
compatibility,51008,base,aligned,7,0.8436754941940308,,,,
compatibility,51008,base,aligned,8,0.9992771148681641,,,,
compatibility,51008,base,aligned,9,0.9329118132591248,,,,
compatibility,51008,base,aligned,10,0.8624317646026611,,,,
compatibility,51008,base,aligned,11,0.6373225450515747,,,,
compatibility,51008,base,aligned,12,0.9622505903244019,,,,
compatibility,51008,base,aligned,13,0.9154115915298462,,,,
compatibility,51008,base,aligned,14,0.8497985601425171,,,,
compatibility,51008,base,aligned,15,0.9867773652076721,,,,
compatibility,51008,base,aligned,16,0.8408557176589966,,,,
compatibility,51008,base,aligned,17,0.7888377904891968,,,,
compatibility,51008,base,aligned,18,0.8459237813949585,,,,
compatibility,51008,base,aligned,19,0.9718485474586487,,,,
compatibility,51008,base,aligned,20,0.8958571553230286,,,,
compatibility,51008,base,aligned,21,0.8777169585227966,,,,
compatibility,51008,base,aligned,22,0.5628594160079956,,,,
compatibility,51008,base,aligned,23,0.9852301478385925,,,,
compatibility,51008,base,aligned,24,0.9504746198654175,,,,
compatibility,51008,base,aligned,25,0.9927411675453186,,,,
compatibility,51008,base,aligned,26,0.7828274965286255,,,,
compatibility,51008,base,aligned,27,0.8027544021606445,,,,
compatibility,51008,base,fixed_permutation,0,0.008520287461578846,,,,
compatibility,51008,base,fixed_permutation,1,0.19101525843143463,,,,
compatibility,51008,base,fixed_permutation,2,0.021160751581192017,,,,
compatibility,51008,base,fixed_permutation,3,0.07673265784978867,,,,
compatibility,51008,base,fixed_permutation,4,0.05140607804059982,,,,
compatibility,51008,base,fixed_permutation,5,0.002625509165227413,,,,
compatibility,51008,base,fixed_permutation,6,0.23721963167190552,,,,
compatibility,51008,base,fixed_permutation,7,0.0008349941344931722,,,,
compatibility,51008,base,fixed_permutation,8,0.20182877779006958,,,,
compatibility,51008,base,fixed_permutation,9,0.2635315954685211,,,,
compatibility,51008,base,fixed_permutation,10,0.16412875056266785,,,,
compatibility,51008,base,fixed_permutation,11,0.0003528639208525419,,,,
compatibility,51008,base,fixed_permutation,12,0.3079375922679901,,,,
compatibility,51008,base,fixed_permutation,13,0.13925312459468842,,,,
compatibility,51008,base,fixed_permutation,14,0.017921416088938713,,,,
compatibility,51008,base,fixed_permutation,15,0.0024979598820209503,,,,
compatibility,51008,base,fixed_permutation,16,0.09416421502828598,,,,
compatibility,51008,base,fixed_permutation,17,0.21565520763397217,,,,
compatibility,51008,base,fixed_permutation,18,0.03892235457897186,,,,
compatibility,51008,base,fixed_permutation,19,0.00019146739214193076,,,,
compatibility,51008,base,fixed_permutation,20,0.009043087251484394,,,,
compatibility,51008,base,fixed_permutation,21,0.10950417816638947,,,,
compatibility,51008,base,fixed_permutation,22,1.7156888816316496e-06,,,,
compatibility,51008,base,fixed_permutation,23,0.39644649624824524,,,,
compatibility,51008,base,fixed_permutation,24,0.003988087177276611,,,,
compatibility,51008,base,fixed_permutation,25,0.27249234914779663,,,,
compatibility,51008,base,fixed_permutation,26,0.0006601609638892114,,,,
compatibility,51008,base,fixed_permutation,27,0.1157391145825386,,,,
compatibility,51008,base,matched_decoder,0,0.9193610548973083,,,,
compatibility,51008,base,matched_decoder,1,0.8583968877792358,,,,
compatibility,51008,base,matched_decoder,2,0.8346072435379028,,,,
compatibility,51008,base,matched_decoder,3,0.7431909441947937,,,,
compatibility,51008,base,matched_decoder,4,0.7397582530975342,,,,
compatibility,51008,base,matched_decoder,5,0.868072509765625,,,,
compatibility,51008,base,matched_decoder,6,0.777359127998352,,,,
compatibility,51008,base,matched_decoder,7,0.843675434589386,,,,
compatibility,51008,base,matched_decoder,8,0.9992771148681641,,,,
compatibility,51008,base,matched_decoder,9,0.9329118132591248,,,,
compatibility,51008,base,matched_decoder,10,0.8624317646026611,,,,
compatibility,51008,base,matched_decoder,11,0.6373226642608643,,,,
compatibility,51008,base,matched_decoder,12,0.9622505903244019,,,,
compatibility,51008,base,matched_decoder,13,0.9154115915298462,,,,
compatibility,51008,base,matched_decoder,14,0.8497985601425171,,,,
compatibility,51008,base,matched_decoder,15,0.9867772459983826,,,,
compatibility,51008,base,matched_decoder,16,0.8408557176589966,,,,
compatibility,51008,base,matched_decoder,17,0.7888378500938416,,,,
compatibility,51008,base,matched_decoder,18,0.8459238409996033,,,,
compatibility,51008,base,matched_decoder,19,0.9718485474586487,,,,
compatibility,51008,base,matched_decoder,20,0.8958571553230286,,,,
compatibility,51008,base,matched_decoder,21,0.8777167797088623,,,,
compatibility,51008,base,matched_decoder,22,0.5628595352172852,,,,
compatibility,51008,base,matched_decoder,23,0.985230028629303,,,,
compatibility,51008,base,matched_decoder,24,0.9504746198654175,,,,
compatibility,51008,base,matched_decoder,25,0.9927411675453186,,,,
compatibility,51008,base,matched_decoder,26,0.7828274965286255,,,,
compatibility,51008,base,matched_decoder,27,0.8027544617652893,,,,
compatibility,51008,base,random_content,0,0.03366374224424362,,,,
compatibility,51008,base,random_content,1,0.17667266726493835,,,,
compatibility,51008,base,random_content,2,0.1183428019285202,,,,
compatibility,51008,base,random_content,3,0.21507419645786285,,,,
compatibility,51008,base,random_content,4,0.0010410821996629238,,,,
compatibility,51008,base,random_content,5,0.01199889462441206,,,,
compatibility,51008,base,random_content,6,0.004553052131086588,,,,
compatibility,51008,base,random_content,7,7.664493750780821e-05,,,,
compatibility,51008,base,random_content,8,2.4382361516472884e-05,,,,
compatibility,51008,base,random_content,9,0.010703259147703648,,,,
compatibility,51008,base,random_content,10,0.0012257398338988423,,,,
compatibility,51008,base,random_content,11,4.08884952776134e-05,,,,
compatibility,51008,base,random_content,12,0.3141545355319977,,,,
compatibility,51008,base,random_content,13,0.1984766274690628,,,,
compatibility,51008,base,random_content,14,0.00011062395788030699,,,,
compatibility,51008,base,random_content,15,0.0002975207753479481,,,,
compatibility,51008,base,random_content,16,0.2252955287694931,,,,
compatibility,51008,base,random_content,17,0.25459396839141846,,,,
compatibility,51008,base,random_content,18,0.2664169669151306,,,,
compatibility,51008,base,random_content,19,0.2609314024448395,,,,
compatibility,51008,base,random_content,20,0.20986224710941315,,,,
compatibility,51008,base,random_content,21,0.013872822746634483,,,,
compatibility,51008,base,random_content,22,2.1444354842969915e-06,,,,
compatibility,51008,base,random_content,23,0.763618528842926,,,,
compatibility,51008,base,random_content,24,0.03097435273230076,,,,
compatibility,51008,base,random_content,25,4.978877768735401e-05,,,,
compatibility,51008,base,random_content,26,0.0025422987528145313,,,,
compatibility,51008,base,random_content,27,0.00010343486064812168,,,,
compatibility,51008,base,no_plasticity,0,0.32210227847099304,,,,
compatibility,51008,base,no_plasticity,1,0.2199043482542038,,,,
compatibility,51008,base,no_plasticity,2,0.17142407596111298,,,,
compatibility,51008,base,no_plasticity,3,0.2381076216697693,,,,
compatibility,51008,base,no_plasticity,4,0.2340768426656723,,,,
compatibility,51008,base,no_plasticity,5,0.16873964667320251,,,,
compatibility,51008,base,no_plasticity,6,0.33845385909080505,,,,
compatibility,51008,base,no_plasticity,7,0.3594522178173065,,,,
compatibility,51008,base,no_plasticity,8,0.16378149390220642,,,,
compatibility,51008,base,no_plasticity,9,0.15707670152187347,,,,
compatibility,51008,base,no_plasticity,10,0.29606449604034424,,,,
compatibility,51008,base,no_plasticity,11,0.3020058870315552,,,,
compatibility,51008,base,no_plasticity,12,0.21636882424354553,,,,
compatibility,51008,base,no_plasticity,13,0.17798852920532227,,,,
compatibility,51008,base,no_plasticity,14,0.20321589708328247,,,,
compatibility,51008,base,no_plasticity,15,0.14888815581798553,,,,
compatibility,51008,base,no_plasticity,16,0.30137965083122253,,,,
compatibility,51008,base,no_plasticity,17,0.10280755162239075,,,,
compatibility,51008,base,no_plasticity,18,0.17144711315631866,,,,
compatibility,51008,base,no_plasticity,19,0.1915675699710846,,,,
compatibility,51008,base,no_plasticity,20,0.19277814030647278,,,,
compatibility,51008,base,no_plasticity,21,0.22848623991012573,,,,
compatibility,51008,base,no_plasticity,22,0.18238288164138794,,,,
compatibility,51008,base,no_plasticity,23,0.22814098000526428,,,,
compatibility,51008,base,no_plasticity,24,0.14019076526165009,,,,
compatibility,51008,base,no_plasticity,25,0.19786354899406433,,,,
compatibility,51008,base,no_plasticity,26,0.3888598382472992,,,,
compatibility,51008,base,no_plasticity,27,0.06534810364246368,,,,
cue_schedule,51008,base,swap,,,1,2,False,0.706753134727478
cue_schedule,51008,base,swap,,,2,3,False,0.765913724899292
cue_schedule,51008,base,swap,,,3,4,False,0.7876502871513367
cue_schedule,51008,base,swap,,,4,5,False,0.8133580088615417
cue_schedule,51008,base,swap,,,5,6,False,0.8027090430259705
cue_schedule,51008,base,swap,,,6,7,False,0.7259904742240906
cue_schedule,51008,base,swap,,,7,8,False,0.7690603137016296
cue_schedule,51008,base,swap,,,8,9,False,0.8037305474281311
cue_schedule,51008,base,swap,,,9,10,False,0.7475728392601013
cue_schedule,51008,base,swap,,,10,11,True,0.30805912613868713
cue_schedule,51008,base,swap,,,11,12,False,0.7342475652694702
cue_schedule,51008,base,swap,,,12,13,False,0.825305700302124
cue_schedule,51008,base,swap,,,13,14,False,0.8124463558197021
cue_schedule,51008,base,swap,,,14,15,False,0.9021561145782471
cue_schedule,51008,base,swap,,,15,16,False,0.8663887977600098
cue_schedule,51008,base,swap,,,16,17,False,0.8909974694252014
cue_schedule,51008,base,swap,,,17,18,False,0.8639804124832153
cue_schedule,51008,base,swap,,,18,19,False,0.841702401638031
cue_schedule,51008,base,swap,,,19,20,False,0.8738470673561096
cue_schedule,51008,base,swap,,,20,21,True,0.3133011758327484
cue_schedule,51008,base,swap,,,21,22,False,0.7954080104827881
cue_schedule,51008,base,swap,,,22,23,False,0.8612854480743408
cue_schedule,51008,base,swap,,,23,24,False,0.7858539819717407
cue_schedule,51008,base,swap,,,24,25,False,0.8296789526939392
cue_schedule,51008,base,swap,,,25,26,False,0.8405311703681946
cue_schedule,51008,base,swap,,,26,27,False,0.8297762274742126
cue_schedule,51008,base,swap,,,27,28,False,0.8431259393692017
cue_schedule,51008,base,swap,,,28,29,False,0.8198398351669312
cue_schedule,51008,base,swap,,,29,30,False,0.8548721075057983
cue_schedule,51008,base,swap,,,30,31,True,0.3721488118171692
cue_schedule,51008,base,swap,,,31,32,False,0.7790475487709045
cue_schedule,51008,base,swap,,,32,33,False,0.8250856995582581
cue_schedule,51008,base,swap,,,33,34,False,0.8419526815414429
cue_schedule,51008,base,swap,,,34,35,False,0.8583298325538635
cue_schedule,51008,base,swap,,,35,36,False,0.8547772169113159
cue_schedule,51008,base,swap,,,36,37,False,0.8113292455673218
cue_schedule,51008,base,swap,,,37,38,False,0.8477526903152466
cue_schedule,51008,base,swap,,,38,39,False,0.842509925365448
cue_schedule,51008,base,swap,,,39,40,False,0.8772808313369751
cue_schedule,51008,base,no_swap,,,1,2,False,0.706753134727478
cue_schedule,51008,base,no_swap,,,2,3,False,0.765913724899292
cue_schedule,51008,base,no_swap,,,3,4,False,0.7876502871513367
cue_schedule,51008,base,no_swap,,,4,5,False,0.8133580088615417
cue_schedule,51008,base,no_swap,,,5,6,False,0.8027090430259705
cue_schedule,51008,base,no_swap,,,6,7,False,0.7259904742240906
cue_schedule,51008,base,no_swap,,,7,8,False,0.7690603137016296
cue_schedule,51008,base,no_swap,,,8,9,False,0.8037305474281311
cue_schedule,51008,base,no_swap,,,9,10,False,0.7475728392601013
cue_schedule,51008,base,no_swap,,,10,11,False,0.8142763376235962
cue_schedule,51008,base,no_swap,,,11,12,False,0.8109921216964722
cue_schedule,51008,base,no_swap,,,12,13,False,0.8075747489929199
cue_schedule,51008,base,no_swap,,,13,14,False,0.8047774434089661
cue_schedule,51008,base,no_swap,,,14,15,False,0.863548994064331
cue_schedule,51008,base,no_swap,,,15,16,False,0.8028902411460876
cue_schedule,51008,base,no_swap,,,16,17,False,0.8615046739578247
cue_schedule,51008,base,no_swap,,,17,18,False,0.8259411454200745
cue_schedule,51008,base,no_swap,,,18,19,False,0.8392446637153625
cue_schedule,51008,base,no_swap,,,19,20,False,0.819586992263794
cue_schedule,51008,base,no_swap,,,20,21,False,0.8212562799453735
cue_schedule,51008,base,no_swap,,,21,22,False,0.8185009956359863
cue_schedule,51008,base,no_swap,,,22,23,False,0.892527163028717
cue_schedule,51008,base,no_swap,,,23,24,False,0.8182245492935181
cue_schedule,51008,base,no_swap,,,24,25,False,0.8539745807647705
cue_schedule,51008,base,no_swap,,,25,26,False,0.8448737859725952
cue_schedule,51008,base,no_swap,,,26,27,False,0.8149980306625366
cue_schedule,51008,base,no_swap,,,27,28,False,0.8357815742492676
cue_schedule,51008,base,no_swap,,,28,29,False,0.8155320882797241
cue_schedule,51008,base,no_swap,,,29,30,False,0.8456194400787354
cue_schedule,51008,base,no_swap,,,30,31,False,0.7906368970870972
cue_schedule,51008,base,no_swap,,,31,32,False,0.8272817134857178
cue_schedule,51008,base,no_swap,,,32,33,False,0.8626608848571777
cue_schedule,51008,base,no_swap,,,33,34,False,0.8311542272567749
cue_schedule,51008,base,no_swap,,,34,35,False,0.8012199401855469
cue_schedule,51008,base,no_swap,,,35,36,False,0.8700665831565857
cue_schedule,51008,base,no_swap,,,36,37,False,0.8215710520744324
cue_schedule,51008,base,no_swap,,,37,38,False,0.865760326385498
cue_schedule,51008,base,no_swap,,,38,39,False,0.838859498500824
cue_schedule,51008,base,no_swap,,,39,40,False,0.8054096102714539
compatibility,51008,err2,aligned,0,0.07322883605957031,,,,
compatibility,51008,err2,aligned,1,0.45083317160606384,,,,
compatibility,51008,err2,aligned,2,0.05393567681312561,,,,
compatibility,51008,err2,aligned,3,0.04802493751049042,,,,
compatibility,51008,err2,aligned,4,0.15932174026966095,,,,
compatibility,51008,err2,aligned,5,0.5324916243553162,,,,
compatibility,51008,err2,aligned,6,0.6500051617622375,,,,
compatibility,51008,err2,aligned,7,0.4744994640350342,,,,
compatibility,51008,err2,aligned,8,0.529542088508606,,,,
compatibility,51008,err2,aligned,9,0.5605725646018982,,,,
compatibility,51008,err2,aligned,10,0.5464017391204834,,,,
compatibility,51008,err2,aligned,11,0.49237149953842163,,,,
compatibility,51008,err2,aligned,12,0.46178218722343445,,,,
compatibility,51008,err2,aligned,13,0.6371659636497498,,,,
compatibility,51008,err2,aligned,14,0.5384653806686401,,,,
compatibility,51008,err2,aligned,15,0.4635172188282013,,,,
compatibility,51008,err2,aligned,16,0.4497407078742981,,,,
compatibility,51008,err2,aligned,17,0.5909833908081055,,,,
compatibility,51008,err2,aligned,18,0.6349225640296936,,,,
compatibility,51008,err2,aligned,19,0.7626457810401917,,,,
compatibility,51008,err2,aligned,20,0.4505981206893921,,,,
compatibility,51008,err2,aligned,21,0.4518808424472809,,,,
compatibility,51008,err2,aligned,22,0.5146515369415283,,,,
compatibility,51008,err2,aligned,23,0.4802885353565216,,,,
compatibility,51008,err2,aligned,24,0.5256805419921875,,,,
compatibility,51008,err2,aligned,25,0.5942082405090332,,,,
compatibility,51008,err2,aligned,26,0.5006051063537598,,,,
compatibility,51008,err2,aligned,27,0.5021952390670776,,,,
compatibility,51008,err2,fixed_permutation,0,0.19112764298915863,,,,
compatibility,51008,err2,fixed_permutation,1,0.457269549369812,,,,
compatibility,51008,err2,fixed_permutation,2,0.00035292888060212135,,,,
compatibility,51008,err2,fixed_permutation,3,0.0037189126014709473,,,,
compatibility,51008,err2,fixed_permutation,4,0.0004565016133710742,,,,
compatibility,51008,err2,fixed_permutation,5,0.00022227772569749504,,,,
compatibility,51008,err2,fixed_permutation,6,0.44218021631240845,,,,
compatibility,51008,err2,fixed_permutation,7,0.0535905621945858,,,,
compatibility,51008,err2,fixed_permutation,8,0.0003033302491530776,,,,
compatibility,51008,err2,fixed_permutation,9,0.00035703019239008427,,,,
compatibility,51008,err2,fixed_permutation,10,0.016236716881394386,,,,
compatibility,51008,err2,fixed_permutation,11,0.02294623665511608,,,,
compatibility,51008,err2,fixed_permutation,12,0.02102101407945156,,,,
compatibility,51008,err2,fixed_permutation,13,7.859319157432765e-05,,,,
compatibility,51008,err2,fixed_permutation,14,0.0005261590704321861,,,,
compatibility,51008,err2,fixed_permutation,15,5.042324119131081e-06,,,,
compatibility,51008,err2,fixed_permutation,16,0.0001862953940872103,,,,
compatibility,51008,err2,fixed_permutation,17,0.012846491299569607,,,,
compatibility,51008,err2,fixed_permutation,18,0.005350316874682903,,,,
compatibility,51008,err2,fixed_permutation,19,9.92087552731391e-06,,,,
compatibility,51008,err2,fixed_permutation,20,0.00044037163024768233,,,,
compatibility,51008,err2,fixed_permutation,21,0.13554276525974274,,,,
compatibility,51008,err2,fixed_permutation,22,0.0001903878728626296,,,,
compatibility,51008,err2,fixed_permutation,23,0.44732901453971863,,,,
compatibility,51008,err2,fixed_permutation,24,0.01444786787033081,,,,
compatibility,51008,err2,fixed_permutation,25,0.00956378411501646,,,,
compatibility,51008,err2,fixed_permutation,26,0.00010078150080516934,,,,
compatibility,51008,err2,fixed_permutation,27,0.026111118495464325,,,,
compatibility,51008,err2,matched_decoder,0,0.0732286274433136,,,,
compatibility,51008,err2,matched_decoder,1,0.45083311200141907,,,,
compatibility,51008,err2,matched_decoder,2,0.05393572151660919,,,,
compatibility,51008,err2,matched_decoder,3,0.04802491143345833,,,,
compatibility,51008,err2,matched_decoder,4,0.15932123363018036,,,,
compatibility,51008,err2,matched_decoder,5,0.5324915051460266,,,,
compatibility,51008,err2,matched_decoder,6,0.6500049829483032,,,,
compatibility,51008,err2,matched_decoder,7,0.47449934482574463,,,,
compatibility,51008,err2,matched_decoder,8,0.5295420289039612,,,,
compatibility,51008,err2,matched_decoder,9,0.5605723857879639,,,,
compatibility,51008,err2,matched_decoder,10,0.5464017391204834,,,,
compatibility,51008,err2,matched_decoder,11,0.492371529340744,,,,
compatibility,51008,err2,matched_decoder,12,0.46178218722343445,,,,
compatibility,51008,err2,matched_decoder,13,0.6371662020683289,,,,
compatibility,51008,err2,matched_decoder,14,0.5384654402732849,,,,
compatibility,51008,err2,matched_decoder,15,0.4635172486305237,,,,
compatibility,51008,err2,matched_decoder,16,0.4497406780719757,,,,
compatibility,51008,err2,matched_decoder,17,0.590983510017395,,,,
compatibility,51008,err2,matched_decoder,18,0.6349225640296936,,,,
compatibility,51008,err2,matched_decoder,19,0.7626457810401917,,,,
compatibility,51008,err2,matched_decoder,20,0.4505981206893921,,,,
compatibility,51008,err2,matched_decoder,21,0.4518808424472809,,,,
compatibility,51008,err2,matched_decoder,22,0.514651358127594,,,,
compatibility,51008,err2,matched_decoder,23,0.4802885055541992,,,,
compatibility,51008,err2,matched_decoder,24,0.5256803035736084,,,,
compatibility,51008,err2,matched_decoder,25,0.5942084193229675,,,,
compatibility,51008,err2,matched_decoder,26,0.5006051659584045,,,,
compatibility,51008,err2,matched_decoder,27,0.5021952390670776,,,,
compatibility,51008,err2,random_content,0,0.038214389234781265,,,,
compatibility,51008,err2,random_content,1,4.194827124592848e-05,,,,
compatibility,51008,err2,random_content,2,0.00044989323941990733,,,,
compatibility,51008,err2,random_content,3,0.00019672374764923006,,,,
compatibility,51008,err2,random_content,4,0.0011768635595217347,,,,
compatibility,51008,err2,random_content,5,5.778445483883843e-06,,,,
compatibility,51008,err2,random_content,6,0.006061100400984287,,,,
compatibility,51008,err2,random_content,7,0.0006574287544935942,,,,
compatibility,51008,err2,random_content,8,1.2149497479185811e-06,,,,
compatibility,51008,err2,random_content,9,0.003824100596830249,,,,
compatibility,51008,err2,random_content,10,0.00016516284085810184,,,,
compatibility,51008,err2,random_content,11,2.1072048184578307e-05,,,,
compatibility,51008,err2,random_content,12,0.44717589020729065,,,,
compatibility,51008,err2,random_content,13,0.03635673224925995,,,,
compatibility,51008,err2,random_content,14,0.001368692028336227,,,,
compatibility,51008,err2,random_content,15,0.000997607596218586,,,,
compatibility,51008,err2,random_content,16,0.00037403040914796293,,,,
compatibility,51008,err2,random_content,17,0.10207586735486984,,,,
compatibility,51008,err2,random_content,18,0.44708868861198425,,,,
compatibility,51008,err2,random_content,19,0.04249036684632301,,,,
compatibility,51008,err2,random_content,20,3.1443563784705475e-05,,,,
compatibility,51008,err2,random_content,21,0.012826328165829182,,,,
compatibility,51008,err2,random_content,22,0.0006561396294273436,,,,
compatibility,51008,err2,random_content,23,0.04461377114057541,,,,
compatibility,51008,err2,random_content,24,0.00021804729476571083,,,,
compatibility,51008,err2,random_content,25,0.0011667156359180808,,,,
compatibility,51008,err2,random_content,26,0.0003722425317391753,,,,
compatibility,51008,err2,random_content,27,0.0010876011801883578,,,,
compatibility,51008,err2,no_plasticity,0,0.32210227847099304,,,,
compatibility,51008,err2,no_plasticity,1,0.2199043482542038,,,,
compatibility,51008,err2,no_plasticity,2,0.17142407596111298,,,,
compatibility,51008,err2,no_plasticity,3,0.2381076216697693,,,,
compatibility,51008,err2,no_plasticity,4,0.2340768426656723,,,,
compatibility,51008,err2,no_plasticity,5,0.16873964667320251,,,,
compatibility,51008,err2,no_plasticity,6,0.33845385909080505,,,,
compatibility,51008,err2,no_plasticity,7,0.3594522178173065,,,,
compatibility,51008,err2,no_plasticity,8,0.16378149390220642,,,,
compatibility,51008,err2,no_plasticity,9,0.15707670152187347,,,,
compatibility,51008,err2,no_plasticity,10,0.29606449604034424,,,,
compatibility,51008,err2,no_plasticity,11,0.3020058870315552,,,,
compatibility,51008,err2,no_plasticity,12,0.21636882424354553,,,,
compatibility,51008,err2,no_plasticity,13,0.17798852920532227,,,,
compatibility,51008,err2,no_plasticity,14,0.20321589708328247,,,,
compatibility,51008,err2,no_plasticity,15,0.14888815581798553,,,,
compatibility,51008,err2,no_plasticity,16,0.30137965083122253,,,,
compatibility,51008,err2,no_plasticity,17,0.10280755162239075,,,,
compatibility,51008,err2,no_plasticity,18,0.17144711315631866,,,,
compatibility,51008,err2,no_plasticity,19,0.1915675699710846,,,,
compatibility,51008,err2,no_plasticity,20,0.19277814030647278,,,,
compatibility,51008,err2,no_plasticity,21,0.22848623991012573,,,,
compatibility,51008,err2,no_plasticity,22,0.18238288164138794,,,,
compatibility,51008,err2,no_plasticity,23,0.22814098000526428,,,,
compatibility,51008,err2,no_plasticity,24,0.14019076526165009,,,,
compatibility,51008,err2,no_plasticity,25,0.19786354899406433,,,,
compatibility,51008,err2,no_plasticity,26,0.3888598382472992,,,,
compatibility,51008,err2,no_plasticity,27,0.06534810364246368,,,,
cue_schedule,51008,err2,swap,,,1,2,False,0.6887616515159607
cue_schedule,51008,err2,swap,,,2,3,False,0.7716923356056213
cue_schedule,51008,err2,swap,,,3,4,False,0.8151830434799194
cue_schedule,51008,err2,swap,,,4,5,False,0.790282130241394
cue_schedule,51008,err2,swap,,,5,6,False,0.814211368560791
cue_schedule,51008,err2,swap,,,6,7,False,0.8493364453315735
cue_schedule,51008,err2,swap,,,7,8,False,0.8312836289405823
cue_schedule,51008,err2,swap,,,8,9,False,0.8180816769599915
cue_schedule,51008,err2,swap,,,9,10,False,0.8073804974555969
cue_schedule,51008,err2,swap,,,10,11,True,0.42519474029541016
cue_schedule,51008,err2,swap,,,11,12,False,0.7491408586502075
cue_schedule,51008,err2,swap,,,12,13,False,0.7906994819641113
cue_schedule,51008,err2,swap,,,13,14,False,0.7811118960380554
cue_schedule,51008,err2,swap,,,14,15,False,0.7708975076675415
cue_schedule,51008,err2,swap,,,15,16,False,0.8320906758308411
cue_schedule,51008,err2,swap,,,16,17,False,0.8267650008201599
cue_schedule,51008,err2,swap,,,17,18,False,0.8366041779518127
cue_schedule,51008,err2,swap,,,18,19,False,0.8340350985527039
cue_schedule,51008,err2,swap,,,19,20,False,0.8254402279853821
cue_schedule,51008,err2,swap,,,20,21,True,0.4620142877101898
cue_schedule,51008,err2,swap,,,21,22,False,0.8192413449287415
cue_schedule,51008,err2,swap,,,22,23,False,0.8233528733253479
cue_schedule,51008,err2,swap,,,23,24,False,0.8011427521705627
cue_schedule,51008,err2,swap,,,24,25,False,0.8102284073829651
cue_schedule,51008,err2,swap,,,25,26,False,0.835806667804718
cue_schedule,51008,err2,swap,,,26,27,False,0.8454662561416626
cue_schedule,51008,err2,swap,,,27,28,False,0.8657763004302979
cue_schedule,51008,err2,swap,,,28,29,False,0.8732842206954956
cue_schedule,51008,err2,swap,,,29,30,False,0.8533243536949158
cue_schedule,51008,err2,swap,,,30,31,True,0.44715189933776855
cue_schedule,51008,err2,swap,,,31,32,False,0.8171879053115845
cue_schedule,51008,err2,swap,,,32,33,False,0.8333759307861328
cue_schedule,51008,err2,swap,,,33,34,False,0.8355629444122314
cue_schedule,51008,err2,swap,,,34,35,False,0.8068262338638306
cue_schedule,51008,err2,swap,,,35,36,False,0.8289135694503784
cue_schedule,51008,err2,swap,,,36,37,False,0.8537584543228149
cue_schedule,51008,err2,swap,,,37,38,False,0.8586999773979187
cue_schedule,51008,err2,swap,,,38,39,False,0.8814387321472168
cue_schedule,51008,err2,swap,,,39,40,False,0.867127537727356
cue_schedule,51008,err2,no_swap,,,1,2,False,0.6887616515159607
cue_schedule,51008,err2,no_swap,,,2,3,False,0.7716923356056213
cue_schedule,51008,err2,no_swap,,,3,4,False,0.8151830434799194
cue_schedule,51008,err2,no_swap,,,4,5,False,0.790282130241394
cue_schedule,51008,err2,no_swap,,,5,6,False,0.814211368560791
cue_schedule,51008,err2,no_swap,,,6,7,False,0.8493364453315735
cue_schedule,51008,err2,no_swap,,,7,8,False,0.8312836289405823
cue_schedule,51008,err2,no_swap,,,8,9,False,0.8180816769599915
cue_schedule,51008,err2,no_swap,,,9,10,False,0.8073804974555969
cue_schedule,51008,err2,no_swap,,,10,11,False,0.8128967881202698
cue_schedule,51008,err2,no_swap,,,11,12,False,0.7834993004798889
cue_schedule,51008,err2,no_swap,,,12,13,False,0.7663797736167908
cue_schedule,51008,err2,no_swap,,,13,14,False,0.7869632244110107
cue_schedule,51008,err2,no_swap,,,14,15,False,0.8182066082954407
cue_schedule,51008,err2,no_swap,,,15,16,False,0.8459319472312927
cue_schedule,51008,err2,no_swap,,,16,17,False,0.8553378582000732
cue_schedule,51008,err2,no_swap,,,17,18,False,0.8465874195098877
cue_schedule,51008,err2,no_swap,,,18,19,False,0.8415981531143188
cue_schedule,51008,err2,no_swap,,,19,20,False,0.8287405967712402
cue_schedule,51008,err2,no_swap,,,20,21,False,0.8116000890731812
cue_schedule,51008,err2,no_swap,,,21,22,False,0.8370311260223389
cue_schedule,51008,err2,no_swap,,,22,23,False,0.8193835616111755
cue_schedule,51008,err2,no_swap,,,23,24,False,0.8166424036026001
cue_schedule,51008,err2,no_swap,,,24,25,False,0.8196718692779541
cue_schedule,51008,err2,no_swap,,,25,26,False,0.8477710485458374
cue_schedule,51008,err2,no_swap,,,26,27,False,0.8561207056045532
cue_schedule,51008,err2,no_swap,,,27,28,False,0.8570998311042786
cue_schedule,51008,err2,no_swap,,,28,29,False,0.8613657355308533
cue_schedule,51008,err2,no_swap,,,29,30,False,0.8489108085632324
cue_schedule,51008,err2,no_swap,,,30,31,False,0.8342811465263367
cue_schedule,51008,err2,no_swap,,,31,32,False,0.8461894989013672
cue_schedule,51008,err2,no_swap,,,32,33,False,0.8583373427391052
cue_schedule,51008,err2,no_swap,,,33,34,False,0.8215400576591492
cue_schedule,51008,err2,no_swap,,,34,35,False,0.8163808584213257
cue_schedule,51008,err2,no_swap,,,35,36,False,0.8318010568618774
cue_schedule,51008,err2,no_swap,,,36,37,False,0.8390442728996277
cue_schedule,51008,err2,no_swap,,,37,38,False,0.846229076385498
cue_schedule,51008,err2,no_swap,,,38,39,False,0.8490613698959351
cue_schedule,51008,err2,no_swap,,,39,40,False,0.8557453155517578
compatibility,51009,base,aligned,0,0.6854232549667358,,,,
compatibility,51009,base,aligned,1,0.7669453024864197,,,,
compatibility,51009,base,aligned,2,0.7492190599441528,,,,
compatibility,51009,base,aligned,3,0.41873326897621155,,,,
compatibility,51009,base,aligned,4,0.8817712068557739,,,,
compatibility,51009,base,aligned,5,0.8758881688117981,,,,
compatibility,51009,base,aligned,6,0.728373110294342,,,,
compatibility,51009,base,aligned,7,0.606380045413971,,,,
compatibility,51009,base,aligned,8,0.7647386789321899,,,,
compatibility,51009,base,aligned,9,0.7929287552833557,,,,
compatibility,51009,base,aligned,10,0.6947782039642334,,,,
compatibility,51009,base,aligned,11,0.7254390120506287,,,,
compatibility,51009,base,aligned,12,0.998498260974884,,,,
compatibility,51009,base,aligned,13,0.4402307868003845,,,,
compatibility,51009,base,aligned,14,0.6651538014411926,,,,
compatibility,51009,base,aligned,15,0.622096598148346,,,,
compatibility,51009,base,aligned,16,0.7015544772148132,,,,
compatibility,51009,base,aligned,17,0.6147355437278748,,,,
compatibility,51009,base,aligned,18,0.8045313358306885,,,,
compatibility,51009,base,aligned,19,0.7194638252258301,,,,
compatibility,51009,base,aligned,20,0.924365222454071,,,,
compatibility,51009,base,aligned,21,0.988410234451294,,,,
compatibility,51009,base,aligned,22,0.5271804928779602,,,,
compatibility,51009,base,aligned,23,0.8539536595344543,,,,
compatibility,51009,base,aligned,24,0.7282277345657349,,,,
compatibility,51009,base,aligned,25,0.5464972853660583,,,,
compatibility,51009,base,aligned,26,0.6984775066375732,,,,
compatibility,51009,base,aligned,27,0.7303561568260193,,,,
compatibility,51009,base,fixed_permutation,0,0.13177920877933502,,,,
compatibility,51009,base,fixed_permutation,1,0.08212890475988388,,,,
compatibility,51009,base,fixed_permutation,2,0.26726633310317993,,,,
compatibility,51009,base,fixed_permutation,3,0.1900922805070877,,,,
compatibility,51009,base,fixed_permutation,4,3.4297085221624e-05,,,,
compatibility,51009,base,fixed_permutation,5,0.226403146982193,,,,
compatibility,51009,base,fixed_permutation,6,0.04762851819396019,,,,
compatibility,51009,base,fixed_permutation,7,0.032550327479839325,,,,
compatibility,51009,base,fixed_permutation,8,0.15147526562213898,,,,
compatibility,51009,base,fixed_permutation,9,4.3019248550990596e-05,,,,
compatibility,51009,base,fixed_permutation,10,0.17870911955833435,,,,
compatibility,51009,base,fixed_permutation,11,0.16090691089630127,,,,
compatibility,51009,base,fixed_permutation,12,0.17489087581634521,,,,
compatibility,51009,base,fixed_permutation,13,0.04279497638344765,,,,
compatibility,51009,base,fixed_permutation,14,0.17504632472991943,,,,
compatibility,51009,base,fixed_permutation,15,0.0003929984231945127,,,,
compatibility,51009,base,fixed_permutation,16,0.19005465507507324,,,,
compatibility,51009,base,fixed_permutation,17,0.2846190929412842,,,,
compatibility,51009,base,fixed_permutation,18,0.19326375424861908,,,,
compatibility,51009,base,fixed_permutation,19,0.15442371368408203,,,,
compatibility,51009,base,fixed_permutation,20,0.0029829570557922125,,,,
compatibility,51009,base,fixed_permutation,21,0.003589834552258253,,,,
compatibility,51009,base,fixed_permutation,22,0.002855223137885332,,,,
compatibility,51009,base,fixed_permutation,23,5.628346843877807e-05,,,,
compatibility,51009,base,fixed_permutation,24,0.008311896584928036,,,,
compatibility,51009,base,fixed_permutation,25,0.2871033251285553,,,,
compatibility,51009,base,fixed_permutation,26,0.00013756942644249648,,,,
compatibility,51009,base,fixed_permutation,27,3.099847526755184e-05,,,,
compatibility,51009,base,matched_decoder,0,0.6854232549667358,,,,
compatibility,51009,base,matched_decoder,1,0.7669453024864197,,,,
compatibility,51009,base,matched_decoder,2,0.7492191195487976,,,,
compatibility,51009,base,matched_decoder,3,0.41873326897621155,,,,
compatibility,51009,base,matched_decoder,4,0.8817712068557739,,,,
compatibility,51009,base,matched_decoder,5,0.8758880496025085,,,,
compatibility,51009,base,matched_decoder,6,0.728373110294342,,,,
compatibility,51009,base,matched_decoder,7,0.6063801646232605,,,,
compatibility,51009,base,matched_decoder,8,0.7647387981414795,,,,
compatibility,51009,base,matched_decoder,9,0.7929288744926453,,,,
compatibility,51009,base,matched_decoder,10,0.6947782039642334,,,,
compatibility,51009,base,matched_decoder,11,0.7254390120506287,,,,
compatibility,51009,base,matched_decoder,12,0.998498260974884,,,,
compatibility,51009,base,matched_decoder,13,0.44023066759109497,,,,
compatibility,51009,base,matched_decoder,14,0.6651538014411926,,,,
compatibility,51009,base,matched_decoder,15,0.6220966577529907,,,,
compatibility,51009,base,matched_decoder,16,0.701554536819458,,,,
compatibility,51009,base,matched_decoder,17,0.61473548412323,,,,
compatibility,51009,base,matched_decoder,18,0.8045313358306885,,,,
compatibility,51009,base,matched_decoder,19,0.7194637656211853,,,,
compatibility,51009,base,matched_decoder,20,0.9243651628494263,,,,
compatibility,51009,base,matched_decoder,21,0.9884101152420044,,,,
compatibility,51009,base,matched_decoder,22,0.527180552482605,,,,
compatibility,51009,base,matched_decoder,23,0.8539536595344543,,,,
compatibility,51009,base,matched_decoder,24,0.7282277345657349,,,,
compatibility,51009,base,matched_decoder,25,0.5464972853660583,,,,
compatibility,51009,base,matched_decoder,26,0.6984775066375732,,,,
compatibility,51009,base,matched_decoder,27,0.7303561568260193,,,,
compatibility,51009,base,random_content,0,0.2198064923286438,,,,
compatibility,51009,base,random_content,1,0.0014512744965031743,,,,
compatibility,51009,base,random_content,2,0.0001917785994010046,,,,
compatibility,51009,base,random_content,3,0.2918038070201874,,,,
compatibility,51009,base,random_content,4,0.1387750208377838,,,,
compatibility,51009,base,random_content,5,0.004898464772850275,,,,
compatibility,51009,base,random_content,6,0.37131279706954956,,,,
compatibility,51009,base,random_content,7,0.518164336681366,,,,
compatibility,51009,base,random_content,8,0.21168917417526245,,,,
compatibility,51009,base,random_content,9,0.00031283017597161233,,,,
compatibility,51009,base,random_content,10,0.28948941826820374,,,,
compatibility,51009,base,random_content,11,0.5511439442634583,,,,
compatibility,51009,base,random_content,12,0.11769663542509079,,,,
compatibility,51009,base,random_content,13,1.0726078691902785e-08,,,,
compatibility,51009,base,random_content,14,0.2580994665622711,,,,
compatibility,51009,base,random_content,15,0.00038848636904731393,,,,
compatibility,51009,base,random_content,16,0.19087068736553192,,,,
compatibility,51009,base,random_content,17,0.0012964839115738869,,,,
compatibility,51009,base,random_content,18,0.12006254494190216,,,,
compatibility,51009,base,random_content,19,0.6388614773750305,,,,
compatibility,51009,base,random_content,20,0.7045154571533203,,,,
compatibility,51009,base,random_content,21,3.6001834814669564e-05,,,,
compatibility,51009,base,random_content,22,0.16999894380569458,,,,
compatibility,51009,base,random_content,23,0.002241616602987051,,,,
compatibility,51009,base,random_content,24,0.002798139350488782,,,,
compatibility,51009,base,random_content,25,0.22493119537830353,,,,
compatibility,51009,base,random_content,26,0.7093287706375122,,,,
compatibility,51009,base,random_content,27,0.03714906796813011,,,,
compatibility,51009,base,no_plasticity,0,0.0022419565357267857,,,,
compatibility,51009,base,no_plasticity,1,0.001984636066481471,,,,
compatibility,51009,base,no_plasticity,2,0.006384504958987236,,,,
compatibility,51009,base,no_plasticity,3,0.0030832618940621614,,,,
compatibility,51009,base,no_plasticity,4,0.0032043922692537308,,,,
compatibility,51009,base,no_plasticity,5,0.0038053691387176514,,,,
compatibility,51009,base,no_plasticity,6,0.0011513648787513375,,,,
compatibility,51009,base,no_plasticity,7,0.0014534929068759084,,,,
compatibility,51009,base,no_plasticity,8,0.001695341314189136,,,,
compatibility,51009,base,no_plasticity,9,0.004410821013152599,,,,
compatibility,51009,base,no_plasticity,10,0.0012802403653040528,,,,
compatibility,51009,base,no_plasticity,11,0.0015827241586521268,,,,
compatibility,51009,base,no_plasticity,12,0.0037635036278516054,,,,
compatibility,51009,base,no_plasticity,13,0.0014342673821374774,,,,
compatibility,51009,base,no_plasticity,14,0.0022507619578391314,,,,
compatibility,51009,base,no_plasticity,15,0.002394990297034383,,,,
compatibility,51009,base,no_plasticity,16,0.002955612726509571,,,,
compatibility,51009,base,no_plasticity,17,0.4499553442001343,,,,
compatibility,51009,base,no_plasticity,18,0.003026639809831977,,,,
compatibility,51009,base,no_plasticity,19,0.005606598220765591,,,,
compatibility,51009,base,no_plasticity,20,0.004404466599225998,,,,
compatibility,51009,base,no_plasticity,21,0.003051110776141286,,,,
compatibility,51009,base,no_plasticity,22,0.0007351894164457917,,,,
compatibility,51009,base,no_plasticity,23,0.0026006996631622314,,,,
compatibility,51009,base,no_plasticity,24,0.001509414752945304,,,,
compatibility,51009,base,no_plasticity,25,0.0022077865432947874,,,,
compatibility,51009,base,no_plasticity,26,0.003350205719470978,,,,
compatibility,51009,base,no_plasticity,27,0.0024725589901208878,,,,
cue_schedule,51009,base,swap,,,1,2,False,0.7911238670349121
cue_schedule,51009,base,swap,,,2,3,False,0.8254539966583252
cue_schedule,51009,base,swap,,,3,4,False,0.8730257153511047
cue_schedule,51009,base,swap,,,4,5,False,0.867256224155426
cue_schedule,51009,base,swap,,,5,6,False,0.8443769812583923
cue_schedule,51009,base,swap,,,6,7,False,0.873931348323822
cue_schedule,51009,base,swap,,,7,8,False,0.9004228711128235
cue_schedule,51009,base,swap,,,8,9,False,0.8921045660972595
cue_schedule,51009,base,swap,,,9,10,False,0.8509979248046875
cue_schedule,51009,base,swap,,,10,11,True,0.29269349575042725
cue_schedule,51009,base,swap,,,11,12,False,0.7646426558494568
cue_schedule,51009,base,swap,,,12,13,False,0.8910489082336426
cue_schedule,51009,base,swap,,,13,14,False,0.8350427150726318
cue_schedule,51009,base,swap,,,14,15,False,0.8441696166992188
cue_schedule,51009,base,swap,,,15,16,False,0.8462911248207092
cue_schedule,51009,base,swap,,,16,17,False,0.8751917481422424
cue_schedule,51009,base,swap,,,17,18,False,0.8801102638244629
cue_schedule,51009,base,swap,,,18,19,False,0.8138313889503479
cue_schedule,51009,base,swap,,,19,20,False,0.9030832648277283
cue_schedule,51009,base,swap,,,20,21,True,0.40405845642089844
cue_schedule,51009,base,swap,,,21,22,False,0.7812851667404175
cue_schedule,51009,base,swap,,,22,23,False,0.8265010118484497
cue_schedule,51009,base,swap,,,23,24,False,0.8619714379310608
cue_schedule,51009,base,swap,,,24,25,False,0.8512319326400757
cue_schedule,51009,base,swap,,,25,26,False,0.8806456923484802
cue_schedule,51009,base,swap,,,26,27,False,0.8965742588043213
cue_schedule,51009,base,swap,,,27,28,False,0.8632994890213013
cue_schedule,51009,base,swap,,,28,29,False,0.8377841114997864
cue_schedule,51009,base,swap,,,29,30,False,0.8465730547904968
cue_schedule,51009,base,swap,,,30,31,True,0.2659004032611847
cue_schedule,51009,base,swap,,,31,32,False,0.762096643447876
cue_schedule,51009,base,swap,,,32,33,False,0.8111096024513245
cue_schedule,51009,base,swap,,,33,34,False,0.8487074375152588
cue_schedule,51009,base,swap,,,34,35,False,0.8533426523208618
cue_schedule,51009,base,swap,,,35,36,False,0.859835684299469
cue_schedule,51009,base,swap,,,36,37,False,0.8759702444076538
cue_schedule,51009,base,swap,,,37,38,False,0.8752130270004272
cue_schedule,51009,base,swap,,,38,39,False,0.8560791015625
cue_schedule,51009,base,swap,,,39,40,False,0.8741023540496826
cue_schedule,51009,base,no_swap,,,1,2,False,0.7911238670349121
cue_schedule,51009,base,no_swap,,,2,3,False,0.8254539966583252
cue_schedule,51009,base,no_swap,,,3,4,False,0.8730257153511047
cue_schedule,51009,base,no_swap,,,4,5,False,0.867256224155426
cue_schedule,51009,base,no_swap,,,5,6,False,0.8443769812583923
cue_schedule,51009,base,no_swap,,,6,7,False,0.873931348323822
cue_schedule,51009,base,no_swap,,,7,8,False,0.9004228711128235
cue_schedule,51009,base,no_swap,,,8,9,False,0.8921045660972595
cue_schedule,51009,base,no_swap,,,9,10,False,0.8509979248046875
cue_schedule,51009,base,no_swap,,,10,11,False,0.8833606839179993
cue_schedule,51009,base,no_swap,,,11,12,False,0.8737232089042664
cue_schedule,51009,base,no_swap,,,12,13,False,0.8489366173744202
cue_schedule,51009,base,no_swap,,,13,14,False,0.8082106709480286
cue_schedule,51009,base,no_swap,,,14,15,False,0.8347994089126587
cue_schedule,51009,base,no_swap,,,15,16,False,0.8477206230163574
cue_schedule,51009,base,no_swap,,,16,17,False,0.8207528591156006
cue_schedule,51009,base,no_swap,,,17,18,False,0.8065016865730286
cue_schedule,51009,base,no_swap,,,18,19,False,0.8154260516166687
cue_schedule,51009,base,no_swap,,,19,20,False,0.8541959524154663
cue_schedule,51009,base,no_swap,,,20,21,False,0.8344395160675049
cue_schedule,51009,base,no_swap,,,21,22,False,0.8869581818580627
cue_schedule,51009,base,no_swap,,,22,23,False,0.8807348608970642
cue_schedule,51009,base,no_swap,,,23,24,False,0.841282069683075
cue_schedule,51009,base,no_swap,,,24,25,False,0.85503751039505
cue_schedule,51009,base,no_swap,,,25,26,False,0.8663160800933838
cue_schedule,51009,base,no_swap,,,26,27,False,0.8952763080596924
cue_schedule,51009,base,no_swap,,,27,28,False,0.8718864321708679
cue_schedule,51009,base,no_swap,,,28,29,False,0.8383277654647827
cue_schedule,51009,base,no_swap,,,29,30,False,0.8573902249336243
cue_schedule,51009,base,no_swap,,,30,31,False,0.8923496007919312
cue_schedule,51009,base,no_swap,,,31,32,False,0.8526248335838318
cue_schedule,51009,base,no_swap,,,32,33,False,0.7946588397026062
cue_schedule,51009,base,no_swap,,,33,34,False,0.8745171427726746
cue_schedule,51009,base,no_swap,,,34,35,False,0.8295314908027649
cue_schedule,51009,base,no_swap,,,35,36,False,0.813826322555542
cue_schedule,51009,base,no_swap,,,36,37,False,0.8790224194526672
cue_schedule,51009,base,no_swap,,,37,38,False,0.865276575088501
cue_schedule,51009,base,no_swap,,,38,39,False,0.8003155589103699
cue_schedule,51009,base,no_swap,,,39,40,False,0.886414110660553
compatibility,51009,err2,aligned,0,0.6508665084838867,,,,
compatibility,51009,err2,aligned,1,0.641867458820343,,,,
compatibility,51009,err2,aligned,2,0.4488472640514374,,,,
compatibility,51009,err2,aligned,3,0.4499448537826538,,,,
compatibility,51009,err2,aligned,4,0.4484981596469879,,,,
compatibility,51009,err2,aligned,5,0.44733351469039917,,,,
compatibility,51009,err2,aligned,6,0.5780680179595947,,,,
compatibility,51009,err2,aligned,7,0.4493488073348999,,,,
compatibility,51009,err2,aligned,8,0.4479271173477173,,,,
compatibility,51009,err2,aligned,9,0.7127519249916077,,,,
compatibility,51009,err2,aligned,10,0.44721853733062744,,,,
compatibility,51009,err2,aligned,11,0.4534202218055725,,,,
compatibility,51009,err2,aligned,12,0.4679209887981415,,,,
compatibility,51009,err2,aligned,13,0.25398337841033936,,,,
compatibility,51009,err2,aligned,14,0.4488341808319092,,,,
compatibility,51009,err2,aligned,15,0.4514910578727722,,,,
compatibility,51009,err2,aligned,16,0.4174993336200714,,,,
compatibility,51009,err2,aligned,17,0.6039069890975952,,,,
compatibility,51009,err2,aligned,18,0.585802435874939,,,,
compatibility,51009,err2,aligned,19,0.4711904525756836,,,,
compatibility,51009,err2,aligned,20,0.6041750907897949,,,,
compatibility,51009,err2,aligned,21,0.46007874608039856,,,,
compatibility,51009,err2,aligned,22,0.5023923516273499,,,,
compatibility,51009,err2,aligned,23,0.0032312541734427214,,,,
compatibility,51009,err2,aligned,24,0.45708805322647095,,,,
compatibility,51009,err2,aligned,25,0.5907288193702698,,,,
compatibility,51009,err2,aligned,26,0.48754188418388367,,,,
compatibility,51009,err2,aligned,27,0.4432324171066284,,,,
compatibility,51009,err2,fixed_permutation,0,0.00019844940106850117,,,,
compatibility,51009,err2,fixed_permutation,1,0.0005648971418850124,,,,
compatibility,51009,err2,fixed_permutation,2,0.4433867633342743,,,,
compatibility,51009,err2,fixed_permutation,3,0.025208549574017525,,,,
compatibility,51009,err2,fixed_permutation,4,0.00011070904292864725,,,,
compatibility,51009,err2,fixed_permutation,5,0.00024468929041177034,,,,
compatibility,51009,err2,fixed_permutation,6,3.0040479032322764e-05,,,,
compatibility,51009,err2,fixed_permutation,7,8.482406701659784e-05,,,,
compatibility,51009,err2,fixed_permutation,8,0.08452235162258148,,,,
compatibility,51009,err2,fixed_permutation,9,2.1534322513616644e-05,,,,
compatibility,51009,err2,fixed_permutation,10,0.012807538732886314,,,,
compatibility,51009,err2,fixed_permutation,11,0.005668507423251867,,,,
compatibility,51009,err2,fixed_permutation,12,0.00028417367138899863,,,,
compatibility,51009,err2,fixed_permutation,13,0.02324426732957363,,,,
compatibility,51009,err2,fixed_permutation,14,0.019334757700562477,,,,
compatibility,51009,err2,fixed_permutation,15,0.0020836000330746174,,,,
compatibility,51009,err2,fixed_permutation,16,0.4326283931732178,,,,
compatibility,51009,err2,fixed_permutation,17,0.016365522518754005,,,,
compatibility,51009,err2,fixed_permutation,18,0.0011881995014846325,,,,
compatibility,51009,err2,fixed_permutation,19,0.01061092410236597,,,,
compatibility,51009,err2,fixed_permutation,20,5.254400548437843e-06,,,,
compatibility,51009,err2,fixed_permutation,21,5.740320830227574e-06,,,,
compatibility,51009,err2,fixed_permutation,22,0.0006383341969922185,,,,
compatibility,51009,err2,fixed_permutation,23,0.002528231358155608,,,,
compatibility,51009,err2,fixed_permutation,24,0.000572877237573266,,,,
compatibility,51009,err2,fixed_permutation,25,0.40026411414146423,,,,
compatibility,51009,err2,fixed_permutation,26,0.0005263059283606708,,,,
compatibility,51009,err2,fixed_permutation,27,3.8554233469767496e-05,,,,
compatibility,51009,err2,matched_decoder,0,0.6508661508560181,,,,
compatibility,51009,err2,matched_decoder,1,0.6418675184249878,,,,
compatibility,51009,err2,matched_decoder,2,0.44884729385375977,,,,
compatibility,51009,err2,matched_decoder,3,0.4499448239803314,,,,
compatibility,51009,err2,matched_decoder,4,0.4484981894493103,,,,
compatibility,51009,err2,matched_decoder,5,0.44733351469039917,,,,
compatibility,51009,err2,matched_decoder,6,0.5780678391456604,,,,
compatibility,51009,err2,matched_decoder,7,0.4493488371372223,,,,
compatibility,51009,err2,matched_decoder,8,0.4479271471500397,,,,
compatibility,51009,err2,matched_decoder,9,0.7127521634101868,,,,
compatibility,51009,err2,matched_decoder,10,0.44721853733062744,,,,
compatibility,51009,err2,matched_decoder,11,0.4534201920032501,,,,
compatibility,51009,err2,matched_decoder,12,0.4679209589958191,,,,
compatibility,51009,err2,matched_decoder,13,0.2539837658405304,,,,
compatibility,51009,err2,matched_decoder,14,0.44883421063423157,,,,
compatibility,51009,err2,matched_decoder,15,0.4514910578727722,,,,
compatibility,51009,err2,matched_decoder,16,0.417499840259552,,,,
compatibility,51009,err2,matched_decoder,17,0.6039074063301086,,,,
compatibility,51009,err2,matched_decoder,18,0.5858020782470703,,,,
compatibility,51009,err2,matched_decoder,19,0.4711904227733612,,,,
compatibility,51009,err2,matched_decoder,20,0.6041750907897949,,,,
compatibility,51009,err2,matched_decoder,21,0.4600786864757538,,,,
compatibility,51009,err2,matched_decoder,22,0.5023924112319946,,,,
compatibility,51009,err2,matched_decoder,23,0.003231257200241089,,,,
compatibility,51009,err2,matched_decoder,24,0.45708805322647095,,,,
compatibility,51009,err2,matched_decoder,25,0.590728759765625,,,,
compatibility,51009,err2,matched_decoder,26,0.4875417947769165,,,,
compatibility,51009,err2,matched_decoder,27,0.4432324767112732,,,,
compatibility,51009,err2,random_content,0,0.013714191503822803,,,,
compatibility,51009,err2,random_content,1,0.0037390030920505524,,,,
compatibility,51009,err2,random_content,2,3.2497862321179127e-06,,,,
compatibility,51009,err2,random_content,3,0.4467545449733734,,,,
compatibility,51009,err2,random_content,4,0.006700290832668543,,,,
compatibility,51009,err2,random_content,5,0.00026500600506551564,,,,
compatibility,51009,err2,random_content,6,0.034424006938934326,,,,
compatibility,51009,err2,random_content,7,0.009594857692718506,,,,
compatibility,51009,err2,random_content,8,0.44855618476867676,,,,
compatibility,51009,err2,random_content,9,0.00015790002362336963,,,,
compatibility,51009,err2,random_content,10,0.0032474214676767588,,,,
compatibility,51009,err2,random_content,11,0.36234942078590393,,,,
compatibility,51009,err2,random_content,12,7.102960807969794e-05,,,,
compatibility,51009,err2,random_content,13,3.517853883749922e-06,,,,
compatibility,51009,err2,random_content,14,0.44750839471817017,,,,
compatibility,51009,err2,random_content,15,0.06371185183525085,,,,
compatibility,51009,err2,random_content,16,0.008463749662041664,,,,
compatibility,51009,err2,random_content,17,0.0007323151803575456,,,,
compatibility,51009,err2,random_content,18,0.0005200881278142333,,,,
compatibility,51009,err2,random_content,19,0.07041643559932709,,,,
compatibility,51009,err2,random_content,20,0.451118141412735,,,,
compatibility,51009,err2,random_content,21,8.00735051598167e-06,,,,
compatibility,51009,err2,random_content,22,0.00016367518401239067,,,,
compatibility,51009,err2,random_content,23,0.0056671928614377975,,,,
compatibility,51009,err2,random_content,24,0.012190406210720539,,,,
compatibility,51009,err2,random_content,25,5.4547766922041774e-05,,,,
compatibility,51009,err2,random_content,26,0.5514530539512634,,,,
compatibility,51009,err2,random_content,27,0.09998448193073273,,,,
compatibility,51009,err2,no_plasticity,0,0.0022419565357267857,,,,
compatibility,51009,err2,no_plasticity,1,0.001984636066481471,,,,
compatibility,51009,err2,no_plasticity,2,0.006384504958987236,,,,
compatibility,51009,err2,no_plasticity,3,0.0030832618940621614,,,,
compatibility,51009,err2,no_plasticity,4,0.0032043922692537308,,,,
compatibility,51009,err2,no_plasticity,5,0.0038053691387176514,,,,
compatibility,51009,err2,no_plasticity,6,0.0011513648787513375,,,,
compatibility,51009,err2,no_plasticity,7,0.0014534929068759084,,,,
compatibility,51009,err2,no_plasticity,8,0.001695341314189136,,,,
compatibility,51009,err2,no_plasticity,9,0.004410821013152599,,,,
compatibility,51009,err2,no_plasticity,10,0.0012802403653040528,,,,
compatibility,51009,err2,no_plasticity,11,0.0015827241586521268,,,,
compatibility,51009,err2,no_plasticity,12,0.0037635036278516054,,,,
compatibility,51009,err2,no_plasticity,13,0.0014342673821374774,,,,
compatibility,51009,err2,no_plasticity,14,0.0022507619578391314,,,,
compatibility,51009,err2,no_plasticity,15,0.002394990297034383,,,,
compatibility,51009,err2,no_plasticity,16,0.002955612726509571,,,,
compatibility,51009,err2,no_plasticity,17,0.4499553442001343,,,,
compatibility,51009,err2,no_plasticity,18,0.003026639809831977,,,,
compatibility,51009,err2,no_plasticity,19,0.005606598220765591,,,,
compatibility,51009,err2,no_plasticity,20,0.004404466599225998,,,,
compatibility,51009,err2,no_plasticity,21,0.003051110776141286,,,,
compatibility,51009,err2,no_plasticity,22,0.0007351894164457917,,,,
compatibility,51009,err2,no_plasticity,23,0.0026006996631622314,,,,
compatibility,51009,err2,no_plasticity,24,0.001509414752945304,,,,
compatibility,51009,err2,no_plasticity,25,0.0022077865432947874,,,,
compatibility,51009,err2,no_plasticity,26,0.003350205719470978,,,,
compatibility,51009,err2,no_plasticity,27,0.0024725589901208878,,,,
cue_schedule,51009,err2,swap,,,1,2,False,0.7187357544898987
cue_schedule,51009,err2,swap,,,2,3,False,0.8317914605140686
cue_schedule,51009,err2,swap,,,3,4,False,0.8280549049377441
cue_schedule,51009,err2,swap,,,4,5,False,0.8708368539810181
cue_schedule,51009,err2,swap,,,5,6,False,0.8590589165687561
cue_schedule,51009,err2,swap,,,6,7,False,0.7988982200622559
cue_schedule,51009,err2,swap,,,7,8,False,0.8043896555900574
cue_schedule,51009,err2,swap,,,8,9,False,0.7968841791152954
cue_schedule,51009,err2,swap,,,9,10,False,0.8044924736022949
cue_schedule,51009,err2,swap,,,10,11,True,0.4528043866157532
cue_schedule,51009,err2,swap,,,11,12,False,0.8277088403701782
cue_schedule,51009,err2,swap,,,12,13,False,0.8305608630180359
cue_schedule,51009,err2,swap,,,13,14,False,0.832263171672821
cue_schedule,51009,err2,swap,,,14,15,False,0.8109326362609863
cue_schedule,51009,err2,swap,,,15,16,False,0.8331116437911987
cue_schedule,51009,err2,swap,,,16,17,False,0.8713495135307312
cue_schedule,51009,err2,swap,,,17,18,False,0.8739948272705078
cue_schedule,51009,err2,swap,,,18,19,False,0.8567463755607605
cue_schedule,51009,err2,swap,,,19,20,False,0.886607825756073
cue_schedule,51009,err2,swap,,,20,21,True,0.5295464396476746
cue_schedule,51009,err2,swap,,,21,22,False,0.8793757557868958
cue_schedule,51009,err2,swap,,,22,23,False,0.8759349584579468
cue_schedule,51009,err2,swap,,,23,24,False,0.8686171174049377
cue_schedule,51009,err2,swap,,,24,25,False,0.8740487694740295
cue_schedule,51009,err2,swap,,,25,26,False,0.8429358005523682
cue_schedule,51009,err2,swap,,,26,27,False,0.8809009790420532
cue_schedule,51009,err2,swap,,,27,28,False,0.9101253747940063
cue_schedule,51009,err2,swap,,,28,29,False,0.8992668986320496
cue_schedule,51009,err2,swap,,,29,30,False,0.8638949394226074
cue_schedule,51009,err2,swap,,,30,31,True,0.5126997232437134
cue_schedule,51009,err2,swap,,,31,32,False,0.8990393280982971
cue_schedule,51009,err2,swap,,,32,33,False,0.8642125725746155
cue_schedule,51009,err2,swap,,,33,34,False,0.8900181651115417
cue_schedule,51009,err2,swap,,,34,35,False,0.8537317514419556
cue_schedule,51009,err2,swap,,,35,36,False,0.8799128532409668
cue_schedule,51009,err2,swap,,,36,37,False,0.872096836566925
cue_schedule,51009,err2,swap,,,37,38,False,0.8835726976394653
cue_schedule,51009,err2,swap,,,38,39,False,0.8684254288673401
cue_schedule,51009,err2,swap,,,39,40,False,0.8970303535461426
cue_schedule,51009,err2,no_swap,,,1,2,False,0.7187357544898987
cue_schedule,51009,err2,no_swap,,,2,3,False,0.8317914605140686
cue_schedule,51009,err2,no_swap,,,3,4,False,0.8280549049377441
cue_schedule,51009,err2,no_swap,,,4,5,False,0.8708368539810181
cue_schedule,51009,err2,no_swap,,,5,6,False,0.8590589165687561
cue_schedule,51009,err2,no_swap,,,6,7,False,0.7988982200622559
cue_schedule,51009,err2,no_swap,,,7,8,False,0.8043896555900574
cue_schedule,51009,err2,no_swap,,,8,9,False,0.7968841791152954
cue_schedule,51009,err2,no_swap,,,9,10,False,0.8044924736022949
cue_schedule,51009,err2,no_swap,,,10,11,False,0.8050559163093567
cue_schedule,51009,err2,no_swap,,,11,12,False,0.8344585299491882
cue_schedule,51009,err2,no_swap,,,12,13,False,0.8465976715087891
cue_schedule,51009,err2,no_swap,,,13,14,False,0.8309909701347351
cue_schedule,51009,err2,no_swap,,,14,15,False,0.8461624979972839
cue_schedule,51009,err2,no_swap,,,15,16,False,0.8553161025047302
cue_schedule,51009,err2,no_swap,,,16,17,False,0.8583044409751892
cue_schedule,51009,err2,no_swap,,,17,18,False,0.8504676818847656
cue_schedule,51009,err2,no_swap,,,18,19,False,0.8698300719261169
cue_schedule,51009,err2,no_swap,,,19,20,False,0.895367443561554
cue_schedule,51009,err2,no_swap,,,20,21,False,0.8763490915298462
cue_schedule,51009,err2,no_swap,,,21,22,False,0.8898670673370361
cue_schedule,51009,err2,no_swap,,,22,23,False,0.905336320400238
cue_schedule,51009,err2,no_swap,,,23,24,False,0.8944708108901978
cue_schedule,51009,err2,no_swap,,,24,25,False,0.8872384428977966
cue_schedule,51009,err2,no_swap,,,25,26,False,0.855314314365387
cue_schedule,51009,err2,no_swap,,,26,27,False,0.8793634176254272
cue_schedule,51009,err2,no_swap,,,27,28,False,0.9027788043022156
cue_schedule,51009,err2,no_swap,,,28,29,False,0.9118094444274902
cue_schedule,51009,err2,no_swap,,,29,30,False,0.8664451837539673
cue_schedule,51009,err2,no_swap,,,30,31,False,0.8621614575386047
cue_schedule,51009,err2,no_swap,,,31,32,False,0.8839993476867676
cue_schedule,51009,err2,no_swap,,,32,33,False,0.8714268207550049
cue_schedule,51009,err2,no_swap,,,33,34,False,0.8880230784416199
cue_schedule,51009,err2,no_swap,,,34,35,False,0.8551916480064392
cue_schedule,51009,err2,no_swap,,,35,36,False,0.8913238644599915
cue_schedule,51009,err2,no_swap,,,36,37,False,0.8857043385505676
cue_schedule,51009,err2,no_swap,,,37,38,False,0.8906612396240234
cue_schedule,51009,err2,no_swap,,,38,39,False,0.8709931969642639
cue_schedule,51009,err2,no_swap,,,39,40,False,0.8751065135002136
compatibility,51010,base,aligned,0,0.984205424785614,,,,
compatibility,51010,base,aligned,1,0.9013729691505432,,,,
compatibility,51010,base,aligned,2,0.824038565158844,,,,
compatibility,51010,base,aligned,3,0.7836700677871704,,,,
compatibility,51010,base,aligned,4,0.9097098708152771,,,,
compatibility,51010,base,aligned,5,0.8186210989952087,,,,
compatibility,51010,base,aligned,6,0.8410876393318176,,,,
compatibility,51010,base,aligned,7,0.794224202632904,,,,
compatibility,51010,base,aligned,8,0.7463239431381226,,,,
compatibility,51010,base,aligned,9,0.6936647891998291,,,,
compatibility,51010,base,aligned,10,0.9495024085044861,,,,
compatibility,51010,base,aligned,11,0.8893039226531982,,,,
compatibility,51010,base,aligned,12,0.9197984933853149,,,,
compatibility,51010,base,aligned,13,0.6905553340911865,,,,
compatibility,51010,base,aligned,14,0.8938237428665161,,,,
compatibility,51010,base,aligned,15,0.998436689376831,,,,
compatibility,51010,base,aligned,16,0.8454251289367676,,,,
compatibility,51010,base,aligned,17,0.9070608615875244,,,,
compatibility,51010,base,aligned,18,0.5361286997795105,,,,
compatibility,51010,base,aligned,19,0.8467406630516052,,,,
compatibility,51010,base,aligned,20,0.7738646864891052,,,,
compatibility,51010,base,aligned,21,0.5869069695472717,,,,
compatibility,51010,base,aligned,22,0.7537281513214111,,,,
compatibility,51010,base,aligned,23,0.9582300186157227,,,,
compatibility,51010,base,aligned,24,0.867542028427124,,,,
compatibility,51010,base,aligned,25,0.6878674626350403,,,,
compatibility,51010,base,aligned,26,0.7443606853485107,,,,
compatibility,51010,base,aligned,27,0.9821250438690186,,,,
compatibility,51010,base,fixed_permutation,0,0.20028789341449738,,,,
compatibility,51010,base,fixed_permutation,1,0.17236661911010742,,,,
compatibility,51010,base,fixed_permutation,2,0.46225884556770325,,,,
compatibility,51010,base,fixed_permutation,3,0.038318537175655365,,,,
compatibility,51010,base,fixed_permutation,4,0.00018901056319009513,,,,
compatibility,51010,base,fixed_permutation,5,0.056545644998550415,,,,
compatibility,51010,base,fixed_permutation,6,0.17269714176654816,,,,
compatibility,51010,base,fixed_permutation,7,0.14198456704616547,,,,
compatibility,51010,base,fixed_permutation,8,0.055630624294281006,,,,
compatibility,51010,base,fixed_permutation,9,8.755170711083338e-06,,,,
compatibility,51010,base,fixed_permutation,10,0.33760544657707214,,,,
compatibility,51010,base,fixed_permutation,11,0.17546899616718292,,,,
compatibility,51010,base,fixed_permutation,12,0.057514213025569916,,,,
compatibility,51010,base,fixed_permutation,13,0.004045216832309961,,,,
compatibility,51010,base,fixed_permutation,14,0.406724750995636,,,,
compatibility,51010,base,fixed_permutation,15,0.001297174603678286,,,,
compatibility,51010,base,fixed_permutation,16,2.827115395120927e-06,,,,
compatibility,51010,base,fixed_permutation,17,0.11539217084646225,,,,
compatibility,51010,base,fixed_permutation,18,5.188318482396426e-06,,,,
compatibility,51010,base,fixed_permutation,19,0.24657729268074036,,,,
compatibility,51010,base,fixed_permutation,20,0.16519585251808167,,,,
compatibility,51010,base,fixed_permutation,21,0.007161795627325773,,,,
compatibility,51010,base,fixed_permutation,22,0.376274049282074,,,,
compatibility,51010,base,fixed_permutation,23,0.33876940608024597,,,,
compatibility,51010,base,fixed_permutation,24,0.24913397431373596,,,,
compatibility,51010,base,fixed_permutation,25,0.00026108790189027786,,,,
compatibility,51010,base,fixed_permutation,26,0.19308404624462128,,,,
compatibility,51010,base,fixed_permutation,27,0.005171481519937515,,,,
compatibility,51010,base,matched_decoder,0,0.984205424785614,,,,
compatibility,51010,base,matched_decoder,1,0.9013729691505432,,,,
compatibility,51010,base,matched_decoder,2,0.8240386247634888,,,,
compatibility,51010,base,matched_decoder,3,0.78367018699646,,,,
compatibility,51010,base,matched_decoder,4,0.9097099304199219,,,,
compatibility,51010,base,matched_decoder,5,0.8186210989952087,,,,
compatibility,51010,base,matched_decoder,6,0.8410876393318176,,,,
compatibility,51010,base,matched_decoder,7,0.7942242622375488,,,,
compatibility,51010,base,matched_decoder,8,0.7463238835334778,,,,
compatibility,51010,base,matched_decoder,9,0.6936647891998291,,,,
compatibility,51010,base,matched_decoder,10,0.9495024085044861,,,,
compatibility,51010,base,matched_decoder,11,0.8893039226531982,,,,
compatibility,51010,base,matched_decoder,12,0.9197984933853149,,,,
compatibility,51010,base,matched_decoder,13,0.6905554533004761,,,,
compatibility,51010,base,matched_decoder,14,0.8938237428665161,,,,
compatibility,51010,base,matched_decoder,15,0.998436689376831,,,,
compatibility,51010,base,matched_decoder,16,0.8454251289367676,,,,
compatibility,51010,base,matched_decoder,17,0.9070606827735901,,,,
compatibility,51010,base,matched_decoder,18,0.5361286401748657,,,,
compatibility,51010,base,matched_decoder,19,0.8467406630516052,,,,
compatibility,51010,base,matched_decoder,20,0.7738646864891052,,,,
compatibility,51010,base,matched_decoder,21,0.5869067907333374,,,,
compatibility,51010,base,matched_decoder,22,0.7537280917167664,,,,
compatibility,51010,base,matched_decoder,23,0.9582300782203674,,,,
compatibility,51010,base,matched_decoder,24,0.8675421476364136,,,,
compatibility,51010,base,matched_decoder,25,0.6878675222396851,,,,
compatibility,51010,base,matched_decoder,26,0.7443605661392212,,,,
compatibility,51010,base,matched_decoder,27,0.9821250438690186,,,,
compatibility,51010,base,random_content,0,0.1283819079399109,,,,
compatibility,51010,base,random_content,1,0.05522582307457924,,,,
compatibility,51010,base,random_content,2,0.00019803688337560743,,,,
compatibility,51010,base,random_content,3,0.2211233526468277,,,,
compatibility,51010,base,random_content,4,0.23204588890075684,,,,
compatibility,51010,base,random_content,5,0.14179930090904236,,,,
compatibility,51010,base,random_content,6,0.3973868489265442,,,,
compatibility,51010,base,random_content,7,0.04355230927467346,,,,
compatibility,51010,base,random_content,8,0.34474319219589233,,,,
compatibility,51010,base,random_content,9,7.213729531940771e-06,,,,
compatibility,51010,base,random_content,10,0.3063739538192749,,,,
compatibility,51010,base,random_content,11,0.3905133008956909,,,,
compatibility,51010,base,random_content,12,0.1289004683494568,,,,
compatibility,51010,base,random_content,13,0.0010451322887092829,,,,
compatibility,51010,base,random_content,14,0.10263033211231232,,,,
compatibility,51010,base,random_content,15,0.4121323227882385,,,,
compatibility,51010,base,random_content,16,0.34358248114585876,,,,
compatibility,51010,base,random_content,17,0.26831552386283875,,,,
compatibility,51010,base,random_content,18,3.868784915539436e-05,,,,
compatibility,51010,base,random_content,19,0.005861292127519846,,,,
compatibility,51010,base,random_content,20,0.24936224520206451,,,,
compatibility,51010,base,random_content,21,0.012566681019961834,,,,
compatibility,51010,base,random_content,22,0.3311805725097656,,,,
compatibility,51010,base,random_content,23,0.3921394348144531,,,,
compatibility,51010,base,random_content,24,0.07679229229688644,,,,
compatibility,51010,base,random_content,25,0.1443319469690323,,,,
compatibility,51010,base,random_content,26,0.2978178858757019,,,,
compatibility,51010,base,random_content,27,0.2598626911640167,,,,
compatibility,51010,base,no_plasticity,0,0.16584202647209167,,,,
compatibility,51010,base,no_plasticity,1,0.19070446491241455,,,,
compatibility,51010,base,no_plasticity,2,0.3091222047805786,,,,
compatibility,51010,base,no_plasticity,3,0.1622495800256729,,,,
compatibility,51010,base,no_plasticity,4,0.35082554817199707,,,,
compatibility,51010,base,no_plasticity,5,0.19061516225337982,,,,
compatibility,51010,base,no_plasticity,6,0.13267424702644348,,,,
compatibility,51010,base,no_plasticity,7,0.24048878252506256,,,,
compatibility,51010,base,no_plasticity,8,0.12155406177043915,,,,
compatibility,51010,base,no_plasticity,9,0.3910934329032898,,,,
compatibility,51010,base,no_plasticity,10,0.20199131965637207,,,,
compatibility,51010,base,no_plasticity,11,0.1542166769504547,,,,
compatibility,51010,base,no_plasticity,12,0.21915362775325775,,,,
compatibility,51010,base,no_plasticity,13,0.535742998123169,,,,
compatibility,51010,base,no_plasticity,14,0.3235861659049988,,,,
compatibility,51010,base,no_plasticity,15,0.19302140176296234,,,,
compatibility,51010,base,no_plasticity,16,0.270128458738327,,,,
compatibility,51010,base,no_plasticity,17,0.15718737244606018,,,,
compatibility,51010,base,no_plasticity,18,0.218928262591362,,,,
compatibility,51010,base,no_plasticity,19,0.33663374185562134,,,,
compatibility,51010,base,no_plasticity,20,0.3334696292877197,,,,
compatibility,51010,base,no_plasticity,21,0.2804552912712097,,,,
compatibility,51010,base,no_plasticity,22,0.278373122215271,,,,
compatibility,51010,base,no_plasticity,23,0.16852331161499023,,,,
compatibility,51010,base,no_plasticity,24,0.21660484373569489,,,,
compatibility,51010,base,no_plasticity,25,0.23007158935070038,,,,
compatibility,51010,base,no_plasticity,26,0.1265086829662323,,,,
compatibility,51010,base,no_plasticity,27,0.1853586733341217,,,,
cue_schedule,51010,base,swap,,,1,2,False,0.7959924340248108
cue_schedule,51010,base,swap,,,2,3,False,0.7497053742408752
cue_schedule,51010,base,swap,,,3,4,False,0.8446951508522034
cue_schedule,51010,base,swap,,,4,5,False,0.8048111200332642
cue_schedule,51010,base,swap,,,5,6,False,0.8428194522857666
cue_schedule,51010,base,swap,,,6,7,False,0.8357186913490295
cue_schedule,51010,base,swap,,,7,8,False,0.857364296913147
cue_schedule,51010,base,swap,,,8,9,False,0.8301951885223389
cue_schedule,51010,base,swap,,,9,10,False,0.8106057643890381
cue_schedule,51010,base,swap,,,10,11,True,0.34449824690818787
cue_schedule,51010,base,swap,,,11,12,False,0.7008313536643982
cue_schedule,51010,base,swap,,,12,13,False,0.7600561380386353
cue_schedule,51010,base,swap,,,13,14,False,0.8025687336921692
cue_schedule,51010,base,swap,,,14,15,False,0.8527147173881531
cue_schedule,51010,base,swap,,,15,16,False,0.8091656565666199
cue_schedule,51010,base,swap,,,16,17,False,0.8399903774261475
cue_schedule,51010,base,swap,,,17,18,False,0.8434489965438843
cue_schedule,51010,base,swap,,,18,19,False,0.8185577988624573
cue_schedule,51010,base,swap,,,19,20,False,0.8759586811065674
cue_schedule,51010,base,swap,,,20,21,True,0.3342466652393341
cue_schedule,51010,base,swap,,,21,22,False,0.6994421482086182
cue_schedule,51010,base,swap,,,22,23,False,0.8415761590003967
cue_schedule,51010,base,swap,,,23,24,False,0.8391032218933105
cue_schedule,51010,base,swap,,,24,25,False,0.8196333050727844
cue_schedule,51010,base,swap,,,25,26,False,0.8492158651351929
cue_schedule,51010,base,swap,,,26,27,False,0.8388126492500305
cue_schedule,51010,base,swap,,,27,28,False,0.8721171617507935
cue_schedule,51010,base,swap,,,28,29,False,0.8659074902534485
cue_schedule,51010,base,swap,,,29,30,False,0.8757840991020203
cue_schedule,51010,base,swap,,,30,31,True,0.4417164921760559
cue_schedule,51010,base,swap,,,31,32,False,0.7457716464996338
cue_schedule,51010,base,swap,,,32,33,False,0.8016623854637146
cue_schedule,51010,base,swap,,,33,34,False,0.8251023292541504
cue_schedule,51010,base,swap,,,34,35,False,0.833973228931427
cue_schedule,51010,base,swap,,,35,36,False,0.816628634929657
cue_schedule,51010,base,swap,,,36,37,False,0.8583910465240479
cue_schedule,51010,base,swap,,,37,38,False,0.8308672904968262
cue_schedule,51010,base,swap,,,38,39,False,0.8743990063667297
cue_schedule,51010,base,swap,,,39,40,False,0.8940348625183105
cue_schedule,51010,base,no_swap,,,1,2,False,0.7959924340248108
cue_schedule,51010,base,no_swap,,,2,3,False,0.7497053742408752
cue_schedule,51010,base,no_swap,,,3,4,False,0.8446951508522034
cue_schedule,51010,base,no_swap,,,4,5,False,0.8048111200332642
cue_schedule,51010,base,no_swap,,,5,6,False,0.8428194522857666
cue_schedule,51010,base,no_swap,,,6,7,False,0.8357186913490295
cue_schedule,51010,base,no_swap,,,7,8,False,0.857364296913147
cue_schedule,51010,base,no_swap,,,8,9,False,0.8301951885223389
cue_schedule,51010,base,no_swap,,,9,10,False,0.8106057643890381
cue_schedule,51010,base,no_swap,,,10,11,False,0.8227251172065735
cue_schedule,51010,base,no_swap,,,11,12,False,0.8307578563690186
cue_schedule,51010,base,no_swap,,,12,13,False,0.820198655128479
cue_schedule,51010,base,no_swap,,,13,14,False,0.8026539087295532
cue_schedule,51010,base,no_swap,,,14,15,False,0.8441389203071594
cue_schedule,51010,base,no_swap,,,15,16,False,0.8261509537696838
cue_schedule,51010,base,no_swap,,,16,17,False,0.8144621849060059
cue_schedule,51010,base,no_swap,,,17,18,False,0.8196430802345276
cue_schedule,51010,base,no_swap,,,18,19,False,0.838655412197113
cue_schedule,51010,base,no_swap,,,19,20,False,0.8313682079315186
cue_schedule,51010,base,no_swap,,,20,21,False,0.851391613483429
cue_schedule,51010,base,no_swap,,,21,22,False,0.8270412683486938
cue_schedule,51010,base,no_swap,,,22,23,False,0.8318071961402893
cue_schedule,51010,base,no_swap,,,23,24,False,0.8689336180686951
cue_schedule,51010,base,no_swap,,,24,25,False,0.8280626535415649
cue_schedule,51010,base,no_swap,,,25,26,False,0.8620395064353943
cue_schedule,51010,base,no_swap,,,26,27,False,0.8452439308166504
cue_schedule,51010,base,no_swap,,,27,28,False,0.866946816444397
cue_schedule,51010,base,no_swap,,,28,29,False,0.8599262833595276
cue_schedule,51010,base,no_swap,,,29,30,False,0.8755454421043396
cue_schedule,51010,base,no_swap,,,30,31,False,0.8711830973625183
cue_schedule,51010,base,no_swap,,,31,32,False,0.8477864265441895
cue_schedule,51010,base,no_swap,,,32,33,False,0.827380359172821
cue_schedule,51010,base,no_swap,,,33,34,False,0.8219828009605408
cue_schedule,51010,base,no_swap,,,34,35,False,0.8034272789955139
cue_schedule,51010,base,no_swap,,,35,36,False,0.8366602063179016
cue_schedule,51010,base,no_swap,,,36,37,False,0.8114089965820312
cue_schedule,51010,base,no_swap,,,37,38,False,0.8347322940826416
cue_schedule,51010,base,no_swap,,,38,39,False,0.8428792357444763
cue_schedule,51010,base,no_swap,,,39,40,False,0.8430026173591614
compatibility,51010,err2,aligned,0,0.5067937970161438,,,,
compatibility,51010,err2,aligned,1,0.4719529449939728,,,,
compatibility,51010,err2,aligned,2,0.4621535837650299,,,,
compatibility,51010,err2,aligned,3,0.5653273463249207,,,,
compatibility,51010,err2,aligned,4,0.6323910355567932,,,,
compatibility,51010,err2,aligned,5,0.17879542708396912,,,,
compatibility,51010,err2,aligned,6,0.6174356341362,,,,
compatibility,51010,err2,aligned,7,0.9763848781585693,,,,
compatibility,51010,err2,aligned,8,0.534751832485199,,,,
compatibility,51010,err2,aligned,9,0.11661142855882645,,,,
compatibility,51010,err2,aligned,10,0.761510968208313,,,,
compatibility,51010,err2,aligned,11,0.5283190011978149,,,,
compatibility,51010,err2,aligned,12,0.4499404728412628,,,,
compatibility,51010,err2,aligned,13,0.44782307744026184,,,,
compatibility,51010,err2,aligned,14,0.5832328200340271,,,,
compatibility,51010,err2,aligned,15,0.6556801199913025,,,,
compatibility,51010,err2,aligned,16,0.7343336939811707,,,,
compatibility,51010,err2,aligned,17,0.7424329519271851,,,,
compatibility,51010,err2,aligned,18,0.5312507152557373,,,,
compatibility,51010,err2,aligned,19,0.8922535181045532,,,,
compatibility,51010,err2,aligned,20,0.4494648575782776,,,,
compatibility,51010,err2,aligned,21,0.455133318901062,,,,
compatibility,51010,err2,aligned,22,0.6467130780220032,,,,
compatibility,51010,err2,aligned,23,0.5899823904037476,,,,
compatibility,51010,err2,aligned,24,0.36990416049957275,,,,
compatibility,51010,err2,aligned,25,0.593858003616333,,,,
compatibility,51010,err2,aligned,26,0.6034398674964905,,,,
compatibility,51010,err2,aligned,27,0.6091821789741516,,,,
compatibility,51010,err2,fixed_permutation,0,2.2566486222785898e-05,,,,
compatibility,51010,err2,fixed_permutation,1,0.44717225432395935,,,,
compatibility,51010,err2,fixed_permutation,2,0.4493250250816345,,,,
compatibility,51010,err2,fixed_permutation,3,0.013941202312707901,,,,
compatibility,51010,err2,fixed_permutation,4,2.986385879921727e-06,,,,
compatibility,51010,err2,fixed_permutation,5,0.0005925552686676383,,,,
compatibility,51010,err2,fixed_permutation,6,0.056437890976667404,,,,
compatibility,51010,err2,fixed_permutation,7,0.003328191814944148,,,,
compatibility,51010,err2,fixed_permutation,8,0.004015575163066387,,,,
compatibility,51010,err2,fixed_permutation,9,0.0006303471745923162,,,,
compatibility,51010,err2,fixed_permutation,10,0.2131161391735077,,,,
compatibility,51010,err2,fixed_permutation,11,0.01921575330197811,,,,
compatibility,51010,err2,fixed_permutation,12,0.16856318712234497,,,,
compatibility,51010,err2,fixed_permutation,13,0.05240137130022049,,,,
compatibility,51010,err2,fixed_permutation,14,0.014037832617759705,,,,
compatibility,51010,err2,fixed_permutation,15,0.00011183800233993679,,,,
compatibility,51010,err2,fixed_permutation,16,9.312746129808147e-08,,,,
compatibility,51010,err2,fixed_permutation,17,0.00026229891227558255,,,,
compatibility,51010,err2,fixed_permutation,18,0.0001346001517958939,,,,
compatibility,51010,err2,fixed_permutation,19,0.004826447460800409,,,,
compatibility,51010,err2,fixed_permutation,20,1.474945656809723e-05,,,,
compatibility,51010,err2,fixed_permutation,21,0.000315279234200716,,,,
compatibility,51010,err2,fixed_permutation,22,0.00018170670955441892,,,,
compatibility,51010,err2,fixed_permutation,23,0.000838524370919913,,,,
compatibility,51010,err2,fixed_permutation,24,0.01723635010421276,,,,
compatibility,51010,err2,fixed_permutation,25,6.90915621817112e-05,,,,
compatibility,51010,err2,fixed_permutation,26,0.0026617562398314476,,,,
compatibility,51010,err2,fixed_permutation,27,3.194474629708566e-05,,,,
compatibility,51010,err2,matched_decoder,0,0.5067940354347229,,,,
compatibility,51010,err2,matched_decoder,1,0.471952885389328,,,,
compatibility,51010,err2,matched_decoder,2,0.46215346455574036,,,,
compatibility,51010,err2,matched_decoder,3,0.5653272867202759,,,,
compatibility,51010,err2,matched_decoder,4,0.6323904991149902,,,,
compatibility,51010,err2,matched_decoder,5,0.1787957102060318,,,,
compatibility,51010,err2,matched_decoder,6,0.617435872554779,,,,
compatibility,51010,err2,matched_decoder,7,0.9763847589492798,,,,
compatibility,51010,err2,matched_decoder,8,0.5347516536712646,,,,
compatibility,51010,err2,matched_decoder,9,0.11661148071289062,,,,
compatibility,51010,err2,matched_decoder,10,0.7615111470222473,,,,
compatibility,51010,err2,matched_decoder,11,0.5283190011978149,,,,
compatibility,51010,err2,matched_decoder,12,0.4499405324459076,,,,
compatibility,51010,err2,matched_decoder,13,0.44782307744026184,,,,
compatibility,51010,err2,matched_decoder,14,0.5832327604293823,,,,
compatibility,51010,err2,matched_decoder,15,0.6556801795959473,,,,
compatibility,51010,err2,matched_decoder,16,0.7343337535858154,,,,
compatibility,51010,err2,matched_decoder,17,0.7424328327178955,,,,
compatibility,51010,err2,matched_decoder,18,0.5312505960464478,,,,
compatibility,51010,err2,matched_decoder,19,0.8922535181045532,,,,
compatibility,51010,err2,matched_decoder,20,0.44946491718292236,,,,
compatibility,51010,err2,matched_decoder,21,0.4551333487033844,,,,
compatibility,51010,err2,matched_decoder,22,0.6467128992080688,,,,
compatibility,51010,err2,matched_decoder,23,0.5899821519851685,,,,
compatibility,51010,err2,matched_decoder,24,0.3699038624763489,,,,
compatibility,51010,err2,matched_decoder,25,0.5938579440116882,,,,
compatibility,51010,err2,matched_decoder,26,0.6034399271011353,,,,
compatibility,51010,err2,matched_decoder,27,0.6091820597648621,,,,
compatibility,51010,err2,random_content,0,0.44705602526664734,,,,
compatibility,51010,err2,random_content,1,2.089523150061723e-06,,,,
compatibility,51010,err2,random_content,2,0.0010514940368011594,,,,
compatibility,51010,err2,random_content,3,7.916829054011032e-05,,,,
compatibility,51010,err2,random_content,4,0.030927244573831558,,,,
compatibility,51010,err2,random_content,5,0.027898496016860008,,,,
compatibility,51010,err2,random_content,6,0.0022684207651764154,,,,
compatibility,51010,err2,random_content,7,0.0001908039121190086,,,,
compatibility,51010,err2,random_content,8,0.15813899040222168,,,,
compatibility,51010,err2,random_content,9,0.00151664053555578,,,,
compatibility,51010,err2,random_content,10,0.0024468896444886923,,,,
compatibility,51010,err2,random_content,11,0.41358956694602966,,,,
compatibility,51010,err2,random_content,12,0.02574189566075802,,,,
compatibility,51010,err2,random_content,13,9.171440069621895e-06,,,,
compatibility,51010,err2,random_content,14,0.041658394038677216,,,,
compatibility,51010,err2,random_content,15,0.02108827233314514,,,,
compatibility,51010,err2,random_content,16,0.06187677010893822,,,,
compatibility,51010,err2,random_content,17,0.008655289188027382,,,,
compatibility,51010,err2,random_content,18,0.006171781569719315,,,,
compatibility,51010,err2,random_content,19,2.430881795589812e-05,,,,
compatibility,51010,err2,random_content,20,0.03018769808113575,,,,
compatibility,51010,err2,random_content,21,0.004967781249433756,,,,
compatibility,51010,err2,random_content,22,0.006373052950948477,,,,
compatibility,51010,err2,random_content,23,0.02670472301542759,,,,
compatibility,51010,err2,random_content,24,1.5875164535827935e-05,,,,
compatibility,51010,err2,random_content,25,0.008901958353817463,,,,
compatibility,51010,err2,random_content,26,0.0023225711192935705,,,,
compatibility,51010,err2,random_content,27,0.02102295495569706,,,,
compatibility,51010,err2,no_plasticity,0,0.16584202647209167,,,,
compatibility,51010,err2,no_plasticity,1,0.19070446491241455,,,,
compatibility,51010,err2,no_plasticity,2,0.3091222047805786,,,,
compatibility,51010,err2,no_plasticity,3,0.1622495800256729,,,,
compatibility,51010,err2,no_plasticity,4,0.35082554817199707,,,,
compatibility,51010,err2,no_plasticity,5,0.19061516225337982,,,,
compatibility,51010,err2,no_plasticity,6,0.13267424702644348,,,,
compatibility,51010,err2,no_plasticity,7,0.24048878252506256,,,,
compatibility,51010,err2,no_plasticity,8,0.12155406177043915,,,,
compatibility,51010,err2,no_plasticity,9,0.3910934329032898,,,,
compatibility,51010,err2,no_plasticity,10,0.20199131965637207,,,,
compatibility,51010,err2,no_plasticity,11,0.1542166769504547,,,,
compatibility,51010,err2,no_plasticity,12,0.21915362775325775,,,,
compatibility,51010,err2,no_plasticity,13,0.535742998123169,,,,
compatibility,51010,err2,no_plasticity,14,0.3235861659049988,,,,
compatibility,51010,err2,no_plasticity,15,0.19302140176296234,,,,
compatibility,51010,err2,no_plasticity,16,0.270128458738327,,,,
compatibility,51010,err2,no_plasticity,17,0.15718737244606018,,,,
compatibility,51010,err2,no_plasticity,18,0.218928262591362,,,,
compatibility,51010,err2,no_plasticity,19,0.33663374185562134,,,,
compatibility,51010,err2,no_plasticity,20,0.3334696292877197,,,,
compatibility,51010,err2,no_plasticity,21,0.2804552912712097,,,,
compatibility,51010,err2,no_plasticity,22,0.278373122215271,,,,
compatibility,51010,err2,no_plasticity,23,0.16852331161499023,,,,
compatibility,51010,err2,no_plasticity,24,0.21660484373569489,,,,
compatibility,51010,err2,no_plasticity,25,0.23007158935070038,,,,
compatibility,51010,err2,no_plasticity,26,0.1265086829662323,,,,
compatibility,51010,err2,no_plasticity,27,0.1853586733341217,,,,
cue_schedule,51010,err2,swap,,,1,2,False,0.7337509989738464
cue_schedule,51010,err2,swap,,,2,3,False,0.7924922108650208
cue_schedule,51010,err2,swap,,,3,4,False,0.8040342926979065
cue_schedule,51010,err2,swap,,,4,5,False,0.8072724938392639
cue_schedule,51010,err2,swap,,,5,6,False,0.8439342379570007
cue_schedule,51010,err2,swap,,,6,7,False,0.8399728536605835
cue_schedule,51010,err2,swap,,,7,8,False,0.8515394330024719
cue_schedule,51010,err2,swap,,,8,9,False,0.8207038044929504
cue_schedule,51010,err2,swap,,,9,10,False,0.8040924072265625
cue_schedule,51010,err2,swap,,,10,11,True,0.39729490876197815
cue_schedule,51010,err2,swap,,,11,12,False,0.7807848453521729
cue_schedule,51010,err2,swap,,,12,13,False,0.7845860123634338
cue_schedule,51010,err2,swap,,,13,14,False,0.8252009749412537
cue_schedule,51010,err2,swap,,,14,15,False,0.8411074280738831
cue_schedule,51010,err2,swap,,,15,16,False,0.806376039981842
cue_schedule,51010,err2,swap,,,16,17,False,0.8131266832351685
cue_schedule,51010,err2,swap,,,17,18,False,0.8154390454292297
cue_schedule,51010,err2,swap,,,18,19,False,0.8214403390884399
cue_schedule,51010,err2,swap,,,19,20,False,0.8360850811004639
cue_schedule,51010,err2,swap,,,20,21,True,0.4906761050224304
cue_schedule,51010,err2,swap,,,21,22,False,0.8008085489273071
cue_schedule,51010,err2,swap,,,22,23,False,0.8305389881134033
cue_schedule,51010,err2,swap,,,23,24,False,0.8276607394218445
cue_schedule,51010,err2,swap,,,24,25,False,0.8402674794197083
cue_schedule,51010,err2,swap,,,25,26,False,0.8182425498962402
cue_schedule,51010,err2,swap,,,26,27,False,0.8186367750167847
cue_schedule,51010,err2,swap,,,27,28,False,0.8320265412330627
cue_schedule,51010,err2,swap,,,28,29,False,0.8171712756156921
cue_schedule,51010,err2,swap,,,29,30,False,0.8261838555335999
cue_schedule,51010,err2,swap,,,30,31,True,0.4741361141204834
cue_schedule,51010,err2,swap,,,31,32,False,0.8224316239356995
cue_schedule,51010,err2,swap,,,32,33,False,0.8298617005348206
cue_schedule,51010,err2,swap,,,33,34,False,0.8220629096031189
cue_schedule,51010,err2,swap,,,34,35,False,0.7936398386955261
cue_schedule,51010,err2,swap,,,35,36,False,0.7894813418388367
cue_schedule,51010,err2,swap,,,36,37,False,0.8013319969177246
cue_schedule,51010,err2,swap,,,37,38,False,0.7666662335395813
cue_schedule,51010,err2,swap,,,38,39,False,0.802756667137146
cue_schedule,51010,err2,swap,,,39,40,False,0.814216673374176
cue_schedule,51010,err2,no_swap,,,1,2,False,0.7337509989738464
cue_schedule,51010,err2,no_swap,,,2,3,False,0.7924922108650208
cue_schedule,51010,err2,no_swap,,,3,4,False,0.8040342926979065
cue_schedule,51010,err2,no_swap,,,4,5,False,0.8072724938392639
cue_schedule,51010,err2,no_swap,,,5,6,False,0.8439342379570007
cue_schedule,51010,err2,no_swap,,,6,7,False,0.8399728536605835
cue_schedule,51010,err2,no_swap,,,7,8,False,0.8515394330024719
cue_schedule,51010,err2,no_swap,,,8,9,False,0.8207038044929504
cue_schedule,51010,err2,no_swap,,,9,10,False,0.8040924072265625
cue_schedule,51010,err2,no_swap,,,10,11,False,0.8152297735214233
cue_schedule,51010,err2,no_swap,,,11,12,False,0.8190144896507263
cue_schedule,51010,err2,no_swap,,,12,13,False,0.8197877407073975
cue_schedule,51010,err2,no_swap,,,13,14,False,0.8478113412857056
cue_schedule,51010,err2,no_swap,,,14,15,False,0.8490314483642578
cue_schedule,51010,err2,no_swap,,,15,16,False,0.8418372273445129
cue_schedule,51010,err2,no_swap,,,16,17,False,0.8693943023681641
cue_schedule,51010,err2,no_swap,,,17,18,False,0.8574092984199524
cue_schedule,51010,err2,no_swap,,,18,19,False,0.8424696922302246
cue_schedule,51010,err2,no_swap,,,19,20,False,0.836397111415863
cue_schedule,51010,err2,no_swap,,,20,21,False,0.8472488522529602
cue_schedule,51010,err2,no_swap,,,21,22,False,0.8529353141784668
cue_schedule,51010,err2,no_swap,,,22,23,False,0.8624399304389954
cue_schedule,51010,err2,no_swap,,,23,24,False,0.8600821495056152
cue_schedule,51010,err2,no_swap,,,24,25,False,0.866832435131073
cue_schedule,51010,err2,no_swap,,,25,26,False,0.8446254134178162
cue_schedule,51010,err2,no_swap,,,26,27,False,0.8517292737960815
cue_schedule,51010,err2,no_swap,,,27,28,False,0.8472155928611755
cue_schedule,51010,err2,no_swap,,,28,29,False,0.8500235676765442
cue_schedule,51010,err2,no_swap,,,29,30,False,0.8472941517829895
cue_schedule,51010,err2,no_swap,,,30,31,False,0.8459820747375488
cue_schedule,51010,err2,no_swap,,,31,32,False,0.8567385673522949
cue_schedule,51010,err2,no_swap,,,32,33,False,0.8675119280815125
cue_schedule,51010,err2,no_swap,,,33,34,False,0.8577145934104919
cue_schedule,51010,err2,no_swap,,,34,35,False,0.8350622653961182
cue_schedule,51010,err2,no_swap,,,35,36,False,0.8210169076919556
cue_schedule,51010,err2,no_swap,,,36,37,False,0.8514617681503296
cue_schedule,51010,err2,no_swap,,,37,38,False,0.8337231278419495
cue_schedule,51010,err2,no_swap,,,38,39,False,0.8719013333320618
cue_schedule,51010,err2,no_swap,,,39,40,False,0.8600623607635498
compatibility,51011,base,aligned,0,0.8094009757041931,,,,
compatibility,51011,base,aligned,1,0.9107256531715393,,,,
compatibility,51011,base,aligned,2,0.5973528623580933,,,,
compatibility,51011,base,aligned,3,0.7404118776321411,,,,
compatibility,51011,base,aligned,4,0.7629185914993286,,,,
compatibility,51011,base,aligned,5,0.8553726077079773,,,,
compatibility,51011,base,aligned,6,0.7331897616386414,,,,
compatibility,51011,base,aligned,7,0.7882888317108154,,,,
compatibility,51011,base,aligned,8,0.6711350679397583,,,,
compatibility,51011,base,aligned,9,0.8082651495933533,,,,
compatibility,51011,base,aligned,10,0.8585376143455505,,,,
compatibility,51011,base,aligned,11,0.7335422039031982,,,,
compatibility,51011,base,aligned,12,0.7740108966827393,,,,
compatibility,51011,base,aligned,13,0.9114521145820618,,,,
compatibility,51011,base,aligned,14,0.7491279244422913,,,,
compatibility,51011,base,aligned,15,0.7922058701515198,,,,
compatibility,51011,base,aligned,16,0.8566246628761292,,,,
compatibility,51011,base,aligned,17,0.7659860253334045,,,,
compatibility,51011,base,aligned,18,0.9717376828193665,,,,
compatibility,51011,base,aligned,19,0.8039787411689758,,,,
compatibility,51011,base,aligned,20,0.8101264238357544,,,,
compatibility,51011,base,aligned,21,0.8716638088226318,,,,
compatibility,51011,base,aligned,22,0.8733252882957458,,,,
compatibility,51011,base,aligned,23,0.716801106929779,,,,
compatibility,51011,base,aligned,24,0.8527902960777283,,,,
compatibility,51011,base,aligned,25,0.7771897315979004,,,,
compatibility,51011,base,aligned,26,0.7992708683013916,,,,
compatibility,51011,base,aligned,27,0.4964357018470764,,,,
compatibility,51011,base,fixed_permutation,0,0.21251851320266724,,,,
compatibility,51011,base,fixed_permutation,1,0.003380474168807268,,,,
compatibility,51011,base,fixed_permutation,2,2.7242811029282166e-07,,,,
compatibility,51011,base,fixed_permutation,3,0.015149963088333607,,,,
compatibility,51011,base,fixed_permutation,4,0.16308972239494324,,,,
compatibility,51011,base,fixed_permutation,5,0.11479268968105316,,,,
compatibility,51011,base,fixed_permutation,6,0.08513540029525757,,,,
compatibility,51011,base,fixed_permutation,7,4.6700629354745615e-06,,,,
compatibility,51011,base,fixed_permutation,8,0.04582654684782028,,,,
compatibility,51011,base,fixed_permutation,9,0.11703094094991684,,,,
compatibility,51011,base,fixed_permutation,10,0.040005989372730255,,,,
compatibility,51011,base,fixed_permutation,11,0.06834417581558228,,,,
compatibility,51011,base,fixed_permutation,12,7.679873669985682e-05,,,,
compatibility,51011,base,fixed_permutation,13,0.17788757383823395,,,,
compatibility,51011,base,fixed_permutation,14,0.2915092408657074,,,,
compatibility,51011,base,fixed_permutation,15,0.1569298803806305,,,,
compatibility,51011,base,fixed_permutation,16,0.02587099000811577,,,,
compatibility,51011,base,fixed_permutation,17,0.17752595245838165,,,,
compatibility,51011,base,fixed_permutation,18,0.00215740199200809,,,,
compatibility,51011,base,fixed_permutation,19,0.14525547623634338,,,,
compatibility,51011,base,fixed_permutation,20,0.26360905170440674,,,,
compatibility,51011,base,fixed_permutation,21,0.01793249323964119,,,,
compatibility,51011,base,fixed_permutation,22,0.1433442234992981,,,,
compatibility,51011,base,fixed_permutation,23,0.000929730711504817,,,,
compatibility,51011,base,fixed_permutation,24,0.2180146723985672,,,,
compatibility,51011,base,fixed_permutation,25,0.0003381713468115777,,,,
compatibility,51011,base,fixed_permutation,26,0.19052176177501678,,,,
compatibility,51011,base,fixed_permutation,27,0.4341650605201721,,,,
compatibility,51011,base,matched_decoder,0,0.8094009160995483,,,,
compatibility,51011,base,matched_decoder,1,0.9107256531715393,,,,
compatibility,51011,base,matched_decoder,2,0.5973528027534485,,,,
compatibility,51011,base,matched_decoder,3,0.7404119372367859,,,,
compatibility,51011,base,matched_decoder,4,0.7629186511039734,,,,
compatibility,51011,base,matched_decoder,5,0.8553726077079773,,,,
compatibility,51011,base,matched_decoder,6,0.7331897616386414,,,,
compatibility,51011,base,matched_decoder,7,0.7882888317108154,,,,
compatibility,51011,base,matched_decoder,8,0.6711350679397583,,,,
compatibility,51011,base,matched_decoder,9,0.8082651495933533,,,,
compatibility,51011,base,matched_decoder,10,0.8585376143455505,,,,
compatibility,51011,base,matched_decoder,11,0.7335422039031982,,,,
compatibility,51011,base,matched_decoder,12,0.7740108966827393,,,,
compatibility,51011,base,matched_decoder,13,0.9114521145820618,,,,
compatibility,51011,base,matched_decoder,14,0.7491278648376465,,,,
compatibility,51011,base,matched_decoder,15,0.7922058701515198,,,,
compatibility,51011,base,matched_decoder,16,0.8566246628761292,,,,
compatibility,51011,base,matched_decoder,17,0.7659860253334045,,,,
compatibility,51011,base,matched_decoder,18,0.9717376828193665,,,,
compatibility,51011,base,matched_decoder,19,0.8039787411689758,,,,
compatibility,51011,base,matched_decoder,20,0.8101264238357544,,,,
compatibility,51011,base,matched_decoder,21,0.8716638088226318,,,,
compatibility,51011,base,matched_decoder,22,0.8733252882957458,,,,
compatibility,51011,base,matched_decoder,23,0.7168010473251343,,,,
compatibility,51011,base,matched_decoder,24,0.8527902960777283,,,,
compatibility,51011,base,matched_decoder,25,0.7771897315979004,,,,
compatibility,51011,base,matched_decoder,26,0.7992708086967468,,,,
compatibility,51011,base,matched_decoder,27,0.4964357018470764,,,,
compatibility,51011,base,random_content,0,0.4081915318965912,,,,
compatibility,51011,base,random_content,1,0.1680842638015747,,,,
compatibility,51011,base,random_content,2,0.03765306994318962,,,,
compatibility,51011,base,random_content,3,0.00023100603721104562,,,,
compatibility,51011,base,random_content,4,0.010139400139451027,,,,
compatibility,51011,base,random_content,5,0.9138246178627014,,,,
compatibility,51011,base,random_content,6,0.034224871546030045,,,,
compatibility,51011,base,random_content,7,0.0012505543418228626,,,,
compatibility,51011,base,random_content,8,0.001977296080440283,,,,
compatibility,51011,base,random_content,9,0.11304211616516113,,,,
compatibility,51011,base,random_content,10,0.2136954814195633,,,,
compatibility,51011,base,random_content,11,8.837893255986273e-05,,,,
compatibility,51011,base,random_content,12,0.2154519408941269,,,,
compatibility,51011,base,random_content,13,0.5172692537307739,,,,
compatibility,51011,base,random_content,14,0.12802019715309143,,,,
compatibility,51011,base,random_content,15,0.1977999061346054,,,,
compatibility,51011,base,random_content,16,3.0631024401372997e-06,,,,
compatibility,51011,base,random_content,17,0.19284136593341827,,,,
compatibility,51011,base,random_content,18,0.21562263369560242,,,,
compatibility,51011,base,random_content,19,0.16560617089271545,,,,
compatibility,51011,base,random_content,20,0.18515780568122864,,,,
compatibility,51011,base,random_content,21,0.13206838071346283,,,,
compatibility,51011,base,random_content,22,0.23626534640789032,,,,
compatibility,51011,base,random_content,23,5.217768261900346e-07,,,,
compatibility,51011,base,random_content,24,0.00026079517556354403,,,,
compatibility,51011,base,random_content,25,0.02236093208193779,,,,
compatibility,51011,base,random_content,26,0.009860100224614143,,,,
compatibility,51011,base,random_content,27,0.201528862118721,,,,
compatibility,51011,base,no_plasticity,0,0.1174081489443779,,,,
compatibility,51011,base,no_plasticity,1,0.13120946288108826,,,,
compatibility,51011,base,no_plasticity,2,0.13364866375923157,,,,
compatibility,51011,base,no_plasticity,3,0.2966640591621399,,,,
compatibility,51011,base,no_plasticity,4,0.3389412462711334,,,,
compatibility,51011,base,no_plasticity,5,0.17087112367153168,,,,
compatibility,51011,base,no_plasticity,6,0.37268197536468506,,,,
compatibility,51011,base,no_plasticity,7,0.1895069181919098,,,,
compatibility,51011,base,no_plasticity,8,0.13550494611263275,,,,
compatibility,51011,base,no_plasticity,9,0.20935282111167908,,,,
compatibility,51011,base,no_plasticity,10,0.3710639774799347,,,,
compatibility,51011,base,no_plasticity,11,0.3352029323577881,,,,
compatibility,51011,base,no_plasticity,12,0.16184909641742706,,,,
compatibility,51011,base,no_plasticity,13,0.13306592404842377,,,,
compatibility,51011,base,no_plasticity,14,0.1253451406955719,,,,
compatibility,51011,base,no_plasticity,15,0.14527715742588043,,,,
compatibility,51011,base,no_plasticity,16,0.30211004614830017,,,,
compatibility,51011,base,no_plasticity,17,0.2965649366378784,,,,
compatibility,51011,base,no_plasticity,18,0.454460471868515,,,,
compatibility,51011,base,no_plasticity,19,0.13724662363529205,,,,
compatibility,51011,base,no_plasticity,20,0.19564910233020782,,,,
compatibility,51011,base,no_plasticity,21,0.22103063762187958,,,,
compatibility,51011,base,no_plasticity,22,0.14656756818294525,,,,
compatibility,51011,base,no_plasticity,23,0.13252957165241241,,,,
compatibility,51011,base,no_plasticity,24,0.17052225768566132,,,,
compatibility,51011,base,no_plasticity,25,0.13969342410564423,,,,
compatibility,51011,base,no_plasticity,26,0.16303324699401855,,,,
compatibility,51011,base,no_plasticity,27,0.3723739981651306,,,,
cue_schedule,51011,base,swap,,,1,2,False,0.7349992990493774
cue_schedule,51011,base,swap,,,2,3,False,0.8453099131584167
cue_schedule,51011,base,swap,,,3,4,False,0.8312217593193054
cue_schedule,51011,base,swap,,,4,5,False,0.8587409257888794
cue_schedule,51011,base,swap,,,5,6,False,0.8365020751953125
cue_schedule,51011,base,swap,,,6,7,False,0.8771923184394836
cue_schedule,51011,base,swap,,,7,8,False,0.8637104630470276
cue_schedule,51011,base,swap,,,8,9,False,0.8622549176216125
cue_schedule,51011,base,swap,,,9,10,False,0.8282536268234253
cue_schedule,51011,base,swap,,,10,11,True,0.4301374852657318
cue_schedule,51011,base,swap,,,11,12,False,0.7450122237205505
cue_schedule,51011,base,swap,,,12,13,False,0.7273989319801331
cue_schedule,51011,base,swap,,,13,14,False,0.7836575508117676
cue_schedule,51011,base,swap,,,14,15,False,0.8418530821800232
cue_schedule,51011,base,swap,,,15,16,False,0.8748727440834045
cue_schedule,51011,base,swap,,,16,17,False,0.8856520056724548
cue_schedule,51011,base,swap,,,17,18,False,0.8648656606674194
cue_schedule,51011,base,swap,,,18,19,False,0.8596433997154236
cue_schedule,51011,base,swap,,,19,20,False,0.8806725144386292
cue_schedule,51011,base,swap,,,20,21,True,0.4052692651748657
cue_schedule,51011,base,swap,,,21,22,False,0.7682380676269531
cue_schedule,51011,base,swap,,,22,23,False,0.905972957611084
cue_schedule,51011,base,swap,,,23,24,False,0.8470079302787781
cue_schedule,51011,base,swap,,,24,25,False,0.8077297210693359
cue_schedule,51011,base,swap,,,25,26,False,0.8583385348320007
cue_schedule,51011,base,swap,,,26,27,False,0.8026114702224731
cue_schedule,51011,base,swap,,,27,28,False,0.8020220994949341
cue_schedule,51011,base,swap,,,28,29,False,0.8499687910079956
cue_schedule,51011,base,swap,,,29,30,False,0.8491087555885315
cue_schedule,51011,base,swap,,,30,31,True,0.4223778247833252
cue_schedule,51011,base,swap,,,31,32,False,0.7178469300270081
cue_schedule,51011,base,swap,,,32,33,False,0.8282709717750549
cue_schedule,51011,base,swap,,,33,34,False,0.8830779194831848
cue_schedule,51011,base,swap,,,34,35,False,0.7948198914527893
cue_schedule,51011,base,swap,,,35,36,False,0.8730678558349609
cue_schedule,51011,base,swap,,,36,37,False,0.8383914232254028
cue_schedule,51011,base,swap,,,37,38,False,0.8689395785331726
cue_schedule,51011,base,swap,,,38,39,False,0.8636438846588135
cue_schedule,51011,base,swap,,,39,40,False,0.8353923559188843
cue_schedule,51011,base,no_swap,,,1,2,False,0.7349992990493774
cue_schedule,51011,base,no_swap,,,2,3,False,0.8453099131584167
cue_schedule,51011,base,no_swap,,,3,4,False,0.8312217593193054
cue_schedule,51011,base,no_swap,,,4,5,False,0.8587409257888794
cue_schedule,51011,base,no_swap,,,5,6,False,0.8365020751953125
cue_schedule,51011,base,no_swap,,,6,7,False,0.8771923184394836
cue_schedule,51011,base,no_swap,,,7,8,False,0.8637104630470276
cue_schedule,51011,base,no_swap,,,8,9,False,0.8622549176216125
cue_schedule,51011,base,no_swap,,,9,10,False,0.8282536268234253
cue_schedule,51011,base,no_swap,,,10,11,False,0.8340885043144226
cue_schedule,51011,base,no_swap,,,11,12,False,0.8373112678527832
cue_schedule,51011,base,no_swap,,,12,13,False,0.824611485004425
cue_schedule,51011,base,no_swap,,,13,14,False,0.8255073428153992
cue_schedule,51011,base,no_swap,,,14,15,False,0.8371303081512451
cue_schedule,51011,base,no_swap,,,15,16,False,0.8772999048233032
cue_schedule,51011,base,no_swap,,,16,17,False,0.8254587650299072
cue_schedule,51011,base,no_swap,,,17,18,False,0.8435758352279663
cue_schedule,51011,base,no_swap,,,18,19,False,0.8447229266166687
cue_schedule,51011,base,no_swap,,,19,20,False,0.8192920684814453
cue_schedule,51011,base,no_swap,,,20,21,False,0.8651060461997986
cue_schedule,51011,base,no_swap,,,21,22,False,0.8404862880706787
cue_schedule,51011,base,no_swap,,,22,23,False,0.902127742767334
cue_schedule,51011,base,no_swap,,,23,24,False,0.8496196269989014
cue_schedule,51011,base,no_swap,,,24,25,False,0.8052704334259033
cue_schedule,51011,base,no_swap,,,25,26,False,0.8692134022712708
cue_schedule,51011,base,no_swap,,,26,27,False,0.816963255405426
cue_schedule,51011,base,no_swap,,,27,28,False,0.8047872185707092
cue_schedule,51011,base,no_swap,,,28,29,False,0.8574985265731812
cue_schedule,51011,base,no_swap,,,29,30,False,0.8489319682121277
cue_schedule,51011,base,no_swap,,,30,31,False,0.8756145238876343
cue_schedule,51011,base,no_swap,,,31,32,False,0.885377049446106
cue_schedule,51011,base,no_swap,,,32,33,False,0.8763310313224792
cue_schedule,51011,base,no_swap,,,33,34,False,0.8989688158035278
cue_schedule,51011,base,no_swap,,,34,35,False,0.8550613522529602
cue_schedule,51011,base,no_swap,,,35,36,False,0.9097293615341187
cue_schedule,51011,base,no_swap,,,36,37,False,0.8583900928497314
cue_schedule,51011,base,no_swap,,,37,38,False,0.886411726474762
cue_schedule,51011,base,no_swap,,,38,39,False,0.8759206533432007
cue_schedule,51011,base,no_swap,,,39,40,False,0.8917678594589233
compatibility,51011,err2,aligned,0,0.44754862785339355,,,,
compatibility,51011,err2,aligned,1,0.48252952098846436,,,,
compatibility,51011,err2,aligned,2,0.7782334685325623,,,,
compatibility,51011,err2,aligned,3,0.6330500245094299,,,,
compatibility,51011,err2,aligned,4,0.694886326789856,,,,
compatibility,51011,err2,aligned,5,0.608085572719574,,,,
compatibility,51011,err2,aligned,6,0.6383501887321472,,,,
compatibility,51011,err2,aligned,7,0.48653608560562134,,,,
compatibility,51011,err2,aligned,8,0.574652910232544,,,,
compatibility,51011,err2,aligned,9,0.6535307168960571,,,,
compatibility,51011,err2,aligned,10,0.6358518600463867,,,,
compatibility,51011,err2,aligned,11,0.5155271887779236,,,,
compatibility,51011,err2,aligned,12,0.4473585784435272,,,,
compatibility,51011,err2,aligned,13,0.5291140675544739,,,,
compatibility,51011,err2,aligned,14,0.8055812120437622,,,,
compatibility,51011,err2,aligned,15,0.5431846380233765,,,,
compatibility,51011,err2,aligned,16,0.6115825772285461,,,,
compatibility,51011,err2,aligned,17,0.465715616941452,,,,
compatibility,51011,err2,aligned,18,0.5781561732292175,,,,
compatibility,51011,err2,aligned,19,0.7609093189239502,,,,
compatibility,51011,err2,aligned,20,0.469012975692749,,,,
compatibility,51011,err2,aligned,21,0.5637205243110657,,,,
compatibility,51011,err2,aligned,22,0.4485003352165222,,,,
compatibility,51011,err2,aligned,23,0.5769248008728027,,,,
compatibility,51011,err2,aligned,24,0.4600253999233246,,,,
compatibility,51011,err2,aligned,25,0.6255513429641724,,,,
compatibility,51011,err2,aligned,26,0.5181448459625244,,,,
compatibility,51011,err2,aligned,27,0.6334797143936157,,,,
compatibility,51011,err2,fixed_permutation,0,0.03419710695743561,,,,
compatibility,51011,err2,fixed_permutation,1,0.00017559879051987082,,,,
compatibility,51011,err2,fixed_permutation,2,6.459341648223926e-07,,,,
compatibility,51011,err2,fixed_permutation,3,0.000390567205613479,,,,
compatibility,51011,err2,fixed_permutation,4,0.0024085347540676594,,,,
compatibility,51011,err2,fixed_permutation,5,8.48178387968801e-05,,,,
compatibility,51011,err2,fixed_permutation,6,0.00013173553452361375,,,,
compatibility,51011,err2,fixed_permutation,7,4.141983299632557e-05,,,,
compatibility,51011,err2,fixed_permutation,8,0.006489018443971872,,,,
compatibility,51011,err2,fixed_permutation,9,0.0019371185917407274,,,,
compatibility,51011,err2,fixed_permutation,10,5.709594006475527e-06,,,,
compatibility,51011,err2,fixed_permutation,11,0.0003665885014925152,,,,
compatibility,51011,err2,fixed_permutation,12,0.012562857009470463,,,,
compatibility,51011,err2,fixed_permutation,13,0.0003194542950950563,,,,
compatibility,51011,err2,fixed_permutation,14,0.0008792043663561344,,,,
compatibility,51011,err2,fixed_permutation,15,0.44721120595932007,,,,
compatibility,51011,err2,fixed_permutation,16,6.36678714727168e-06,,,,
compatibility,51011,err2,fixed_permutation,17,0.0021486119367182255,,,,
compatibility,51011,err2,fixed_permutation,18,8.614530088379979e-05,,,,
compatibility,51011,err2,fixed_permutation,19,0.0007661153213120997,,,,
compatibility,51011,err2,fixed_permutation,20,0.44715502858161926,,,,
compatibility,51011,err2,fixed_permutation,21,0.2548505365848541,,,,
compatibility,51011,err2,fixed_permutation,22,0.0027118967846035957,,,,
compatibility,51011,err2,fixed_permutation,23,0.0011320117628201842,,,,
compatibility,51011,err2,fixed_permutation,24,0.0535447783768177,,,,
compatibility,51011,err2,fixed_permutation,25,0.012257266789674759,,,,
compatibility,51011,err2,fixed_permutation,26,0.0553230345249176,,,,
compatibility,51011,err2,fixed_permutation,27,0.18057791888713837,,,,
compatibility,51011,err2,matched_decoder,0,0.44754862785339355,,,,
compatibility,51011,err2,matched_decoder,1,0.4825296103954315,,,,
compatibility,51011,err2,matched_decoder,2,0.778233528137207,,,,
compatibility,51011,err2,matched_decoder,3,0.6330500245094299,,,,
compatibility,51011,err2,matched_decoder,4,0.6948864459991455,,,,
compatibility,51011,err2,matched_decoder,5,0.6080855131149292,,,,
compatibility,51011,err2,matched_decoder,6,0.6383501887321472,,,,
compatibility,51011,err2,matched_decoder,7,0.48653626441955566,,,,
compatibility,51011,err2,matched_decoder,8,0.5746527314186096,,,,
compatibility,51011,err2,matched_decoder,9,0.6535306572914124,,,,
compatibility,51011,err2,matched_decoder,10,0.6358518600463867,,,,
compatibility,51011,err2,matched_decoder,11,0.5155270099639893,,,,
compatibility,51011,err2,matched_decoder,12,0.44735854864120483,,,,
compatibility,51011,err2,matched_decoder,13,0.5291134715080261,,,,
compatibility,51011,err2,matched_decoder,14,0.8055813908576965,,,,
compatibility,51011,err2,matched_decoder,15,0.5431846380233765,,,,
compatibility,51011,err2,matched_decoder,16,0.6115825176239014,,,,
compatibility,51011,err2,matched_decoder,17,0.4657156467437744,,,,
compatibility,51011,err2,matched_decoder,18,0.5781561732292175,,,,
compatibility,51011,err2,matched_decoder,19,0.760909378528595,,,,
compatibility,51011,err2,matched_decoder,20,0.4690130352973938,,,,
compatibility,51011,err2,matched_decoder,21,0.5637204051017761,,,,
compatibility,51011,err2,matched_decoder,22,0.4485003352165222,,,,
compatibility,51011,err2,matched_decoder,23,0.5769248604774475,,,,
compatibility,51011,err2,matched_decoder,24,0.4600253701210022,,,,
compatibility,51011,err2,matched_decoder,25,0.6255510449409485,,,,
compatibility,51011,err2,matched_decoder,26,0.5181447863578796,,,,
compatibility,51011,err2,matched_decoder,27,0.6334797143936157,,,,
compatibility,51011,err2,random_content,0,0.006379894912242889,,,,
compatibility,51011,err2,random_content,1,0.4623663127422333,,,,
compatibility,51011,err2,random_content,2,1.3787545185550698e-06,,,,
compatibility,51011,err2,random_content,3,0.0010074261808767915,,,,
compatibility,51011,err2,random_content,4,9.963162301573902e-05,,,,
compatibility,51011,err2,random_content,5,0.6301581859588623,,,,
compatibility,51011,err2,random_content,6,0.0007126809214241803,,,,
compatibility,51011,err2,random_content,7,2.6291074846085394e-06,,,,
compatibility,51011,err2,random_content,8,3.035987901967019e-05,,,,
compatibility,51011,err2,random_content,9,0.0004249055637046695,,,,
compatibility,51011,err2,random_content,10,0.11820017546415329,,,,
compatibility,51011,err2,random_content,11,2.503519681340549e-05,,,,
compatibility,51011,err2,random_content,12,0.0023256568238139153,,,,
compatibility,51011,err2,random_content,13,0.028495678678154945,,,,
compatibility,51011,err2,random_content,14,0.4005834758281708,,,,
compatibility,51011,err2,random_content,15,0.0002254485007142648,,,,
compatibility,51011,err2,random_content,16,1.3068420230410993e-05,,,,
compatibility,51011,err2,random_content,17,0.003740183310583234,,,,
compatibility,51011,err2,random_content,18,0.0005827574641443789,,,,
compatibility,51011,err2,random_content,19,0.35397109389305115,,,,
compatibility,51011,err2,random_content,20,2.1619325707433745e-05,,,,
compatibility,51011,err2,random_content,21,0.4470733106136322,,,,
compatibility,51011,err2,random_content,22,0.1599862277507782,,,,
compatibility,51011,err2,random_content,23,2.104839040839579e-05,,,,
compatibility,51011,err2,random_content,24,0.001202470506541431,,,,
compatibility,51011,err2,random_content,25,0.003064023330807686,,,,
compatibility,51011,err2,random_content,26,0.024416757747530937,,,,
compatibility,51011,err2,random_content,27,6.643593223998323e-06,,,,
compatibility,51011,err2,no_plasticity,0,0.1174081489443779,,,,
compatibility,51011,err2,no_plasticity,1,0.13120946288108826,,,,
compatibility,51011,err2,no_plasticity,2,0.13364866375923157,,,,
compatibility,51011,err2,no_plasticity,3,0.2966640591621399,,,,
compatibility,51011,err2,no_plasticity,4,0.3389412462711334,,,,
compatibility,51011,err2,no_plasticity,5,0.17087112367153168,,,,
compatibility,51011,err2,no_plasticity,6,0.37268197536468506,,,,
compatibility,51011,err2,no_plasticity,7,0.1895069181919098,,,,
compatibility,51011,err2,no_plasticity,8,0.13550494611263275,,,,
compatibility,51011,err2,no_plasticity,9,0.20935282111167908,,,,
compatibility,51011,err2,no_plasticity,10,0.3710639774799347,,,,
compatibility,51011,err2,no_plasticity,11,0.3352029323577881,,,,
compatibility,51011,err2,no_plasticity,12,0.16184909641742706,,,,
compatibility,51011,err2,no_plasticity,13,0.13306592404842377,,,,
compatibility,51011,err2,no_plasticity,14,0.1253451406955719,,,,
compatibility,51011,err2,no_plasticity,15,0.14527715742588043,,,,
compatibility,51011,err2,no_plasticity,16,0.30211004614830017,,,,
compatibility,51011,err2,no_plasticity,17,0.2965649366378784,,,,
compatibility,51011,err2,no_plasticity,18,0.454460471868515,,,,
compatibility,51011,err2,no_plasticity,19,0.13724662363529205,,,,
compatibility,51011,err2,no_plasticity,20,0.19564910233020782,,,,
compatibility,51011,err2,no_plasticity,21,0.22103063762187958,,,,
compatibility,51011,err2,no_plasticity,22,0.14656756818294525,,,,
compatibility,51011,err2,no_plasticity,23,0.13252957165241241,,,,
compatibility,51011,err2,no_plasticity,24,0.17052225768566132,,,,
compatibility,51011,err2,no_plasticity,25,0.13969342410564423,,,,
compatibility,51011,err2,no_plasticity,26,0.16303324699401855,,,,
compatibility,51011,err2,no_plasticity,27,0.3723739981651306,,,,
cue_schedule,51011,err2,swap,,,1,2,False,0.7441160678863525
cue_schedule,51011,err2,swap,,,2,3,False,0.8354650735855103
cue_schedule,51011,err2,swap,,,3,4,False,0.8637787699699402
cue_schedule,51011,err2,swap,,,4,5,False,0.818307638168335
cue_schedule,51011,err2,swap,,,5,6,False,0.8171286582946777
cue_schedule,51011,err2,swap,,,6,7,False,0.784323513507843
cue_schedule,51011,err2,swap,,,7,8,False,0.752968430519104
cue_schedule,51011,err2,swap,,,8,9,False,0.7893742918968201
cue_schedule,51011,err2,swap,,,9,10,False,0.8002495765686035
cue_schedule,51011,err2,swap,,,10,11,True,0.4611697494983673
cue_schedule,51011,err2,swap,,,11,12,False,0.7817453145980835
cue_schedule,51011,err2,swap,,,12,13,False,0.7844614386558533
cue_schedule,51011,err2,swap,,,13,14,False,0.8140716552734375
cue_schedule,51011,err2,swap,,,14,15,False,0.8501183986663818
cue_schedule,51011,err2,swap,,,15,16,False,0.8428109884262085
cue_schedule,51011,err2,swap,,,16,17,False,0.8092508912086487
cue_schedule,51011,err2,swap,,,17,18,False,0.8172597289085388
cue_schedule,51011,err2,swap,,,18,19,False,0.8419867157936096
cue_schedule,51011,err2,swap,,,19,20,False,0.8205082416534424
cue_schedule,51011,err2,swap,,,20,21,True,0.4586676359176636
cue_schedule,51011,err2,swap,,,21,22,False,0.7799514532089233
cue_schedule,51011,err2,swap,,,22,23,False,0.8010392785072327
cue_schedule,51011,err2,swap,,,23,24,False,0.8419106006622314
cue_schedule,51011,err2,swap,,,24,25,False,0.8186151385307312
cue_schedule,51011,err2,swap,,,25,26,False,0.8512609004974365
cue_schedule,51011,err2,swap,,,26,27,False,0.8206574320793152
cue_schedule,51011,err2,swap,,,27,28,False,0.8014693260192871
cue_schedule,51011,err2,swap,,,28,29,False,0.8122149109840393
cue_schedule,51011,err2,swap,,,29,30,False,0.8194384574890137
cue_schedule,51011,err2,swap,,,30,31,True,0.5103111267089844
cue_schedule,51011,err2,swap,,,31,32,False,0.7760322690010071
cue_schedule,51011,err2,swap,,,32,33,False,0.8055256009101868
cue_schedule,51011,err2,swap,,,33,34,False,0.814881443977356
cue_schedule,51011,err2,swap,,,34,35,False,0.8386591076850891
cue_schedule,51011,err2,swap,,,35,36,False,0.835520327091217
cue_schedule,51011,err2,swap,,,36,37,False,0.8529712557792664
cue_schedule,51011,err2,swap,,,37,38,False,0.8275663256645203
cue_schedule,51011,err2,swap,,,38,39,False,0.8258163928985596
cue_schedule,51011,err2,swap,,,39,40,False,0.8338582515716553
cue_schedule,51011,err2,no_swap,,,1,2,False,0.7441160678863525
cue_schedule,51011,err2,no_swap,,,2,3,False,0.8354650735855103
cue_schedule,51011,err2,no_swap,,,3,4,False,0.8637787699699402
cue_schedule,51011,err2,no_swap,,,4,5,False,0.818307638168335
cue_schedule,51011,err2,no_swap,,,5,6,False,0.8171286582946777
cue_schedule,51011,err2,no_swap,,,6,7,False,0.784323513507843
cue_schedule,51011,err2,no_swap,,,7,8,False,0.752968430519104
cue_schedule,51011,err2,no_swap,,,8,9,False,0.7893742918968201
cue_schedule,51011,err2,no_swap,,,9,10,False,0.8002495765686035
cue_schedule,51011,err2,no_swap,,,10,11,False,0.834170401096344
cue_schedule,51011,err2,no_swap,,,11,12,False,0.811615526676178
cue_schedule,51011,err2,no_swap,,,12,13,False,0.8346003890037537
cue_schedule,51011,err2,no_swap,,,13,14,False,0.8305447101593018
cue_schedule,51011,err2,no_swap,,,14,15,False,0.8054744005203247
cue_schedule,51011,err2,no_swap,,,15,16,False,0.8279345631599426
cue_schedule,51011,err2,no_swap,,,16,17,False,0.8411183953285217
cue_schedule,51011,err2,no_swap,,,17,18,False,0.7993185520172119
cue_schedule,51011,err2,no_swap,,,18,19,False,0.8192801475524902
cue_schedule,51011,err2,no_swap,,,19,20,False,0.7946376204490662
cue_schedule,51011,err2,no_swap,,,20,21,False,0.7983734011650085
cue_schedule,51011,err2,no_swap,,,21,22,False,0.8088172078132629
cue_schedule,51011,err2,no_swap,,,22,23,False,0.8198321461677551
cue_schedule,51011,err2,no_swap,,,23,24,False,0.8502622246742249
cue_schedule,51011,err2,no_swap,,,24,25,False,0.828021764755249
cue_schedule,51011,err2,no_swap,,,25,26,False,0.8476330041885376
cue_schedule,51011,err2,no_swap,,,26,27,False,0.8327090740203857
cue_schedule,51011,err2,no_swap,,,27,28,False,0.8150874376296997
cue_schedule,51011,err2,no_swap,,,28,29,False,0.8115411400794983
cue_schedule,51011,err2,no_swap,,,29,30,False,0.8184834122657776
cue_schedule,51011,err2,no_swap,,,30,31,False,0.7971446514129639
cue_schedule,51011,err2,no_swap,,,31,32,False,0.8004719614982605
cue_schedule,51011,err2,no_swap,,,32,33,False,0.7842865586280823
cue_schedule,51011,err2,no_swap,,,33,34,False,0.8370375037193298
cue_schedule,51011,err2,no_swap,,,34,35,False,0.829602062702179
cue_schedule,51011,err2,no_swap,,,35,36,False,0.8562600016593933
cue_schedule,51011,err2,no_swap,,,36,37,False,0.8351669907569885
cue_schedule,51011,err2,no_swap,,,37,38,False,0.7859120965003967
cue_schedule,51011,err2,no_swap,,,38,39,False,0.8105431199073792
cue_schedule,51011,err2,no_swap,,,39,40,False,0.800886869430542
compatibility,51012,base,aligned,0,0.7446817755699158,,,,
compatibility,51012,base,aligned,1,0.6325163245201111,,,,
compatibility,51012,base,aligned,2,0.4508158564567566,,,,
compatibility,51012,base,aligned,3,0.609587550163269,,,,
compatibility,51012,base,aligned,4,0.7338964939117432,,,,
compatibility,51012,base,aligned,5,0.8280112743377686,,,,
compatibility,51012,base,aligned,6,0.6453943848609924,,,,
compatibility,51012,base,aligned,7,0.5877369046211243,,,,
compatibility,51012,base,aligned,8,0.8381212949752808,,,,
compatibility,51012,base,aligned,9,0.6811949610710144,,,,
compatibility,51012,base,aligned,10,0.8054906129837036,,,,
compatibility,51012,base,aligned,11,0.8565583825111389,,,,
compatibility,51012,base,aligned,12,0.6515708565711975,,,,
compatibility,51012,base,aligned,13,0.82491135597229,,,,
compatibility,51012,base,aligned,14,0.7371228337287903,,,,
compatibility,51012,base,aligned,15,0.8213368058204651,,,,
compatibility,51012,base,aligned,16,0.9977542757987976,,,,
compatibility,51012,base,aligned,17,0.8872677087783813,,,,
compatibility,51012,base,aligned,18,0.8421533703804016,,,,
compatibility,51012,base,aligned,19,0.6877371668815613,,,,
compatibility,51012,base,aligned,20,0.8921719193458557,,,,
compatibility,51012,base,aligned,21,0.8044363856315613,,,,
compatibility,51012,base,aligned,22,0.8874557018280029,,,,
compatibility,51012,base,aligned,23,0.7414253950119019,,,,
compatibility,51012,base,aligned,24,0.8533723950386047,,,,
compatibility,51012,base,aligned,25,0.711293637752533,,,,
compatibility,51012,base,aligned,26,0.8912683129310608,,,,
compatibility,51012,base,aligned,27,0.759288489818573,,,,
compatibility,51012,base,fixed_permutation,0,0.006542076822370291,,,,
compatibility,51012,base,fixed_permutation,1,0.0001885148521978408,,,,
compatibility,51012,base,fixed_permutation,2,0.19880159199237823,,,,
compatibility,51012,base,fixed_permutation,3,0.4122224450111389,,,,
compatibility,51012,base,fixed_permutation,4,5.482931373990141e-05,,,,
compatibility,51012,base,fixed_permutation,5,0.17106662690639496,,,,
compatibility,51012,base,fixed_permutation,6,0.31183531880378723,,,,
compatibility,51012,base,fixed_permutation,7,0.040372565388679504,,,,
compatibility,51012,base,fixed_permutation,8,0.13854843378067017,,,,
compatibility,51012,base,fixed_permutation,9,0.11164582520723343,,,,
compatibility,51012,base,fixed_permutation,10,0.00024261712678708136,,,,
compatibility,51012,base,fixed_permutation,11,0.002068344270810485,,,,
compatibility,51012,base,fixed_permutation,12,0.1644355058670044,,,,
compatibility,51012,base,fixed_permutation,13,0.16757775843143463,,,,
compatibility,51012,base,fixed_permutation,14,0.1302293837070465,,,,
compatibility,51012,base,fixed_permutation,15,0.08566833287477493,,,,
compatibility,51012,base,fixed_permutation,16,0.23233240842819214,,,,
compatibility,51012,base,fixed_permutation,17,0.10803742706775665,,,,
compatibility,51012,base,fixed_permutation,18,0.005879843607544899,,,,
compatibility,51012,base,fixed_permutation,19,0.29903969168663025,,,,
compatibility,51012,base,fixed_permutation,20,0.16197991371154785,,,,
compatibility,51012,base,fixed_permutation,21,0.25211358070373535,,,,
compatibility,51012,base,fixed_permutation,22,0.1410868912935257,,,,
compatibility,51012,base,fixed_permutation,23,0.0020078758243471384,,,,
compatibility,51012,base,fixed_permutation,24,0.13868902623653412,,,,
compatibility,51012,base,fixed_permutation,25,0.21662269532680511,,,,
compatibility,51012,base,fixed_permutation,26,0.18640804290771484,,,,
compatibility,51012,base,fixed_permutation,27,0.28335630893707275,,,,
compatibility,51012,base,matched_decoder,0,0.7446817755699158,,,,
compatibility,51012,base,matched_decoder,1,0.6325163245201111,,,,
compatibility,51012,base,matched_decoder,2,0.4508158564567566,,,,
compatibility,51012,base,matched_decoder,3,0.609587550163269,,,,
compatibility,51012,base,matched_decoder,4,0.7338964939117432,,,,
compatibility,51012,base,matched_decoder,5,0.8280112147331238,,,,
compatibility,51012,base,matched_decoder,6,0.6453944444656372,,,,
compatibility,51012,base,matched_decoder,7,0.5877368450164795,,,,
compatibility,51012,base,matched_decoder,8,0.8381213545799255,,,,
compatibility,51012,base,matched_decoder,9,0.6811950206756592,,,,
compatibility,51012,base,matched_decoder,10,0.8054907917976379,,,,
compatibility,51012,base,matched_decoder,11,0.8565583229064941,,,,
compatibility,51012,base,matched_decoder,12,0.6515706777572632,,,,
compatibility,51012,base,matched_decoder,13,0.82491135597229,,,,
compatibility,51012,base,matched_decoder,14,0.7371228337287903,,,,
compatibility,51012,base,matched_decoder,15,0.8213368058204651,,,,
compatibility,51012,base,matched_decoder,16,0.9977542757987976,,,,
compatibility,51012,base,matched_decoder,17,0.8872677087783813,,,,
compatibility,51012,base,matched_decoder,18,0.8421533107757568,,,,
compatibility,51012,base,matched_decoder,19,0.6877371668815613,,,,
compatibility,51012,base,matched_decoder,20,0.8921719193458557,,,,
compatibility,51012,base,matched_decoder,21,0.8044363856315613,,,,
compatibility,51012,base,matched_decoder,22,0.8874557018280029,,,,
compatibility,51012,base,matched_decoder,23,0.7414253950119019,,,,
compatibility,51012,base,matched_decoder,24,0.8533723950386047,,,,
compatibility,51012,base,matched_decoder,25,0.711293637752533,,,,
compatibility,51012,base,matched_decoder,26,0.8912683129310608,,,,
compatibility,51012,base,matched_decoder,27,0.759288489818573,,,,
compatibility,51012,base,random_content,0,0.17742718756198883,,,,
compatibility,51012,base,random_content,1,0.22866462171077728,,,,
compatibility,51012,base,random_content,2,0.30228567123413086,,,,
compatibility,51012,base,random_content,3,0.0020735845901072025,,,,
compatibility,51012,base,random_content,4,0.00016031271661631763,,,,
compatibility,51012,base,random_content,5,0.0025107301771640778,,,,
compatibility,51012,base,random_content,6,0.24839356541633606,,,,
compatibility,51012,base,random_content,7,0.3011161983013153,,,,
compatibility,51012,base,random_content,8,0.5963379740715027,,,,
compatibility,51012,base,random_content,9,0.35192397236824036,,,,
compatibility,51012,base,random_content,10,4.0436586346004333e-07,,,,
compatibility,51012,base,random_content,11,0.375140517950058,,,,
compatibility,51012,base,random_content,12,0.3742000162601471,,,,
compatibility,51012,base,random_content,13,0.536858081817627,,,,
compatibility,51012,base,random_content,14,0.00020811361900996417,,,,
compatibility,51012,base,random_content,15,0.4796111285686493,,,,
compatibility,51012,base,random_content,16,0.3202818036079407,,,,
compatibility,51012,base,random_content,17,0.050750475376844406,,,,
compatibility,51012,base,random_content,18,0.0020050660241395235,,,,
compatibility,51012,base,random_content,19,0.15782342851161957,,,,
compatibility,51012,base,random_content,20,0.2069673240184784,,,,
compatibility,51012,base,random_content,21,0.3156224191188812,,,,
compatibility,51012,base,random_content,22,0.17606842517852783,,,,
compatibility,51012,base,random_content,23,0.32439637184143066,,,,
compatibility,51012,base,random_content,24,0.29329872131347656,,,,
compatibility,51012,base,random_content,25,0.2097720205783844,,,,
compatibility,51012,base,random_content,26,0.43790000677108765,,,,
compatibility,51012,base,random_content,27,0.05962393432855606,,,,
compatibility,51012,base,no_plasticity,0,0.17352403700351715,,,,
compatibility,51012,base,no_plasticity,1,0.2843066155910492,,,,
compatibility,51012,base,no_plasticity,2,0.30946505069732666,,,,
compatibility,51012,base,no_plasticity,3,0.2450728714466095,,,,
compatibility,51012,base,no_plasticity,4,0.15055398643016815,,,,
compatibility,51012,base,no_plasticity,5,0.1337464153766632,,,,
compatibility,51012,base,no_plasticity,6,0.1609313189983368,,,,
compatibility,51012,base,no_plasticity,7,0.1998763233423233,,,,
compatibility,51012,base,no_plasticity,8,0.13553939759731293,,,,
compatibility,51012,base,no_plasticity,9,0.39725953340530396,,,,
compatibility,51012,base,no_plasticity,10,0.41305679082870483,,,,
compatibility,51012,base,no_plasticity,11,0.5869414806365967,,,,
compatibility,51012,base,no_plasticity,12,0.298130065202713,,,,
compatibility,51012,base,no_plasticity,13,0.15312446653842926,,,,
compatibility,51012,base,no_plasticity,14,0.18485093116760254,,,,
compatibility,51012,base,no_plasticity,15,0.2653290629386902,,,,
compatibility,51012,base,no_plasticity,16,0.2922975420951843,,,,
compatibility,51012,base,no_plasticity,17,0.1463480293750763,,,,
compatibility,51012,base,no_plasticity,18,0.13832613825798035,,,,
compatibility,51012,base,no_plasticity,19,0.11323898285627365,,,,
compatibility,51012,base,no_plasticity,20,0.3569400906562805,,,,
compatibility,51012,base,no_plasticity,21,0.30584388971328735,,,,
compatibility,51012,base,no_plasticity,22,0.18028123676776886,,,,
compatibility,51012,base,no_plasticity,23,0.267288476228714,,,,
compatibility,51012,base,no_plasticity,24,0.49114474654197693,,,,
compatibility,51012,base,no_plasticity,25,0.4437907934188843,,,,
compatibility,51012,base,no_plasticity,26,0.27565690875053406,,,,
compatibility,51012,base,no_plasticity,27,0.18430587649345398,,,,
cue_schedule,51012,base,swap,,,1,2,False,0.7681477069854736
cue_schedule,51012,base,swap,,,2,3,False,0.8549998998641968
cue_schedule,51012,base,swap,,,3,4,False,0.8406979441642761
cue_schedule,51012,base,swap,,,4,5,False,0.7791139483451843
cue_schedule,51012,base,swap,,,5,6,False,0.8066353797912598
cue_schedule,51012,base,swap,,,6,7,False,0.864515483379364
cue_schedule,51012,base,swap,,,7,8,False,0.8036724925041199
cue_schedule,51012,base,swap,,,8,9,False,0.8262090086936951
cue_schedule,51012,base,swap,,,9,10,False,0.8483988046646118
cue_schedule,51012,base,swap,,,10,11,True,0.3739975392818451
cue_schedule,51012,base,swap,,,11,12,False,0.8274440169334412
cue_schedule,51012,base,swap,,,12,13,False,0.8534237742424011
cue_schedule,51012,base,swap,,,13,14,False,0.8244494795799255
cue_schedule,51012,base,swap,,,14,15,False,0.8055544495582581
cue_schedule,51012,base,swap,,,15,16,False,0.8369230628013611
cue_schedule,51012,base,swap,,,16,17,False,0.8244500756263733
cue_schedule,51012,base,swap,,,17,18,False,0.8658939599990845
cue_schedule,51012,base,swap,,,18,19,False,0.8348056077957153
cue_schedule,51012,base,swap,,,19,20,False,0.8481720685958862
cue_schedule,51012,base,swap,,,20,21,True,0.39287063479423523
cue_schedule,51012,base,swap,,,21,22,False,0.7528764605522156
cue_schedule,51012,base,swap,,,22,23,False,0.791973888874054
cue_schedule,51012,base,swap,,,23,24,False,0.8518357276916504
cue_schedule,51012,base,swap,,,24,25,False,0.8633594512939453
cue_schedule,51012,base,swap,,,25,26,False,0.8549987077713013
cue_schedule,51012,base,swap,,,26,27,False,0.8456447124481201
cue_schedule,51012,base,swap,,,27,28,False,0.8274214863777161
cue_schedule,51012,base,swap,,,28,29,False,0.8330507874488831
cue_schedule,51012,base,swap,,,29,30,False,0.8682681918144226
cue_schedule,51012,base,swap,,,30,31,True,0.35747337341308594
cue_schedule,51012,base,swap,,,31,32,False,0.7778050303459167
cue_schedule,51012,base,swap,,,32,33,False,0.8322544097900391
cue_schedule,51012,base,swap,,,33,34,False,0.8208317756652832
cue_schedule,51012,base,swap,,,34,35,False,0.8317757248878479
cue_schedule,51012,base,swap,,,35,36,False,0.885265052318573
cue_schedule,51012,base,swap,,,36,37,False,0.8655408620834351
cue_schedule,51012,base,swap,,,37,38,False,0.8722716569900513
cue_schedule,51012,base,swap,,,38,39,False,0.8463475108146667
cue_schedule,51012,base,swap,,,39,40,False,0.8408660888671875
cue_schedule,51012,base,no_swap,,,1,2,False,0.7681477069854736
cue_schedule,51012,base,no_swap,,,2,3,False,0.8549998998641968
cue_schedule,51012,base,no_swap,,,3,4,False,0.8406979441642761
cue_schedule,51012,base,no_swap,,,4,5,False,0.7791139483451843
cue_schedule,51012,base,no_swap,,,5,6,False,0.8066353797912598
cue_schedule,51012,base,no_swap,,,6,7,False,0.864515483379364
cue_schedule,51012,base,no_swap,,,7,8,False,0.8036724925041199
cue_schedule,51012,base,no_swap,,,8,9,False,0.8262090086936951
cue_schedule,51012,base,no_swap,,,9,10,False,0.8483988046646118
cue_schedule,51012,base,no_swap,,,10,11,False,0.854168176651001
cue_schedule,51012,base,no_swap,,,11,12,False,0.8530600070953369
cue_schedule,51012,base,no_swap,,,12,13,False,0.835300087928772
cue_schedule,51012,base,no_swap,,,13,14,False,0.884229302406311
cue_schedule,51012,base,no_swap,,,14,15,False,0.8721559643745422
cue_schedule,51012,base,no_swap,,,15,16,False,0.8748078346252441
cue_schedule,51012,base,no_swap,,,16,17,False,0.8686973452568054
cue_schedule,51012,base,no_swap,,,17,18,False,0.8001720309257507
cue_schedule,51012,base,no_swap,,,18,19,False,0.8188287615776062
cue_schedule,51012,base,no_swap,,,19,20,False,0.8950634598731995
cue_schedule,51012,base,no_swap,,,20,21,False,0.8818792700767517
cue_schedule,51012,base,no_swap,,,21,22,False,0.8310661315917969
cue_schedule,51012,base,no_swap,,,22,23,False,0.8086774349212646
cue_schedule,51012,base,no_swap,,,23,24,False,0.8219128251075745
cue_schedule,51012,base,no_swap,,,24,25,False,0.8506107926368713
cue_schedule,51012,base,no_swap,,,25,26,False,0.8504934906959534
cue_schedule,51012,base,no_swap,,,26,27,False,0.8462967872619629
cue_schedule,51012,base,no_swap,,,27,28,False,0.8280573487281799
cue_schedule,51012,base,no_swap,,,28,29,False,0.8320943713188171
cue_schedule,51012,base,no_swap,,,29,30,False,0.8691848516464233
cue_schedule,51012,base,no_swap,,,30,31,False,0.8760395050048828
cue_schedule,51012,base,no_swap,,,31,32,False,0.8996565341949463
cue_schedule,51012,base,no_swap,,,32,33,False,0.8360239267349243
cue_schedule,51012,base,no_swap,,,33,34,False,0.8007550239562988
cue_schedule,51012,base,no_swap,,,34,35,False,0.8416942358016968
cue_schedule,51012,base,no_swap,,,35,36,False,0.8564872741699219
cue_schedule,51012,base,no_swap,,,36,37,False,0.8456027507781982
cue_schedule,51012,base,no_swap,,,37,38,False,0.833486020565033
cue_schedule,51012,base,no_swap,,,38,39,False,0.7992109060287476
cue_schedule,51012,base,no_swap,,,39,40,False,0.8340219259262085
compatibility,51012,err2,aligned,0,0.6304316520690918,,,,
compatibility,51012,err2,aligned,1,0.7758949398994446,,,,
compatibility,51012,err2,aligned,2,0.528113842010498,,,,
compatibility,51012,err2,aligned,3,0.6272493004798889,,,,
compatibility,51012,err2,aligned,4,0.5599472522735596,,,,
compatibility,51012,err2,aligned,5,0.4710230529308319,,,,
compatibility,51012,err2,aligned,6,0.7427300810813904,,,,
compatibility,51012,err2,aligned,7,0.7758042216300964,,,,
compatibility,51012,err2,aligned,8,0.6468341946601868,,,,
compatibility,51012,err2,aligned,9,0.7242814302444458,,,,
compatibility,51012,err2,aligned,10,0.5348894596099854,,,,
compatibility,51012,err2,aligned,11,0.5770437121391296,,,,
compatibility,51012,err2,aligned,12,0.5259722471237183,,,,
compatibility,51012,err2,aligned,13,0.7198812961578369,,,,
compatibility,51012,err2,aligned,14,0.7086952924728394,,,,
compatibility,51012,err2,aligned,15,0.8101691007614136,,,,
compatibility,51012,err2,aligned,16,0.8857654333114624,,,,
compatibility,51012,err2,aligned,17,0.73643958568573,,,,
compatibility,51012,err2,aligned,18,0.5558269619941711,,,,
compatibility,51012,err2,aligned,19,0.4450039565563202,,,,
compatibility,51012,err2,aligned,20,0.4579940140247345,,,,
compatibility,51012,err2,aligned,21,0.5353596806526184,,,,
compatibility,51012,err2,aligned,22,0.4989490509033203,,,,
compatibility,51012,err2,aligned,23,0.6430718302726746,,,,
compatibility,51012,err2,aligned,24,0.6429274082183838,,,,
compatibility,51012,err2,aligned,25,0.5852031707763672,,,,
compatibility,51012,err2,aligned,26,0.44790151715278625,,,,
compatibility,51012,err2,aligned,27,0.4479885697364807,,,,
compatibility,51012,err2,fixed_permutation,0,0.005160829052329063,,,,
compatibility,51012,err2,fixed_permutation,1,0.014288799837231636,,,,
compatibility,51012,err2,fixed_permutation,2,0.0003891020314767957,,,,
compatibility,51012,err2,fixed_permutation,3,0.24713484942913055,,,,
compatibility,51012,err2,fixed_permutation,4,4.773076580022462e-05,,,,
compatibility,51012,err2,fixed_permutation,5,0.0002075193915516138,,,,
compatibility,51012,err2,fixed_permutation,6,0.029605669900774956,,,,
compatibility,51012,err2,fixed_permutation,7,0.0004959143698215485,,,,
compatibility,51012,err2,fixed_permutation,8,3.912727697752416e-05,,,,
compatibility,51012,err2,fixed_permutation,9,0.00010625115828588605,,,,
compatibility,51012,err2,fixed_permutation,10,0.0032983229029923677,,,,
compatibility,51012,err2,fixed_permutation,11,1.8714768884819932e-05,,,,
compatibility,51012,err2,fixed_permutation,12,0.0007007840904407203,,,,
compatibility,51012,err2,fixed_permutation,13,0.009142568334937096,,,,
compatibility,51012,err2,fixed_permutation,14,0.0008176583796739578,,,,
compatibility,51012,err2,fixed_permutation,15,0.00392407039180398,,,,
compatibility,51012,err2,fixed_permutation,16,0.002025364199653268,,,,
compatibility,51012,err2,fixed_permutation,17,0.0011101271957159042,,,,
compatibility,51012,err2,fixed_permutation,18,0.0011148678604513407,,,,
compatibility,51012,err2,fixed_permutation,19,0.00014306773664429784,,,,
compatibility,51012,err2,fixed_permutation,20,0.030102955177426338,,,,
compatibility,51012,err2,fixed_permutation,21,8.23287628008984e-05,,,,
compatibility,51012,err2,fixed_permutation,22,0.017479803413152695,,,,
compatibility,51012,err2,fixed_permutation,23,0.00017447498976252973,,,,
compatibility,51012,err2,fixed_permutation,24,0.00447730952873826,,,,
compatibility,51012,err2,fixed_permutation,25,0.35309940576553345,,,,
compatibility,51012,err2,fixed_permutation,26,0.3045637607574463,,,,
compatibility,51012,err2,fixed_permutation,27,0.5258168578147888,,,,
compatibility,51012,err2,matched_decoder,0,0.630431592464447,,,,
compatibility,51012,err2,matched_decoder,1,0.7758949398994446,,,,
compatibility,51012,err2,matched_decoder,2,0.528113842010498,,,,
compatibility,51012,err2,matched_decoder,3,0.6272494196891785,,,,
compatibility,51012,err2,matched_decoder,4,0.5599470138549805,,,,
compatibility,51012,err2,matched_decoder,5,0.4710231423377991,,,,
compatibility,51012,err2,matched_decoder,6,0.7427304983139038,,,,
compatibility,51012,err2,matched_decoder,7,0.7758042216300964,,,,
compatibility,51012,err2,matched_decoder,8,0.6468341946601868,,,,
compatibility,51012,err2,matched_decoder,9,0.7242810726165771,,,,
compatibility,51012,err2,matched_decoder,10,0.5348895788192749,,,,
compatibility,51012,err2,matched_decoder,11,0.5770437717437744,,,,
compatibility,51012,err2,matched_decoder,12,0.5259721279144287,,,,
compatibility,51012,err2,matched_decoder,13,0.7198811769485474,,,,
compatibility,51012,err2,matched_decoder,14,0.7086954116821289,,,,
compatibility,51012,err2,matched_decoder,15,0.8101691603660583,,,,
compatibility,51012,err2,matched_decoder,16,0.8857654333114624,,,,
compatibility,51012,err2,matched_decoder,17,0.7364393472671509,,,,
compatibility,51012,err2,matched_decoder,18,0.5558269023895264,,,,
compatibility,51012,err2,matched_decoder,19,0.4450039565563202,,,,
compatibility,51012,err2,matched_decoder,20,0.4579940438270569,,,,
compatibility,51012,err2,matched_decoder,21,0.5353596806526184,,,,
compatibility,51012,err2,matched_decoder,22,0.49894896149635315,,,,
compatibility,51012,err2,matched_decoder,23,0.6430718898773193,,,,
compatibility,51012,err2,matched_decoder,24,0.6429275274276733,,,,
compatibility,51012,err2,matched_decoder,25,0.585203230381012,,,,
compatibility,51012,err2,matched_decoder,26,0.44790148735046387,,,,
compatibility,51012,err2,matched_decoder,27,0.4479885995388031,,,,
compatibility,51012,err2,random_content,0,0.017950808629393578,,,,
compatibility,51012,err2,random_content,1,0.03908776119351387,,,,
compatibility,51012,err2,random_content,2,0.0058271917514503,,,,
compatibility,51012,err2,random_content,3,0.0033215393777936697,,,,
compatibility,51012,err2,random_content,4,2.6140821773878997e-07,,,,
compatibility,51012,err2,random_content,5,0.0013218505773693323,,,,
compatibility,51012,err2,random_content,6,0.041587892919778824,,,,
compatibility,51012,err2,random_content,7,0.00577349029481411,,,,
compatibility,51012,err2,random_content,8,0.02529684640467167,,,,
compatibility,51012,err2,random_content,9,0.42148271203041077,,,,
compatibility,51012,err2,random_content,10,0.00014091769116930664,,,,
compatibility,51012,err2,random_content,11,0.189395472407341,,,,
compatibility,51012,err2,random_content,12,0.0014789665583521128,,,,
compatibility,51012,err2,random_content,13,0.40036195516586304,,,,
compatibility,51012,err2,random_content,14,9.845329623203725e-05,,,,
compatibility,51012,err2,random_content,15,0.22491982579231262,,,,
compatibility,51012,err2,random_content,16,0.038739707320928574,,,,
compatibility,51012,err2,random_content,17,0.04410156235098839,,,,
compatibility,51012,err2,random_content,18,4.478967821341939e-05,,,,
compatibility,51012,err2,random_content,19,0.014082086272537708,,,,
compatibility,51012,err2,random_content,20,0.14165540039539337,,,,
compatibility,51012,err2,random_content,21,0.0006522905314341187,,,,
compatibility,51012,err2,random_content,22,0.1230749562382698,,,,
compatibility,51012,err2,random_content,23,0.37052762508392334,,,,
compatibility,51012,err2,random_content,24,0.00018038337293546647,,,,
compatibility,51012,err2,random_content,25,0.2467886507511139,,,,
compatibility,51012,err2,random_content,26,0.010271119885146618,,,,
compatibility,51012,err2,random_content,27,0.1305299550294876,,,,
compatibility,51012,err2,no_plasticity,0,0.17352403700351715,,,,
compatibility,51012,err2,no_plasticity,1,0.2843066155910492,,,,
compatibility,51012,err2,no_plasticity,2,0.30946505069732666,,,,
compatibility,51012,err2,no_plasticity,3,0.2450728714466095,,,,
compatibility,51012,err2,no_plasticity,4,0.15055398643016815,,,,
compatibility,51012,err2,no_plasticity,5,0.1337464153766632,,,,
compatibility,51012,err2,no_plasticity,6,0.1609313189983368,,,,
compatibility,51012,err2,no_plasticity,7,0.1998763233423233,,,,
compatibility,51012,err2,no_plasticity,8,0.13553939759731293,,,,
compatibility,51012,err2,no_plasticity,9,0.39725953340530396,,,,
compatibility,51012,err2,no_plasticity,10,0.41305679082870483,,,,
compatibility,51012,err2,no_plasticity,11,0.5869414806365967,,,,
compatibility,51012,err2,no_plasticity,12,0.298130065202713,,,,
compatibility,51012,err2,no_plasticity,13,0.15312446653842926,,,,
compatibility,51012,err2,no_plasticity,14,0.18485093116760254,,,,
compatibility,51012,err2,no_plasticity,15,0.2653290629386902,,,,
compatibility,51012,err2,no_plasticity,16,0.2922975420951843,,,,
compatibility,51012,err2,no_plasticity,17,0.1463480293750763,,,,
compatibility,51012,err2,no_plasticity,18,0.13832613825798035,,,,
compatibility,51012,err2,no_plasticity,19,0.11323898285627365,,,,
compatibility,51012,err2,no_plasticity,20,0.3569400906562805,,,,
compatibility,51012,err2,no_plasticity,21,0.30584388971328735,,,,
compatibility,51012,err2,no_plasticity,22,0.18028123676776886,,,,
compatibility,51012,err2,no_plasticity,23,0.267288476228714,,,,
compatibility,51012,err2,no_plasticity,24,0.49114474654197693,,,,
compatibility,51012,err2,no_plasticity,25,0.4437907934188843,,,,
compatibility,51012,err2,no_plasticity,26,0.27565690875053406,,,,
compatibility,51012,err2,no_plasticity,27,0.18430587649345398,,,,
cue_schedule,51012,err2,swap,,,1,2,False,0.7497527599334717
cue_schedule,51012,err2,swap,,,2,3,False,0.8264267444610596
cue_schedule,51012,err2,swap,,,3,4,False,0.8431448340415955
cue_schedule,51012,err2,swap,,,4,5,False,0.8289258480072021
cue_schedule,51012,err2,swap,,,5,6,False,0.8146470785140991
cue_schedule,51012,err2,swap,,,6,7,False,0.7873086333274841
cue_schedule,51012,err2,swap,,,7,8,False,0.8082950115203857
cue_schedule,51012,err2,swap,,,8,9,False,0.8158748745918274
cue_schedule,51012,err2,swap,,,9,10,False,0.8089905381202698
cue_schedule,51012,err2,swap,,,10,11,True,0.4139527380466461
cue_schedule,51012,err2,swap,,,11,12,False,0.7978687286376953
cue_schedule,51012,err2,swap,,,12,13,False,0.8041592240333557
cue_schedule,51012,err2,swap,,,13,14,False,0.7901632189750671
cue_schedule,51012,err2,swap,,,14,15,False,0.803611695766449
cue_schedule,51012,err2,swap,,,15,16,False,0.7978142499923706
cue_schedule,51012,err2,swap,,,16,17,False,0.8176454901695251
cue_schedule,51012,err2,swap,,,17,18,False,0.8088591694831848
cue_schedule,51012,err2,swap,,,18,19,False,0.8309125304222107
cue_schedule,51012,err2,swap,,,19,20,False,0.8201746344566345
cue_schedule,51012,err2,swap,,,20,21,True,0.4326750934123993
cue_schedule,51012,err2,swap,,,21,22,False,0.7870616316795349
cue_schedule,51012,err2,swap,,,22,23,False,0.8182658553123474
cue_schedule,51012,err2,swap,,,23,24,False,0.8157544732093811
cue_schedule,51012,err2,swap,,,24,25,False,0.8139101266860962
cue_schedule,51012,err2,swap,,,25,26,False,0.8115700483322144
cue_schedule,51012,err2,swap,,,26,27,False,0.8057916164398193
cue_schedule,51012,err2,swap,,,27,28,False,0.8141708970069885
cue_schedule,51012,err2,swap,,,28,29,False,0.7885060906410217
cue_schedule,51012,err2,swap,,,29,30,False,0.8184254169464111
cue_schedule,51012,err2,swap,,,30,31,True,0.4570993185043335
cue_schedule,51012,err2,swap,,,31,32,False,0.7895907759666443
cue_schedule,51012,err2,swap,,,32,33,False,0.8024848699569702
cue_schedule,51012,err2,swap,,,33,34,False,0.8160250186920166
cue_schedule,51012,err2,swap,,,34,35,False,0.8198205828666687
cue_schedule,51012,err2,swap,,,35,36,False,0.8293205499649048
cue_schedule,51012,err2,swap,,,36,37,False,0.812166690826416
cue_schedule,51012,err2,swap,,,37,38,False,0.8112934827804565
cue_schedule,51012,err2,swap,,,38,39,False,0.8115411400794983
cue_schedule,51012,err2,swap,,,39,40,False,0.8334739208221436
cue_schedule,51012,err2,no_swap,,,1,2,False,0.7497527599334717
cue_schedule,51012,err2,no_swap,,,2,3,False,0.8264267444610596
cue_schedule,51012,err2,no_swap,,,3,4,False,0.8431448340415955
cue_schedule,51012,err2,no_swap,,,4,5,False,0.8289258480072021
cue_schedule,51012,err2,no_swap,,,5,6,False,0.8146470785140991
cue_schedule,51012,err2,no_swap,,,6,7,False,0.7873086333274841
cue_schedule,51012,err2,no_swap,,,7,8,False,0.8082950115203857
cue_schedule,51012,err2,no_swap,,,8,9,False,0.8158748745918274
cue_schedule,51012,err2,no_swap,,,9,10,False,0.8089905381202698
cue_schedule,51012,err2,no_swap,,,10,11,False,0.794546902179718
cue_schedule,51012,err2,no_swap,,,11,12,False,0.8175714015960693
cue_schedule,51012,err2,no_swap,,,12,13,False,0.8140213489532471
cue_schedule,51012,err2,no_swap,,,13,14,False,0.824364185333252
cue_schedule,51012,err2,no_swap,,,14,15,False,0.8263126611709595
cue_schedule,51012,err2,no_swap,,,15,16,False,0.8072147369384766
cue_schedule,51012,err2,no_swap,,,16,17,False,0.7984671592712402
cue_schedule,51012,err2,no_swap,,,17,18,False,0.8176501393318176
cue_schedule,51012,err2,no_swap,,,18,19,False,0.8143804669380188
cue_schedule,51012,err2,no_swap,,,19,20,False,0.8392442464828491
cue_schedule,51012,err2,no_swap,,,20,21,False,0.8343096375465393
cue_schedule,51012,err2,no_swap,,,21,22,False,0.7999517917633057
cue_schedule,51012,err2,no_swap,,,22,23,False,0.8145753741264343
cue_schedule,51012,err2,no_swap,,,23,24,False,0.8237334489822388
cue_schedule,51012,err2,no_swap,,,24,25,False,0.8205277323722839
cue_schedule,51012,err2,no_swap,,,25,26,False,0.8079355359077454
cue_schedule,51012,err2,no_swap,,,26,27,False,0.8066245913505554
cue_schedule,51012,err2,no_swap,,,27,28,False,0.8121116757392883
cue_schedule,51012,err2,no_swap,,,28,29,False,0.7934376001358032
cue_schedule,51012,err2,no_swap,,,29,30,False,0.8148419260978699
cue_schedule,51012,err2,no_swap,,,30,31,False,0.8127718567848206
cue_schedule,51012,err2,no_swap,,,31,32,False,0.815284788608551
cue_schedule,51012,err2,no_swap,,,32,33,False,0.8300963640213013
cue_schedule,51012,err2,no_swap,,,33,34,False,0.8155517578125
cue_schedule,51012,err2,no_swap,,,34,35,False,0.8353903293609619
cue_schedule,51012,err2,no_swap,,,35,36,False,0.8428164720535278
cue_schedule,51012,err2,no_swap,,,36,37,False,0.8031951189041138
cue_schedule,51012,err2,no_swap,,,37,38,False,0.8214898705482483
cue_schedule,51012,err2,no_swap,,,38,39,False,0.853548526763916
cue_schedule,51012,err2,no_swap,,,39,40,False,0.8417685627937317
compatibility,51013,base,aligned,0,0.7673025727272034,,,,
compatibility,51013,base,aligned,1,0.6281980872154236,,,,
compatibility,51013,base,aligned,2,0.6005332469940186,,,,
compatibility,51013,base,aligned,3,0.8547491431236267,,,,
compatibility,51013,base,aligned,4,0.8304459452629089,,,,
compatibility,51013,base,aligned,5,0.8081771731376648,,,,
compatibility,51013,base,aligned,6,0.691827654838562,,,,
compatibility,51013,base,aligned,7,0.8001415729522705,,,,
compatibility,51013,base,aligned,8,0.7339807152748108,,,,
compatibility,51013,base,aligned,9,0.8282846808433533,,,,
compatibility,51013,base,aligned,10,0.7928453683853149,,,,
compatibility,51013,base,aligned,11,0.8454909324645996,,,,
compatibility,51013,base,aligned,12,0.8142730593681335,,,,
compatibility,51013,base,aligned,13,0.8338107466697693,,,,
compatibility,51013,base,aligned,14,0.743614673614502,,,,
compatibility,51013,base,aligned,15,0.7695887684822083,,,,
compatibility,51013,base,aligned,16,0.9519724249839783,,,,
compatibility,51013,base,aligned,17,0.7986322641372681,,,,
compatibility,51013,base,aligned,18,0.570955216884613,,,,
compatibility,51013,base,aligned,19,0.8220466375350952,,,,
compatibility,51013,base,aligned,20,0.8542993068695068,,,,
compatibility,51013,base,aligned,21,0.8451957702636719,,,,
compatibility,51013,base,aligned,22,0.8794664740562439,,,,
compatibility,51013,base,aligned,23,0.6526593565940857,,,,
compatibility,51013,base,aligned,24,0.6852978467941284,,,,
compatibility,51013,base,aligned,25,0.9200389981269836,,,,
compatibility,51013,base,aligned,26,0.6950628757476807,,,,
compatibility,51013,base,aligned,27,0.7062670588493347,,,,
compatibility,51013,base,fixed_permutation,0,0.3777218759059906,,,,
compatibility,51013,base,fixed_permutation,1,0.23429645597934723,,,,
compatibility,51013,base,fixed_permutation,2,0.1593341827392578,,,,
compatibility,51013,base,fixed_permutation,3,0.16048404574394226,,,,
compatibility,51013,base,fixed_permutation,4,0.3147742748260498,,,,
compatibility,51013,base,fixed_permutation,5,0.0004115148331038654,,,,
compatibility,51013,base,fixed_permutation,6,0.12853075563907623,,,,
compatibility,51013,base,fixed_permutation,7,0.31366389989852905,,,,
compatibility,51013,base,fixed_permutation,8,0.1087631806731224,,,,
compatibility,51013,base,fixed_permutation,9,0.1652647852897644,,,,
compatibility,51013,base,fixed_permutation,10,0.42451274394989014,,,,
compatibility,51013,base,fixed_permutation,11,0.23060879111289978,,,,
compatibility,51013,base,fixed_permutation,12,0.17770330607891083,,,,
compatibility,51013,base,fixed_permutation,13,4.047318361699581e-05,,,,
compatibility,51013,base,fixed_permutation,14,0.2202679067850113,,,,
compatibility,51013,base,fixed_permutation,15,0.12455917149782181,,,,
compatibility,51013,base,fixed_permutation,16,0.14432843029499054,,,,
compatibility,51013,base,fixed_permutation,17,0.2038826197385788,,,,
compatibility,51013,base,fixed_permutation,18,0.164228156208992,,,,
compatibility,51013,base,fixed_permutation,19,0.00029289477970451117,,,,
compatibility,51013,base,fixed_permutation,20,0.17516136169433594,,,,
compatibility,51013,base,fixed_permutation,21,0.07343817502260208,,,,
compatibility,51013,base,fixed_permutation,22,0.2462727278470993,,,,
compatibility,51013,base,fixed_permutation,23,0.001237594406120479,,,,
compatibility,51013,base,fixed_permutation,24,0.018452880904078484,,,,
compatibility,51013,base,fixed_permutation,25,0.00399700365960598,,,,
compatibility,51013,base,fixed_permutation,26,0.015078851021826267,,,,
compatibility,51013,base,fixed_permutation,27,0.3463954031467438,,,,
compatibility,51013,base,matched_decoder,0,0.7673025727272034,,,,
compatibility,51013,base,matched_decoder,1,0.6281980872154236,,,,
compatibility,51013,base,matched_decoder,2,0.6005333065986633,,,,
compatibility,51013,base,matched_decoder,3,0.8547492027282715,,,,
compatibility,51013,base,matched_decoder,4,0.8304459452629089,,,,
compatibility,51013,base,matched_decoder,5,0.8081772923469543,,,,
compatibility,51013,base,matched_decoder,6,0.691827654838562,,,,
compatibility,51013,base,matched_decoder,7,0.8001415729522705,,,,
compatibility,51013,base,matched_decoder,8,0.7339808344841003,,,,
compatibility,51013,base,matched_decoder,9,0.828284502029419,,,,
compatibility,51013,base,matched_decoder,10,0.7928453683853149,,,,
compatibility,51013,base,matched_decoder,11,0.8454909324645996,,,,
compatibility,51013,base,matched_decoder,12,0.8142731189727783,,,,
compatibility,51013,base,matched_decoder,13,0.8338107466697693,,,,
compatibility,51013,base,matched_decoder,14,0.743614673614502,,,,
compatibility,51013,base,matched_decoder,15,0.7695887684822083,,,,
compatibility,51013,base,matched_decoder,16,0.9519724249839783,,,,
compatibility,51013,base,matched_decoder,17,0.7986322641372681,,,,
compatibility,51013,base,matched_decoder,18,0.570955216884613,,,,
compatibility,51013,base,matched_decoder,19,0.8220466375350952,,,,
compatibility,51013,base,matched_decoder,20,0.8542991876602173,,,,
compatibility,51013,base,matched_decoder,21,0.8451957702636719,,,,
compatibility,51013,base,matched_decoder,22,0.8794664740562439,,,,
compatibility,51013,base,matched_decoder,23,0.6526592373847961,,,,
compatibility,51013,base,matched_decoder,24,0.6852979063987732,,,,
compatibility,51013,base,matched_decoder,25,0.920039176940918,,,,
compatibility,51013,base,matched_decoder,26,0.6950628161430359,,,,
compatibility,51013,base,matched_decoder,27,0.7062671780586243,,,,
compatibility,51013,base,random_content,0,0.00019667427113745362,,,,
compatibility,51013,base,random_content,1,0.001136361388489604,,,,
compatibility,51013,base,random_content,2,0.21226866543293,,,,
compatibility,51013,base,random_content,3,0.2201290875673294,,,,
compatibility,51013,base,random_content,4,0.40395256876945496,,,,
compatibility,51013,base,random_content,5,0.1773284375667572,,,,
compatibility,51013,base,random_content,6,0.15814383327960968,,,,
compatibility,51013,base,random_content,7,0.004037740174680948,,,,
compatibility,51013,base,random_content,8,2.062647217826452e-05,,,,
compatibility,51013,base,random_content,9,0.24178928136825562,,,,
compatibility,51013,base,random_content,10,0.1772180199623108,,,,
compatibility,51013,base,random_content,11,0.3357066810131073,,,,
compatibility,51013,base,random_content,12,0.03377985954284668,,,,
compatibility,51013,base,random_content,13,0.10332043468952179,,,,
compatibility,51013,base,random_content,14,0.001554957590997219,,,,
compatibility,51013,base,random_content,15,0.27701976895332336,,,,
compatibility,51013,base,random_content,16,0.002600079169496894,,,,
compatibility,51013,base,random_content,17,0.010848701000213623,,,,
compatibility,51013,base,random_content,18,0.04545346274971962,,,,
compatibility,51013,base,random_content,19,0.0013455040752887726,,,,
compatibility,51013,base,random_content,20,0.1907537430524826,,,,
compatibility,51013,base,random_content,21,0.17485260963439941,,,,
compatibility,51013,base,random_content,22,0.20467789471149445,,,,
compatibility,51013,base,random_content,23,0.00020027341088280082,,,,
compatibility,51013,base,random_content,24,0.00073057267582044,,,,
compatibility,51013,base,random_content,25,0.00484316423535347,,,,
compatibility,51013,base,random_content,26,0.198822483420372,,,,
compatibility,51013,base,random_content,27,0.24433346092700958,,,,
compatibility,51013,base,no_plasticity,0,0.1817278414964676,,,,
compatibility,51013,base,no_plasticity,1,0.21603117883205414,,,,
compatibility,51013,base,no_plasticity,2,0.3170113265514374,,,,
compatibility,51013,base,no_plasticity,3,0.32308635115623474,,,,
compatibility,51013,base,no_plasticity,4,0.36038050055503845,,,,
compatibility,51013,base,no_plasticity,5,0.2221774458885193,,,,
compatibility,51013,base,no_plasticity,6,0.4120117127895355,,,,
compatibility,51013,base,no_plasticity,7,0.22066985070705414,,,,
compatibility,51013,base,no_plasticity,8,0.2889247536659241,,,,
compatibility,51013,base,no_plasticity,9,0.13764497637748718,,,,
compatibility,51013,base,no_plasticity,10,0.18668800592422485,,,,
compatibility,51013,base,no_plasticity,11,0.16193035244941711,,,,
compatibility,51013,base,no_plasticity,12,0.18390142917633057,,,,
compatibility,51013,base,no_plasticity,13,0.3544667065143585,,,,
compatibility,51013,base,no_plasticity,14,0.23761095106601715,,,,
compatibility,51013,base,no_plasticity,15,0.23394416272640228,,,,
compatibility,51013,base,no_plasticity,16,0.1488218754529953,,,,
compatibility,51013,base,no_plasticity,17,0.3908291161060333,,,,
compatibility,51013,base,no_plasticity,18,0.23969151079654694,,,,
compatibility,51013,base,no_plasticity,19,0.29925745725631714,,,,
compatibility,51013,base,no_plasticity,20,0.17574052512645721,,,,
compatibility,51013,base,no_plasticity,21,0.4277174472808838,,,,
compatibility,51013,base,no_plasticity,22,0.32126232981681824,,,,
compatibility,51013,base,no_plasticity,23,0.4241083860397339,,,,
compatibility,51013,base,no_plasticity,24,0.19885405898094177,,,,
compatibility,51013,base,no_plasticity,25,0.24333369731903076,,,,
compatibility,51013,base,no_plasticity,26,0.21125516295433044,,,,
compatibility,51013,base,no_plasticity,27,0.25587397813796997,,,,
cue_schedule,51013,base,swap,,,1,2,False,0.8093500733375549
cue_schedule,51013,base,swap,,,2,3,False,0.7584731578826904
cue_schedule,51013,base,swap,,,3,4,False,0.7809427380561829
cue_schedule,51013,base,swap,,,4,5,False,0.8002169728279114
cue_schedule,51013,base,swap,,,5,6,False,0.8274713158607483
cue_schedule,51013,base,swap,,,6,7,False,0.8270648121833801
cue_schedule,51013,base,swap,,,7,8,False,0.8021921515464783
cue_schedule,51013,base,swap,,,8,9,False,0.8076531887054443
cue_schedule,51013,base,swap,,,9,10,False,0.8386500477790833
cue_schedule,51013,base,swap,,,10,11,True,0.3089163303375244
cue_schedule,51013,base,swap,,,11,12,False,0.771321713924408
cue_schedule,51013,base,swap,,,12,13,False,0.7867227792739868
cue_schedule,51013,base,swap,,,13,14,False,0.77948397397995
cue_schedule,51013,base,swap,,,14,15,False,0.7879828810691833
cue_schedule,51013,base,swap,,,15,16,False,0.9075246453285217
cue_schedule,51013,base,swap,,,16,17,False,0.8111370801925659
cue_schedule,51013,base,swap,,,17,18,False,0.7293346524238586
cue_schedule,51013,base,swap,,,18,19,False,0.8447127342224121
cue_schedule,51013,base,swap,,,19,20,False,0.8322439789772034
cue_schedule,51013,base,swap,,,20,21,True,0.338444322347641
cue_schedule,51013,base,swap,,,21,22,False,0.7875004410743713
cue_schedule,51013,base,swap,,,22,23,False,0.7964632511138916
cue_schedule,51013,base,swap,,,23,24,False,0.834481954574585
cue_schedule,51013,base,swap,,,24,25,False,0.8804798126220703
cue_schedule,51013,base,swap,,,25,26,False,0.8049840331077576
cue_schedule,51013,base,swap,,,26,27,False,0.8596695065498352
cue_schedule,51013,base,swap,,,27,28,False,0.8854610323905945
cue_schedule,51013,base,swap,,,28,29,False,0.8876031637191772
cue_schedule,51013,base,swap,,,29,30,False,0.8425021171569824
cue_schedule,51013,base,swap,,,30,31,True,0.2993929088115692
cue_schedule,51013,base,swap,,,31,32,False,0.7736160159111023
cue_schedule,51013,base,swap,,,32,33,False,0.8197081089019775
cue_schedule,51013,base,swap,,,33,34,False,0.8403259515762329
cue_schedule,51013,base,swap,,,34,35,False,0.8229143619537354
cue_schedule,51013,base,swap,,,35,36,False,0.8553888201713562
cue_schedule,51013,base,swap,,,36,37,False,0.872387707233429
cue_schedule,51013,base,swap,,,37,38,False,0.8677074313163757
cue_schedule,51013,base,swap,,,38,39,False,0.8694910407066345
cue_schedule,51013,base,swap,,,39,40,False,0.899697482585907
cue_schedule,51013,base,no_swap,,,1,2,False,0.8093500733375549
cue_schedule,51013,base,no_swap,,,2,3,False,0.7584731578826904
cue_schedule,51013,base,no_swap,,,3,4,False,0.7809427380561829
cue_schedule,51013,base,no_swap,,,4,5,False,0.8002169728279114
cue_schedule,51013,base,no_swap,,,5,6,False,0.8274713158607483
cue_schedule,51013,base,no_swap,,,6,7,False,0.8270648121833801
cue_schedule,51013,base,no_swap,,,7,8,False,0.8021921515464783
cue_schedule,51013,base,no_swap,,,8,9,False,0.8076531887054443
cue_schedule,51013,base,no_swap,,,9,10,False,0.8386500477790833
cue_schedule,51013,base,no_swap,,,10,11,False,0.8150642514228821
cue_schedule,51013,base,no_swap,,,11,12,False,0.8191846609115601
cue_schedule,51013,base,no_swap,,,12,13,False,0.8151626586914062
cue_schedule,51013,base,no_swap,,,13,14,False,0.7850834727287292
cue_schedule,51013,base,no_swap,,,14,15,False,0.7984216213226318
cue_schedule,51013,base,no_swap,,,15,16,False,0.8545102477073669
cue_schedule,51013,base,no_swap,,,16,17,False,0.8506932854652405
cue_schedule,51013,base,no_swap,,,17,18,False,0.7412084937095642
cue_schedule,51013,base,no_swap,,,18,19,False,0.816111147403717
cue_schedule,51013,base,no_swap,,,19,20,False,0.8064659833908081
cue_schedule,51013,base,no_swap,,,20,21,False,0.8633754253387451
cue_schedule,51013,base,no_swap,,,21,22,False,0.8936363458633423
cue_schedule,51013,base,no_swap,,,22,23,False,0.8091232180595398
cue_schedule,51013,base,no_swap,,,23,24,False,0.8127871155738831
cue_schedule,51013,base,no_swap,,,24,25,False,0.8633855581283569
cue_schedule,51013,base,no_swap,,,25,26,False,0.8263199329376221
cue_schedule,51013,base,no_swap,,,26,27,False,0.8553856611251831
cue_schedule,51013,base,no_swap,,,27,28,False,0.8956366777420044
cue_schedule,51013,base,no_swap,,,28,29,False,0.8947111368179321
cue_schedule,51013,base,no_swap,,,29,30,False,0.8676022887229919
cue_schedule,51013,base,no_swap,,,30,31,False,0.8521630764007568
cue_schedule,51013,base,no_swap,,,31,32,False,0.8928114175796509
cue_schedule,51013,base,no_swap,,,32,33,False,0.909909725189209
cue_schedule,51013,base,no_swap,,,33,34,False,0.8552722334861755
cue_schedule,51013,base,no_swap,,,34,35,False,0.8653090596199036
cue_schedule,51013,base,no_swap,,,35,36,False,0.8801034688949585
cue_schedule,51013,base,no_swap,,,36,37,False,0.9185652136802673
cue_schedule,51013,base,no_swap,,,37,38,False,0.9082226753234863
cue_schedule,51013,base,no_swap,,,38,39,False,0.8801891803741455
cue_schedule,51013,base,no_swap,,,39,40,False,0.8958293795585632
compatibility,51013,err2,aligned,0,0.5368294715881348,,,,
compatibility,51013,err2,aligned,1,0.4484240710735321,,,,
compatibility,51013,err2,aligned,2,0.45386117696762085,,,,
compatibility,51013,err2,aligned,3,0.64234858751297,,,,
compatibility,51013,err2,aligned,4,0.48244306445121765,,,,
compatibility,51013,err2,aligned,5,0.44929468631744385,,,,
compatibility,51013,err2,aligned,6,0.4509904682636261,,,,
compatibility,51013,err2,aligned,7,0.6296253800392151,,,,
compatibility,51013,err2,aligned,8,0.45346012711524963,,,,
compatibility,51013,err2,aligned,9,0.7189587950706482,,,,
compatibility,51013,err2,aligned,10,0.623029887676239,,,,
compatibility,51013,err2,aligned,11,0.44368863105773926,,,,
compatibility,51013,err2,aligned,12,0.44731324911117554,,,,
compatibility,51013,err2,aligned,13,0.5649563670158386,,,,
compatibility,51013,err2,aligned,14,0.45974892377853394,,,,
compatibility,51013,err2,aligned,15,0.6059256792068481,,,,
compatibility,51013,err2,aligned,16,0.5170688033103943,,,,
compatibility,51013,err2,aligned,17,0.5121213793754578,,,,
compatibility,51013,err2,aligned,18,0.6652240753173828,,,,
compatibility,51013,err2,aligned,19,0.493059903383255,,,,
compatibility,51013,err2,aligned,20,0.46035364270210266,,,,
compatibility,51013,err2,aligned,21,0.5302438735961914,,,,
compatibility,51013,err2,aligned,22,0.6150763034820557,,,,
compatibility,51013,err2,aligned,23,0.4502541124820709,,,,
compatibility,51013,err2,aligned,24,0.006385977379977703,,,,
compatibility,51013,err2,aligned,25,0.4870165288448334,,,,
compatibility,51013,err2,aligned,26,0.4626311957836151,,,,
compatibility,51013,err2,aligned,27,0.44741007685661316,,,,
compatibility,51013,err2,fixed_permutation,0,0.5529950261116028,,,,
compatibility,51013,err2,fixed_permutation,1,0.0014468777226284146,,,,
compatibility,51013,err2,fixed_permutation,2,0.16518162190914154,,,,
compatibility,51013,err2,fixed_permutation,3,5.295240771374665e-05,,,,
compatibility,51013,err2,fixed_permutation,4,0.03963642939925194,,,,
compatibility,51013,err2,fixed_permutation,5,4.6051686695136596e-06,,,,
compatibility,51013,err2,fixed_permutation,6,0.014068943448364735,,,,
compatibility,51013,err2,fixed_permutation,7,0.4471958577632904,,,,
compatibility,51013,err2,fixed_permutation,8,0.4064778685569763,,,,
compatibility,51013,err2,fixed_permutation,9,0.44533124566078186,,,,
compatibility,51013,err2,fixed_permutation,10,0.0031861041206866503,,,,
compatibility,51013,err2,fixed_permutation,11,0.4471610188484192,,,,
compatibility,51013,err2,fixed_permutation,12,0.0009552710107527673,,,,
compatibility,51013,err2,fixed_permutation,13,0.005104885436594486,,,,
compatibility,51013,err2,fixed_permutation,14,0.0013429693644866347,,,,
compatibility,51013,err2,fixed_permutation,15,0.08055268228054047,,,,
compatibility,51013,err2,fixed_permutation,16,0.36332806944847107,,,,
compatibility,51013,err2,fixed_permutation,17,0.001929189427755773,,,,
compatibility,51013,err2,fixed_permutation,18,0.3570776581764221,,,,
compatibility,51013,err2,fixed_permutation,19,0.0009916883427649736,,,,
compatibility,51013,err2,fixed_permutation,20,0.26175618171691895,,,,
compatibility,51013,err2,fixed_permutation,21,0.1865682452917099,,,,
compatibility,51013,err2,fixed_permutation,22,0.484647661447525,,,,
compatibility,51013,err2,fixed_permutation,23,3.9473598008044064e-05,,,,
compatibility,51013,err2,fixed_permutation,24,0.008166803047060966,,,,
compatibility,51013,err2,fixed_permutation,25,0.0058382716961205006,,,,
compatibility,51013,err2,fixed_permutation,26,0.3858290910720825,,,,
compatibility,51013,err2,fixed_permutation,27,0.28807011246681213,,,,
compatibility,51013,err2,matched_decoder,0,0.5368297100067139,,,,
compatibility,51013,err2,matched_decoder,1,0.4484241008758545,,,,
compatibility,51013,err2,matched_decoder,2,0.45386120676994324,,,,
compatibility,51013,err2,matched_decoder,3,0.6423486471176147,,,,
compatibility,51013,err2,matched_decoder,4,0.4824428856372833,,,,
compatibility,51013,err2,matched_decoder,5,0.44929471611976624,,,,
compatibility,51013,err2,matched_decoder,6,0.4509905278682709,,,,
compatibility,51013,err2,matched_decoder,7,0.6296255588531494,,,,
compatibility,51013,err2,matched_decoder,8,0.45346009731292725,,,,
compatibility,51013,err2,matched_decoder,9,0.7189590334892273,,,,
compatibility,51013,err2,matched_decoder,10,0.6230299472808838,,,,
compatibility,51013,err2,matched_decoder,11,0.44368860125541687,,,,
compatibility,51013,err2,matched_decoder,12,0.44731324911117554,,,,
compatibility,51013,err2,matched_decoder,13,0.5649563074111938,,,,
compatibility,51013,err2,matched_decoder,14,0.45974892377853394,,,,
compatibility,51013,err2,matched_decoder,15,0.6059258580207825,,,,
compatibility,51013,err2,matched_decoder,16,0.5170686841011047,,,,
compatibility,51013,err2,matched_decoder,17,0.5121214985847473,,,,
compatibility,51013,err2,matched_decoder,18,0.6652241349220276,,,,
compatibility,51013,err2,matched_decoder,19,0.4930596947669983,,,,
compatibility,51013,err2,matched_decoder,20,0.46035364270210266,,,,
compatibility,51013,err2,matched_decoder,21,0.5302438139915466,,,,
compatibility,51013,err2,matched_decoder,22,0.6150763034820557,,,,
compatibility,51013,err2,matched_decoder,23,0.45025408267974854,,,,
compatibility,51013,err2,matched_decoder,24,0.006385985296219587,,,,
compatibility,51013,err2,matched_decoder,25,0.4870165288448334,,,,
compatibility,51013,err2,matched_decoder,26,0.4626312553882599,,,,
compatibility,51013,err2,matched_decoder,27,0.44741004705429077,,,,
compatibility,51013,err2,random_content,0,4.745619298773818e-05,,,,
compatibility,51013,err2,random_content,1,0.00286148302257061,,,,
compatibility,51013,err2,random_content,2,0.005003585480153561,,,,
compatibility,51013,err2,random_content,3,0.00086723588174209,,,,
compatibility,51013,err2,random_content,4,0.2846764624118805,,,,
compatibility,51013,err2,random_content,5,0.20405294001102448,,,,
compatibility,51013,err2,random_content,6,3.4508650514908368e-06,,,,
compatibility,51013,err2,random_content,7,0.007634707726538181,,,,
compatibility,51013,err2,random_content,8,4.3746735173044726e-05,,,,
compatibility,51013,err2,random_content,9,0.0001037973997881636,,,,
compatibility,51013,err2,random_content,10,0.0009907392086461186,,,,
compatibility,51013,err2,random_content,11,0.011037692427635193,,,,
compatibility,51013,err2,random_content,12,0.12830476462841034,,,,
compatibility,51013,err2,random_content,13,0.00014719247701577842,,,,
compatibility,51013,err2,random_content,14,7.488958431167703e-07,,,,
compatibility,51013,err2,random_content,15,0.026625245809555054,,,,
compatibility,51013,err2,random_content,16,0.0002864007547032088,,,,
compatibility,51013,err2,random_content,17,0.0373741015791893,,,,
compatibility,51013,err2,random_content,18,8.998876000987366e-05,,,,
compatibility,51013,err2,random_content,19,0.4476120173931122,,,,
compatibility,51013,err2,random_content,20,0.3810252845287323,,,,
compatibility,51013,err2,random_content,21,0.0028764531016349792,,,,
compatibility,51013,err2,random_content,22,4.232590799801983e-05,,,,
compatibility,51013,err2,random_content,23,7.52384657971561e-05,,,,
compatibility,51013,err2,random_content,24,6.201904034242034e-05,,,,
compatibility,51013,err2,random_content,25,0.0005465290159918368,,,,
compatibility,51013,err2,random_content,26,6.206694524735212e-05,,,,
compatibility,51013,err2,random_content,27,9.849541675066575e-05,,,,
compatibility,51013,err2,no_plasticity,0,0.1817278414964676,,,,
compatibility,51013,err2,no_plasticity,1,0.21603117883205414,,,,
compatibility,51013,err2,no_plasticity,2,0.3170113265514374,,,,
compatibility,51013,err2,no_plasticity,3,0.32308635115623474,,,,
compatibility,51013,err2,no_plasticity,4,0.36038050055503845,,,,
compatibility,51013,err2,no_plasticity,5,0.2221774458885193,,,,
compatibility,51013,err2,no_plasticity,6,0.4120117127895355,,,,
compatibility,51013,err2,no_plasticity,7,0.22066985070705414,,,,
compatibility,51013,err2,no_plasticity,8,0.2889247536659241,,,,
compatibility,51013,err2,no_plasticity,9,0.13764497637748718,,,,
compatibility,51013,err2,no_plasticity,10,0.18668800592422485,,,,
compatibility,51013,err2,no_plasticity,11,0.16193035244941711,,,,
compatibility,51013,err2,no_plasticity,12,0.18390142917633057,,,,
compatibility,51013,err2,no_plasticity,13,0.3544667065143585,,,,
compatibility,51013,err2,no_plasticity,14,0.23761095106601715,,,,
compatibility,51013,err2,no_plasticity,15,0.23394416272640228,,,,
compatibility,51013,err2,no_plasticity,16,0.1488218754529953,,,,
compatibility,51013,err2,no_plasticity,17,0.3908291161060333,,,,
compatibility,51013,err2,no_plasticity,18,0.23969151079654694,,,,
compatibility,51013,err2,no_plasticity,19,0.29925745725631714,,,,
compatibility,51013,err2,no_plasticity,20,0.17574052512645721,,,,
compatibility,51013,err2,no_plasticity,21,0.4277174472808838,,,,
compatibility,51013,err2,no_plasticity,22,0.32126232981681824,,,,
compatibility,51013,err2,no_plasticity,23,0.4241083860397339,,,,
compatibility,51013,err2,no_plasticity,24,0.19885405898094177,,,,
compatibility,51013,err2,no_plasticity,25,0.24333369731903076,,,,
compatibility,51013,err2,no_plasticity,26,0.21125516295433044,,,,
compatibility,51013,err2,no_plasticity,27,0.25587397813796997,,,,
cue_schedule,51013,err2,swap,,,1,2,False,0.7783834338188171
cue_schedule,51013,err2,swap,,,2,3,False,0.8112151622772217
cue_schedule,51013,err2,swap,,,3,4,False,0.795256495475769
cue_schedule,51013,err2,swap,,,4,5,False,0.7837865352630615
cue_schedule,51013,err2,swap,,,5,6,False,0.7981147170066833
cue_schedule,51013,err2,swap,,,6,7,False,0.8464740514755249
cue_schedule,51013,err2,swap,,,7,8,False,0.8263351321220398
cue_schedule,51013,err2,swap,,,8,9,False,0.7804774641990662
cue_schedule,51013,err2,swap,,,9,10,False,0.7858207821846008
cue_schedule,51013,err2,swap,,,10,11,True,0.4164878726005554
cue_schedule,51013,err2,swap,,,11,12,False,0.7363243103027344
cue_schedule,51013,err2,swap,,,12,13,False,0.7946419715881348
cue_schedule,51013,err2,swap,,,13,14,False,0.8364821672439575
cue_schedule,51013,err2,swap,,,14,15,False,0.828443169593811
cue_schedule,51013,err2,swap,,,15,16,False,0.8222364783287048
cue_schedule,51013,err2,swap,,,16,17,False,0.808420717716217
cue_schedule,51013,err2,swap,,,17,18,False,0.8306796550750732
cue_schedule,51013,err2,swap,,,18,19,False,0.8418067693710327
cue_schedule,51013,err2,swap,,,19,20,False,0.8159433603286743
cue_schedule,51013,err2,swap,,,20,21,True,0.47278106212615967
cue_schedule,51013,err2,swap,,,21,22,False,0.8222974538803101
cue_schedule,51013,err2,swap,,,22,23,False,0.8128265142440796
cue_schedule,51013,err2,swap,,,23,24,False,0.8211629390716553
cue_schedule,51013,err2,swap,,,24,25,False,0.8066201210021973
cue_schedule,51013,err2,swap,,,25,26,False,0.8452559113502502
cue_schedule,51013,err2,swap,,,26,27,False,0.8336788415908813
cue_schedule,51013,err2,swap,,,27,28,False,0.8586904406547546
cue_schedule,51013,err2,swap,,,28,29,False,0.8130667209625244
cue_schedule,51013,err2,swap,,,29,30,False,0.787438154220581
cue_schedule,51013,err2,swap,,,30,31,True,0.46857956051826477
cue_schedule,51013,err2,swap,,,31,32,False,0.8224472999572754
cue_schedule,51013,err2,swap,,,32,33,False,0.8419638276100159
cue_schedule,51013,err2,swap,,,33,34,False,0.8567401766777039
cue_schedule,51013,err2,swap,,,34,35,False,0.8378987908363342
cue_schedule,51013,err2,swap,,,35,36,False,0.8507854342460632
cue_schedule,51013,err2,swap,,,36,37,False,0.8724802136421204
cue_schedule,51013,err2,swap,,,37,38,False,0.8676995635032654
cue_schedule,51013,err2,swap,,,38,39,False,0.8590176105499268
cue_schedule,51013,err2,swap,,,39,40,False,0.8533807992935181
cue_schedule,51013,err2,no_swap,,,1,2,False,0.7783834338188171
cue_schedule,51013,err2,no_swap,,,2,3,False,0.8112151622772217
cue_schedule,51013,err2,no_swap,,,3,4,False,0.795256495475769
cue_schedule,51013,err2,no_swap,,,4,5,False,0.7837865352630615
cue_schedule,51013,err2,no_swap,,,5,6,False,0.7981147170066833
cue_schedule,51013,err2,no_swap,,,6,7,False,0.8464740514755249
cue_schedule,51013,err2,no_swap,,,7,8,False,0.8263351321220398
cue_schedule,51013,err2,no_swap,,,8,9,False,0.7804774641990662
cue_schedule,51013,err2,no_swap,,,9,10,False,0.7858207821846008
cue_schedule,51013,err2,no_swap,,,10,11,False,0.8042693138122559
cue_schedule,51013,err2,no_swap,,,11,12,False,0.8108898997306824
cue_schedule,51013,err2,no_swap,,,12,13,False,0.8274117112159729
cue_schedule,51013,err2,no_swap,,,13,14,False,0.830452561378479
cue_schedule,51013,err2,no_swap,,,14,15,False,0.80076003074646
cue_schedule,51013,err2,no_swap,,,15,16,False,0.8496654629707336
cue_schedule,51013,err2,no_swap,,,16,17,False,0.8076556921005249
cue_schedule,51013,err2,no_swap,,,17,18,False,0.830352246761322
cue_schedule,51013,err2,no_swap,,,18,19,False,0.8269981145858765
cue_schedule,51013,err2,no_swap,,,19,20,False,0.8085299134254456
cue_schedule,51013,err2,no_swap,,,20,21,False,0.8215106129646301
cue_schedule,51013,err2,no_swap,,,21,22,False,0.8291499614715576
cue_schedule,51013,err2,no_swap,,,22,23,False,0.8197920918464661
cue_schedule,51013,err2,no_swap,,,23,24,False,0.8261541128158569
cue_schedule,51013,err2,no_swap,,,24,25,False,0.8158530592918396
cue_schedule,51013,err2,no_swap,,,25,26,False,0.8474067449569702
cue_schedule,51013,err2,no_swap,,,26,27,False,0.8540761470794678
cue_schedule,51013,err2,no_swap,,,27,28,False,0.8602969646453857
cue_schedule,51013,err2,no_swap,,,28,29,False,0.8208557367324829
cue_schedule,51013,err2,no_swap,,,29,30,False,0.8074406981468201
cue_schedule,51013,err2,no_swap,,,30,31,False,0.7884970903396606
cue_schedule,51013,err2,no_swap,,,31,32,False,0.8085828423500061
cue_schedule,51013,err2,no_swap,,,32,33,False,0.8213277459144592
cue_schedule,51013,err2,no_swap,,,33,34,False,0.8366691470146179
cue_schedule,51013,err2,no_swap,,,34,35,False,0.8099554181098938
cue_schedule,51013,err2,no_swap,,,35,36,False,0.8043270111083984
cue_schedule,51013,err2,no_swap,,,36,37,False,0.80305016040802
cue_schedule,51013,err2,no_swap,,,37,38,False,0.8077302575111389
cue_schedule,51013,err2,no_swap,,,38,39,False,0.7942075133323669
cue_schedule,51013,err2,no_swap,,,39,40,False,0.8157266974449158
compatibility,51014,base,aligned,0,0.6681222319602966,,,,
compatibility,51014,base,aligned,1,0.759527862071991,,,,
compatibility,51014,base,aligned,2,0.8619317412376404,,,,
compatibility,51014,base,aligned,3,0.9822527170181274,,,,
compatibility,51014,base,aligned,4,0.8183479905128479,,,,
compatibility,51014,base,aligned,5,0.9646591544151306,,,,
compatibility,51014,base,aligned,6,0.7300822138786316,,,,
compatibility,51014,base,aligned,7,0.7006586790084839,,,,
compatibility,51014,base,aligned,8,0.9005380868911743,,,,
compatibility,51014,base,aligned,9,0.9793146252632141,,,,
compatibility,51014,base,aligned,10,0.8974818587303162,,,,
compatibility,51014,base,aligned,11,0.8762113451957703,,,,
compatibility,51014,base,aligned,12,0.9383535385131836,,,,
compatibility,51014,base,aligned,13,0.8706162571907043,,,,
compatibility,51014,base,aligned,14,0.4620552361011505,,,,
compatibility,51014,base,aligned,15,0.8819453120231628,,,,
compatibility,51014,base,aligned,16,0.662690281867981,,,,
compatibility,51014,base,aligned,17,0.994613766670227,,,,
compatibility,51014,base,aligned,18,0.7640053629875183,,,,
compatibility,51014,base,aligned,19,0.6242601275444031,,,,
compatibility,51014,base,aligned,20,0.8123652935028076,,,,
compatibility,51014,base,aligned,21,0.9610762000083923,,,,
compatibility,51014,base,aligned,22,0.8965715169906616,,,,
compatibility,51014,base,aligned,23,0.8401023745536804,,,,
compatibility,51014,base,aligned,24,0.8962323069572449,,,,
compatibility,51014,base,aligned,25,0.9079012274742126,,,,
compatibility,51014,base,aligned,26,0.8890258073806763,,,,
compatibility,51014,base,aligned,27,0.8698115348815918,,,,
compatibility,51014,base,fixed_permutation,0,0.13600124418735504,,,,
compatibility,51014,base,fixed_permutation,1,0.0867154523730278,,,,
compatibility,51014,base,fixed_permutation,2,0.2141110897064209,,,,
compatibility,51014,base,fixed_permutation,3,0.027543475851416588,,,,
compatibility,51014,base,fixed_permutation,4,0.15814371407032013,,,,
compatibility,51014,base,fixed_permutation,5,0.13982854783535004,,,,
compatibility,51014,base,fixed_permutation,6,0.1560223251581192,,,,
compatibility,51014,base,fixed_permutation,7,0.18530358374118805,,,,
compatibility,51014,base,fixed_permutation,8,0.0010380255989730358,,,,
compatibility,51014,base,fixed_permutation,9,0.07300955802202225,,,,
compatibility,51014,base,fixed_permutation,10,0.41837525367736816,,,,
compatibility,51014,base,fixed_permutation,11,0.0002659247547853738,,,,
compatibility,51014,base,fixed_permutation,12,0.28173187375068665,,,,
compatibility,51014,base,fixed_permutation,13,0.17761193215847015,,,,
compatibility,51014,base,fixed_permutation,14,0.00010403633496025577,,,,
compatibility,51014,base,fixed_permutation,15,0.21279333531856537,,,,
compatibility,51014,base,fixed_permutation,16,0.02519126795232296,,,,
compatibility,51014,base,fixed_permutation,17,0.14620138704776764,,,,
compatibility,51014,base,fixed_permutation,18,0.0008248764206655324,,,,
compatibility,51014,base,fixed_permutation,19,0.0004896113532595336,,,,
compatibility,51014,base,fixed_permutation,20,0.1643025428056717,,,,
compatibility,51014,base,fixed_permutation,21,0.0860944613814354,,,,
compatibility,51014,base,fixed_permutation,22,0.2403770536184311,,,,
compatibility,51014,base,fixed_permutation,23,0.0009487763745710254,,,,
compatibility,51014,base,fixed_permutation,24,0.1738467961549759,,,,
compatibility,51014,base,fixed_permutation,25,0.00021878376719541848,,,,
compatibility,51014,base,fixed_permutation,26,0.33441534638404846,,,,
compatibility,51014,base,fixed_permutation,27,0.3420077860355377,,,,
compatibility,51014,base,matched_decoder,0,0.6681222319602966,,,,
compatibility,51014,base,matched_decoder,1,0.759527862071991,,,,
compatibility,51014,base,matched_decoder,2,0.8619318008422852,,,,
compatibility,51014,base,matched_decoder,3,0.9822527170181274,,,,
compatibility,51014,base,matched_decoder,4,0.8183479905128479,,,,
compatibility,51014,base,matched_decoder,5,0.9646590352058411,,,,
compatibility,51014,base,matched_decoder,6,0.7300822138786316,,,,
compatibility,51014,base,matched_decoder,7,0.7006586194038391,,,,
compatibility,51014,base,matched_decoder,8,0.9005380868911743,,,,
compatibility,51014,base,matched_decoder,9,0.9793146848678589,,,,
compatibility,51014,base,matched_decoder,10,0.8974818587303162,,,,
compatibility,51014,base,matched_decoder,11,0.8762113451957703,,,,
compatibility,51014,base,matched_decoder,12,0.938353419303894,,,,
compatibility,51014,base,matched_decoder,13,0.8706163763999939,,,,
compatibility,51014,base,matched_decoder,14,0.4620552361011505,,,,
compatibility,51014,base,matched_decoder,15,0.8819451332092285,,,,
compatibility,51014,base,matched_decoder,16,0.662690281867981,,,,
compatibility,51014,base,matched_decoder,17,0.994613766670227,,,,
compatibility,51014,base,matched_decoder,18,0.7640053629875183,,,,
compatibility,51014,base,matched_decoder,19,0.6242602467536926,,,,
compatibility,51014,base,matched_decoder,20,0.8123652935028076,,,,
compatibility,51014,base,matched_decoder,21,0.9610762000083923,,,,
compatibility,51014,base,matched_decoder,22,0.8965716361999512,,,,
compatibility,51014,base,matched_decoder,23,0.8401023149490356,,,,
compatibility,51014,base,matched_decoder,24,0.8962323069572449,,,,
compatibility,51014,base,matched_decoder,25,0.9079011678695679,,,,
compatibility,51014,base,matched_decoder,26,0.8890257477760315,,,,
compatibility,51014,base,matched_decoder,27,0.869811475276947,,,,
compatibility,51014,base,random_content,0,0.20191189646720886,,,,
compatibility,51014,base,random_content,1,0.22710996866226196,,,,
compatibility,51014,base,random_content,2,0.2956000864505768,,,,
compatibility,51014,base,random_content,3,1.3525072972697672e-05,,,,
compatibility,51014,base,random_content,4,0.003070674603804946,,,,
compatibility,51014,base,random_content,5,0.09235870093107224,,,,
compatibility,51014,base,random_content,6,0.049506865441799164,,,,
compatibility,51014,base,random_content,7,0.41795259714126587,,,,
compatibility,51014,base,random_content,8,0.2809329628944397,,,,
compatibility,51014,base,random_content,9,2.581457192718517e-05,,,,
compatibility,51014,base,random_content,10,0.028169356286525726,,,,
compatibility,51014,base,random_content,11,0.00014311846462078393,,,,
compatibility,51014,base,random_content,12,1.8296427697350737e-06,,,,
compatibility,51014,base,random_content,13,0.06832379847764969,,,,
compatibility,51014,base,random_content,14,0.0059247370809316635,,,,
compatibility,51014,base,random_content,15,0.5449329018592834,,,,
compatibility,51014,base,random_content,16,0.000387461856007576,,,,
compatibility,51014,base,random_content,17,0.0011333704460412264,,,,
compatibility,51014,base,random_content,18,0.0001316025882260874,,,,
compatibility,51014,base,random_content,19,0.15589895844459534,,,,
compatibility,51014,base,random_content,20,0.23812025785446167,,,,
compatibility,51014,base,random_content,21,0.45944011211395264,,,,
compatibility,51014,base,random_content,22,0.000545949675142765,,,,
compatibility,51014,base,random_content,23,0.6424995064735413,,,,
compatibility,51014,base,random_content,24,0.0003715416823979467,,,,
compatibility,51014,base,random_content,25,0.00018615803855936974,,,,
compatibility,51014,base,random_content,26,8.744883075451071e-07,,,,
compatibility,51014,base,random_content,27,0.2285512387752533,,,,
compatibility,51014,base,no_plasticity,0,0.023936839774250984,,,,
compatibility,51014,base,no_plasticity,1,0.06773032993078232,,,,
compatibility,51014,base,no_plasticity,2,0.03916862607002258,,,,
compatibility,51014,base,no_plasticity,3,0.04642334580421448,,,,
compatibility,51014,base,no_plasticity,4,0.03206713870167732,,,,
compatibility,51014,base,no_plasticity,5,0.040859345346689224,,,,
compatibility,51014,base,no_plasticity,6,0.4711412489414215,,,,
compatibility,51014,base,no_plasticity,7,0.02164357900619507,,,,
compatibility,51014,base,no_plasticity,8,0.03697516769170761,,,,
compatibility,51014,base,no_plasticity,9,0.05644495412707329,,,,
compatibility,51014,base,no_plasticity,10,0.06996883451938629,,,,
compatibility,51014,base,no_plasticity,11,0.037830863147974014,,,,
compatibility,51014,base,no_plasticity,12,0.106453537940979,,,,
compatibility,51014,base,no_plasticity,13,0.041924234479665756,,,,
compatibility,51014,base,no_plasticity,14,0.06087648496031761,,,,
compatibility,51014,base,no_plasticity,15,0.4403461813926697,,,,
compatibility,51014,base,no_plasticity,16,0.4577483534812927,,,,
compatibility,51014,base,no_plasticity,17,0.10154946893453598,,,,
compatibility,51014,base,no_plasticity,18,0.030423706397414207,,,,
compatibility,51014,base,no_plasticity,19,0.5517312288284302,,,,
compatibility,51014,base,no_plasticity,20,0.016828544437885284,,,,
compatibility,51014,base,no_plasticity,21,0.03509700670838356,,,,
compatibility,51014,base,no_plasticity,22,0.025068745017051697,,,,
compatibility,51014,base,no_plasticity,23,0.48413294553756714,,,,
compatibility,51014,base,no_plasticity,24,0.1519516557455063,,,,
compatibility,51014,base,no_plasticity,25,0.017296407371759415,,,,
compatibility,51014,base,no_plasticity,26,0.0399848110973835,,,,
compatibility,51014,base,no_plasticity,27,0.07121478021144867,,,,
cue_schedule,51014,base,swap,,,1,2,False,0.7586487531661987
cue_schedule,51014,base,swap,,,2,3,False,0.7985578775405884
cue_schedule,51014,base,swap,,,3,4,False,0.7434917688369751
cue_schedule,51014,base,swap,,,4,5,False,0.8009717464447021
cue_schedule,51014,base,swap,,,5,6,False,0.8345326781272888
cue_schedule,51014,base,swap,,,6,7,False,0.8536132574081421
cue_schedule,51014,base,swap,,,7,8,False,0.8115577101707458
cue_schedule,51014,base,swap,,,8,9,False,0.8095729351043701
cue_schedule,51014,base,swap,,,9,10,False,0.8016631603240967
cue_schedule,51014,base,swap,,,10,11,True,0.3622771203517914
cue_schedule,51014,base,swap,,,11,12,False,0.7604374885559082
cue_schedule,51014,base,swap,,,12,13,False,0.7767961025238037
cue_schedule,51014,base,swap,,,13,14,False,0.8008508086204529
cue_schedule,51014,base,swap,,,14,15,False,0.798429012298584
cue_schedule,51014,base,swap,,,15,16,False,0.8541935086250305
cue_schedule,51014,base,swap,,,16,17,False,0.7911229133605957
cue_schedule,51014,base,swap,,,17,18,False,0.8414041996002197
cue_schedule,51014,base,swap,,,18,19,False,0.7723605632781982
cue_schedule,51014,base,swap,,,19,20,False,0.7549144625663757
cue_schedule,51014,base,swap,,,20,21,True,0.3009145259857178
cue_schedule,51014,base,swap,,,21,22,False,0.7356038093566895
cue_schedule,51014,base,swap,,,22,23,False,0.7888633608818054
cue_schedule,51014,base,swap,,,23,24,False,0.8923190832138062
cue_schedule,51014,base,swap,,,24,25,False,0.8461152911186218
cue_schedule,51014,base,swap,,,25,26,False,0.8283961415290833
cue_schedule,51014,base,swap,,,26,27,False,0.7689996957778931
cue_schedule,51014,base,swap,,,27,28,False,0.779258668422699
cue_schedule,51014,base,swap,,,28,29,False,0.7636154890060425
cue_schedule,51014,base,swap,,,29,30,False,0.8319939374923706
cue_schedule,51014,base,swap,,,30,31,True,0.41935375332832336
cue_schedule,51014,base,swap,,,31,32,False,0.7495769262313843
cue_schedule,51014,base,swap,,,32,33,False,0.8015157580375671
cue_schedule,51014,base,swap,,,33,34,False,0.836952269077301
cue_schedule,51014,base,swap,,,34,35,False,0.8518373966217041
cue_schedule,51014,base,swap,,,35,36,False,0.8600748181343079
cue_schedule,51014,base,swap,,,36,37,False,0.8038484454154968
cue_schedule,51014,base,swap,,,37,38,False,0.7985454797744751
cue_schedule,51014,base,swap,,,38,39,False,0.7887914776802063
cue_schedule,51014,base,swap,,,39,40,False,0.8154721856117249
cue_schedule,51014,base,no_swap,,,1,2,False,0.7586487531661987
cue_schedule,51014,base,no_swap,,,2,3,False,0.7985578775405884
cue_schedule,51014,base,no_swap,,,3,4,False,0.7434917688369751
cue_schedule,51014,base,no_swap,,,4,5,False,0.8009717464447021
cue_schedule,51014,base,no_swap,,,5,6,False,0.8345326781272888
cue_schedule,51014,base,no_swap,,,6,7,False,0.8536132574081421
cue_schedule,51014,base,no_swap,,,7,8,False,0.8115577101707458
cue_schedule,51014,base,no_swap,,,8,9,False,0.8095729351043701
cue_schedule,51014,base,no_swap,,,9,10,False,0.8016631603240967
cue_schedule,51014,base,no_swap,,,10,11,False,0.8344780206680298
cue_schedule,51014,base,no_swap,,,11,12,False,0.8133845329284668
cue_schedule,51014,base,no_swap,,,12,13,False,0.8021079301834106
cue_schedule,51014,base,no_swap,,,13,14,False,0.8597445487976074
cue_schedule,51014,base,no_swap,,,14,15,False,0.8164350986480713
cue_schedule,51014,base,no_swap,,,15,16,False,0.771106481552124
cue_schedule,51014,base,no_swap,,,16,17,False,0.8002954721450806
cue_schedule,51014,base,no_swap,,,17,18,False,0.8549976348876953
cue_schedule,51014,base,no_swap,,,18,19,False,0.7593511939048767
cue_schedule,51014,base,no_swap,,,19,20,False,0.7837715744972229
cue_schedule,51014,base,no_swap,,,20,21,False,0.8424767851829529
cue_schedule,51014,base,no_swap,,,21,22,False,0.8377165794372559
cue_schedule,51014,base,no_swap,,,22,23,False,0.8178443908691406
cue_schedule,51014,base,no_swap,,,23,24,False,0.8787837028503418
cue_schedule,51014,base,no_swap,,,24,25,False,0.8334017395973206
cue_schedule,51014,base,no_swap,,,25,26,False,0.8283721804618835
cue_schedule,51014,base,no_swap,,,26,27,False,0.7658217549324036
cue_schedule,51014,base,no_swap,,,27,28,False,0.7732601761817932
cue_schedule,51014,base,no_swap,,,28,29,False,0.7626827955245972
cue_schedule,51014,base,no_swap,,,29,30,False,0.8306983113288879
cue_schedule,51014,base,no_swap,,,30,31,False,0.8294919729232788
cue_schedule,51014,base,no_swap,,,31,32,False,0.8125616312026978
cue_schedule,51014,base,no_swap,,,32,33,False,0.8317503929138184
cue_schedule,51014,base,no_swap,,,33,34,False,0.8156447410583496
cue_schedule,51014,base,no_swap,,,34,35,False,0.8664128184318542
cue_schedule,51014,base,no_swap,,,35,36,False,0.8402510285377502
cue_schedule,51014,base,no_swap,,,36,37,False,0.7950143218040466
cue_schedule,51014,base,no_swap,,,37,38,False,0.8425448536872864
cue_schedule,51014,base,no_swap,,,38,39,False,0.7907671332359314
cue_schedule,51014,base,no_swap,,,39,40,False,0.8592246770858765
compatibility,51014,err2,aligned,0,0.6348260641098022,,,,
compatibility,51014,err2,aligned,1,0.5164417624473572,,,,
compatibility,51014,err2,aligned,2,0.5832517743110657,,,,
compatibility,51014,err2,aligned,3,0.4385209083557129,,,,
compatibility,51014,err2,aligned,4,0.7493366003036499,,,,
compatibility,51014,err2,aligned,5,0.549972414970398,,,,
compatibility,51014,err2,aligned,6,0.571575403213501,,,,
compatibility,51014,err2,aligned,7,0.5049501061439514,,,,
compatibility,51014,err2,aligned,8,0.7505266070365906,,,,
compatibility,51014,err2,aligned,9,0.45101606845855713,,,,
compatibility,51014,err2,aligned,10,0.731809139251709,,,,
compatibility,51014,err2,aligned,11,0.45199623703956604,,,,
compatibility,51014,err2,aligned,12,0.5696362257003784,,,,
compatibility,51014,err2,aligned,13,0.5491783022880554,,,,
compatibility,51014,err2,aligned,14,0.11768703162670135,,,,
compatibility,51014,err2,aligned,15,0.7301403284072876,,,,
compatibility,51014,err2,aligned,16,0.44723156094551086,,,,
compatibility,51014,err2,aligned,17,0.46815311908721924,,,,
compatibility,51014,err2,aligned,18,0.4562694728374481,,,,
compatibility,51014,err2,aligned,19,0.4211912155151367,,,,
compatibility,51014,err2,aligned,20,0.6112238764762878,,,,
compatibility,51014,err2,aligned,21,0.5813086628913879,,,,
compatibility,51014,err2,aligned,22,0.08800879120826721,,,,
compatibility,51014,err2,aligned,23,0.4564419090747833,,,,
compatibility,51014,err2,aligned,24,0.6111395955085754,,,,
compatibility,51014,err2,aligned,25,0.44725653529167175,,,,
compatibility,51014,err2,aligned,26,0.5081610083580017,,,,
compatibility,51014,err2,aligned,27,0.2531910538673401,,,,
compatibility,51014,err2,fixed_permutation,0,0.002385689178481698,,,,
compatibility,51014,err2,fixed_permutation,1,0.00029439921490848064,,,,
compatibility,51014,err2,fixed_permutation,2,0.4078080654144287,,,,
compatibility,51014,err2,fixed_permutation,3,0.00201768078841269,,,,
compatibility,51014,err2,fixed_permutation,4,0.03634517639875412,,,,
compatibility,51014,err2,fixed_permutation,5,1.5349356544902548e-05,,,,
compatibility,51014,err2,fixed_permutation,6,0.026783190667629242,,,,
compatibility,51014,err2,fixed_permutation,7,0.4318537414073944,,,,
compatibility,51014,err2,fixed_permutation,8,2.377313830947969e-05,,,,
compatibility,51014,err2,fixed_permutation,9,0.00016183902334887534,,,,
compatibility,51014,err2,fixed_permutation,10,0.43749597668647766,,,,
compatibility,51014,err2,fixed_permutation,11,0.0013945074751973152,,,,
compatibility,51014,err2,fixed_permutation,12,0.2693581283092499,,,,
compatibility,51014,err2,fixed_permutation,13,0.22760441899299622,,,,
compatibility,51014,err2,fixed_permutation,14,0.000325505476212129,,,,
compatibility,51014,err2,fixed_permutation,15,0.009646168909966946,,,,
compatibility,51014,err2,fixed_permutation,16,0.18576586246490479,,,,
compatibility,51014,err2,fixed_permutation,17,0.006157222669571638,,,,
compatibility,51014,err2,fixed_permutation,18,0.006614132318645716,,,,
compatibility,51014,err2,fixed_permutation,19,6.562269845744595e-06,,,,
compatibility,51014,err2,fixed_permutation,20,0.1460886001586914,,,,
compatibility,51014,err2,fixed_permutation,21,0.014157953672111034,,,,
compatibility,51014,err2,fixed_permutation,22,0.43462327122688293,,,,
compatibility,51014,err2,fixed_permutation,23,0.010376336984336376,,,,
compatibility,51014,err2,fixed_permutation,24,0.0016917305765673518,,,,
compatibility,51014,err2,fixed_permutation,25,1.4082130292081274e-05,,,,
compatibility,51014,err2,fixed_permutation,26,0.03328292444348335,,,,
compatibility,51014,err2,fixed_permutation,27,0.000336314580636099,,,,
compatibility,51014,err2,matched_decoder,0,0.6348260641098022,,,,
compatibility,51014,err2,matched_decoder,1,0.516441822052002,,,,
compatibility,51014,err2,matched_decoder,2,0.583251953125,,,,
compatibility,51014,err2,matched_decoder,3,0.43852099776268005,,,,
compatibility,51014,err2,matched_decoder,4,0.7493363618850708,,,,
compatibility,51014,err2,matched_decoder,5,0.5499721765518188,,,,
compatibility,51014,err2,matched_decoder,6,0.5715751051902771,,,,
compatibility,51014,err2,matched_decoder,7,0.5049501061439514,,,,
compatibility,51014,err2,matched_decoder,8,0.750526487827301,,,,
compatibility,51014,err2,matched_decoder,9,0.45101606845855713,,,,
compatibility,51014,err2,matched_decoder,10,0.7318089604377747,,,,
compatibility,51014,err2,matched_decoder,11,0.45199623703956604,,,,
compatibility,51014,err2,matched_decoder,12,0.5696362853050232,,,,
compatibility,51014,err2,matched_decoder,13,0.5491780638694763,,,,
compatibility,51014,err2,matched_decoder,14,0.11768664419651031,,,,
compatibility,51014,err2,matched_decoder,15,0.7301402688026428,,,,
compatibility,51014,err2,matched_decoder,16,0.4472315013408661,,,,
compatibility,51014,err2,matched_decoder,17,0.46815305948257446,,,,
compatibility,51014,err2,matched_decoder,18,0.4562695026397705,,,,
compatibility,51014,err2,matched_decoder,19,0.42119115591049194,,,,
compatibility,51014,err2,matched_decoder,20,0.6112240552902222,,,,
compatibility,51014,err2,matched_decoder,21,0.581309974193573,,,,
compatibility,51014,err2,matched_decoder,22,0.08800873905420303,,,,
compatibility,51014,err2,matched_decoder,23,0.45644181966781616,,,,
compatibility,51014,err2,matched_decoder,24,0.6111395955085754,,,,
compatibility,51014,err2,matched_decoder,25,0.44725653529167175,,,,
compatibility,51014,err2,matched_decoder,26,0.5081606507301331,,,,
compatibility,51014,err2,matched_decoder,27,0.2531910240650177,,,,
compatibility,51014,err2,random_content,0,0.023435421288013458,,,,
compatibility,51014,err2,random_content,1,0.4038322865962982,,,,
compatibility,51014,err2,random_content,2,0.09786801785230637,,,,
compatibility,51014,err2,random_content,3,6.554151332238689e-05,,,,
compatibility,51014,err2,random_content,4,1.8210597772849724e-05,,,,
compatibility,51014,err2,random_content,5,7.650717634533066e-06,,,,
compatibility,51014,err2,random_content,6,8.394074939133134e-06,,,,
compatibility,51014,err2,random_content,7,0.023547334596514702,,,,
compatibility,51014,err2,random_content,8,0.0001843153004301712,,,,
compatibility,51014,err2,random_content,9,1.2233208224188274e-07,,,,
compatibility,51014,err2,random_content,10,0.29198527336120605,,,,
compatibility,51014,err2,random_content,11,7.094051397871226e-05,,,,
compatibility,51014,err2,random_content,12,0.00019954823073931038,,,,
compatibility,51014,err2,random_content,13,0.00013983617827761918,,,,
compatibility,51014,err2,random_content,14,0.3008866310119629,,,,
compatibility,51014,err2,random_content,15,0.0008226700592786074,,,,
compatibility,51014,err2,random_content,16,0.0013777639251202345,,,,
compatibility,51014,err2,random_content,17,0.11678266525268555,,,,
compatibility,51014,err2,random_content,18,0.02192133478820324,,,,
compatibility,51014,err2,random_content,19,0.01104875560849905,,,,
compatibility,51014,err2,random_content,20,0.49398091435432434,,,,
compatibility,51014,err2,random_content,21,0.4527710974216461,,,,
compatibility,51014,err2,random_content,22,0.00035996510996483266,,,,
compatibility,51014,err2,random_content,23,0.02788318321108818,,,,
compatibility,51014,err2,random_content,24,0.4141254425048828,,,,
compatibility,51014,err2,random_content,25,3.5777950415649684e-06,,,,
compatibility,51014,err2,random_content,26,0.0001168930102721788,,,,
compatibility,51014,err2,random_content,27,0.3544440269470215,,,,
compatibility,51014,err2,no_plasticity,0,0.023936839774250984,,,,
compatibility,51014,err2,no_plasticity,1,0.06773032993078232,,,,
compatibility,51014,err2,no_plasticity,2,0.03916862607002258,,,,
compatibility,51014,err2,no_plasticity,3,0.04642334580421448,,,,
compatibility,51014,err2,no_plasticity,4,0.03206713870167732,,,,
compatibility,51014,err2,no_plasticity,5,0.040859345346689224,,,,
compatibility,51014,err2,no_plasticity,6,0.4711412489414215,,,,
compatibility,51014,err2,no_plasticity,7,0.02164357900619507,,,,
compatibility,51014,err2,no_plasticity,8,0.03697516769170761,,,,
compatibility,51014,err2,no_plasticity,9,0.05644495412707329,,,,
compatibility,51014,err2,no_plasticity,10,0.06996883451938629,,,,
compatibility,51014,err2,no_plasticity,11,0.037830863147974014,,,,
compatibility,51014,err2,no_plasticity,12,0.106453537940979,,,,
compatibility,51014,err2,no_plasticity,13,0.041924234479665756,,,,
compatibility,51014,err2,no_plasticity,14,0.06087648496031761,,,,
compatibility,51014,err2,no_plasticity,15,0.4403461813926697,,,,
compatibility,51014,err2,no_plasticity,16,0.4577483534812927,,,,
compatibility,51014,err2,no_plasticity,17,0.10154946893453598,,,,
compatibility,51014,err2,no_plasticity,18,0.030423706397414207,,,,
compatibility,51014,err2,no_plasticity,19,0.5517312288284302,,,,
compatibility,51014,err2,no_plasticity,20,0.016828544437885284,,,,
compatibility,51014,err2,no_plasticity,21,0.03509700670838356,,,,
compatibility,51014,err2,no_plasticity,22,0.025068745017051697,,,,
compatibility,51014,err2,no_plasticity,23,0.48413294553756714,,,,
compatibility,51014,err2,no_plasticity,24,0.1519516557455063,,,,
compatibility,51014,err2,no_plasticity,25,0.017296407371759415,,,,
compatibility,51014,err2,no_plasticity,26,0.0399848110973835,,,,
compatibility,51014,err2,no_plasticity,27,0.07121478021144867,,,,
cue_schedule,51014,err2,swap,,,1,2,False,0.7283554673194885
cue_schedule,51014,err2,swap,,,2,3,False,0.8052051663398743
cue_schedule,51014,err2,swap,,,3,4,False,0.7619397640228271
cue_schedule,51014,err2,swap,,,4,5,False,0.7904753684997559
cue_schedule,51014,err2,swap,,,5,6,False,0.8017343282699585
cue_schedule,51014,err2,swap,,,6,7,False,0.8208972811698914
cue_schedule,51014,err2,swap,,,7,8,False,0.7897672057151794
cue_schedule,51014,err2,swap,,,8,9,False,0.8027101159095764
cue_schedule,51014,err2,swap,,,9,10,False,0.8199810981750488
cue_schedule,51014,err2,swap,,,10,11,True,0.4646874964237213
cue_schedule,51014,err2,swap,,,11,12,False,0.7726284265518188
cue_schedule,51014,err2,swap,,,12,13,False,0.8169525861740112
cue_schedule,51014,err2,swap,,,13,14,False,0.8301680684089661
cue_schedule,51014,err2,swap,,,14,15,False,0.8377801775932312
cue_schedule,51014,err2,swap,,,15,16,False,0.8190014362335205
cue_schedule,51014,err2,swap,,,16,17,False,0.8224980235099792
cue_schedule,51014,err2,swap,,,17,18,False,0.81853187084198
cue_schedule,51014,err2,swap,,,18,19,False,0.8275208473205566
cue_schedule,51014,err2,swap,,,19,20,False,0.8291825652122498
cue_schedule,51014,err2,swap,,,20,21,True,0.4690368175506592
cue_schedule,51014,err2,swap,,,21,22,False,0.828814685344696
cue_schedule,51014,err2,swap,,,22,23,False,0.8304625153541565
cue_schedule,51014,err2,swap,,,23,24,False,0.819115400314331
cue_schedule,51014,err2,swap,,,24,25,False,0.8139785528182983
cue_schedule,51014,err2,swap,,,25,26,False,0.824736475944519
cue_schedule,51014,err2,swap,,,26,27,False,0.8079449534416199
cue_schedule,51014,err2,swap,,,27,28,False,0.815009593963623
cue_schedule,51014,err2,swap,,,28,29,False,0.8130995035171509
cue_schedule,51014,err2,swap,,,29,30,False,0.8418407440185547
cue_schedule,51014,err2,swap,,,30,31,True,0.4113597571849823
cue_schedule,51014,err2,swap,,,31,32,False,0.8290652632713318
cue_schedule,51014,err2,swap,,,32,33,False,0.817609965801239
cue_schedule,51014,err2,swap,,,33,34,False,0.819459080696106
cue_schedule,51014,err2,swap,,,34,35,False,0.831794261932373
cue_schedule,51014,err2,swap,,,35,36,False,0.8285490274429321
cue_schedule,51014,err2,swap,,,36,37,False,0.8240135312080383
cue_schedule,51014,err2,swap,,,37,38,False,0.8251075148582458
cue_schedule,51014,err2,swap,,,38,39,False,0.7969392538070679
cue_schedule,51014,err2,swap,,,39,40,False,0.8186008930206299
cue_schedule,51014,err2,no_swap,,,1,2,False,0.7283554673194885
cue_schedule,51014,err2,no_swap,,,2,3,False,0.8052051663398743
cue_schedule,51014,err2,no_swap,,,3,4,False,0.7619397640228271
cue_schedule,51014,err2,no_swap,,,4,5,False,0.7904753684997559
cue_schedule,51014,err2,no_swap,,,5,6,False,0.8017343282699585
cue_schedule,51014,err2,no_swap,,,6,7,False,0.8208972811698914
cue_schedule,51014,err2,no_swap,,,7,8,False,0.7897672057151794
cue_schedule,51014,err2,no_swap,,,8,9,False,0.8027101159095764
cue_schedule,51014,err2,no_swap,,,9,10,False,0.8199810981750488
cue_schedule,51014,err2,no_swap,,,10,11,False,0.8230219483375549
cue_schedule,51014,err2,no_swap,,,11,12,False,0.8232812285423279
cue_schedule,51014,err2,no_swap,,,12,13,False,0.8246045708656311
cue_schedule,51014,err2,no_swap,,,13,14,False,0.8168056011199951
cue_schedule,51014,err2,no_swap,,,14,15,False,0.8284686207771301
cue_schedule,51014,err2,no_swap,,,15,16,False,0.8305877447128296
cue_schedule,51014,err2,no_swap,,,16,17,False,0.8384385108947754
cue_schedule,51014,err2,no_swap,,,17,18,False,0.810880720615387
cue_schedule,51014,err2,no_swap,,,18,19,False,0.8137992024421692
cue_schedule,51014,err2,no_swap,,,19,20,False,0.8100281357765198
cue_schedule,51014,err2,no_swap,,,20,21,False,0.838796854019165
cue_schedule,51014,err2,no_swap,,,21,22,False,0.8388977646827698
cue_schedule,51014,err2,no_swap,,,22,23,False,0.8367326259613037
cue_schedule,51014,err2,no_swap,,,23,24,False,0.8169927000999451
cue_schedule,51014,err2,no_swap,,,24,25,False,0.823698103427887
cue_schedule,51014,err2,no_swap,,,25,26,False,0.832722008228302
cue_schedule,51014,err2,no_swap,,,26,27,False,0.802287220954895
cue_schedule,51014,err2,no_swap,,,27,28,False,0.8131844997406006
cue_schedule,51014,err2,no_swap,,,28,29,False,0.821124792098999
cue_schedule,51014,err2,no_swap,,,29,30,False,0.8401148319244385
cue_schedule,51014,err2,no_swap,,,30,31,False,0.7921107411384583
cue_schedule,51014,err2,no_swap,,,31,32,False,0.7910181283950806
cue_schedule,51014,err2,no_swap,,,32,33,False,0.7908926606178284
cue_schedule,51014,err2,no_swap,,,33,34,False,0.8427502512931824
cue_schedule,51014,err2,no_swap,,,34,35,False,0.8248260617256165
cue_schedule,51014,err2,no_swap,,,35,36,False,0.8247257471084595
cue_schedule,51014,err2,no_swap,,,36,37,False,0.8080175518989563
cue_schedule,51014,err2,no_swap,,,37,38,False,0.8126582503318787
cue_schedule,51014,err2,no_swap,,,38,39,False,0.8221808671951294
cue_schedule,51014,err2,no_swap,,,39,40,False,0.8197448253631592
compatibility,51015,base,aligned,0,0.571174144744873,,,,
compatibility,51015,base,aligned,1,0.6681603193283081,,,,
compatibility,51015,base,aligned,2,0.6303017139434814,,,,
compatibility,51015,base,aligned,3,0.7353538274765015,,,,
compatibility,51015,base,aligned,4,0.6838650703430176,,,,
compatibility,51015,base,aligned,5,0.7688145637512207,,,,
compatibility,51015,base,aligned,6,0.7447128891944885,,,,
compatibility,51015,base,aligned,7,0.6973309516906738,,,,
compatibility,51015,base,aligned,8,0.6055769324302673,,,,
compatibility,51015,base,aligned,9,0.793320894241333,,,,
compatibility,51015,base,aligned,10,0.8371406197547913,,,,
compatibility,51015,base,aligned,11,0.785440981388092,,,,
compatibility,51015,base,aligned,12,0.7380297183990479,,,,
compatibility,51015,base,aligned,13,0.8172266483306885,,,,
compatibility,51015,base,aligned,14,0.7055714726448059,,,,
compatibility,51015,base,aligned,15,0.6672763228416443,,,,
compatibility,51015,base,aligned,16,0.5871626138687134,,,,
compatibility,51015,base,aligned,17,0.6695936322212219,,,,
compatibility,51015,base,aligned,18,0.7086337804794312,,,,
compatibility,51015,base,aligned,19,0.8369982242584229,,,,
compatibility,51015,base,aligned,20,0.7186229228973389,,,,
compatibility,51015,base,aligned,21,0.6765185594558716,,,,
compatibility,51015,base,aligned,22,0.986929714679718,,,,
compatibility,51015,base,aligned,23,0.6716582775115967,,,,
compatibility,51015,base,aligned,24,0.6526108980178833,,,,
compatibility,51015,base,aligned,25,0.6522839069366455,,,,
compatibility,51015,base,aligned,26,0.7789546251296997,,,,
compatibility,51015,base,aligned,27,0.5894927978515625,,,,
compatibility,51015,base,fixed_permutation,0,2.844645678123925e-05,,,,
compatibility,51015,base,fixed_permutation,1,0.10970758646726608,,,,
compatibility,51015,base,fixed_permutation,2,3.4396894079691265e-06,,,,
compatibility,51015,base,fixed_permutation,3,0.106461301445961,,,,
compatibility,51015,base,fixed_permutation,4,0.053805455565452576,,,,
compatibility,51015,base,fixed_permutation,5,0.20796515047550201,,,,
compatibility,51015,base,fixed_permutation,6,0.11656356602907181,,,,
compatibility,51015,base,fixed_permutation,7,0.16512683033943176,,,,
compatibility,51015,base,fixed_permutation,8,0.25823310017585754,,,,
compatibility,51015,base,fixed_permutation,9,0.14558136463165283,,,,
compatibility,51015,base,fixed_permutation,10,0.1352626383304596,,,,
compatibility,51015,base,fixed_permutation,11,0.2657928168773651,,,,
compatibility,51015,base,fixed_permutation,12,0.0016899198526516557,,,,
compatibility,51015,base,fixed_permutation,13,0.18289349973201752,,,,
compatibility,51015,base,fixed_permutation,14,0.017952650785446167,,,,
compatibility,51015,base,fixed_permutation,15,0.018642276525497437,,,,
compatibility,51015,base,fixed_permutation,16,0.30048856139183044,,,,
compatibility,51015,base,fixed_permutation,17,0.15631315112113953,,,,
compatibility,51015,base,fixed_permutation,18,0.004288447089493275,,,,
compatibility,51015,base,fixed_permutation,19,0.4195761978626251,,,,
compatibility,51015,base,fixed_permutation,20,0.11230603605508804,,,,
compatibility,51015,base,fixed_permutation,21,0.23952634632587433,,,,
compatibility,51015,base,fixed_permutation,22,0.1707313060760498,,,,
compatibility,51015,base,fixed_permutation,23,0.1663847267627716,,,,
compatibility,51015,base,fixed_permutation,24,0.16065412759780884,,,,
compatibility,51015,base,fixed_permutation,25,0.17799916863441467,,,,
compatibility,51015,base,fixed_permutation,26,0.15597952902317047,,,,
compatibility,51015,base,fixed_permutation,27,0.17384299635887146,,,,
compatibility,51015,base,matched_decoder,0,0.5711739659309387,,,,
compatibility,51015,base,matched_decoder,1,0.6681602597236633,,,,
compatibility,51015,base,matched_decoder,2,0.6303017139434814,,,,
compatibility,51015,base,matched_decoder,3,0.7353538274765015,,,,
compatibility,51015,base,matched_decoder,4,0.6838650703430176,,,,
compatibility,51015,base,matched_decoder,5,0.7688145637512207,,,,
compatibility,51015,base,matched_decoder,6,0.7447128891944885,,,,
compatibility,51015,base,matched_decoder,7,0.6973310708999634,,,,
compatibility,51015,base,matched_decoder,8,0.6055769324302673,,,,
compatibility,51015,base,matched_decoder,9,0.7933209538459778,,,,
compatibility,51015,base,matched_decoder,10,0.8371406197547913,,,,
compatibility,51015,base,matched_decoder,11,0.785440981388092,,,,
compatibility,51015,base,matched_decoder,12,0.7380297183990479,,,,
compatibility,51015,base,matched_decoder,13,0.8172266483306885,,,,
compatibility,51015,base,matched_decoder,14,0.7055714726448059,,,,
compatibility,51015,base,matched_decoder,15,0.6672763824462891,,,,
compatibility,51015,base,matched_decoder,16,0.5871626138687134,,,,
compatibility,51015,base,matched_decoder,17,0.6695935726165771,,,,
compatibility,51015,base,matched_decoder,18,0.7086337804794312,,,,
compatibility,51015,base,matched_decoder,19,0.8369981050491333,,,,
compatibility,51015,base,matched_decoder,20,0.7186229228973389,,,,
compatibility,51015,base,matched_decoder,21,0.6765185594558716,,,,
compatibility,51015,base,matched_decoder,22,0.986929714679718,,,,
compatibility,51015,base,matched_decoder,23,0.6716582775115967,,,,
compatibility,51015,base,matched_decoder,24,0.6526108980178833,,,,
compatibility,51015,base,matched_decoder,25,0.6522839665412903,,,,
compatibility,51015,base,matched_decoder,26,0.7789546251296997,,,,
compatibility,51015,base,matched_decoder,27,0.5894927978515625,,,,
compatibility,51015,base,random_content,0,0.2723945081233978,,,,
compatibility,51015,base,random_content,1,0.23430314660072327,,,,
compatibility,51015,base,random_content,2,0.11763430386781693,,,,
compatibility,51015,base,random_content,3,0.5020143389701843,,,,
compatibility,51015,base,random_content,4,0.2171383947134018,,,,
compatibility,51015,base,random_content,5,0.309018075466156,,,,
compatibility,51015,base,random_content,6,0.4200255572795868,,,,
compatibility,51015,base,random_content,7,0.258609801530838,,,,
compatibility,51015,base,random_content,8,0.0005352883599698544,,,,
compatibility,51015,base,random_content,9,0.5827584266662598,,,,
compatibility,51015,base,random_content,10,0.2103833556175232,,,,
compatibility,51015,base,random_content,11,0.6967682242393494,,,,
compatibility,51015,base,random_content,12,0.009401768445968628,,,,
compatibility,51015,base,random_content,13,0.00014762679347768426,,,,
compatibility,51015,base,random_content,14,0.6402669548988342,,,,
compatibility,51015,base,random_content,15,0.041250914335250854,,,,
compatibility,51015,base,random_content,16,0.4492795765399933,,,,
compatibility,51015,base,random_content,17,0.2596895098686218,,,,
compatibility,51015,base,random_content,18,0.31734514236450195,,,,
compatibility,51015,base,random_content,19,0.18917229771614075,,,,
compatibility,51015,base,random_content,20,0.0060730185359716415,,,,
compatibility,51015,base,random_content,21,0.3530578911304474,,,,
compatibility,51015,base,random_content,22,0.07028953731060028,,,,
compatibility,51015,base,random_content,23,0.24601390957832336,,,,
compatibility,51015,base,random_content,24,0.07693366706371307,,,,
compatibility,51015,base,random_content,25,0.2469417005777359,,,,
compatibility,51015,base,random_content,26,0.4241473972797394,,,,
compatibility,51015,base,random_content,27,0.16635845601558685,,,,
compatibility,51015,base,no_plasticity,0,0.025720153003931046,,,,
compatibility,51015,base,no_plasticity,1,0.07017268240451813,,,,
compatibility,51015,base,no_plasticity,2,0.02928183786571026,,,,
compatibility,51015,base,no_plasticity,3,0.03378589451313019,,,,
compatibility,51015,base,no_plasticity,4,0.02616923116147518,,,,
compatibility,51015,base,no_plasticity,5,0.10455348342657089,,,,
compatibility,51015,base,no_plasticity,6,0.015274770557880402,,,,
compatibility,51015,base,no_plasticity,7,0.014789903536438942,,,,
compatibility,51015,base,no_plasticity,8,0.043580349534749985,,,,
compatibility,51015,base,no_plasticity,9,0.036811720579862595,,,,
compatibility,51015,base,no_plasticity,10,0.04873457923531532,,,,
compatibility,51015,base,no_plasticity,11,0.03468899056315422,,,,
compatibility,51015,base,no_plasticity,12,0.01962120272219181,,,,
compatibility,51015,base,no_plasticity,13,0.05607398971915245,,,,
compatibility,51015,base,no_plasticity,14,0.07513763755559921,,,,
compatibility,51015,base,no_plasticity,15,0.038019489496946335,,,,
compatibility,51015,base,no_plasticity,16,0.03182981163263321,,,,
compatibility,51015,base,no_plasticity,17,0.10026071965694427,,,,
compatibility,51015,base,no_plasticity,18,0.11687060445547104,,,,
compatibility,51015,base,no_plasticity,19,0.4767799377441406,,,,
compatibility,51015,base,no_plasticity,20,0.09311383217573166,,,,
compatibility,51015,base,no_plasticity,21,0.03423062339425087,,,,
compatibility,51015,base,no_plasticity,22,0.06546234339475632,,,,
compatibility,51015,base,no_plasticity,23,0.028042996302247047,,,,
compatibility,51015,base,no_plasticity,24,0.02371925488114357,,,,
compatibility,51015,base,no_plasticity,25,0.01877594366669655,,,,
compatibility,51015,base,no_plasticity,26,0.024068592116236687,,,,
compatibility,51015,base,no_plasticity,27,0.03647932782769203,,,,
cue_schedule,51015,base,swap,,,1,2,False,0.8397160172462463
cue_schedule,51015,base,swap,,,2,3,False,0.8585090637207031
cue_schedule,51015,base,swap,,,3,4,False,0.8145997524261475
cue_schedule,51015,base,swap,,,4,5,False,0.8330813050270081
cue_schedule,51015,base,swap,,,5,6,False,0.8783068656921387
cue_schedule,51015,base,swap,,,6,7,False,0.877031147480011
cue_schedule,51015,base,swap,,,7,8,False,0.8380676507949829
cue_schedule,51015,base,swap,,,8,9,False,0.9136943221092224
cue_schedule,51015,base,swap,,,9,10,False,0.8774815201759338
cue_schedule,51015,base,swap,,,10,11,True,0.41694286465644836
cue_schedule,51015,base,swap,,,11,12,False,0.8215936422348022
cue_schedule,51015,base,swap,,,12,13,False,0.7818248867988586
cue_schedule,51015,base,swap,,,13,14,False,0.8291003704071045
cue_schedule,51015,base,swap,,,14,15,False,0.8381356000900269
cue_schedule,51015,base,swap,,,15,16,False,0.8707056641578674
cue_schedule,51015,base,swap,,,16,17,False,0.8036335706710815
cue_schedule,51015,base,swap,,,17,18,False,0.8591268658638
cue_schedule,51015,base,swap,,,18,19,False,0.8150427937507629
cue_schedule,51015,base,swap,,,19,20,False,0.849008321762085
cue_schedule,51015,base,swap,,,20,21,True,0.3536340594291687
cue_schedule,51015,base,swap,,,21,22,False,0.756055474281311
cue_schedule,51015,base,swap,,,22,23,False,0.7771723866462708
cue_schedule,51015,base,swap,,,23,24,False,0.8419447541236877
cue_schedule,51015,base,swap,,,24,25,False,0.845817506313324
cue_schedule,51015,base,swap,,,25,26,False,0.8688725233078003
cue_schedule,51015,base,swap,,,26,27,False,0.8340484499931335
cue_schedule,51015,base,swap,,,27,28,False,0.8998942375183105
cue_schedule,51015,base,swap,,,28,29,False,0.8841160535812378
cue_schedule,51015,base,swap,,,29,30,False,0.8458218574523926
cue_schedule,51015,base,swap,,,30,31,True,0.37313368916511536
cue_schedule,51015,base,swap,,,31,32,False,0.7636380791664124
cue_schedule,51015,base,swap,,,32,33,False,0.8200653195381165
cue_schedule,51015,base,swap,,,33,34,False,0.826076328754425
cue_schedule,51015,base,swap,,,34,35,False,0.8853821754455566
cue_schedule,51015,base,swap,,,35,36,False,0.8467776775360107
cue_schedule,51015,base,swap,,,36,37,False,0.8648300766944885
cue_schedule,51015,base,swap,,,37,38,False,0.8587794303894043
cue_schedule,51015,base,swap,,,38,39,False,0.8349423408508301
cue_schedule,51015,base,swap,,,39,40,False,0.8320712447166443
cue_schedule,51015,base,no_swap,,,1,2,False,0.8397160172462463
cue_schedule,51015,base,no_swap,,,2,3,False,0.8585090637207031
cue_schedule,51015,base,no_swap,,,3,4,False,0.8145997524261475
cue_schedule,51015,base,no_swap,,,4,5,False,0.8330813050270081
cue_schedule,51015,base,no_swap,,,5,6,False,0.8783068656921387
cue_schedule,51015,base,no_swap,,,6,7,False,0.877031147480011
cue_schedule,51015,base,no_swap,,,7,8,False,0.8380676507949829
cue_schedule,51015,base,no_swap,,,8,9,False,0.9136943221092224
cue_schedule,51015,base,no_swap,,,9,10,False,0.8774815201759338
cue_schedule,51015,base,no_swap,,,10,11,False,0.8348315954208374
cue_schedule,51015,base,no_swap,,,11,12,False,0.854492723941803
cue_schedule,51015,base,no_swap,,,12,13,False,0.860363245010376
cue_schedule,51015,base,no_swap,,,13,14,False,0.9125707149505615
cue_schedule,51015,base,no_swap,,,14,15,False,0.8882702589035034
cue_schedule,51015,base,no_swap,,,15,16,False,0.8955878615379333
cue_schedule,51015,base,no_swap,,,16,17,False,0.895413339138031
cue_schedule,51015,base,no_swap,,,17,18,False,0.8982690572738647
cue_schedule,51015,base,no_swap,,,18,19,False,0.9185739159584045
cue_schedule,51015,base,no_swap,,,19,20,False,0.8764700293540955
cue_schedule,51015,base,no_swap,,,20,21,False,0.8224355578422546
cue_schedule,51015,base,no_swap,,,21,22,False,0.8500992059707642
cue_schedule,51015,base,no_swap,,,22,23,False,0.8824487328529358
cue_schedule,51015,base,no_swap,,,23,24,False,0.8552713990211487
cue_schedule,51015,base,no_swap,,,24,25,False,0.8656082153320312
cue_schedule,51015,base,no_swap,,,25,26,False,0.8539788126945496
cue_schedule,51015,base,no_swap,,,26,27,False,0.8394622802734375
cue_schedule,51015,base,no_swap,,,27,28,False,0.9024706482887268
cue_schedule,51015,base,no_swap,,,28,29,False,0.8975157737731934
cue_schedule,51015,base,no_swap,,,29,30,False,0.8519442677497864
cue_schedule,51015,base,no_swap,,,30,31,False,0.8852686882019043
cue_schedule,51015,base,no_swap,,,31,32,False,0.8678867220878601
cue_schedule,51015,base,no_swap,,,32,33,False,0.8617422580718994
cue_schedule,51015,base,no_swap,,,33,34,False,0.8498650193214417
cue_schedule,51015,base,no_swap,,,34,35,False,0.8932271003723145
cue_schedule,51015,base,no_swap,,,35,36,False,0.8375429511070251
cue_schedule,51015,base,no_swap,,,36,37,False,0.8488829135894775
cue_schedule,51015,base,no_swap,,,37,38,False,0.8918227553367615
cue_schedule,51015,base,no_swap,,,38,39,False,0.8751154541969299
cue_schedule,51015,base,no_swap,,,39,40,False,0.8715830445289612
compatibility,51015,err2,aligned,0,0.46135413646698,,,,
compatibility,51015,err2,aligned,1,0.6003243923187256,,,,
compatibility,51015,err2,aligned,2,0.45225298404693604,,,,
compatibility,51015,err2,aligned,3,0.5163914561271667,,,,
compatibility,51015,err2,aligned,4,0.6634246110916138,,,,
compatibility,51015,err2,aligned,5,0.7339668273925781,,,,
compatibility,51015,err2,aligned,6,0.4989925026893616,,,,
compatibility,51015,err2,aligned,7,0.47120723128318787,,,,
compatibility,51015,err2,aligned,8,0.5869172811508179,,,,
compatibility,51015,err2,aligned,9,0.6261804699897766,,,,
compatibility,51015,err2,aligned,10,0.7484069466590881,,,,
compatibility,51015,err2,aligned,11,0.5814294815063477,,,,
compatibility,51015,err2,aligned,12,0.45480456948280334,,,,
compatibility,51015,err2,aligned,13,0.5700845718383789,,,,
compatibility,51015,err2,aligned,14,0.8213984370231628,,,,
compatibility,51015,err2,aligned,15,0.3993695080280304,,,,
compatibility,51015,err2,aligned,16,0.435773640871048,,,,
compatibility,51015,err2,aligned,17,0.046084754168987274,,,,
compatibility,51015,err2,aligned,18,0.6276583671569824,,,,
compatibility,51015,err2,aligned,19,0.4914860129356384,,,,
compatibility,51015,err2,aligned,20,0.46408161520957947,,,,
compatibility,51015,err2,aligned,21,0.6224387884140015,,,,
compatibility,51015,err2,aligned,22,0.45277029275894165,,,,
compatibility,51015,err2,aligned,23,0.6796188950538635,,,,
compatibility,51015,err2,aligned,24,0.45177629590034485,,,,
compatibility,51015,err2,aligned,25,0.5882226824760437,,,,
compatibility,51015,err2,aligned,26,0.6374391317367554,,,,
compatibility,51015,err2,aligned,27,0.5835949182510376,,,,
compatibility,51015,err2,fixed_permutation,0,5.970730126136914e-05,,,,
compatibility,51015,err2,fixed_permutation,1,0.0009644431411288679,,,,
compatibility,51015,err2,fixed_permutation,2,2.3472862267226446e-06,,,,
compatibility,51015,err2,fixed_permutation,3,0.03547431156039238,,,,
compatibility,51015,err2,fixed_permutation,4,0.00022459695173893124,,,,
compatibility,51015,err2,fixed_permutation,5,0.4459260404109955,,,,
compatibility,51015,err2,fixed_permutation,6,7.691124483244494e-05,,,,
compatibility,51015,err2,fixed_permutation,7,0.0005251619732007384,,,,
compatibility,51015,err2,fixed_permutation,8,0.4129178822040558,,,,
compatibility,51015,err2,fixed_permutation,9,0.0001859688200056553,,,,
compatibility,51015,err2,fixed_permutation,10,1.931205133587355e-06,,,,
compatibility,51015,err2,fixed_permutation,11,6.303900590864941e-05,,,,
compatibility,51015,err2,fixed_permutation,12,0.0018795998767018318,,,,
compatibility,51015,err2,fixed_permutation,13,2.216281018263544e-06,,,,
compatibility,51015,err2,fixed_permutation,14,1.4218695696399664e-06,,,,
compatibility,51015,err2,fixed_permutation,15,0.31422358751296997,,,,
compatibility,51015,err2,fixed_permutation,16,1.768428774084896e-05,,,,
compatibility,51015,err2,fixed_permutation,17,2.4643520646350225e-06,,,,
compatibility,51015,err2,fixed_permutation,18,9.064669939107262e-06,,,,
compatibility,51015,err2,fixed_permutation,19,0.5615621209144592,,,,
compatibility,51015,err2,fixed_permutation,20,0.026683665812015533,,,,
compatibility,51015,err2,fixed_permutation,21,0.00491489889100194,,,,
compatibility,51015,err2,fixed_permutation,22,0.00910424254834652,,,,
compatibility,51015,err2,fixed_permutation,23,0.0005549859488382936,,,,
compatibility,51015,err2,fixed_permutation,24,0.002687035361304879,,,,
compatibility,51015,err2,fixed_permutation,25,0.00010356897837482393,,,,
compatibility,51015,err2,fixed_permutation,26,0.0035291824024170637,,,,
compatibility,51015,err2,fixed_permutation,27,0.0042417217046022415,,,,
compatibility,51015,err2,matched_decoder,0,0.46135416626930237,,,,
compatibility,51015,err2,matched_decoder,1,0.6003242135047913,,,,
compatibility,51015,err2,matched_decoder,2,0.45225298404693604,,,,
compatibility,51015,err2,matched_decoder,3,0.5163914561271667,,,,
compatibility,51015,err2,matched_decoder,4,0.6634246706962585,,,,
compatibility,51015,err2,matched_decoder,5,0.7339667677879333,,,,
compatibility,51015,err2,matched_decoder,6,0.49899253249168396,,,,
compatibility,51015,err2,matched_decoder,7,0.4712071418762207,,,,
compatibility,51015,err2,matched_decoder,8,0.5869175791740417,,,,
compatibility,51015,err2,matched_decoder,9,0.6261805295944214,,,,
compatibility,51015,err2,matched_decoder,10,0.7484069466590881,,,,
compatibility,51015,err2,matched_decoder,11,0.5814291834831238,,,,
compatibility,51015,err2,matched_decoder,12,0.45480453968048096,,,,
compatibility,51015,err2,matched_decoder,13,0.5700845122337341,,,,
compatibility,51015,err2,matched_decoder,14,0.8213985562324524,,,,
compatibility,51015,err2,matched_decoder,15,0.39936986565589905,,,,
compatibility,51015,err2,matched_decoder,16,0.43577370047569275,,,,
compatibility,51015,err2,matched_decoder,17,0.04608466103672981,,,,
compatibility,51015,err2,matched_decoder,18,0.6276581883430481,,,,
compatibility,51015,err2,matched_decoder,19,0.4914860129356384,,,,
compatibility,51015,err2,matched_decoder,20,0.4640815854072571,,,,
compatibility,51015,err2,matched_decoder,21,0.6224390864372253,,,,
compatibility,51015,err2,matched_decoder,22,0.45277032256126404,,,,
compatibility,51015,err2,matched_decoder,23,0.6796189546585083,,,,
compatibility,51015,err2,matched_decoder,24,0.45177626609802246,,,,
compatibility,51015,err2,matched_decoder,25,0.5882226824760437,,,,
compatibility,51015,err2,matched_decoder,26,0.6374391317367554,,,,
compatibility,51015,err2,matched_decoder,27,0.5835950970649719,,,,
compatibility,51015,err2,random_content,0,0.018169037997722626,,,,
compatibility,51015,err2,random_content,1,0.03332597017288208,,,,
compatibility,51015,err2,random_content,2,4.414947341047082e-07,,,,
compatibility,51015,err2,random_content,3,0.002238354180008173,,,,
compatibility,51015,err2,random_content,4,0.005438513588160276,,,,
compatibility,51015,err2,random_content,5,5.955961751169525e-05,,,,
compatibility,51015,err2,random_content,6,0.00853619072586298,,,,
compatibility,51015,err2,random_content,7,0.00014474318595603108,,,,
compatibility,51015,err2,random_content,8,0.015282484702765942,,,,
compatibility,51015,err2,random_content,9,0.6085735559463501,,,,
compatibility,51015,err2,random_content,10,0.10097233206033707,,,,
compatibility,51015,err2,random_content,11,0.17511670291423798,,,,
compatibility,51015,err2,random_content,12,0.0001456632453482598,,,,
compatibility,51015,err2,random_content,13,2.999423429628223e-07,,,,
compatibility,51015,err2,random_content,14,0.6808474063873291,,,,
compatibility,51015,err2,random_content,15,2.2122630980447866e-05,,,,
compatibility,51015,err2,random_content,16,0.44767215847969055,,,,
compatibility,51015,err2,random_content,17,0.0003034500405192375,,,,
compatibility,51015,err2,random_content,18,0.45096734166145325,,,,
compatibility,51015,err2,random_content,19,0.00034364062594249845,,,,
compatibility,51015,err2,random_content,20,5.671350663760677e-06,,,,
compatibility,51015,err2,random_content,21,0.028342409059405327,,,,
compatibility,51015,err2,random_content,22,6.477097940660315e-06,,,,
compatibility,51015,err2,random_content,23,0.4298245906829834,,,,
compatibility,51015,err2,random_content,24,6.273510734899901e-06,,,,
compatibility,51015,err2,random_content,25,0.001206969260238111,,,,
compatibility,51015,err2,random_content,26,0.019853811711072922,,,,
compatibility,51015,err2,random_content,27,0.41057145595550537,,,,
compatibility,51015,err2,no_plasticity,0,0.025720153003931046,,,,
compatibility,51015,err2,no_plasticity,1,0.07017268240451813,,,,
compatibility,51015,err2,no_plasticity,2,0.02928183786571026,,,,
compatibility,51015,err2,no_plasticity,3,0.03378589451313019,,,,
compatibility,51015,err2,no_plasticity,4,0.02616923116147518,,,,
compatibility,51015,err2,no_plasticity,5,0.10455348342657089,,,,
compatibility,51015,err2,no_plasticity,6,0.015274770557880402,,,,
compatibility,51015,err2,no_plasticity,7,0.014789903536438942,,,,
compatibility,51015,err2,no_plasticity,8,0.043580349534749985,,,,
compatibility,51015,err2,no_plasticity,9,0.036811720579862595,,,,
compatibility,51015,err2,no_plasticity,10,0.04873457923531532,,,,
compatibility,51015,err2,no_plasticity,11,0.03468899056315422,,,,
compatibility,51015,err2,no_plasticity,12,0.01962120272219181,,,,
compatibility,51015,err2,no_plasticity,13,0.05607398971915245,,,,
compatibility,51015,err2,no_plasticity,14,0.07513763755559921,,,,
compatibility,51015,err2,no_plasticity,15,0.038019489496946335,,,,
compatibility,51015,err2,no_plasticity,16,0.03182981163263321,,,,
compatibility,51015,err2,no_plasticity,17,0.10026071965694427,,,,
compatibility,51015,err2,no_plasticity,18,0.11687060445547104,,,,
compatibility,51015,err2,no_plasticity,19,0.4767799377441406,,,,
compatibility,51015,err2,no_plasticity,20,0.09311383217573166,,,,
compatibility,51015,err2,no_plasticity,21,0.03423062339425087,,,,
compatibility,51015,err2,no_plasticity,22,0.06546234339475632,,,,
compatibility,51015,err2,no_plasticity,23,0.028042996302247047,,,,
compatibility,51015,err2,no_plasticity,24,0.02371925488114357,,,,
compatibility,51015,err2,no_plasticity,25,0.01877594366669655,,,,
compatibility,51015,err2,no_plasticity,26,0.024068592116236687,,,,
compatibility,51015,err2,no_plasticity,27,0.03647932782769203,,,,
cue_schedule,51015,err2,swap,,,1,2,False,0.7444829344749451
cue_schedule,51015,err2,swap,,,2,3,False,0.838482677936554
cue_schedule,51015,err2,swap,,,3,4,False,0.818861722946167
cue_schedule,51015,err2,swap,,,4,5,False,0.8220323324203491
cue_schedule,51015,err2,swap,,,5,6,False,0.8084866404533386
cue_schedule,51015,err2,swap,,,6,7,False,0.8043655157089233
cue_schedule,51015,err2,swap,,,7,8,False,0.812611997127533
cue_schedule,51015,err2,swap,,,8,9,False,0.7963115572929382
cue_schedule,51015,err2,swap,,,9,10,False,0.7862981557846069
cue_schedule,51015,err2,swap,,,10,11,True,0.44947588443756104
cue_schedule,51015,err2,swap,,,11,12,False,0.831890344619751
cue_schedule,51015,err2,swap,,,12,13,False,0.8141912221908569
cue_schedule,51015,err2,swap,,,13,14,False,0.7973655462265015
cue_schedule,51015,err2,swap,,,14,15,False,0.8215958476066589
cue_schedule,51015,err2,swap,,,15,16,False,0.8492522239685059
cue_schedule,51015,err2,swap,,,16,17,False,0.848677396774292
cue_schedule,51015,err2,swap,,,17,18,False,0.8498106598854065
cue_schedule,51015,err2,swap,,,18,19,False,0.8480156064033508
cue_schedule,51015,err2,swap,,,19,20,False,0.8393799662590027
cue_schedule,51015,err2,swap,,,20,21,True,0.515430212020874
cue_schedule,51015,err2,swap,,,21,22,False,0.8304600715637207
cue_schedule,51015,err2,swap,,,22,23,False,0.8221632242202759
cue_schedule,51015,err2,swap,,,23,24,False,0.7780274748802185
cue_schedule,51015,err2,swap,,,24,25,False,0.8090622425079346
cue_schedule,51015,err2,swap,,,25,26,False,0.8196885585784912
cue_schedule,51015,err2,swap,,,26,27,False,0.797568142414093
cue_schedule,51015,err2,swap,,,27,28,False,0.8052036762237549
cue_schedule,51015,err2,swap,,,28,29,False,0.8142849802970886
cue_schedule,51015,err2,swap,,,29,30,False,0.809033989906311
cue_schedule,51015,err2,swap,,,30,31,True,0.5035271644592285
cue_schedule,51015,err2,swap,,,31,32,False,0.819347083568573
cue_schedule,51015,err2,swap,,,32,33,False,0.8070681095123291
cue_schedule,51015,err2,swap,,,33,34,False,0.8255482316017151
cue_schedule,51015,err2,swap,,,34,35,False,0.8209272623062134
cue_schedule,51015,err2,swap,,,35,36,False,0.8080416321754456
cue_schedule,51015,err2,swap,,,36,37,False,0.8124157190322876
cue_schedule,51015,err2,swap,,,37,38,False,0.8222067952156067
cue_schedule,51015,err2,swap,,,38,39,False,0.8263301849365234
cue_schedule,51015,err2,swap,,,39,40,False,0.8077389001846313
cue_schedule,51015,err2,no_swap,,,1,2,False,0.7444829344749451
cue_schedule,51015,err2,no_swap,,,2,3,False,0.838482677936554
cue_schedule,51015,err2,no_swap,,,3,4,False,0.818861722946167
cue_schedule,51015,err2,no_swap,,,4,5,False,0.8220323324203491
cue_schedule,51015,err2,no_swap,,,5,6,False,0.8084866404533386
cue_schedule,51015,err2,no_swap,,,6,7,False,0.8043655157089233
cue_schedule,51015,err2,no_swap,,,7,8,False,0.812611997127533
cue_schedule,51015,err2,no_swap,,,8,9,False,0.7963115572929382
cue_schedule,51015,err2,no_swap,,,9,10,False,0.7862981557846069
cue_schedule,51015,err2,no_swap,,,10,11,False,0.7866132259368896
cue_schedule,51015,err2,no_swap,,,11,12,False,0.8280037641525269
cue_schedule,51015,err2,no_swap,,,12,13,False,0.8252028822898865
cue_schedule,51015,err2,no_swap,,,13,14,False,0.8248781561851501
cue_schedule,51015,err2,no_swap,,,14,15,False,0.7834663391113281
cue_schedule,51015,err2,no_swap,,,15,16,False,0.8160082101821899
cue_schedule,51015,err2,no_swap,,,16,17,False,0.8191410303115845
cue_schedule,51015,err2,no_swap,,,17,18,False,0.8109679222106934
cue_schedule,51015,err2,no_swap,,,18,19,False,0.8254228234291077
cue_schedule,51015,err2,no_swap,,,19,20,False,0.8098485469818115
cue_schedule,51015,err2,no_swap,,,20,21,False,0.8236837983131409
cue_schedule,51015,err2,no_swap,,,21,22,False,0.8529643416404724
cue_schedule,51015,err2,no_swap,,,22,23,False,0.836729884147644
cue_schedule,51015,err2,no_swap,,,23,24,False,0.7825740575790405
cue_schedule,51015,err2,no_swap,,,24,25,False,0.8078836798667908
cue_schedule,51015,err2,no_swap,,,25,26,False,0.8252506852149963
cue_schedule,51015,err2,no_swap,,,26,27,False,0.7930164337158203
cue_schedule,51015,err2,no_swap,,,27,28,False,0.8077656626701355
cue_schedule,51015,err2,no_swap,,,28,29,False,0.8202375173568726
cue_schedule,51015,err2,no_swap,,,29,30,False,0.8100361824035645
cue_schedule,51015,err2,no_swap,,,30,31,False,0.8032382130622864
cue_schedule,51015,err2,no_swap,,,31,32,False,0.8285468220710754
cue_schedule,51015,err2,no_swap,,,32,33,False,0.8129249811172485
cue_schedule,51015,err2,no_swap,,,33,34,False,0.7782227993011475
cue_schedule,51015,err2,no_swap,,,34,35,False,0.8328980803489685
cue_schedule,51015,err2,no_swap,,,35,36,False,0.8280362486839294
cue_schedule,51015,err2,no_swap,,,36,37,False,0.8123816847801208
cue_schedule,51015,err2,no_swap,,,37,38,False,0.8189675807952881
cue_schedule,51015,err2,no_swap,,,38,39,False,0.8381235003471375
cue_schedule,51015,err2,no_swap,,,39,40,False,0.811306357383728
compatibility,51016,base,aligned,0,0.6675381064414978,,,,
compatibility,51016,base,aligned,1,0.8587861657142639,,,,
compatibility,51016,base,aligned,2,0.9984057545661926,,,,
compatibility,51016,base,aligned,3,0.8323431015014648,,,,
compatibility,51016,base,aligned,4,0.8680954575538635,,,,
compatibility,51016,base,aligned,5,0.9430250525474548,,,,
compatibility,51016,base,aligned,6,0.7319508194923401,,,,
compatibility,51016,base,aligned,7,0.9273332953453064,,,,
compatibility,51016,base,aligned,8,0.7823451161384583,,,,
compatibility,51016,base,aligned,9,0.9929035902023315,,,,
compatibility,51016,base,aligned,10,0.8343061208724976,,,,
compatibility,51016,base,aligned,11,0.92620849609375,,,,
compatibility,51016,base,aligned,12,0.9730063676834106,,,,
compatibility,51016,base,aligned,13,0.6441938877105713,,,,
compatibility,51016,base,aligned,14,0.9175688624382019,,,,
compatibility,51016,base,aligned,15,0.8392103314399719,,,,
compatibility,51016,base,aligned,16,0.8977200984954834,,,,
compatibility,51016,base,aligned,17,0.6498703956604004,,,,
compatibility,51016,base,aligned,18,0.7942476272583008,,,,
compatibility,51016,base,aligned,19,0.7539403438568115,,,,
compatibility,51016,base,aligned,20,0.792668342590332,,,,
compatibility,51016,base,aligned,21,0.7844000458717346,,,,
compatibility,51016,base,aligned,22,0.9270932674407959,,,,
compatibility,51016,base,aligned,23,0.9756829738616943,,,,
compatibility,51016,base,aligned,24,0.8241380453109741,,,,
compatibility,51016,base,aligned,25,0.9100974202156067,,,,
compatibility,51016,base,aligned,26,0.8460760116577148,,,,
compatibility,51016,base,aligned,27,0.8944085240364075,,,,
compatibility,51016,base,fixed_permutation,0,0.19780917465686798,,,,
compatibility,51016,base,fixed_permutation,1,1.9575758415157907e-05,,,,
compatibility,51016,base,fixed_permutation,2,0.0246370080858469,,,,
compatibility,51016,base,fixed_permutation,3,0.0009662501979619265,,,,
compatibility,51016,base,fixed_permutation,4,0.03447385132312775,,,,
compatibility,51016,base,fixed_permutation,5,0.11585207283496857,,,,
compatibility,51016,base,fixed_permutation,6,0.25147005915641785,,,,
compatibility,51016,base,fixed_permutation,7,0.018077632412314415,,,,
compatibility,51016,base,fixed_permutation,8,0.21567006409168243,,,,
compatibility,51016,base,fixed_permutation,9,0.4820709824562073,,,,
compatibility,51016,base,fixed_permutation,10,0.13750453293323517,,,,
compatibility,51016,base,fixed_permutation,11,0.1391267478466034,,,,
compatibility,51016,base,fixed_permutation,12,0.2989948093891144,,,,
compatibility,51016,base,fixed_permutation,13,0.0004583538102451712,,,,
compatibility,51016,base,fixed_permutation,14,0.04244259372353554,,,,
compatibility,51016,base,fixed_permutation,15,0.012987112626433372,,,,
compatibility,51016,base,fixed_permutation,16,0.0008153069647960365,,,,
compatibility,51016,base,fixed_permutation,17,0.005726502742618322,,,,
compatibility,51016,base,fixed_permutation,18,0.1014997735619545,,,,
compatibility,51016,base,fixed_permutation,19,0.3360823094844818,,,,
compatibility,51016,base,fixed_permutation,20,0.36569276452064514,,,,
compatibility,51016,base,fixed_permutation,21,0.23873139917850494,,,,
compatibility,51016,base,fixed_permutation,22,0.11998318880796432,,,,
compatibility,51016,base,fixed_permutation,23,2.3550841433461756e-05,,,,
compatibility,51016,base,fixed_permutation,24,1.4932598446648626e-07,,,,
compatibility,51016,base,fixed_permutation,25,0.0002588827919680625,,,,
compatibility,51016,base,fixed_permutation,26,0.26128074526786804,,,,
compatibility,51016,base,fixed_permutation,27,0.0015563520137220621,,,,
compatibility,51016,base,matched_decoder,0,0.6675381064414978,,,,
compatibility,51016,base,matched_decoder,1,0.8587861657142639,,,,
compatibility,51016,base,matched_decoder,2,0.9984057545661926,,,,
compatibility,51016,base,matched_decoder,3,0.8323429822921753,,,,
compatibility,51016,base,matched_decoder,4,0.8680955171585083,,,,
compatibility,51016,base,matched_decoder,5,0.9430250525474548,,,,
compatibility,51016,base,matched_decoder,6,0.7319508194923401,,,,
compatibility,51016,base,matched_decoder,7,0.9273332953453064,,,,
compatibility,51016,base,matched_decoder,8,0.782345175743103,,,,
compatibility,51016,base,matched_decoder,9,0.9929035902023315,,,,
compatibility,51016,base,matched_decoder,10,0.8343060612678528,,,,
compatibility,51016,base,matched_decoder,11,0.92620849609375,,,,
compatibility,51016,base,matched_decoder,12,0.9730064868927002,,,,
compatibility,51016,base,matched_decoder,13,0.6441938877105713,,,,
compatibility,51016,base,matched_decoder,14,0.9175688624382019,,,,
compatibility,51016,base,matched_decoder,15,0.8392103314399719,,,,
compatibility,51016,base,matched_decoder,16,0.8977199196815491,,,,
compatibility,51016,base,matched_decoder,17,0.6498704552650452,,,,
compatibility,51016,base,matched_decoder,18,0.7942476272583008,,,,
compatibility,51016,base,matched_decoder,19,0.7539403438568115,,,,
compatibility,51016,base,matched_decoder,20,0.7926684021949768,,,,
compatibility,51016,base,matched_decoder,21,0.7844000458717346,,,,
compatibility,51016,base,matched_decoder,22,0.9270932674407959,,,,
compatibility,51016,base,matched_decoder,23,0.9756829738616943,,,,
compatibility,51016,base,matched_decoder,24,0.8241380453109741,,,,
compatibility,51016,base,matched_decoder,25,0.9100974202156067,,,,
compatibility,51016,base,matched_decoder,26,0.8460758924484253,,,,
compatibility,51016,base,matched_decoder,27,0.8944085240364075,,,,
compatibility,51016,base,random_content,0,0.24310800433158875,,,,
compatibility,51016,base,random_content,1,0.015625430271029472,,,,
compatibility,51016,base,random_content,2,0.23365679383277893,,,,
compatibility,51016,base,random_content,3,0.20247308909893036,,,,
compatibility,51016,base,random_content,4,0.12522202730178833,,,,
compatibility,51016,base,random_content,5,0.9078406095504761,,,,
compatibility,51016,base,random_content,6,0.146211639046669,,,,
compatibility,51016,base,random_content,7,0.2186865657567978,,,,
compatibility,51016,base,random_content,8,0.13385750353336334,,,,
compatibility,51016,base,random_content,9,0.017096754163503647,,,,
compatibility,51016,base,random_content,10,0.33592963218688965,,,,
compatibility,51016,base,random_content,11,0.006138627417385578,,,,
compatibility,51016,base,random_content,12,0.37686243653297424,,,,
compatibility,51016,base,random_content,13,0.4625810384750366,,,,
compatibility,51016,base,random_content,14,0.025070801377296448,,,,
compatibility,51016,base,random_content,15,0.048489782959222794,,,,
compatibility,51016,base,random_content,16,0.22451692819595337,,,,
compatibility,51016,base,random_content,17,0.2604546844959259,,,,
compatibility,51016,base,random_content,18,0.025751333683729172,,,,
compatibility,51016,base,random_content,19,6.0108981415396556e-05,,,,
compatibility,51016,base,random_content,20,6.646060683124233e-06,,,,
compatibility,51016,base,random_content,21,0.7749317288398743,,,,
compatibility,51016,base,random_content,22,0.22576703131198883,,,,
compatibility,51016,base,random_content,23,0.009604421444237232,,,,
compatibility,51016,base,random_content,24,0.07270526140928268,,,,
compatibility,51016,base,random_content,25,5.633227920043282e-05,,,,
compatibility,51016,base,random_content,26,0.007658060640096664,,,,
compatibility,51016,base,random_content,27,0.007919796742498875,,,,
compatibility,51016,base,no_plasticity,0,0.11510296165943146,,,,
compatibility,51016,base,no_plasticity,1,0.20055627822875977,,,,
compatibility,51016,base,no_plasticity,2,0.23138558864593506,,,,
compatibility,51016,base,no_plasticity,3,0.49804484844207764,,,,
compatibility,51016,base,no_plasticity,4,0.111386738717556,,,,
compatibility,51016,base,no_plasticity,5,0.20747436583042145,,,,
compatibility,51016,base,no_plasticity,6,0.25002148747444153,,,,
compatibility,51016,base,no_plasticity,7,0.21725960075855255,,,,
compatibility,51016,base,no_plasticity,8,0.2699645757675171,,,,
compatibility,51016,base,no_plasticity,9,0.12552130222320557,,,,
compatibility,51016,base,no_plasticity,10,0.16802093386650085,,,,
compatibility,51016,base,no_plasticity,11,0.1609273999929428,,,,
compatibility,51016,base,no_plasticity,12,0.10450485348701477,,,,
compatibility,51016,base,no_plasticity,13,0.06470878422260284,,,,
compatibility,51016,base,no_plasticity,14,0.43424829840660095,,,,
compatibility,51016,base,no_plasticity,15,0.19250763952732086,,,,
compatibility,51016,base,no_plasticity,16,0.3389118015766144,,,,
compatibility,51016,base,no_plasticity,17,0.19662204384803772,,,,
compatibility,51016,base,no_plasticity,18,0.2283898890018463,,,,
compatibility,51016,base,no_plasticity,19,0.25700482726097107,,,,
compatibility,51016,base,no_plasticity,20,0.16122695803642273,,,,
compatibility,51016,base,no_plasticity,21,0.16430099308490753,,,,
compatibility,51016,base,no_plasticity,22,0.23144841194152832,,,,
compatibility,51016,base,no_plasticity,23,0.46782127022743225,,,,
compatibility,51016,base,no_plasticity,24,0.13607639074325562,,,,
compatibility,51016,base,no_plasticity,25,0.23056292533874512,,,,
compatibility,51016,base,no_plasticity,26,0.21073539555072784,,,,
compatibility,51016,base,no_plasticity,27,0.101461261510849,,,,
cue_schedule,51016,base,swap,,,1,2,False,0.800629734992981
cue_schedule,51016,base,swap,,,2,3,False,0.7956447005271912
cue_schedule,51016,base,swap,,,3,4,False,0.8007166981697083
cue_schedule,51016,base,swap,,,4,5,False,0.7692260146141052
cue_schedule,51016,base,swap,,,5,6,False,0.8357873558998108
cue_schedule,51016,base,swap,,,6,7,False,0.7953368425369263
cue_schedule,51016,base,swap,,,7,8,False,0.8077223896980286
cue_schedule,51016,base,swap,,,8,9,False,0.8128669857978821
cue_schedule,51016,base,swap,,,9,10,False,0.8322318196296692
cue_schedule,51016,base,swap,,,10,11,True,0.4024055004119873
cue_schedule,51016,base,swap,,,11,12,False,0.752672553062439
cue_schedule,51016,base,swap,,,12,13,False,0.8344641923904419
cue_schedule,51016,base,swap,,,13,14,False,0.8471785187721252
cue_schedule,51016,base,swap,,,14,15,False,0.81632399559021
cue_schedule,51016,base,swap,,,15,16,False,0.855029821395874
cue_schedule,51016,base,swap,,,16,17,False,0.8509566783905029
cue_schedule,51016,base,swap,,,17,18,False,0.9056058526039124
cue_schedule,51016,base,swap,,,18,19,False,0.8611940741539001
cue_schedule,51016,base,swap,,,19,20,False,0.8753607869148254
cue_schedule,51016,base,swap,,,20,21,True,0.3954702615737915
cue_schedule,51016,base,swap,,,21,22,False,0.7144955396652222
cue_schedule,51016,base,swap,,,22,23,False,0.7253632545471191
cue_schedule,51016,base,swap,,,23,24,False,0.8491228222846985
cue_schedule,51016,base,swap,,,24,25,False,0.8497223854064941
cue_schedule,51016,base,swap,,,25,26,False,0.8474396467208862
cue_schedule,51016,base,swap,,,26,27,False,0.8209680914878845
cue_schedule,51016,base,swap,,,27,28,False,0.8306159973144531
cue_schedule,51016,base,swap,,,28,29,False,0.7930712699890137
cue_schedule,51016,base,swap,,,29,30,False,0.8319331407546997
cue_schedule,51016,base,swap,,,30,31,True,0.3046737611293793
cue_schedule,51016,base,swap,,,31,32,False,0.6175625920295715
cue_schedule,51016,base,swap,,,32,33,False,0.8290163278579712
cue_schedule,51016,base,swap,,,33,34,False,0.8710556626319885
cue_schedule,51016,base,swap,,,34,35,False,0.8767921924591064
cue_schedule,51016,base,swap,,,35,36,False,0.9002448320388794
cue_schedule,51016,base,swap,,,36,37,False,0.8848023414611816
cue_schedule,51016,base,swap,,,37,38,False,0.8740947842597961
cue_schedule,51016,base,swap,,,38,39,False,0.8745776414871216
cue_schedule,51016,base,swap,,,39,40,False,0.8629209399223328
cue_schedule,51016,base,no_swap,,,1,2,False,0.800629734992981
cue_schedule,51016,base,no_swap,,,2,3,False,0.7956447005271912
cue_schedule,51016,base,no_swap,,,3,4,False,0.8007166981697083
cue_schedule,51016,base,no_swap,,,4,5,False,0.7692260146141052
cue_schedule,51016,base,no_swap,,,5,6,False,0.8357873558998108
cue_schedule,51016,base,no_swap,,,6,7,False,0.7953368425369263
cue_schedule,51016,base,no_swap,,,7,8,False,0.8077223896980286
cue_schedule,51016,base,no_swap,,,8,9,False,0.8128669857978821
cue_schedule,51016,base,no_swap,,,9,10,False,0.8322318196296692
cue_schedule,51016,base,no_swap,,,10,11,False,0.8264545202255249
cue_schedule,51016,base,no_swap,,,11,12,False,0.8896678686141968
cue_schedule,51016,base,no_swap,,,12,13,False,0.8379776477813721
cue_schedule,51016,base,no_swap,,,13,14,False,0.8401808142662048
cue_schedule,51016,base,no_swap,,,14,15,False,0.8457614779472351
cue_schedule,51016,base,no_swap,,,15,16,False,0.7997288703918457
cue_schedule,51016,base,no_swap,,,16,17,False,0.8134231567382812
cue_schedule,51016,base,no_swap,,,17,18,False,0.8343634009361267
cue_schedule,51016,base,no_swap,,,18,19,False,0.8202672600746155
cue_schedule,51016,base,no_swap,,,19,20,False,0.8736140727996826
cue_schedule,51016,base,no_swap,,,20,21,False,0.8460951447486877
cue_schedule,51016,base,no_swap,,,21,22,False,0.8370652198791504
cue_schedule,51016,base,no_swap,,,22,23,False,0.7896883487701416
cue_schedule,51016,base,no_swap,,,23,24,False,0.8360260725021362
cue_schedule,51016,base,no_swap,,,24,25,False,0.855282187461853
cue_schedule,51016,base,no_swap,,,25,26,False,0.8648315668106079
cue_schedule,51016,base,no_swap,,,26,27,False,0.8328326940536499
cue_schedule,51016,base,no_swap,,,27,28,False,0.8323696255683899
cue_schedule,51016,base,no_swap,,,28,29,False,0.7920455932617188
cue_schedule,51016,base,no_swap,,,29,30,False,0.8317987322807312
cue_schedule,51016,base,no_swap,,,30,31,False,0.780408501625061
cue_schedule,51016,base,no_swap,,,31,32,False,0.8826985955238342
cue_schedule,51016,base,no_swap,,,32,33,False,0.8611329793930054
cue_schedule,51016,base,no_swap,,,33,34,False,0.8306761384010315
cue_schedule,51016,base,no_swap,,,34,35,False,0.8126283884048462
cue_schedule,51016,base,no_swap,,,35,36,False,0.8583378791809082
cue_schedule,51016,base,no_swap,,,36,37,False,0.8798157572746277
cue_schedule,51016,base,no_swap,,,37,38,False,0.8266842365264893
cue_schedule,51016,base,no_swap,,,38,39,False,0.8160386085510254
cue_schedule,51016,base,no_swap,,,39,40,False,0.8531665205955505
compatibility,51016,err2,aligned,0,0.5924674868583679,,,,
compatibility,51016,err2,aligned,1,0.5547950267791748,,,,
compatibility,51016,err2,aligned,2,0.6501197218894958,,,,
compatibility,51016,err2,aligned,3,0.18407808244228363,,,,
compatibility,51016,err2,aligned,4,0.1892346888780594,,,,
compatibility,51016,err2,aligned,5,0.47918450832366943,,,,
compatibility,51016,err2,aligned,6,0.6519671678543091,,,,
compatibility,51016,err2,aligned,7,0.5943676233291626,,,,
compatibility,51016,err2,aligned,8,0.5389280915260315,,,,
compatibility,51016,err2,aligned,9,0.49312376976013184,,,,
compatibility,51016,err2,aligned,10,0.6911689043045044,,,,
compatibility,51016,err2,aligned,11,0.4788045585155487,,,,
compatibility,51016,err2,aligned,12,0.4641880691051483,,,,
compatibility,51016,err2,aligned,13,0.6347060203552246,,,,
compatibility,51016,err2,aligned,14,0.6111846566200256,,,,
compatibility,51016,err2,aligned,15,0.6130983233451843,,,,
compatibility,51016,err2,aligned,16,0.44731244444847107,,,,
compatibility,51016,err2,aligned,17,0.4518418312072754,,,,
compatibility,51016,err2,aligned,18,0.49851375818252563,,,,
compatibility,51016,err2,aligned,19,0.7320623993873596,,,,
compatibility,51016,err2,aligned,20,0.42981836199760437,,,,
compatibility,51016,err2,aligned,21,0.49661338329315186,,,,
compatibility,51016,err2,aligned,22,0.4156497120857239,,,,
compatibility,51016,err2,aligned,23,0.6435195207595825,,,,
compatibility,51016,err2,aligned,24,0.6330583691596985,,,,
compatibility,51016,err2,aligned,25,0.012363772839307785,,,,
compatibility,51016,err2,aligned,26,0.5606120824813843,,,,
compatibility,51016,err2,aligned,27,0.4528672397136688,,,,
compatibility,51016,err2,fixed_permutation,0,0.0008050735341385007,,,,
compatibility,51016,err2,fixed_permutation,1,0.023945245891809464,,,,
compatibility,51016,err2,fixed_permutation,2,0.004875456914305687,,,,
compatibility,51016,err2,fixed_permutation,3,0.0005524309235624969,,,,
compatibility,51016,err2,fixed_permutation,4,5.064005563326646e-06,,,,
compatibility,51016,err2,fixed_permutation,5,0.0008595233666710556,,,,
compatibility,51016,err2,fixed_permutation,6,0.01945231296122074,,,,
compatibility,51016,err2,fixed_permutation,7,0.009375227615237236,,,,
compatibility,51016,err2,fixed_permutation,8,0.012467439286410809,,,,
compatibility,51016,err2,fixed_permutation,9,0.4483591318130493,,,,
compatibility,51016,err2,fixed_permutation,10,0.11783333122730255,,,,
compatibility,51016,err2,fixed_permutation,11,0.019631270319223404,,,,
compatibility,51016,err2,fixed_permutation,12,0.27030906081199646,,,,
compatibility,51016,err2,fixed_permutation,13,0.0022556933108717203,,,,
compatibility,51016,err2,fixed_permutation,14,0.0032405073288828135,,,,
compatibility,51016,err2,fixed_permutation,15,0.00024320717784576118,,,,
compatibility,51016,err2,fixed_permutation,16,2.0003615645691752e-05,,,,
compatibility,51016,err2,fixed_permutation,17,0.011337198317050934,,,,
compatibility,51016,err2,fixed_permutation,18,0.037569768726825714,,,,
compatibility,51016,err2,fixed_permutation,19,0.10136494785547256,,,,
compatibility,51016,err2,fixed_permutation,20,0.11472874134778976,,,,
compatibility,51016,err2,fixed_permutation,21,0.34162190556526184,,,,
compatibility,51016,err2,fixed_permutation,22,0.03275158256292343,,,,
compatibility,51016,err2,fixed_permutation,23,1.9870162759616505e-06,,,,
compatibility,51016,err2,fixed_permutation,24,1.8865156903302704e-07,,,,
compatibility,51016,err2,fixed_permutation,25,1.7852453311206773e-05,,,,
compatibility,51016,err2,fixed_permutation,26,0.011099111288785934,,,,
compatibility,51016,err2,fixed_permutation,27,0.007236496079713106,,,,
compatibility,51016,err2,matched_decoder,0,0.5924676060676575,,,,
compatibility,51016,err2,matched_decoder,1,0.5547950267791748,,,,
compatibility,51016,err2,matched_decoder,2,0.6501197814941406,,,,
compatibility,51016,err2,matched_decoder,3,0.18407784402370453,,,,
compatibility,51016,err2,matched_decoder,4,0.18923449516296387,,,,
compatibility,51016,err2,matched_decoder,5,0.47918441891670227,,,,
compatibility,51016,err2,matched_decoder,6,0.6519672274589539,,,,
compatibility,51016,err2,matched_decoder,7,0.5943676233291626,,,,
compatibility,51016,err2,matched_decoder,8,0.5389280915260315,,,,
compatibility,51016,err2,matched_decoder,9,0.4931238293647766,,,,
compatibility,51016,err2,matched_decoder,10,0.6911688446998596,,,,
compatibility,51016,err2,matched_decoder,11,0.4788045287132263,,,,
compatibility,51016,err2,matched_decoder,12,0.4641880989074707,,,,
compatibility,51016,err2,matched_decoder,13,0.6347058415412903,,,,
compatibility,51016,err2,matched_decoder,14,0.6111845374107361,,,,
compatibility,51016,err2,matched_decoder,15,0.6130982637405396,,,,
compatibility,51016,err2,matched_decoder,16,0.44731247425079346,,,,
compatibility,51016,err2,matched_decoder,17,0.45184168219566345,,,,
compatibility,51016,err2,matched_decoder,18,0.49851417541503906,,,,
compatibility,51016,err2,matched_decoder,19,0.7320625185966492,,,,
compatibility,51016,err2,matched_decoder,20,0.42981797456741333,,,,
compatibility,51016,err2,matched_decoder,21,0.49661335349082947,,,,
compatibility,51016,err2,matched_decoder,22,0.41564974188804626,,,,
compatibility,51016,err2,matched_decoder,23,0.6435195207595825,,,,
compatibility,51016,err2,matched_decoder,24,0.6330579519271851,,,,
compatibility,51016,err2,matched_decoder,25,0.012363721616566181,,,,
compatibility,51016,err2,matched_decoder,26,0.5606120228767395,,,,
compatibility,51016,err2,matched_decoder,27,0.45286720991134644,,,,
compatibility,51016,err2,random_content,0,0.11082512140274048,,,,
compatibility,51016,err2,random_content,1,0.0007009426481090486,,,,
compatibility,51016,err2,random_content,2,0.005513665731996298,,,,
compatibility,51016,err2,random_content,3,0.44188162684440613,,,,
compatibility,51016,err2,random_content,4,2.317042526556179e-05,,,,
compatibility,51016,err2,random_content,5,0.01780201680958271,,,,
compatibility,51016,err2,random_content,6,0.022005390375852585,,,,
compatibility,51016,err2,random_content,7,0.0058676800690591335,,,,
compatibility,51016,err2,random_content,8,0.00012652584700845182,,,,
compatibility,51016,err2,random_content,9,0.21699675917625427,,,,
compatibility,51016,err2,random_content,10,0.000184196193004027,,,,
compatibility,51016,err2,random_content,11,0.00042613415280357003,,,,
compatibility,51016,err2,random_content,12,0.3458172380924225,,,,
compatibility,51016,err2,random_content,13,0.0019882593769580126,,,,
compatibility,51016,err2,random_content,14,0.00019828832591883838,,,,
compatibility,51016,err2,random_content,15,4.996391453460092e-06,,,,
compatibility,51016,err2,random_content,16,0.0006499728187918663,,,,
compatibility,51016,err2,random_content,17,1.3028745343035553e-05,,,,
compatibility,51016,err2,random_content,18,0.4433841407299042,,,,
compatibility,51016,err2,random_content,19,2.706778559513623e-06,,,,
compatibility,51016,err2,random_content,20,0.003823073348030448,,,,
compatibility,51016,err2,random_content,21,0.5938097238540649,,,,
compatibility,51016,err2,random_content,22,0.00011733030260074884,,,,
compatibility,51016,err2,random_content,23,0.0001006532329483889,,,,
compatibility,51016,err2,random_content,24,0.01071056630462408,,,,
compatibility,51016,err2,random_content,25,2.573531492089387e-05,,,,
compatibility,51016,err2,random_content,26,0.016986213624477386,,,,
compatibility,51016,err2,random_content,27,9.04581684153527e-05,,,,
compatibility,51016,err2,no_plasticity,0,0.11510296165943146,,,,
compatibility,51016,err2,no_plasticity,1,0.20055627822875977,,,,
compatibility,51016,err2,no_plasticity,2,0.23138558864593506,,,,
compatibility,51016,err2,no_plasticity,3,0.49804484844207764,,,,
compatibility,51016,err2,no_plasticity,4,0.111386738717556,,,,
compatibility,51016,err2,no_plasticity,5,0.20747436583042145,,,,
compatibility,51016,err2,no_plasticity,6,0.25002148747444153,,,,
compatibility,51016,err2,no_plasticity,7,0.21725960075855255,,,,
compatibility,51016,err2,no_plasticity,8,0.2699645757675171,,,,
compatibility,51016,err2,no_plasticity,9,0.12552130222320557,,,,
compatibility,51016,err2,no_plasticity,10,0.16802093386650085,,,,
compatibility,51016,err2,no_plasticity,11,0.1609273999929428,,,,
compatibility,51016,err2,no_plasticity,12,0.10450485348701477,,,,
compatibility,51016,err2,no_plasticity,13,0.06470878422260284,,,,
compatibility,51016,err2,no_plasticity,14,0.43424829840660095,,,,
compatibility,51016,err2,no_plasticity,15,0.19250763952732086,,,,
compatibility,51016,err2,no_plasticity,16,0.3389118015766144,,,,
compatibility,51016,err2,no_plasticity,17,0.19662204384803772,,,,
compatibility,51016,err2,no_plasticity,18,0.2283898890018463,,,,
compatibility,51016,err2,no_plasticity,19,0.25700482726097107,,,,
compatibility,51016,err2,no_plasticity,20,0.16122695803642273,,,,
compatibility,51016,err2,no_plasticity,21,0.16430099308490753,,,,
compatibility,51016,err2,no_plasticity,22,0.23144841194152832,,,,
compatibility,51016,err2,no_plasticity,23,0.46782127022743225,,,,
compatibility,51016,err2,no_plasticity,24,0.13607639074325562,,,,
compatibility,51016,err2,no_plasticity,25,0.23056292533874512,,,,
compatibility,51016,err2,no_plasticity,26,0.21073539555072784,,,,
compatibility,51016,err2,no_plasticity,27,0.101461261510849,,,,
cue_schedule,51016,err2,swap,,,1,2,False,0.7157398462295532
cue_schedule,51016,err2,swap,,,2,3,False,0.8098951578140259
cue_schedule,51016,err2,swap,,,3,4,False,0.8678597807884216
cue_schedule,51016,err2,swap,,,4,5,False,0.8126461505889893
cue_schedule,51016,err2,swap,,,5,6,False,0.8330447673797607
cue_schedule,51016,err2,swap,,,6,7,False,0.8057523965835571
cue_schedule,51016,err2,swap,,,7,8,False,0.7994562387466431
cue_schedule,51016,err2,swap,,,8,9,False,0.8200645446777344
cue_schedule,51016,err2,swap,,,9,10,False,0.8258805871009827
cue_schedule,51016,err2,swap,,,10,11,True,0.4090937376022339
cue_schedule,51016,err2,swap,,,11,12,False,0.7718738317489624
cue_schedule,51016,err2,swap,,,12,13,False,0.8351807594299316
cue_schedule,51016,err2,swap,,,13,14,False,0.8157269954681396
cue_schedule,51016,err2,swap,,,14,15,False,0.8148325085639954
cue_schedule,51016,err2,swap,,,15,16,False,0.8480399250984192
cue_schedule,51016,err2,swap,,,16,17,False,0.8213563561439514
cue_schedule,51016,err2,swap,,,17,18,False,0.8189364075660706
cue_schedule,51016,err2,swap,,,18,19,False,0.802653968334198
cue_schedule,51016,err2,swap,,,19,20,False,0.8427283763885498
cue_schedule,51016,err2,swap,,,20,21,True,0.4813942313194275
cue_schedule,51016,err2,swap,,,21,22,False,0.8406941294670105
cue_schedule,51016,err2,swap,,,22,23,False,0.8165547251701355
cue_schedule,51016,err2,swap,,,23,24,False,0.8169307708740234
cue_schedule,51016,err2,swap,,,24,25,False,0.8103864192962646
cue_schedule,51016,err2,swap,,,25,26,False,0.8120507597923279
cue_schedule,51016,err2,swap,,,26,27,False,0.8111941814422607
cue_schedule,51016,err2,swap,,,27,28,False,0.8234367966651917
cue_schedule,51016,err2,swap,,,28,29,False,0.8187758922576904
cue_schedule,51016,err2,swap,,,29,30,False,0.8004682064056396
cue_schedule,51016,err2,swap,,,30,31,True,0.48163628578186035
cue_schedule,51016,err2,swap,,,31,32,False,0.8137558698654175
cue_schedule,51016,err2,swap,,,32,33,False,0.8334401845932007
cue_schedule,51016,err2,swap,,,33,34,False,0.8242990374565125
cue_schedule,51016,err2,swap,,,34,35,False,0.8384706974029541
cue_schedule,51016,err2,swap,,,35,36,False,0.8542369604110718
cue_schedule,51016,err2,swap,,,36,37,False,0.8062430620193481
cue_schedule,51016,err2,swap,,,37,38,False,0.8269620537757874
cue_schedule,51016,err2,swap,,,38,39,False,0.8151465058326721
cue_schedule,51016,err2,swap,,,39,40,False,0.8411939740180969
cue_schedule,51016,err2,no_swap,,,1,2,False,0.7157398462295532
cue_schedule,51016,err2,no_swap,,,2,3,False,0.8098951578140259
cue_schedule,51016,err2,no_swap,,,3,4,False,0.8678597807884216
cue_schedule,51016,err2,no_swap,,,4,5,False,0.8126461505889893
cue_schedule,51016,err2,no_swap,,,5,6,False,0.8330447673797607
cue_schedule,51016,err2,no_swap,,,6,7,False,0.8057523965835571
cue_schedule,51016,err2,no_swap,,,7,8,False,0.7994562387466431
cue_schedule,51016,err2,no_swap,,,8,9,False,0.8200645446777344
cue_schedule,51016,err2,no_swap,,,9,10,False,0.8258805871009827
cue_schedule,51016,err2,no_swap,,,10,11,False,0.7578304409980774
cue_schedule,51016,err2,no_swap,,,11,12,False,0.8022264242172241
cue_schedule,51016,err2,no_swap,,,12,13,False,0.8054882287979126
cue_schedule,51016,err2,no_swap,,,13,14,False,0.795484721660614
cue_schedule,51016,err2,no_swap,,,14,15,False,0.8336966633796692
cue_schedule,51016,err2,no_swap,,,15,16,False,0.8303154706954956
cue_schedule,51016,err2,no_swap,,,16,17,False,0.804802656173706
cue_schedule,51016,err2,no_swap,,,17,18,False,0.802274227142334
cue_schedule,51016,err2,no_swap,,,18,19,False,0.7878963947296143
cue_schedule,51016,err2,no_swap,,,19,20,False,0.8148907423019409
cue_schedule,51016,err2,no_swap,,,20,21,False,0.821027398109436
cue_schedule,51016,err2,no_swap,,,21,22,False,0.8469634056091309
cue_schedule,51016,err2,no_swap,,,22,23,False,0.8168684244155884
cue_schedule,51016,err2,no_swap,,,23,24,False,0.810533881187439
cue_schedule,51016,err2,no_swap,,,24,25,False,0.8019894957542419
cue_schedule,51016,err2,no_swap,,,25,26,False,0.8241985440254211
cue_schedule,51016,err2,no_swap,,,26,27,False,0.8298404216766357
cue_schedule,51016,err2,no_swap,,,27,28,False,0.8239806890487671
cue_schedule,51016,err2,no_swap,,,28,29,False,0.8142423033714294
cue_schedule,51016,err2,no_swap,,,29,30,False,0.8070052266120911
cue_schedule,51016,err2,no_swap,,,30,31,False,0.820671796798706
cue_schedule,51016,err2,no_swap,,,31,32,False,0.8159790635108948
cue_schedule,51016,err2,no_swap,,,32,33,False,0.8313137888908386
cue_schedule,51016,err2,no_swap,,,33,34,False,0.8438711762428284
cue_schedule,51016,err2,no_swap,,,34,35,False,0.8384276628494263
cue_schedule,51016,err2,no_swap,,,35,36,False,0.8366418480873108
cue_schedule,51016,err2,no_swap,,,36,37,False,0.8321852087974548
cue_schedule,51016,err2,no_swap,,,37,38,False,0.8326919078826904
cue_schedule,51016,err2,no_swap,,,38,39,False,0.8190934062004089
cue_schedule,51016,err2,no_swap,,,39,40,False,0.8170573711395264
compatibility,51017,base,aligned,0,0.8001816868782043,,,,
compatibility,51017,base,aligned,1,0.8497968912124634,,,,
compatibility,51017,base,aligned,2,0.9350845813751221,,,,
compatibility,51017,base,aligned,3,0.7453885674476624,,,,
compatibility,51017,base,aligned,4,0.7414272427558899,,,,
compatibility,51017,base,aligned,5,0.7348862290382385,,,,
compatibility,51017,base,aligned,6,0.9064340591430664,,,,
compatibility,51017,base,aligned,7,0.8619560599327087,,,,
compatibility,51017,base,aligned,8,0.7895395755767822,,,,
compatibility,51017,base,aligned,9,0.7138969898223877,,,,
compatibility,51017,base,aligned,10,0.8760145306587219,,,,
compatibility,51017,base,aligned,11,0.8783970475196838,,,,
compatibility,51017,base,aligned,12,0.8043993711471558,,,,
compatibility,51017,base,aligned,13,0.9014073014259338,,,,
compatibility,51017,base,aligned,14,0.7436143755912781,,,,
compatibility,51017,base,aligned,15,0.8466981649398804,,,,
compatibility,51017,base,aligned,16,0.6205354928970337,,,,
compatibility,51017,base,aligned,17,0.8556415438652039,,,,
compatibility,51017,base,aligned,18,0.5811448693275452,,,,
compatibility,51017,base,aligned,19,0.7837355136871338,,,,
compatibility,51017,base,aligned,20,0.7597846984863281,,,,
compatibility,51017,base,aligned,21,0.5456846952438354,,,,
compatibility,51017,base,aligned,22,0.6671140789985657,,,,
compatibility,51017,base,aligned,23,0.9016910195350647,,,,
compatibility,51017,base,aligned,24,0.5103670358657837,,,,
compatibility,51017,base,aligned,25,0.7909944653511047,,,,
compatibility,51017,base,aligned,26,0.7623049020767212,,,,
compatibility,51017,base,aligned,27,0.6182706952095032,,,,
compatibility,51017,base,fixed_permutation,0,0.0810546725988388,,,,
compatibility,51017,base,fixed_permutation,1,0.15141628682613373,,,,
compatibility,51017,base,fixed_permutation,2,0.14575423300266266,,,,
compatibility,51017,base,fixed_permutation,3,0.06319200992584229,,,,
compatibility,51017,base,fixed_permutation,4,0.3428536057472229,,,,
compatibility,51017,base,fixed_permutation,5,0.0014141369611024857,,,,
compatibility,51017,base,fixed_permutation,6,0.3143138587474823,,,,
compatibility,51017,base,fixed_permutation,7,0.03610774129629135,,,,
compatibility,51017,base,fixed_permutation,8,0.14841490983963013,,,,
compatibility,51017,base,fixed_permutation,9,0.1705787628889084,,,,
compatibility,51017,base,fixed_permutation,10,0.000792714417912066,,,,
compatibility,51017,base,fixed_permutation,11,0.004078271798789501,,,,
compatibility,51017,base,fixed_permutation,12,0.01607450470328331,,,,
compatibility,51017,base,fixed_permutation,13,0.16921566426753998,,,,
compatibility,51017,base,fixed_permutation,14,0.12058255076408386,,,,
compatibility,51017,base,fixed_permutation,15,0.16546401381492615,,,,
compatibility,51017,base,fixed_permutation,16,0.0009840253042057157,,,,
compatibility,51017,base,fixed_permutation,17,0.13629351556301117,,,,
compatibility,51017,base,fixed_permutation,18,0.050636690109968185,,,,
compatibility,51017,base,fixed_permutation,19,0.23280057311058044,,,,
compatibility,51017,base,fixed_permutation,20,0.059110041707754135,,,,
compatibility,51017,base,fixed_permutation,21,0.23884032666683197,,,,
compatibility,51017,base,fixed_permutation,22,0.2110898792743683,,,,
compatibility,51017,base,fixed_permutation,23,0.2204534113407135,,,,
compatibility,51017,base,fixed_permutation,24,0.012743852101266384,,,,
compatibility,51017,base,fixed_permutation,25,0.0003244075342081487,,,,
compatibility,51017,base,fixed_permutation,26,0.28712907433509827,,,,
compatibility,51017,base,fixed_permutation,27,1.6574897017562762e-05,,,,
compatibility,51017,base,matched_decoder,0,0.8001817464828491,,,,
compatibility,51017,base,matched_decoder,1,0.8497968912124634,,,,
compatibility,51017,base,matched_decoder,2,0.9350845813751221,,,,
compatibility,51017,base,matched_decoder,3,0.7453885674476624,,,,
compatibility,51017,base,matched_decoder,4,0.7414272427558899,,,,
compatibility,51017,base,matched_decoder,5,0.7348862290382385,,,,
compatibility,51017,base,matched_decoder,6,0.9064340591430664,,,,
compatibility,51017,base,matched_decoder,7,0.8619560599327087,,,,
compatibility,51017,base,matched_decoder,8,0.7895395755767822,,,,
compatibility,51017,base,matched_decoder,9,0.7138969898223877,,,,
compatibility,51017,base,matched_decoder,10,0.8760145306587219,,,,
compatibility,51017,base,matched_decoder,11,0.8783970475196838,,,,
compatibility,51017,base,matched_decoder,12,0.8043993711471558,,,,
compatibility,51017,base,matched_decoder,13,0.9014073014259338,,,,
compatibility,51017,base,matched_decoder,14,0.7436143755912781,,,,
compatibility,51017,base,matched_decoder,15,0.8466981649398804,,,,
compatibility,51017,base,matched_decoder,16,0.6205353140830994,,,,
compatibility,51017,base,matched_decoder,17,0.8556415438652039,,,,
compatibility,51017,base,matched_decoder,18,0.5811448693275452,,,,
compatibility,51017,base,matched_decoder,19,0.7837355136871338,,,,
compatibility,51017,base,matched_decoder,20,0.7597848176956177,,,,
compatibility,51017,base,matched_decoder,21,0.5456846952438354,,,,
compatibility,51017,base,matched_decoder,22,0.6671140193939209,,,,
compatibility,51017,base,matched_decoder,23,0.9016910791397095,,,,
compatibility,51017,base,matched_decoder,24,0.5103669762611389,,,,
compatibility,51017,base,matched_decoder,25,0.79099440574646,,,,
compatibility,51017,base,matched_decoder,26,0.7623049020767212,,,,
compatibility,51017,base,matched_decoder,27,0.6182706356048584,,,,
compatibility,51017,base,random_content,0,0.0776602178812027,,,,
compatibility,51017,base,random_content,1,0.6228651404380798,,,,
compatibility,51017,base,random_content,2,0.19666583836078644,,,,
compatibility,51017,base,random_content,3,0.15905225276947021,,,,
compatibility,51017,base,random_content,4,0.0063942777924239635,,,,
compatibility,51017,base,random_content,5,0.40857991576194763,,,,
compatibility,51017,base,random_content,6,0.08756864815950394,,,,
compatibility,51017,base,random_content,7,0.28105902671813965,,,,
compatibility,51017,base,random_content,8,0.0003833458758890629,,,,
compatibility,51017,base,random_content,9,0.2015247493982315,,,,
compatibility,51017,base,random_content,10,0.3038375973701477,,,,
compatibility,51017,base,random_content,11,0.33059975504875183,,,,
compatibility,51017,base,random_content,12,0.2242741882801056,,,,
compatibility,51017,base,random_content,13,0.227284774184227,,,,
compatibility,51017,base,random_content,14,0.17206670343875885,,,,
compatibility,51017,base,random_content,15,0.20709094405174255,,,,
compatibility,51017,base,random_content,16,0.06792815774679184,,,,
compatibility,51017,base,random_content,17,0.2642160654067993,,,,
compatibility,51017,base,random_content,18,0.042388103902339935,,,,
compatibility,51017,base,random_content,19,0.4784014821052551,,,,
compatibility,51017,base,random_content,20,0.48742246627807617,,,,
compatibility,51017,base,random_content,21,0.5978713631629944,,,,
compatibility,51017,base,random_content,22,0.2796257436275482,,,,
compatibility,51017,base,random_content,23,0.5392690300941467,,,,
compatibility,51017,base,random_content,24,0.1160745769739151,,,,
compatibility,51017,base,random_content,25,0.5815555453300476,,,,
compatibility,51017,base,random_content,26,0.18480126559734344,,,,
compatibility,51017,base,random_content,27,0.2705763876438141,,,,
compatibility,51017,base,no_plasticity,0,0.1807066947221756,,,,
compatibility,51017,base,no_plasticity,1,0.07791145890951157,,,,
compatibility,51017,base,no_plasticity,2,0.07560060173273087,,,,
compatibility,51017,base,no_plasticity,3,0.08722952753305435,,,,
compatibility,51017,base,no_plasticity,4,0.17563335597515106,,,,
compatibility,51017,base,no_plasticity,5,0.15632422268390656,,,,
compatibility,51017,base,no_plasticity,6,0.12743502855300903,,,,
compatibility,51017,base,no_plasticity,7,0.0704384595155716,,,,
compatibility,51017,base,no_plasticity,8,0.08825400471687317,,,,
compatibility,51017,base,no_plasticity,9,0.11745106428861618,,,,
compatibility,51017,base,no_plasticity,10,0.09527888149023056,,,,
compatibility,51017,base,no_plasticity,11,0.12461996078491211,,,,
compatibility,51017,base,no_plasticity,12,0.1553667187690735,,,,
compatibility,51017,base,no_plasticity,13,0.11271043121814728,,,,
compatibility,51017,base,no_plasticity,14,0.11041747033596039,,,,
compatibility,51017,base,no_plasticity,15,0.18507102131843567,,,,
compatibility,51017,base,no_plasticity,16,0.19440491497516632,,,,
compatibility,51017,base,no_plasticity,17,0.04960726946592331,,,,
compatibility,51017,base,no_plasticity,18,0.0987854078412056,,,,
compatibility,51017,base,no_plasticity,19,0.10787683725357056,,,,
compatibility,51017,base,no_plasticity,20,0.46136313676834106,,,,
compatibility,51017,base,no_plasticity,21,0.1850469410419464,,,,
compatibility,51017,base,no_plasticity,22,0.143886536359787,,,,
compatibility,51017,base,no_plasticity,23,0.1796979457139969,,,,
compatibility,51017,base,no_plasticity,24,0.07952135801315308,,,,
compatibility,51017,base,no_plasticity,25,0.08346691727638245,,,,
compatibility,51017,base,no_plasticity,26,0.12413299083709717,,,,
compatibility,51017,base,no_plasticity,27,0.2786584794521332,,,,
cue_schedule,51017,base,swap,,,1,2,False,0.7694190144538879
cue_schedule,51017,base,swap,,,2,3,False,0.7091807723045349
cue_schedule,51017,base,swap,,,3,4,False,0.7997236847877502
cue_schedule,51017,base,swap,,,4,5,False,0.76828932762146
cue_schedule,51017,base,swap,,,5,6,False,0.7809750437736511
cue_schedule,51017,base,swap,,,6,7,False,0.7729862928390503
cue_schedule,51017,base,swap,,,7,8,False,0.7004714012145996
cue_schedule,51017,base,swap,,,8,9,False,0.79645836353302
cue_schedule,51017,base,swap,,,9,10,False,0.8046812415122986
cue_schedule,51017,base,swap,,,10,11,True,0.3682086169719696
cue_schedule,51017,base,swap,,,11,12,False,0.7794874310493469
cue_schedule,51017,base,swap,,,12,13,False,0.8267993927001953
cue_schedule,51017,base,swap,,,13,14,False,0.8539522290229797
cue_schedule,51017,base,swap,,,14,15,False,0.7739563584327698
cue_schedule,51017,base,swap,,,15,16,False,0.7512431144714355
cue_schedule,51017,base,swap,,,16,17,False,0.7977769374847412
cue_schedule,51017,base,swap,,,17,18,False,0.8064774870872498
cue_schedule,51017,base,swap,,,18,19,False,0.8031712174415588
cue_schedule,51017,base,swap,,,19,20,False,0.7760522365570068
cue_schedule,51017,base,swap,,,20,21,True,0.3099520206451416
cue_schedule,51017,base,swap,,,21,22,False,0.7326644659042358
cue_schedule,51017,base,swap,,,22,23,False,0.7813611030578613
cue_schedule,51017,base,swap,,,23,24,False,0.8220766186714172
cue_schedule,51017,base,swap,,,24,25,False,0.7864326238632202
cue_schedule,51017,base,swap,,,25,26,False,0.8480290770530701
cue_schedule,51017,base,swap,,,26,27,False,0.8140512108802795
cue_schedule,51017,base,swap,,,27,28,False,0.8193042874336243
cue_schedule,51017,base,swap,,,28,29,False,0.828620433807373
cue_schedule,51017,base,swap,,,29,30,False,0.8127351999282837
cue_schedule,51017,base,swap,,,30,31,True,0.42272278666496277
cue_schedule,51017,base,swap,,,31,32,False,0.7691777944564819
cue_schedule,51017,base,swap,,,32,33,False,0.8193024396896362
cue_schedule,51017,base,swap,,,33,34,False,0.8169913291931152
cue_schedule,51017,base,swap,,,34,35,False,0.8093217611312866
cue_schedule,51017,base,swap,,,35,36,False,0.8063167333602905
cue_schedule,51017,base,swap,,,36,37,False,0.7929528951644897
cue_schedule,51017,base,swap,,,37,38,False,0.8339685797691345
cue_schedule,51017,base,swap,,,38,39,False,0.8050267696380615
cue_schedule,51017,base,swap,,,39,40,False,0.8645566701889038
cue_schedule,51017,base,no_swap,,,1,2,False,0.7694190144538879
cue_schedule,51017,base,no_swap,,,2,3,False,0.7091807723045349
cue_schedule,51017,base,no_swap,,,3,4,False,0.7997236847877502
cue_schedule,51017,base,no_swap,,,4,5,False,0.76828932762146
cue_schedule,51017,base,no_swap,,,5,6,False,0.7809750437736511
cue_schedule,51017,base,no_swap,,,6,7,False,0.7729862928390503
cue_schedule,51017,base,no_swap,,,7,8,False,0.7004714012145996
cue_schedule,51017,base,no_swap,,,8,9,False,0.79645836353302
cue_schedule,51017,base,no_swap,,,9,10,False,0.8046812415122986
cue_schedule,51017,base,no_swap,,,10,11,False,0.8169915676116943
cue_schedule,51017,base,no_swap,,,11,12,False,0.8243808150291443
cue_schedule,51017,base,no_swap,,,12,13,False,0.8792182803153992
cue_schedule,51017,base,no_swap,,,13,14,False,0.8339886665344238
cue_schedule,51017,base,no_swap,,,14,15,False,0.7964361310005188
cue_schedule,51017,base,no_swap,,,15,16,False,0.8033335208892822
cue_schedule,51017,base,no_swap,,,16,17,False,0.7746530175209045
cue_schedule,51017,base,no_swap,,,17,18,False,0.8348981738090515
cue_schedule,51017,base,no_swap,,,18,19,False,0.8293530941009521
cue_schedule,51017,base,no_swap,,,19,20,False,0.733955442905426
cue_schedule,51017,base,no_swap,,,20,21,False,0.8074862957000732
cue_schedule,51017,base,no_swap,,,21,22,False,0.7967801094055176
cue_schedule,51017,base,no_swap,,,22,23,False,0.8025828003883362
cue_schedule,51017,base,no_swap,,,23,24,False,0.8240472674369812
cue_schedule,51017,base,no_swap,,,24,25,False,0.7813830375671387
cue_schedule,51017,base,no_swap,,,25,26,False,0.8532624840736389
cue_schedule,51017,base,no_swap,,,26,27,False,0.8277323246002197
cue_schedule,51017,base,no_swap,,,27,28,False,0.8236457705497742
cue_schedule,51017,base,no_swap,,,28,29,False,0.8296414017677307
cue_schedule,51017,base,no_swap,,,29,30,False,0.811674177646637
cue_schedule,51017,base,no_swap,,,30,31,False,0.7942023277282715
cue_schedule,51017,base,no_swap,,,31,32,False,0.8411024212837219
cue_schedule,51017,base,no_swap,,,32,33,False,0.8648372888565063
cue_schedule,51017,base,no_swap,,,33,34,False,0.8186789155006409
cue_schedule,51017,base,no_swap,,,34,35,False,0.7597959637641907
cue_schedule,51017,base,no_swap,,,35,36,False,0.8662768602371216
cue_schedule,51017,base,no_swap,,,36,37,False,0.7661798596382141
cue_schedule,51017,base,no_swap,,,37,38,False,0.8331997394561768
cue_schedule,51017,base,no_swap,,,38,39,False,0.8600342273712158
cue_schedule,51017,base,no_swap,,,39,40,False,0.8596524596214294
compatibility,51017,err2,aligned,0,0.45904192328453064,,,,
compatibility,51017,err2,aligned,1,0.7251843214035034,,,,
compatibility,51017,err2,aligned,2,0.6296911239624023,,,,
compatibility,51017,err2,aligned,3,0.44974544644355774,,,,
compatibility,51017,err2,aligned,4,0.4530714750289917,,,,
compatibility,51017,err2,aligned,5,0.6260672807693481,,,,
compatibility,51017,err2,aligned,6,0.47737735509872437,,,,
compatibility,51017,err2,aligned,7,0.5029648542404175,,,,
compatibility,51017,err2,aligned,8,0.5308394432067871,,,,
compatibility,51017,err2,aligned,9,0.6386081576347351,,,,
compatibility,51017,err2,aligned,10,0.5957611799240112,,,,
compatibility,51017,err2,aligned,11,0.5801674723625183,,,,
compatibility,51017,err2,aligned,12,0.4477795362472534,,,,
compatibility,51017,err2,aligned,13,0.5083818435668945,,,,
compatibility,51017,err2,aligned,14,0.6193808317184448,,,,
compatibility,51017,err2,aligned,15,0.5776498317718506,,,,
compatibility,51017,err2,aligned,16,0.5392975807189941,,,,
compatibility,51017,err2,aligned,17,0.4808245599269867,,,,
compatibility,51017,err2,aligned,18,0.49289003014564514,,,,
compatibility,51017,err2,aligned,19,0.5275335907936096,,,,
compatibility,51017,err2,aligned,20,0.5407902598381042,,,,
compatibility,51017,err2,aligned,21,0.5887587666511536,,,,
compatibility,51017,err2,aligned,22,0.5767727494239807,,,,
compatibility,51017,err2,aligned,23,0.17318394780158997,,,,
compatibility,51017,err2,aligned,24,0.12026559561491013,,,,
compatibility,51017,err2,aligned,25,0.4979265630245209,,,,
compatibility,51017,err2,aligned,26,0.45454877614974976,,,,
compatibility,51017,err2,aligned,27,0.4486258625984192,,,,
compatibility,51017,err2,fixed_permutation,0,0.002942503895610571,,,,
compatibility,51017,err2,fixed_permutation,1,0.033534225076436996,,,,
compatibility,51017,err2,fixed_permutation,2,0.008245312608778477,,,,
compatibility,51017,err2,fixed_permutation,3,0.0002856785722542554,,,,
compatibility,51017,err2,fixed_permutation,4,0.1651907116174698,,,,
compatibility,51017,err2,fixed_permutation,5,0.0008479136740788817,,,,
compatibility,51017,err2,fixed_permutation,6,0.08377909660339355,,,,
compatibility,51017,err2,fixed_permutation,7,0.006350259762257338,,,,
compatibility,51017,err2,fixed_permutation,8,0.010824866592884064,,,,
compatibility,51017,err2,fixed_permutation,9,0.0010359567822888494,,,,
compatibility,51017,err2,fixed_permutation,10,9.94590936898021e-06,,,,
compatibility,51017,err2,fixed_permutation,11,1.851727756729815e-05,,,,
compatibility,51017,err2,fixed_permutation,12,0.0003226929984521121,,,,
compatibility,51017,err2,fixed_permutation,13,0.4322078227996826,,,,
compatibility,51017,err2,fixed_permutation,14,0.18579021096229553,,,,
compatibility,51017,err2,fixed_permutation,15,0.000567101698834449,,,,
compatibility,51017,err2,fixed_permutation,16,4.596210419549607e-05,,,,
compatibility,51017,err2,fixed_permutation,17,2.418854023744643e-07,,,,
compatibility,51017,err2,fixed_permutation,18,0.00026028353022411466,,,,
compatibility,51017,err2,fixed_permutation,19,0.003853597678244114,,,,
compatibility,51017,err2,fixed_permutation,20,0.0025794978719204664,,,,
compatibility,51017,err2,fixed_permutation,21,0.0005435979110188782,,,,
compatibility,51017,err2,fixed_permutation,22,0.003940916620194912,,,,
compatibility,51017,err2,fixed_permutation,23,0.0023114157374948263,,,,
compatibility,51017,err2,fixed_permutation,24,0.1799730360507965,,,,
compatibility,51017,err2,fixed_permutation,25,1.1991995734206284e-06,,,,
compatibility,51017,err2,fixed_permutation,26,0.2917273938655853,,,,
compatibility,51017,err2,fixed_permutation,27,0.0015365900471806526,,,,
compatibility,51017,err2,matched_decoder,0,0.45904189348220825,,,,
compatibility,51017,err2,matched_decoder,1,0.7251843810081482,,,,
compatibility,51017,err2,matched_decoder,2,0.6296911835670471,,,,
compatibility,51017,err2,matched_decoder,3,0.44974544644355774,,,,
compatibility,51017,err2,matched_decoder,4,0.4530714750289917,,,,
compatibility,51017,err2,matched_decoder,5,0.6260672807693481,,,,
compatibility,51017,err2,matched_decoder,6,0.47737741470336914,,,,
compatibility,51017,err2,matched_decoder,7,0.5029649138450623,,,,
compatibility,51017,err2,matched_decoder,8,0.5308395624160767,,,,
compatibility,51017,err2,matched_decoder,9,0.6386081576347351,,,,
compatibility,51017,err2,matched_decoder,10,0.5957613587379456,,,,
compatibility,51017,err2,matched_decoder,11,0.5801676511764526,,,,
compatibility,51017,err2,matched_decoder,12,0.4477795362472534,,,,
compatibility,51017,err2,matched_decoder,13,0.5083816647529602,,,,
compatibility,51017,err2,matched_decoder,14,0.6193807721138,,,,
compatibility,51017,err2,matched_decoder,15,0.5776498317718506,,,,
compatibility,51017,err2,matched_decoder,16,0.5392976999282837,,,,
compatibility,51017,err2,matched_decoder,17,0.4808245897293091,,,,
compatibility,51017,err2,matched_decoder,18,0.49289003014564514,,,,
compatibility,51017,err2,matched_decoder,19,0.5275336503982544,,,,
compatibility,51017,err2,matched_decoder,20,0.540790319442749,,,,
compatibility,51017,err2,matched_decoder,21,0.5887585282325745,,,,
compatibility,51017,err2,matched_decoder,22,0.5767728090286255,,,,
compatibility,51017,err2,matched_decoder,23,0.17318414151668549,,,,
compatibility,51017,err2,matched_decoder,24,0.120265431702137,,,,
compatibility,51017,err2,matched_decoder,25,0.49792665243148804,,,,
compatibility,51017,err2,matched_decoder,26,0.45454874634742737,,,,
compatibility,51017,err2,matched_decoder,27,0.4486258625984192,,,,
compatibility,51017,err2,random_content,0,0.004622264765202999,,,,
compatibility,51017,err2,random_content,1,0.6574026942253113,,,,
compatibility,51017,err2,random_content,2,0.021393489092588425,,,,
compatibility,51017,err2,random_content,3,4.098684439668432e-05,,,,
compatibility,51017,err2,random_content,4,0.006149012129753828,,,,
compatibility,51017,err2,random_content,5,0.0017224194016307592,,,,
compatibility,51017,err2,random_content,6,0.0014871949097141623,,,,
compatibility,51017,err2,random_content,7,0.1892060488462448,,,,
compatibility,51017,err2,random_content,8,7.77320110501023e-06,,,,
compatibility,51017,err2,random_content,9,0.016649048775434494,,,,
compatibility,51017,err2,random_content,10,0.0002191283565480262,,,,
compatibility,51017,err2,random_content,11,0.0005808169953525066,,,,
compatibility,51017,err2,random_content,12,0.2659553587436676,,,,
compatibility,51017,err2,random_content,13,0.0003661969385575503,,,,
compatibility,51017,err2,random_content,14,0.0013760242145508528,,,,
compatibility,51017,err2,random_content,15,0.0007198814419098198,,,,
compatibility,51017,err2,random_content,16,0.44684651494026184,,,,
compatibility,51017,err2,random_content,17,0.4442196488380432,,,,
compatibility,51017,err2,random_content,18,0.00046994598233141005,,,,
compatibility,51017,err2,random_content,19,0.4525649845600128,,,,
compatibility,51017,err2,random_content,20,0.4549381136894226,,,,
compatibility,51017,err2,random_content,21,0.44747498631477356,,,,
compatibility,51017,err2,random_content,22,0.002167436061426997,,,,
compatibility,51017,err2,random_content,23,0.47916179895401,,,,
compatibility,51017,err2,random_content,24,0.0015200639609247446,,,,
compatibility,51017,err2,random_content,25,0.02358710952103138,,,,
compatibility,51017,err2,random_content,26,0.000809727527666837,,,,
compatibility,51017,err2,random_content,27,0.47102072834968567,,,,
compatibility,51017,err2,no_plasticity,0,0.1807066947221756,,,,
compatibility,51017,err2,no_plasticity,1,0.07791145890951157,,,,
compatibility,51017,err2,no_plasticity,2,0.07560060173273087,,,,
compatibility,51017,err2,no_plasticity,3,0.08722952753305435,,,,
compatibility,51017,err2,no_plasticity,4,0.17563335597515106,,,,
compatibility,51017,err2,no_plasticity,5,0.15632422268390656,,,,
compatibility,51017,err2,no_plasticity,6,0.12743502855300903,,,,
compatibility,51017,err2,no_plasticity,7,0.0704384595155716,,,,
compatibility,51017,err2,no_plasticity,8,0.08825400471687317,,,,
compatibility,51017,err2,no_plasticity,9,0.11745106428861618,,,,
compatibility,51017,err2,no_plasticity,10,0.09527888149023056,,,,
compatibility,51017,err2,no_plasticity,11,0.12461996078491211,,,,
compatibility,51017,err2,no_plasticity,12,0.1553667187690735,,,,
compatibility,51017,err2,no_plasticity,13,0.11271043121814728,,,,
compatibility,51017,err2,no_plasticity,14,0.11041747033596039,,,,
compatibility,51017,err2,no_plasticity,15,0.18507102131843567,,,,
compatibility,51017,err2,no_plasticity,16,0.19440491497516632,,,,
compatibility,51017,err2,no_plasticity,17,0.04960726946592331,,,,
compatibility,51017,err2,no_plasticity,18,0.0987854078412056,,,,
compatibility,51017,err2,no_plasticity,19,0.10787683725357056,,,,
compatibility,51017,err2,no_plasticity,20,0.46136313676834106,,,,
compatibility,51017,err2,no_plasticity,21,0.1850469410419464,,,,
compatibility,51017,err2,no_plasticity,22,0.143886536359787,,,,
compatibility,51017,err2,no_plasticity,23,0.1796979457139969,,,,
compatibility,51017,err2,no_plasticity,24,0.07952135801315308,,,,
compatibility,51017,err2,no_plasticity,25,0.08346691727638245,,,,
compatibility,51017,err2,no_plasticity,26,0.12413299083709717,,,,
compatibility,51017,err2,no_plasticity,27,0.2786584794521332,,,,
cue_schedule,51017,err2,swap,,,1,2,False,0.7432800531387329
cue_schedule,51017,err2,swap,,,2,3,False,0.8154643774032593
cue_schedule,51017,err2,swap,,,3,4,False,0.8412870168685913
cue_schedule,51017,err2,swap,,,4,5,False,0.7905765771865845
cue_schedule,51017,err2,swap,,,5,6,False,0.8423309326171875
cue_schedule,51017,err2,swap,,,6,7,False,0.8574061393737793
cue_schedule,51017,err2,swap,,,7,8,False,0.837053120136261
cue_schedule,51017,err2,swap,,,8,9,False,0.8385465741157532
cue_schedule,51017,err2,swap,,,9,10,False,0.8541529774665833
cue_schedule,51017,err2,swap,,,10,11,True,0.43081313371658325
cue_schedule,51017,err2,swap,,,11,12,False,0.8365936279296875
cue_schedule,51017,err2,swap,,,12,13,False,0.8737345933914185
cue_schedule,51017,err2,swap,,,13,14,False,0.8276119232177734
cue_schedule,51017,err2,swap,,,14,15,False,0.8176135420799255
cue_schedule,51017,err2,swap,,,15,16,False,0.8187577128410339
cue_schedule,51017,err2,swap,,,16,17,False,0.8157464861869812
cue_schedule,51017,err2,swap,,,17,18,False,0.8575688004493713
cue_schedule,51017,err2,swap,,,18,19,False,0.8520497679710388
cue_schedule,51017,err2,swap,,,19,20,False,0.8217839598655701
cue_schedule,51017,err2,swap,,,20,21,True,0.4676710367202759
cue_schedule,51017,err2,swap,,,21,22,False,0.8497421145439148
cue_schedule,51017,err2,swap,,,22,23,False,0.8514341711997986
cue_schedule,51017,err2,swap,,,23,24,False,0.8418927788734436
cue_schedule,51017,err2,swap,,,24,25,False,0.8275169134140015
cue_schedule,51017,err2,swap,,,25,26,False,0.8306704759597778
cue_schedule,51017,err2,swap,,,26,27,False,0.8314307332038879
cue_schedule,51017,err2,swap,,,27,28,False,0.8584551811218262
cue_schedule,51017,err2,swap,,,28,29,False,0.8834178447723389
cue_schedule,51017,err2,swap,,,29,30,False,0.8741158843040466
cue_schedule,51017,err2,swap,,,30,31,True,0.48428305983543396
cue_schedule,51017,err2,swap,,,31,32,False,0.8310033679008484
cue_schedule,51017,err2,swap,,,32,33,False,0.8265756368637085
cue_schedule,51017,err2,swap,,,33,34,False,0.8598831295967102
cue_schedule,51017,err2,swap,,,34,35,False,0.8470045328140259
cue_schedule,51017,err2,swap,,,35,36,False,0.8488577008247375
cue_schedule,51017,err2,swap,,,36,37,False,0.827287495136261
cue_schedule,51017,err2,swap,,,37,38,False,0.8105303049087524
cue_schedule,51017,err2,swap,,,38,39,False,0.8204665184020996
cue_schedule,51017,err2,swap,,,39,40,False,0.8397075533866882
cue_schedule,51017,err2,no_swap,,,1,2,False,0.7432800531387329
cue_schedule,51017,err2,no_swap,,,2,3,False,0.8154643774032593
cue_schedule,51017,err2,no_swap,,,3,4,False,0.8412870168685913
cue_schedule,51017,err2,no_swap,,,4,5,False,0.7905765771865845
cue_schedule,51017,err2,no_swap,,,5,6,False,0.8423309326171875
cue_schedule,51017,err2,no_swap,,,6,7,False,0.8574061393737793
cue_schedule,51017,err2,no_swap,,,7,8,False,0.837053120136261
cue_schedule,51017,err2,no_swap,,,8,9,False,0.8385465741157532
cue_schedule,51017,err2,no_swap,,,9,10,False,0.8541529774665833
cue_schedule,51017,err2,no_swap,,,10,11,False,0.8582251071929932
cue_schedule,51017,err2,no_swap,,,11,12,False,0.822272777557373
cue_schedule,51017,err2,no_swap,,,12,13,False,0.8567003607749939
cue_schedule,51017,err2,no_swap,,,13,14,False,0.8641026020050049
cue_schedule,51017,err2,no_swap,,,14,15,False,0.8575627207756042
cue_schedule,51017,err2,no_swap,,,15,16,False,0.8633663654327393
cue_schedule,51017,err2,no_swap,,,16,17,False,0.8580749034881592
cue_schedule,51017,err2,no_swap,,,17,18,False,0.8501606583595276
cue_schedule,51017,err2,no_swap,,,18,19,False,0.8498973250389099
cue_schedule,51017,err2,no_swap,,,19,20,False,0.8540419936180115
cue_schedule,51017,err2,no_swap,,,20,21,False,0.842395544052124
cue_schedule,51017,err2,no_swap,,,21,22,False,0.8647549152374268
cue_schedule,51017,err2,no_swap,,,22,23,False,0.8506459593772888
cue_schedule,51017,err2,no_swap,,,23,24,False,0.8448368906974792
cue_schedule,51017,err2,no_swap,,,24,25,False,0.838173508644104
cue_schedule,51017,err2,no_swap,,,25,26,False,0.826344907283783
cue_schedule,51017,err2,no_swap,,,26,27,False,0.8455969095230103
cue_schedule,51017,err2,no_swap,,,27,28,False,0.8622433543205261
cue_schedule,51017,err2,no_swap,,,28,29,False,0.8930342793464661
cue_schedule,51017,err2,no_swap,,,29,30,False,0.8723831176757812
cue_schedule,51017,err2,no_swap,,,30,31,False,0.8628480434417725
cue_schedule,51017,err2,no_swap,,,31,32,False,0.8420836925506592
cue_schedule,51017,err2,no_swap,,,32,33,False,0.8514333963394165
cue_schedule,51017,err2,no_swap,,,33,34,False,0.8473349809646606
cue_schedule,51017,err2,no_swap,,,34,35,False,0.811109185218811
cue_schedule,51017,err2,no_swap,,,35,36,False,0.8346266746520996
cue_schedule,51017,err2,no_swap,,,36,37,False,0.8218132257461548
cue_schedule,51017,err2,no_swap,,,37,38,False,0.7943735718727112
cue_schedule,51017,err2,no_swap,,,38,39,False,0.7960342168807983
cue_schedule,51017,err2,no_swap,,,39,40,False,0.8436497449874878
compatibility,51018,base,aligned,0,0.8229018449783325,,,,
compatibility,51018,base,aligned,1,0.7720853090286255,,,,
compatibility,51018,base,aligned,2,0.6477231383323669,,,,
compatibility,51018,base,aligned,3,0.9878954887390137,,,,
compatibility,51018,base,aligned,4,0.7901825308799744,,,,
compatibility,51018,base,aligned,5,0.7789933085441589,,,,
compatibility,51018,base,aligned,6,0.9442407488822937,,,,
compatibility,51018,base,aligned,7,0.830541729927063,,,,
compatibility,51018,base,aligned,8,0.7793192863464355,,,,
compatibility,51018,base,aligned,9,0.895854651927948,,,,
compatibility,51018,base,aligned,10,0.6579941511154175,,,,
compatibility,51018,base,aligned,11,0.6934359669685364,,,,
compatibility,51018,base,aligned,12,0.7111384868621826,,,,
compatibility,51018,base,aligned,13,0.7720474004745483,,,,
compatibility,51018,base,aligned,14,0.9479110836982727,,,,
compatibility,51018,base,aligned,15,0.8036127686500549,,,,
compatibility,51018,base,aligned,16,0.6590473055839539,,,,
compatibility,51018,base,aligned,17,0.822508692741394,,,,
compatibility,51018,base,aligned,18,0.8815639615058899,,,,
compatibility,51018,base,aligned,19,0.7191538214683533,,,,
compatibility,51018,base,aligned,20,0.8056178689002991,,,,
compatibility,51018,base,aligned,21,0.7985415458679199,,,,
compatibility,51018,base,aligned,22,0.6345247030258179,,,,
compatibility,51018,base,aligned,23,0.8135219812393188,,,,
compatibility,51018,base,aligned,24,0.7254744172096252,,,,
compatibility,51018,base,aligned,25,0.6244789361953735,,,,
compatibility,51018,base,aligned,26,0.8080019950866699,,,,
compatibility,51018,base,aligned,27,0.6893585324287415,,,,
compatibility,51018,base,fixed_permutation,0,1.0252625543216709e-05,,,,
compatibility,51018,base,fixed_permutation,1,0.0038199350237846375,,,,
compatibility,51018,base,fixed_permutation,2,0.00013997570204082876,,,,
compatibility,51018,base,fixed_permutation,3,0.33418288826942444,,,,
compatibility,51018,base,fixed_permutation,4,0.05124220997095108,,,,
compatibility,51018,base,fixed_permutation,5,0.2253429889678955,,,,
compatibility,51018,base,fixed_permutation,6,0.004453102592378855,,,,
compatibility,51018,base,fixed_permutation,7,0.019580520689487457,,,,
compatibility,51018,base,fixed_permutation,8,0.1429874747991562,,,,
compatibility,51018,base,fixed_permutation,9,0.0021709150169044733,,,,
compatibility,51018,base,fixed_permutation,10,0.13940311968326569,,,,
compatibility,51018,base,fixed_permutation,11,0.026221057400107384,,,,
compatibility,51018,base,fixed_permutation,12,0.0003496255958452821,,,,
compatibility,51018,base,fixed_permutation,13,0.15951767563819885,,,,
compatibility,51018,base,fixed_permutation,14,0.001760748098604381,,,,
compatibility,51018,base,fixed_permutation,15,1.8029286366072483e-05,,,,
compatibility,51018,base,fixed_permutation,16,0.010481661185622215,,,,
compatibility,51018,base,fixed_permutation,17,0.17586669325828552,,,,
compatibility,51018,base,fixed_permutation,18,0.22163529694080353,,,,
compatibility,51018,base,fixed_permutation,19,0.15196478366851807,,,,
compatibility,51018,base,fixed_permutation,20,0.047703277319669724,,,,
compatibility,51018,base,fixed_permutation,21,0.2539999186992645,,,,
compatibility,51018,base,fixed_permutation,22,0.023283693939447403,,,,
compatibility,51018,base,fixed_permutation,23,0.0001323956821579486,,,,
compatibility,51018,base,fixed_permutation,24,0.0003109021345153451,,,,
compatibility,51018,base,fixed_permutation,25,0.15877652168273926,,,,
compatibility,51018,base,fixed_permutation,26,0.2527557909488678,,,,
compatibility,51018,base,fixed_permutation,27,0.0007443439681082964,,,,
compatibility,51018,base,matched_decoder,0,0.8229018449783325,,,,
compatibility,51018,base,matched_decoder,1,0.7720853090286255,,,,
compatibility,51018,base,matched_decoder,2,0.6477231383323669,,,,
compatibility,51018,base,matched_decoder,3,0.9878954887390137,,,,
compatibility,51018,base,matched_decoder,4,0.7901825904846191,,,,
compatibility,51018,base,matched_decoder,5,0.7789933681488037,,,,
compatibility,51018,base,matched_decoder,6,0.9442408084869385,,,,
compatibility,51018,base,matched_decoder,7,0.830541729927063,,,,
compatibility,51018,base,matched_decoder,8,0.7793193459510803,,,,
compatibility,51018,base,matched_decoder,9,0.895854651927948,,,,
compatibility,51018,base,matched_decoder,10,0.6579941511154175,,,,
compatibility,51018,base,matched_decoder,11,0.6934360265731812,,,,
compatibility,51018,base,matched_decoder,12,0.7111384868621826,,,,
compatibility,51018,base,matched_decoder,13,0.7720474004745483,,,,
compatibility,51018,base,matched_decoder,14,0.9479110240936279,,,,
compatibility,51018,base,matched_decoder,15,0.8036126494407654,,,,
compatibility,51018,base,matched_decoder,16,0.6590473055839539,,,,
compatibility,51018,base,matched_decoder,17,0.822508692741394,,,,
compatibility,51018,base,matched_decoder,18,0.8815640807151794,,,,
compatibility,51018,base,matched_decoder,19,0.7191538214683533,,,,
compatibility,51018,base,matched_decoder,20,0.8056178092956543,,,,
compatibility,51018,base,matched_decoder,21,0.7985416650772095,,,,
compatibility,51018,base,matched_decoder,22,0.6345247030258179,,,,
compatibility,51018,base,matched_decoder,23,0.8135218620300293,,,,
compatibility,51018,base,matched_decoder,24,0.7254744172096252,,,,
compatibility,51018,base,matched_decoder,25,0.6244789958000183,,,,
compatibility,51018,base,matched_decoder,26,0.8080019354820251,,,,
compatibility,51018,base,matched_decoder,27,0.6893585324287415,,,,
compatibility,51018,base,random_content,0,0.026025712490081787,,,,
compatibility,51018,base,random_content,1,0.34920164942741394,,,,
compatibility,51018,base,random_content,2,0.21332132816314697,,,,
compatibility,51018,base,random_content,3,0.2857110798358917,,,,
compatibility,51018,base,random_content,4,0.5922871232032776,,,,
compatibility,51018,base,random_content,5,0.2049618363380432,,,,
compatibility,51018,base,random_content,6,0.026069315150380135,,,,
compatibility,51018,base,random_content,7,0.5767566561698914,,,,
compatibility,51018,base,random_content,8,0.5030233860015869,,,,
compatibility,51018,base,random_content,9,0.0890735536813736,,,,
compatibility,51018,base,random_content,10,0.28594860434532166,,,,
compatibility,51018,base,random_content,11,0.004316462203860283,,,,
compatibility,51018,base,random_content,12,0.0841551274061203,,,,
compatibility,51018,base,random_content,13,0.34938347339630127,,,,
compatibility,51018,base,random_content,14,0.2169649600982666,,,,
compatibility,51018,base,random_content,15,0.19697688519954681,,,,
compatibility,51018,base,random_content,16,0.190465047955513,,,,
compatibility,51018,base,random_content,17,0.09105007350444794,,,,
compatibility,51018,base,random_content,18,0.19792109727859497,,,,
compatibility,51018,base,random_content,19,0.20427517592906952,,,,
compatibility,51018,base,random_content,20,0.0008718523313291371,,,,
compatibility,51018,base,random_content,21,0.2030591517686844,,,,
compatibility,51018,base,random_content,22,4.696841278928332e-05,,,,
compatibility,51018,base,random_content,23,0.2970304489135742,,,,
compatibility,51018,base,random_content,24,0.18649202585220337,,,,
compatibility,51018,base,random_content,25,0.3623427152633667,,,,
compatibility,51018,base,random_content,26,0.39191141724586487,,,,
compatibility,51018,base,random_content,27,0.0816955417394638,,,,
compatibility,51018,base,no_plasticity,0,0.25204014778137207,,,,
compatibility,51018,base,no_plasticity,1,0.359932005405426,,,,
compatibility,51018,base,no_plasticity,2,0.17363817989826202,,,,
compatibility,51018,base,no_plasticity,3,0.18040573596954346,,,,
compatibility,51018,base,no_plasticity,4,0.14343851804733276,,,,
compatibility,51018,base,no_plasticity,5,0.2523502707481384,,,,
compatibility,51018,base,no_plasticity,6,0.4354495704174042,,,,
compatibility,51018,base,no_plasticity,7,0.32119661569595337,,,,
compatibility,51018,base,no_plasticity,8,0.3328150808811188,,,,
compatibility,51018,base,no_plasticity,9,0.2877458333969116,,,,
compatibility,51018,base,no_plasticity,10,0.20233701169490814,,,,
compatibility,51018,base,no_plasticity,11,0.10051553696393967,,,,
compatibility,51018,base,no_plasticity,12,0.4916122257709503,,,,
compatibility,51018,base,no_plasticity,13,0.20160704851150513,,,,
compatibility,51018,base,no_plasticity,14,0.34661391377449036,,,,
compatibility,51018,base,no_plasticity,15,0.15502317249774933,,,,
compatibility,51018,base,no_plasticity,16,0.5214480757713318,,,,
compatibility,51018,base,no_plasticity,17,0.12317052483558655,,,,
compatibility,51018,base,no_plasticity,18,0.19814462959766388,,,,
compatibility,51018,base,no_plasticity,19,0.36088985204696655,,,,
compatibility,51018,base,no_plasticity,20,0.15447397530078888,,,,
compatibility,51018,base,no_plasticity,21,0.28347477316856384,,,,
compatibility,51018,base,no_plasticity,22,0.16077949106693268,,,,
compatibility,51018,base,no_plasticity,23,0.1682613641023636,,,,
compatibility,51018,base,no_plasticity,24,0.36373937129974365,,,,
compatibility,51018,base,no_plasticity,25,0.2023538053035736,,,,
compatibility,51018,base,no_plasticity,26,0.17805130779743195,,,,
compatibility,51018,base,no_plasticity,27,0.1698577105998993,,,,
cue_schedule,51018,base,swap,,,1,2,False,0.7813348174095154
cue_schedule,51018,base,swap,,,2,3,False,0.8004732728004456
cue_schedule,51018,base,swap,,,3,4,False,0.8215364217758179
cue_schedule,51018,base,swap,,,4,5,False,0.7959362268447876
cue_schedule,51018,base,swap,,,5,6,False,0.8245839476585388
cue_schedule,51018,base,swap,,,6,7,False,0.8107256293296814
cue_schedule,51018,base,swap,,,7,8,False,0.8855246901512146
cue_schedule,51018,base,swap,,,8,9,False,0.8723331689834595
cue_schedule,51018,base,swap,,,9,10,False,0.8525678515434265
cue_schedule,51018,base,swap,,,10,11,True,0.3029888868331909
cue_schedule,51018,base,swap,,,11,12,False,0.7044170498847961
cue_schedule,51018,base,swap,,,12,13,False,0.8240666389465332
cue_schedule,51018,base,swap,,,13,14,False,0.8217861652374268
cue_schedule,51018,base,swap,,,14,15,False,0.7943347096443176
cue_schedule,51018,base,swap,,,15,16,False,0.799180269241333
cue_schedule,51018,base,swap,,,16,17,False,0.7925409078598022
cue_schedule,51018,base,swap,,,17,18,False,0.7318823933601379
cue_schedule,51018,base,swap,,,18,19,False,0.817137598991394
cue_schedule,51018,base,swap,,,19,20,False,0.8024539351463318
cue_schedule,51018,base,swap,,,20,21,True,0.4048839509487152
cue_schedule,51018,base,swap,,,21,22,False,0.8177229166030884
cue_schedule,51018,base,swap,,,22,23,False,0.8150103092193604
cue_schedule,51018,base,swap,,,23,24,False,0.7907650470733643
cue_schedule,51018,base,swap,,,24,25,False,0.8500857353210449
cue_schedule,51018,base,swap,,,25,26,False,0.8149625658988953
cue_schedule,51018,base,swap,,,26,27,False,0.8550475239753723
cue_schedule,51018,base,swap,,,27,28,False,0.8026971220970154
cue_schedule,51018,base,swap,,,28,29,False,0.8355382680892944
cue_schedule,51018,base,swap,,,29,30,False,0.8611802458763123
cue_schedule,51018,base,swap,,,30,31,True,0.30529099702835083
cue_schedule,51018,base,swap,,,31,32,False,0.7368270754814148
cue_schedule,51018,base,swap,,,32,33,False,0.8283268213272095
cue_schedule,51018,base,swap,,,33,34,False,0.8225429654121399
cue_schedule,51018,base,swap,,,34,35,False,0.8561480045318604
cue_schedule,51018,base,swap,,,35,36,False,0.8463722467422485
cue_schedule,51018,base,swap,,,36,37,False,0.8182612657546997
cue_schedule,51018,base,swap,,,37,38,False,0.8527336716651917
cue_schedule,51018,base,swap,,,38,39,False,0.830352783203125
cue_schedule,51018,base,swap,,,39,40,False,0.8132474422454834
cue_schedule,51018,base,no_swap,,,1,2,False,0.7813348174095154
cue_schedule,51018,base,no_swap,,,2,3,False,0.8004732728004456
cue_schedule,51018,base,no_swap,,,3,4,False,0.8215364217758179
cue_schedule,51018,base,no_swap,,,4,5,False,0.7959362268447876
cue_schedule,51018,base,no_swap,,,5,6,False,0.8245839476585388
cue_schedule,51018,base,no_swap,,,6,7,False,0.8107256293296814
cue_schedule,51018,base,no_swap,,,7,8,False,0.8855246901512146
cue_schedule,51018,base,no_swap,,,8,9,False,0.8723331689834595
cue_schedule,51018,base,no_swap,,,9,10,False,0.8525678515434265
cue_schedule,51018,base,no_swap,,,10,11,False,0.8645008206367493
cue_schedule,51018,base,no_swap,,,11,12,False,0.8229663968086243
cue_schedule,51018,base,no_swap,,,12,13,False,0.8579902648925781
cue_schedule,51018,base,no_swap,,,13,14,False,0.8309856653213501
cue_schedule,51018,base,no_swap,,,14,15,False,0.837472140789032
cue_schedule,51018,base,no_swap,,,15,16,False,0.8026139736175537
cue_schedule,51018,base,no_swap,,,16,17,False,0.85540372133255
cue_schedule,51018,base,no_swap,,,17,18,False,0.729840874671936
cue_schedule,51018,base,no_swap,,,18,19,False,0.8442996740341187
cue_schedule,51018,base,no_swap,,,19,20,False,0.8671166300773621
cue_schedule,51018,base,no_swap,,,20,21,False,0.8647003769874573
cue_schedule,51018,base,no_swap,,,21,22,False,0.8839167952537537
cue_schedule,51018,base,no_swap,,,22,23,False,0.8478410840034485
cue_schedule,51018,base,no_swap,,,23,24,False,0.8109558820724487
cue_schedule,51018,base,no_swap,,,24,25,False,0.8548620343208313
cue_schedule,51018,base,no_swap,,,25,26,False,0.8239467740058899
cue_schedule,51018,base,no_swap,,,26,27,False,0.8362579345703125
cue_schedule,51018,base,no_swap,,,27,28,False,0.7899311184883118
cue_schedule,51018,base,no_swap,,,28,29,False,0.8378098011016846
cue_schedule,51018,base,no_swap,,,29,30,False,0.8607900142669678
cue_schedule,51018,base,no_swap,,,30,31,False,0.8447209000587463
cue_schedule,51018,base,no_swap,,,31,32,False,0.8396344780921936
cue_schedule,51018,base,no_swap,,,32,33,False,0.9025608897209167
cue_schedule,51018,base,no_swap,,,33,34,False,0.8736509680747986
cue_schedule,51018,base,no_swap,,,34,35,False,0.8778936266899109
cue_schedule,51018,base,no_swap,,,35,36,False,0.8642225861549377
cue_schedule,51018,base,no_swap,,,36,37,False,0.8659877777099609
cue_schedule,51018,base,no_swap,,,37,38,False,0.8452312350273132
cue_schedule,51018,base,no_swap,,,38,39,False,0.8489816784858704
cue_schedule,51018,base,no_swap,,,39,40,False,0.8181240558624268
compatibility,51018,err2,aligned,0,0.588142454624176,,,,
compatibility,51018,err2,aligned,1,0.6523885130882263,,,,
compatibility,51018,err2,aligned,2,0.44816818833351135,,,,
compatibility,51018,err2,aligned,3,0.601552426815033,,,,
compatibility,51018,err2,aligned,4,0.8734498620033264,,,,
compatibility,51018,err2,aligned,5,0.4787391126155853,,,,
compatibility,51018,err2,aligned,6,0.44812625646591187,,,,
compatibility,51018,err2,aligned,7,0.7408128380775452,,,,
compatibility,51018,err2,aligned,8,0.47764554619789124,,,,
compatibility,51018,err2,aligned,9,0.45294761657714844,,,,
compatibility,51018,err2,aligned,10,0.7305988669395447,,,,
compatibility,51018,err2,aligned,11,0.5958757996559143,,,,
compatibility,51018,err2,aligned,12,0.7940696477890015,,,,
compatibility,51018,err2,aligned,13,0.7190712094306946,,,,
compatibility,51018,err2,aligned,14,0.6974174380302429,,,,
compatibility,51018,err2,aligned,15,0.615835964679718,,,,
compatibility,51018,err2,aligned,16,0.565028727054596,,,,
compatibility,51018,err2,aligned,17,0.48185062408447266,,,,
compatibility,51018,err2,aligned,18,0.4616772532463074,,,,
compatibility,51018,err2,aligned,19,0.555271327495575,,,,
compatibility,51018,err2,aligned,20,0.7087921500205994,,,,
compatibility,51018,err2,aligned,21,0.5909934639930725,,,,
compatibility,51018,err2,aligned,22,0.47329476475715637,,,,
compatibility,51018,err2,aligned,23,0.6063873171806335,,,,
compatibility,51018,err2,aligned,24,0.6327297687530518,,,,
compatibility,51018,err2,aligned,25,0.003977729007601738,,,,
compatibility,51018,err2,aligned,26,0.4527892470359802,,,,
compatibility,51018,err2,aligned,27,0.45931053161621094,,,,
compatibility,51018,err2,fixed_permutation,0,0.0023421242367476225,,,,
compatibility,51018,err2,fixed_permutation,1,0.0009435830870643258,,,,
compatibility,51018,err2,fixed_permutation,2,3.836219093500404e-06,,,,
compatibility,51018,err2,fixed_permutation,3,0.0017346199601888657,,,,
compatibility,51018,err2,fixed_permutation,4,0.000654149625916034,,,,
compatibility,51018,err2,fixed_permutation,5,0.0003964701609220356,,,,
compatibility,51018,err2,fixed_permutation,6,0.00013536612095776945,,,,
compatibility,51018,err2,fixed_permutation,7,3.1375690014101565e-05,,,,
compatibility,51018,err2,fixed_permutation,8,0.0329265333712101,,,,
compatibility,51018,err2,fixed_permutation,9,1.4397778613783885e-06,,,,
compatibility,51018,err2,fixed_permutation,10,0.05452190339565277,,,,
compatibility,51018,err2,fixed_permutation,11,2.397890170868777e-07,,,,
compatibility,51018,err2,fixed_permutation,12,1.3866148265151423e-06,,,,
compatibility,51018,err2,fixed_permutation,13,0.17927296459674835,,,,
compatibility,51018,err2,fixed_permutation,14,0.00018058004206977785,,,,
compatibility,51018,err2,fixed_permutation,15,0.003286399645730853,,,,
compatibility,51018,err2,fixed_permutation,16,0.00038230966310948133,,,,
compatibility,51018,err2,fixed_permutation,17,0.18702957034111023,,,,
compatibility,51018,err2,fixed_permutation,18,0.005016539711505175,,,,
compatibility,51018,err2,fixed_permutation,19,0.24303340911865234,,,,
compatibility,51018,err2,fixed_permutation,20,0.00016697787214070559,,,,
compatibility,51018,err2,fixed_permutation,21,0.2205268293619156,,,,
compatibility,51018,err2,fixed_permutation,22,0.00019893869466613978,,,,
compatibility,51018,err2,fixed_permutation,23,0.00025298530817963183,,,,
compatibility,51018,err2,fixed_permutation,24,0.0001605021534487605,,,,
compatibility,51018,err2,fixed_permutation,25,0.00016342592425644398,,,,
compatibility,51018,err2,fixed_permutation,26,0.004934982396662235,,,,
compatibility,51018,err2,fixed_permutation,27,0.0002054674841929227,,,,
compatibility,51018,err2,matched_decoder,0,0.5881421566009521,,,,
compatibility,51018,err2,matched_decoder,1,0.6523885726928711,,,,
compatibility,51018,err2,matched_decoder,2,0.44816818833351135,,,,
compatibility,51018,err2,matched_decoder,3,0.6015523076057434,,,,
compatibility,51018,err2,matched_decoder,4,0.8734498620033264,,,,
compatibility,51018,err2,matched_decoder,5,0.4787391424179077,,,,
compatibility,51018,err2,matched_decoder,6,0.44812625646591187,,,,
compatibility,51018,err2,matched_decoder,7,0.7408127188682556,,,,
compatibility,51018,err2,matched_decoder,8,0.47764548659324646,,,,
compatibility,51018,err2,matched_decoder,9,0.45294761657714844,,,,
compatibility,51018,err2,matched_decoder,10,0.7305987477302551,,,,
compatibility,51018,err2,matched_decoder,11,0.5958759784698486,,,,
compatibility,51018,err2,matched_decoder,12,0.7940696477890015,,,,
compatibility,51018,err2,matched_decoder,13,0.7190712690353394,,,,
compatibility,51018,err2,matched_decoder,14,0.6974175572395325,,,,
compatibility,51018,err2,matched_decoder,15,0.615835964679718,,,,
compatibility,51018,err2,matched_decoder,16,0.5650286078453064,,,,
compatibility,51018,err2,matched_decoder,17,0.48185062408447266,,,,
compatibility,51018,err2,matched_decoder,18,0.4616772532463074,,,,
compatibility,51018,err2,matched_decoder,19,0.5552712678909302,,,,
compatibility,51018,err2,matched_decoder,20,0.7087918519973755,,,,
compatibility,51018,err2,matched_decoder,21,0.5909934043884277,,,,
compatibility,51018,err2,matched_decoder,22,0.47329479455947876,,,,
compatibility,51018,err2,matched_decoder,23,0.6063876152038574,,,,
compatibility,51018,err2,matched_decoder,24,0.6327297687530518,,,,
compatibility,51018,err2,matched_decoder,25,0.003977719694375992,,,,
compatibility,51018,err2,matched_decoder,26,0.4527892470359802,,,,
compatibility,51018,err2,matched_decoder,27,0.45931050181388855,,,,
compatibility,51018,err2,random_content,0,0.00952852051705122,,,,
compatibility,51018,err2,random_content,1,0.19336026906967163,,,,
compatibility,51018,err2,random_content,2,0.43947240710258484,,,,
compatibility,51018,err2,random_content,3,0.007524094544351101,,,,
compatibility,51018,err2,random_content,4,0.15551327168941498,,,,
compatibility,51018,err2,random_content,5,0.42146047949790955,,,,
compatibility,51018,err2,random_content,6,0.008058571256697178,,,,
compatibility,51018,err2,random_content,7,0.5929446220397949,,,,
compatibility,51018,err2,random_content,8,0.05681878700852394,,,,
compatibility,51018,err2,random_content,9,0.009510383009910583,,,,
compatibility,51018,err2,random_content,10,0.23993128538131714,,,,
compatibility,51018,err2,random_content,11,0.00014171113434713334,,,,
compatibility,51018,err2,random_content,12,0.0008810764993540943,,,,
compatibility,51018,err2,random_content,13,0.39767345786094666,,,,
compatibility,51018,err2,random_content,14,0.13840577006340027,,,,
compatibility,51018,err2,random_content,15,5.545720341615379e-05,,,,
compatibility,51018,err2,random_content,16,0.1806153655052185,,,,
compatibility,51018,err2,random_content,17,2.506741111574229e-06,,,,
compatibility,51018,err2,random_content,18,0.16555693745613098,,,,
compatibility,51018,err2,random_content,19,0.0032735876739025116,,,,
compatibility,51018,err2,random_content,20,0.0017616047989577055,,,,
compatibility,51018,err2,random_content,21,0.06660892814397812,,,,
compatibility,51018,err2,random_content,22,1.5349174645962194e-05,,,,
compatibility,51018,err2,random_content,23,0.006575572304427624,,,,
compatibility,51018,err2,random_content,24,0.0027558680158108473,,,,
compatibility,51018,err2,random_content,25,0.0011345410021021962,,,,
compatibility,51018,err2,random_content,26,0.11649774014949799,,,,
compatibility,51018,err2,random_content,27,0.010113456286489964,,,,
compatibility,51018,err2,no_plasticity,0,0.25204014778137207,,,,
compatibility,51018,err2,no_plasticity,1,0.359932005405426,,,,
compatibility,51018,err2,no_plasticity,2,0.17363817989826202,,,,
compatibility,51018,err2,no_plasticity,3,0.18040573596954346,,,,
compatibility,51018,err2,no_plasticity,4,0.14343851804733276,,,,
compatibility,51018,err2,no_plasticity,5,0.2523502707481384,,,,
compatibility,51018,err2,no_plasticity,6,0.4354495704174042,,,,
compatibility,51018,err2,no_plasticity,7,0.32119661569595337,,,,
compatibility,51018,err2,no_plasticity,8,0.3328150808811188,,,,
compatibility,51018,err2,no_plasticity,9,0.2877458333969116,,,,
compatibility,51018,err2,no_plasticity,10,0.20233701169490814,,,,
compatibility,51018,err2,no_plasticity,11,0.10051553696393967,,,,
compatibility,51018,err2,no_plasticity,12,0.4916122257709503,,,,
compatibility,51018,err2,no_plasticity,13,0.20160704851150513,,,,
compatibility,51018,err2,no_plasticity,14,0.34661391377449036,,,,
compatibility,51018,err2,no_plasticity,15,0.15502317249774933,,,,
compatibility,51018,err2,no_plasticity,16,0.5214480757713318,,,,
compatibility,51018,err2,no_plasticity,17,0.12317052483558655,,,,
compatibility,51018,err2,no_plasticity,18,0.19814462959766388,,,,
compatibility,51018,err2,no_plasticity,19,0.36088985204696655,,,,
compatibility,51018,err2,no_plasticity,20,0.15447397530078888,,,,
compatibility,51018,err2,no_plasticity,21,0.28347477316856384,,,,
compatibility,51018,err2,no_plasticity,22,0.16077949106693268,,,,
compatibility,51018,err2,no_plasticity,23,0.1682613641023636,,,,
compatibility,51018,err2,no_plasticity,24,0.36373937129974365,,,,
compatibility,51018,err2,no_plasticity,25,0.2023538053035736,,,,
compatibility,51018,err2,no_plasticity,26,0.17805130779743195,,,,
compatibility,51018,err2,no_plasticity,27,0.1698577105998993,,,,
cue_schedule,51018,err2,swap,,,1,2,False,0.7094734311103821
cue_schedule,51018,err2,swap,,,2,3,False,0.7663983106613159
cue_schedule,51018,err2,swap,,,3,4,False,0.816590428352356
cue_schedule,51018,err2,swap,,,4,5,False,0.8176906108856201
cue_schedule,51018,err2,swap,,,5,6,False,0.805186927318573
cue_schedule,51018,err2,swap,,,6,7,False,0.8301674127578735
cue_schedule,51018,err2,swap,,,7,8,False,0.8305114507675171
cue_schedule,51018,err2,swap,,,8,9,False,0.8636268377304077
cue_schedule,51018,err2,swap,,,9,10,False,0.8570900559425354
cue_schedule,51018,err2,swap,,,10,11,True,0.43899548053741455
cue_schedule,51018,err2,swap,,,11,12,False,0.760115385055542
cue_schedule,51018,err2,swap,,,12,13,False,0.7893573641777039
cue_schedule,51018,err2,swap,,,13,14,False,0.8131347894668579
cue_schedule,51018,err2,swap,,,14,15,False,0.8278350830078125
cue_schedule,51018,err2,swap,,,15,16,False,0.8250473141670227
cue_schedule,51018,err2,swap,,,16,17,False,0.836314857006073
cue_schedule,51018,err2,swap,,,17,18,False,0.8208383321762085
cue_schedule,51018,err2,swap,,,18,19,False,0.8117841482162476
cue_schedule,51018,err2,swap,,,19,20,False,0.8282685279846191
cue_schedule,51018,err2,swap,,,20,21,True,0.5140208601951599
cue_schedule,51018,err2,swap,,,21,22,False,0.803119957447052
cue_schedule,51018,err2,swap,,,22,23,False,0.8369027972221375
cue_schedule,51018,err2,swap,,,23,24,False,0.8141620755195618
cue_schedule,51018,err2,swap,,,24,25,False,0.8043746948242188
cue_schedule,51018,err2,swap,,,25,26,False,0.8207242488861084
cue_schedule,51018,err2,swap,,,26,27,False,0.8315442800521851
cue_schedule,51018,err2,swap,,,27,28,False,0.8434529900550842
cue_schedule,51018,err2,swap,,,28,29,False,0.8315116763114929
cue_schedule,51018,err2,swap,,,29,30,False,0.8300595283508301
cue_schedule,51018,err2,swap,,,30,31,True,0.5408266186714172
cue_schedule,51018,err2,swap,,,31,32,False,0.839362382888794
cue_schedule,51018,err2,swap,,,32,33,False,0.8263724446296692
cue_schedule,51018,err2,swap,,,33,34,False,0.8161018490791321
cue_schedule,51018,err2,swap,,,34,35,False,0.8444932699203491
cue_schedule,51018,err2,swap,,,35,36,False,0.840447187423706
cue_schedule,51018,err2,swap,,,36,37,False,0.8334887027740479
cue_schedule,51018,err2,swap,,,37,38,False,0.804900050163269
cue_schedule,51018,err2,swap,,,38,39,False,0.829356849193573
cue_schedule,51018,err2,swap,,,39,40,False,0.834423840045929
cue_schedule,51018,err2,no_swap,,,1,2,False,0.7094734311103821
cue_schedule,51018,err2,no_swap,,,2,3,False,0.7663983106613159
cue_schedule,51018,err2,no_swap,,,3,4,False,0.816590428352356
cue_schedule,51018,err2,no_swap,,,4,5,False,0.8176906108856201
cue_schedule,51018,err2,no_swap,,,5,6,False,0.805186927318573
cue_schedule,51018,err2,no_swap,,,6,7,False,0.8301674127578735
cue_schedule,51018,err2,no_swap,,,7,8,False,0.8305114507675171
cue_schedule,51018,err2,no_swap,,,8,9,False,0.8636268377304077
cue_schedule,51018,err2,no_swap,,,9,10,False,0.8570900559425354
cue_schedule,51018,err2,no_swap,,,10,11,False,0.8565234541893005
cue_schedule,51018,err2,no_swap,,,11,12,False,0.8133665323257446
cue_schedule,51018,err2,no_swap,,,12,13,False,0.8447510004043579
cue_schedule,51018,err2,no_swap,,,13,14,False,0.8370391726493835
cue_schedule,51018,err2,no_swap,,,14,15,False,0.834128201007843
cue_schedule,51018,err2,no_swap,,,15,16,False,0.809733510017395
cue_schedule,51018,err2,no_swap,,,16,17,False,0.8229402899742126
cue_schedule,51018,err2,no_swap,,,17,18,False,0.8364949822425842
cue_schedule,51018,err2,no_swap,,,18,19,False,0.8356713056564331
cue_schedule,51018,err2,no_swap,,,19,20,False,0.8254299759864807
cue_schedule,51018,err2,no_swap,,,20,21,False,0.8471772074699402
cue_schedule,51018,err2,no_swap,,,21,22,False,0.8582557439804077
cue_schedule,51018,err2,no_swap,,,22,23,False,0.8618459105491638
cue_schedule,51018,err2,no_swap,,,23,24,False,0.8421439528465271
cue_schedule,51018,err2,no_swap,,,24,25,False,0.8293563723564148
cue_schedule,51018,err2,no_swap,,,25,26,False,0.8078577518463135
cue_schedule,51018,err2,no_swap,,,26,27,False,0.8402647376060486
cue_schedule,51018,err2,no_swap,,,27,28,False,0.8470851182937622
cue_schedule,51018,err2,no_swap,,,28,29,False,0.8210650086402893
cue_schedule,51018,err2,no_swap,,,29,30,False,0.8203485608100891
cue_schedule,51018,err2,no_swap,,,30,31,False,0.8340585231781006
cue_schedule,51018,err2,no_swap,,,31,32,False,0.8568406105041504
cue_schedule,51018,err2,no_swap,,,32,33,False,0.8530551791191101
cue_schedule,51018,err2,no_swap,,,33,34,False,0.8543273210525513
cue_schedule,51018,err2,no_swap,,,34,35,False,0.8638279438018799
cue_schedule,51018,err2,no_swap,,,35,36,False,0.8314153552055359
cue_schedule,51018,err2,no_swap,,,36,37,False,0.8489269018173218
cue_schedule,51018,err2,no_swap,,,37,38,False,0.8219650983810425
cue_schedule,51018,err2,no_swap,,,38,39,False,0.8504535555839539
cue_schedule,51018,err2,no_swap,,,39,40,False,0.8195784091949463
compatibility,51019,base,aligned,0,0.7645979523658752,,,,
compatibility,51019,base,aligned,1,0.9080873727798462,,,,
compatibility,51019,base,aligned,2,0.995737612247467,,,,
compatibility,51019,base,aligned,3,0.45976150035858154,,,,
compatibility,51019,base,aligned,4,0.8152201175689697,,,,
compatibility,51019,base,aligned,5,0.84027099609375,,,,
compatibility,51019,base,aligned,6,0.9455668330192566,,,,
compatibility,51019,base,aligned,7,0.8479762673377991,,,,
compatibility,51019,base,aligned,8,0.7963032722473145,,,,
compatibility,51019,base,aligned,9,0.6577386260032654,,,,
compatibility,51019,base,aligned,10,0.7714657187461853,,,,
compatibility,51019,base,aligned,11,0.6925704479217529,,,,
compatibility,51019,base,aligned,12,0.9047821164131165,,,,
compatibility,51019,base,aligned,13,0.751824140548706,,,,
compatibility,51019,base,aligned,14,0.8055517077445984,,,,
compatibility,51019,base,aligned,15,0.5927435159683228,,,,
compatibility,51019,base,aligned,16,0.8094390034675598,,,,
compatibility,51019,base,aligned,17,0.9409050941467285,,,,
compatibility,51019,base,aligned,18,0.7547362446784973,,,,
compatibility,51019,base,aligned,19,0.8332425355911255,,,,
compatibility,51019,base,aligned,20,0.7077100872993469,,,,
compatibility,51019,base,aligned,21,0.7947251200675964,,,,
compatibility,51019,base,aligned,22,0.8746265769004822,,,,
compatibility,51019,base,aligned,23,0.6304040551185608,,,,
compatibility,51019,base,aligned,24,0.5165262818336487,,,,
compatibility,51019,base,aligned,25,0.877292275428772,,,,
compatibility,51019,base,aligned,26,0.7450079917907715,,,,
compatibility,51019,base,aligned,27,0.9010899662971497,,,,
compatibility,51019,base,fixed_permutation,0,0.00012598095054272562,,,,
compatibility,51019,base,fixed_permutation,1,0.008097382262349129,,,,
compatibility,51019,base,fixed_permutation,2,0.1836940199136734,,,,
compatibility,51019,base,fixed_permutation,3,0.03758535906672478,,,,
compatibility,51019,base,fixed_permutation,4,0.0032247479539364576,,,,
compatibility,51019,base,fixed_permutation,5,0.19446708261966705,,,,
compatibility,51019,base,fixed_permutation,6,0.08755648136138916,,,,
compatibility,51019,base,fixed_permutation,7,0.0008180832373909652,,,,
compatibility,51019,base,fixed_permutation,8,0.0012242543743923306,,,,
compatibility,51019,base,fixed_permutation,9,0.368485689163208,,,,
compatibility,51019,base,fixed_permutation,10,0.21790815889835358,,,,
compatibility,51019,base,fixed_permutation,11,0.5546016693115234,,,,
compatibility,51019,base,fixed_permutation,12,0.21998971700668335,,,,
compatibility,51019,base,fixed_permutation,13,3.4561922802822664e-05,,,,
compatibility,51019,base,fixed_permutation,14,0.41645923256874084,,,,
compatibility,51019,base,fixed_permutation,15,0.0078096515499055386,,,,
compatibility,51019,base,fixed_permutation,16,0.1590607911348343,,,,
compatibility,51019,base,fixed_permutation,17,0.0799119770526886,,,,
compatibility,51019,base,fixed_permutation,18,0.13201917707920074,,,,
compatibility,51019,base,fixed_permutation,19,0.0005262026679702103,,,,
compatibility,51019,base,fixed_permutation,20,0.015949929133057594,,,,
compatibility,51019,base,fixed_permutation,21,0.15482361614704132,,,,
compatibility,51019,base,fixed_permutation,22,0.15694557130336761,,,,
compatibility,51019,base,fixed_permutation,23,0.00878086220473051,,,,
compatibility,51019,base,fixed_permutation,24,9.648209697843413e-07,,,,
compatibility,51019,base,fixed_permutation,25,0.009164484217762947,,,,
compatibility,51019,base,fixed_permutation,26,0.16474343836307526,,,,
compatibility,51019,base,fixed_permutation,27,0.000696816248819232,,,,
compatibility,51019,base,matched_decoder,0,0.7645978927612305,,,,
compatibility,51019,base,matched_decoder,1,0.9080873727798462,,,,
compatibility,51019,base,matched_decoder,2,0.995737612247467,,,,
compatibility,51019,base,matched_decoder,3,0.45976153016090393,,,,
compatibility,51019,base,matched_decoder,4,0.8152201175689697,,,,
compatibility,51019,base,matched_decoder,5,0.84027099609375,,,,
compatibility,51019,base,matched_decoder,6,0.9455669522285461,,,,
compatibility,51019,base,matched_decoder,7,0.8479762077331543,,,,
compatibility,51019,base,matched_decoder,8,0.7963032722473145,,,,
compatibility,51019,base,matched_decoder,9,0.6577385067939758,,,,
compatibility,51019,base,matched_decoder,10,0.7714657783508301,,,,
compatibility,51019,base,matched_decoder,11,0.6925703883171082,,,,
compatibility,51019,base,matched_decoder,12,0.9047821164131165,,,,
compatibility,51019,base,matched_decoder,13,0.751824140548706,,,,
compatibility,51019,base,matched_decoder,14,0.8055517077445984,,,,
compatibility,51019,base,matched_decoder,15,0.5927435755729675,,,,
compatibility,51019,base,matched_decoder,16,0.8094391226768494,,,,
compatibility,51019,base,matched_decoder,17,0.9409050941467285,,,,
compatibility,51019,base,matched_decoder,18,0.7547363042831421,,,,
compatibility,51019,base,matched_decoder,19,0.8332423567771912,,,,
compatibility,51019,base,matched_decoder,20,0.7077101469039917,,,,
compatibility,51019,base,matched_decoder,21,0.7947250008583069,,,,
compatibility,51019,base,matched_decoder,22,0.8746265172958374,,,,
compatibility,51019,base,matched_decoder,23,0.6304040551185608,,,,
compatibility,51019,base,matched_decoder,24,0.5165264010429382,,,,
compatibility,51019,base,matched_decoder,25,0.8772923350334167,,,,
compatibility,51019,base,matched_decoder,26,0.7450078725814819,,,,
compatibility,51019,base,matched_decoder,27,0.9010900855064392,,,,
compatibility,51019,base,random_content,0,0.16468971967697144,,,,
compatibility,51019,base,random_content,1,0.3463950753211975,,,,
compatibility,51019,base,random_content,2,0.18908937275409698,,,,
compatibility,51019,base,random_content,3,1.4495355571852997e-05,,,,
compatibility,51019,base,random_content,4,0.014581405557692051,,,,
compatibility,51019,base,random_content,5,0.12673668563365936,,,,
compatibility,51019,base,random_content,6,0.24450071156024933,,,,
compatibility,51019,base,random_content,7,0.21136821806430817,,,,
compatibility,51019,base,random_content,8,0.020743489265441895,,,,
compatibility,51019,base,random_content,9,0.3072564899921417,,,,
compatibility,51019,base,random_content,10,0.32521674036979675,,,,
compatibility,51019,base,random_content,11,0.01874500699341297,,,,
compatibility,51019,base,random_content,12,0.28523489832878113,,,,
compatibility,51019,base,random_content,13,0.21130706369876862,,,,
compatibility,51019,base,random_content,14,0.13876377046108246,,,,
compatibility,51019,base,random_content,15,0.18867488205432892,,,,
compatibility,51019,base,random_content,16,0.25676676630973816,,,,
compatibility,51019,base,random_content,17,0.33011773228645325,,,,
compatibility,51019,base,random_content,18,0.25948241353034973,,,,
compatibility,51019,base,random_content,19,0.23040646314620972,,,,
compatibility,51019,base,random_content,20,0.2640637755393982,,,,
compatibility,51019,base,random_content,21,0.6988934278488159,,,,
compatibility,51019,base,random_content,22,0.0009445267496630549,,,,
compatibility,51019,base,random_content,23,0.3687739968299866,,,,
compatibility,51019,base,random_content,24,0.4157027006149292,,,,
compatibility,51019,base,random_content,25,1.999267169594532e-06,,,,
compatibility,51019,base,random_content,26,1.5812358469702303e-05,,,,
compatibility,51019,base,random_content,27,0.00035506178392097354,,,,
compatibility,51019,base,no_plasticity,0,0.39444825053215027,,,,
compatibility,51019,base,no_plasticity,1,0.19210068881511688,,,,
compatibility,51019,base,no_plasticity,2,0.27260106801986694,,,,
compatibility,51019,base,no_plasticity,3,0.2805896997451782,,,,
compatibility,51019,base,no_plasticity,4,0.15397299826145172,,,,
compatibility,51019,base,no_plasticity,5,0.20229484140872955,,,,
compatibility,51019,base,no_plasticity,6,0.15405046939849854,,,,
compatibility,51019,base,no_plasticity,7,0.16916626691818237,,,,
compatibility,51019,base,no_plasticity,8,0.12838225066661835,,,,
compatibility,51019,base,no_plasticity,9,0.1699569970369339,,,,
compatibility,51019,base,no_plasticity,10,0.23689673840999603,,,,
compatibility,51019,base,no_plasticity,11,0.12995028495788574,,,,
compatibility,51019,base,no_plasticity,12,0.12958982586860657,,,,
compatibility,51019,base,no_plasticity,13,0.18197304010391235,,,,
compatibility,51019,base,no_plasticity,14,0.18155162036418915,,,,
compatibility,51019,base,no_plasticity,15,0.15433409810066223,,,,
compatibility,51019,base,no_plasticity,16,0.22513681650161743,,,,
compatibility,51019,base,no_plasticity,17,0.06232031434774399,,,,
compatibility,51019,base,no_plasticity,18,0.18661870062351227,,,,
compatibility,51019,base,no_plasticity,19,0.0993596762418747,,,,
compatibility,51019,base,no_plasticity,20,0.295800119638443,,,,
compatibility,51019,base,no_plasticity,21,0.15142205357551575,,,,
compatibility,51019,base,no_plasticity,22,0.2192041575908661,,,,
compatibility,51019,base,no_plasticity,23,0.14266465604305267,,,,
compatibility,51019,base,no_plasticity,24,0.388021320104599,,,,
compatibility,51019,base,no_plasticity,25,0.3289525508880615,,,,
compatibility,51019,base,no_plasticity,26,0.33228883147239685,,,,
compatibility,51019,base,no_plasticity,27,0.17040424048900604,,,,
cue_schedule,51019,base,swap,,,1,2,False,0.7555751800537109
cue_schedule,51019,base,swap,,,2,3,False,0.7621561288833618
cue_schedule,51019,base,swap,,,3,4,False,0.7920835614204407
cue_schedule,51019,base,swap,,,4,5,False,0.8339054584503174
cue_schedule,51019,base,swap,,,5,6,False,0.8581711053848267
cue_schedule,51019,base,swap,,,6,7,False,0.8746365308761597
cue_schedule,51019,base,swap,,,7,8,False,0.8906582593917847
cue_schedule,51019,base,swap,,,8,9,False,0.8494311571121216
cue_schedule,51019,base,swap,,,9,10,False,0.8707141280174255
cue_schedule,51019,base,swap,,,10,11,True,0.4028834104537964
cue_schedule,51019,base,swap,,,11,12,False,0.8488202691078186
cue_schedule,51019,base,swap,,,12,13,False,0.9190491437911987
cue_schedule,51019,base,swap,,,13,14,False,0.8450241684913635
cue_schedule,51019,base,swap,,,14,15,False,0.8796716332435608
cue_schedule,51019,base,swap,,,15,16,False,0.8461225032806396
cue_schedule,51019,base,swap,,,16,17,False,0.894273042678833
cue_schedule,51019,base,swap,,,17,18,False,0.868299663066864
cue_schedule,51019,base,swap,,,18,19,False,0.9296337962150574
cue_schedule,51019,base,swap,,,19,20,False,0.9118689894676208
cue_schedule,51019,base,swap,,,20,21,True,0.36314818263053894
cue_schedule,51019,base,swap,,,21,22,False,0.7645805478096008
cue_schedule,51019,base,swap,,,22,23,False,0.8160640001296997
cue_schedule,51019,base,swap,,,23,24,False,0.7869096398353577
cue_schedule,51019,base,swap,,,24,25,False,0.8715919256210327
cue_schedule,51019,base,swap,,,25,26,False,0.853730320930481
cue_schedule,51019,base,swap,,,26,27,False,0.8558245301246643
cue_schedule,51019,base,swap,,,27,28,False,0.8542914390563965
cue_schedule,51019,base,swap,,,28,29,False,0.863303005695343
cue_schedule,51019,base,swap,,,29,30,False,0.8813567161560059
cue_schedule,51019,base,swap,,,30,31,True,0.4084590673446655
cue_schedule,51019,base,swap,,,31,32,False,0.8377333879470825
cue_schedule,51019,base,swap,,,32,33,False,0.8735873699188232
cue_schedule,51019,base,swap,,,33,34,False,0.8855429291725159
cue_schedule,51019,base,swap,,,34,35,False,0.8602190613746643
cue_schedule,51019,base,swap,,,35,36,False,0.8875920176506042
cue_schedule,51019,base,swap,,,36,37,False,0.8912771344184875
cue_schedule,51019,base,swap,,,37,38,False,0.9221510887145996
cue_schedule,51019,base,swap,,,38,39,False,0.8708028197288513
cue_schedule,51019,base,swap,,,39,40,False,0.9039522409439087
cue_schedule,51019,base,no_swap,,,1,2,False,0.7555751800537109
cue_schedule,51019,base,no_swap,,,2,3,False,0.7621561288833618
cue_schedule,51019,base,no_swap,,,3,4,False,0.7920835614204407
cue_schedule,51019,base,no_swap,,,4,5,False,0.8339054584503174
cue_schedule,51019,base,no_swap,,,5,6,False,0.8581711053848267
cue_schedule,51019,base,no_swap,,,6,7,False,0.8746365308761597
cue_schedule,51019,base,no_swap,,,7,8,False,0.8906582593917847
cue_schedule,51019,base,no_swap,,,8,9,False,0.8494311571121216
cue_schedule,51019,base,no_swap,,,9,10,False,0.8707141280174255
cue_schedule,51019,base,no_swap,,,10,11,False,0.912202775478363
cue_schedule,51019,base,no_swap,,,11,12,False,0.816576361656189
cue_schedule,51019,base,no_swap,,,12,13,False,0.8523963689804077
cue_schedule,51019,base,no_swap,,,13,14,False,0.8292636275291443
cue_schedule,51019,base,no_swap,,,14,15,False,0.833168089389801
cue_schedule,51019,base,no_swap,,,15,16,False,0.8383862972259521
cue_schedule,51019,base,no_swap,,,16,17,False,0.9325392246246338
cue_schedule,51019,base,no_swap,,,17,18,False,0.9033508896827698
cue_schedule,51019,base,no_swap,,,18,19,False,0.9154662489891052
cue_schedule,51019,base,no_swap,,,19,20,False,0.8696618676185608
cue_schedule,51019,base,no_swap,,,20,21,False,0.8918704986572266
cue_schedule,51019,base,no_swap,,,21,22,False,0.8216738104820251
cue_schedule,51019,base,no_swap,,,22,23,False,0.8263960480690002
cue_schedule,51019,base,no_swap,,,23,24,False,0.7807762622833252
cue_schedule,51019,base,no_swap,,,24,25,False,0.876542329788208
cue_schedule,51019,base,no_swap,,,25,26,False,0.8623564839363098
cue_schedule,51019,base,no_swap,,,26,27,False,0.8607303500175476
cue_schedule,51019,base,no_swap,,,27,28,False,0.8550662398338318
cue_schedule,51019,base,no_swap,,,28,29,False,0.8654989004135132
cue_schedule,51019,base,no_swap,,,29,30,False,0.8801169395446777
cue_schedule,51019,base,no_swap,,,30,31,False,0.8904373645782471
cue_schedule,51019,base,no_swap,,,31,32,False,0.9082005023956299
cue_schedule,51019,base,no_swap,,,32,33,False,0.9050951600074768
cue_schedule,51019,base,no_swap,,,33,34,False,0.900065004825592
cue_schedule,51019,base,no_swap,,,34,35,False,0.7917223572731018
cue_schedule,51019,base,no_swap,,,35,36,False,0.876313328742981
cue_schedule,51019,base,no_swap,,,36,37,False,0.8537535667419434
cue_schedule,51019,base,no_swap,,,37,38,False,0.9051929712295532
cue_schedule,51019,base,no_swap,,,38,39,False,0.8664721846580505
cue_schedule,51019,base,no_swap,,,39,40,False,0.8976612687110901
compatibility,51019,err2,aligned,0,0.5206929445266724,,,,
compatibility,51019,err2,aligned,1,0.8357633948326111,,,,
compatibility,51019,err2,aligned,2,0.508454442024231,,,,
compatibility,51019,err2,aligned,3,0.6322543025016785,,,,
compatibility,51019,err2,aligned,4,0.5419538021087646,,,,
compatibility,51019,err2,aligned,5,0.652616024017334,,,,
compatibility,51019,err2,aligned,6,0.4878612756729126,,,,
compatibility,51019,err2,aligned,7,0.7179497480392456,,,,
compatibility,51019,err2,aligned,8,0.4141389727592468,,,,
compatibility,51019,err2,aligned,9,0.7426458597183228,,,,
compatibility,51019,err2,aligned,10,0.5938690304756165,,,,
compatibility,51019,err2,aligned,11,0.4476773142814636,,,,
compatibility,51019,err2,aligned,12,0.6150368452072144,,,,
compatibility,51019,err2,aligned,13,0.44731947779655457,,,,
compatibility,51019,err2,aligned,14,0.6332746744155884,,,,
compatibility,51019,err2,aligned,15,0.6480453014373779,,,,
compatibility,51019,err2,aligned,16,0.44746190309524536,,,,
compatibility,51019,err2,aligned,17,0.6066480875015259,,,,
compatibility,51019,err2,aligned,18,0.536291241645813,,,,
compatibility,51019,err2,aligned,19,0.4935277998447418,,,,
compatibility,51019,err2,aligned,20,0.042332302778959274,,,,
compatibility,51019,err2,aligned,21,0.5487496256828308,,,,
compatibility,51019,err2,aligned,22,0.4657720625400543,,,,
compatibility,51019,err2,aligned,23,0.48380011320114136,,,,
compatibility,51019,err2,aligned,24,0.5031096935272217,,,,
compatibility,51019,err2,aligned,25,0.5448490381240845,,,,
compatibility,51019,err2,aligned,26,0.4508887231349945,,,,
compatibility,51019,err2,aligned,27,0.6293050050735474,,,,
compatibility,51019,err2,fixed_permutation,0,0.18846604228019714,,,,
compatibility,51019,err2,fixed_permutation,1,5.731542955800251e-07,,,,
compatibility,51019,err2,fixed_permutation,2,0.4470392167568207,,,,
compatibility,51019,err2,fixed_permutation,3,0.011528778821229935,,,,
compatibility,51019,err2,fixed_permutation,4,0.002215120242908597,,,,
compatibility,51019,err2,fixed_permutation,5,0.1342197209596634,,,,
compatibility,51019,err2,fixed_permutation,6,1.5169830476224888e-05,,,,
compatibility,51019,err2,fixed_permutation,7,0.15315784513950348,,,,
compatibility,51019,err2,fixed_permutation,8,4.140874443692155e-05,,,,
compatibility,51019,err2,fixed_permutation,9,0.2724374234676361,,,,
compatibility,51019,err2,fixed_permutation,10,0.001411199220456183,,,,
compatibility,51019,err2,fixed_permutation,11,0.0018751609604805708,,,,
compatibility,51019,err2,fixed_permutation,12,0.00020583685545716435,,,,
compatibility,51019,err2,fixed_permutation,13,0.01951141655445099,,,,
compatibility,51019,err2,fixed_permutation,14,0.5340418219566345,,,,
compatibility,51019,err2,fixed_permutation,15,2.925119042629376e-05,,,,
compatibility,51019,err2,fixed_permutation,16,0.007165966555476189,,,,
compatibility,51019,err2,fixed_permutation,17,0.0004448125255294144,,,,
compatibility,51019,err2,fixed_permutation,18,0.2863813638687134,,,,
compatibility,51019,err2,fixed_permutation,19,0.00018513484974391758,,,,
compatibility,51019,err2,fixed_permutation,20,0.0001378385495627299,,,,
compatibility,51019,err2,fixed_permutation,21,0.0636150911450386,,,,
compatibility,51019,err2,fixed_permutation,22,0.042443592101335526,,,,
compatibility,51019,err2,fixed_permutation,23,0.00025874824495986104,,,,
compatibility,51019,err2,fixed_permutation,24,0.00020414551545400172,,,,
compatibility,51019,err2,fixed_permutation,25,0.00040479638846591115,,,,
compatibility,51019,err2,fixed_permutation,26,0.44555965065956116,,,,
compatibility,51019,err2,fixed_permutation,27,0.0014164223102852702,,,,
compatibility,51019,err2,matched_decoder,0,0.5206930041313171,,,,
compatibility,51019,err2,matched_decoder,1,0.8357633352279663,,,,
compatibility,51019,err2,matched_decoder,2,0.508454442024231,,,,
compatibility,51019,err2,matched_decoder,3,0.6322543025016785,,,,
compatibility,51019,err2,matched_decoder,4,0.5419540405273438,,,,
compatibility,51019,err2,matched_decoder,5,0.6526160836219788,,,,
compatibility,51019,err2,matched_decoder,6,0.48786139488220215,,,,
compatibility,51019,err2,matched_decoder,7,0.7179498672485352,,,,
compatibility,51019,err2,matched_decoder,8,0.4141389727592468,,,,
compatibility,51019,err2,matched_decoder,9,0.742645800113678,,,,
compatibility,51019,err2,matched_decoder,10,0.5938690304756165,,,,
compatibility,51019,err2,matched_decoder,11,0.44767728447914124,,,,
compatibility,51019,err2,matched_decoder,12,0.6150370836257935,,,,
compatibility,51019,err2,matched_decoder,13,0.4473194479942322,,,,
compatibility,51019,err2,matched_decoder,14,0.6332746148109436,,,,
compatibility,51019,err2,matched_decoder,15,0.6480452418327332,,,,
compatibility,51019,err2,matched_decoder,16,0.447461873292923,,,,
compatibility,51019,err2,matched_decoder,17,0.6066482663154602,,,,
compatibility,51019,err2,matched_decoder,18,0.536291241645813,,,,
compatibility,51019,err2,matched_decoder,19,0.49352797865867615,,,,
compatibility,51019,err2,matched_decoder,20,0.042332299053668976,,,,
compatibility,51019,err2,matched_decoder,21,0.5487489104270935,,,,
compatibility,51019,err2,matched_decoder,22,0.4657720625400543,,,,
compatibility,51019,err2,matched_decoder,23,0.48380014300346375,,,,
compatibility,51019,err2,matched_decoder,24,0.5031095743179321,,,,
compatibility,51019,err2,matched_decoder,25,0.544849157333374,,,,
compatibility,51019,err2,matched_decoder,26,0.4508886933326721,,,,
compatibility,51019,err2,matched_decoder,27,0.6293050646781921,,,,
compatibility,51019,err2,random_content,0,0.0006859404384158552,,,,
compatibility,51019,err2,random_content,1,0.0015529897063970566,,,,
compatibility,51019,err2,random_content,2,0.24190597236156464,,,,
compatibility,51019,err2,random_content,3,1.2121207646487164e-06,,,,
compatibility,51019,err2,random_content,4,6.756321909051621e-06,,,,
compatibility,51019,err2,random_content,5,0.0003712920588441193,,,,
compatibility,51019,err2,random_content,6,0.4924415647983551,,,,
compatibility,51019,err2,random_content,7,0.001104576513171196,,,,
compatibility,51019,err2,random_content,8,2.343174310226459e-05,,,,
compatibility,51019,err2,random_content,9,0.024862466380000114,,,,
compatibility,51019,err2,random_content,10,0.010687099769711494,,,,
compatibility,51019,err2,random_content,11,0.00928025133907795,,,,
compatibility,51019,err2,random_content,12,0.002634631237015128,,,,
compatibility,51019,err2,random_content,13,0.000383935373974964,,,,
compatibility,51019,err2,random_content,14,5.3585074056172743e-05,,,,
compatibility,51019,err2,random_content,15,0.0047447835095226765,,,,
compatibility,51019,err2,random_content,16,0.44750726222991943,,,,
compatibility,51019,err2,random_content,17,0.23705518245697021,,,,
compatibility,51019,err2,random_content,18,0.054061755537986755,,,,
compatibility,51019,err2,random_content,19,0.4472121596336365,,,,
compatibility,51019,err2,random_content,20,0.08722835779190063,,,,
compatibility,51019,err2,random_content,21,0.44731688499450684,,,,
compatibility,51019,err2,random_content,22,0.00018828868633136153,,,,
compatibility,51019,err2,random_content,23,0.0015459569403901696,,,,
compatibility,51019,err2,random_content,24,0.02956123650074005,,,,
compatibility,51019,err2,random_content,25,3.9616050344193354e-05,,,,
compatibility,51019,err2,random_content,26,5.3736428640149825e-09,,,,
compatibility,51019,err2,random_content,27,9.83685276878532e-06,,,,
compatibility,51019,err2,no_plasticity,0,0.39444825053215027,,,,
compatibility,51019,err2,no_plasticity,1,0.19210068881511688,,,,
compatibility,51019,err2,no_plasticity,2,0.27260106801986694,,,,
compatibility,51019,err2,no_plasticity,3,0.2805896997451782,,,,
compatibility,51019,err2,no_plasticity,4,0.15397299826145172,,,,
compatibility,51019,err2,no_plasticity,5,0.20229484140872955,,,,
compatibility,51019,err2,no_plasticity,6,0.15405046939849854,,,,
compatibility,51019,err2,no_plasticity,7,0.16916626691818237,,,,
compatibility,51019,err2,no_plasticity,8,0.12838225066661835,,,,
compatibility,51019,err2,no_plasticity,9,0.1699569970369339,,,,
compatibility,51019,err2,no_plasticity,10,0.23689673840999603,,,,
compatibility,51019,err2,no_plasticity,11,0.12995028495788574,,,,
compatibility,51019,err2,no_plasticity,12,0.12958982586860657,,,,
compatibility,51019,err2,no_plasticity,13,0.18197304010391235,,,,
compatibility,51019,err2,no_plasticity,14,0.18155162036418915,,,,
compatibility,51019,err2,no_plasticity,15,0.15433409810066223,,,,
compatibility,51019,err2,no_plasticity,16,0.22513681650161743,,,,
compatibility,51019,err2,no_plasticity,17,0.06232031434774399,,,,
compatibility,51019,err2,no_plasticity,18,0.18661870062351227,,,,
compatibility,51019,err2,no_plasticity,19,0.0993596762418747,,,,
compatibility,51019,err2,no_plasticity,20,0.295800119638443,,,,
compatibility,51019,err2,no_plasticity,21,0.15142205357551575,,,,
compatibility,51019,err2,no_plasticity,22,0.2192041575908661,,,,
compatibility,51019,err2,no_plasticity,23,0.14266465604305267,,,,
compatibility,51019,err2,no_plasticity,24,0.388021320104599,,,,
compatibility,51019,err2,no_plasticity,25,0.3289525508880615,,,,
compatibility,51019,err2,no_plasticity,26,0.33228883147239685,,,,
compatibility,51019,err2,no_plasticity,27,0.17040424048900604,,,,
cue_schedule,51019,err2,swap,,,1,2,False,0.7446604371070862
cue_schedule,51019,err2,swap,,,2,3,False,0.8136404156684875
cue_schedule,51019,err2,swap,,,3,4,False,0.802019476890564
cue_schedule,51019,err2,swap,,,4,5,False,0.8004003763198853
cue_schedule,51019,err2,swap,,,5,6,False,0.7845593094825745
cue_schedule,51019,err2,swap,,,6,7,False,0.8358300924301147
cue_schedule,51019,err2,swap,,,7,8,False,0.8123295307159424
cue_schedule,51019,err2,swap,,,8,9,False,0.8363964557647705
cue_schedule,51019,err2,swap,,,9,10,False,0.8591210842132568
cue_schedule,51019,err2,swap,,,10,11,True,0.4152534008026123
cue_schedule,51019,err2,swap,,,11,12,False,0.8088060617446899
cue_schedule,51019,err2,swap,,,12,13,False,0.8421843647956848
cue_schedule,51019,err2,swap,,,13,14,False,0.7979714870452881
cue_schedule,51019,err2,swap,,,14,15,False,0.7758224010467529
cue_schedule,51019,err2,swap,,,15,16,False,0.8219971656799316
cue_schedule,51019,err2,swap,,,16,17,False,0.8381408452987671
cue_schedule,51019,err2,swap,,,17,18,False,0.8660343885421753
cue_schedule,51019,err2,swap,,,18,19,False,0.8496260046958923
cue_schedule,51019,err2,swap,,,19,20,False,0.8557159900665283
cue_schedule,51019,err2,swap,,,20,21,True,0.4744890332221985
cue_schedule,51019,err2,swap,,,21,22,False,0.858336329460144
cue_schedule,51019,err2,swap,,,22,23,False,0.8341480493545532
cue_schedule,51019,err2,swap,,,23,24,False,0.8845700025558472
cue_schedule,51019,err2,swap,,,24,25,False,0.8705893754959106
cue_schedule,51019,err2,swap,,,25,26,False,0.8545830249786377
cue_schedule,51019,err2,swap,,,26,27,False,0.8632171750068665
cue_schedule,51019,err2,swap,,,27,28,False,0.850501298904419
cue_schedule,51019,err2,swap,,,28,29,False,0.8686565160751343
cue_schedule,51019,err2,swap,,,29,30,False,0.8726117014884949
cue_schedule,51019,err2,swap,,,30,31,True,0.41022926568984985
cue_schedule,51019,err2,swap,,,31,32,False,0.8696373701095581
cue_schedule,51019,err2,swap,,,32,33,False,0.8731375932693481
cue_schedule,51019,err2,swap,,,33,34,False,0.8255590796470642
cue_schedule,51019,err2,swap,,,34,35,False,0.8177196383476257
cue_schedule,51019,err2,swap,,,35,36,False,0.8047939538955688
cue_schedule,51019,err2,swap,,,36,37,False,0.8342583179473877
cue_schedule,51019,err2,swap,,,37,38,False,0.8097153306007385
cue_schedule,51019,err2,swap,,,38,39,False,0.8254942297935486
cue_schedule,51019,err2,swap,,,39,40,False,0.8361597657203674
cue_schedule,51019,err2,no_swap,,,1,2,False,0.7446604371070862
cue_schedule,51019,err2,no_swap,,,2,3,False,0.8136404156684875
cue_schedule,51019,err2,no_swap,,,3,4,False,0.802019476890564
cue_schedule,51019,err2,no_swap,,,4,5,False,0.8004003763198853
cue_schedule,51019,err2,no_swap,,,5,6,False,0.7845593094825745
cue_schedule,51019,err2,no_swap,,,6,7,False,0.8358300924301147
cue_schedule,51019,err2,no_swap,,,7,8,False,0.8123295307159424
cue_schedule,51019,err2,no_swap,,,8,9,False,0.8363964557647705
cue_schedule,51019,err2,no_swap,,,9,10,False,0.8591210842132568
cue_schedule,51019,err2,no_swap,,,10,11,False,0.8536035418510437
cue_schedule,51019,err2,no_swap,,,11,12,False,0.8390252590179443
cue_schedule,51019,err2,no_swap,,,12,13,False,0.8387451767921448
cue_schedule,51019,err2,no_swap,,,13,14,False,0.8686795830726624
cue_schedule,51019,err2,no_swap,,,14,15,False,0.8255640268325806
cue_schedule,51019,err2,no_swap,,,15,16,False,0.8270046710968018
cue_schedule,51019,err2,no_swap,,,16,17,False,0.8293750286102295
cue_schedule,51019,err2,no_swap,,,17,18,False,0.8459892868995667
cue_schedule,51019,err2,no_swap,,,18,19,False,0.8625022172927856
cue_schedule,51019,err2,no_swap,,,19,20,False,0.8666619062423706
cue_schedule,51019,err2,no_swap,,,20,21,False,0.8689455389976501
cue_schedule,51019,err2,no_swap,,,21,22,False,0.86142897605896
cue_schedule,51019,err2,no_swap,,,22,23,False,0.8264625668525696
cue_schedule,51019,err2,no_swap,,,23,24,False,0.8466253876686096
cue_schedule,51019,err2,no_swap,,,24,25,False,0.855021059513092
cue_schedule,51019,err2,no_swap,,,25,26,False,0.8562940955162048
cue_schedule,51019,err2,no_swap,,,26,27,False,0.868390679359436
cue_schedule,51019,err2,no_swap,,,27,28,False,0.8601886034011841
cue_schedule,51019,err2,no_swap,,,28,29,False,0.8762953281402588
cue_schedule,51019,err2,no_swap,,,29,30,False,0.8656984567642212
cue_schedule,51019,err2,no_swap,,,30,31,False,0.8742054104804993
cue_schedule,51019,err2,no_swap,,,31,32,False,0.8828514814376831
cue_schedule,51019,err2,no_swap,,,32,33,False,0.8882037997245789
cue_schedule,51019,err2,no_swap,,,33,34,False,0.8346537947654724
cue_schedule,51019,err2,no_swap,,,34,35,False,0.8392323851585388
cue_schedule,51019,err2,no_swap,,,35,36,False,0.8492521047592163
cue_schedule,51019,err2,no_swap,,,36,37,False,0.8312800526618958
cue_schedule,51019,err2,no_swap,,,37,38,False,0.8542167544364929
cue_schedule,51019,err2,no_swap,,,38,39,False,0.8403931260108948
cue_schedule,51019,err2,no_swap,,,39,40,False,0.8744685649871826
compatibility,51020,base,aligned,0,0.8691175580024719,,,,
compatibility,51020,base,aligned,1,0.9114077687263489,,,,
compatibility,51020,base,aligned,2,0.8173721432685852,,,,
compatibility,51020,base,aligned,3,0.8589754104614258,,,,
compatibility,51020,base,aligned,4,0.9975229501724243,,,,
compatibility,51020,base,aligned,5,0.9252979755401611,,,,
compatibility,51020,base,aligned,6,0.9443714618682861,,,,
compatibility,51020,base,aligned,7,0.9954438209533691,,,,
compatibility,51020,base,aligned,8,0.7829196453094482,,,,
compatibility,51020,base,aligned,9,0.8071557283401489,,,,
compatibility,51020,base,aligned,10,0.8950085043907166,,,,
compatibility,51020,base,aligned,11,0.7653437852859497,,,,
compatibility,51020,base,aligned,12,0.8006564974784851,,,,
compatibility,51020,base,aligned,13,0.8305445909500122,,,,
compatibility,51020,base,aligned,14,0.8013331890106201,,,,
compatibility,51020,base,aligned,15,0.9985581636428833,,,,
compatibility,51020,base,aligned,16,0.6656211614608765,,,,
compatibility,51020,base,aligned,17,0.7697462439537048,,,,
compatibility,51020,base,aligned,18,0.9998132586479187,,,,
compatibility,51020,base,aligned,19,0.7270209193229675,,,,
compatibility,51020,base,aligned,20,0.6535519361495972,,,,
compatibility,51020,base,aligned,21,0.9152443408966064,,,,
compatibility,51020,base,aligned,22,0.761775553226471,,,,
compatibility,51020,base,aligned,23,0.8240370750427246,,,,
compatibility,51020,base,aligned,24,0.9293930530548096,,,,
compatibility,51020,base,aligned,25,0.8568756580352783,,,,
compatibility,51020,base,aligned,26,0.9081632494926453,,,,
compatibility,51020,base,aligned,27,0.7665344476699829,,,,
compatibility,51020,base,fixed_permutation,0,0.09935222566127777,,,,
compatibility,51020,base,fixed_permutation,1,0.07739705592393875,,,,
compatibility,51020,base,fixed_permutation,2,1.0113772930253617e-07,,,,
compatibility,51020,base,fixed_permutation,3,0.1123243123292923,,,,
compatibility,51020,base,fixed_permutation,4,0.23810049891471863,,,,
compatibility,51020,base,fixed_permutation,5,0.1273854523897171,,,,
compatibility,51020,base,fixed_permutation,6,0.06579297035932541,,,,
compatibility,51020,base,fixed_permutation,7,0.175406813621521,,,,
compatibility,51020,base,fixed_permutation,8,0.019060416147112846,,,,
compatibility,51020,base,fixed_permutation,9,0.31571435928344727,,,,
compatibility,51020,base,fixed_permutation,10,0.1591258943080902,,,,
compatibility,51020,base,fixed_permutation,11,0.003472881158813834,,,,
compatibility,51020,base,fixed_permutation,12,0.09691727161407471,,,,
compatibility,51020,base,fixed_permutation,13,1.1572915354918223e-06,,,,
compatibility,51020,base,fixed_permutation,14,0.1728333681821823,,,,
compatibility,51020,base,fixed_permutation,15,0.03813948854804039,,,,
compatibility,51020,base,fixed_permutation,16,0.0013916230527684093,,,,
compatibility,51020,base,fixed_permutation,17,0.005573023110628128,,,,
compatibility,51020,base,fixed_permutation,18,0.0008357471087947488,,,,
compatibility,51020,base,fixed_permutation,19,0.0009542336920276284,,,,
compatibility,51020,base,fixed_permutation,20,0.14918819069862366,,,,
compatibility,51020,base,fixed_permutation,21,0.002913622884079814,,,,
compatibility,51020,base,fixed_permutation,22,0.17213591933250427,,,,
compatibility,51020,base,fixed_permutation,23,0.1436528116464615,,,,
compatibility,51020,base,fixed_permutation,24,0.03669619560241699,,,,
compatibility,51020,base,fixed_permutation,25,0.012779614888131618,,,,
compatibility,51020,base,fixed_permutation,26,0.1488347351551056,,,,
compatibility,51020,base,fixed_permutation,27,0.15928241610527039,,,,
compatibility,51020,base,matched_decoder,0,0.8691175580024719,,,,
compatibility,51020,base,matched_decoder,1,0.9114077687263489,,,,
compatibility,51020,base,matched_decoder,2,0.8173720836639404,,,,
compatibility,51020,base,matched_decoder,3,0.8589752912521362,,,,
compatibility,51020,base,matched_decoder,4,0.9975229501724243,,,,
compatibility,51020,base,matched_decoder,5,0.9252979755401611,,,,
compatibility,51020,base,matched_decoder,6,0.9443715810775757,,,,
compatibility,51020,base,matched_decoder,7,0.9954438209533691,,,,
compatibility,51020,base,matched_decoder,8,0.7829196453094482,,,,
compatibility,51020,base,matched_decoder,9,0.8071557283401489,,,,
compatibility,51020,base,matched_decoder,10,0.8950085043907166,,,,
compatibility,51020,base,matched_decoder,11,0.7653436660766602,,,,
compatibility,51020,base,matched_decoder,12,0.8006564974784851,,,,
compatibility,51020,base,matched_decoder,13,0.8305445313453674,,,,
compatibility,51020,base,matched_decoder,14,0.8013331890106201,,,,
compatibility,51020,base,matched_decoder,15,0.9985581636428833,,,,
compatibility,51020,base,matched_decoder,16,0.6656211018562317,,,,
compatibility,51020,base,matched_decoder,17,0.7697461247444153,,,,
compatibility,51020,base,matched_decoder,18,0.9998132586479187,,,,
compatibility,51020,base,matched_decoder,19,0.7270209789276123,,,,
compatibility,51020,base,matched_decoder,20,0.6535519361495972,,,,
compatibility,51020,base,matched_decoder,21,0.9152443408966064,,,,
compatibility,51020,base,matched_decoder,22,0.761775553226471,,,,
compatibility,51020,base,matched_decoder,23,0.8240370750427246,,,,
compatibility,51020,base,matched_decoder,24,0.9293930530548096,,,,
compatibility,51020,base,matched_decoder,25,0.8568756580352783,,,,
compatibility,51020,base,matched_decoder,26,0.9081632494926453,,,,
compatibility,51020,base,matched_decoder,27,0.7665344476699829,,,,
compatibility,51020,base,random_content,0,0.1326354593038559,,,,
compatibility,51020,base,random_content,1,0.27904292941093445,,,,
compatibility,51020,base,random_content,2,0.2203717827796936,,,,
compatibility,51020,base,random_content,3,0.5582023859024048,,,,
compatibility,51020,base,random_content,4,0.014196479693055153,,,,
compatibility,51020,base,random_content,5,0.05173332989215851,,,,
compatibility,51020,base,random_content,6,6.474980409620912e-07,,,,
compatibility,51020,base,random_content,7,0.26296743750572205,,,,
compatibility,51020,base,random_content,8,0.1393108367919922,,,,
compatibility,51020,base,random_content,9,0.13984109461307526,,,,
compatibility,51020,base,random_content,10,0.0001845468214014545,,,,
compatibility,51020,base,random_content,11,0.30961835384368896,,,,
compatibility,51020,base,random_content,12,8.254468752966204e-07,,,,
compatibility,51020,base,random_content,13,0.20246294140815735,,,,
compatibility,51020,base,random_content,14,0.1998036950826645,,,,
compatibility,51020,base,random_content,15,0.00023236787819769233,,,,
compatibility,51020,base,random_content,16,0.649624764919281,,,,
compatibility,51020,base,random_content,17,0.00016111161676235497,,,,
compatibility,51020,base,random_content,18,0.06209569424390793,,,,
compatibility,51020,base,random_content,19,0.2395772486925125,,,,
compatibility,51020,base,random_content,20,0.0025063063949346542,,,,
compatibility,51020,base,random_content,21,0.16272665560245514,,,,
compatibility,51020,base,random_content,22,0.12288440018892288,,,,
compatibility,51020,base,random_content,23,0.4006451368331909,,,,
compatibility,51020,base,random_content,24,1.3184670422106137e-07,,,,
compatibility,51020,base,random_content,25,0.002155061112716794,,,,
compatibility,51020,base,random_content,26,2.0802772269234993e-05,,,,
compatibility,51020,base,random_content,27,0.05507078394293785,,,,
compatibility,51020,base,no_plasticity,0,0.2841023802757263,,,,
compatibility,51020,base,no_plasticity,1,0.31207314133644104,,,,
compatibility,51020,base,no_plasticity,2,0.3611685633659363,,,,
compatibility,51020,base,no_plasticity,3,0.1710452139377594,,,,
compatibility,51020,base,no_plasticity,4,0.2015623152256012,,,,
compatibility,51020,base,no_plasticity,5,0.33096688985824585,,,,
compatibility,51020,base,no_plasticity,6,0.21736674010753632,,,,
compatibility,51020,base,no_plasticity,7,0.3499945104122162,,,,
compatibility,51020,base,no_plasticity,8,0.2766168415546417,,,,
compatibility,51020,base,no_plasticity,9,0.18310067057609558,,,,
compatibility,51020,base,no_plasticity,10,0.1835513710975647,,,,
compatibility,51020,base,no_plasticity,11,0.30994024872779846,,,,
compatibility,51020,base,no_plasticity,12,0.39631715416908264,,,,
compatibility,51020,base,no_plasticity,13,0.2439558506011963,,,,
compatibility,51020,base,no_plasticity,14,0.13230997323989868,,,,
compatibility,51020,base,no_plasticity,15,0.17095984518527985,,,,
compatibility,51020,base,no_plasticity,16,0.23590399324893951,,,,
compatibility,51020,base,no_plasticity,17,0.3467142581939697,,,,
compatibility,51020,base,no_plasticity,18,0.22534041106700897,,,,
compatibility,51020,base,no_plasticity,19,0.2661381959915161,,,,
compatibility,51020,base,no_plasticity,20,0.2797696888446808,,,,
compatibility,51020,base,no_plasticity,21,0.24394500255584717,,,,
compatibility,51020,base,no_plasticity,22,0.12093301862478256,,,,
compatibility,51020,base,no_plasticity,23,0.26089736819267273,,,,
compatibility,51020,base,no_plasticity,24,0.33339542150497437,,,,
compatibility,51020,base,no_plasticity,25,0.25566354393959045,,,,
compatibility,51020,base,no_plasticity,26,0.31258848309516907,,,,
compatibility,51020,base,no_plasticity,27,0.18002386391162872,,,,
cue_schedule,51020,base,swap,,,1,2,False,0.6273845434188843
cue_schedule,51020,base,swap,,,2,3,False,0.8050732612609863
cue_schedule,51020,base,swap,,,3,4,False,0.7680795788764954
cue_schedule,51020,base,swap,,,4,5,False,0.838904857635498
cue_schedule,51020,base,swap,,,5,6,False,0.820030152797699
cue_schedule,51020,base,swap,,,6,7,False,0.8070780038833618
cue_schedule,51020,base,swap,,,7,8,False,0.760101854801178
cue_schedule,51020,base,swap,,,8,9,False,0.8222812414169312
cue_schedule,51020,base,swap,,,9,10,False,0.7725148797035217
cue_schedule,51020,base,swap,,,10,11,True,0.38351714611053467
cue_schedule,51020,base,swap,,,11,12,False,0.7942673563957214
cue_schedule,51020,base,swap,,,12,13,False,0.7500819563865662
cue_schedule,51020,base,swap,,,13,14,False,0.8237490653991699
cue_schedule,51020,base,swap,,,14,15,False,0.7857957482337952
cue_schedule,51020,base,swap,,,15,16,False,0.8541442155838013
cue_schedule,51020,base,swap,,,16,17,False,0.8009299635887146
cue_schedule,51020,base,swap,,,17,18,False,0.8042904138565063
cue_schedule,51020,base,swap,,,18,19,False,0.7927849292755127
cue_schedule,51020,base,swap,,,19,20,False,0.7914090156555176
cue_schedule,51020,base,swap,,,20,21,True,0.33443424105644226
cue_schedule,51020,base,swap,,,21,22,False,0.7314794063568115
cue_schedule,51020,base,swap,,,22,23,False,0.769274115562439
cue_schedule,51020,base,swap,,,23,24,False,0.8048887848854065
cue_schedule,51020,base,swap,,,24,25,False,0.8057981729507446
cue_schedule,51020,base,swap,,,25,26,False,0.8053209781646729
cue_schedule,51020,base,swap,,,26,27,False,0.7501440644264221
cue_schedule,51020,base,swap,,,27,28,False,0.7508118152618408
cue_schedule,51020,base,swap,,,28,29,False,0.7796575427055359
cue_schedule,51020,base,swap,,,29,30,False,0.7927855849266052
cue_schedule,51020,base,swap,,,30,31,True,0.3902791738510132
cue_schedule,51020,base,swap,,,31,32,False,0.7628927826881409
cue_schedule,51020,base,swap,,,32,33,False,0.830382764339447
cue_schedule,51020,base,swap,,,33,34,False,0.7954502701759338
cue_schedule,51020,base,swap,,,34,35,False,0.8022677898406982
cue_schedule,51020,base,swap,,,35,36,False,0.7984529733657837
cue_schedule,51020,base,swap,,,36,37,False,0.7855919003486633
cue_schedule,51020,base,swap,,,37,38,False,0.8238293528556824
cue_schedule,51020,base,swap,,,38,39,False,0.7951905131340027
cue_schedule,51020,base,swap,,,39,40,False,0.7776616811752319
cue_schedule,51020,base,no_swap,,,1,2,False,0.6273845434188843
cue_schedule,51020,base,no_swap,,,2,3,False,0.8050732612609863
cue_schedule,51020,base,no_swap,,,3,4,False,0.7680795788764954
cue_schedule,51020,base,no_swap,,,4,5,False,0.838904857635498
cue_schedule,51020,base,no_swap,,,5,6,False,0.820030152797699
cue_schedule,51020,base,no_swap,,,6,7,False,0.8070780038833618
cue_schedule,51020,base,no_swap,,,7,8,False,0.760101854801178
cue_schedule,51020,base,no_swap,,,8,9,False,0.8222812414169312
cue_schedule,51020,base,no_swap,,,9,10,False,0.7725148797035217
cue_schedule,51020,base,no_swap,,,10,11,False,0.821327805519104
cue_schedule,51020,base,no_swap,,,11,12,False,0.8074313998222351
cue_schedule,51020,base,no_swap,,,12,13,False,0.8087953925132751
cue_schedule,51020,base,no_swap,,,13,14,False,0.7820327281951904
cue_schedule,51020,base,no_swap,,,14,15,False,0.765502393245697
cue_schedule,51020,base,no_swap,,,15,16,False,0.8292064666748047
cue_schedule,51020,base,no_swap,,,16,17,False,0.8091142177581787
cue_schedule,51020,base,no_swap,,,17,18,False,0.8270168304443359
cue_schedule,51020,base,no_swap,,,18,19,False,0.8008735179901123
cue_schedule,51020,base,no_swap,,,19,20,False,0.7931424975395203
cue_schedule,51020,base,no_swap,,,20,21,False,0.7752104997634888
cue_schedule,51020,base,no_swap,,,21,22,False,0.8146224021911621
cue_schedule,51020,base,no_swap,,,22,23,False,0.7995449900627136
cue_schedule,51020,base,no_swap,,,23,24,False,0.769340455532074
cue_schedule,51020,base,no_swap,,,24,25,False,0.8070104122161865
cue_schedule,51020,base,no_swap,,,25,26,False,0.7690964341163635
cue_schedule,51020,base,no_swap,,,26,27,False,0.7527980804443359
cue_schedule,51020,base,no_swap,,,27,28,False,0.7476444840431213
cue_schedule,51020,base,no_swap,,,28,29,False,0.7784537672996521
cue_schedule,51020,base,no_swap,,,29,30,False,0.7964881062507629
cue_schedule,51020,base,no_swap,,,30,31,False,0.794374406337738
cue_schedule,51020,base,no_swap,,,31,32,False,0.8792762756347656
cue_schedule,51020,base,no_swap,,,32,33,False,0.823149561882019
cue_schedule,51020,base,no_swap,,,33,34,False,0.8669566512107849
cue_schedule,51020,base,no_swap,,,34,35,False,0.8672029972076416
cue_schedule,51020,base,no_swap,,,35,36,False,0.8448355197906494
cue_schedule,51020,base,no_swap,,,36,37,False,0.7945957183837891
cue_schedule,51020,base,no_swap,,,37,38,False,0.8238185048103333
cue_schedule,51020,base,no_swap,,,38,39,False,0.7940828800201416
cue_schedule,51020,base,no_swap,,,39,40,False,0.7949453592300415
compatibility,51020,err2,aligned,0,0.48417961597442627,,,,
compatibility,51020,err2,aligned,1,0.5333349704742432,,,,
compatibility,51020,err2,aligned,2,0.490894079208374,,,,
compatibility,51020,err2,aligned,3,0.4804900288581848,,,,
compatibility,51020,err2,aligned,4,0.46076110005378723,,,,
compatibility,51020,err2,aligned,5,0.4477333128452301,,,,
compatibility,51020,err2,aligned,6,0.498531311750412,,,,
compatibility,51020,err2,aligned,7,0.4838135540485382,,,,
compatibility,51020,err2,aligned,8,0.6313195824623108,,,,
compatibility,51020,err2,aligned,9,0.45201632380485535,,,,
compatibility,51020,err2,aligned,10,0.7035058736801147,,,,
compatibility,51020,err2,aligned,11,0.4918728470802307,,,,
compatibility,51020,err2,aligned,12,0.4493415653705597,,,,
compatibility,51020,err2,aligned,13,0.29563066363334656,,,,
compatibility,51020,err2,aligned,14,0.6279788613319397,,,,
compatibility,51020,err2,aligned,15,0.6209250092506409,,,,
compatibility,51020,err2,aligned,16,0.45299917459487915,,,,
compatibility,51020,err2,aligned,17,0.4823518395423889,,,,
compatibility,51020,err2,aligned,18,0.5374842286109924,,,,
compatibility,51020,err2,aligned,19,0.7287859320640564,,,,
compatibility,51020,err2,aligned,20,0.4473171830177307,,,,
compatibility,51020,err2,aligned,21,0.5125084519386292,,,,
compatibility,51020,err2,aligned,22,0.13399647176265717,,,,
compatibility,51020,err2,aligned,23,0.5388253331184387,,,,
compatibility,51020,err2,aligned,24,0.7263474464416504,,,,
compatibility,51020,err2,aligned,25,0.44869905710220337,,,,
compatibility,51020,err2,aligned,26,0.5741577744483948,,,,
compatibility,51020,err2,aligned,27,0.5322040319442749,,,,
compatibility,51020,err2,fixed_permutation,0,0.0006499348091892898,,,,
compatibility,51020,err2,fixed_permutation,1,0.004925868473947048,,,,
compatibility,51020,err2,fixed_permutation,2,6.648346607107669e-05,,,,
compatibility,51020,err2,fixed_permutation,3,0.0014225620543584228,,,,
compatibility,51020,err2,fixed_permutation,4,0.09611664712429047,,,,
compatibility,51020,err2,fixed_permutation,5,0.002752671716734767,,,,
compatibility,51020,err2,fixed_permutation,6,0.0036171141546219587,,,,
compatibility,51020,err2,fixed_permutation,7,0.402556836605072,,,,
compatibility,51020,err2,fixed_permutation,8,0.0012835783418267965,,,,
compatibility,51020,err2,fixed_permutation,9,0.14276814460754395,,,,
compatibility,51020,err2,fixed_permutation,10,0.0006236815825104713,,,,
compatibility,51020,err2,fixed_permutation,11,0.0014468306908383965,,,,
compatibility,51020,err2,fixed_permutation,12,0.006053145509213209,,,,
compatibility,51020,err2,fixed_permutation,13,3.9215297874761745e-05,,,,
compatibility,51020,err2,fixed_permutation,14,0.44345903396606445,,,,
compatibility,51020,err2,fixed_permutation,15,0.011387869715690613,,,,
compatibility,51020,err2,fixed_permutation,16,4.749093932332471e-05,,,,
compatibility,51020,err2,fixed_permutation,17,0.012522784061729908,,,,
compatibility,51020,err2,fixed_permutation,18,1.0312538734069676e-06,,,,
compatibility,51020,err2,fixed_permutation,19,5.373334352043457e-05,,,,
compatibility,51020,err2,fixed_permutation,20,0.0003767950111068785,,,,
compatibility,51020,err2,fixed_permutation,21,1.3652523875862244e-06,,,,
compatibility,51020,err2,fixed_permutation,22,0.03454643860459328,,,,
compatibility,51020,err2,fixed_permutation,23,0.025831148028373718,,,,
compatibility,51020,err2,fixed_permutation,24,0.00014314214058686048,,,,
compatibility,51020,err2,fixed_permutation,25,0.010491090826690197,,,,
compatibility,51020,err2,fixed_permutation,26,1.0227845450572204e-06,,,,
compatibility,51020,err2,fixed_permutation,27,0.000394157919799909,,,,
compatibility,51020,err2,matched_decoder,0,0.4841795563697815,,,,
compatibility,51020,err2,matched_decoder,1,0.5333348512649536,,,,
compatibility,51020,err2,matched_decoder,2,0.4908941984176636,,,,
compatibility,51020,err2,matched_decoder,3,0.48048990964889526,,,,
compatibility,51020,err2,matched_decoder,4,0.460761159658432,,,,
compatibility,51020,err2,matched_decoder,5,0.4477333128452301,,,,
compatibility,51020,err2,matched_decoder,6,0.498531311750412,,,,
compatibility,51020,err2,matched_decoder,7,0.4838135540485382,,,,
compatibility,51020,err2,matched_decoder,8,0.6313195824623108,,,,
compatibility,51020,err2,matched_decoder,9,0.4520163834095001,,,,
compatibility,51020,err2,matched_decoder,10,0.7035060524940491,,,,
compatibility,51020,err2,matched_decoder,11,0.49187278747558594,,,,
compatibility,51020,err2,matched_decoder,12,0.4493415951728821,,,,
compatibility,51020,err2,matched_decoder,13,0.29563117027282715,,,,
compatibility,51020,err2,matched_decoder,14,0.6279787421226501,,,,
compatibility,51020,err2,matched_decoder,15,0.62092524766922,,,,
compatibility,51020,err2,matched_decoder,16,0.4529992341995239,,,,
compatibility,51020,err2,matched_decoder,17,0.4823518991470337,,,,
compatibility,51020,err2,matched_decoder,18,0.5374841690063477,,,,
compatibility,51020,err2,matched_decoder,19,0.7287859916687012,,,,
compatibility,51020,err2,matched_decoder,20,0.4473171830177307,,,,
compatibility,51020,err2,matched_decoder,21,0.51250821352005,,,,
compatibility,51020,err2,matched_decoder,22,0.13399638235569,,,,
compatibility,51020,err2,matched_decoder,23,0.5388256907463074,,,,
compatibility,51020,err2,matched_decoder,24,0.7263475656509399,,,,
compatibility,51020,err2,matched_decoder,25,0.44869905710220337,,,,
compatibility,51020,err2,matched_decoder,26,0.5741577744483948,,,,
compatibility,51020,err2,matched_decoder,27,0.5322040915489197,,,,
compatibility,51020,err2,random_content,0,0.005570688284933567,,,,
compatibility,51020,err2,random_content,1,0.0002232915285276249,,,,
compatibility,51020,err2,random_content,2,0.002356478478759527,,,,
compatibility,51020,err2,random_content,3,0.4439939260482788,,,,
compatibility,51020,err2,random_content,4,0.0014166322071105242,,,,
compatibility,51020,err2,random_content,5,0.1629113405942917,,,,
compatibility,51020,err2,random_content,6,0.00019334620446898043,,,,
compatibility,51020,err2,random_content,7,0.00017563208530191332,,,,
compatibility,51020,err2,random_content,8,0.0009881117148324847,,,,
compatibility,51020,err2,random_content,9,0.17269687354564667,,,,
compatibility,51020,err2,random_content,10,6.59253373669344e-07,,,,
compatibility,51020,err2,random_content,11,0.02884012833237648,,,,
compatibility,51020,err2,random_content,12,0.004943275358527899,,,,
compatibility,51020,err2,random_content,13,9.907224011840299e-05,,,,
compatibility,51020,err2,random_content,14,1.2522475572041003e-06,,,,
compatibility,51020,err2,random_content,15,0.10033827275037766,,,,
compatibility,51020,err2,random_content,16,0.5337485074996948,,,,
compatibility,51020,err2,random_content,17,4.1436858737142757e-05,,,,
compatibility,51020,err2,random_content,18,1.8814460418070666e-05,,,,
compatibility,51020,err2,random_content,19,0.05187581852078438,,,,
compatibility,51020,err2,random_content,20,0.00011207447096239775,,,,
compatibility,51020,err2,random_content,21,2.5976227334467694e-05,,,,
compatibility,51020,err2,random_content,22,0.0001499256322858855,,,,
compatibility,51020,err2,random_content,23,0.4831235706806183,,,,
compatibility,51020,err2,random_content,24,5.867161689820932e-07,,,,
compatibility,51020,err2,random_content,25,0.00013254929217509925,,,,
compatibility,51020,err2,random_content,26,0.0008246416691690683,,,,
compatibility,51020,err2,random_content,27,9.103513548325282e-06,,,,
compatibility,51020,err2,no_plasticity,0,0.2841023802757263,,,,
compatibility,51020,err2,no_plasticity,1,0.31207314133644104,,,,
compatibility,51020,err2,no_plasticity,2,0.3611685633659363,,,,
compatibility,51020,err2,no_plasticity,3,0.1710452139377594,,,,
compatibility,51020,err2,no_plasticity,4,0.2015623152256012,,,,
compatibility,51020,err2,no_plasticity,5,0.33096688985824585,,,,
compatibility,51020,err2,no_plasticity,6,0.21736674010753632,,,,
compatibility,51020,err2,no_plasticity,7,0.3499945104122162,,,,
compatibility,51020,err2,no_plasticity,8,0.2766168415546417,,,,
compatibility,51020,err2,no_plasticity,9,0.18310067057609558,,,,
compatibility,51020,err2,no_plasticity,10,0.1835513710975647,,,,
compatibility,51020,err2,no_plasticity,11,0.30994024872779846,,,,
compatibility,51020,err2,no_plasticity,12,0.39631715416908264,,,,
compatibility,51020,err2,no_plasticity,13,0.2439558506011963,,,,
compatibility,51020,err2,no_plasticity,14,0.13230997323989868,,,,
compatibility,51020,err2,no_plasticity,15,0.17095984518527985,,,,
compatibility,51020,err2,no_plasticity,16,0.23590399324893951,,,,
compatibility,51020,err2,no_plasticity,17,0.3467142581939697,,,,
compatibility,51020,err2,no_plasticity,18,0.22534041106700897,,,,
compatibility,51020,err2,no_plasticity,19,0.2661381959915161,,,,
compatibility,51020,err2,no_plasticity,20,0.2797696888446808,,,,
compatibility,51020,err2,no_plasticity,21,0.24394500255584717,,,,
compatibility,51020,err2,no_plasticity,22,0.12093301862478256,,,,
compatibility,51020,err2,no_plasticity,23,0.26089736819267273,,,,
compatibility,51020,err2,no_plasticity,24,0.33339542150497437,,,,
compatibility,51020,err2,no_plasticity,25,0.25566354393959045,,,,
compatibility,51020,err2,no_plasticity,26,0.31258848309516907,,,,
compatibility,51020,err2,no_plasticity,27,0.18002386391162872,,,,
cue_schedule,51020,err2,swap,,,1,2,False,0.7345833778381348
cue_schedule,51020,err2,swap,,,2,3,False,0.797702968120575
cue_schedule,51020,err2,swap,,,3,4,False,0.8436492681503296
cue_schedule,51020,err2,swap,,,4,5,False,0.7931974530220032
cue_schedule,51020,err2,swap,,,5,6,False,0.7938504815101624
cue_schedule,51020,err2,swap,,,6,7,False,0.8112452626228333
cue_schedule,51020,err2,swap,,,7,8,False,0.7878812551498413
cue_schedule,51020,err2,swap,,,8,9,False,0.7997130751609802
cue_schedule,51020,err2,swap,,,9,10,False,0.7961302995681763
cue_schedule,51020,err2,swap,,,10,11,True,0.43211326003074646
cue_schedule,51020,err2,swap,,,11,12,False,0.7938603162765503
cue_schedule,51020,err2,swap,,,12,13,False,0.8103363513946533
cue_schedule,51020,err2,swap,,,13,14,False,0.8099188804626465
cue_schedule,51020,err2,swap,,,14,15,False,0.8180948495864868
cue_schedule,51020,err2,swap,,,15,16,False,0.8049768209457397
cue_schedule,51020,err2,swap,,,16,17,False,0.8270105123519897
cue_schedule,51020,err2,swap,,,17,18,False,0.8166663646697998
cue_schedule,51020,err2,swap,,,18,19,False,0.8030573129653931
cue_schedule,51020,err2,swap,,,19,20,False,0.8121018409729004
cue_schedule,51020,err2,swap,,,20,21,True,0.4491323232650757
cue_schedule,51020,err2,swap,,,21,22,False,0.81183922290802
cue_schedule,51020,err2,swap,,,22,23,False,0.8156648278236389
cue_schedule,51020,err2,swap,,,23,24,False,0.7888802886009216
cue_schedule,51020,err2,swap,,,24,25,False,0.8092472553253174
cue_schedule,51020,err2,swap,,,25,26,False,0.8381819128990173
cue_schedule,51020,err2,swap,,,26,27,False,0.8240972757339478
cue_schedule,51020,err2,swap,,,27,28,False,0.8002399206161499
cue_schedule,51020,err2,swap,,,28,29,False,0.8126881122589111
cue_schedule,51020,err2,swap,,,29,30,False,0.8356271982192993
cue_schedule,51020,err2,swap,,,30,31,True,0.4831511974334717
cue_schedule,51020,err2,swap,,,31,32,False,0.8235048651695251
cue_schedule,51020,err2,swap,,,32,33,False,0.8206416964530945
cue_schedule,51020,err2,swap,,,33,34,False,0.7960354685783386
cue_schedule,51020,err2,swap,,,34,35,False,0.8291726112365723
cue_schedule,51020,err2,swap,,,35,36,False,0.8180465698242188
cue_schedule,51020,err2,swap,,,36,37,False,0.805213212966919
cue_schedule,51020,err2,swap,,,37,38,False,0.812601625919342
cue_schedule,51020,err2,swap,,,38,39,False,0.8117509484291077
cue_schedule,51020,err2,swap,,,39,40,False,0.817075252532959
cue_schedule,51020,err2,no_swap,,,1,2,False,0.7345833778381348
cue_schedule,51020,err2,no_swap,,,2,3,False,0.797702968120575
cue_schedule,51020,err2,no_swap,,,3,4,False,0.8436492681503296
cue_schedule,51020,err2,no_swap,,,4,5,False,0.7931974530220032
cue_schedule,51020,err2,no_swap,,,5,6,False,0.7938504815101624
cue_schedule,51020,err2,no_swap,,,6,7,False,0.8112452626228333
cue_schedule,51020,err2,no_swap,,,7,8,False,0.7878812551498413
cue_schedule,51020,err2,no_swap,,,8,9,False,0.7997130751609802
cue_schedule,51020,err2,no_swap,,,9,10,False,0.7961302995681763
cue_schedule,51020,err2,no_swap,,,10,11,False,0.8112995624542236
cue_schedule,51020,err2,no_swap,,,11,12,False,0.804273247718811
cue_schedule,51020,err2,no_swap,,,12,13,False,0.8066822290420532
cue_schedule,51020,err2,no_swap,,,13,14,False,0.841998279094696
cue_schedule,51020,err2,no_swap,,,14,15,False,0.8473033905029297
cue_schedule,51020,err2,no_swap,,,15,16,False,0.8328895568847656
cue_schedule,51020,err2,no_swap,,,16,17,False,0.8251645565032959
cue_schedule,51020,err2,no_swap,,,17,18,False,0.812656044960022
cue_schedule,51020,err2,no_swap,,,18,19,False,0.7988169193267822
cue_schedule,51020,err2,no_swap,,,19,20,False,0.8080834746360779
cue_schedule,51020,err2,no_swap,,,20,21,False,0.8446110486984253
cue_schedule,51020,err2,no_swap,,,21,22,False,0.8184837102890015
cue_schedule,51020,err2,no_swap,,,22,23,False,0.8055766224861145
cue_schedule,51020,err2,no_swap,,,23,24,False,0.8031657338142395
cue_schedule,51020,err2,no_swap,,,24,25,False,0.8211871385574341
cue_schedule,51020,err2,no_swap,,,25,26,False,0.8392319679260254
cue_schedule,51020,err2,no_swap,,,26,27,False,0.8285231590270996
cue_schedule,51020,err2,no_swap,,,27,28,False,0.800473690032959
cue_schedule,51020,err2,no_swap,,,28,29,False,0.8152863383293152
cue_schedule,51020,err2,no_swap,,,29,30,False,0.8297978043556213
cue_schedule,51020,err2,no_swap,,,30,31,False,0.8096882104873657
cue_schedule,51020,err2,no_swap,,,31,32,False,0.8082219958305359
cue_schedule,51020,err2,no_swap,,,32,33,False,0.8467051982879639
cue_schedule,51020,err2,no_swap,,,33,34,False,0.8306401968002319
cue_schedule,51020,err2,no_swap,,,34,35,False,0.8346378207206726
cue_schedule,51020,err2,no_swap,,,35,36,False,0.8323097825050354
cue_schedule,51020,err2,no_swap,,,36,37,False,0.8537153601646423
cue_schedule,51020,err2,no_swap,,,37,38,False,0.834999680519104
cue_schedule,51020,err2,no_swap,,,38,39,False,0.836178183555603
cue_schedule,51020,err2,no_swap,,,39,40,False,0.842501699924469
