experiment,seed,encoder_validation_mse,plasticity_rule,key_mode,dropped_fraction,mask_index,dropped_units,lec_cue_accuracy,lec_mec_cosine,mec_position_accuracy,mec_cue_accuracy
lec_degradation,51001,0.0008721096091903746,base,normal,0.0,0,0,1.0,0.7293515801429749,,
mec_degradation,51001,0.0008721096091903746,base,normal,0.0,0,0,,,0.14,1.0
lec_degradation,51001,0.0008721096091903746,base,normal,0.0,1,0,1.0,0.7293515801429749,,
mec_degradation,51001,0.0008721096091903746,base,normal,0.0,1,0,,,0.14,1.0
lec_degradation,51001,0.0008721096091903746,base,normal,0.0,2,0,1.0,0.7293515801429749,,
mec_degradation,51001,0.0008721096091903746,base,normal,0.0,2,0,,,0.14,1.0
lec_degradation,51001,0.0008721096091903746,base,normal,0.0,3,0,1.0,0.7293515801429749,,
mec_degradation,51001,0.0008721096091903746,base,normal,0.0,3,0,,,0.14,1.0
lec_degradation,51001,0.0008721096091903746,base,normal,0.0,4,0,1.0,0.7293515801429749,,
mec_degradation,51001,0.0008721096091903746,base,normal,0.0,4,0,,,0.14,1.0
lec_degradation,51001,0.0008721096091903746,base,normal,0.0,5,0,1.0,0.7293515801429749,,
mec_degradation,51001,0.0008721096091903746,base,normal,0.0,5,0,,,0.14,1.0
lec_degradation,51001,0.0008721096091903746,base,normal,0.0,6,0,1.0,0.7293515801429749,,
mec_degradation,51001,0.0008721096091903746,base,normal,0.0,6,0,,,0.14,1.0
lec_degradation,51001,0.0008721096091903746,base,normal,0.0,7,0,1.0,0.7293515801429749,,
mec_degradation,51001,0.0008721096091903746,base,normal,0.0,7,0,,,0.14,1.0
lec_degradation,51001,0.0008721096091903746,base,normal,0.0,8,0,1.0,0.7293515801429749,,
mec_degradation,51001,0.0008721096091903746,base,normal,0.0,8,0,,,0.14,1.0
lec_degradation,51001,0.0008721096091903746,base,normal,0.0,9,0,1.0,0.7293515801429749,,
mec_degradation,51001,0.0008721096091903746,base,normal,0.0,9,0,,,0.14,1.0
lec_degradation,51001,0.0008721096091903746,base,normal,0.0,10,0,1.0,0.7293515801429749,,
mec_degradation,51001,0.0008721096091903746,base,normal,0.0,10,0,,,0.14,1.0
lec_degradation,51001,0.0008721096091903746,base,normal,0.0,11,0,1.0,0.7293515801429749,,
mec_degradation,51001,0.0008721096091903746,base,normal,0.0,11,0,,,0.14,1.0
lec_degradation,51001,0.0008721096091903746,base,normal,0.25,0,6,1.0,0.7282790541648865,,
mec_degradation,51001,0.0008721096091903746,base,normal,0.25,0,6,,,0.14,1.0
lec_degradation,51001,0.0008721096091903746,base,normal,0.25,1,6,1.0,0.7274576425552368,,
mec_degradation,51001,0.0008721096091903746,base,normal,0.25,1,6,,,0.18,1.0
lec_degradation,51001,0.0008721096091903746,base,normal,0.25,2,6,1.0,0.7373318672180176,,
mec_degradation,51001,0.0008721096091903746,base,normal,0.25,2,6,,,0.16,1.0
lec_degradation,51001,0.0008721096091903746,base,normal,0.25,3,6,1.0,0.7297866940498352,,
mec_degradation,51001,0.0008721096091903746,base,normal,0.25,3,6,,,0.12,1.0
lec_degradation,51001,0.0008721096091903746,base,normal,0.25,4,6,1.0,0.7124837636947632,,
mec_degradation,51001,0.0008721096091903746,base,normal,0.25,4,6,,,0.12,1.0
lec_degradation,51001,0.0008721096091903746,base,normal,0.25,5,6,1.0,0.7196770310401917,,
mec_degradation,51001,0.0008721096091903746,base,normal,0.25,5,6,,,0.14,1.0
lec_degradation,51001,0.0008721096091903746,base,normal,0.25,6,6,1.0,0.7422657608985901,,
mec_degradation,51001,0.0008721096091903746,base,normal,0.25,6,6,,,0.14,1.0
lec_degradation,51001,0.0008721096091903746,base,normal,0.25,7,6,1.0,0.7108083367347717,,
mec_degradation,51001,0.0008721096091903746,base,normal,0.25,7,6,,,0.16,1.0
lec_degradation,51001,0.0008721096091903746,base,normal,0.25,8,6,1.0,0.7410066723823547,,
mec_degradation,51001,0.0008721096091903746,base,normal,0.25,8,6,,,0.12,1.0
lec_degradation,51001,0.0008721096091903746,base,normal,0.25,9,6,1.0,0.7139720916748047,,
mec_degradation,51001,0.0008721096091903746,base,normal,0.25,9,6,,,0.16,1.0
lec_degradation,51001,0.0008721096091903746,base,normal,0.25,10,6,1.0,0.7299510836601257,,
mec_degradation,51001,0.0008721096091903746,base,normal,0.25,10,6,,,0.2,1.0
lec_degradation,51001,0.0008721096091903746,base,normal,0.25,11,6,1.0,0.711742639541626,,
mec_degradation,51001,0.0008721096091903746,base,normal,0.25,11,6,,,0.14,1.0
lec_degradation,51001,0.0008721096091903746,base,normal,0.5,0,12,1.0,0.7357228994369507,,
mec_degradation,51001,0.0008721096091903746,base,normal,0.5,0,12,,,0.14,1.0
lec_degradation,51001,0.0008721096091903746,base,normal,0.5,1,12,1.0,0.6919465065002441,,
mec_degradation,51001,0.0008721096091903746,base,normal,0.5,1,12,,,0.06,1.0
lec_degradation,51001,0.0008721096091903746,base,normal,0.5,2,12,1.0,0.7191179394721985,,
mec_degradation,51001,0.0008721096091903746,base,normal,0.5,2,12,,,0.14,1.0
lec_degradation,51001,0.0008721096091903746,base,normal,0.5,3,12,1.0,0.7412261962890625,,
mec_degradation,51001,0.0008721096091903746,base,normal,0.5,3,12,,,0.14,1.0
lec_degradation,51001,0.0008721096091903746,base,normal,0.5,4,12,1.0,0.7306336164474487,,
mec_degradation,51001,0.0008721096091903746,base,normal,0.5,4,12,,,0.06,1.0
lec_degradation,51001,0.0008721096091903746,base,normal,0.5,5,12,1.0,0.7346267104148865,,
mec_degradation,51001,0.0008721096091903746,base,normal,0.5,5,12,,,0.08,1.0
lec_degradation,51001,0.0008721096091903746,base,normal,0.5,6,12,1.0,0.7325014472007751,,
mec_degradation,51001,0.0008721096091903746,base,normal,0.5,6,12,,,0.06,1.0
lec_degradation,51001,0.0008721096091903746,base,normal,0.5,7,12,1.0,0.7345178723335266,,
mec_degradation,51001,0.0008721096091903746,base,normal,0.5,7,12,,,0.08,1.0
lec_degradation,51001,0.0008721096091903746,base,normal,0.5,8,12,1.0,0.7195380926132202,,
mec_degradation,51001,0.0008721096091903746,base,normal,0.5,8,12,,,0.1,1.0
lec_degradation,51001,0.0008721096091903746,base,normal,0.5,9,12,1.0,0.7295310497283936,,
mec_degradation,51001,0.0008721096091903746,base,normal,0.5,9,12,,,0.1,1.0
lec_degradation,51001,0.0008721096091903746,base,normal,0.5,10,12,1.0,0.7333478331565857,,
mec_degradation,51001,0.0008721096091903746,base,normal,0.5,10,12,,,0.14,1.0
lec_degradation,51001,0.0008721096091903746,base,normal,0.5,11,12,1.0,0.7302438616752625,,
mec_degradation,51001,0.0008721096091903746,base,normal,0.5,11,12,,,0.1,1.0
lec_degradation,51001,0.0008721096091903746,base,normal,0.75,0,19,1.0,0.737632691860199,,
mec_degradation,51001,0.0008721096091903746,base,normal,0.75,0,19,,,0.08,1.0
lec_degradation,51001,0.0008721096091903746,base,normal,0.75,1,19,1.0,0.7466257214546204,,
mec_degradation,51001,0.0008721096091903746,base,normal,0.75,1,19,,,0.06,1.0
lec_degradation,51001,0.0008721096091903746,base,normal,0.75,2,19,1.0,0.735038697719574,,
mec_degradation,51001,0.0008721096091903746,base,normal,0.75,2,19,,,0.1,1.0
lec_degradation,51001,0.0008721096091903746,base,normal,0.75,3,19,1.0,0.7195609211921692,,
mec_degradation,51001,0.0008721096091903746,base,normal,0.75,3,19,,,0.06,1.0
lec_degradation,51001,0.0008721096091903746,base,normal,0.75,4,19,1.0,0.7276467084884644,,
mec_degradation,51001,0.0008721096091903746,base,normal,0.75,4,19,,,0.08,1.0
lec_degradation,51001,0.0008721096091903746,base,normal,0.75,5,19,1.0,0.7411545515060425,,
mec_degradation,51001,0.0008721096091903746,base,normal,0.75,5,19,,,0.1,1.0
lec_degradation,51001,0.0008721096091903746,base,normal,0.75,6,19,1.0,0.7349770069122314,,
mec_degradation,51001,0.0008721096091903746,base,normal,0.75,6,19,,,0.06,1.0
lec_degradation,51001,0.0008721096091903746,base,normal,0.75,7,19,1.0,0.7375438809394836,,
mec_degradation,51001,0.0008721096091903746,base,normal,0.75,7,19,,,0.14,1.0
lec_degradation,51001,0.0008721096091903746,base,normal,0.75,8,19,1.0,0.7324216365814209,,
mec_degradation,51001,0.0008721096091903746,base,normal,0.75,8,19,,,0.04,1.0
lec_degradation,51001,0.0008721096091903746,base,normal,0.75,9,19,1.0,0.7379502654075623,,
mec_degradation,51001,0.0008721096091903746,base,normal,0.75,9,19,,,0.08,1.0
lec_degradation,51001,0.0008721096091903746,base,normal,0.75,10,19,1.0,0.7323973774909973,,
mec_degradation,51001,0.0008721096091903746,base,normal,0.75,10,19,,,0.08,1.0
lec_degradation,51001,0.0008721096091903746,base,normal,0.75,11,19,1.0,0.7444843053817749,,
mec_degradation,51001,0.0008721096091903746,base,normal,0.75,11,19,,,0.12,1.0
lec_degradation,51001,0.0008721096091903746,base,normal,0.9,0,22,1.0,0.7187227606773376,,
mec_degradation,51001,0.0008721096091903746,base,normal,0.9,0,22,,,0.12,1.0
lec_degradation,51001,0.0008721096091903746,base,normal,0.9,1,22,1.0,0.7544605731964111,,
mec_degradation,51001,0.0008721096091903746,base,normal,0.9,1,22,,,0.1,1.0
lec_degradation,51001,0.0008721096091903746,base,normal,0.9,2,22,1.0,0.7387593984603882,,
mec_degradation,51001,0.0008721096091903746,base,normal,0.9,2,22,,,0.04,1.0
lec_degradation,51001,0.0008721096091903746,base,normal,0.9,3,22,1.0,0.7394731044769287,,
mec_degradation,51001,0.0008721096091903746,base,normal,0.9,3,22,,,0.08,1.0
lec_degradation,51001,0.0008721096091903746,base,normal,0.9,4,22,1.0,0.7374128103256226,,
mec_degradation,51001,0.0008721096091903746,base,normal,0.9,4,22,,,0.06,1.0
lec_degradation,51001,0.0008721096091903746,base,normal,0.9,5,22,1.0,0.7370482683181763,,
mec_degradation,51001,0.0008721096091903746,base,normal,0.9,5,22,,,0.06,1.0
lec_degradation,51001,0.0008721096091903746,base,normal,0.9,6,22,1.0,0.7274259924888611,,
mec_degradation,51001,0.0008721096091903746,base,normal,0.9,6,22,,,0.08,1.0
lec_degradation,51001,0.0008721096091903746,base,normal,0.9,7,22,1.0,0.75069260597229,,
mec_degradation,51001,0.0008721096091903746,base,normal,0.9,7,22,,,0.04,1.0
lec_degradation,51001,0.0008721096091903746,base,normal,0.9,8,22,1.0,0.728177547454834,,
mec_degradation,51001,0.0008721096091903746,base,normal,0.9,8,22,,,0.12,1.0
lec_degradation,51001,0.0008721096091903746,base,normal,0.9,9,22,1.0,0.7455670833587646,,
mec_degradation,51001,0.0008721096091903746,base,normal,0.9,9,22,,,0.04,1.0
lec_degradation,51001,0.0008721096091903746,base,normal,0.9,10,22,1.0,0.7540540099143982,,
mec_degradation,51001,0.0008721096091903746,base,normal,0.9,10,22,,,0.06,1.0
lec_degradation,51001,0.0008721096091903746,base,normal,0.9,11,22,1.0,0.7445535063743591,,
mec_degradation,51001,0.0008721096091903746,base,normal,0.9,11,22,,,0.06,1.0
lec_degradation,51001,0.0008721096091903746,base,dense,0.0,0,0,0.5,0.17396655678749084,,
mec_degradation,51001,0.0008721096091903746,base,dense,0.0,0,0,,,0.02,0.5
lec_degradation,51001,0.0008721096091903746,base,dense,0.0,1,0,0.5,0.17396655678749084,,
mec_degradation,51001,0.0008721096091903746,base,dense,0.0,1,0,,,0.02,0.5
lec_degradation,51001,0.0008721096091903746,base,dense,0.0,2,0,0.5,0.17396655678749084,,
mec_degradation,51001,0.0008721096091903746,base,dense,0.0,2,0,,,0.02,0.5
lec_degradation,51001,0.0008721096091903746,base,dense,0.0,3,0,0.5,0.17396655678749084,,
mec_degradation,51001,0.0008721096091903746,base,dense,0.0,3,0,,,0.02,0.5
lec_degradation,51001,0.0008721096091903746,base,dense,0.0,4,0,0.5,0.17396655678749084,,
mec_degradation,51001,0.0008721096091903746,base,dense,0.0,4,0,,,0.02,0.5
lec_degradation,51001,0.0008721096091903746,base,dense,0.0,5,0,0.5,0.17396655678749084,,
mec_degradation,51001,0.0008721096091903746,base,dense,0.0,5,0,,,0.02,0.5
lec_degradation,51001,0.0008721096091903746,base,dense,0.0,6,0,0.5,0.17396655678749084,,
mec_degradation,51001,0.0008721096091903746,base,dense,0.0,6,0,,,0.02,0.5
lec_degradation,51001,0.0008721096091903746,base,dense,0.0,7,0,0.5,0.17396655678749084,,
mec_degradation,51001,0.0008721096091903746,base,dense,0.0,7,0,,,0.02,0.5
lec_degradation,51001,0.0008721096091903746,base,dense,0.0,8,0,0.5,0.17396655678749084,,
mec_degradation,51001,0.0008721096091903746,base,dense,0.0,8,0,,,0.02,0.5
lec_degradation,51001,0.0008721096091903746,base,dense,0.0,9,0,0.5,0.17396655678749084,,
mec_degradation,51001,0.0008721096091903746,base,dense,0.0,9,0,,,0.02,0.5
lec_degradation,51001,0.0008721096091903746,base,dense,0.0,10,0,0.5,0.17396655678749084,,
mec_degradation,51001,0.0008721096091903746,base,dense,0.0,10,0,,,0.02,0.5
lec_degradation,51001,0.0008721096091903746,base,dense,0.0,11,0,0.5,0.17396655678749084,,
mec_degradation,51001,0.0008721096091903746,base,dense,0.0,11,0,,,0.02,0.5
lec_degradation,51001,0.0008721096091903746,base,dense,0.25,0,6,0.5,0.17396655678749084,,
mec_degradation,51001,0.0008721096091903746,base,dense,0.25,0,6,,,0.02,0.5
lec_degradation,51001,0.0008721096091903746,base,dense,0.25,1,6,0.5,0.17396655678749084,,
mec_degradation,51001,0.0008721096091903746,base,dense,0.25,1,6,,,0.02,0.5
lec_degradation,51001,0.0008721096091903746,base,dense,0.25,2,6,0.5,0.17396655678749084,,
mec_degradation,51001,0.0008721096091903746,base,dense,0.25,2,6,,,0.02,0.5
lec_degradation,51001,0.0008721096091903746,base,dense,0.25,3,6,0.5,0.17396655678749084,,
mec_degradation,51001,0.0008721096091903746,base,dense,0.25,3,6,,,0.02,0.5
lec_degradation,51001,0.0008721096091903746,base,dense,0.25,4,6,0.5,0.17396655678749084,,
mec_degradation,51001,0.0008721096091903746,base,dense,0.25,4,6,,,0.02,0.5
lec_degradation,51001,0.0008721096091903746,base,dense,0.25,5,6,0.5,0.17396655678749084,,
mec_degradation,51001,0.0008721096091903746,base,dense,0.25,5,6,,,0.02,0.5
lec_degradation,51001,0.0008721096091903746,base,dense,0.25,6,6,0.5,0.17396655678749084,,
mec_degradation,51001,0.0008721096091903746,base,dense,0.25,6,6,,,0.02,0.5
lec_degradation,51001,0.0008721096091903746,base,dense,0.25,7,6,0.5,0.17396655678749084,,
mec_degradation,51001,0.0008721096091903746,base,dense,0.25,7,6,,,0.02,0.5
lec_degradation,51001,0.0008721096091903746,base,dense,0.25,8,6,0.5,0.17396655678749084,,
mec_degradation,51001,0.0008721096091903746,base,dense,0.25,8,6,,,0.02,0.5
lec_degradation,51001,0.0008721096091903746,base,dense,0.25,9,6,0.5,0.17396655678749084,,
mec_degradation,51001,0.0008721096091903746,base,dense,0.25,9,6,,,0.02,0.5
lec_degradation,51001,0.0008721096091903746,base,dense,0.25,10,6,0.5,0.17396655678749084,,
mec_degradation,51001,0.0008721096091903746,base,dense,0.25,10,6,,,0.02,0.5
lec_degradation,51001,0.0008721096091903746,base,dense,0.25,11,6,0.5,0.17396655678749084,,
mec_degradation,51001,0.0008721096091903746,base,dense,0.25,11,6,,,0.02,0.5
lec_degradation,51001,0.0008721096091903746,base,dense,0.5,0,12,0.5,0.17396655678749084,,
mec_degradation,51001,0.0008721096091903746,base,dense,0.5,0,12,,,0.02,0.5
lec_degradation,51001,0.0008721096091903746,base,dense,0.5,1,12,0.5,0.17396655678749084,,
mec_degradation,51001,0.0008721096091903746,base,dense,0.5,1,12,,,0.02,0.5
lec_degradation,51001,0.0008721096091903746,base,dense,0.5,2,12,0.5,0.17396655678749084,,
mec_degradation,51001,0.0008721096091903746,base,dense,0.5,2,12,,,0.02,0.5
lec_degradation,51001,0.0008721096091903746,base,dense,0.5,3,12,0.5,0.17396655678749084,,
mec_degradation,51001,0.0008721096091903746,base,dense,0.5,3,12,,,0.02,0.5
lec_degradation,51001,0.0008721096091903746,base,dense,0.5,4,12,0.5,0.17396655678749084,,
mec_degradation,51001,0.0008721096091903746,base,dense,0.5,4,12,,,0.02,0.5
lec_degradation,51001,0.0008721096091903746,base,dense,0.5,5,12,0.5,0.17396655678749084,,
mec_degradation,51001,0.0008721096091903746,base,dense,0.5,5,12,,,0.02,0.5
lec_degradation,51001,0.0008721096091903746,base,dense,0.5,6,12,0.5,0.17396655678749084,,
mec_degradation,51001,0.0008721096091903746,base,dense,0.5,6,12,,,0.02,0.5
lec_degradation,51001,0.0008721096091903746,base,dense,0.5,7,12,0.5,0.17396655678749084,,
mec_degradation,51001,0.0008721096091903746,base,dense,0.5,7,12,,,0.02,0.5
lec_degradation,51001,0.0008721096091903746,base,dense,0.5,8,12,0.5,0.17396655678749084,,
mec_degradation,51001,0.0008721096091903746,base,dense,0.5,8,12,,,0.02,0.5
lec_degradation,51001,0.0008721096091903746,base,dense,0.5,9,12,0.5,0.17396655678749084,,
mec_degradation,51001,0.0008721096091903746,base,dense,0.5,9,12,,,0.02,0.5
lec_degradation,51001,0.0008721096091903746,base,dense,0.5,10,12,0.5,0.17396655678749084,,
mec_degradation,51001,0.0008721096091903746,base,dense,0.5,10,12,,,0.02,0.5
lec_degradation,51001,0.0008721096091903746,base,dense,0.5,11,12,0.5,0.17396655678749084,,
mec_degradation,51001,0.0008721096091903746,base,dense,0.5,11,12,,,0.02,0.5
lec_degradation,51001,0.0008721096091903746,base,dense,0.75,0,19,0.5,0.17396655678749084,,
mec_degradation,51001,0.0008721096091903746,base,dense,0.75,0,19,,,0.02,0.5
lec_degradation,51001,0.0008721096091903746,base,dense,0.75,1,19,0.5,0.17396655678749084,,
mec_degradation,51001,0.0008721096091903746,base,dense,0.75,1,19,,,0.02,0.5
lec_degradation,51001,0.0008721096091903746,base,dense,0.75,2,19,0.5,0.17396655678749084,,
mec_degradation,51001,0.0008721096091903746,base,dense,0.75,2,19,,,0.02,0.5
lec_degradation,51001,0.0008721096091903746,base,dense,0.75,3,19,0.5,0.17396655678749084,,
mec_degradation,51001,0.0008721096091903746,base,dense,0.75,3,19,,,0.02,0.5
lec_degradation,51001,0.0008721096091903746,base,dense,0.75,4,19,0.5,0.17396655678749084,,
mec_degradation,51001,0.0008721096091903746,base,dense,0.75,4,19,,,0.02,0.5
lec_degradation,51001,0.0008721096091903746,base,dense,0.75,5,19,0.5,0.17396655678749084,,
mec_degradation,51001,0.0008721096091903746,base,dense,0.75,5,19,,,0.02,0.5
lec_degradation,51001,0.0008721096091903746,base,dense,0.75,6,19,0.5,0.17396655678749084,,
mec_degradation,51001,0.0008721096091903746,base,dense,0.75,6,19,,,0.02,0.5
lec_degradation,51001,0.0008721096091903746,base,dense,0.75,7,19,0.5,0.17396655678749084,,
mec_degradation,51001,0.0008721096091903746,base,dense,0.75,7,19,,,0.02,0.5
lec_degradation,51001,0.0008721096091903746,base,dense,0.75,8,19,0.5,0.17396655678749084,,
mec_degradation,51001,0.0008721096091903746,base,dense,0.75,8,19,,,0.02,0.5
lec_degradation,51001,0.0008721096091903746,base,dense,0.75,9,19,0.5,0.17396655678749084,,
mec_degradation,51001,0.0008721096091903746,base,dense,0.75,9,19,,,0.02,0.5
lec_degradation,51001,0.0008721096091903746,base,dense,0.75,10,19,0.5,0.17396655678749084,,
mec_degradation,51001,0.0008721096091903746,base,dense,0.75,10,19,,,0.02,0.5
lec_degradation,51001,0.0008721096091903746,base,dense,0.75,11,19,0.5,0.17396655678749084,,
mec_degradation,51001,0.0008721096091903746,base,dense,0.75,11,19,,,0.02,0.5
lec_degradation,51001,0.0008721096091903746,base,dense,0.9,0,22,0.5,0.17396655678749084,,
mec_degradation,51001,0.0008721096091903746,base,dense,0.9,0,22,,,0.02,0.5
lec_degradation,51001,0.0008721096091903746,base,dense,0.9,1,22,0.5,0.17396655678749084,,
mec_degradation,51001,0.0008721096091903746,base,dense,0.9,1,22,,,0.02,0.5
lec_degradation,51001,0.0008721096091903746,base,dense,0.9,2,22,0.5,0.17396655678749084,,
mec_degradation,51001,0.0008721096091903746,base,dense,0.9,2,22,,,0.02,0.5
lec_degradation,51001,0.0008721096091903746,base,dense,0.9,3,22,0.5,0.17396655678749084,,
mec_degradation,51001,0.0008721096091903746,base,dense,0.9,3,22,,,0.02,0.5
lec_degradation,51001,0.0008721096091903746,base,dense,0.9,4,22,0.5,0.17396655678749084,,
mec_degradation,51001,0.0008721096091903746,base,dense,0.9,4,22,,,0.02,0.5
lec_degradation,51001,0.0008721096091903746,base,dense,0.9,5,22,0.5,0.17396655678749084,,
mec_degradation,51001,0.0008721096091903746,base,dense,0.9,5,22,,,0.02,0.5
lec_degradation,51001,0.0008721096091903746,base,dense,0.9,6,22,0.5,0.17396655678749084,,
mec_degradation,51001,0.0008721096091903746,base,dense,0.9,6,22,,,0.02,0.5
lec_degradation,51001,0.0008721096091903746,base,dense,0.9,7,22,0.5,0.17396655678749084,,
mec_degradation,51001,0.0008721096091903746,base,dense,0.9,7,22,,,0.02,0.5
lec_degradation,51001,0.0008721096091903746,base,dense,0.9,8,22,0.5,0.17396655678749084,,
mec_degradation,51001,0.0008721096091903746,base,dense,0.9,8,22,,,0.02,0.5
lec_degradation,51001,0.0008721096091903746,base,dense,0.9,9,22,0.5,0.17396655678749084,,
mec_degradation,51001,0.0008721096091903746,base,dense,0.9,9,22,,,0.02,0.5
lec_degradation,51001,0.0008721096091903746,base,dense,0.9,10,22,0.5,0.17396655678749084,,
mec_degradation,51001,0.0008721096091903746,base,dense,0.9,10,22,,,0.02,0.5
lec_degradation,51001,0.0008721096091903746,base,dense,0.9,11,22,0.5,0.17396655678749084,,
mec_degradation,51001,0.0008721096091903746,base,dense,0.9,11,22,,,0.02,0.5
lec_degradation,51001,0.0008721096091903746,err2,normal,0.0,0,0,1.0,0.9058066606521606,,
mec_degradation,51001,0.0008721096091903746,err2,normal,0.0,0,0,,,0.74,1.0
lec_degradation,51001,0.0008721096091903746,err2,normal,0.0,1,0,1.0,0.9058066606521606,,
mec_degradation,51001,0.0008721096091903746,err2,normal,0.0,1,0,,,0.74,1.0
lec_degradation,51001,0.0008721096091903746,err2,normal,0.0,2,0,1.0,0.9058066606521606,,
mec_degradation,51001,0.0008721096091903746,err2,normal,0.0,2,0,,,0.74,1.0
lec_degradation,51001,0.0008721096091903746,err2,normal,0.0,3,0,1.0,0.9058066606521606,,
mec_degradation,51001,0.0008721096091903746,err2,normal,0.0,3,0,,,0.74,1.0
lec_degradation,51001,0.0008721096091903746,err2,normal,0.0,4,0,1.0,0.9058066606521606,,
mec_degradation,51001,0.0008721096091903746,err2,normal,0.0,4,0,,,0.74,1.0
lec_degradation,51001,0.0008721096091903746,err2,normal,0.0,5,0,1.0,0.9058066606521606,,
mec_degradation,51001,0.0008721096091903746,err2,normal,0.0,5,0,,,0.74,1.0
lec_degradation,51001,0.0008721096091903746,err2,normal,0.0,6,0,1.0,0.9058066606521606,,
mec_degradation,51001,0.0008721096091903746,err2,normal,0.0,6,0,,,0.74,1.0
lec_degradation,51001,0.0008721096091903746,err2,normal,0.0,7,0,1.0,0.9058066606521606,,
mec_degradation,51001,0.0008721096091903746,err2,normal,0.0,7,0,,,0.74,1.0
lec_degradation,51001,0.0008721096091903746,err2,normal,0.0,8,0,1.0,0.9058066606521606,,
mec_degradation,51001,0.0008721096091903746,err2,normal,0.0,8,0,,,0.74,1.0
lec_degradation,51001,0.0008721096091903746,err2,normal,0.0,9,0,1.0,0.9058066606521606,,
mec_degradation,51001,0.0008721096091903746,err2,normal,0.0,9,0,,,0.74,1.0
lec_degradation,51001,0.0008721096091903746,err2,normal,0.0,10,0,1.0,0.9058066606521606,,
mec_degradation,51001,0.0008721096091903746,err2,normal,0.0,10,0,,,0.74,1.0
lec_degradation,51001,0.0008721096091903746,err2,normal,0.0,11,0,1.0,0.9058066606521606,,
mec_degradation,51001,0.0008721096091903746,err2,normal,0.0,11,0,,,0.74,1.0
lec_degradation,51001,0.0008721096091903746,err2,normal,0.25,0,6,1.0,0.7983289957046509,,
mec_degradation,51001,0.0008721096091903746,err2,normal,0.25,0,6,,,0.4,1.0
lec_degradation,51001,0.0008721096091903746,err2,normal,0.25,1,6,1.0,0.8445179462432861,,
mec_degradation,51001,0.0008721096091903746,err2,normal,0.25,1,6,,,0.3,1.0
lec_degradation,51001,0.0008721096091903746,err2,normal,0.25,2,6,1.0,0.8774062991142273,,
mec_degradation,51001,0.0008721096091903746,err2,normal,0.25,2,6,,,0.44,1.0
lec_degradation,51001,0.0008721096091903746,err2,normal,0.25,3,6,1.0,0.8767344951629639,,
mec_degradation,51001,0.0008721096091903746,err2,normal,0.25,3,6,,,0.42,1.0
lec_degradation,51001,0.0008721096091903746,err2,normal,0.25,4,6,1.0,0.8525758385658264,,
mec_degradation,51001,0.0008721096091903746,err2,normal,0.25,4,6,,,0.46,1.0
lec_degradation,51001,0.0008721096091903746,err2,normal,0.25,5,6,0.5,0.790053129196167,,
mec_degradation,51001,0.0008721096091903746,err2,normal,0.25,5,6,,,0.44,1.0
lec_degradation,51001,0.0008721096091903746,err2,normal,0.25,6,6,0.5,0.8397721648216248,,
mec_degradation,51001,0.0008721096091903746,err2,normal,0.25,6,6,,,0.48,1.0
lec_degradation,51001,0.0008721096091903746,err2,normal,0.25,7,6,1.0,0.8380492925643921,,
mec_degradation,51001,0.0008721096091903746,err2,normal,0.25,7,6,,,0.4,1.0
lec_degradation,51001,0.0008721096091903746,err2,normal,0.25,8,6,0.5,0.825339138507843,,
mec_degradation,51001,0.0008721096091903746,err2,normal,0.25,8,6,,,0.48,1.0
lec_degradation,51001,0.0008721096091903746,err2,normal,0.25,9,6,1.0,0.8632074594497681,,
mec_degradation,51001,0.0008721096091903746,err2,normal,0.25,9,6,,,0.4,1.0
lec_degradation,51001,0.0008721096091903746,err2,normal,0.25,10,6,1.0,0.8725645542144775,,
mec_degradation,51001,0.0008721096091903746,err2,normal,0.25,10,6,,,0.46,1.0
lec_degradation,51001,0.0008721096091903746,err2,normal,0.25,11,6,0.5,0.8053013682365417,,
mec_degradation,51001,0.0008721096091903746,err2,normal,0.25,11,6,,,0.44,1.0
lec_degradation,51001,0.0008721096091903746,err2,normal,0.5,0,12,1.0,0.8372883796691895,,
mec_degradation,51001,0.0008721096091903746,err2,normal,0.5,0,12,,,0.22,1.0
lec_degradation,51001,0.0008721096091903746,err2,normal,0.5,1,12,1.0,0.809806227684021,,
mec_degradation,51001,0.0008721096091903746,err2,normal,0.5,1,12,,,0.2,1.0
lec_degradation,51001,0.0008721096091903746,err2,normal,0.5,2,12,1.0,0.8313499689102173,,
mec_degradation,51001,0.0008721096091903746,err2,normal,0.5,2,12,,,0.16,1.0
lec_degradation,51001,0.0008721096091903746,err2,normal,0.5,3,12,1.0,0.839519739151001,,
mec_degradation,51001,0.0008721096091903746,err2,normal,0.5,3,12,,,0.26,1.0
lec_degradation,51001,0.0008721096091903746,err2,normal,0.5,4,12,1.0,0.8059845566749573,,
mec_degradation,51001,0.0008721096091903746,err2,normal,0.5,4,12,,,0.16,1.0
lec_degradation,51001,0.0008721096091903746,err2,normal,0.5,5,12,0.5,0.7663944363594055,,
mec_degradation,51001,0.0008721096091903746,err2,normal,0.5,5,12,,,0.28,1.0
lec_degradation,51001,0.0008721096091903746,err2,normal,0.5,6,12,1.0,0.8350707292556763,,
mec_degradation,51001,0.0008721096091903746,err2,normal,0.5,6,12,,,0.36,1.0
lec_degradation,51001,0.0008721096091903746,err2,normal,0.5,7,12,1.0,0.8098049759864807,,
mec_degradation,51001,0.0008721096091903746,err2,normal,0.5,7,12,,,0.2,1.0
lec_degradation,51001,0.0008721096091903746,err2,normal,0.5,8,12,0.5,0.7732511162757874,,
mec_degradation,51001,0.0008721096091903746,err2,normal,0.5,8,12,,,0.16,1.0
lec_degradation,51001,0.0008721096091903746,err2,normal,0.5,9,12,0.5,0.7985947132110596,,
mec_degradation,51001,0.0008721096091903746,err2,normal,0.5,9,12,,,0.28,1.0
lec_degradation,51001,0.0008721096091903746,err2,normal,0.5,10,12,1.0,0.8054274916648865,,
mec_degradation,51001,0.0008721096091903746,err2,normal,0.5,10,12,,,0.24,1.0
lec_degradation,51001,0.0008721096091903746,err2,normal,0.5,11,12,0.5,0.7682631611824036,,
mec_degradation,51001,0.0008721096091903746,err2,normal,0.5,11,12,,,0.14,1.0
lec_degradation,51001,0.0008721096091903746,err2,normal,0.75,0,19,1.0,0.8087930083274841,,
mec_degradation,51001,0.0008721096091903746,err2,normal,0.75,0,19,,,0.16,1.0
lec_degradation,51001,0.0008721096091903746,err2,normal,0.75,1,19,1.0,0.8291581869125366,,
mec_degradation,51001,0.0008721096091903746,err2,normal,0.75,1,19,,,0.1,1.0
lec_degradation,51001,0.0008721096091903746,err2,normal,0.75,2,19,1.0,0.7728748917579651,,
mec_degradation,51001,0.0008721096091903746,err2,normal,0.75,2,19,,,0.18,1.0
lec_degradation,51001,0.0008721096091903746,err2,normal,0.75,3,19,1.0,0.8039114475250244,,
mec_degradation,51001,0.0008721096091903746,err2,normal,0.75,3,19,,,0.08,1.0
lec_degradation,51001,0.0008721096091903746,err2,normal,0.75,4,19,1.0,0.7962268590927124,,
mec_degradation,51001,0.0008721096091903746,err2,normal,0.75,4,19,,,0.06,1.0
lec_degradation,51001,0.0008721096091903746,err2,normal,0.75,5,19,1.0,0.8092138767242432,,
mec_degradation,51001,0.0008721096091903746,err2,normal,0.75,5,19,,,0.1,1.0
lec_degradation,51001,0.0008721096091903746,err2,normal,0.75,6,19,1.0,0.7955341935157776,,
mec_degradation,51001,0.0008721096091903746,err2,normal,0.75,6,19,,,0.08,1.0
lec_degradation,51001,0.0008721096091903746,err2,normal,0.75,7,19,1.0,0.8176161050796509,,
mec_degradation,51001,0.0008721096091903746,err2,normal,0.75,7,19,,,0.08,1.0
lec_degradation,51001,0.0008721096091903746,err2,normal,0.75,8,19,1.0,0.8205228447914124,,
mec_degradation,51001,0.0008721096091903746,err2,normal,0.75,8,19,,,0.06,1.0
lec_degradation,51001,0.0008721096091903746,err2,normal,0.75,9,19,1.0,0.8152686357498169,,
mec_degradation,51001,0.0008721096091903746,err2,normal,0.75,9,19,,,0.12,1.0
lec_degradation,51001,0.0008721096091903746,err2,normal,0.75,10,19,1.0,0.8199459910392761,,
mec_degradation,51001,0.0008721096091903746,err2,normal,0.75,10,19,,,0.06,1.0
lec_degradation,51001,0.0008721096091903746,err2,normal,0.75,11,19,1.0,0.8050383925437927,,
mec_degradation,51001,0.0008721096091903746,err2,normal,0.75,11,19,,,0.18,1.0
lec_degradation,51001,0.0008721096091903746,err2,normal,0.9,0,22,1.0,0.7761368751525879,,
mec_degradation,51001,0.0008721096091903746,err2,normal,0.9,0,22,,,0.06,1.0
lec_degradation,51001,0.0008721096091903746,err2,normal,0.9,1,22,0.5,0.7813835144042969,,
mec_degradation,51001,0.0008721096091903746,err2,normal,0.9,1,22,,,0.1,1.0
lec_degradation,51001,0.0008721096091903746,err2,normal,0.9,2,22,1.0,0.8313825726509094,,
mec_degradation,51001,0.0008721096091903746,err2,normal,0.9,2,22,,,0.04,1.0
lec_degradation,51001,0.0008721096091903746,err2,normal,0.9,3,22,1.0,0.8141124844551086,,
mec_degradation,51001,0.0008721096091903746,err2,normal,0.9,3,22,,,0.04,1.0
lec_degradation,51001,0.0008721096091903746,err2,normal,0.9,4,22,1.0,0.8205810785293579,,
mec_degradation,51001,0.0008721096091903746,err2,normal,0.9,4,22,,,0.02,1.0
lec_degradation,51001,0.0008721096091903746,err2,normal,0.9,5,22,1.0,0.8114425539970398,,
mec_degradation,51001,0.0008721096091903746,err2,normal,0.9,5,22,,,0.08,1.0
lec_degradation,51001,0.0008721096091903746,err2,normal,0.9,6,22,1.0,0.800190269947052,,
mec_degradation,51001,0.0008721096091903746,err2,normal,0.9,6,22,,,0.02,1.0
lec_degradation,51001,0.0008721096091903746,err2,normal,0.9,7,22,1.0,0.8215513825416565,,
mec_degradation,51001,0.0008721096091903746,err2,normal,0.9,7,22,,,0.06,1.0
lec_degradation,51001,0.0008721096091903746,err2,normal,0.9,8,22,1.0,0.8157339692115784,,
mec_degradation,51001,0.0008721096091903746,err2,normal,0.9,8,22,,,0.04,1.0
lec_degradation,51001,0.0008721096091903746,err2,normal,0.9,9,22,1.0,0.8274672627449036,,
mec_degradation,51001,0.0008721096091903746,err2,normal,0.9,9,22,,,0.02,1.0
lec_degradation,51001,0.0008721096091903746,err2,normal,0.9,10,22,1.0,0.8266648650169373,,
mec_degradation,51001,0.0008721096091903746,err2,normal,0.9,10,22,,,0.02,1.0
lec_degradation,51001,0.0008721096091903746,err2,normal,0.9,11,22,1.0,0.8381770253181458,,
mec_degradation,51001,0.0008721096091903746,err2,normal,0.9,11,22,,,0.06,1.0
lec_degradation,51001,0.0008721096091903746,err2,dense,0.0,0,0,0.5,0.31646808981895447,,
mec_degradation,51001,0.0008721096091903746,err2,dense,0.0,0,0,,,0.02,0.5
lec_degradation,51001,0.0008721096091903746,err2,dense,0.0,1,0,0.5,0.31646808981895447,,
mec_degradation,51001,0.0008721096091903746,err2,dense,0.0,1,0,,,0.02,0.5
lec_degradation,51001,0.0008721096091903746,err2,dense,0.0,2,0,0.5,0.31646808981895447,,
mec_degradation,51001,0.0008721096091903746,err2,dense,0.0,2,0,,,0.02,0.5
lec_degradation,51001,0.0008721096091903746,err2,dense,0.0,3,0,0.5,0.31646808981895447,,
mec_degradation,51001,0.0008721096091903746,err2,dense,0.0,3,0,,,0.02,0.5
lec_degradation,51001,0.0008721096091903746,err2,dense,0.0,4,0,0.5,0.31646808981895447,,
mec_degradation,51001,0.0008721096091903746,err2,dense,0.0,4,0,,,0.02,0.5
lec_degradation,51001,0.0008721096091903746,err2,dense,0.0,5,0,0.5,0.31646808981895447,,
mec_degradation,51001,0.0008721096091903746,err2,dense,0.0,5,0,,,0.02,0.5
lec_degradation,51001,0.0008721096091903746,err2,dense,0.0,6,0,0.5,0.31646808981895447,,
mec_degradation,51001,0.0008721096091903746,err2,dense,0.0,6,0,,,0.02,0.5
lec_degradation,51001,0.0008721096091903746,err2,dense,0.0,7,0,0.5,0.31646808981895447,,
mec_degradation,51001,0.0008721096091903746,err2,dense,0.0,7,0,,,0.02,0.5
lec_degradation,51001,0.0008721096091903746,err2,dense,0.0,8,0,0.5,0.31646808981895447,,
mec_degradation,51001,0.0008721096091903746,err2,dense,0.0,8,0,,,0.02,0.5
lec_degradation,51001,0.0008721096091903746,err2,dense,0.0,9,0,0.5,0.31646808981895447,,
mec_degradation,51001,0.0008721096091903746,err2,dense,0.0,9,0,,,0.02,0.5
lec_degradation,51001,0.0008721096091903746,err2,dense,0.0,10,0,0.5,0.31646808981895447,,
mec_degradation,51001,0.0008721096091903746,err2,dense,0.0,10,0,,,0.02,0.5
lec_degradation,51001,0.0008721096091903746,err2,dense,0.0,11,0,0.5,0.31646808981895447,,
mec_degradation,51001,0.0008721096091903746,err2,dense,0.0,11,0,,,0.02,0.5
lec_degradation,51001,0.0008721096091903746,err2,dense,0.25,0,6,0.5,0.31646808981895447,,
mec_degradation,51001,0.0008721096091903746,err2,dense,0.25,0,6,,,0.02,0.5
lec_degradation,51001,0.0008721096091903746,err2,dense,0.25,1,6,0.5,0.31646808981895447,,
mec_degradation,51001,0.0008721096091903746,err2,dense,0.25,1,6,,,0.02,0.5
lec_degradation,51001,0.0008721096091903746,err2,dense,0.25,2,6,0.5,0.31646808981895447,,
mec_degradation,51001,0.0008721096091903746,err2,dense,0.25,2,6,,,0.02,0.5
lec_degradation,51001,0.0008721096091903746,err2,dense,0.25,3,6,0.5,0.31646808981895447,,
mec_degradation,51001,0.0008721096091903746,err2,dense,0.25,3,6,,,0.02,0.5
lec_degradation,51001,0.0008721096091903746,err2,dense,0.25,4,6,0.5,0.31646808981895447,,
mec_degradation,51001,0.0008721096091903746,err2,dense,0.25,4,6,,,0.02,0.5
lec_degradation,51001,0.0008721096091903746,err2,dense,0.25,5,6,0.5,0.31646808981895447,,
mec_degradation,51001,0.0008721096091903746,err2,dense,0.25,5,6,,,0.02,0.5
lec_degradation,51001,0.0008721096091903746,err2,dense,0.25,6,6,0.5,0.31646808981895447,,
mec_degradation,51001,0.0008721096091903746,err2,dense,0.25,6,6,,,0.02,0.5
lec_degradation,51001,0.0008721096091903746,err2,dense,0.25,7,6,0.5,0.31646808981895447,,
mec_degradation,51001,0.0008721096091903746,err2,dense,0.25,7,6,,,0.02,0.5
lec_degradation,51001,0.0008721096091903746,err2,dense,0.25,8,6,0.5,0.31646808981895447,,
mec_degradation,51001,0.0008721096091903746,err2,dense,0.25,8,6,,,0.02,0.5
lec_degradation,51001,0.0008721096091903746,err2,dense,0.25,9,6,0.5,0.31646808981895447,,
mec_degradation,51001,0.0008721096091903746,err2,dense,0.25,9,6,,,0.02,0.5
lec_degradation,51001,0.0008721096091903746,err2,dense,0.25,10,6,0.5,0.31646808981895447,,
mec_degradation,51001,0.0008721096091903746,err2,dense,0.25,10,6,,,0.02,0.5
lec_degradation,51001,0.0008721096091903746,err2,dense,0.25,11,6,0.5,0.31646808981895447,,
mec_degradation,51001,0.0008721096091903746,err2,dense,0.25,11,6,,,0.02,0.5
lec_degradation,51001,0.0008721096091903746,err2,dense,0.5,0,12,0.5,0.31646808981895447,,
mec_degradation,51001,0.0008721096091903746,err2,dense,0.5,0,12,,,0.02,0.5
lec_degradation,51001,0.0008721096091903746,err2,dense,0.5,1,12,0.5,0.31646808981895447,,
mec_degradation,51001,0.0008721096091903746,err2,dense,0.5,1,12,,,0.02,0.5
lec_degradation,51001,0.0008721096091903746,err2,dense,0.5,2,12,0.5,0.31646808981895447,,
mec_degradation,51001,0.0008721096091903746,err2,dense,0.5,2,12,,,0.02,0.5
lec_degradation,51001,0.0008721096091903746,err2,dense,0.5,3,12,0.5,0.31646808981895447,,
mec_degradation,51001,0.0008721096091903746,err2,dense,0.5,3,12,,,0.02,0.5
lec_degradation,51001,0.0008721096091903746,err2,dense,0.5,4,12,0.5,0.31646808981895447,,
mec_degradation,51001,0.0008721096091903746,err2,dense,0.5,4,12,,,0.02,0.5
lec_degradation,51001,0.0008721096091903746,err2,dense,0.5,5,12,0.5,0.31646808981895447,,
mec_degradation,51001,0.0008721096091903746,err2,dense,0.5,5,12,,,0.02,0.5
lec_degradation,51001,0.0008721096091903746,err2,dense,0.5,6,12,0.5,0.31646808981895447,,
mec_degradation,51001,0.0008721096091903746,err2,dense,0.5,6,12,,,0.02,0.5
lec_degradation,51001,0.0008721096091903746,err2,dense,0.5,7,12,0.5,0.31646808981895447,,
mec_degradation,51001,0.0008721096091903746,err2,dense,0.5,7,12,,,0.02,0.5
lec_degradation,51001,0.0008721096091903746,err2,dense,0.5,8,12,0.5,0.31646808981895447,,
mec_degradation,51001,0.0008721096091903746,err2,dense,0.5,8,12,,,0.02,0.5
lec_degradation,51001,0.0008721096091903746,err2,dense,0.5,9,12,0.5,0.31646808981895447,,
mec_degradation,51001,0.0008721096091903746,err2,dense,0.5,9,12,,,0.02,0.5
lec_degradation,51001,0.0008721096091903746,err2,dense,0.5,10,12,0.5,0.31646808981895447,,
mec_degradation,51001,0.0008721096091903746,err2,dense,0.5,10,12,,,0.02,0.5
lec_degradation,51001,0.0008721096091903746,err2,dense,0.5,11,12,0.5,0.31646808981895447,,
mec_degradation,51001,0.0008721096091903746,err2,dense,0.5,11,12,,,0.02,0.5
lec_degradation,51001,0.0008721096091903746,err2,dense,0.75,0,19,0.5,0.31646808981895447,,
mec_degradation,51001,0.0008721096091903746,err2,dense,0.75,0,19,,,0.02,0.5
lec_degradation,51001,0.0008721096091903746,err2,dense,0.75,1,19,0.5,0.31646808981895447,,
mec_degradation,51001,0.0008721096091903746,err2,dense,0.75,1,19,,,0.02,0.5
lec_degradation,51001,0.0008721096091903746,err2,dense,0.75,2,19,0.5,0.31646808981895447,,
mec_degradation,51001,0.0008721096091903746,err2,dense,0.75,2,19,,,0.02,0.5
lec_degradation,51001,0.0008721096091903746,err2,dense,0.75,3,19,0.5,0.31646808981895447,,
mec_degradation,51001,0.0008721096091903746,err2,dense,0.75,3,19,,,0.02,0.5
lec_degradation,51001,0.0008721096091903746,err2,dense,0.75,4,19,0.5,0.31646808981895447,,
mec_degradation,51001,0.0008721096091903746,err2,dense,0.75,4,19,,,0.02,0.5
lec_degradation,51001,0.0008721096091903746,err2,dense,0.75,5,19,0.5,0.31646808981895447,,
mec_degradation,51001,0.0008721096091903746,err2,dense,0.75,5,19,,,0.02,0.5
lec_degradation,51001,0.0008721096091903746,err2,dense,0.75,6,19,0.5,0.31646808981895447,,
mec_degradation,51001,0.0008721096091903746,err2,dense,0.75,6,19,,,0.02,0.5
lec_degradation,51001,0.0008721096091903746,err2,dense,0.75,7,19,0.5,0.31646808981895447,,
mec_degradation,51001,0.0008721096091903746,err2,dense,0.75,7,19,,,0.02,0.5
lec_degradation,51001,0.0008721096091903746,err2,dense,0.75,8,19,0.5,0.31646808981895447,,
mec_degradation,51001,0.0008721096091903746,err2,dense,0.75,8,19,,,0.02,0.5
lec_degradation,51001,0.0008721096091903746,err2,dense,0.75,9,19,0.5,0.31646808981895447,,
mec_degradation,51001,0.0008721096091903746,err2,dense,0.75,9,19,,,0.02,0.5
lec_degradation,51001,0.0008721096091903746,err2,dense,0.75,10,19,0.5,0.31646808981895447,,
mec_degradation,51001,0.0008721096091903746,err2,dense,0.75,10,19,,,0.02,0.5
lec_degradation,51001,0.0008721096091903746,err2,dense,0.75,11,19,0.5,0.31646808981895447,,
mec_degradation,51001,0.0008721096091903746,err2,dense,0.75,11,19,,,0.02,0.5
lec_degradation,51001,0.0008721096091903746,err2,dense,0.9,0,22,0.5,0.31646808981895447,,
mec_degradation,51001,0.0008721096091903746,err2,dense,0.9,0,22,,,0.02,0.5
lec_degradation,51001,0.0008721096091903746,err2,dense,0.9,1,22,0.5,0.31646808981895447,,
mec_degradation,51001,0.0008721096091903746,err2,dense,0.9,1,22,,,0.02,0.5
lec_degradation,51001,0.0008721096091903746,err2,dense,0.9,2,22,0.5,0.31646808981895447,,
mec_degradation,51001,0.0008721096091903746,err2,dense,0.9,2,22,,,0.02,0.5
lec_degradation,51001,0.0008721096091903746,err2,dense,0.9,3,22,0.5,0.31646808981895447,,
mec_degradation,51001,0.0008721096091903746,err2,dense,0.9,3,22,,,0.02,0.5
lec_degradation,51001,0.0008721096091903746,err2,dense,0.9,4,22,0.5,0.31646808981895447,,
mec_degradation,51001,0.0008721096091903746,err2,dense,0.9,4,22,,,0.02,0.5
lec_degradation,51001,0.0008721096091903746,err2,dense,0.9,5,22,0.5,0.31646808981895447,,
mec_degradation,51001,0.0008721096091903746,err2,dense,0.9,5,22,,,0.02,0.5
lec_degradation,51001,0.0008721096091903746,err2,dense,0.9,6,22,0.5,0.31646808981895447,,
mec_degradation,51001,0.0008721096091903746,err2,dense,0.9,6,22,,,0.02,0.5
lec_degradation,51001,0.0008721096091903746,err2,dense,0.9,7,22,0.5,0.31646808981895447,,
mec_degradation,51001,0.0008721096091903746,err2,dense,0.9,7,22,,,0.02,0.5
lec_degradation,51001,0.0008721096091903746,err2,dense,0.9,8,22,0.5,0.31646808981895447,,
mec_degradation,51001,0.0008721096091903746,err2,dense,0.9,8,22,,,0.02,0.5
lec_degradation,51001,0.0008721096091903746,err2,dense,0.9,9,22,0.5,0.31646808981895447,,
mec_degradation,51001,0.0008721096091903746,err2,dense,0.9,9,22,,,0.02,0.5
lec_degradation,51001,0.0008721096091903746,err2,dense,0.9,10,22,0.5,0.31646808981895447,,
mec_degradation,51001,0.0008721096091903746,err2,dense,0.9,10,22,,,0.02,0.5
lec_degradation,51001,0.0008721096091903746,err2,dense,0.9,11,22,0.5,0.31646808981895447,,
mec_degradation,51001,0.0008721096091903746,err2,dense,0.9,11,22,,,0.02,0.5
lec_degradation,51002,0.0010305249597877264,base,normal,0.0,0,0,1.0,0.6662061810493469,,
mec_degradation,51002,0.0010305249597877264,base,normal,0.0,0,0,,,0.12,1.0
lec_degradation,51002,0.0010305249597877264,base,normal,0.0,1,0,1.0,0.6662061810493469,,
mec_degradation,51002,0.0010305249597877264,base,normal,0.0,1,0,,,0.12,1.0
lec_degradation,51002,0.0010305249597877264,base,normal,0.0,2,0,1.0,0.6662061810493469,,
mec_degradation,51002,0.0010305249597877264,base,normal,0.0,2,0,,,0.12,1.0
lec_degradation,51002,0.0010305249597877264,base,normal,0.0,3,0,1.0,0.6662061810493469,,
mec_degradation,51002,0.0010305249597877264,base,normal,0.0,3,0,,,0.12,1.0
lec_degradation,51002,0.0010305249597877264,base,normal,0.0,4,0,1.0,0.6662061810493469,,
mec_degradation,51002,0.0010305249597877264,base,normal,0.0,4,0,,,0.12,1.0
lec_degradation,51002,0.0010305249597877264,base,normal,0.0,5,0,1.0,0.6662061810493469,,
mec_degradation,51002,0.0010305249597877264,base,normal,0.0,5,0,,,0.12,1.0
lec_degradation,51002,0.0010305249597877264,base,normal,0.0,6,0,1.0,0.6662061810493469,,
mec_degradation,51002,0.0010305249597877264,base,normal,0.0,6,0,,,0.12,1.0
lec_degradation,51002,0.0010305249597877264,base,normal,0.0,7,0,1.0,0.6662061810493469,,
mec_degradation,51002,0.0010305249597877264,base,normal,0.0,7,0,,,0.12,1.0
lec_degradation,51002,0.0010305249597877264,base,normal,0.0,8,0,1.0,0.6662061810493469,,
mec_degradation,51002,0.0010305249597877264,base,normal,0.0,8,0,,,0.12,1.0
lec_degradation,51002,0.0010305249597877264,base,normal,0.0,9,0,1.0,0.6662061810493469,,
mec_degradation,51002,0.0010305249597877264,base,normal,0.0,9,0,,,0.12,1.0
lec_degradation,51002,0.0010305249597877264,base,normal,0.0,10,0,1.0,0.6662061810493469,,
mec_degradation,51002,0.0010305249597877264,base,normal,0.0,10,0,,,0.12,1.0
lec_degradation,51002,0.0010305249597877264,base,normal,0.0,11,0,1.0,0.6662061810493469,,
mec_degradation,51002,0.0010305249597877264,base,normal,0.0,11,0,,,0.12,1.0
lec_degradation,51002,0.0010305249597877264,base,normal,0.25,0,6,1.0,0.7083674669265747,,
mec_degradation,51002,0.0010305249597877264,base,normal,0.25,0,6,,,0.08,1.0
lec_degradation,51002,0.0010305249597877264,base,normal,0.25,1,6,1.0,0.6682921051979065,,
mec_degradation,51002,0.0010305249597877264,base,normal,0.25,1,6,,,0.06,1.0
lec_degradation,51002,0.0010305249597877264,base,normal,0.25,2,6,1.0,0.6899607181549072,,
mec_degradation,51002,0.0010305249597877264,base,normal,0.25,2,6,,,0.08,1.0
lec_degradation,51002,0.0010305249597877264,base,normal,0.25,3,6,1.0,0.700165331363678,,
mec_degradation,51002,0.0010305249597877264,base,normal,0.25,3,6,,,0.1,1.0
lec_degradation,51002,0.0010305249597877264,base,normal,0.25,4,6,1.0,0.717712938785553,,
mec_degradation,51002,0.0010305249597877264,base,normal,0.25,4,6,,,0.1,1.0
lec_degradation,51002,0.0010305249597877264,base,normal,0.25,5,6,1.0,0.6974847316741943,,
mec_degradation,51002,0.0010305249597877264,base,normal,0.25,5,6,,,0.08,1.0
lec_degradation,51002,0.0010305249597877264,base,normal,0.25,6,6,1.0,0.668834388256073,,
mec_degradation,51002,0.0010305249597877264,base,normal,0.25,6,6,,,0.12,1.0
lec_degradation,51002,0.0010305249597877264,base,normal,0.25,7,6,1.0,0.711904764175415,,
mec_degradation,51002,0.0010305249597877264,base,normal,0.25,7,6,,,0.16,1.0
lec_degradation,51002,0.0010305249597877264,base,normal,0.25,8,6,1.0,0.7011572122573853,,
mec_degradation,51002,0.0010305249597877264,base,normal,0.25,8,6,,,0.06,1.0
lec_degradation,51002,0.0010305249597877264,base,normal,0.25,9,6,1.0,0.6909016370773315,,
mec_degradation,51002,0.0010305249597877264,base,normal,0.25,9,6,,,0.14,1.0
lec_degradation,51002,0.0010305249597877264,base,normal,0.25,10,6,1.0,0.7195827960968018,,
mec_degradation,51002,0.0010305249597877264,base,normal,0.25,10,6,,,0.12,1.0
lec_degradation,51002,0.0010305249597877264,base,normal,0.25,11,6,1.0,0.6922828555107117,,
mec_degradation,51002,0.0010305249597877264,base,normal,0.25,11,6,,,0.12,1.0
lec_degradation,51002,0.0010305249597877264,base,normal,0.5,0,12,1.0,0.6968635320663452,,
mec_degradation,51002,0.0010305249597877264,base,normal,0.5,0,12,,,0.06,1.0
lec_degradation,51002,0.0010305249597877264,base,normal,0.5,1,12,1.0,0.6542121767997742,,
mec_degradation,51002,0.0010305249597877264,base,normal,0.5,1,12,,,0.08,1.0
lec_degradation,51002,0.0010305249597877264,base,normal,0.5,2,12,1.0,0.6369712948799133,,
mec_degradation,51002,0.0010305249597877264,base,normal,0.5,2,12,,,0.04,1.0
lec_degradation,51002,0.0010305249597877264,base,normal,0.5,3,12,1.0,0.6941116452217102,,
mec_degradation,51002,0.0010305249597877264,base,normal,0.5,3,12,,,0.04,1.0
lec_degradation,51002,0.0010305249597877264,base,normal,0.5,4,12,1.0,0.7178617119789124,,
mec_degradation,51002,0.0010305249597877264,base,normal,0.5,4,12,,,0.08,1.0
lec_degradation,51002,0.0010305249597877264,base,normal,0.5,5,12,1.0,0.7033116221427917,,
mec_degradation,51002,0.0010305249597877264,base,normal,0.5,5,12,,,0.08,1.0
lec_degradation,51002,0.0010305249597877264,base,normal,0.5,6,12,1.0,0.7162950038909912,,
mec_degradation,51002,0.0010305249597877264,base,normal,0.5,6,12,,,0.1,1.0
lec_degradation,51002,0.0010305249597877264,base,normal,0.5,7,12,1.0,0.7303878664970398,,
mec_degradation,51002,0.0010305249597877264,base,normal,0.5,7,12,,,0.08,1.0
lec_degradation,51002,0.0010305249597877264,base,normal,0.5,8,12,1.0,0.7148397564888,,
mec_degradation,51002,0.0010305249597877264,base,normal,0.5,8,12,,,0.06,1.0
lec_degradation,51002,0.0010305249597877264,base,normal,0.5,9,12,1.0,0.6755712628364563,,
mec_degradation,51002,0.0010305249597877264,base,normal,0.5,9,12,,,0.1,1.0
lec_degradation,51002,0.0010305249597877264,base,normal,0.5,10,12,1.0,0.724456787109375,,
mec_degradation,51002,0.0010305249597877264,base,normal,0.5,10,12,,,0.1,1.0
lec_degradation,51002,0.0010305249597877264,base,normal,0.5,11,12,1.0,0.7197680473327637,,
mec_degradation,51002,0.0010305249597877264,base,normal,0.5,11,12,,,0.06,1.0
lec_degradation,51002,0.0010305249597877264,base,normal,0.75,0,19,0.5,0.6226360201835632,,
mec_degradation,51002,0.0010305249597877264,base,normal,0.75,0,19,,,0.04,1.0
lec_degradation,51002,0.0010305249597877264,base,normal,0.75,1,19,1.0,0.7240235805511475,,
mec_degradation,51002,0.0010305249597877264,base,normal,0.75,1,19,,,0.08,1.0
lec_degradation,51002,0.0010305249597877264,base,normal,0.75,2,19,0.5,0.6706213355064392,,
mec_degradation,51002,0.0010305249597877264,base,normal,0.75,2,19,,,0.06,1.0
lec_degradation,51002,0.0010305249597877264,base,normal,0.75,3,19,1.0,0.5945129990577698,,
mec_degradation,51002,0.0010305249597877264,base,normal,0.75,3,19,,,0.08,1.0
lec_degradation,51002,0.0010305249597877264,base,normal,0.75,4,19,0.5,0.609894871711731,,
mec_degradation,51002,0.0010305249597877264,base,normal,0.75,4,19,,,0.04,1.0
lec_degradation,51002,0.0010305249597877264,base,normal,0.75,5,19,0.5,0.6545628309249878,,
mec_degradation,51002,0.0010305249597877264,base,normal,0.75,5,19,,,0.12,1.0
lec_degradation,51002,0.0010305249597877264,base,normal,0.75,6,19,1.0,0.6202261447906494,,
mec_degradation,51002,0.0010305249597877264,base,normal,0.75,6,19,,,0.08,1.0
lec_degradation,51002,0.0010305249597877264,base,normal,0.75,7,19,1.0,0.7209774851799011,,
mec_degradation,51002,0.0010305249597877264,base,normal,0.75,7,19,,,0.08,1.0
lec_degradation,51002,0.0010305249597877264,base,normal,0.75,8,19,0.5,0.6045159697532654,,
mec_degradation,51002,0.0010305249597877264,base,normal,0.75,8,19,,,0.02,1.0
lec_degradation,51002,0.0010305249597877264,base,normal,0.75,9,19,1.0,0.6361399292945862,,
mec_degradation,51002,0.0010305249597877264,base,normal,0.75,9,19,,,0.08,1.0
lec_degradation,51002,0.0010305249597877264,base,normal,0.75,10,19,1.0,0.7192115187644958,,
mec_degradation,51002,0.0010305249597877264,base,normal,0.75,10,19,,,0.06,1.0
lec_degradation,51002,0.0010305249597877264,base,normal,0.75,11,19,0.5,0.6437160968780518,,
mec_degradation,51002,0.0010305249597877264,base,normal,0.75,11,19,,,0.08,1.0
lec_degradation,51002,0.0010305249597877264,base,normal,0.9,0,22,0.0,0.5626264810562134,,
mec_degradation,51002,0.0010305249597877264,base,normal,0.9,0,22,,,0.06,1.0
lec_degradation,51002,0.0010305249597877264,base,normal,0.9,1,22,1.0,0.6943919658660889,,
mec_degradation,51002,0.0010305249597877264,base,normal,0.9,1,22,,,0.06,1.0
lec_degradation,51002,0.0010305249597877264,base,normal,0.9,2,22,1.0,0.615349531173706,,
mec_degradation,51002,0.0010305249597877264,base,normal,0.9,2,22,,,0.06,1.0
lec_degradation,51002,0.0010305249597877264,base,normal,0.9,3,22,0.5,0.6476936936378479,,
mec_degradation,51002,0.0010305249597877264,base,normal,0.9,3,22,,,0.04,1.0
lec_degradation,51002,0.0010305249597877264,base,normal,0.9,4,22,1.0,0.6477247476577759,,
mec_degradation,51002,0.0010305249597877264,base,normal,0.9,4,22,,,0.06,1.0
lec_degradation,51002,0.0010305249597877264,base,normal,0.9,5,22,0.0,0.5634564757347107,,
mec_degradation,51002,0.0010305249597877264,base,normal,0.9,5,22,,,0.06,1.0
lec_degradation,51002,0.0010305249597877264,base,normal,0.9,6,22,0.5,0.5856291055679321,,
mec_degradation,51002,0.0010305249597877264,base,normal,0.9,6,22,,,0.04,1.0
lec_degradation,51002,0.0010305249597877264,base,normal,0.9,7,22,0.5,0.6400993466377258,,
mec_degradation,51002,0.0010305249597877264,base,normal,0.9,7,22,,,0.04,1.0
lec_degradation,51002,0.0010305249597877264,base,normal,0.9,8,22,1.0,0.640592098236084,,
mec_degradation,51002,0.0010305249597877264,base,normal,0.9,8,22,,,0.08,1.0
lec_degradation,51002,0.0010305249597877264,base,normal,0.9,9,22,0.5,0.6508938670158386,,
mec_degradation,51002,0.0010305249597877264,base,normal,0.9,9,22,,,0.04,1.0
lec_degradation,51002,0.0010305249597877264,base,normal,0.9,10,22,0.5,0.6343516707420349,,
mec_degradation,51002,0.0010305249597877264,base,normal,0.9,10,22,,,0.02,1.0
lec_degradation,51002,0.0010305249597877264,base,normal,0.9,11,22,0.5,0.5880565643310547,,
mec_degradation,51002,0.0010305249597877264,base,normal,0.9,11,22,,,0.04,1.0
lec_degradation,51002,0.0010305249597877264,base,dense,0.0,0,0,0.5,0.18410620093345642,,
mec_degradation,51002,0.0010305249597877264,base,dense,0.0,0,0,,,0.02,0.5
lec_degradation,51002,0.0010305249597877264,base,dense,0.0,1,0,0.5,0.18410620093345642,,
mec_degradation,51002,0.0010305249597877264,base,dense,0.0,1,0,,,0.02,0.5
lec_degradation,51002,0.0010305249597877264,base,dense,0.0,2,0,0.5,0.18410620093345642,,
mec_degradation,51002,0.0010305249597877264,base,dense,0.0,2,0,,,0.02,0.5
lec_degradation,51002,0.0010305249597877264,base,dense,0.0,3,0,0.5,0.18410620093345642,,
mec_degradation,51002,0.0010305249597877264,base,dense,0.0,3,0,,,0.02,0.5
lec_degradation,51002,0.0010305249597877264,base,dense,0.0,4,0,0.5,0.18410620093345642,,
mec_degradation,51002,0.0010305249597877264,base,dense,0.0,4,0,,,0.02,0.5
lec_degradation,51002,0.0010305249597877264,base,dense,0.0,5,0,0.5,0.18410620093345642,,
mec_degradation,51002,0.0010305249597877264,base,dense,0.0,5,0,,,0.02,0.5
lec_degradation,51002,0.0010305249597877264,base,dense,0.0,6,0,0.5,0.18410620093345642,,
mec_degradation,51002,0.0010305249597877264,base,dense,0.0,6,0,,,0.02,0.5
lec_degradation,51002,0.0010305249597877264,base,dense,0.0,7,0,0.5,0.18410620093345642,,
mec_degradation,51002,0.0010305249597877264,base,dense,0.0,7,0,,,0.02,0.5
lec_degradation,51002,0.0010305249597877264,base,dense,0.0,8,0,0.5,0.18410620093345642,,
mec_degradation,51002,0.0010305249597877264,base,dense,0.0,8,0,,,0.02,0.5
lec_degradation,51002,0.0010305249597877264,base,dense,0.0,9,0,0.5,0.18410620093345642,,
mec_degradation,51002,0.0010305249597877264,base,dense,0.0,9,0,,,0.02,0.5
lec_degradation,51002,0.0010305249597877264,base,dense,0.0,10,0,0.5,0.18410620093345642,,
mec_degradation,51002,0.0010305249597877264,base,dense,0.0,10,0,,,0.02,0.5
lec_degradation,51002,0.0010305249597877264,base,dense,0.0,11,0,0.5,0.18410620093345642,,
mec_degradation,51002,0.0010305249597877264,base,dense,0.0,11,0,,,0.02,0.5
lec_degradation,51002,0.0010305249597877264,base,dense,0.25,0,6,0.5,0.18410620093345642,,
mec_degradation,51002,0.0010305249597877264,base,dense,0.25,0,6,,,0.02,0.5
lec_degradation,51002,0.0010305249597877264,base,dense,0.25,1,6,0.5,0.18410620093345642,,
mec_degradation,51002,0.0010305249597877264,base,dense,0.25,1,6,,,0.02,0.5
lec_degradation,51002,0.0010305249597877264,base,dense,0.25,2,6,0.5,0.18410620093345642,,
mec_degradation,51002,0.0010305249597877264,base,dense,0.25,2,6,,,0.02,0.5
lec_degradation,51002,0.0010305249597877264,base,dense,0.25,3,6,0.5,0.18410620093345642,,
mec_degradation,51002,0.0010305249597877264,base,dense,0.25,3,6,,,0.02,0.5
lec_degradation,51002,0.0010305249597877264,base,dense,0.25,4,6,0.5,0.18410620093345642,,
mec_degradation,51002,0.0010305249597877264,base,dense,0.25,4,6,,,0.02,0.5
lec_degradation,51002,0.0010305249597877264,base,dense,0.25,5,6,0.5,0.18410620093345642,,
mec_degradation,51002,0.0010305249597877264,base,dense,0.25,5,6,,,0.02,0.5
lec_degradation,51002,0.0010305249597877264,base,dense,0.25,6,6,0.5,0.18410620093345642,,
mec_degradation,51002,0.0010305249597877264,base,dense,0.25,6,6,,,0.02,0.5
lec_degradation,51002,0.0010305249597877264,base,dense,0.25,7,6,0.5,0.18410620093345642,,
mec_degradation,51002,0.0010305249597877264,base,dense,0.25,7,6,,,0.02,0.5
lec_degradation,51002,0.0010305249597877264,base,dense,0.25,8,6,0.5,0.18410620093345642,,
mec_degradation,51002,0.0010305249597877264,base,dense,0.25,8,6,,,0.02,0.5
lec_degradation,51002,0.0010305249597877264,base,dense,0.25,9,6,0.5,0.18410620093345642,,
mec_degradation,51002,0.0010305249597877264,base,dense,0.25,9,6,,,0.02,0.5
lec_degradation,51002,0.0010305249597877264,base,dense,0.25,10,6,0.5,0.18410620093345642,,
mec_degradation,51002,0.0010305249597877264,base,dense,0.25,10,6,,,0.02,0.5
lec_degradation,51002,0.0010305249597877264,base,dense,0.25,11,6,0.5,0.18410620093345642,,
mec_degradation,51002,0.0010305249597877264,base,dense,0.25,11,6,,,0.02,0.5
lec_degradation,51002,0.0010305249597877264,base,dense,0.5,0,12,0.5,0.18410620093345642,,
mec_degradation,51002,0.0010305249597877264,base,dense,0.5,0,12,,,0.02,0.5
lec_degradation,51002,0.0010305249597877264,base,dense,0.5,1,12,0.5,0.18410620093345642,,
mec_degradation,51002,0.0010305249597877264,base,dense,0.5,1,12,,,0.02,0.5
lec_degradation,51002,0.0010305249597877264,base,dense,0.5,2,12,0.5,0.18410620093345642,,
mec_degradation,51002,0.0010305249597877264,base,dense,0.5,2,12,,,0.02,0.5
lec_degradation,51002,0.0010305249597877264,base,dense,0.5,3,12,0.5,0.18410620093345642,,
mec_degradation,51002,0.0010305249597877264,base,dense,0.5,3,12,,,0.02,0.5
lec_degradation,51002,0.0010305249597877264,base,dense,0.5,4,12,0.5,0.18410620093345642,,
mec_degradation,51002,0.0010305249597877264,base,dense,0.5,4,12,,,0.02,0.5
lec_degradation,51002,0.0010305249597877264,base,dense,0.5,5,12,0.5,0.18410620093345642,,
mec_degradation,51002,0.0010305249597877264,base,dense,0.5,5,12,,,0.02,0.5
lec_degradation,51002,0.0010305249597877264,base,dense,0.5,6,12,0.5,0.18410620093345642,,
mec_degradation,51002,0.0010305249597877264,base,dense,0.5,6,12,,,0.02,0.5
lec_degradation,51002,0.0010305249597877264,base,dense,0.5,7,12,0.5,0.18410620093345642,,
mec_degradation,51002,0.0010305249597877264,base,dense,0.5,7,12,,,0.02,0.5
lec_degradation,51002,0.0010305249597877264,base,dense,0.5,8,12,0.5,0.18410620093345642,,
mec_degradation,51002,0.0010305249597877264,base,dense,0.5,8,12,,,0.02,0.5
lec_degradation,51002,0.0010305249597877264,base,dense,0.5,9,12,0.5,0.18410620093345642,,
mec_degradation,51002,0.0010305249597877264,base,dense,0.5,9,12,,,0.02,0.5
lec_degradation,51002,0.0010305249597877264,base,dense,0.5,10,12,0.5,0.18410620093345642,,
mec_degradation,51002,0.0010305249597877264,base,dense,0.5,10,12,,,0.02,0.5
lec_degradation,51002,0.0010305249597877264,base,dense,0.5,11,12,0.5,0.18410620093345642,,
mec_degradation,51002,0.0010305249597877264,base,dense,0.5,11,12,,,0.02,0.5
lec_degradation,51002,0.0010305249597877264,base,dense,0.75,0,19,0.5,0.18410620093345642,,
mec_degradation,51002,0.0010305249597877264,base,dense,0.75,0,19,,,0.02,0.5
lec_degradation,51002,0.0010305249597877264,base,dense,0.75,1,19,0.5,0.18410620093345642,,
mec_degradation,51002,0.0010305249597877264,base,dense,0.75,1,19,,,0.02,0.5
lec_degradation,51002,0.0010305249597877264,base,dense,0.75,2,19,0.5,0.18410620093345642,,
mec_degradation,51002,0.0010305249597877264,base,dense,0.75,2,19,,,0.02,0.5
lec_degradation,51002,0.0010305249597877264,base,dense,0.75,3,19,0.5,0.18410620093345642,,
mec_degradation,51002,0.0010305249597877264,base,dense,0.75,3,19,,,0.02,0.5
lec_degradation,51002,0.0010305249597877264,base,dense,0.75,4,19,0.5,0.18410620093345642,,
mec_degradation,51002,0.0010305249597877264,base,dense,0.75,4,19,,,0.02,0.5
lec_degradation,51002,0.0010305249597877264,base,dense,0.75,5,19,0.5,0.18410620093345642,,
mec_degradation,51002,0.0010305249597877264,base,dense,0.75,5,19,,,0.02,0.5
lec_degradation,51002,0.0010305249597877264,base,dense,0.75,6,19,0.5,0.18410620093345642,,
mec_degradation,51002,0.0010305249597877264,base,dense,0.75,6,19,,,0.02,0.5
lec_degradation,51002,0.0010305249597877264,base,dense,0.75,7,19,0.5,0.18410620093345642,,
mec_degradation,51002,0.0010305249597877264,base,dense,0.75,7,19,,,0.02,0.5
lec_degradation,51002,0.0010305249597877264,base,dense,0.75,8,19,0.5,0.18410620093345642,,
mec_degradation,51002,0.0010305249597877264,base,dense,0.75,8,19,,,0.02,0.5
lec_degradation,51002,0.0010305249597877264,base,dense,0.75,9,19,0.5,0.18410620093345642,,
mec_degradation,51002,0.0010305249597877264,base,dense,0.75,9,19,,,0.02,0.5
lec_degradation,51002,0.0010305249597877264,base,dense,0.75,10,19,0.5,0.18410620093345642,,
mec_degradation,51002,0.0010305249597877264,base,dense,0.75,10,19,,,0.02,0.5
lec_degradation,51002,0.0010305249597877264,base,dense,0.75,11,19,0.5,0.18410620093345642,,
mec_degradation,51002,0.0010305249597877264,base,dense,0.75,11,19,,,0.02,0.5
lec_degradation,51002,0.0010305249597877264,base,dense,0.9,0,22,0.5,0.18410620093345642,,
mec_degradation,51002,0.0010305249597877264,base,dense,0.9,0,22,,,0.02,0.5
lec_degradation,51002,0.0010305249597877264,base,dense,0.9,1,22,0.5,0.18410620093345642,,
mec_degradation,51002,0.0010305249597877264,base,dense,0.9,1,22,,,0.02,0.5
lec_degradation,51002,0.0010305249597877264,base,dense,0.9,2,22,0.5,0.18410620093345642,,
mec_degradation,51002,0.0010305249597877264,base,dense,0.9,2,22,,,0.02,0.5
lec_degradation,51002,0.0010305249597877264,base,dense,0.9,3,22,0.5,0.18410620093345642,,
mec_degradation,51002,0.0010305249597877264,base,dense,0.9,3,22,,,0.02,0.5
lec_degradation,51002,0.0010305249597877264,base,dense,0.9,4,22,0.5,0.18410620093345642,,
mec_degradation,51002,0.0010305249597877264,base,dense,0.9,4,22,,,0.02,0.5
lec_degradation,51002,0.0010305249597877264,base,dense,0.9,5,22,0.5,0.18410620093345642,,
mec_degradation,51002,0.0010305249597877264,base,dense,0.9,5,22,,,0.02,0.5
lec_degradation,51002,0.0010305249597877264,base,dense,0.9,6,22,0.5,0.18410620093345642,,
mec_degradation,51002,0.0010305249597877264,base,dense,0.9,6,22,,,0.02,0.5
lec_degradation,51002,0.0010305249597877264,base,dense,0.9,7,22,0.5,0.18410620093345642,,
mec_degradation,51002,0.0010305249597877264,base,dense,0.9,7,22,,,0.02,0.5
lec_degradation,51002,0.0010305249597877264,base,dense,0.9,8,22,0.5,0.18410620093345642,,
mec_degradation,51002,0.0010305249597877264,base,dense,0.9,8,22,,,0.02,0.5
lec_degradation,51002,0.0010305249597877264,base,dense,0.9,9,22,0.5,0.18410620093345642,,
mec_degradation,51002,0.0010305249597877264,base,dense,0.9,9,22,,,0.02,0.5
lec_degradation,51002,0.0010305249597877264,base,dense,0.9,10,22,0.5,0.18410620093345642,,
mec_degradation,51002,0.0010305249597877264,base,dense,0.9,10,22,,,0.02,0.5
lec_degradation,51002,0.0010305249597877264,base,dense,0.9,11,22,0.5,0.18410620093345642,,
mec_degradation,51002,0.0010305249597877264,base,dense,0.9,11,22,,,0.02,0.5
lec_degradation,51002,0.0010305249597877264,err2,normal,0.0,0,0,1.0,0.8620737195014954,,
mec_degradation,51002,0.0010305249597877264,err2,normal,0.0,0,0,,,0.6,1.0
lec_degradation,51002,0.0010305249597877264,err2,normal,0.0,1,0,1.0,0.8620737195014954,,
mec_degradation,51002,0.0010305249597877264,err2,normal,0.0,1,0,,,0.6,1.0
lec_degradation,51002,0.0010305249597877264,err2,normal,0.0,2,0,1.0,0.8620737195014954,,
mec_degradation,51002,0.0010305249597877264,err2,normal,0.0,2,0,,,0.6,1.0
lec_degradation,51002,0.0010305249597877264,err2,normal,0.0,3,0,1.0,0.8620737195014954,,
mec_degradation,51002,0.0010305249597877264,err2,normal,0.0,3,0,,,0.6,1.0
lec_degradation,51002,0.0010305249597877264,err2,normal,0.0,4,0,1.0,0.8620737195014954,,
mec_degradation,51002,0.0010305249597877264,err2,normal,0.0,4,0,,,0.6,1.0
lec_degradation,51002,0.0010305249597877264,err2,normal,0.0,5,0,1.0,0.8620737195014954,,
mec_degradation,51002,0.0010305249597877264,err2,normal,0.0,5,0,,,0.6,1.0
lec_degradation,51002,0.0010305249597877264,err2,normal,0.0,6,0,1.0,0.8620737195014954,,
mec_degradation,51002,0.0010305249597877264,err2,normal,0.0,6,0,,,0.6,1.0
lec_degradation,51002,0.0010305249597877264,err2,normal,0.0,7,0,1.0,0.8620737195014954,,
mec_degradation,51002,0.0010305249597877264,err2,normal,0.0,7,0,,,0.6,1.0
lec_degradation,51002,0.0010305249597877264,err2,normal,0.0,8,0,1.0,0.8620737195014954,,
mec_degradation,51002,0.0010305249597877264,err2,normal,0.0,8,0,,,0.6,1.0
lec_degradation,51002,0.0010305249597877264,err2,normal,0.0,9,0,1.0,0.8620737195014954,,
mec_degradation,51002,0.0010305249597877264,err2,normal,0.0,9,0,,,0.6,1.0
lec_degradation,51002,0.0010305249597877264,err2,normal,0.0,10,0,1.0,0.8620737195014954,,
mec_degradation,51002,0.0010305249597877264,err2,normal,0.0,10,0,,,0.6,1.0
lec_degradation,51002,0.0010305249597877264,err2,normal,0.0,11,0,1.0,0.8620737195014954,,
mec_degradation,51002,0.0010305249597877264,err2,normal,0.0,11,0,,,0.6,1.0
lec_degradation,51002,0.0010305249597877264,err2,normal,0.25,0,6,1.0,0.7484654784202576,,
mec_degradation,51002,0.0010305249597877264,err2,normal,0.25,0,6,,,0.42,1.0
lec_degradation,51002,0.0010305249597877264,err2,normal,0.25,1,6,1.0,0.8292427659034729,,
mec_degradation,51002,0.0010305249597877264,err2,normal,0.25,1,6,,,0.28,1.0
lec_degradation,51002,0.0010305249597877264,err2,normal,0.25,2,6,1.0,0.8083046078681946,,
mec_degradation,51002,0.0010305249597877264,err2,normal,0.25,2,6,,,0.34,1.0
lec_degradation,51002,0.0010305249597877264,err2,normal,0.25,3,6,1.0,0.8419756293296814,,
mec_degradation,51002,0.0010305249597877264,err2,normal,0.25,3,6,,,0.38,1.0
lec_degradation,51002,0.0010305249597877264,err2,normal,0.25,4,6,1.0,0.7866675853729248,,
mec_degradation,51002,0.0010305249597877264,err2,normal,0.25,4,6,,,0.44,1.0
lec_degradation,51002,0.0010305249597877264,err2,normal,0.25,5,6,1.0,0.8311334252357483,,
mec_degradation,51002,0.0010305249597877264,err2,normal,0.25,5,6,,,0.42,1.0
lec_degradation,51002,0.0010305249597877264,err2,normal,0.25,6,6,1.0,0.8296902179718018,,
mec_degradation,51002,0.0010305249597877264,err2,normal,0.25,6,6,,,0.4,1.0
lec_degradation,51002,0.0010305249597877264,err2,normal,0.25,7,6,1.0,0.8242049217224121,,
mec_degradation,51002,0.0010305249597877264,err2,normal,0.25,7,6,,,0.42,1.0
lec_degradation,51002,0.0010305249597877264,err2,normal,0.25,8,6,1.0,0.7531282901763916,,
mec_degradation,51002,0.0010305249597877264,err2,normal,0.25,8,6,,,0.3,1.0
lec_degradation,51002,0.0010305249597877264,err2,normal,0.25,9,6,1.0,0.8495500683784485,,
mec_degradation,51002,0.0010305249597877264,err2,normal,0.25,9,6,,,0.38,1.0
lec_degradation,51002,0.0010305249597877264,err2,normal,0.25,10,6,1.0,0.8308699727058411,,
mec_degradation,51002,0.0010305249597877264,err2,normal,0.25,10,6,,,0.32,1.0
lec_degradation,51002,0.0010305249597877264,err2,normal,0.25,11,6,1.0,0.8545438647270203,,
mec_degradation,51002,0.0010305249597877264,err2,normal,0.25,11,6,,,0.38,1.0
lec_degradation,51002,0.0010305249597877264,err2,normal,0.5,0,12,1.0,0.7703118324279785,,
mec_degradation,51002,0.0010305249597877264,err2,normal,0.5,0,12,,,0.18,1.0
lec_degradation,51002,0.0010305249597877264,err2,normal,0.5,1,12,1.0,0.8158095479011536,,
mec_degradation,51002,0.0010305249597877264,err2,normal,0.5,1,12,,,0.28,1.0
lec_degradation,51002,0.0010305249597877264,err2,normal,0.5,2,12,1.0,0.7530357837677002,,
mec_degradation,51002,0.0010305249597877264,err2,normal,0.5,2,12,,,0.2,1.0
lec_degradation,51002,0.0010305249597877264,err2,normal,0.5,3,12,1.0,0.7532680630683899,,
mec_degradation,51002,0.0010305249597877264,err2,normal,0.5,3,12,,,0.3,1.0
lec_degradation,51002,0.0010305249597877264,err2,normal,0.5,4,12,1.0,0.7515721321105957,,
mec_degradation,51002,0.0010305249597877264,err2,normal,0.5,4,12,,,0.14,1.0
lec_degradation,51002,0.0010305249597877264,err2,normal,0.5,5,12,1.0,0.7772504687309265,,
mec_degradation,51002,0.0010305249597877264,err2,normal,0.5,5,12,,,0.2,1.0
lec_degradation,51002,0.0010305249597877264,err2,normal,0.5,6,12,1.0,0.796176552772522,,
mec_degradation,51002,0.0010305249597877264,err2,normal,0.5,6,12,,,0.2,1.0
lec_degradation,51002,0.0010305249597877264,err2,normal,0.5,7,12,1.0,0.801730751991272,,
mec_degradation,51002,0.0010305249597877264,err2,normal,0.5,7,12,,,0.18,1.0
lec_degradation,51002,0.0010305249597877264,err2,normal,0.5,8,12,1.0,0.7664100527763367,,
mec_degradation,51002,0.0010305249597877264,err2,normal,0.5,8,12,,,0.18,1.0
lec_degradation,51002,0.0010305249597877264,err2,normal,0.5,9,12,0.5,0.7598142027854919,,
mec_degradation,51002,0.0010305249597877264,err2,normal,0.5,9,12,,,0.24,1.0
lec_degradation,51002,0.0010305249597877264,err2,normal,0.5,10,12,1.0,0.7521764636039734,,
mec_degradation,51002,0.0010305249597877264,err2,normal,0.5,10,12,,,0.22,1.0
lec_degradation,51002,0.0010305249597877264,err2,normal,0.5,11,12,1.0,0.7323190569877625,,
mec_degradation,51002,0.0010305249597877264,err2,normal,0.5,11,12,,,0.18,1.0
lec_degradation,51002,0.0010305249597877264,err2,normal,0.75,0,19,1.0,0.7340444326400757,,
mec_degradation,51002,0.0010305249597877264,err2,normal,0.75,0,19,,,0.14,1.0
lec_degradation,51002,0.0010305249597877264,err2,normal,0.75,1,19,1.0,0.8020788431167603,,
mec_degradation,51002,0.0010305249597877264,err2,normal,0.75,1,19,,,0.1,1.0
lec_degradation,51002,0.0010305249597877264,err2,normal,0.75,2,19,0.0,0.6519238352775574,,
mec_degradation,51002,0.0010305249597877264,err2,normal,0.75,2,19,,,0.06,1.0
lec_degradation,51002,0.0010305249597877264,err2,normal,0.75,3,19,1.0,0.7472870349884033,,
mec_degradation,51002,0.0010305249597877264,err2,normal,0.75,3,19,,,0.04,1.0
lec_degradation,51002,0.0010305249597877264,err2,normal,0.75,4,19,0.5,0.7223842740058899,,
mec_degradation,51002,0.0010305249597877264,err2,normal,0.75,4,19,,,0.08,1.0
lec_degradation,51002,0.0010305249597877264,err2,normal,0.75,5,19,0.5,0.6698450446128845,,
mec_degradation,51002,0.0010305249597877264,err2,normal,0.75,5,19,,,0.04,1.0
lec_degradation,51002,0.0010305249597877264,err2,normal,0.75,6,19,1.0,0.7449273467063904,,
mec_degradation,51002,0.0010305249597877264,err2,normal,0.75,6,19,,,0.12,1.0
lec_degradation,51002,0.0010305249597877264,err2,normal,0.75,7,19,1.0,0.7631303668022156,,
mec_degradation,51002,0.0010305249597877264,err2,normal,0.75,7,19,,,0.08,1.0
lec_degradation,51002,0.0010305249597877264,err2,normal,0.75,8,19,1.0,0.7062636613845825,,
mec_degradation,51002,0.0010305249597877264,err2,normal,0.75,8,19,,,0.06,1.0
lec_degradation,51002,0.0010305249597877264,err2,normal,0.75,9,19,1.0,0.7236673831939697,,
mec_degradation,51002,0.0010305249597877264,err2,normal,0.75,9,19,,,0.06,1.0
lec_degradation,51002,0.0010305249597877264,err2,normal,0.75,10,19,1.0,0.789919912815094,,
mec_degradation,51002,0.0010305249597877264,err2,normal,0.75,10,19,,,0.08,1.0
lec_degradation,51002,0.0010305249597877264,err2,normal,0.75,11,19,1.0,0.7594950795173645,,
mec_degradation,51002,0.0010305249597877264,err2,normal,0.75,11,19,,,0.12,1.0
lec_degradation,51002,0.0010305249597877264,err2,normal,0.9,0,22,0.0,0.6976969242095947,,
mec_degradation,51002,0.0010305249597877264,err2,normal,0.9,0,22,,,0.06,1.0
lec_degradation,51002,0.0010305249597877264,err2,normal,0.9,1,22,0.5,0.7293867468833923,,
mec_degradation,51002,0.0010305249597877264,err2,normal,0.9,1,22,,,0.04,1.0
lec_degradation,51002,0.0010305249597877264,err2,normal,0.9,2,22,1.0,0.7740511298179626,,
mec_degradation,51002,0.0010305249597877264,err2,normal,0.9,2,22,,,0.06,1.0
lec_degradation,51002,0.0010305249597877264,err2,normal,0.9,3,22,0.5,0.7700393199920654,,
mec_degradation,51002,0.0010305249597877264,err2,normal,0.9,3,22,,,0.04,1.0
lec_degradation,51002,0.0010305249597877264,err2,normal,0.9,4,22,1.0,0.7563433051109314,,
mec_degradation,51002,0.0010305249597877264,err2,normal,0.9,4,22,,,0.06,1.0
lec_degradation,51002,0.0010305249597877264,err2,normal,0.9,5,22,0.5,0.7027845978736877,,
mec_degradation,51002,0.0010305249597877264,err2,normal,0.9,5,22,,,0.04,1.0
lec_degradation,51002,0.0010305249597877264,err2,normal,0.9,6,22,1.0,0.7033812999725342,,
mec_degradation,51002,0.0010305249597877264,err2,normal,0.9,6,22,,,0.1,1.0
lec_degradation,51002,0.0010305249597877264,err2,normal,0.9,7,22,1.0,0.7260221838951111,,
mec_degradation,51002,0.0010305249597877264,err2,normal,0.9,7,22,,,0.08,1.0
lec_degradation,51002,0.0010305249597877264,err2,normal,0.9,8,22,1.0,0.7452882528305054,,
mec_degradation,51002,0.0010305249597877264,err2,normal,0.9,8,22,,,0.04,1.0
lec_degradation,51002,0.0010305249597877264,err2,normal,0.9,9,22,0.5,0.7686372399330139,,
mec_degradation,51002,0.0010305249597877264,err2,normal,0.9,9,22,,,0.08,1.0
lec_degradation,51002,0.0010305249597877264,err2,normal,0.9,10,22,0.5,0.7240214347839355,,
mec_degradation,51002,0.0010305249597877264,err2,normal,0.9,10,22,,,0.06,1.0
lec_degradation,51002,0.0010305249597877264,err2,normal,0.9,11,22,1.0,0.7575181722640991,,
mec_degradation,51002,0.0010305249597877264,err2,normal,0.9,11,22,,,0.06,1.0
lec_degradation,51002,0.0010305249597877264,err2,dense,0.0,0,0,0.5,0.2927638590335846,,
mec_degradation,51002,0.0010305249597877264,err2,dense,0.0,0,0,,,0.02,0.5
lec_degradation,51002,0.0010305249597877264,err2,dense,0.0,1,0,0.5,0.2927638590335846,,
mec_degradation,51002,0.0010305249597877264,err2,dense,0.0,1,0,,,0.02,0.5
lec_degradation,51002,0.0010305249597877264,err2,dense,0.0,2,0,0.5,0.2927638590335846,,
mec_degradation,51002,0.0010305249597877264,err2,dense,0.0,2,0,,,0.02,0.5
lec_degradation,51002,0.0010305249597877264,err2,dense,0.0,3,0,0.5,0.2927638590335846,,
mec_degradation,51002,0.0010305249597877264,err2,dense,0.0,3,0,,,0.02,0.5
lec_degradation,51002,0.0010305249597877264,err2,dense,0.0,4,0,0.5,0.2927638590335846,,
mec_degradation,51002,0.0010305249597877264,err2,dense,0.0,4,0,,,0.02,0.5
lec_degradation,51002,0.0010305249597877264,err2,dense,0.0,5,0,0.5,0.2927638590335846,,
mec_degradation,51002,0.0010305249597877264,err2,dense,0.0,5,0,,,0.02,0.5
lec_degradation,51002,0.0010305249597877264,err2,dense,0.0,6,0,0.5,0.2927638590335846,,
mec_degradation,51002,0.0010305249597877264,err2,dense,0.0,6,0,,,0.02,0.5
lec_degradation,51002,0.0010305249597877264,err2,dense,0.0,7,0,0.5,0.2927638590335846,,
mec_degradation,51002,0.0010305249597877264,err2,dense,0.0,7,0,,,0.02,0.5
lec_degradation,51002,0.0010305249597877264,err2,dense,0.0,8,0,0.5,0.2927638590335846,,
mec_degradation,51002,0.0010305249597877264,err2,dense,0.0,8,0,,,0.02,0.5
lec_degradation,51002,0.0010305249597877264,err2,dense,0.0,9,0,0.5,0.2927638590335846,,
mec_degradation,51002,0.0010305249597877264,err2,dense,0.0,9,0,,,0.02,0.5
lec_degradation,51002,0.0010305249597877264,err2,dense,0.0,10,0,0.5,0.2927638590335846,,
mec_degradation,51002,0.0010305249597877264,err2,dense,0.0,10,0,,,0.02,0.5
lec_degradation,51002,0.0010305249597877264,err2,dense,0.0,11,0,0.5,0.2927638590335846,,
mec_degradation,51002,0.0010305249597877264,err2,dense,0.0,11,0,,,0.02,0.5
lec_degradation,51002,0.0010305249597877264,err2,dense,0.25,0,6,0.5,0.2927638590335846,,
mec_degradation,51002,0.0010305249597877264,err2,dense,0.25,0,6,,,0.02,0.5
lec_degradation,51002,0.0010305249597877264,err2,dense,0.25,1,6,0.5,0.2927638590335846,,
mec_degradation,51002,0.0010305249597877264,err2,dense,0.25,1,6,,,0.02,0.5
lec_degradation,51002,0.0010305249597877264,err2,dense,0.25,2,6,0.5,0.2927638590335846,,
mec_degradation,51002,0.0010305249597877264,err2,dense,0.25,2,6,,,0.02,0.5
lec_degradation,51002,0.0010305249597877264,err2,dense,0.25,3,6,0.5,0.2927638590335846,,
mec_degradation,51002,0.0010305249597877264,err2,dense,0.25,3,6,,,0.02,0.5
lec_degradation,51002,0.0010305249597877264,err2,dense,0.25,4,6,0.5,0.2927638590335846,,
mec_degradation,51002,0.0010305249597877264,err2,dense,0.25,4,6,,,0.02,0.5
lec_degradation,51002,0.0010305249597877264,err2,dense,0.25,5,6,0.5,0.2927638590335846,,
mec_degradation,51002,0.0010305249597877264,err2,dense,0.25,5,6,,,0.02,0.5
lec_degradation,51002,0.0010305249597877264,err2,dense,0.25,6,6,0.5,0.2927638590335846,,
mec_degradation,51002,0.0010305249597877264,err2,dense,0.25,6,6,,,0.02,0.5
lec_degradation,51002,0.0010305249597877264,err2,dense,0.25,7,6,0.5,0.2927638590335846,,
mec_degradation,51002,0.0010305249597877264,err2,dense,0.25,7,6,,,0.02,0.5
lec_degradation,51002,0.0010305249597877264,err2,dense,0.25,8,6,0.5,0.2927638590335846,,
mec_degradation,51002,0.0010305249597877264,err2,dense,0.25,8,6,,,0.02,0.5
lec_degradation,51002,0.0010305249597877264,err2,dense,0.25,9,6,0.5,0.2927638590335846,,
mec_degradation,51002,0.0010305249597877264,err2,dense,0.25,9,6,,,0.02,0.5
lec_degradation,51002,0.0010305249597877264,err2,dense,0.25,10,6,0.5,0.2927638590335846,,
mec_degradation,51002,0.0010305249597877264,err2,dense,0.25,10,6,,,0.02,0.5
lec_degradation,51002,0.0010305249597877264,err2,dense,0.25,11,6,0.5,0.2927638590335846,,
mec_degradation,51002,0.0010305249597877264,err2,dense,0.25,11,6,,,0.02,0.5
lec_degradation,51002,0.0010305249597877264,err2,dense,0.5,0,12,0.5,0.2927638590335846,,
mec_degradation,51002,0.0010305249597877264,err2,dense,0.5,0,12,,,0.02,0.5
lec_degradation,51002,0.0010305249597877264,err2,dense,0.5,1,12,0.5,0.2927638590335846,,
mec_degradation,51002,0.0010305249597877264,err2,dense,0.5,1,12,,,0.02,0.5
lec_degradation,51002,0.0010305249597877264,err2,dense,0.5,2,12,0.5,0.2927638590335846,,
mec_degradation,51002,0.0010305249597877264,err2,dense,0.5,2,12,,,0.02,0.5
lec_degradation,51002,0.0010305249597877264,err2,dense,0.5,3,12,0.5,0.2927638590335846,,
mec_degradation,51002,0.0010305249597877264,err2,dense,0.5,3,12,,,0.02,0.5
lec_degradation,51002,0.0010305249597877264,err2,dense,0.5,4,12,0.5,0.2927638590335846,,
mec_degradation,51002,0.0010305249597877264,err2,dense,0.5,4,12,,,0.02,0.5
lec_degradation,51002,0.0010305249597877264,err2,dense,0.5,5,12,0.5,0.2927638590335846,,
mec_degradation,51002,0.0010305249597877264,err2,dense,0.5,5,12,,,0.02,0.5
lec_degradation,51002,0.0010305249597877264,err2,dense,0.5,6,12,0.5,0.2927638590335846,,
mec_degradation,51002,0.0010305249597877264,err2,dense,0.5,6,12,,,0.02,0.5
lec_degradation,51002,0.0010305249597877264,err2,dense,0.5,7,12,0.5,0.2927638590335846,,
mec_degradation,51002,0.0010305249597877264,err2,dense,0.5,7,12,,,0.02,0.5
lec_degradation,51002,0.0010305249597877264,err2,dense,0.5,8,12,0.5,0.2927638590335846,,
mec_degradation,51002,0.0010305249597877264,err2,dense,0.5,8,12,,,0.02,0.5
lec_degradation,51002,0.0010305249597877264,err2,dense,0.5,9,12,0.5,0.2927638590335846,,
mec_degradation,51002,0.0010305249597877264,err2,dense,0.5,9,12,,,0.02,0.5
lec_degradation,51002,0.0010305249597877264,err2,dense,0.5,10,12,0.5,0.2927638590335846,,
mec_degradation,51002,0.0010305249597877264,err2,dense,0.5,10,12,,,0.02,0.5
lec_degradation,51002,0.0010305249597877264,err2,dense,0.5,11,12,0.5,0.2927638590335846,,
mec_degradation,51002,0.0010305249597877264,err2,dense,0.5,11,12,,,0.02,0.5
lec_degradation,51002,0.0010305249597877264,err2,dense,0.75,0,19,0.5,0.2927638590335846,,
mec_degradation,51002,0.0010305249597877264,err2,dense,0.75,0,19,,,0.02,0.5
lec_degradation,51002,0.0010305249597877264,err2,dense,0.75,1,19,0.5,0.2927638590335846,,
mec_degradation,51002,0.0010305249597877264,err2,dense,0.75,1,19,,,0.02,0.5
lec_degradation,51002,0.0010305249597877264,err2,dense,0.75,2,19,0.5,0.2927638590335846,,
mec_degradation,51002,0.0010305249597877264,err2,dense,0.75,2,19,,,0.02,0.5
lec_degradation,51002,0.0010305249597877264,err2,dense,0.75,3,19,0.5,0.2927638590335846,,
mec_degradation,51002,0.0010305249597877264,err2,dense,0.75,3,19,,,0.02,0.5
lec_degradation,51002,0.0010305249597877264,err2,dense,0.75,4,19,0.5,0.2927638590335846,,
mec_degradation,51002,0.0010305249597877264,err2,dense,0.75,4,19,,,0.02,0.5
lec_degradation,51002,0.0010305249597877264,err2,dense,0.75,5,19,0.5,0.2927638590335846,,
mec_degradation,51002,0.0010305249597877264,err2,dense,0.75,5,19,,,0.02,0.5
lec_degradation,51002,0.0010305249597877264,err2,dense,0.75,6,19,0.5,0.2927638590335846,,
mec_degradation,51002,0.0010305249597877264,err2,dense,0.75,6,19,,,0.02,0.5
lec_degradation,51002,0.0010305249597877264,err2,dense,0.75,7,19,0.5,0.2927638590335846,,
mec_degradation,51002,0.0010305249597877264,err2,dense,0.75,7,19,,,0.02,0.5
lec_degradation,51002,0.0010305249597877264,err2,dense,0.75,8,19,0.5,0.2927638590335846,,
mec_degradation,51002,0.0010305249597877264,err2,dense,0.75,8,19,,,0.02,0.5
lec_degradation,51002,0.0010305249597877264,err2,dense,0.75,9,19,0.5,0.2927638590335846,,
mec_degradation,51002,0.0010305249597877264,err2,dense,0.75,9,19,,,0.02,0.5
lec_degradation,51002,0.0010305249597877264,err2,dense,0.75,10,19,0.5,0.2927638590335846,,
mec_degradation,51002,0.0010305249597877264,err2,dense,0.75,10,19,,,0.02,0.5
lec_degradation,51002,0.0010305249597877264,err2,dense,0.75,11,19,0.5,0.2927638590335846,,
mec_degradation,51002,0.0010305249597877264,err2,dense,0.75,11,19,,,0.02,0.5
lec_degradation,51002,0.0010305249597877264,err2,dense,0.9,0,22,0.5,0.2927638590335846,,
mec_degradation,51002,0.0010305249597877264,err2,dense,0.9,0,22,,,0.02,0.5
lec_degradation,51002,0.0010305249597877264,err2,dense,0.9,1,22,0.5,0.2927638590335846,,
mec_degradation,51002,0.0010305249597877264,err2,dense,0.9,1,22,,,0.02,0.5
lec_degradation,51002,0.0010305249597877264,err2,dense,0.9,2,22,0.5,0.2927638590335846,,
mec_degradation,51002,0.0010305249597877264,err2,dense,0.9,2,22,,,0.02,0.5
lec_degradation,51002,0.0010305249597877264,err2,dense,0.9,3,22,0.5,0.2927638590335846,,
mec_degradation,51002,0.0010305249597877264,err2,dense,0.9,3,22,,,0.02,0.5
lec_degradation,51002,0.0010305249597877264,err2,dense,0.9,4,22,0.5,0.2927638590335846,,
mec_degradation,51002,0.0010305249597877264,err2,dense,0.9,4,22,,,0.02,0.5
lec_degradation,51002,0.0010305249597877264,err2,dense,0.9,5,22,0.5,0.2927638590335846,,
mec_degradation,51002,0.0010305249597877264,err2,dense,0.9,5,22,,,0.02,0.5
lec_degradation,51002,0.0010305249597877264,err2,dense,0.9,6,22,0.5,0.2927638590335846,,
mec_degradation,51002,0.0010305249597877264,err2,dense,0.9,6,22,,,0.02,0.5
lec_degradation,51002,0.0010305249597877264,err2,dense,0.9,7,22,0.5,0.2927638590335846,,
mec_degradation,51002,0.0010305249597877264,err2,dense,0.9,7,22,,,0.02,0.5
lec_degradation,51002,0.0010305249597877264,err2,dense,0.9,8,22,0.5,0.2927638590335846,,
mec_degradation,51002,0.0010305249597877264,err2,dense,0.9,8,22,,,0.02,0.5
lec_degradation,51002,0.0010305249597877264,err2,dense,0.9,9,22,0.5,0.2927638590335846,,
mec_degradation,51002,0.0010305249597877264,err2,dense,0.9,9,22,,,0.02,0.5
lec_degradation,51002,0.0010305249597877264,err2,dense,0.9,10,22,0.5,0.2927638590335846,,
mec_degradation,51002,0.0010305249597877264,err2,dense,0.9,10,22,,,0.02,0.5
lec_degradation,51002,0.0010305249597877264,err2,dense,0.9,11,22,0.5,0.2927638590335846,,
mec_degradation,51002,0.0010305249597877264,err2,dense,0.9,11,22,,,0.02,0.5
lec_degradation,51003,0.0005922546260990202,base,normal,0.0,0,0,1.0,0.7210031151771545,,
mec_degradation,51003,0.0005922546260990202,base,normal,0.0,0,0,,,0.14,1.0
lec_degradation,51003,0.0005922546260990202,base,normal,0.0,1,0,1.0,0.7210031151771545,,
mec_degradation,51003,0.0005922546260990202,base,normal,0.0,1,0,,,0.14,1.0
lec_degradation,51003,0.0005922546260990202,base,normal,0.0,2,0,1.0,0.7210031151771545,,
mec_degradation,51003,0.0005922546260990202,base,normal,0.0,2,0,,,0.14,1.0
lec_degradation,51003,0.0005922546260990202,base,normal,0.0,3,0,1.0,0.7210031151771545,,
mec_degradation,51003,0.0005922546260990202,base,normal,0.0,3,0,,,0.14,1.0
lec_degradation,51003,0.0005922546260990202,base,normal,0.0,4,0,1.0,0.7210031151771545,,
mec_degradation,51003,0.0005922546260990202,base,normal,0.0,4,0,,,0.14,1.0
lec_degradation,51003,0.0005922546260990202,base,normal,0.0,5,0,1.0,0.7210031151771545,,
mec_degradation,51003,0.0005922546260990202,base,normal,0.0,5,0,,,0.14,1.0
lec_degradation,51003,0.0005922546260990202,base,normal,0.0,6,0,1.0,0.7210031151771545,,
mec_degradation,51003,0.0005922546260990202,base,normal,0.0,6,0,,,0.14,1.0
lec_degradation,51003,0.0005922546260990202,base,normal,0.0,7,0,1.0,0.7210031151771545,,
mec_degradation,51003,0.0005922546260990202,base,normal,0.0,7,0,,,0.14,1.0
lec_degradation,51003,0.0005922546260990202,base,normal,0.0,8,0,1.0,0.7210031151771545,,
mec_degradation,51003,0.0005922546260990202,base,normal,0.0,8,0,,,0.14,1.0
lec_degradation,51003,0.0005922546260990202,base,normal,0.0,9,0,1.0,0.7210031151771545,,
mec_degradation,51003,0.0005922546260990202,base,normal,0.0,9,0,,,0.14,1.0
lec_degradation,51003,0.0005922546260990202,base,normal,0.0,10,0,1.0,0.7210031151771545,,
mec_degradation,51003,0.0005922546260990202,base,normal,0.0,10,0,,,0.14,1.0
lec_degradation,51003,0.0005922546260990202,base,normal,0.0,11,0,1.0,0.7210031151771545,,
mec_degradation,51003,0.0005922546260990202,base,normal,0.0,11,0,,,0.14,1.0
lec_degradation,51003,0.0005922546260990202,base,normal,0.25,0,6,1.0,0.7270714044570923,,
mec_degradation,51003,0.0005922546260990202,base,normal,0.25,0,6,,,0.1,1.0
lec_degradation,51003,0.0005922546260990202,base,normal,0.25,1,6,1.0,0.7254475355148315,,
mec_degradation,51003,0.0005922546260990202,base,normal,0.25,1,6,,,0.12,1.0
lec_degradation,51003,0.0005922546260990202,base,normal,0.25,2,6,1.0,0.7329829335212708,,
mec_degradation,51003,0.0005922546260990202,base,normal,0.25,2,6,,,0.12,1.0
lec_degradation,51003,0.0005922546260990202,base,normal,0.25,3,6,1.0,0.7325270175933838,,
mec_degradation,51003,0.0005922546260990202,base,normal,0.25,3,6,,,0.1,1.0
lec_degradation,51003,0.0005922546260990202,base,normal,0.25,4,6,1.0,0.731802761554718,,
mec_degradation,51003,0.0005922546260990202,base,normal,0.25,4,6,,,0.1,1.0
lec_degradation,51003,0.0005922546260990202,base,normal,0.25,5,6,1.0,0.7426391839981079,,
mec_degradation,51003,0.0005922546260990202,base,normal,0.25,5,6,,,0.14,1.0
lec_degradation,51003,0.0005922546260990202,base,normal,0.25,6,6,1.0,0.7228940725326538,,
mec_degradation,51003,0.0005922546260990202,base,normal,0.25,6,6,,,0.14,1.0
lec_degradation,51003,0.0005922546260990202,base,normal,0.25,7,6,1.0,0.7191166877746582,,
mec_degradation,51003,0.0005922546260990202,base,normal,0.25,7,6,,,0.12,1.0
lec_degradation,51003,0.0005922546260990202,base,normal,0.25,8,6,1.0,0.7155054211616516,,
mec_degradation,51003,0.0005922546260990202,base,normal,0.25,8,6,,,0.12,1.0
lec_degradation,51003,0.0005922546260990202,base,normal,0.25,9,6,1.0,0.7331889867782593,,
mec_degradation,51003,0.0005922546260990202,base,normal,0.25,9,6,,,0.1,1.0
lec_degradation,51003,0.0005922546260990202,base,normal,0.25,10,6,1.0,0.7209739089012146,,
mec_degradation,51003,0.0005922546260990202,base,normal,0.25,10,6,,,0.1,1.0
lec_degradation,51003,0.0005922546260990202,base,normal,0.25,11,6,1.0,0.7068652510643005,,
mec_degradation,51003,0.0005922546260990202,base,normal,0.25,11,6,,,0.14,1.0
lec_degradation,51003,0.0005922546260990202,base,normal,0.5,0,12,1.0,0.7259207963943481,,
mec_degradation,51003,0.0005922546260990202,base,normal,0.5,0,12,,,0.12,1.0
lec_degradation,51003,0.0005922546260990202,base,normal,0.5,1,12,1.0,0.7173447608947754,,
mec_degradation,51003,0.0005922546260990202,base,normal,0.5,1,12,,,0.06,1.0
lec_degradation,51003,0.0005922546260990202,base,normal,0.5,2,12,1.0,0.6961742639541626,,
mec_degradation,51003,0.0005922546260990202,base,normal,0.5,2,12,,,0.1,1.0
lec_degradation,51003,0.0005922546260990202,base,normal,0.5,3,12,1.0,0.7419289350509644,,
mec_degradation,51003,0.0005922546260990202,base,normal,0.5,3,12,,,0.12,1.0
lec_degradation,51003,0.0005922546260990202,base,normal,0.5,4,12,1.0,0.7390896081924438,,
mec_degradation,51003,0.0005922546260990202,base,normal,0.5,4,12,,,0.1,1.0
lec_degradation,51003,0.0005922546260990202,base,normal,0.5,5,12,1.0,0.7226718068122864,,
mec_degradation,51003,0.0005922546260990202,base,normal,0.5,5,12,,,0.1,1.0
lec_degradation,51003,0.0005922546260990202,base,normal,0.5,6,12,1.0,0.7187451720237732,,
mec_degradation,51003,0.0005922546260990202,base,normal,0.5,6,12,,,0.08,1.0
lec_degradation,51003,0.0005922546260990202,base,normal,0.5,7,12,1.0,0.7267916202545166,,
mec_degradation,51003,0.0005922546260990202,base,normal,0.5,7,12,,,0.1,1.0
lec_degradation,51003,0.0005922546260990202,base,normal,0.5,8,12,1.0,0.7080764174461365,,
mec_degradation,51003,0.0005922546260990202,base,normal,0.5,8,12,,,0.12,1.0
lec_degradation,51003,0.0005922546260990202,base,normal,0.5,9,12,1.0,0.7383666038513184,,
mec_degradation,51003,0.0005922546260990202,base,normal,0.5,9,12,,,0.14,1.0
lec_degradation,51003,0.0005922546260990202,base,normal,0.5,10,12,1.0,0.7302180528640747,,
mec_degradation,51003,0.0005922546260990202,base,normal,0.5,10,12,,,0.14,1.0
lec_degradation,51003,0.0005922546260990202,base,normal,0.5,11,12,1.0,0.727924644947052,,
mec_degradation,51003,0.0005922546260990202,base,normal,0.5,11,12,,,0.1,1.0
lec_degradation,51003,0.0005922546260990202,base,normal,0.75,0,19,1.0,0.6843289732933044,,
mec_degradation,51003,0.0005922546260990202,base,normal,0.75,0,19,,,0.08,1.0
lec_degradation,51003,0.0005922546260990202,base,normal,0.75,1,19,1.0,0.725517213344574,,
mec_degradation,51003,0.0005922546260990202,base,normal,0.75,1,19,,,0.08,1.0
lec_degradation,51003,0.0005922546260990202,base,normal,0.75,2,19,0.5,0.5828973650932312,,
mec_degradation,51003,0.0005922546260990202,base,normal,0.75,2,19,,,0.12,1.0
lec_degradation,51003,0.0005922546260990202,base,normal,0.75,3,19,0.5,0.5522599816322327,,
mec_degradation,51003,0.0005922546260990202,base,normal,0.75,3,19,,,0.1,1.0
lec_degradation,51003,0.0005922546260990202,base,normal,0.75,4,19,1.0,0.7193835377693176,,
mec_degradation,51003,0.0005922546260990202,base,normal,0.75,4,19,,,0.06,1.0
lec_degradation,51003,0.0005922546260990202,base,normal,0.75,5,19,1.0,0.7279889583587646,,
mec_degradation,51003,0.0005922546260990202,base,normal,0.75,5,19,,,0.06,1.0
lec_degradation,51003,0.0005922546260990202,base,normal,0.75,6,19,0.5,0.6027899384498596,,
mec_degradation,51003,0.0005922546260990202,base,normal,0.75,6,19,,,0.08,1.0
lec_degradation,51003,0.0005922546260990202,base,normal,0.75,7,19,1.0,0.7097487449645996,,
mec_degradation,51003,0.0005922546260990202,base,normal,0.75,7,19,,,0.06,1.0
lec_degradation,51003,0.0005922546260990202,base,normal,0.75,8,19,0.5,0.5956993699073792,,
mec_degradation,51003,0.0005922546260990202,base,normal,0.75,8,19,,,0.08,1.0
lec_degradation,51003,0.0005922546260990202,base,normal,0.75,9,19,1.0,0.6958572268486023,,
mec_degradation,51003,0.0005922546260990202,base,normal,0.75,9,19,,,0.06,1.0
lec_degradation,51003,0.0005922546260990202,base,normal,0.75,10,19,1.0,0.6653478741645813,,
mec_degradation,51003,0.0005922546260990202,base,normal,0.75,10,19,,,0.04,1.0
lec_degradation,51003,0.0005922546260990202,base,normal,0.75,11,19,1.0,0.6767283082008362,,
mec_degradation,51003,0.0005922546260990202,base,normal,0.75,11,19,,,0.06,1.0
lec_degradation,51003,0.0005922546260990202,base,normal,0.9,0,22,1.0,0.6931107044219971,,
mec_degradation,51003,0.0005922546260990202,base,normal,0.9,0,22,,,0.06,1.0
lec_degradation,51003,0.0005922546260990202,base,normal,0.9,1,22,0.5,0.6263395547866821,,
mec_degradation,51003,0.0005922546260990202,base,normal,0.9,1,22,,,0.06,1.0
lec_degradation,51003,0.0005922546260990202,base,normal,0.9,2,22,1.0,0.671984076499939,,
mec_degradation,51003,0.0005922546260990202,base,normal,0.9,2,22,,,0.08,1.0
lec_degradation,51003,0.0005922546260990202,base,normal,0.9,3,22,0.5,0.606365978717804,,
mec_degradation,51003,0.0005922546260990202,base,normal,0.9,3,22,,,0.06,1.0
lec_degradation,51003,0.0005922546260990202,base,normal,0.9,4,22,1.0,0.6483615040779114,,
mec_degradation,51003,0.0005922546260990202,base,normal,0.9,4,22,,,0.08,1.0
lec_degradation,51003,0.0005922546260990202,base,normal,0.9,5,22,1.0,0.6639832854270935,,
mec_degradation,51003,0.0005922546260990202,base,normal,0.9,5,22,,,0.06,1.0
lec_degradation,51003,0.0005922546260990202,base,normal,0.9,6,22,0.5,0.5917691588401794,,
mec_degradation,51003,0.0005922546260990202,base,normal,0.9,6,22,,,0.06,1.0
lec_degradation,51003,0.0005922546260990202,base,normal,0.9,7,22,0.5,0.5988664031028748,,
mec_degradation,51003,0.0005922546260990202,base,normal,0.9,7,22,,,0.08,1.0
lec_degradation,51003,0.0005922546260990202,base,normal,0.9,8,22,1.0,0.6154714226722717,,
mec_degradation,51003,0.0005922546260990202,base,normal,0.9,8,22,,,0.06,1.0
lec_degradation,51003,0.0005922546260990202,base,normal,0.9,9,22,0.5,0.59698885679245,,
mec_degradation,51003,0.0005922546260990202,base,normal,0.9,9,22,,,0.06,1.0
lec_degradation,51003,0.0005922546260990202,base,normal,0.9,10,22,0.5,0.5716559886932373,,
mec_degradation,51003,0.0005922546260990202,base,normal,0.9,10,22,,,0.08,1.0
lec_degradation,51003,0.0005922546260990202,base,normal,0.9,11,22,0.5,0.6544848680496216,,
mec_degradation,51003,0.0005922546260990202,base,normal,0.9,11,22,,,0.06,1.0
lec_degradation,51003,0.0005922546260990202,base,dense,0.0,0,0,0.5,0.1852305382490158,,
mec_degradation,51003,0.0005922546260990202,base,dense,0.0,0,0,,,0.02,0.5
lec_degradation,51003,0.0005922546260990202,base,dense,0.0,1,0,0.5,0.1852305382490158,,
mec_degradation,51003,0.0005922546260990202,base,dense,0.0,1,0,,,0.02,0.5
lec_degradation,51003,0.0005922546260990202,base,dense,0.0,2,0,0.5,0.1852305382490158,,
mec_degradation,51003,0.0005922546260990202,base,dense,0.0,2,0,,,0.02,0.5
lec_degradation,51003,0.0005922546260990202,base,dense,0.0,3,0,0.5,0.1852305382490158,,
mec_degradation,51003,0.0005922546260990202,base,dense,0.0,3,0,,,0.02,0.5
lec_degradation,51003,0.0005922546260990202,base,dense,0.0,4,0,0.5,0.1852305382490158,,
mec_degradation,51003,0.0005922546260990202,base,dense,0.0,4,0,,,0.02,0.5
lec_degradation,51003,0.0005922546260990202,base,dense,0.0,5,0,0.5,0.1852305382490158,,
mec_degradation,51003,0.0005922546260990202,base,dense,0.0,5,0,,,0.02,0.5
lec_degradation,51003,0.0005922546260990202,base,dense,0.0,6,0,0.5,0.1852305382490158,,
mec_degradation,51003,0.0005922546260990202,base,dense,0.0,6,0,,,0.02,0.5
lec_degradation,51003,0.0005922546260990202,base,dense,0.0,7,0,0.5,0.1852305382490158,,
mec_degradation,51003,0.0005922546260990202,base,dense,0.0,7,0,,,0.02,0.5
lec_degradation,51003,0.0005922546260990202,base,dense,0.0,8,0,0.5,0.1852305382490158,,
mec_degradation,51003,0.0005922546260990202,base,dense,0.0,8,0,,,0.02,0.5
lec_degradation,51003,0.0005922546260990202,base,dense,0.0,9,0,0.5,0.1852305382490158,,
mec_degradation,51003,0.0005922546260990202,base,dense,0.0,9,0,,,0.02,0.5
lec_degradation,51003,0.0005922546260990202,base,dense,0.0,10,0,0.5,0.1852305382490158,,
mec_degradation,51003,0.0005922546260990202,base,dense,0.0,10,0,,,0.02,0.5
lec_degradation,51003,0.0005922546260990202,base,dense,0.0,11,0,0.5,0.1852305382490158,,
mec_degradation,51003,0.0005922546260990202,base,dense,0.0,11,0,,,0.02,0.5
lec_degradation,51003,0.0005922546260990202,base,dense,0.25,0,6,0.5,0.1852305382490158,,
mec_degradation,51003,0.0005922546260990202,base,dense,0.25,0,6,,,0.02,0.5
lec_degradation,51003,0.0005922546260990202,base,dense,0.25,1,6,0.5,0.1852305382490158,,
mec_degradation,51003,0.0005922546260990202,base,dense,0.25,1,6,,,0.02,0.5
lec_degradation,51003,0.0005922546260990202,base,dense,0.25,2,6,0.5,0.1852305382490158,,
mec_degradation,51003,0.0005922546260990202,base,dense,0.25,2,6,,,0.02,0.5
lec_degradation,51003,0.0005922546260990202,base,dense,0.25,3,6,0.5,0.1852305382490158,,
mec_degradation,51003,0.0005922546260990202,base,dense,0.25,3,6,,,0.02,0.5
lec_degradation,51003,0.0005922546260990202,base,dense,0.25,4,6,0.5,0.1852305382490158,,
mec_degradation,51003,0.0005922546260990202,base,dense,0.25,4,6,,,0.02,0.5
lec_degradation,51003,0.0005922546260990202,base,dense,0.25,5,6,0.5,0.1852305382490158,,
mec_degradation,51003,0.0005922546260990202,base,dense,0.25,5,6,,,0.02,0.5
lec_degradation,51003,0.0005922546260990202,base,dense,0.25,6,6,0.5,0.1852305382490158,,
mec_degradation,51003,0.0005922546260990202,base,dense,0.25,6,6,,,0.02,0.5
lec_degradation,51003,0.0005922546260990202,base,dense,0.25,7,6,0.5,0.1852305382490158,,
mec_degradation,51003,0.0005922546260990202,base,dense,0.25,7,6,,,0.02,0.5
lec_degradation,51003,0.0005922546260990202,base,dense,0.25,8,6,0.5,0.1852305382490158,,
mec_degradation,51003,0.0005922546260990202,base,dense,0.25,8,6,,,0.02,0.5
lec_degradation,51003,0.0005922546260990202,base,dense,0.25,9,6,0.5,0.1852305382490158,,
mec_degradation,51003,0.0005922546260990202,base,dense,0.25,9,6,,,0.02,0.5
lec_degradation,51003,0.0005922546260990202,base,dense,0.25,10,6,0.5,0.1852305382490158,,
mec_degradation,51003,0.0005922546260990202,base,dense,0.25,10,6,,,0.02,0.5
lec_degradation,51003,0.0005922546260990202,base,dense,0.25,11,6,0.5,0.1852305382490158,,
mec_degradation,51003,0.0005922546260990202,base,dense,0.25,11,6,,,0.02,0.5
lec_degradation,51003,0.0005922546260990202,base,dense,0.5,0,12,0.5,0.1852305382490158,,
mec_degradation,51003,0.0005922546260990202,base,dense,0.5,0,12,,,0.02,0.5
lec_degradation,51003,0.0005922546260990202,base,dense,0.5,1,12,0.5,0.1852305382490158,,
mec_degradation,51003,0.0005922546260990202,base,dense,0.5,1,12,,,0.02,0.5
lec_degradation,51003,0.0005922546260990202,base,dense,0.5,2,12,0.5,0.1852305382490158,,
mec_degradation,51003,0.0005922546260990202,base,dense,0.5,2,12,,,0.02,0.5
lec_degradation,51003,0.0005922546260990202,base,dense,0.5,3,12,0.5,0.1852305382490158,,
mec_degradation,51003,0.0005922546260990202,base,dense,0.5,3,12,,,0.02,0.5
lec_degradation,51003,0.0005922546260990202,base,dense,0.5,4,12,0.5,0.1852305382490158,,
mec_degradation,51003,0.0005922546260990202,base,dense,0.5,4,12,,,0.02,0.5
lec_degradation,51003,0.0005922546260990202,base,dense,0.5,5,12,0.5,0.1852305382490158,,
mec_degradation,51003,0.0005922546260990202,base,dense,0.5,5,12,,,0.02,0.5
lec_degradation,51003,0.0005922546260990202,base,dense,0.5,6,12,0.5,0.1852305382490158,,
mec_degradation,51003,0.0005922546260990202,base,dense,0.5,6,12,,,0.02,0.5
lec_degradation,51003,0.0005922546260990202,base,dense,0.5,7,12,0.5,0.1852305382490158,,
mec_degradation,51003,0.0005922546260990202,base,dense,0.5,7,12,,,0.02,0.5
lec_degradation,51003,0.0005922546260990202,base,dense,0.5,8,12,0.5,0.1852305382490158,,
mec_degradation,51003,0.0005922546260990202,base,dense,0.5,8,12,,,0.02,0.5
lec_degradation,51003,0.0005922546260990202,base,dense,0.5,9,12,0.5,0.1852305382490158,,
mec_degradation,51003,0.0005922546260990202,base,dense,0.5,9,12,,,0.02,0.5
lec_degradation,51003,0.0005922546260990202,base,dense,0.5,10,12,0.5,0.1852305382490158,,
mec_degradation,51003,0.0005922546260990202,base,dense,0.5,10,12,,,0.02,0.5
lec_degradation,51003,0.0005922546260990202,base,dense,0.5,11,12,0.5,0.1852305382490158,,
mec_degradation,51003,0.0005922546260990202,base,dense,0.5,11,12,,,0.02,0.5
lec_degradation,51003,0.0005922546260990202,base,dense,0.75,0,19,0.5,0.1852305382490158,,
mec_degradation,51003,0.0005922546260990202,base,dense,0.75,0,19,,,0.02,0.5
lec_degradation,51003,0.0005922546260990202,base,dense,0.75,1,19,0.5,0.1852305382490158,,
mec_degradation,51003,0.0005922546260990202,base,dense,0.75,1,19,,,0.02,0.5
lec_degradation,51003,0.0005922546260990202,base,dense,0.75,2,19,0.5,0.1852305382490158,,
mec_degradation,51003,0.0005922546260990202,base,dense,0.75,2,19,,,0.02,0.5
lec_degradation,51003,0.0005922546260990202,base,dense,0.75,3,19,0.5,0.1852305382490158,,
mec_degradation,51003,0.0005922546260990202,base,dense,0.75,3,19,,,0.02,0.5
lec_degradation,51003,0.0005922546260990202,base,dense,0.75,4,19,0.5,0.1852305382490158,,
mec_degradation,51003,0.0005922546260990202,base,dense,0.75,4,19,,,0.02,0.5
lec_degradation,51003,0.0005922546260990202,base,dense,0.75,5,19,0.5,0.1852305382490158,,
mec_degradation,51003,0.0005922546260990202,base,dense,0.75,5,19,,,0.02,0.5
lec_degradation,51003,0.0005922546260990202,base,dense,0.75,6,19,0.5,0.1852305382490158,,
mec_degradation,51003,0.0005922546260990202,base,dense,0.75,6,19,,,0.02,0.5
lec_degradation,51003,0.0005922546260990202,base,dense,0.75,7,19,0.5,0.1852305382490158,,
mec_degradation,51003,0.0005922546260990202,base,dense,0.75,7,19,,,0.02,0.5
lec_degradation,51003,0.0005922546260990202,base,dense,0.75,8,19,0.5,0.1852305382490158,,
mec_degradation,51003,0.0005922546260990202,base,dense,0.75,8,19,,,0.02,0.5
lec_degradation,51003,0.0005922546260990202,base,dense,0.75,9,19,0.5,0.1852305382490158,,
mec_degradation,51003,0.0005922546260990202,base,dense,0.75,9,19,,,0.02,0.5
lec_degradation,51003,0.0005922546260990202,base,dense,0.75,10,19,0.5,0.1852305382490158,,
mec_degradation,51003,0.0005922546260990202,base,dense,0.75,10,19,,,0.02,0.5
lec_degradation,51003,0.0005922546260990202,base,dense,0.75,11,19,0.5,0.1852305382490158,,
mec_degradation,51003,0.0005922546260990202,base,dense,0.75,11,19,,,0.02,0.5
lec_degradation,51003,0.0005922546260990202,base,dense,0.9,0,22,0.5,0.1852305382490158,,
mec_degradation,51003,0.0005922546260990202,base,dense,0.9,0,22,,,0.02,0.5
lec_degradation,51003,0.0005922546260990202,base,dense,0.9,1,22,0.5,0.1852305382490158,,
mec_degradation,51003,0.0005922546260990202,base,dense,0.9,1,22,,,0.02,0.5
lec_degradation,51003,0.0005922546260990202,base,dense,0.9,2,22,0.5,0.1852305382490158,,
mec_degradation,51003,0.0005922546260990202,base,dense,0.9,2,22,,,0.02,0.5
lec_degradation,51003,0.0005922546260990202,base,dense,0.9,3,22,0.5,0.1852305382490158,,
mec_degradation,51003,0.0005922546260990202,base,dense,0.9,3,22,,,0.02,0.5
lec_degradation,51003,0.0005922546260990202,base,dense,0.9,4,22,0.5,0.1852305382490158,,
mec_degradation,51003,0.0005922546260990202,base,dense,0.9,4,22,,,0.02,0.5
lec_degradation,51003,0.0005922546260990202,base,dense,0.9,5,22,0.5,0.1852305382490158,,
mec_degradation,51003,0.0005922546260990202,base,dense,0.9,5,22,,,0.02,0.5
lec_degradation,51003,0.0005922546260990202,base,dense,0.9,6,22,0.5,0.1852305382490158,,
mec_degradation,51003,0.0005922546260990202,base,dense,0.9,6,22,,,0.02,0.5
lec_degradation,51003,0.0005922546260990202,base,dense,0.9,7,22,0.5,0.1852305382490158,,
mec_degradation,51003,0.0005922546260990202,base,dense,0.9,7,22,,,0.02,0.5
lec_degradation,51003,0.0005922546260990202,base,dense,0.9,8,22,0.5,0.1852305382490158,,
mec_degradation,51003,0.0005922546260990202,base,dense,0.9,8,22,,,0.02,0.5
lec_degradation,51003,0.0005922546260990202,base,dense,0.9,9,22,0.5,0.1852305382490158,,
mec_degradation,51003,0.0005922546260990202,base,dense,0.9,9,22,,,0.02,0.5
lec_degradation,51003,0.0005922546260990202,base,dense,0.9,10,22,0.5,0.1852305382490158,,
mec_degradation,51003,0.0005922546260990202,base,dense,0.9,10,22,,,0.02,0.5
lec_degradation,51003,0.0005922546260990202,base,dense,0.9,11,22,0.5,0.1852305382490158,,
mec_degradation,51003,0.0005922546260990202,base,dense,0.9,11,22,,,0.02,0.5
lec_degradation,51003,0.0005922546260990202,err2,normal,0.0,0,0,1.0,0.9228343963623047,,
mec_degradation,51003,0.0005922546260990202,err2,normal,0.0,0,0,,,0.78,1.0
lec_degradation,51003,0.0005922546260990202,err2,normal,0.0,1,0,1.0,0.9228343963623047,,
mec_degradation,51003,0.0005922546260990202,err2,normal,0.0,1,0,,,0.78,1.0
lec_degradation,51003,0.0005922546260990202,err2,normal,0.0,2,0,1.0,0.9228343963623047,,
mec_degradation,51003,0.0005922546260990202,err2,normal,0.0,2,0,,,0.78,1.0
lec_degradation,51003,0.0005922546260990202,err2,normal,0.0,3,0,1.0,0.9228343963623047,,
mec_degradation,51003,0.0005922546260990202,err2,normal,0.0,3,0,,,0.78,1.0
lec_degradation,51003,0.0005922546260990202,err2,normal,0.0,4,0,1.0,0.9228343963623047,,
mec_degradation,51003,0.0005922546260990202,err2,normal,0.0,4,0,,,0.78,1.0
lec_degradation,51003,0.0005922546260990202,err2,normal,0.0,5,0,1.0,0.9228343963623047,,
mec_degradation,51003,0.0005922546260990202,err2,normal,0.0,5,0,,,0.78,1.0
lec_degradation,51003,0.0005922546260990202,err2,normal,0.0,6,0,1.0,0.9228343963623047,,
mec_degradation,51003,0.0005922546260990202,err2,normal,0.0,6,0,,,0.78,1.0
lec_degradation,51003,0.0005922546260990202,err2,normal,0.0,7,0,1.0,0.9228343963623047,,
mec_degradation,51003,0.0005922546260990202,err2,normal,0.0,7,0,,,0.78,1.0
lec_degradation,51003,0.0005922546260990202,err2,normal,0.0,8,0,1.0,0.9228343963623047,,
mec_degradation,51003,0.0005922546260990202,err2,normal,0.0,8,0,,,0.78,1.0
lec_degradation,51003,0.0005922546260990202,err2,normal,0.0,9,0,1.0,0.9228343963623047,,
mec_degradation,51003,0.0005922546260990202,err2,normal,0.0,9,0,,,0.78,1.0
lec_degradation,51003,0.0005922546260990202,err2,normal,0.0,10,0,1.0,0.9228343963623047,,
mec_degradation,51003,0.0005922546260990202,err2,normal,0.0,10,0,,,0.78,1.0
lec_degradation,51003,0.0005922546260990202,err2,normal,0.0,11,0,1.0,0.9228343963623047,,
mec_degradation,51003,0.0005922546260990202,err2,normal,0.0,11,0,,,0.78,1.0
lec_degradation,51003,0.0005922546260990202,err2,normal,0.25,0,6,1.0,0.7764098644256592,,
mec_degradation,51003,0.0005922546260990202,err2,normal,0.25,0,6,,,0.44,1.0
lec_degradation,51003,0.0005922546260990202,err2,normal,0.25,1,6,1.0,0.8304048776626587,,
mec_degradation,51003,0.0005922546260990202,err2,normal,0.25,1,6,,,0.5,1.0
lec_degradation,51003,0.0005922546260990202,err2,normal,0.25,2,6,1.0,0.8598357439041138,,
mec_degradation,51003,0.0005922546260990202,err2,normal,0.25,2,6,,,0.42,1.0
lec_degradation,51003,0.0005922546260990202,err2,normal,0.25,3,6,1.0,0.8607802391052246,,
mec_degradation,51003,0.0005922546260990202,err2,normal,0.25,3,6,,,0.38,1.0
lec_degradation,51003,0.0005922546260990202,err2,normal,0.25,4,6,1.0,0.8701526522636414,,
mec_degradation,51003,0.0005922546260990202,err2,normal,0.25,4,6,,,0.38,1.0
lec_degradation,51003,0.0005922546260990202,err2,normal,0.25,5,6,1.0,0.8282100558280945,,
mec_degradation,51003,0.0005922546260990202,err2,normal,0.25,5,6,,,0.56,1.0
lec_degradation,51003,0.0005922546260990202,err2,normal,0.25,6,6,1.0,0.8438425660133362,,
mec_degradation,51003,0.0005922546260990202,err2,normal,0.25,6,6,,,0.6,1.0
lec_degradation,51003,0.0005922546260990202,err2,normal,0.25,7,6,1.0,0.8065427541732788,,
mec_degradation,51003,0.0005922546260990202,err2,normal,0.25,7,6,,,0.54,1.0
lec_degradation,51003,0.0005922546260990202,err2,normal,0.25,8,6,1.0,0.8297035694122314,,
mec_degradation,51003,0.0005922546260990202,err2,normal,0.25,8,6,,,0.38,1.0
lec_degradation,51003,0.0005922546260990202,err2,normal,0.25,9,6,1.0,0.8338841795921326,,
mec_degradation,51003,0.0005922546260990202,err2,normal,0.25,9,6,,,0.5,1.0
lec_degradation,51003,0.0005922546260990202,err2,normal,0.25,10,6,1.0,0.8663823008537292,,
mec_degradation,51003,0.0005922546260990202,err2,normal,0.25,10,6,,,0.48,1.0
lec_degradation,51003,0.0005922546260990202,err2,normal,0.25,11,6,1.0,0.8147875070571899,,
mec_degradation,51003,0.0005922546260990202,err2,normal,0.25,11,6,,,0.4,1.0
lec_degradation,51003,0.0005922546260990202,err2,normal,0.5,0,12,1.0,0.7483735680580139,,
mec_degradation,51003,0.0005922546260990202,err2,normal,0.5,0,12,,,0.22,1.0
lec_degradation,51003,0.0005922546260990202,err2,normal,0.5,1,12,1.0,0.7846317291259766,,
mec_degradation,51003,0.0005922546260990202,err2,normal,0.5,1,12,,,0.2,1.0
lec_degradation,51003,0.0005922546260990202,err2,normal,0.5,2,12,1.0,0.764021635055542,,
mec_degradation,51003,0.0005922546260990202,err2,normal,0.5,2,12,,,0.24,1.0
lec_degradation,51003,0.0005922546260990202,err2,normal,0.5,3,12,1.0,0.8122002482414246,,
mec_degradation,51003,0.0005922546260990202,err2,normal,0.5,3,12,,,0.26,1.0
lec_degradation,51003,0.0005922546260990202,err2,normal,0.5,4,12,1.0,0.7652617692947388,,
mec_degradation,51003,0.0005922546260990202,err2,normal,0.5,4,12,,,0.24,1.0
lec_degradation,51003,0.0005922546260990202,err2,normal,0.5,5,12,1.0,0.8015280961990356,,
mec_degradation,51003,0.0005922546260990202,err2,normal,0.5,5,12,,,0.28,1.0
lec_degradation,51003,0.0005922546260990202,err2,normal,0.5,6,12,1.0,0.8222185373306274,,
mec_degradation,51003,0.0005922546260990202,err2,normal,0.5,6,12,,,0.2,1.0
lec_degradation,51003,0.0005922546260990202,err2,normal,0.5,7,12,1.0,0.7997446656227112,,
mec_degradation,51003,0.0005922546260990202,err2,normal,0.5,7,12,,,0.28,1.0
lec_degradation,51003,0.0005922546260990202,err2,normal,0.5,8,12,0.5,0.6578968167304993,,
mec_degradation,51003,0.0005922546260990202,err2,normal,0.5,8,12,,,0.18,1.0
lec_degradation,51003,0.0005922546260990202,err2,normal,0.5,9,12,1.0,0.7715325355529785,,
mec_degradation,51003,0.0005922546260990202,err2,normal,0.5,9,12,,,0.24,1.0
lec_degradation,51003,0.0005922546260990202,err2,normal,0.5,10,12,1.0,0.7887909412384033,,
mec_degradation,51003,0.0005922546260990202,err2,normal,0.5,10,12,,,0.22,1.0
lec_degradation,51003,0.0005922546260990202,err2,normal,0.5,11,12,1.0,0.802541196346283,,
mec_degradation,51003,0.0005922546260990202,err2,normal,0.5,11,12,,,0.3,1.0
lec_degradation,51003,0.0005922546260990202,err2,normal,0.75,0,19,1.0,0.7776973843574524,,
mec_degradation,51003,0.0005922546260990202,err2,normal,0.75,0,19,,,0.1,1.0
lec_degradation,51003,0.0005922546260990202,err2,normal,0.75,1,19,1.0,0.7336300015449524,,
mec_degradation,51003,0.0005922546260990202,err2,normal,0.75,1,19,,,0.22,1.0
lec_degradation,51003,0.0005922546260990202,err2,normal,0.75,2,19,0.5,0.7077312469482422,,
mec_degradation,51003,0.0005922546260990202,err2,normal,0.75,2,19,,,0.12,1.0
lec_degradation,51003,0.0005922546260990202,err2,normal,0.75,3,19,1.0,0.7072327136993408,,
mec_degradation,51003,0.0005922546260990202,err2,normal,0.75,3,19,,,0.06,1.0
lec_degradation,51003,0.0005922546260990202,err2,normal,0.75,4,19,1.0,0.797294557094574,,
mec_degradation,51003,0.0005922546260990202,err2,normal,0.75,4,19,,,0.1,1.0
lec_degradation,51003,0.0005922546260990202,err2,normal,0.75,5,19,1.0,0.7801292538642883,,
mec_degradation,51003,0.0005922546260990202,err2,normal,0.75,5,19,,,0.12,1.0
lec_degradation,51003,0.0005922546260990202,err2,normal,0.75,6,19,0.5,0.7346992492675781,,
mec_degradation,51003,0.0005922546260990202,err2,normal,0.75,6,19,,,0.12,1.0
lec_degradation,51003,0.0005922546260990202,err2,normal,0.75,7,19,1.0,0.7656334638595581,,
mec_degradation,51003,0.0005922546260990202,err2,normal,0.75,7,19,,,0.12,1.0
lec_degradation,51003,0.0005922546260990202,err2,normal,0.75,8,19,0.5,0.6544005870819092,,
mec_degradation,51003,0.0005922546260990202,err2,normal,0.75,8,19,,,0.16,1.0
lec_degradation,51003,0.0005922546260990202,err2,normal,0.75,9,19,1.0,0.7623672485351562,,
mec_degradation,51003,0.0005922546260990202,err2,normal,0.75,9,19,,,0.16,1.0
lec_degradation,51003,0.0005922546260990202,err2,normal,0.75,10,19,1.0,0.7396204471588135,,
mec_degradation,51003,0.0005922546260990202,err2,normal,0.75,10,19,,,0.08,1.0
lec_degradation,51003,0.0005922546260990202,err2,normal,0.75,11,19,1.0,0.803546130657196,,
mec_degradation,51003,0.0005922546260990202,err2,normal,0.75,11,19,,,0.1,1.0
lec_degradation,51003,0.0005922546260990202,err2,normal,0.9,0,22,1.0,0.7985692620277405,,
mec_degradation,51003,0.0005922546260990202,err2,normal,0.9,0,22,,,0.06,1.0
lec_degradation,51003,0.0005922546260990202,err2,normal,0.9,1,22,1.0,0.7418977618217468,,
mec_degradation,51003,0.0005922546260990202,err2,normal,0.9,1,22,,,0.06,1.0
lec_degradation,51003,0.0005922546260990202,err2,normal,0.9,2,22,1.0,0.8315568566322327,,
mec_degradation,51003,0.0005922546260990202,err2,normal,0.9,2,22,,,0.08,1.0
lec_degradation,51003,0.0005922546260990202,err2,normal,0.9,3,22,0.5,0.7558290958404541,,
mec_degradation,51003,0.0005922546260990202,err2,normal,0.9,3,22,,,0.06,1.0
lec_degradation,51003,0.0005922546260990202,err2,normal,0.9,4,22,0.5,0.78713059425354,,
mec_degradation,51003,0.0005922546260990202,err2,normal,0.9,4,22,,,0.04,1.0
lec_degradation,51003,0.0005922546260990202,err2,normal,0.9,5,22,1.0,0.8194383978843689,,
mec_degradation,51003,0.0005922546260990202,err2,normal,0.9,5,22,,,0.08,1.0
lec_degradation,51003,0.0005922546260990202,err2,normal,0.9,6,22,1.0,0.7960626482963562,,
mec_degradation,51003,0.0005922546260990202,err2,normal,0.9,6,22,,,0.1,1.0
lec_degradation,51003,0.0005922546260990202,err2,normal,0.9,7,22,0.5,0.7203580737113953,,
mec_degradation,51003,0.0005922546260990202,err2,normal,0.9,7,22,,,0.08,1.0
lec_degradation,51003,0.0005922546260990202,err2,normal,0.9,8,22,0.5,0.7500309944152832,,
mec_degradation,51003,0.0005922546260990202,err2,normal,0.9,8,22,,,0.1,1.0
lec_degradation,51003,0.0005922546260990202,err2,normal,0.9,9,22,0.5,0.7338531017303467,,
mec_degradation,51003,0.0005922546260990202,err2,normal,0.9,9,22,,,0.06,1.0
lec_degradation,51003,0.0005922546260990202,err2,normal,0.9,10,22,0.5,0.7448415160179138,,
mec_degradation,51003,0.0005922546260990202,err2,normal,0.9,10,22,,,0.08,1.0
lec_degradation,51003,0.0005922546260990202,err2,normal,0.9,11,22,0.5,0.7683686017990112,,
mec_degradation,51003,0.0005922546260990202,err2,normal,0.9,11,22,,,0.06,1.0
lec_degradation,51003,0.0005922546260990202,err2,dense,0.0,0,0,0.5,0.27988049387931824,,
mec_degradation,51003,0.0005922546260990202,err2,dense,0.0,0,0,,,0.02,0.5
lec_degradation,51003,0.0005922546260990202,err2,dense,0.0,1,0,0.5,0.27988049387931824,,
mec_degradation,51003,0.0005922546260990202,err2,dense,0.0,1,0,,,0.02,0.5
lec_degradation,51003,0.0005922546260990202,err2,dense,0.0,2,0,0.5,0.27988049387931824,,
mec_degradation,51003,0.0005922546260990202,err2,dense,0.0,2,0,,,0.02,0.5
lec_degradation,51003,0.0005922546260990202,err2,dense,0.0,3,0,0.5,0.27988049387931824,,
mec_degradation,51003,0.0005922546260990202,err2,dense,0.0,3,0,,,0.02,0.5
lec_degradation,51003,0.0005922546260990202,err2,dense,0.0,4,0,0.5,0.27988049387931824,,
mec_degradation,51003,0.0005922546260990202,err2,dense,0.0,4,0,,,0.02,0.5
lec_degradation,51003,0.0005922546260990202,err2,dense,0.0,5,0,0.5,0.27988049387931824,,
mec_degradation,51003,0.0005922546260990202,err2,dense,0.0,5,0,,,0.02,0.5
lec_degradation,51003,0.0005922546260990202,err2,dense,0.0,6,0,0.5,0.27988049387931824,,
mec_degradation,51003,0.0005922546260990202,err2,dense,0.0,6,0,,,0.02,0.5
lec_degradation,51003,0.0005922546260990202,err2,dense,0.0,7,0,0.5,0.27988049387931824,,
mec_degradation,51003,0.0005922546260990202,err2,dense,0.0,7,0,,,0.02,0.5
lec_degradation,51003,0.0005922546260990202,err2,dense,0.0,8,0,0.5,0.27988049387931824,,
mec_degradation,51003,0.0005922546260990202,err2,dense,0.0,8,0,,,0.02,0.5
lec_degradation,51003,0.0005922546260990202,err2,dense,0.0,9,0,0.5,0.27988049387931824,,
mec_degradation,51003,0.0005922546260990202,err2,dense,0.0,9,0,,,0.02,0.5
lec_degradation,51003,0.0005922546260990202,err2,dense,0.0,10,0,0.5,0.27988049387931824,,
mec_degradation,51003,0.0005922546260990202,err2,dense,0.0,10,0,,,0.02,0.5
lec_degradation,51003,0.0005922546260990202,err2,dense,0.0,11,0,0.5,0.27988049387931824,,
mec_degradation,51003,0.0005922546260990202,err2,dense,0.0,11,0,,,0.02,0.5
lec_degradation,51003,0.0005922546260990202,err2,dense,0.25,0,6,0.5,0.27988049387931824,,
mec_degradation,51003,0.0005922546260990202,err2,dense,0.25,0,6,,,0.02,0.5
lec_degradation,51003,0.0005922546260990202,err2,dense,0.25,1,6,0.5,0.27988049387931824,,
mec_degradation,51003,0.0005922546260990202,err2,dense,0.25,1,6,,,0.02,0.5
lec_degradation,51003,0.0005922546260990202,err2,dense,0.25,2,6,0.5,0.27988049387931824,,
mec_degradation,51003,0.0005922546260990202,err2,dense,0.25,2,6,,,0.02,0.5
lec_degradation,51003,0.0005922546260990202,err2,dense,0.25,3,6,0.5,0.27988049387931824,,
mec_degradation,51003,0.0005922546260990202,err2,dense,0.25,3,6,,,0.02,0.5
lec_degradation,51003,0.0005922546260990202,err2,dense,0.25,4,6,0.5,0.27988049387931824,,
mec_degradation,51003,0.0005922546260990202,err2,dense,0.25,4,6,,,0.02,0.5
lec_degradation,51003,0.0005922546260990202,err2,dense,0.25,5,6,0.5,0.27988049387931824,,
mec_degradation,51003,0.0005922546260990202,err2,dense,0.25,5,6,,,0.02,0.5
lec_degradation,51003,0.0005922546260990202,err2,dense,0.25,6,6,0.5,0.27988049387931824,,
mec_degradation,51003,0.0005922546260990202,err2,dense,0.25,6,6,,,0.02,0.5
lec_degradation,51003,0.0005922546260990202,err2,dense,0.25,7,6,0.5,0.27988049387931824,,
mec_degradation,51003,0.0005922546260990202,err2,dense,0.25,7,6,,,0.02,0.5
lec_degradation,51003,0.0005922546260990202,err2,dense,0.25,8,6,0.5,0.27988049387931824,,
mec_degradation,51003,0.0005922546260990202,err2,dense,0.25,8,6,,,0.02,0.5
lec_degradation,51003,0.0005922546260990202,err2,dense,0.25,9,6,0.5,0.27988049387931824,,
mec_degradation,51003,0.0005922546260990202,err2,dense,0.25,9,6,,,0.02,0.5
lec_degradation,51003,0.0005922546260990202,err2,dense,0.25,10,6,0.5,0.27988049387931824,,
mec_degradation,51003,0.0005922546260990202,err2,dense,0.25,10,6,,,0.02,0.5
lec_degradation,51003,0.0005922546260990202,err2,dense,0.25,11,6,0.5,0.27988049387931824,,
mec_degradation,51003,0.0005922546260990202,err2,dense,0.25,11,6,,,0.02,0.5
lec_degradation,51003,0.0005922546260990202,err2,dense,0.5,0,12,0.5,0.27988049387931824,,
mec_degradation,51003,0.0005922546260990202,err2,dense,0.5,0,12,,,0.02,0.5
lec_degradation,51003,0.0005922546260990202,err2,dense,0.5,1,12,0.5,0.27988049387931824,,
mec_degradation,51003,0.0005922546260990202,err2,dense,0.5,1,12,,,0.02,0.5
lec_degradation,51003,0.0005922546260990202,err2,dense,0.5,2,12,0.5,0.27988049387931824,,
mec_degradation,51003,0.0005922546260990202,err2,dense,0.5,2,12,,,0.02,0.5
lec_degradation,51003,0.0005922546260990202,err2,dense,0.5,3,12,0.5,0.27988049387931824,,
mec_degradation,51003,0.0005922546260990202,err2,dense,0.5,3,12,,,0.02,0.5
lec_degradation,51003,0.0005922546260990202,err2,dense,0.5,4,12,0.5,0.27988049387931824,,
mec_degradation,51003,0.0005922546260990202,err2,dense,0.5,4,12,,,0.02,0.5
lec_degradation,51003,0.0005922546260990202,err2,dense,0.5,5,12,0.5,0.27988049387931824,,
mec_degradation,51003,0.0005922546260990202,err2,dense,0.5,5,12,,,0.02,0.5
lec_degradation,51003,0.0005922546260990202,err2,dense,0.5,6,12,0.5,0.27988049387931824,,
mec_degradation,51003,0.0005922546260990202,err2,dense,0.5,6,12,,,0.02,0.5
lec_degradation,51003,0.0005922546260990202,err2,dense,0.5,7,12,0.5,0.27988049387931824,,
mec_degradation,51003,0.0005922546260990202,err2,dense,0.5,7,12,,,0.02,0.5
lec_degradation,51003,0.0005922546260990202,err2,dense,0.5,8,12,0.5,0.27988049387931824,,
mec_degradation,51003,0.0005922546260990202,err2,dense,0.5,8,12,,,0.02,0.5
lec_degradation,51003,0.0005922546260990202,err2,dense,0.5,9,12,0.5,0.27988049387931824,,
mec_degradation,51003,0.0005922546260990202,err2,dense,0.5,9,12,,,0.02,0.5
lec_degradation,51003,0.0005922546260990202,err2,dense,0.5,10,12,0.5,0.27988049387931824,,
mec_degradation,51003,0.0005922546260990202,err2,dense,0.5,10,12,,,0.02,0.5
lec_degradation,51003,0.0005922546260990202,err2,dense,0.5,11,12,0.5,0.27988049387931824,,
mec_degradation,51003,0.0005922546260990202,err2,dense,0.5,11,12,,,0.02,0.5
lec_degradation,51003,0.0005922546260990202,err2,dense,0.75,0,19,0.5,0.27988049387931824,,
mec_degradation,51003,0.0005922546260990202,err2,dense,0.75,0,19,,,0.02,0.5
lec_degradation,51003,0.0005922546260990202,err2,dense,0.75,1,19,0.5,0.27988049387931824,,
mec_degradation,51003,0.0005922546260990202,err2,dense,0.75,1,19,,,0.02,0.5
lec_degradation,51003,0.0005922546260990202,err2,dense,0.75,2,19,0.5,0.27988049387931824,,
mec_degradation,51003,0.0005922546260990202,err2,dense,0.75,2,19,,,0.02,0.5
lec_degradation,51003,0.0005922546260990202,err2,dense,0.75,3,19,0.5,0.27988049387931824,,
mec_degradation,51003,0.0005922546260990202,err2,dense,0.75,3,19,,,0.02,0.5
lec_degradation,51003,0.0005922546260990202,err2,dense,0.75,4,19,0.5,0.27988049387931824,,
mec_degradation,51003,0.0005922546260990202,err2,dense,0.75,4,19,,,0.02,0.5
lec_degradation,51003,0.0005922546260990202,err2,dense,0.75,5,19,0.5,0.27988049387931824,,
mec_degradation,51003,0.0005922546260990202,err2,dense,0.75,5,19,,,0.02,0.5
lec_degradation,51003,0.0005922546260990202,err2,dense,0.75,6,19,0.5,0.27988049387931824,,
mec_degradation,51003,0.0005922546260990202,err2,dense,0.75,6,19,,,0.02,0.5
lec_degradation,51003,0.0005922546260990202,err2,dense,0.75,7,19,0.5,0.27988049387931824,,
mec_degradation,51003,0.0005922546260990202,err2,dense,0.75,7,19,,,0.02,0.5
lec_degradation,51003,0.0005922546260990202,err2,dense,0.75,8,19,0.5,0.27988049387931824,,
mec_degradation,51003,0.0005922546260990202,err2,dense,0.75,8,19,,,0.02,0.5
lec_degradation,51003,0.0005922546260990202,err2,dense,0.75,9,19,0.5,0.27988049387931824,,
mec_degradation,51003,0.0005922546260990202,err2,dense,0.75,9,19,,,0.02,0.5
lec_degradation,51003,0.0005922546260990202,err2,dense,0.75,10,19,0.5,0.27988049387931824,,
mec_degradation,51003,0.0005922546260990202,err2,dense,0.75,10,19,,,0.02,0.5
lec_degradation,51003,0.0005922546260990202,err2,dense,0.75,11,19,0.5,0.27988049387931824,,
mec_degradation,51003,0.0005922546260990202,err2,dense,0.75,11,19,,,0.02,0.5
lec_degradation,51003,0.0005922546260990202,err2,dense,0.9,0,22,0.5,0.27988049387931824,,
mec_degradation,51003,0.0005922546260990202,err2,dense,0.9,0,22,,,0.02,0.5
lec_degradation,51003,0.0005922546260990202,err2,dense,0.9,1,22,0.5,0.27988049387931824,,
mec_degradation,51003,0.0005922546260990202,err2,dense,0.9,1,22,,,0.02,0.5
lec_degradation,51003,0.0005922546260990202,err2,dense,0.9,2,22,0.5,0.27988049387931824,,
mec_degradation,51003,0.0005922546260990202,err2,dense,0.9,2,22,,,0.02,0.5
lec_degradation,51003,0.0005922546260990202,err2,dense,0.9,3,22,0.5,0.27988049387931824,,
mec_degradation,51003,0.0005922546260990202,err2,dense,0.9,3,22,,,0.02,0.5
lec_degradation,51003,0.0005922546260990202,err2,dense,0.9,4,22,0.5,0.27988049387931824,,
mec_degradation,51003,0.0005922546260990202,err2,dense,0.9,4,22,,,0.02,0.5
lec_degradation,51003,0.0005922546260990202,err2,dense,0.9,5,22,0.5,0.27988049387931824,,
mec_degradation,51003,0.0005922546260990202,err2,dense,0.9,5,22,,,0.02,0.5
lec_degradation,51003,0.0005922546260990202,err2,dense,0.9,6,22,0.5,0.27988049387931824,,
mec_degradation,51003,0.0005922546260990202,err2,dense,0.9,6,22,,,0.02,0.5
lec_degradation,51003,0.0005922546260990202,err2,dense,0.9,7,22,0.5,0.27988049387931824,,
mec_degradation,51003,0.0005922546260990202,err2,dense,0.9,7,22,,,0.02,0.5
lec_degradation,51003,0.0005922546260990202,err2,dense,0.9,8,22,0.5,0.27988049387931824,,
mec_degradation,51003,0.0005922546260990202,err2,dense,0.9,8,22,,,0.02,0.5
lec_degradation,51003,0.0005922546260990202,err2,dense,0.9,9,22,0.5,0.27988049387931824,,
mec_degradation,51003,0.0005922546260990202,err2,dense,0.9,9,22,,,0.02,0.5
lec_degradation,51003,0.0005922546260990202,err2,dense,0.9,10,22,0.5,0.27988049387931824,,
mec_degradation,51003,0.0005922546260990202,err2,dense,0.9,10,22,,,0.02,0.5
lec_degradation,51003,0.0005922546260990202,err2,dense,0.9,11,22,0.5,0.27988049387931824,,
mec_degradation,51003,0.0005922546260990202,err2,dense,0.9,11,22,,,0.02,0.5
lec_degradation,51004,0.000712264038156718,base,normal,0.0,0,0,1.0,0.761847972869873,,
mec_degradation,51004,0.000712264038156718,base,normal,0.0,0,0,,,0.18,1.0
lec_degradation,51004,0.000712264038156718,base,normal,0.0,1,0,1.0,0.761847972869873,,
mec_degradation,51004,0.000712264038156718,base,normal,0.0,1,0,,,0.18,1.0
lec_degradation,51004,0.000712264038156718,base,normal,0.0,2,0,1.0,0.761847972869873,,
mec_degradation,51004,0.000712264038156718,base,normal,0.0,2,0,,,0.18,1.0
lec_degradation,51004,0.000712264038156718,base,normal,0.0,3,0,1.0,0.761847972869873,,
mec_degradation,51004,0.000712264038156718,base,normal,0.0,3,0,,,0.18,1.0
lec_degradation,51004,0.000712264038156718,base,normal,0.0,4,0,1.0,0.761847972869873,,
mec_degradation,51004,0.000712264038156718,base,normal,0.0,4,0,,,0.18,1.0
lec_degradation,51004,0.000712264038156718,base,normal,0.0,5,0,1.0,0.761847972869873,,
mec_degradation,51004,0.000712264038156718,base,normal,0.0,5,0,,,0.18,1.0
lec_degradation,51004,0.000712264038156718,base,normal,0.0,6,0,1.0,0.761847972869873,,
mec_degradation,51004,0.000712264038156718,base,normal,0.0,6,0,,,0.18,1.0
lec_degradation,51004,0.000712264038156718,base,normal,0.0,7,0,1.0,0.761847972869873,,
mec_degradation,51004,0.000712264038156718,base,normal,0.0,7,0,,,0.18,1.0
lec_degradation,51004,0.000712264038156718,base,normal,0.0,8,0,1.0,0.761847972869873,,
mec_degradation,51004,0.000712264038156718,base,normal,0.0,8,0,,,0.18,1.0
lec_degradation,51004,0.000712264038156718,base,normal,0.0,9,0,1.0,0.761847972869873,,
mec_degradation,51004,0.000712264038156718,base,normal,0.0,9,0,,,0.18,1.0
lec_degradation,51004,0.000712264038156718,base,normal,0.0,10,0,1.0,0.761847972869873,,
mec_degradation,51004,0.000712264038156718,base,normal,0.0,10,0,,,0.18,1.0
lec_degradation,51004,0.000712264038156718,base,normal,0.0,11,0,1.0,0.761847972869873,,
mec_degradation,51004,0.000712264038156718,base,normal,0.0,11,0,,,0.18,1.0
lec_degradation,51004,0.000712264038156718,base,normal,0.25,0,6,1.0,0.796708345413208,,
mec_degradation,51004,0.000712264038156718,base,normal,0.25,0,6,,,0.16,1.0
lec_degradation,51004,0.000712264038156718,base,normal,0.25,1,6,1.0,0.7844730615615845,,
mec_degradation,51004,0.000712264038156718,base,normal,0.25,1,6,,,0.12,1.0
lec_degradation,51004,0.000712264038156718,base,normal,0.25,2,6,1.0,0.7653458118438721,,
mec_degradation,51004,0.000712264038156718,base,normal,0.25,2,6,,,0.2,1.0
lec_degradation,51004,0.000712264038156718,base,normal,0.25,3,6,1.0,0.8096898794174194,,
mec_degradation,51004,0.000712264038156718,base,normal,0.25,3,6,,,0.16,1.0
lec_degradation,51004,0.000712264038156718,base,normal,0.25,4,6,1.0,0.8087624907493591,,
mec_degradation,51004,0.000712264038156718,base,normal,0.25,4,6,,,0.14,1.0
lec_degradation,51004,0.000712264038156718,base,normal,0.25,5,6,1.0,0.7654711008071899,,
mec_degradation,51004,0.000712264038156718,base,normal,0.25,5,6,,,0.08,1.0
lec_degradation,51004,0.000712264038156718,base,normal,0.25,6,6,1.0,0.7960381507873535,,
mec_degradation,51004,0.000712264038156718,base,normal,0.25,6,6,,,0.1,1.0
lec_degradation,51004,0.000712264038156718,base,normal,0.25,7,6,1.0,0.7647138833999634,,
mec_degradation,51004,0.000712264038156718,base,normal,0.25,7,6,,,0.1,1.0
lec_degradation,51004,0.000712264038156718,base,normal,0.25,8,6,1.0,0.7877377271652222,,
mec_degradation,51004,0.000712264038156718,base,normal,0.25,8,6,,,0.24,1.0
lec_degradation,51004,0.000712264038156718,base,normal,0.25,9,6,1.0,0.8133390545845032,,
mec_degradation,51004,0.000712264038156718,base,normal,0.25,9,6,,,0.18,1.0
lec_degradation,51004,0.000712264038156718,base,normal,0.25,10,6,1.0,0.7961428165435791,,
mec_degradation,51004,0.000712264038156718,base,normal,0.25,10,6,,,0.16,1.0
lec_degradation,51004,0.000712264038156718,base,normal,0.25,11,6,1.0,0.7890821695327759,,
mec_degradation,51004,0.000712264038156718,base,normal,0.25,11,6,,,0.08,1.0
lec_degradation,51004,0.000712264038156718,base,normal,0.5,0,12,1.0,0.7946809530258179,,
mec_degradation,51004,0.000712264038156718,base,normal,0.5,0,12,,,0.18,1.0
lec_degradation,51004,0.000712264038156718,base,normal,0.5,1,12,1.0,0.783083975315094,,
mec_degradation,51004,0.000712264038156718,base,normal,0.5,1,12,,,0.08,1.0
lec_degradation,51004,0.000712264038156718,base,normal,0.5,2,12,1.0,0.7627457976341248,,
mec_degradation,51004,0.000712264038156718,base,normal,0.5,2,12,,,0.1,1.0
lec_degradation,51004,0.000712264038156718,base,normal,0.5,3,12,1.0,0.7993278503417969,,
mec_degradation,51004,0.000712264038156718,base,normal,0.5,3,12,,,0.12,1.0
lec_degradation,51004,0.000712264038156718,base,normal,0.5,4,12,1.0,0.8008081912994385,,
mec_degradation,51004,0.000712264038156718,base,normal,0.5,4,12,,,0.12,1.0
lec_degradation,51004,0.000712264038156718,base,normal,0.5,5,12,1.0,0.7931644916534424,,
mec_degradation,51004,0.000712264038156718,base,normal,0.5,5,12,,,0.14,1.0
lec_degradation,51004,0.000712264038156718,base,normal,0.5,6,12,1.0,0.7976363301277161,,
mec_degradation,51004,0.000712264038156718,base,normal,0.5,6,12,,,0.08,1.0
lec_degradation,51004,0.000712264038156718,base,normal,0.5,7,12,1.0,0.7867550849914551,,
mec_degradation,51004,0.000712264038156718,base,normal,0.5,7,12,,,0.16,1.0
lec_degradation,51004,0.000712264038156718,base,normal,0.5,8,12,1.0,0.8147070407867432,,
mec_degradation,51004,0.000712264038156718,base,normal,0.5,8,12,,,0.12,1.0
lec_degradation,51004,0.000712264038156718,base,normal,0.5,9,12,1.0,0.7848219275474548,,
mec_degradation,51004,0.000712264038156718,base,normal,0.5,9,12,,,0.1,1.0
lec_degradation,51004,0.000712264038156718,base,normal,0.5,10,12,1.0,0.7856591939926147,,
mec_degradation,51004,0.000712264038156718,base,normal,0.5,10,12,,,0.16,1.0
lec_degradation,51004,0.000712264038156718,base,normal,0.5,11,12,1.0,0.7206277251243591,,
mec_degradation,51004,0.000712264038156718,base,normal,0.5,11,12,,,0.12,1.0
lec_degradation,51004,0.000712264038156718,base,normal,0.75,0,19,1.0,0.7818739414215088,,
mec_degradation,51004,0.000712264038156718,base,normal,0.75,0,19,,,0.08,1.0
lec_degradation,51004,0.000712264038156718,base,normal,0.75,1,19,1.0,0.7211500406265259,,
mec_degradation,51004,0.000712264038156718,base,normal,0.75,1,19,,,0.08,1.0
lec_degradation,51004,0.000712264038156718,base,normal,0.75,2,19,0.5,0.7678911089897156,,
mec_degradation,51004,0.000712264038156718,base,normal,0.75,2,19,,,0.08,1.0
lec_degradation,51004,0.000712264038156718,base,normal,0.75,3,19,1.0,0.767856776714325,,
mec_degradation,51004,0.000712264038156718,base,normal,0.75,3,19,,,0.08,1.0
lec_degradation,51004,0.000712264038156718,base,normal,0.75,4,19,1.0,0.6889796257019043,,
mec_degradation,51004,0.000712264038156718,base,normal,0.75,4,19,,,0.08,1.0
lec_degradation,51004,0.000712264038156718,base,normal,0.75,5,19,1.0,0.7372416853904724,,
mec_degradation,51004,0.000712264038156718,base,normal,0.75,5,19,,,0.1,1.0
lec_degradation,51004,0.000712264038156718,base,normal,0.75,6,19,1.0,0.7497454881668091,,
mec_degradation,51004,0.000712264038156718,base,normal,0.75,6,19,,,0.12,1.0
lec_degradation,51004,0.000712264038156718,base,normal,0.75,7,19,1.0,0.7502163648605347,,
mec_degradation,51004,0.000712264038156718,base,normal,0.75,7,19,,,0.1,1.0
lec_degradation,51004,0.000712264038156718,base,normal,0.75,8,19,1.0,0.7826464772224426,,
mec_degradation,51004,0.000712264038156718,base,normal,0.75,8,19,,,0.12,1.0
lec_degradation,51004,0.000712264038156718,base,normal,0.75,9,19,1.0,0.7522128224372864,,
mec_degradation,51004,0.000712264038156718,base,normal,0.75,9,19,,,0.1,1.0
lec_degradation,51004,0.000712264038156718,base,normal,0.75,10,19,1.0,0.8010942935943604,,
mec_degradation,51004,0.000712264038156718,base,normal,0.75,10,19,,,0.1,1.0
lec_degradation,51004,0.000712264038156718,base,normal,0.75,11,19,1.0,0.7261772155761719,,
mec_degradation,51004,0.000712264038156718,base,normal,0.75,11,19,,,0.12,1.0
lec_degradation,51004,0.000712264038156718,base,normal,0.9,0,22,1.0,0.691515326499939,,
mec_degradation,51004,0.000712264038156718,base,normal,0.9,0,22,,,0.14,1.0
lec_degradation,51004,0.000712264038156718,base,normal,0.9,1,22,1.0,0.7500219941139221,,
mec_degradation,51004,0.000712264038156718,base,normal,0.9,1,22,,,0.12,1.0
lec_degradation,51004,0.000712264038156718,base,normal,0.9,2,22,1.0,0.7338463068008423,,
mec_degradation,51004,0.000712264038156718,base,normal,0.9,2,22,,,0.06,1.0
lec_degradation,51004,0.000712264038156718,base,normal,0.9,3,22,1.0,0.7069592475891113,,
mec_degradation,51004,0.000712264038156718,base,normal,0.9,3,22,,,0.06,1.0
lec_degradation,51004,0.000712264038156718,base,normal,0.9,4,22,1.0,0.6765703558921814,,
mec_degradation,51004,0.000712264038156718,base,normal,0.9,4,22,,,0.08,1.0
lec_degradation,51004,0.000712264038156718,base,normal,0.9,5,22,1.0,0.6461375951766968,,
mec_degradation,51004,0.000712264038156718,base,normal,0.9,5,22,,,0.08,1.0
lec_degradation,51004,0.000712264038156718,base,normal,0.9,6,22,1.0,0.7542533874511719,,
mec_degradation,51004,0.000712264038156718,base,normal,0.9,6,22,,,0.1,1.0
lec_degradation,51004,0.000712264038156718,base,normal,0.9,7,22,1.0,0.719592273235321,,
mec_degradation,51004,0.000712264038156718,base,normal,0.9,7,22,,,0.08,1.0
lec_degradation,51004,0.000712264038156718,base,normal,0.9,8,22,1.0,0.750541090965271,,
mec_degradation,51004,0.000712264038156718,base,normal,0.9,8,22,,,0.1,1.0
lec_degradation,51004,0.000712264038156718,base,normal,0.9,9,22,1.0,0.7608454823493958,,
mec_degradation,51004,0.000712264038156718,base,normal,0.9,9,22,,,0.06,1.0
lec_degradation,51004,0.000712264038156718,base,normal,0.9,10,22,1.0,0.7413650751113892,,
mec_degradation,51004,0.000712264038156718,base,normal,0.9,10,22,,,0.08,1.0
lec_degradation,51004,0.000712264038156718,base,normal,0.9,11,22,1.0,0.7486189007759094,,
mec_degradation,51004,0.000712264038156718,base,normal,0.9,11,22,,,0.08,1.0
lec_degradation,51004,0.000712264038156718,base,dense,0.0,0,0,0.5,0.26196205615997314,,
mec_degradation,51004,0.000712264038156718,base,dense,0.0,0,0,,,0.02,0.5
lec_degradation,51004,0.000712264038156718,base,dense,0.0,1,0,0.5,0.26196205615997314,,
mec_degradation,51004,0.000712264038156718,base,dense,0.0,1,0,,,0.02,0.5
lec_degradation,51004,0.000712264038156718,base,dense,0.0,2,0,0.5,0.26196205615997314,,
mec_degradation,51004,0.000712264038156718,base,dense,0.0,2,0,,,0.02,0.5
lec_degradation,51004,0.000712264038156718,base,dense,0.0,3,0,0.5,0.26196205615997314,,
mec_degradation,51004,0.000712264038156718,base,dense,0.0,3,0,,,0.02,0.5
lec_degradation,51004,0.000712264038156718,base,dense,0.0,4,0,0.5,0.26196205615997314,,
mec_degradation,51004,0.000712264038156718,base,dense,0.0,4,0,,,0.02,0.5
lec_degradation,51004,0.000712264038156718,base,dense,0.0,5,0,0.5,0.26196205615997314,,
mec_degradation,51004,0.000712264038156718,base,dense,0.0,5,0,,,0.02,0.5
lec_degradation,51004,0.000712264038156718,base,dense,0.0,6,0,0.5,0.26196205615997314,,
mec_degradation,51004,0.000712264038156718,base,dense,0.0,6,0,,,0.02,0.5
lec_degradation,51004,0.000712264038156718,base,dense,0.0,7,0,0.5,0.26196205615997314,,
mec_degradation,51004,0.000712264038156718,base,dense,0.0,7,0,,,0.02,0.5
lec_degradation,51004,0.000712264038156718,base,dense,0.0,8,0,0.5,0.26196205615997314,,
mec_degradation,51004,0.000712264038156718,base,dense,0.0,8,0,,,0.02,0.5
lec_degradation,51004,0.000712264038156718,base,dense,0.0,9,0,0.5,0.26196205615997314,,
mec_degradation,51004,0.000712264038156718,base,dense,0.0,9,0,,,0.02,0.5
lec_degradation,51004,0.000712264038156718,base,dense,0.0,10,0,0.5,0.26196205615997314,,
mec_degradation,51004,0.000712264038156718,base,dense,0.0,10,0,,,0.02,0.5
lec_degradation,51004,0.000712264038156718,base,dense,0.0,11,0,0.5,0.26196205615997314,,
mec_degradation,51004,0.000712264038156718,base,dense,0.0,11,0,,,0.02,0.5
lec_degradation,51004,0.000712264038156718,base,dense,0.25,0,6,0.5,0.26196205615997314,,
mec_degradation,51004,0.000712264038156718,base,dense,0.25,0,6,,,0.02,0.5
lec_degradation,51004,0.000712264038156718,base,dense,0.25,1,6,0.5,0.26196205615997314,,
mec_degradation,51004,0.000712264038156718,base,dense,0.25,1,6,,,0.02,0.5
lec_degradation,51004,0.000712264038156718,base,dense,0.25,2,6,0.5,0.26196205615997314,,
mec_degradation,51004,0.000712264038156718,base,dense,0.25,2,6,,,0.02,0.5
lec_degradation,51004,0.000712264038156718,base,dense,0.25,3,6,0.5,0.26196205615997314,,
mec_degradation,51004,0.000712264038156718,base,dense,0.25,3,6,,,0.02,0.5
lec_degradation,51004,0.000712264038156718,base,dense,0.25,4,6,0.5,0.26196205615997314,,
mec_degradation,51004,0.000712264038156718,base,dense,0.25,4,6,,,0.02,0.5
lec_degradation,51004,0.000712264038156718,base,dense,0.25,5,6,0.5,0.26196205615997314,,
mec_degradation,51004,0.000712264038156718,base,dense,0.25,5,6,,,0.02,0.5
lec_degradation,51004,0.000712264038156718,base,dense,0.25,6,6,0.5,0.26196205615997314,,
mec_degradation,51004,0.000712264038156718,base,dense,0.25,6,6,,,0.02,0.5
lec_degradation,51004,0.000712264038156718,base,dense,0.25,7,6,0.5,0.26196205615997314,,
mec_degradation,51004,0.000712264038156718,base,dense,0.25,7,6,,,0.02,0.5
lec_degradation,51004,0.000712264038156718,base,dense,0.25,8,6,0.5,0.26196205615997314,,
mec_degradation,51004,0.000712264038156718,base,dense,0.25,8,6,,,0.02,0.5
lec_degradation,51004,0.000712264038156718,base,dense,0.25,9,6,0.5,0.26196205615997314,,
mec_degradation,51004,0.000712264038156718,base,dense,0.25,9,6,,,0.02,0.5
lec_degradation,51004,0.000712264038156718,base,dense,0.25,10,6,0.5,0.26196205615997314,,
mec_degradation,51004,0.000712264038156718,base,dense,0.25,10,6,,,0.02,0.5
lec_degradation,51004,0.000712264038156718,base,dense,0.25,11,6,0.5,0.26196205615997314,,
mec_degradation,51004,0.000712264038156718,base,dense,0.25,11,6,,,0.02,0.5
lec_degradation,51004,0.000712264038156718,base,dense,0.5,0,12,0.5,0.26196205615997314,,
mec_degradation,51004,0.000712264038156718,base,dense,0.5,0,12,,,0.02,0.5
lec_degradation,51004,0.000712264038156718,base,dense,0.5,1,12,0.5,0.26196205615997314,,
mec_degradation,51004,0.000712264038156718,base,dense,0.5,1,12,,,0.02,0.5
lec_degradation,51004,0.000712264038156718,base,dense,0.5,2,12,0.5,0.26196205615997314,,
mec_degradation,51004,0.000712264038156718,base,dense,0.5,2,12,,,0.02,0.5
lec_degradation,51004,0.000712264038156718,base,dense,0.5,3,12,0.5,0.26196205615997314,,
mec_degradation,51004,0.000712264038156718,base,dense,0.5,3,12,,,0.02,0.5
lec_degradation,51004,0.000712264038156718,base,dense,0.5,4,12,0.5,0.26196205615997314,,
mec_degradation,51004,0.000712264038156718,base,dense,0.5,4,12,,,0.02,0.5
lec_degradation,51004,0.000712264038156718,base,dense,0.5,5,12,0.5,0.26196205615997314,,
mec_degradation,51004,0.000712264038156718,base,dense,0.5,5,12,,,0.02,0.5
lec_degradation,51004,0.000712264038156718,base,dense,0.5,6,12,0.5,0.26196205615997314,,
mec_degradation,51004,0.000712264038156718,base,dense,0.5,6,12,,,0.02,0.5
lec_degradation,51004,0.000712264038156718,base,dense,0.5,7,12,0.5,0.26196205615997314,,
mec_degradation,51004,0.000712264038156718,base,dense,0.5,7,12,,,0.02,0.5
lec_degradation,51004,0.000712264038156718,base,dense,0.5,8,12,0.5,0.26196205615997314,,
mec_degradation,51004,0.000712264038156718,base,dense,0.5,8,12,,,0.02,0.5
lec_degradation,51004,0.000712264038156718,base,dense,0.5,9,12,0.5,0.26196205615997314,,
mec_degradation,51004,0.000712264038156718,base,dense,0.5,9,12,,,0.02,0.5
lec_degradation,51004,0.000712264038156718,base,dense,0.5,10,12,0.5,0.26196205615997314,,
mec_degradation,51004,0.000712264038156718,base,dense,0.5,10,12,,,0.02,0.5
lec_degradation,51004,0.000712264038156718,base,dense,0.5,11,12,0.5,0.26196205615997314,,
mec_degradation,51004,0.000712264038156718,base,dense,0.5,11,12,,,0.02,0.5
lec_degradation,51004,0.000712264038156718,base,dense,0.75,0,19,0.5,0.26196205615997314,,
mec_degradation,51004,0.000712264038156718,base,dense,0.75,0,19,,,0.02,0.5
lec_degradation,51004,0.000712264038156718,base,dense,0.75,1,19,0.5,0.26196205615997314,,
mec_degradation,51004,0.000712264038156718,base,dense,0.75,1,19,,,0.02,0.5
lec_degradation,51004,0.000712264038156718,base,dense,0.75,2,19,0.5,0.26196205615997314,,
mec_degradation,51004,0.000712264038156718,base,dense,0.75,2,19,,,0.02,0.5
lec_degradation,51004,0.000712264038156718,base,dense,0.75,3,19,0.5,0.26196205615997314,,
mec_degradation,51004,0.000712264038156718,base,dense,0.75,3,19,,,0.02,0.5
lec_degradation,51004,0.000712264038156718,base,dense,0.75,4,19,0.5,0.26196205615997314,,
mec_degradation,51004,0.000712264038156718,base,dense,0.75,4,19,,,0.02,0.5
lec_degradation,51004,0.000712264038156718,base,dense,0.75,5,19,0.5,0.26196205615997314,,
mec_degradation,51004,0.000712264038156718,base,dense,0.75,5,19,,,0.02,0.5
lec_degradation,51004,0.000712264038156718,base,dense,0.75,6,19,0.5,0.26196205615997314,,
mec_degradation,51004,0.000712264038156718,base,dense,0.75,6,19,,,0.02,0.5
lec_degradation,51004,0.000712264038156718,base,dense,0.75,7,19,0.5,0.26196205615997314,,
mec_degradation,51004,0.000712264038156718,base,dense,0.75,7,19,,,0.02,0.5
lec_degradation,51004,0.000712264038156718,base,dense,0.75,8,19,0.5,0.26196205615997314,,
mec_degradation,51004,0.000712264038156718,base,dense,0.75,8,19,,,0.02,0.5
lec_degradation,51004,0.000712264038156718,base,dense,0.75,9,19,0.5,0.26196205615997314,,
mec_degradation,51004,0.000712264038156718,base,dense,0.75,9,19,,,0.02,0.5
lec_degradation,51004,0.000712264038156718,base,dense,0.75,10,19,0.5,0.26196205615997314,,
mec_degradation,51004,0.000712264038156718,base,dense,0.75,10,19,,,0.02,0.5
lec_degradation,51004,0.000712264038156718,base,dense,0.75,11,19,0.5,0.26196205615997314,,
mec_degradation,51004,0.000712264038156718,base,dense,0.75,11,19,,,0.02,0.5
lec_degradation,51004,0.000712264038156718,base,dense,0.9,0,22,0.5,0.26196205615997314,,
mec_degradation,51004,0.000712264038156718,base,dense,0.9,0,22,,,0.02,0.5
lec_degradation,51004,0.000712264038156718,base,dense,0.9,1,22,0.5,0.26196205615997314,,
mec_degradation,51004,0.000712264038156718,base,dense,0.9,1,22,,,0.02,0.5
lec_degradation,51004,0.000712264038156718,base,dense,0.9,2,22,0.5,0.26196205615997314,,
mec_degradation,51004,0.000712264038156718,base,dense,0.9,2,22,,,0.02,0.5
lec_degradation,51004,0.000712264038156718,base,dense,0.9,3,22,0.5,0.26196205615997314,,
mec_degradation,51004,0.000712264038156718,base,dense,0.9,3,22,,,0.02,0.5
lec_degradation,51004,0.000712264038156718,base,dense,0.9,4,22,0.5,0.26196205615997314,,
mec_degradation,51004,0.000712264038156718,base,dense,0.9,4,22,,,0.02,0.5
lec_degradation,51004,0.000712264038156718,base,dense,0.9,5,22,0.5,0.26196205615997314,,
mec_degradation,51004,0.000712264038156718,base,dense,0.9,5,22,,,0.02,0.5
lec_degradation,51004,0.000712264038156718,base,dense,0.9,6,22,0.5,0.26196205615997314,,
mec_degradation,51004,0.000712264038156718,base,dense,0.9,6,22,,,0.02,0.5
lec_degradation,51004,0.000712264038156718,base,dense,0.9,7,22,0.5,0.26196205615997314,,
mec_degradation,51004,0.000712264038156718,base,dense,0.9,7,22,,,0.02,0.5
lec_degradation,51004,0.000712264038156718,base,dense,0.9,8,22,0.5,0.26196205615997314,,
mec_degradation,51004,0.000712264038156718,base,dense,0.9,8,22,,,0.02,0.5
lec_degradation,51004,0.000712264038156718,base,dense,0.9,9,22,0.5,0.26196205615997314,,
mec_degradation,51004,0.000712264038156718,base,dense,0.9,9,22,,,0.02,0.5
lec_degradation,51004,0.000712264038156718,base,dense,0.9,10,22,0.5,0.26196205615997314,,
mec_degradation,51004,0.000712264038156718,base,dense,0.9,10,22,,,0.02,0.5
lec_degradation,51004,0.000712264038156718,base,dense,0.9,11,22,0.5,0.26196205615997314,,
mec_degradation,51004,0.000712264038156718,base,dense,0.9,11,22,,,0.02,0.5
lec_degradation,51004,0.000712264038156718,err2,normal,0.0,0,0,1.0,0.9061925411224365,,
mec_degradation,51004,0.000712264038156718,err2,normal,0.0,0,0,,,0.6,1.0
lec_degradation,51004,0.000712264038156718,err2,normal,0.0,1,0,1.0,0.9061925411224365,,
mec_degradation,51004,0.000712264038156718,err2,normal,0.0,1,0,,,0.6,1.0
lec_degradation,51004,0.000712264038156718,err2,normal,0.0,2,0,1.0,0.9061925411224365,,
mec_degradation,51004,0.000712264038156718,err2,normal,0.0,2,0,,,0.6,1.0
lec_degradation,51004,0.000712264038156718,err2,normal,0.0,3,0,1.0,0.9061925411224365,,
mec_degradation,51004,0.000712264038156718,err2,normal,0.0,3,0,,,0.6,1.0
lec_degradation,51004,0.000712264038156718,err2,normal,0.0,4,0,1.0,0.9061925411224365,,
mec_degradation,51004,0.000712264038156718,err2,normal,0.0,4,0,,,0.6,1.0
lec_degradation,51004,0.000712264038156718,err2,normal,0.0,5,0,1.0,0.9061925411224365,,
mec_degradation,51004,0.000712264038156718,err2,normal,0.0,5,0,,,0.6,1.0
lec_degradation,51004,0.000712264038156718,err2,normal,0.0,6,0,1.0,0.9061925411224365,,
mec_degradation,51004,0.000712264038156718,err2,normal,0.0,6,0,,,0.6,1.0
lec_degradation,51004,0.000712264038156718,err2,normal,0.0,7,0,1.0,0.9061925411224365,,
mec_degradation,51004,0.000712264038156718,err2,normal,0.0,7,0,,,0.6,1.0
lec_degradation,51004,0.000712264038156718,err2,normal,0.0,8,0,1.0,0.9061925411224365,,
mec_degradation,51004,0.000712264038156718,err2,normal,0.0,8,0,,,0.6,1.0
lec_degradation,51004,0.000712264038156718,err2,normal,0.0,9,0,1.0,0.9061925411224365,,
mec_degradation,51004,0.000712264038156718,err2,normal,0.0,9,0,,,0.6,1.0
lec_degradation,51004,0.000712264038156718,err2,normal,0.0,10,0,1.0,0.9061925411224365,,
mec_degradation,51004,0.000712264038156718,err2,normal,0.0,10,0,,,0.6,1.0
lec_degradation,51004,0.000712264038156718,err2,normal,0.0,11,0,1.0,0.9061925411224365,,
mec_degradation,51004,0.000712264038156718,err2,normal,0.0,11,0,,,0.6,1.0
lec_degradation,51004,0.000712264038156718,err2,normal,0.25,0,6,1.0,0.847450852394104,,
mec_degradation,51004,0.000712264038156718,err2,normal,0.25,0,6,,,0.4,1.0
lec_degradation,51004,0.000712264038156718,err2,normal,0.25,1,6,1.0,0.8505774736404419,,
mec_degradation,51004,0.000712264038156718,err2,normal,0.25,1,6,,,0.44,1.0
lec_degradation,51004,0.000712264038156718,err2,normal,0.25,2,6,1.0,0.8068444132804871,,
mec_degradation,51004,0.000712264038156718,err2,normal,0.25,2,6,,,0.48,1.0
lec_degradation,51004,0.000712264038156718,err2,normal,0.25,3,6,1.0,0.8538404107093811,,
mec_degradation,51004,0.000712264038156718,err2,normal,0.25,3,6,,,0.38,1.0
lec_degradation,51004,0.000712264038156718,err2,normal,0.25,4,6,1.0,0.8254990577697754,,
mec_degradation,51004,0.000712264038156718,err2,normal,0.25,4,6,,,0.42,1.0
lec_degradation,51004,0.000712264038156718,err2,normal,0.25,5,6,1.0,0.8572595119476318,,
mec_degradation,51004,0.000712264038156718,err2,normal,0.25,5,6,,,0.36,1.0
lec_degradation,51004,0.000712264038156718,err2,normal,0.25,6,6,1.0,0.8287131786346436,,
mec_degradation,51004,0.000712264038156718,err2,normal,0.25,6,6,,,0.4,1.0
lec_degradation,51004,0.000712264038156718,err2,normal,0.25,7,6,1.0,0.8833481669425964,,
mec_degradation,51004,0.000712264038156718,err2,normal,0.25,7,6,,,0.42,1.0
lec_degradation,51004,0.000712264038156718,err2,normal,0.25,8,6,1.0,0.8370628952980042,,
mec_degradation,51004,0.000712264038156718,err2,normal,0.25,8,6,,,0.4,1.0
lec_degradation,51004,0.000712264038156718,err2,normal,0.25,9,6,1.0,0.87458336353302,,
mec_degradation,51004,0.000712264038156718,err2,normal,0.25,9,6,,,0.44,1.0
lec_degradation,51004,0.000712264038156718,err2,normal,0.25,10,6,0.5,0.8343549966812134,,
mec_degradation,51004,0.000712264038156718,err2,normal,0.25,10,6,,,0.34,1.0
lec_degradation,51004,0.000712264038156718,err2,normal,0.25,11,6,1.0,0.8455814123153687,,
mec_degradation,51004,0.000712264038156718,err2,normal,0.25,11,6,,,0.38,1.0
lec_degradation,51004,0.000712264038156718,err2,normal,0.5,0,12,0.5,0.7665735483169556,,
mec_degradation,51004,0.000712264038156718,err2,normal,0.5,0,12,,,0.24,1.0
lec_degradation,51004,0.000712264038156718,err2,normal,0.5,1,12,1.0,0.8348203301429749,,
mec_degradation,51004,0.000712264038156718,err2,normal,0.5,1,12,,,0.32,1.0
lec_degradation,51004,0.000712264038156718,err2,normal,0.5,2,12,1.0,0.7620518207550049,,
mec_degradation,51004,0.000712264038156718,err2,normal,0.5,2,12,,,0.28,1.0
lec_degradation,51004,0.000712264038156718,err2,normal,0.5,3,12,1.0,0.8181041479110718,,
mec_degradation,51004,0.000712264038156718,err2,normal,0.5,3,12,,,0.18,1.0
lec_degradation,51004,0.000712264038156718,err2,normal,0.5,4,12,1.0,0.7983919382095337,,
mec_degradation,51004,0.000712264038156718,err2,normal,0.5,4,12,,,0.22,1.0
lec_degradation,51004,0.000712264038156718,err2,normal,0.5,5,12,1.0,0.8101453185081482,,
mec_degradation,51004,0.000712264038156718,err2,normal,0.5,5,12,,,0.26,1.0
lec_degradation,51004,0.000712264038156718,err2,normal,0.5,6,12,0.5,0.7651402950286865,,
mec_degradation,51004,0.000712264038156718,err2,normal,0.5,6,12,,,0.2,1.0
lec_degradation,51004,0.000712264038156718,err2,normal,0.5,7,12,1.0,0.820229709148407,,
mec_degradation,51004,0.000712264038156718,err2,normal,0.5,7,12,,,0.16,1.0
lec_degradation,51004,0.000712264038156718,err2,normal,0.5,8,12,1.0,0.8054768443107605,,
mec_degradation,51004,0.000712264038156718,err2,normal,0.5,8,12,,,0.2,1.0
lec_degradation,51004,0.000712264038156718,err2,normal,0.5,9,12,1.0,0.8359447717666626,,
mec_degradation,51004,0.000712264038156718,err2,normal,0.5,9,12,,,0.16,1.0
lec_degradation,51004,0.000712264038156718,err2,normal,0.5,10,12,0.5,0.8082872629165649,,
mec_degradation,51004,0.000712264038156718,err2,normal,0.5,10,12,,,0.2,1.0
lec_degradation,51004,0.000712264038156718,err2,normal,0.5,11,12,0.5,0.7663836479187012,,
mec_degradation,51004,0.000712264038156718,err2,normal,0.5,11,12,,,0.18,1.0
lec_degradation,51004,0.000712264038156718,err2,normal,0.75,0,19,1.0,0.809142529964447,,
mec_degradation,51004,0.000712264038156718,err2,normal,0.75,0,19,,,0.1,1.0
lec_degradation,51004,0.000712264038156718,err2,normal,0.75,1,19,1.0,0.7921978235244751,,
mec_degradation,51004,0.000712264038156718,err2,normal,0.75,1,19,,,0.14,1.0
lec_degradation,51004,0.000712264038156718,err2,normal,0.75,2,19,0.5,0.7780678272247314,,
mec_degradation,51004,0.000712264038156718,err2,normal,0.75,2,19,,,0.06,1.0
lec_degradation,51004,0.000712264038156718,err2,normal,0.75,3,19,1.0,0.7488755583763123,,
mec_degradation,51004,0.000712264038156718,err2,normal,0.75,3,19,,,0.14,1.0
lec_degradation,51004,0.000712264038156718,err2,normal,0.75,4,19,1.0,0.7620365023612976,,
mec_degradation,51004,0.000712264038156718,err2,normal,0.75,4,19,,,0.16,1.0
lec_degradation,51004,0.000712264038156718,err2,normal,0.75,5,19,1.0,0.8103649020195007,,
mec_degradation,51004,0.000712264038156718,err2,normal,0.75,5,19,,,0.1,1.0
lec_degradation,51004,0.000712264038156718,err2,normal,0.75,6,19,1.0,0.8011083006858826,,
mec_degradation,51004,0.000712264038156718,err2,normal,0.75,6,19,,,0.12,1.0
lec_degradation,51004,0.000712264038156718,err2,normal,0.75,7,19,1.0,0.766091525554657,,
mec_degradation,51004,0.000712264038156718,err2,normal,0.75,7,19,,,0.16,1.0
lec_degradation,51004,0.000712264038156718,err2,normal,0.75,8,19,1.0,0.7901037335395813,,
mec_degradation,51004,0.000712264038156718,err2,normal,0.75,8,19,,,0.1,1.0
lec_degradation,51004,0.000712264038156718,err2,normal,0.75,9,19,1.0,0.7906270623207092,,
mec_degradation,51004,0.000712264038156718,err2,normal,0.75,9,19,,,0.22,1.0
lec_degradation,51004,0.000712264038156718,err2,normal,0.75,10,19,1.0,0.7969490885734558,,
mec_degradation,51004,0.000712264038156718,err2,normal,0.75,10,19,,,0.1,1.0
lec_degradation,51004,0.000712264038156718,err2,normal,0.75,11,19,1.0,0.7916102409362793,,
mec_degradation,51004,0.000712264038156718,err2,normal,0.75,11,19,,,0.12,1.0
lec_degradation,51004,0.000712264038156718,err2,normal,0.9,0,22,1.0,0.7491843700408936,,
mec_degradation,51004,0.000712264038156718,err2,normal,0.9,0,22,,,0.06,1.0
lec_degradation,51004,0.000712264038156718,err2,normal,0.9,1,22,0.5,0.7593891620635986,,
mec_degradation,51004,0.000712264038156718,err2,normal,0.9,1,22,,,0.04,1.0
lec_degradation,51004,0.000712264038156718,err2,normal,0.9,2,22,1.0,0.8025197386741638,,
mec_degradation,51004,0.000712264038156718,err2,normal,0.9,2,22,,,0.06,1.0
lec_degradation,51004,0.000712264038156718,err2,normal,0.9,3,22,0.5,0.7432167530059814,,
mec_degradation,51004,0.000712264038156718,err2,normal,0.9,3,22,,,0.1,1.0
lec_degradation,51004,0.000712264038156718,err2,normal,0.9,4,22,0.5,0.7117906212806702,,
mec_degradation,51004,0.000712264038156718,err2,normal,0.9,4,22,,,0.06,1.0
lec_degradation,51004,0.000712264038156718,err2,normal,0.9,5,22,1.0,0.7653619647026062,,
mec_degradation,51004,0.000712264038156718,err2,normal,0.9,5,22,,,0.06,1.0
lec_degradation,51004,0.000712264038156718,err2,normal,0.9,6,22,0.5,0.7948426008224487,,
mec_degradation,51004,0.000712264038156718,err2,normal,0.9,6,22,,,0.08,1.0
lec_degradation,51004,0.000712264038156718,err2,normal,0.9,7,22,1.0,0.7731878161430359,,
mec_degradation,51004,0.000712264038156718,err2,normal,0.9,7,22,,,0.08,1.0
lec_degradation,51004,0.000712264038156718,err2,normal,0.9,8,22,0.5,0.8108774423599243,,
mec_degradation,51004,0.000712264038156718,err2,normal,0.9,8,22,,,0.06,1.0
lec_degradation,51004,0.000712264038156718,err2,normal,0.9,9,22,0.5,0.8091286420822144,,
mec_degradation,51004,0.000712264038156718,err2,normal,0.9,9,22,,,0.1,1.0
lec_degradation,51004,0.000712264038156718,err2,normal,0.9,10,22,0.5,0.8009915351867676,,
mec_degradation,51004,0.000712264038156718,err2,normal,0.9,10,22,,,0.12,1.0
lec_degradation,51004,0.000712264038156718,err2,normal,0.9,11,22,1.0,0.7760939598083496,,
mec_degradation,51004,0.000712264038156718,err2,normal,0.9,11,22,,,0.04,1.0
lec_degradation,51004,0.000712264038156718,err2,dense,0.0,0,0,0.5,0.30711957812309265,,
mec_degradation,51004,0.000712264038156718,err2,dense,0.0,0,0,,,0.02,0.5
lec_degradation,51004,0.000712264038156718,err2,dense,0.0,1,0,0.5,0.30711957812309265,,
mec_degradation,51004,0.000712264038156718,err2,dense,0.0,1,0,,,0.02,0.5
lec_degradation,51004,0.000712264038156718,err2,dense,0.0,2,0,0.5,0.30711957812309265,,
mec_degradation,51004,0.000712264038156718,err2,dense,0.0,2,0,,,0.02,0.5
lec_degradation,51004,0.000712264038156718,err2,dense,0.0,3,0,0.5,0.30711957812309265,,
mec_degradation,51004,0.000712264038156718,err2,dense,0.0,3,0,,,0.02,0.5
lec_degradation,51004,0.000712264038156718,err2,dense,0.0,4,0,0.5,0.30711957812309265,,
mec_degradation,51004,0.000712264038156718,err2,dense,0.0,4,0,,,0.02,0.5
lec_degradation,51004,0.000712264038156718,err2,dense,0.0,5,0,0.5,0.30711957812309265,,
mec_degradation,51004,0.000712264038156718,err2,dense,0.0,5,0,,,0.02,0.5
lec_degradation,51004,0.000712264038156718,err2,dense,0.0,6,0,0.5,0.30711957812309265,,
mec_degradation,51004,0.000712264038156718,err2,dense,0.0,6,0,,,0.02,0.5
lec_degradation,51004,0.000712264038156718,err2,dense,0.0,7,0,0.5,0.30711957812309265,,
mec_degradation,51004,0.000712264038156718,err2,dense,0.0,7,0,,,0.02,0.5
lec_degradation,51004,0.000712264038156718,err2,dense,0.0,8,0,0.5,0.30711957812309265,,
mec_degradation,51004,0.000712264038156718,err2,dense,0.0,8,0,,,0.02,0.5
lec_degradation,51004,0.000712264038156718,err2,dense,0.0,9,0,0.5,0.30711957812309265,,
mec_degradation,51004,0.000712264038156718,err2,dense,0.0,9,0,,,0.02,0.5
lec_degradation,51004,0.000712264038156718,err2,dense,0.0,10,0,0.5,0.30711957812309265,,
mec_degradation,51004,0.000712264038156718,err2,dense,0.0,10,0,,,0.02,0.5
lec_degradation,51004,0.000712264038156718,err2,dense,0.0,11,0,0.5,0.30711957812309265,,
mec_degradation,51004,0.000712264038156718,err2,dense,0.0,11,0,,,0.02,0.5
lec_degradation,51004,0.000712264038156718,err2,dense,0.25,0,6,0.5,0.30711957812309265,,
mec_degradation,51004,0.000712264038156718,err2,dense,0.25,0,6,,,0.02,0.5
lec_degradation,51004,0.000712264038156718,err2,dense,0.25,1,6,0.5,0.30711957812309265,,
mec_degradation,51004,0.000712264038156718,err2,dense,0.25,1,6,,,0.02,0.5
lec_degradation,51004,0.000712264038156718,err2,dense,0.25,2,6,0.5,0.30711957812309265,,
mec_degradation,51004,0.000712264038156718,err2,dense,0.25,2,6,,,0.02,0.5
lec_degradation,51004,0.000712264038156718,err2,dense,0.25,3,6,0.5,0.30711957812309265,,
mec_degradation,51004,0.000712264038156718,err2,dense,0.25,3,6,,,0.02,0.5
lec_degradation,51004,0.000712264038156718,err2,dense,0.25,4,6,0.5,0.30711957812309265,,
mec_degradation,51004,0.000712264038156718,err2,dense,0.25,4,6,,,0.02,0.5
lec_degradation,51004,0.000712264038156718,err2,dense,0.25,5,6,0.5,0.30711957812309265,,
mec_degradation,51004,0.000712264038156718,err2,dense,0.25,5,6,,,0.02,0.5
lec_degradation,51004,0.000712264038156718,err2,dense,0.25,6,6,0.5,0.30711957812309265,,
mec_degradation,51004,0.000712264038156718,err2,dense,0.25,6,6,,,0.02,0.5
lec_degradation,51004,0.000712264038156718,err2,dense,0.25,7,6,0.5,0.30711957812309265,,
mec_degradation,51004,0.000712264038156718,err2,dense,0.25,7,6,,,0.02,0.5
lec_degradation,51004,0.000712264038156718,err2,dense,0.25,8,6,0.5,0.30711957812309265,,
mec_degradation,51004,0.000712264038156718,err2,dense,0.25,8,6,,,0.02,0.5
lec_degradation,51004,0.000712264038156718,err2,dense,0.25,9,6,0.5,0.30711957812309265,,
mec_degradation,51004,0.000712264038156718,err2,dense,0.25,9,6,,,0.02,0.5
lec_degradation,51004,0.000712264038156718,err2,dense,0.25,10,6,0.5,0.30711957812309265,,
mec_degradation,51004,0.000712264038156718,err2,dense,0.25,10,6,,,0.02,0.5
lec_degradation,51004,0.000712264038156718,err2,dense,0.25,11,6,0.5,0.30711957812309265,,
mec_degradation,51004,0.000712264038156718,err2,dense,0.25,11,6,,,0.02,0.5
lec_degradation,51004,0.000712264038156718,err2,dense,0.5,0,12,0.5,0.30711957812309265,,
mec_degradation,51004,0.000712264038156718,err2,dense,0.5,0,12,,,0.02,0.5
lec_degradation,51004,0.000712264038156718,err2,dense,0.5,1,12,0.5,0.30711957812309265,,
mec_degradation,51004,0.000712264038156718,err2,dense,0.5,1,12,,,0.02,0.5
lec_degradation,51004,0.000712264038156718,err2,dense,0.5,2,12,0.5,0.30711957812309265,,
mec_degradation,51004,0.000712264038156718,err2,dense,0.5,2,12,,,0.02,0.5
lec_degradation,51004,0.000712264038156718,err2,dense,0.5,3,12,0.5,0.30711957812309265,,
mec_degradation,51004,0.000712264038156718,err2,dense,0.5,3,12,,,0.02,0.5
lec_degradation,51004,0.000712264038156718,err2,dense,0.5,4,12,0.5,0.30711957812309265,,
mec_degradation,51004,0.000712264038156718,err2,dense,0.5,4,12,,,0.02,0.5
lec_degradation,51004,0.000712264038156718,err2,dense,0.5,5,12,0.5,0.30711957812309265,,
mec_degradation,51004,0.000712264038156718,err2,dense,0.5,5,12,,,0.02,0.5
lec_degradation,51004,0.000712264038156718,err2,dense,0.5,6,12,0.5,0.30711957812309265,,
mec_degradation,51004,0.000712264038156718,err2,dense,0.5,6,12,,,0.02,0.5
lec_degradation,51004,0.000712264038156718,err2,dense,0.5,7,12,0.5,0.30711957812309265,,
mec_degradation,51004,0.000712264038156718,err2,dense,0.5,7,12,,,0.02,0.5
lec_degradation,51004,0.000712264038156718,err2,dense,0.5,8,12,0.5,0.30711957812309265,,
mec_degradation,51004,0.000712264038156718,err2,dense,0.5,8,12,,,0.02,0.5
lec_degradation,51004,0.000712264038156718,err2,dense,0.5,9,12,0.5,0.30711957812309265,,
mec_degradation,51004,0.000712264038156718,err2,dense,0.5,9,12,,,0.02,0.5
lec_degradation,51004,0.000712264038156718,err2,dense,0.5,10,12,0.5,0.30711957812309265,,
mec_degradation,51004,0.000712264038156718,err2,dense,0.5,10,12,,,0.02,0.5
lec_degradation,51004,0.000712264038156718,err2,dense,0.5,11,12,0.5,0.30711957812309265,,
mec_degradation,51004,0.000712264038156718,err2,dense,0.5,11,12,,,0.02,0.5
lec_degradation,51004,0.000712264038156718,err2,dense,0.75,0,19,0.5,0.30711957812309265,,
mec_degradation,51004,0.000712264038156718,err2,dense,0.75,0,19,,,0.02,0.5
lec_degradation,51004,0.000712264038156718,err2,dense,0.75,1,19,0.5,0.30711957812309265,,
mec_degradation,51004,0.000712264038156718,err2,dense,0.75,1,19,,,0.02,0.5
lec_degradation,51004,0.000712264038156718,err2,dense,0.75,2,19,0.5,0.30711957812309265,,
mec_degradation,51004,0.000712264038156718,err2,dense,0.75,2,19,,,0.02,0.5
lec_degradation,51004,0.000712264038156718,err2,dense,0.75,3,19,0.5,0.30711957812309265,,
mec_degradation,51004,0.000712264038156718,err2,dense,0.75,3,19,,,0.02,0.5
lec_degradation,51004,0.000712264038156718,err2,dense,0.75,4,19,0.5,0.30711957812309265,,
mec_degradation,51004,0.000712264038156718,err2,dense,0.75,4,19,,,0.02,0.5
lec_degradation,51004,0.000712264038156718,err2,dense,0.75,5,19,0.5,0.30711957812309265,,
mec_degradation,51004,0.000712264038156718,err2,dense,0.75,5,19,,,0.02,0.5
lec_degradation,51004,0.000712264038156718,err2,dense,0.75,6,19,0.5,0.30711957812309265,,
mec_degradation,51004,0.000712264038156718,err2,dense,0.75,6,19,,,0.02,0.5
lec_degradation,51004,0.000712264038156718,err2,dense,0.75,7,19,0.5,0.30711957812309265,,
mec_degradation,51004,0.000712264038156718,err2,dense,0.75,7,19,,,0.02,0.5
lec_degradation,51004,0.000712264038156718,err2,dense,0.75,8,19,0.5,0.30711957812309265,,
mec_degradation,51004,0.000712264038156718,err2,dense,0.75,8,19,,,0.02,0.5
lec_degradation,51004,0.000712264038156718,err2,dense,0.75,9,19,0.5,0.30711957812309265,,
mec_degradation,51004,0.000712264038156718,err2,dense,0.75,9,19,,,0.02,0.5
lec_degradation,51004,0.000712264038156718,err2,dense,0.75,10,19,0.5,0.30711957812309265,,
mec_degradation,51004,0.000712264038156718,err2,dense,0.75,10,19,,,0.02,0.5
lec_degradation,51004,0.000712264038156718,err2,dense,0.75,11,19,0.5,0.30711957812309265,,
mec_degradation,51004,0.000712264038156718,err2,dense,0.75,11,19,,,0.02,0.5
lec_degradation,51004,0.000712264038156718,err2,dense,0.9,0,22,0.5,0.30711957812309265,,
mec_degradation,51004,0.000712264038156718,err2,dense,0.9,0,22,,,0.02,0.5
lec_degradation,51004,0.000712264038156718,err2,dense,0.9,1,22,0.5,0.30711957812309265,,
mec_degradation,51004,0.000712264038156718,err2,dense,0.9,1,22,,,0.02,0.5
lec_degradation,51004,0.000712264038156718,err2,dense,0.9,2,22,0.5,0.30711957812309265,,
mec_degradation,51004,0.000712264038156718,err2,dense,0.9,2,22,,,0.02,0.5
lec_degradation,51004,0.000712264038156718,err2,dense,0.9,3,22,0.5,0.30711957812309265,,
mec_degradation,51004,0.000712264038156718,err2,dense,0.9,3,22,,,0.02,0.5
lec_degradation,51004,0.000712264038156718,err2,dense,0.9,4,22,0.5,0.30711957812309265,,
mec_degradation,51004,0.000712264038156718,err2,dense,0.9,4,22,,,0.02,0.5
lec_degradation,51004,0.000712264038156718,err2,dense,0.9,5,22,0.5,0.30711957812309265,,
mec_degradation,51004,0.000712264038156718,err2,dense,0.9,5,22,,,0.02,0.5
lec_degradation,51004,0.000712264038156718,err2,dense,0.9,6,22,0.5,0.30711957812309265,,
mec_degradation,51004,0.000712264038156718,err2,dense,0.9,6,22,,,0.02,0.5
lec_degradation,51004,0.000712264038156718,err2,dense,0.9,7,22,0.5,0.30711957812309265,,
mec_degradation,51004,0.000712264038156718,err2,dense,0.9,7,22,,,0.02,0.5
lec_degradation,51004,0.000712264038156718,err2,dense,0.9,8,22,0.5,0.30711957812309265,,
mec_degradation,51004,0.000712264038156718,err2,dense,0.9,8,22,,,0.02,0.5
lec_degradation,51004,0.000712264038156718,err2,dense,0.9,9,22,0.5,0.30711957812309265,,
mec_degradation,51004,0.000712264038156718,err2,dense,0.9,9,22,,,0.02,0.5
lec_degradation,51004,0.000712264038156718,err2,dense,0.9,10,22,0.5,0.30711957812309265,,
mec_degradation,51004,0.000712264038156718,err2,dense,0.9,10,22,,,0.02,0.5
lec_degradation,51004,0.000712264038156718,err2,dense,0.9,11,22,0.5,0.30711957812309265,,
mec_degradation,51004,0.000712264038156718,err2,dense,0.9,11,22,,,0.02,0.5
lec_degradation,51005,0.000783685885835439,base,normal,0.0,0,0,1.0,0.7735645771026611,,
mec_degradation,51005,0.000783685885835439,base,normal,0.0,0,0,,,0.22,1.0
lec_degradation,51005,0.000783685885835439,base,normal,0.0,1,0,1.0,0.7735645771026611,,
mec_degradation,51005,0.000783685885835439,base,normal,0.0,1,0,,,0.22,1.0
lec_degradation,51005,0.000783685885835439,base,normal,0.0,2,0,1.0,0.7735645771026611,,
mec_degradation,51005,0.000783685885835439,base,normal,0.0,2,0,,,0.22,1.0
lec_degradation,51005,0.000783685885835439,base,normal,0.0,3,0,1.0,0.7735645771026611,,
mec_degradation,51005,0.000783685885835439,base,normal,0.0,3,0,,,0.22,1.0
lec_degradation,51005,0.000783685885835439,base,normal,0.0,4,0,1.0,0.7735645771026611,,
mec_degradation,51005,0.000783685885835439,base,normal,0.0,4,0,,,0.22,1.0
lec_degradation,51005,0.000783685885835439,base,normal,0.0,5,0,1.0,0.7735645771026611,,
mec_degradation,51005,0.000783685885835439,base,normal,0.0,5,0,,,0.22,1.0
lec_degradation,51005,0.000783685885835439,base,normal,0.0,6,0,1.0,0.7735645771026611,,
mec_degradation,51005,0.000783685885835439,base,normal,0.0,6,0,,,0.22,1.0
lec_degradation,51005,0.000783685885835439,base,normal,0.0,7,0,1.0,0.7735645771026611,,
mec_degradation,51005,0.000783685885835439,base,normal,0.0,7,0,,,0.22,1.0
lec_degradation,51005,0.000783685885835439,base,normal,0.0,8,0,1.0,0.7735645771026611,,
mec_degradation,51005,0.000783685885835439,base,normal,0.0,8,0,,,0.22,1.0
lec_degradation,51005,0.000783685885835439,base,normal,0.0,9,0,1.0,0.7735645771026611,,
mec_degradation,51005,0.000783685885835439,base,normal,0.0,9,0,,,0.22,1.0
lec_degradation,51005,0.000783685885835439,base,normal,0.0,10,0,1.0,0.7735645771026611,,
mec_degradation,51005,0.000783685885835439,base,normal,0.0,10,0,,,0.22,1.0
lec_degradation,51005,0.000783685885835439,base,normal,0.0,11,0,1.0,0.7735645771026611,,
mec_degradation,51005,0.000783685885835439,base,normal,0.0,11,0,,,0.22,1.0
lec_degradation,51005,0.000783685885835439,base,normal,0.25,0,6,1.0,0.7818757891654968,,
mec_degradation,51005,0.000783685885835439,base,normal,0.25,0,6,,,0.1,1.0
lec_degradation,51005,0.000783685885835439,base,normal,0.25,1,6,1.0,0.7788661122322083,,
mec_degradation,51005,0.000783685885835439,base,normal,0.25,1,6,,,0.16,1.0
lec_degradation,51005,0.000783685885835439,base,normal,0.25,2,6,1.0,0.791172206401825,,
mec_degradation,51005,0.000783685885835439,base,normal,0.25,2,6,,,0.2,1.0
lec_degradation,51005,0.000783685885835439,base,normal,0.25,3,6,1.0,0.7937812209129333,,
mec_degradation,51005,0.000783685885835439,base,normal,0.25,3,6,,,0.2,1.0
lec_degradation,51005,0.000783685885835439,base,normal,0.25,4,6,1.0,0.7741175293922424,,
mec_degradation,51005,0.000783685885835439,base,normal,0.25,4,6,,,0.14,1.0
lec_degradation,51005,0.000783685885835439,base,normal,0.25,5,6,1.0,0.7769654989242554,,
mec_degradation,51005,0.000783685885835439,base,normal,0.25,5,6,,,0.16,1.0
lec_degradation,51005,0.000783685885835439,base,normal,0.25,6,6,1.0,0.7591477036476135,,
mec_degradation,51005,0.000783685885835439,base,normal,0.25,6,6,,,0.16,1.0
lec_degradation,51005,0.000783685885835439,base,normal,0.25,7,6,1.0,0.7645179629325867,,
mec_degradation,51005,0.000783685885835439,base,normal,0.25,7,6,,,0.12,1.0
lec_degradation,51005,0.000783685885835439,base,normal,0.25,8,6,1.0,0.7870007157325745,,
mec_degradation,51005,0.000783685885835439,base,normal,0.25,8,6,,,0.08,1.0
lec_degradation,51005,0.000783685885835439,base,normal,0.25,9,6,1.0,0.7783704996109009,,
mec_degradation,51005,0.000783685885835439,base,normal,0.25,9,6,,,0.14,1.0
lec_degradation,51005,0.000783685885835439,base,normal,0.25,10,6,1.0,0.7804591655731201,,
mec_degradation,51005,0.000783685885835439,base,normal,0.25,10,6,,,0.14,1.0
lec_degradation,51005,0.000783685885835439,base,normal,0.25,11,6,1.0,0.7755545973777771,,
mec_degradation,51005,0.000783685885835439,base,normal,0.25,11,6,,,0.12,1.0
lec_degradation,51005,0.000783685885835439,base,normal,0.5,0,12,1.0,0.7793563604354858,,
mec_degradation,51005,0.000783685885835439,base,normal,0.5,0,12,,,0.12,1.0
lec_degradation,51005,0.000783685885835439,base,normal,0.5,1,12,1.0,0.7903393507003784,,
mec_degradation,51005,0.000783685885835439,base,normal,0.5,1,12,,,0.12,1.0
lec_degradation,51005,0.000783685885835439,base,normal,0.5,2,12,1.0,0.7810323238372803,,
mec_degradation,51005,0.000783685885835439,base,normal,0.5,2,12,,,0.08,1.0
lec_degradation,51005,0.000783685885835439,base,normal,0.5,3,12,1.0,0.7854470610618591,,
mec_degradation,51005,0.000783685885835439,base,normal,0.5,3,12,,,0.08,1.0
lec_degradation,51005,0.000783685885835439,base,normal,0.5,4,12,1.0,0.7910789251327515,,
mec_degradation,51005,0.000783685885835439,base,normal,0.5,4,12,,,0.08,1.0
lec_degradation,51005,0.000783685885835439,base,normal,0.5,5,12,1.0,0.8046485781669617,,
mec_degradation,51005,0.000783685885835439,base,normal,0.5,5,12,,,0.14,1.0
lec_degradation,51005,0.000783685885835439,base,normal,0.5,6,12,1.0,0.7351166009902954,,
mec_degradation,51005,0.000783685885835439,base,normal,0.5,6,12,,,0.1,1.0
lec_degradation,51005,0.000783685885835439,base,normal,0.5,7,12,1.0,0.7978390455245972,,
mec_degradation,51005,0.000783685885835439,base,normal,0.5,7,12,,,0.16,1.0
lec_degradation,51005,0.000783685885835439,base,normal,0.5,8,12,1.0,0.7826938033103943,,
mec_degradation,51005,0.000783685885835439,base,normal,0.5,8,12,,,0.04,1.0
lec_degradation,51005,0.000783685885835439,base,normal,0.5,9,12,1.0,0.7591320276260376,,
mec_degradation,51005,0.000783685885835439,base,normal,0.5,9,12,,,0.14,1.0
lec_degradation,51005,0.000783685885835439,base,normal,0.5,10,12,1.0,0.797861635684967,,
mec_degradation,51005,0.000783685885835439,base,normal,0.5,10,12,,,0.12,1.0
lec_degradation,51005,0.000783685885835439,base,normal,0.5,11,12,1.0,0.748281717300415,,
mec_degradation,51005,0.000783685885835439,base,normal,0.5,11,12,,,0.1,1.0
lec_degradation,51005,0.000783685885835439,base,normal,0.75,0,19,0.5,0.7267317771911621,,
mec_degradation,51005,0.000783685885835439,base,normal,0.75,0,19,,,0.08,1.0
lec_degradation,51005,0.000783685885835439,base,normal,0.75,1,19,1.0,0.7478868365287781,,
mec_degradation,51005,0.000783685885835439,base,normal,0.75,1,19,,,0.1,1.0
lec_degradation,51005,0.000783685885835439,base,normal,0.75,2,19,1.0,0.7723658680915833,,
mec_degradation,51005,0.000783685885835439,base,normal,0.75,2,19,,,0.12,1.0
lec_degradation,51005,0.000783685885835439,base,normal,0.75,3,19,1.0,0.7594767808914185,,
mec_degradation,51005,0.000783685885835439,base,normal,0.75,3,19,,,0.1,1.0
lec_degradation,51005,0.000783685885835439,base,normal,0.75,4,19,1.0,0.7960332632064819,,
mec_degradation,51005,0.000783685885835439,base,normal,0.75,4,19,,,0.1,1.0
lec_degradation,51005,0.000783685885835439,base,normal,0.75,5,19,1.0,0.7844834327697754,,
mec_degradation,51005,0.000783685885835439,base,normal,0.75,5,19,,,0.08,1.0
lec_degradation,51005,0.000783685885835439,base,normal,0.75,6,19,1.0,0.7646293044090271,,
mec_degradation,51005,0.000783685885835439,base,normal,0.75,6,19,,,0.08,1.0
lec_degradation,51005,0.000783685885835439,base,normal,0.75,7,19,1.0,0.7446871399879456,,
mec_degradation,51005,0.000783685885835439,base,normal,0.75,7,19,,,0.06,1.0
lec_degradation,51005,0.000783685885835439,base,normal,0.75,8,19,1.0,0.7835941314697266,,
mec_degradation,51005,0.000783685885835439,base,normal,0.75,8,19,,,0.04,1.0
lec_degradation,51005,0.000783685885835439,base,normal,0.75,9,19,1.0,0.7811336517333984,,
mec_degradation,51005,0.000783685885835439,base,normal,0.75,9,19,,,0.08,1.0
lec_degradation,51005,0.000783685885835439,base,normal,0.75,10,19,1.0,0.7712007164955139,,
mec_degradation,51005,0.000783685885835439,base,normal,0.75,10,19,,,0.08,1.0
lec_degradation,51005,0.000783685885835439,base,normal,0.75,11,19,1.0,0.7452408075332642,,
mec_degradation,51005,0.000783685885835439,base,normal,0.75,11,19,,,0.04,1.0
lec_degradation,51005,0.000783685885835439,base,normal,0.9,0,22,1.0,0.7419801950454712,,
mec_degradation,51005,0.000783685885835439,base,normal,0.9,0,22,,,0.04,1.0
lec_degradation,51005,0.000783685885835439,base,normal,0.9,1,22,0.5,0.7298179864883423,,
mec_degradation,51005,0.000783685885835439,base,normal,0.9,1,22,,,0.06,1.0
lec_degradation,51005,0.000783685885835439,base,normal,0.9,2,22,0.5,0.7510053515434265,,
mec_degradation,51005,0.000783685885835439,base,normal,0.9,2,22,,,0.06,1.0
lec_degradation,51005,0.000783685885835439,base,normal,0.9,3,22,0.5,0.7686982750892639,,
mec_degradation,51005,0.000783685885835439,base,normal,0.9,3,22,,,0.06,1.0
lec_degradation,51005,0.000783685885835439,base,normal,0.9,4,22,0.5,0.727581799030304,,
mec_degradation,51005,0.000783685885835439,base,normal,0.9,4,22,,,0.08,1.0
lec_degradation,51005,0.000783685885835439,base,normal,0.9,5,22,1.0,0.7683936357498169,,
mec_degradation,51005,0.000783685885835439,base,normal,0.9,5,22,,,0.08,1.0
lec_degradation,51005,0.000783685885835439,base,normal,0.9,6,22,1.0,0.7586984038352966,,
mec_degradation,51005,0.000783685885835439,base,normal,0.9,6,22,,,0.04,1.0
lec_degradation,51005,0.000783685885835439,base,normal,0.9,7,22,0.5,0.7489232420921326,,
mec_degradation,51005,0.000783685885835439,base,normal,0.9,7,22,,,0.06,1.0
lec_degradation,51005,0.000783685885835439,base,normal,0.9,8,22,0.5,0.7217850685119629,,
mec_degradation,51005,0.000783685885835439,base,normal,0.9,8,22,,,0.04,1.0
lec_degradation,51005,0.000783685885835439,base,normal,0.9,9,22,1.0,0.7620649933815002,,
mec_degradation,51005,0.000783685885835439,base,normal,0.9,9,22,,,0.08,1.0
lec_degradation,51005,0.000783685885835439,base,normal,0.9,10,22,1.0,0.7360794544219971,,
mec_degradation,51005,0.000783685885835439,base,normal,0.9,10,22,,,0.06,1.0
lec_degradation,51005,0.000783685885835439,base,normal,0.9,11,22,1.0,0.765471339225769,,
mec_degradation,51005,0.000783685885835439,base,normal,0.9,11,22,,,0.04,1.0
lec_degradation,51005,0.000783685885835439,base,dense,0.0,0,0,0.5,0.21127133071422577,,
mec_degradation,51005,0.000783685885835439,base,dense,0.0,0,0,,,0.02,0.5
lec_degradation,51005,0.000783685885835439,base,dense,0.0,1,0,0.5,0.21127133071422577,,
mec_degradation,51005,0.000783685885835439,base,dense,0.0,1,0,,,0.02,0.5
lec_degradation,51005,0.000783685885835439,base,dense,0.0,2,0,0.5,0.21127133071422577,,
mec_degradation,51005,0.000783685885835439,base,dense,0.0,2,0,,,0.02,0.5
lec_degradation,51005,0.000783685885835439,base,dense,0.0,3,0,0.5,0.21127133071422577,,
mec_degradation,51005,0.000783685885835439,base,dense,0.0,3,0,,,0.02,0.5
lec_degradation,51005,0.000783685885835439,base,dense,0.0,4,0,0.5,0.21127133071422577,,
mec_degradation,51005,0.000783685885835439,base,dense,0.0,4,0,,,0.02,0.5
lec_degradation,51005,0.000783685885835439,base,dense,0.0,5,0,0.5,0.21127133071422577,,
mec_degradation,51005,0.000783685885835439,base,dense,0.0,5,0,,,0.02,0.5
lec_degradation,51005,0.000783685885835439,base,dense,0.0,6,0,0.5,0.21127133071422577,,
mec_degradation,51005,0.000783685885835439,base,dense,0.0,6,0,,,0.02,0.5
lec_degradation,51005,0.000783685885835439,base,dense,0.0,7,0,0.5,0.21127133071422577,,
mec_degradation,51005,0.000783685885835439,base,dense,0.0,7,0,,,0.02,0.5
lec_degradation,51005,0.000783685885835439,base,dense,0.0,8,0,0.5,0.21127133071422577,,
mec_degradation,51005,0.000783685885835439,base,dense,0.0,8,0,,,0.02,0.5
lec_degradation,51005,0.000783685885835439,base,dense,0.0,9,0,0.5,0.21127133071422577,,
mec_degradation,51005,0.000783685885835439,base,dense,0.0,9,0,,,0.02,0.5
lec_degradation,51005,0.000783685885835439,base,dense,0.0,10,0,0.5,0.21127133071422577,,
mec_degradation,51005,0.000783685885835439,base,dense,0.0,10,0,,,0.02,0.5
lec_degradation,51005,0.000783685885835439,base,dense,0.0,11,0,0.5,0.21127133071422577,,
mec_degradation,51005,0.000783685885835439,base,dense,0.0,11,0,,,0.02,0.5
lec_degradation,51005,0.000783685885835439,base,dense,0.25,0,6,0.5,0.21127133071422577,,
mec_degradation,51005,0.000783685885835439,base,dense,0.25,0,6,,,0.02,0.5
lec_degradation,51005,0.000783685885835439,base,dense,0.25,1,6,0.5,0.21127133071422577,,
mec_degradation,51005,0.000783685885835439,base,dense,0.25,1,6,,,0.02,0.5
lec_degradation,51005,0.000783685885835439,base,dense,0.25,2,6,0.5,0.21127133071422577,,
mec_degradation,51005,0.000783685885835439,base,dense,0.25,2,6,,,0.02,0.5
lec_degradation,51005,0.000783685885835439,base,dense,0.25,3,6,0.5,0.21127133071422577,,
mec_degradation,51005,0.000783685885835439,base,dense,0.25,3,6,,,0.02,0.5
lec_degradation,51005,0.000783685885835439,base,dense,0.25,4,6,0.5,0.21127133071422577,,
mec_degradation,51005,0.000783685885835439,base,dense,0.25,4,6,,,0.02,0.5
lec_degradation,51005,0.000783685885835439,base,dense,0.25,5,6,0.5,0.21127133071422577,,
mec_degradation,51005,0.000783685885835439,base,dense,0.25,5,6,,,0.02,0.5
lec_degradation,51005,0.000783685885835439,base,dense,0.25,6,6,0.5,0.21127133071422577,,
mec_degradation,51005,0.000783685885835439,base,dense,0.25,6,6,,,0.02,0.5
lec_degradation,51005,0.000783685885835439,base,dense,0.25,7,6,0.5,0.21127133071422577,,
mec_degradation,51005,0.000783685885835439,base,dense,0.25,7,6,,,0.02,0.5
lec_degradation,51005,0.000783685885835439,base,dense,0.25,8,6,0.5,0.21127133071422577,,
mec_degradation,51005,0.000783685885835439,base,dense,0.25,8,6,,,0.02,0.5
lec_degradation,51005,0.000783685885835439,base,dense,0.25,9,6,0.5,0.21127133071422577,,
mec_degradation,51005,0.000783685885835439,base,dense,0.25,9,6,,,0.02,0.5
lec_degradation,51005,0.000783685885835439,base,dense,0.25,10,6,0.5,0.21127133071422577,,
mec_degradation,51005,0.000783685885835439,base,dense,0.25,10,6,,,0.02,0.5
lec_degradation,51005,0.000783685885835439,base,dense,0.25,11,6,0.5,0.21127133071422577,,
mec_degradation,51005,0.000783685885835439,base,dense,0.25,11,6,,,0.02,0.5
lec_degradation,51005,0.000783685885835439,base,dense,0.5,0,12,0.5,0.21127133071422577,,
mec_degradation,51005,0.000783685885835439,base,dense,0.5,0,12,,,0.02,0.5
lec_degradation,51005,0.000783685885835439,base,dense,0.5,1,12,0.5,0.21127133071422577,,
mec_degradation,51005,0.000783685885835439,base,dense,0.5,1,12,,,0.02,0.5
lec_degradation,51005,0.000783685885835439,base,dense,0.5,2,12,0.5,0.21127133071422577,,
mec_degradation,51005,0.000783685885835439,base,dense,0.5,2,12,,,0.02,0.5
lec_degradation,51005,0.000783685885835439,base,dense,0.5,3,12,0.5,0.21127133071422577,,
mec_degradation,51005,0.000783685885835439,base,dense,0.5,3,12,,,0.02,0.5
lec_degradation,51005,0.000783685885835439,base,dense,0.5,4,12,0.5,0.21127133071422577,,
mec_degradation,51005,0.000783685885835439,base,dense,0.5,4,12,,,0.02,0.5
lec_degradation,51005,0.000783685885835439,base,dense,0.5,5,12,0.5,0.21127133071422577,,
mec_degradation,51005,0.000783685885835439,base,dense,0.5,5,12,,,0.02,0.5
lec_degradation,51005,0.000783685885835439,base,dense,0.5,6,12,0.5,0.21127133071422577,,
mec_degradation,51005,0.000783685885835439,base,dense,0.5,6,12,,,0.02,0.5
lec_degradation,51005,0.000783685885835439,base,dense,0.5,7,12,0.5,0.21127133071422577,,
mec_degradation,51005,0.000783685885835439,base,dense,0.5,7,12,,,0.02,0.5
lec_degradation,51005,0.000783685885835439,base,dense,0.5,8,12,0.5,0.21127133071422577,,
mec_degradation,51005,0.000783685885835439,base,dense,0.5,8,12,,,0.02,0.5
lec_degradation,51005,0.000783685885835439,base,dense,0.5,9,12,0.5,0.21127133071422577,,
mec_degradation,51005,0.000783685885835439,base,dense,0.5,9,12,,,0.02,0.5
lec_degradation,51005,0.000783685885835439,base,dense,0.5,10,12,0.5,0.21127133071422577,,
mec_degradation,51005,0.000783685885835439,base,dense,0.5,10,12,,,0.02,0.5
lec_degradation,51005,0.000783685885835439,base,dense,0.5,11,12,0.5,0.21127133071422577,,
mec_degradation,51005,0.000783685885835439,base,dense,0.5,11,12,,,0.02,0.5
lec_degradation,51005,0.000783685885835439,base,dense,0.75,0,19,0.5,0.21127133071422577,,
mec_degradation,51005,0.000783685885835439,base,dense,0.75,0,19,,,0.02,0.5
lec_degradation,51005,0.000783685885835439,base,dense,0.75,1,19,0.5,0.21127133071422577,,
mec_degradation,51005,0.000783685885835439,base,dense,0.75,1,19,,,0.02,0.5
lec_degradation,51005,0.000783685885835439,base,dense,0.75,2,19,0.5,0.21127133071422577,,
mec_degradation,51005,0.000783685885835439,base,dense,0.75,2,19,,,0.02,0.5
lec_degradation,51005,0.000783685885835439,base,dense,0.75,3,19,0.5,0.21127133071422577,,
mec_degradation,51005,0.000783685885835439,base,dense,0.75,3,19,,,0.02,0.5
lec_degradation,51005,0.000783685885835439,base,dense,0.75,4,19,0.5,0.21127133071422577,,
mec_degradation,51005,0.000783685885835439,base,dense,0.75,4,19,,,0.02,0.5
lec_degradation,51005,0.000783685885835439,base,dense,0.75,5,19,0.5,0.21127133071422577,,
mec_degradation,51005,0.000783685885835439,base,dense,0.75,5,19,,,0.02,0.5
lec_degradation,51005,0.000783685885835439,base,dense,0.75,6,19,0.5,0.21127133071422577,,
mec_degradation,51005,0.000783685885835439,base,dense,0.75,6,19,,,0.02,0.5
lec_degradation,51005,0.000783685885835439,base,dense,0.75,7,19,0.5,0.21127133071422577,,
mec_degradation,51005,0.000783685885835439,base,dense,0.75,7,19,,,0.02,0.5
lec_degradation,51005,0.000783685885835439,base,dense,0.75,8,19,0.5,0.21127133071422577,,
mec_degradation,51005,0.000783685885835439,base,dense,0.75,8,19,,,0.02,0.5
lec_degradation,51005,0.000783685885835439,base,dense,0.75,9,19,0.5,0.21127133071422577,,
mec_degradation,51005,0.000783685885835439,base,dense,0.75,9,19,,,0.02,0.5
lec_degradation,51005,0.000783685885835439,base,dense,0.75,10,19,0.5,0.21127133071422577,,
mec_degradation,51005,0.000783685885835439,base,dense,0.75,10,19,,,0.02,0.5
lec_degradation,51005,0.000783685885835439,base,dense,0.75,11,19,0.5,0.21127133071422577,,
mec_degradation,51005,0.000783685885835439,base,dense,0.75,11,19,,,0.02,0.5
lec_degradation,51005,0.000783685885835439,base,dense,0.9,0,22,0.5,0.21127133071422577,,
mec_degradation,51005,0.000783685885835439,base,dense,0.9,0,22,,,0.02,0.5
lec_degradation,51005,0.000783685885835439,base,dense,0.9,1,22,0.5,0.21127133071422577,,
mec_degradation,51005,0.000783685885835439,base,dense,0.9,1,22,,,0.02,0.5
lec_degradation,51005,0.000783685885835439,base,dense,0.9,2,22,0.5,0.21127133071422577,,
mec_degradation,51005,0.000783685885835439,base,dense,0.9,2,22,,,0.02,0.5
lec_degradation,51005,0.000783685885835439,base,dense,0.9,3,22,0.5,0.21127133071422577,,
mec_degradation,51005,0.000783685885835439,base,dense,0.9,3,22,,,0.02,0.5
lec_degradation,51005,0.000783685885835439,base,dense,0.9,4,22,0.5,0.21127133071422577,,
mec_degradation,51005,0.000783685885835439,base,dense,0.9,4,22,,,0.02,0.5
lec_degradation,51005,0.000783685885835439,base,dense,0.9,5,22,0.5,0.21127133071422577,,
mec_degradation,51005,0.000783685885835439,base,dense,0.9,5,22,,,0.02,0.5
lec_degradation,51005,0.000783685885835439,base,dense,0.9,6,22,0.5,0.21127133071422577,,
mec_degradation,51005,0.000783685885835439,base,dense,0.9,6,22,,,0.02,0.5
lec_degradation,51005,0.000783685885835439,base,dense,0.9,7,22,0.5,0.21127133071422577,,
mec_degradation,51005,0.000783685885835439,base,dense,0.9,7,22,,,0.02,0.5
lec_degradation,51005,0.000783685885835439,base,dense,0.9,8,22,0.5,0.21127133071422577,,
mec_degradation,51005,0.000783685885835439,base,dense,0.9,8,22,,,0.02,0.5
lec_degradation,51005,0.000783685885835439,base,dense,0.9,9,22,0.5,0.21127133071422577,,
mec_degradation,51005,0.000783685885835439,base,dense,0.9,9,22,,,0.02,0.5
lec_degradation,51005,0.000783685885835439,base,dense,0.9,10,22,0.5,0.21127133071422577,,
mec_degradation,51005,0.000783685885835439,base,dense,0.9,10,22,,,0.02,0.5
lec_degradation,51005,0.000783685885835439,base,dense,0.9,11,22,0.5,0.21127133071422577,,
mec_degradation,51005,0.000783685885835439,base,dense,0.9,11,22,,,0.02,0.5
lec_degradation,51005,0.000783685885835439,err2,normal,0.0,0,0,1.0,0.9306479096412659,,
mec_degradation,51005,0.000783685885835439,err2,normal,0.0,0,0,,,0.7,1.0
lec_degradation,51005,0.000783685885835439,err2,normal,0.0,1,0,1.0,0.9306479096412659,,
mec_degradation,51005,0.000783685885835439,err2,normal,0.0,1,0,,,0.7,1.0
lec_degradation,51005,0.000783685885835439,err2,normal,0.0,2,0,1.0,0.9306479096412659,,
mec_degradation,51005,0.000783685885835439,err2,normal,0.0,2,0,,,0.7,1.0
lec_degradation,51005,0.000783685885835439,err2,normal,0.0,3,0,1.0,0.9306479096412659,,
mec_degradation,51005,0.000783685885835439,err2,normal,0.0,3,0,,,0.7,1.0
lec_degradation,51005,0.000783685885835439,err2,normal,0.0,4,0,1.0,0.9306479096412659,,
mec_degradation,51005,0.000783685885835439,err2,normal,0.0,4,0,,,0.7,1.0
lec_degradation,51005,0.000783685885835439,err2,normal,0.0,5,0,1.0,0.9306479096412659,,
mec_degradation,51005,0.000783685885835439,err2,normal,0.0,5,0,,,0.7,1.0
lec_degradation,51005,0.000783685885835439,err2,normal,0.0,6,0,1.0,0.9306479096412659,,
mec_degradation,51005,0.000783685885835439,err2,normal,0.0,6,0,,,0.7,1.0
lec_degradation,51005,0.000783685885835439,err2,normal,0.0,7,0,1.0,0.9306479096412659,,
mec_degradation,51005,0.000783685885835439,err2,normal,0.0,7,0,,,0.7,1.0
lec_degradation,51005,0.000783685885835439,err2,normal,0.0,8,0,1.0,0.9306479096412659,,
mec_degradation,51005,0.000783685885835439,err2,normal,0.0,8,0,,,0.7,1.0
lec_degradation,51005,0.000783685885835439,err2,normal,0.0,9,0,1.0,0.9306479096412659,,
mec_degradation,51005,0.000783685885835439,err2,normal,0.0,9,0,,,0.7,1.0
lec_degradation,51005,0.000783685885835439,err2,normal,0.0,10,0,1.0,0.9306479096412659,,
mec_degradation,51005,0.000783685885835439,err2,normal,0.0,10,0,,,0.7,1.0
lec_degradation,51005,0.000783685885835439,err2,normal,0.0,11,0,1.0,0.9306479096412659,,
mec_degradation,51005,0.000783685885835439,err2,normal,0.0,11,0,,,0.7,1.0
lec_degradation,51005,0.000783685885835439,err2,normal,0.25,0,6,1.0,0.84693443775177,,
mec_degradation,51005,0.000783685885835439,err2,normal,0.25,0,6,,,0.54,1.0
lec_degradation,51005,0.000783685885835439,err2,normal,0.25,1,6,1.0,0.7807183265686035,,
mec_degradation,51005,0.000783685885835439,err2,normal,0.25,1,6,,,0.46,1.0
lec_degradation,51005,0.000783685885835439,err2,normal,0.25,2,6,1.0,0.8604390025138855,,
mec_degradation,51005,0.000783685885835439,err2,normal,0.25,2,6,,,0.5,1.0
lec_degradation,51005,0.000783685885835439,err2,normal,0.25,3,6,1.0,0.8194544315338135,,
mec_degradation,51005,0.000783685885835439,err2,normal,0.25,3,6,,,0.46,1.0
lec_degradation,51005,0.000783685885835439,err2,normal,0.25,4,6,1.0,0.8052207827568054,,
mec_degradation,51005,0.000783685885835439,err2,normal,0.25,4,6,,,0.5,1.0
lec_degradation,51005,0.000783685885835439,err2,normal,0.25,5,6,1.0,0.8021842837333679,,
mec_degradation,51005,0.000783685885835439,err2,normal,0.25,5,6,,,0.52,1.0
lec_degradation,51005,0.000783685885835439,err2,normal,0.25,6,6,1.0,0.8673644065856934,,
mec_degradation,51005,0.000783685885835439,err2,normal,0.25,6,6,,,0.54,1.0
lec_degradation,51005,0.000783685885835439,err2,normal,0.25,7,6,1.0,0.8430222868919373,,
mec_degradation,51005,0.000783685885835439,err2,normal,0.25,7,6,,,0.48,1.0
lec_degradation,51005,0.000783685885835439,err2,normal,0.25,8,6,1.0,0.8261009454727173,,
mec_degradation,51005,0.000783685885835439,err2,normal,0.25,8,6,,,0.5,1.0
lec_degradation,51005,0.000783685885835439,err2,normal,0.25,9,6,1.0,0.815889298915863,,
mec_degradation,51005,0.000783685885835439,err2,normal,0.25,9,6,,,0.54,1.0
lec_degradation,51005,0.000783685885835439,err2,normal,0.25,10,6,1.0,0.8901637196540833,,
mec_degradation,51005,0.000783685885835439,err2,normal,0.25,10,6,,,0.56,1.0
lec_degradation,51005,0.000783685885835439,err2,normal,0.25,11,6,1.0,0.8998478055000305,,
mec_degradation,51005,0.000783685885835439,err2,normal,0.25,11,6,,,0.42,1.0
lec_degradation,51005,0.000783685885835439,err2,normal,0.5,0,12,1.0,0.8359664678573608,,
mec_degradation,51005,0.000783685885835439,err2,normal,0.5,0,12,,,0.26,1.0
lec_degradation,51005,0.000783685885835439,err2,normal,0.5,1,12,0.5,0.7879536151885986,,
mec_degradation,51005,0.000783685885835439,err2,normal,0.5,1,12,,,0.34,1.0
lec_degradation,51005,0.000783685885835439,err2,normal,0.5,2,12,1.0,0.8157163858413696,,
mec_degradation,51005,0.000783685885835439,err2,normal,0.5,2,12,,,0.26,1.0
lec_degradation,51005,0.000783685885835439,err2,normal,0.5,3,12,1.0,0.830213725566864,,
mec_degradation,51005,0.000783685885835439,err2,normal,0.5,3,12,,,0.22,1.0
lec_degradation,51005,0.000783685885835439,err2,normal,0.5,4,12,0.5,0.7852623462677002,,
mec_degradation,51005,0.000783685885835439,err2,normal,0.5,4,12,,,0.26,1.0
lec_degradation,51005,0.000783685885835439,err2,normal,0.5,5,12,1.0,0.8409446477890015,,
mec_degradation,51005,0.000783685885835439,err2,normal,0.5,5,12,,,0.32,1.0
lec_degradation,51005,0.000783685885835439,err2,normal,0.5,6,12,1.0,0.7830354571342468,,
mec_degradation,51005,0.000783685885835439,err2,normal,0.5,6,12,,,0.24,1.0
lec_degradation,51005,0.000783685885835439,err2,normal,0.5,7,12,1.0,0.8189702033996582,,
mec_degradation,51005,0.000783685885835439,err2,normal,0.5,7,12,,,0.26,1.0
lec_degradation,51005,0.000783685885835439,err2,normal,0.5,8,12,1.0,0.821088433265686,,
mec_degradation,51005,0.000783685885835439,err2,normal,0.5,8,12,,,0.34,1.0
lec_degradation,51005,0.000783685885835439,err2,normal,0.5,9,12,1.0,0.8135842680931091,,
mec_degradation,51005,0.000783685885835439,err2,normal,0.5,9,12,,,0.3,1.0
lec_degradation,51005,0.000783685885835439,err2,normal,0.5,10,12,1.0,0.8114784359931946,,
mec_degradation,51005,0.000783685885835439,err2,normal,0.5,10,12,,,0.24,1.0
lec_degradation,51005,0.000783685885835439,err2,normal,0.5,11,12,0.5,0.767224907875061,,
mec_degradation,51005,0.000783685885835439,err2,normal,0.5,11,12,,,0.24,1.0
lec_degradation,51005,0.000783685885835439,err2,normal,0.75,0,19,0.5,0.7661963105201721,,
mec_degradation,51005,0.000783685885835439,err2,normal,0.75,0,19,,,0.14,1.0
lec_degradation,51005,0.000783685885835439,err2,normal,0.75,1,19,0.5,0.7479820847511292,,
mec_degradation,51005,0.000783685885835439,err2,normal,0.75,1,19,,,0.12,1.0
lec_degradation,51005,0.000783685885835439,err2,normal,0.75,2,19,1.0,0.7644892930984497,,
mec_degradation,51005,0.000783685885835439,err2,normal,0.75,2,19,,,0.08,1.0
lec_degradation,51005,0.000783685885835439,err2,normal,0.75,3,19,0.5,0.7344904541969299,,
mec_degradation,51005,0.000783685885835439,err2,normal,0.75,3,19,,,0.14,1.0
lec_degradation,51005,0.000783685885835439,err2,normal,0.75,4,19,1.0,0.8171482086181641,,
mec_degradation,51005,0.000783685885835439,err2,normal,0.75,4,19,,,0.1,1.0
lec_degradation,51005,0.000783685885835439,err2,normal,0.75,5,19,1.0,0.7878161668777466,,
mec_degradation,51005,0.000783685885835439,err2,normal,0.75,5,19,,,0.08,1.0
lec_degradation,51005,0.000783685885835439,err2,normal,0.75,6,19,1.0,0.8130543231964111,,
mec_degradation,51005,0.000783685885835439,err2,normal,0.75,6,19,,,0.16,1.0
lec_degradation,51005,0.000783685885835439,err2,normal,0.75,7,19,1.0,0.801734447479248,,
mec_degradation,51005,0.000783685885835439,err2,normal,0.75,7,19,,,0.06,1.0
lec_degradation,51005,0.000783685885835439,err2,normal,0.75,8,19,1.0,0.8454997539520264,,
mec_degradation,51005,0.000783685885835439,err2,normal,0.75,8,19,,,0.1,1.0
lec_degradation,51005,0.000783685885835439,err2,normal,0.75,9,19,1.0,0.7744972109794617,,
mec_degradation,51005,0.000783685885835439,err2,normal,0.75,9,19,,,0.08,1.0
lec_degradation,51005,0.000783685885835439,err2,normal,0.75,10,19,1.0,0.8231794238090515,,
mec_degradation,51005,0.000783685885835439,err2,normal,0.75,10,19,,,0.1,1.0
lec_degradation,51005,0.000783685885835439,err2,normal,0.75,11,19,1.0,0.8478121757507324,,
mec_degradation,51005,0.000783685885835439,err2,normal,0.75,11,19,,,0.1,1.0
lec_degradation,51005,0.000783685885835439,err2,normal,0.9,0,22,0.5,0.7655670642852783,,
mec_degradation,51005,0.000783685885835439,err2,normal,0.9,0,22,,,0.08,1.0
lec_degradation,51005,0.000783685885835439,err2,normal,0.9,1,22,1.0,0.7502879500389099,,
mec_degradation,51005,0.000783685885835439,err2,normal,0.9,1,22,,,0.02,1.0
lec_degradation,51005,0.000783685885835439,err2,normal,0.9,2,22,1.0,0.7757002115249634,,
mec_degradation,51005,0.000783685885835439,err2,normal,0.9,2,22,,,0.06,1.0
lec_degradation,51005,0.000783685885835439,err2,normal,0.9,3,22,1.0,0.7908871173858643,,
mec_degradation,51005,0.000783685885835439,err2,normal,0.9,3,22,,,0.1,1.0
lec_degradation,51005,0.000783685885835439,err2,normal,0.9,4,22,1.0,0.8182668089866638,,
mec_degradation,51005,0.000783685885835439,err2,normal,0.9,4,22,,,0.02,1.0
lec_degradation,51005,0.000783685885835439,err2,normal,0.9,5,22,1.0,0.8228495717048645,,
mec_degradation,51005,0.000783685885835439,err2,normal,0.9,5,22,,,0.04,1.0
lec_degradation,51005,0.000783685885835439,err2,normal,0.9,6,22,0.5,0.7792306542396545,,
mec_degradation,51005,0.000783685885835439,err2,normal,0.9,6,22,,,0.04,1.0
lec_degradation,51005,0.000783685885835439,err2,normal,0.9,7,22,1.0,0.7963513135910034,,
mec_degradation,51005,0.000783685885835439,err2,normal,0.9,7,22,,,0.12,1.0
lec_degradation,51005,0.000783685885835439,err2,normal,0.9,8,22,1.0,0.8316333293914795,,
mec_degradation,51005,0.000783685885835439,err2,normal,0.9,8,22,,,0.04,1.0
lec_degradation,51005,0.000783685885835439,err2,normal,0.9,9,22,1.0,0.7909436225891113,,
mec_degradation,51005,0.000783685885835439,err2,normal,0.9,9,22,,,0.08,1.0
lec_degradation,51005,0.000783685885835439,err2,normal,0.9,10,22,1.0,0.8067044019699097,,
mec_degradation,51005,0.000783685885835439,err2,normal,0.9,10,22,,,0.06,1.0
lec_degradation,51005,0.000783685885835439,err2,normal,0.9,11,22,1.0,0.8099071979522705,,
mec_degradation,51005,0.000783685885835439,err2,normal,0.9,11,22,,,0.12,1.0
lec_degradation,51005,0.000783685885835439,err2,dense,0.0,0,0,0.5,0.32688239216804504,,
mec_degradation,51005,0.000783685885835439,err2,dense,0.0,0,0,,,0.02,0.5
lec_degradation,51005,0.000783685885835439,err2,dense,0.0,1,0,0.5,0.32688239216804504,,
mec_degradation,51005,0.000783685885835439,err2,dense,0.0,1,0,,,0.02,0.5
lec_degradation,51005,0.000783685885835439,err2,dense,0.0,2,0,0.5,0.32688239216804504,,
mec_degradation,51005,0.000783685885835439,err2,dense,0.0,2,0,,,0.02,0.5
lec_degradation,51005,0.000783685885835439,err2,dense,0.0,3,0,0.5,0.32688239216804504,,
mec_degradation,51005,0.000783685885835439,err2,dense,0.0,3,0,,,0.02,0.5
lec_degradation,51005,0.000783685885835439,err2,dense,0.0,4,0,0.5,0.32688239216804504,,
mec_degradation,51005,0.000783685885835439,err2,dense,0.0,4,0,,,0.02,0.5
lec_degradation,51005,0.000783685885835439,err2,dense,0.0,5,0,0.5,0.32688239216804504,,
mec_degradation,51005,0.000783685885835439,err2,dense,0.0,5,0,,,0.02,0.5
lec_degradation,51005,0.000783685885835439,err2,dense,0.0,6,0,0.5,0.32688239216804504,,
mec_degradation,51005,0.000783685885835439,err2,dense,0.0,6,0,,,0.02,0.5
lec_degradation,51005,0.000783685885835439,err2,dense,0.0,7,0,0.5,0.32688239216804504,,
mec_degradation,51005,0.000783685885835439,err2,dense,0.0,7,0,,,0.02,0.5
lec_degradation,51005,0.000783685885835439,err2,dense,0.0,8,0,0.5,0.32688239216804504,,
mec_degradation,51005,0.000783685885835439,err2,dense,0.0,8,0,,,0.02,0.5
lec_degradation,51005,0.000783685885835439,err2,dense,0.0,9,0,0.5,0.32688239216804504,,
mec_degradation,51005,0.000783685885835439,err2,dense,0.0,9,0,,,0.02,0.5
lec_degradation,51005,0.000783685885835439,err2,dense,0.0,10,0,0.5,0.32688239216804504,,
mec_degradation,51005,0.000783685885835439,err2,dense,0.0,10,0,,,0.02,0.5
lec_degradation,51005,0.000783685885835439,err2,dense,0.0,11,0,0.5,0.32688239216804504,,
mec_degradation,51005,0.000783685885835439,err2,dense,0.0,11,0,,,0.02,0.5
lec_degradation,51005,0.000783685885835439,err2,dense,0.25,0,6,0.5,0.32688239216804504,,
mec_degradation,51005,0.000783685885835439,err2,dense,0.25,0,6,,,0.02,0.5
lec_degradation,51005,0.000783685885835439,err2,dense,0.25,1,6,0.5,0.32688239216804504,,
mec_degradation,51005,0.000783685885835439,err2,dense,0.25,1,6,,,0.02,0.5
lec_degradation,51005,0.000783685885835439,err2,dense,0.25,2,6,0.5,0.32688239216804504,,
mec_degradation,51005,0.000783685885835439,err2,dense,0.25,2,6,,,0.02,0.5
lec_degradation,51005,0.000783685885835439,err2,dense,0.25,3,6,0.5,0.32688239216804504,,
mec_degradation,51005,0.000783685885835439,err2,dense,0.25,3,6,,,0.02,0.5
lec_degradation,51005,0.000783685885835439,err2,dense,0.25,4,6,0.5,0.32688239216804504,,
mec_degradation,51005,0.000783685885835439,err2,dense,0.25,4,6,,,0.02,0.5
lec_degradation,51005,0.000783685885835439,err2,dense,0.25,5,6,0.5,0.32688239216804504,,
mec_degradation,51005,0.000783685885835439,err2,dense,0.25,5,6,,,0.02,0.5
lec_degradation,51005,0.000783685885835439,err2,dense,0.25,6,6,0.5,0.32688239216804504,,
mec_degradation,51005,0.000783685885835439,err2,dense,0.25,6,6,,,0.02,0.5
lec_degradation,51005,0.000783685885835439,err2,dense,0.25,7,6,0.5,0.32688239216804504,,
mec_degradation,51005,0.000783685885835439,err2,dense,0.25,7,6,,,0.02,0.5
lec_degradation,51005,0.000783685885835439,err2,dense,0.25,8,6,0.5,0.32688239216804504,,
mec_degradation,51005,0.000783685885835439,err2,dense,0.25,8,6,,,0.02,0.5
lec_degradation,51005,0.000783685885835439,err2,dense,0.25,9,6,0.5,0.32688239216804504,,
mec_degradation,51005,0.000783685885835439,err2,dense,0.25,9,6,,,0.02,0.5
lec_degradation,51005,0.000783685885835439,err2,dense,0.25,10,6,0.5,0.32688239216804504,,
mec_degradation,51005,0.000783685885835439,err2,dense,0.25,10,6,,,0.02,0.5
lec_degradation,51005,0.000783685885835439,err2,dense,0.25,11,6,0.5,0.32688239216804504,,
mec_degradation,51005,0.000783685885835439,err2,dense,0.25,11,6,,,0.02,0.5
lec_degradation,51005,0.000783685885835439,err2,dense,0.5,0,12,0.5,0.32688239216804504,,
mec_degradation,51005,0.000783685885835439,err2,dense,0.5,0,12,,,0.02,0.5
lec_degradation,51005,0.000783685885835439,err2,dense,0.5,1,12,0.5,0.32688239216804504,,
mec_degradation,51005,0.000783685885835439,err2,dense,0.5,1,12,,,0.02,0.5
lec_degradation,51005,0.000783685885835439,err2,dense,0.5,2,12,0.5,0.32688239216804504,,
mec_degradation,51005,0.000783685885835439,err2,dense,0.5,2,12,,,0.02,0.5
lec_degradation,51005,0.000783685885835439,err2,dense,0.5,3,12,0.5,0.32688239216804504,,
mec_degradation,51005,0.000783685885835439,err2,dense,0.5,3,12,,,0.02,0.5
lec_degradation,51005,0.000783685885835439,err2,dense,0.5,4,12,0.5,0.32688239216804504,,
mec_degradation,51005,0.000783685885835439,err2,dense,0.5,4,12,,,0.02,0.5
lec_degradation,51005,0.000783685885835439,err2,dense,0.5,5,12,0.5,0.32688239216804504,,
mec_degradation,51005,0.000783685885835439,err2,dense,0.5,5,12,,,0.02,0.5
lec_degradation,51005,0.000783685885835439,err2,dense,0.5,6,12,0.5,0.32688239216804504,,
mec_degradation,51005,0.000783685885835439,err2,dense,0.5,6,12,,,0.02,0.5
lec_degradation,51005,0.000783685885835439,err2,dense,0.5,7,12,0.5,0.32688239216804504,,
mec_degradation,51005,0.000783685885835439,err2,dense,0.5,7,12,,,0.02,0.5
lec_degradation,51005,0.000783685885835439,err2,dense,0.5,8,12,0.5,0.32688239216804504,,
mec_degradation,51005,0.000783685885835439,err2,dense,0.5,8,12,,,0.02,0.5
lec_degradation,51005,0.000783685885835439,err2,dense,0.5,9,12,0.5,0.32688239216804504,,
mec_degradation,51005,0.000783685885835439,err2,dense,0.5,9,12,,,0.02,0.5
lec_degradation,51005,0.000783685885835439,err2,dense,0.5,10,12,0.5,0.32688239216804504,,
mec_degradation,51005,0.000783685885835439,err2,dense,0.5,10,12,,,0.02,0.5
lec_degradation,51005,0.000783685885835439,err2,dense,0.5,11,12,0.5,0.32688239216804504,,
mec_degradation,51005,0.000783685885835439,err2,dense,0.5,11,12,,,0.02,0.5
lec_degradation,51005,0.000783685885835439,err2,dense,0.75,0,19,0.5,0.32688239216804504,,
mec_degradation,51005,0.000783685885835439,err2,dense,0.75,0,19,,,0.02,0.5
lec_degradation,51005,0.000783685885835439,err2,dense,0.75,1,19,0.5,0.32688239216804504,,
mec_degradation,51005,0.000783685885835439,err2,dense,0.75,1,19,,,0.02,0.5
lec_degradation,51005,0.000783685885835439,err2,dense,0.75,2,19,0.5,0.32688239216804504,,
mec_degradation,51005,0.000783685885835439,err2,dense,0.75,2,19,,,0.02,0.5
lec_degradation,51005,0.000783685885835439,err2,dense,0.75,3,19,0.5,0.32688239216804504,,
mec_degradation,51005,0.000783685885835439,err2,dense,0.75,3,19,,,0.02,0.5
lec_degradation,51005,0.000783685885835439,err2,dense,0.75,4,19,0.5,0.32688239216804504,,
mec_degradation,51005,0.000783685885835439,err2,dense,0.75,4,19,,,0.02,0.5
lec_degradation,51005,0.000783685885835439,err2,dense,0.75,5,19,0.5,0.32688239216804504,,
mec_degradation,51005,0.000783685885835439,err2,dense,0.75,5,19,,,0.02,0.5
lec_degradation,51005,0.000783685885835439,err2,dense,0.75,6,19,0.5,0.32688239216804504,,
mec_degradation,51005,0.000783685885835439,err2,dense,0.75,6,19,,,0.02,0.5
lec_degradation,51005,0.000783685885835439,err2,dense,0.75,7,19,0.5,0.32688239216804504,,
mec_degradation,51005,0.000783685885835439,err2,dense,0.75,7,19,,,0.02,0.5
lec_degradation,51005,0.000783685885835439,err2,dense,0.75,8,19,0.5,0.32688239216804504,,
mec_degradation,51005,0.000783685885835439,err2,dense,0.75,8,19,,,0.02,0.5
lec_degradation,51005,0.000783685885835439,err2,dense,0.75,9,19,0.5,0.32688239216804504,,
mec_degradation,51005,0.000783685885835439,err2,dense,0.75,9,19,,,0.02,0.5
lec_degradation,51005,0.000783685885835439,err2,dense,0.75,10,19,0.5,0.32688239216804504,,
mec_degradation,51005,0.000783685885835439,err2,dense,0.75,10,19,,,0.02,0.5
lec_degradation,51005,0.000783685885835439,err2,dense,0.75,11,19,0.5,0.32688239216804504,,
mec_degradation,51005,0.000783685885835439,err2,dense,0.75,11,19,,,0.02,0.5
lec_degradation,51005,0.000783685885835439,err2,dense,0.9,0,22,0.5,0.32688239216804504,,
mec_degradation,51005,0.000783685885835439,err2,dense,0.9,0,22,,,0.02,0.5
lec_degradation,51005,0.000783685885835439,err2,dense,0.9,1,22,0.5,0.32688239216804504,,
mec_degradation,51005,0.000783685885835439,err2,dense,0.9,1,22,,,0.02,0.5
lec_degradation,51005,0.000783685885835439,err2,dense,0.9,2,22,0.5,0.32688239216804504,,
mec_degradation,51005,0.000783685885835439,err2,dense,0.9,2,22,,,0.02,0.5
lec_degradation,51005,0.000783685885835439,err2,dense,0.9,3,22,0.5,0.32688239216804504,,
mec_degradation,51005,0.000783685885835439,err2,dense,0.9,3,22,,,0.02,0.5
lec_degradation,51005,0.000783685885835439,err2,dense,0.9,4,22,0.5,0.32688239216804504,,
mec_degradation,51005,0.000783685885835439,err2,dense,0.9,4,22,,,0.02,0.5
lec_degradation,51005,0.000783685885835439,err2,dense,0.9,5,22,0.5,0.32688239216804504,,
mec_degradation,51005,0.000783685885835439,err2,dense,0.9,5,22,,,0.02,0.5
lec_degradation,51005,0.000783685885835439,err2,dense,0.9,6,22,0.5,0.32688239216804504,,
mec_degradation,51005,0.000783685885835439,err2,dense,0.9,6,22,,,0.02,0.5
lec_degradation,51005,0.000783685885835439,err2,dense,0.9,7,22,0.5,0.32688239216804504,,
mec_degradation,51005,0.000783685885835439,err2,dense,0.9,7,22,,,0.02,0.5
lec_degradation,51005,0.000783685885835439,err2,dense,0.9,8,22,0.5,0.32688239216804504,,
mec_degradation,51005,0.000783685885835439,err2,dense,0.9,8,22,,,0.02,0.5
lec_degradation,51005,0.000783685885835439,err2,dense,0.9,9,22,0.5,0.32688239216804504,,
mec_degradation,51005,0.000783685885835439,err2,dense,0.9,9,22,,,0.02,0.5
lec_degradation,51005,0.000783685885835439,err2,dense,0.9,10,22,0.5,0.32688239216804504,,
mec_degradation,51005,0.000783685885835439,err2,dense,0.9,10,22,,,0.02,0.5
lec_degradation,51005,0.000783685885835439,err2,dense,0.9,11,22,0.5,0.32688239216804504,,
mec_degradation,51005,0.000783685885835439,err2,dense,0.9,11,22,,,0.02,0.5
lec_degradation,51006,0.001254154136404395,base,normal,0.0,0,0,1.0,0.785301923751831,,
mec_degradation,51006,0.001254154136404395,base,normal,0.0,0,0,,,0.18,1.0
lec_degradation,51006,0.001254154136404395,base,normal,0.0,1,0,1.0,0.785301923751831,,
mec_degradation,51006,0.001254154136404395,base,normal,0.0,1,0,,,0.18,1.0
lec_degradation,51006,0.001254154136404395,base,normal,0.0,2,0,1.0,0.785301923751831,,
mec_degradation,51006,0.001254154136404395,base,normal,0.0,2,0,,,0.18,1.0
lec_degradation,51006,0.001254154136404395,base,normal,0.0,3,0,1.0,0.785301923751831,,
mec_degradation,51006,0.001254154136404395,base,normal,0.0,3,0,,,0.18,1.0
lec_degradation,51006,0.001254154136404395,base,normal,0.0,4,0,1.0,0.785301923751831,,
mec_degradation,51006,0.001254154136404395,base,normal,0.0,4,0,,,0.18,1.0
lec_degradation,51006,0.001254154136404395,base,normal,0.0,5,0,1.0,0.785301923751831,,
mec_degradation,51006,0.001254154136404395,base,normal,0.0,5,0,,,0.18,1.0
lec_degradation,51006,0.001254154136404395,base,normal,0.0,6,0,1.0,0.785301923751831,,
mec_degradation,51006,0.001254154136404395,base,normal,0.0,6,0,,,0.18,1.0
lec_degradation,51006,0.001254154136404395,base,normal,0.0,7,0,1.0,0.785301923751831,,
mec_degradation,51006,0.001254154136404395,base,normal,0.0,7,0,,,0.18,1.0
lec_degradation,51006,0.001254154136404395,base,normal,0.0,8,0,1.0,0.785301923751831,,
mec_degradation,51006,0.001254154136404395,base,normal,0.0,8,0,,,0.18,1.0
lec_degradation,51006,0.001254154136404395,base,normal,0.0,9,0,1.0,0.785301923751831,,
mec_degradation,51006,0.001254154136404395,base,normal,0.0,9,0,,,0.18,1.0
lec_degradation,51006,0.001254154136404395,base,normal,0.0,10,0,1.0,0.785301923751831,,
mec_degradation,51006,0.001254154136404395,base,normal,0.0,10,0,,,0.18,1.0
lec_degradation,51006,0.001254154136404395,base,normal,0.0,11,0,1.0,0.785301923751831,,
mec_degradation,51006,0.001254154136404395,base,normal,0.0,11,0,,,0.18,1.0
lec_degradation,51006,0.001254154136404395,base,normal,0.25,0,6,1.0,0.7976444959640503,,
mec_degradation,51006,0.001254154136404395,base,normal,0.25,0,6,,,0.16,1.0
lec_degradation,51006,0.001254154136404395,base,normal,0.25,1,6,1.0,0.8059344291687012,,
mec_degradation,51006,0.001254154136404395,base,normal,0.25,1,6,,,0.12,1.0
lec_degradation,51006,0.001254154136404395,base,normal,0.25,2,6,1.0,0.7943273782730103,,
mec_degradation,51006,0.001254154136404395,base,normal,0.25,2,6,,,0.12,1.0
lec_degradation,51006,0.001254154136404395,base,normal,0.25,3,6,1.0,0.7750266790390015,,
mec_degradation,51006,0.001254154136404395,base,normal,0.25,3,6,,,0.2,1.0
lec_degradation,51006,0.001254154136404395,base,normal,0.25,4,6,1.0,0.7964354753494263,,
mec_degradation,51006,0.001254154136404395,base,normal,0.25,4,6,,,0.14,1.0
lec_degradation,51006,0.001254154136404395,base,normal,0.25,5,6,1.0,0.8192657232284546,,
mec_degradation,51006,0.001254154136404395,base,normal,0.25,5,6,,,0.14,1.0
lec_degradation,51006,0.001254154136404395,base,normal,0.25,6,6,1.0,0.7815251350402832,,
mec_degradation,51006,0.001254154136404395,base,normal,0.25,6,6,,,0.16,1.0
lec_degradation,51006,0.001254154136404395,base,normal,0.25,7,6,1.0,0.8031482100486755,,
mec_degradation,51006,0.001254154136404395,base,normal,0.25,7,6,,,0.18,1.0
lec_degradation,51006,0.001254154136404395,base,normal,0.25,8,6,1.0,0.8026390075683594,,
mec_degradation,51006,0.001254154136404395,base,normal,0.25,8,6,,,0.14,1.0
lec_degradation,51006,0.001254154136404395,base,normal,0.25,9,6,1.0,0.8042277693748474,,
mec_degradation,51006,0.001254154136404395,base,normal,0.25,9,6,,,0.14,1.0
lec_degradation,51006,0.001254154136404395,base,normal,0.25,10,6,1.0,0.7984436750411987,,
mec_degradation,51006,0.001254154136404395,base,normal,0.25,10,6,,,0.12,1.0
lec_degradation,51006,0.001254154136404395,base,normal,0.25,11,6,1.0,0.7983022928237915,,
mec_degradation,51006,0.001254154136404395,base,normal,0.25,11,6,,,0.14,1.0
lec_degradation,51006,0.001254154136404395,base,normal,0.5,0,12,1.0,0.8047048449516296,,
mec_degradation,51006,0.001254154136404395,base,normal,0.5,0,12,,,0.08,1.0
lec_degradation,51006,0.001254154136404395,base,normal,0.5,1,12,1.0,0.7884333729743958,,
mec_degradation,51006,0.001254154136404395,base,normal,0.5,1,12,,,0.1,1.0
lec_degradation,51006,0.001254154136404395,base,normal,0.5,2,12,1.0,0.8235427141189575,,
mec_degradation,51006,0.001254154136404395,base,normal,0.5,2,12,,,0.08,1.0
lec_degradation,51006,0.001254154136404395,base,normal,0.5,3,12,1.0,0.7967529892921448,,
mec_degradation,51006,0.001254154136404395,base,normal,0.5,3,12,,,0.06,1.0
lec_degradation,51006,0.001254154136404395,base,normal,0.5,4,12,1.0,0.8409234881401062,,
mec_degradation,51006,0.001254154136404395,base,normal,0.5,4,12,,,0.12,1.0
lec_degradation,51006,0.001254154136404395,base,normal,0.5,5,12,1.0,0.8081335425376892,,
mec_degradation,51006,0.001254154136404395,base,normal,0.5,5,12,,,0.1,1.0
lec_degradation,51006,0.001254154136404395,base,normal,0.5,6,12,1.0,0.7988256812095642,,
mec_degradation,51006,0.001254154136404395,base,normal,0.5,6,12,,,0.1,1.0
lec_degradation,51006,0.001254154136404395,base,normal,0.5,7,12,1.0,0.8238677978515625,,
mec_degradation,51006,0.001254154136404395,base,normal,0.5,7,12,,,0.1,1.0
lec_degradation,51006,0.001254154136404395,base,normal,0.5,8,12,1.0,0.8151412010192871,,
mec_degradation,51006,0.001254154136404395,base,normal,0.5,8,12,,,0.12,1.0
lec_degradation,51006,0.001254154136404395,base,normal,0.5,9,12,1.0,0.7994899153709412,,
mec_degradation,51006,0.001254154136404395,base,normal,0.5,9,12,,,0.12,1.0
lec_degradation,51006,0.001254154136404395,base,normal,0.5,10,12,1.0,0.7978066205978394,,
mec_degradation,51006,0.001254154136404395,base,normal,0.5,10,12,,,0.12,1.0
lec_degradation,51006,0.001254154136404395,base,normal,0.5,11,12,1.0,0.787656307220459,,
mec_degradation,51006,0.001254154136404395,base,normal,0.5,11,12,,,0.2,1.0
lec_degradation,51006,0.001254154136404395,base,normal,0.75,0,19,1.0,0.7965377569198608,,
mec_degradation,51006,0.001254154136404395,base,normal,0.75,0,19,,,0.06,1.0
lec_degradation,51006,0.001254154136404395,base,normal,0.75,1,19,1.0,0.8098303079605103,,
mec_degradation,51006,0.001254154136404395,base,normal,0.75,1,19,,,0.12,1.0
lec_degradation,51006,0.001254154136404395,base,normal,0.75,2,19,1.0,0.8172267079353333,,
mec_degradation,51006,0.001254154136404395,base,normal,0.75,2,19,,,0.08,1.0
lec_degradation,51006,0.001254154136404395,base,normal,0.75,3,19,1.0,0.7792587280273438,,
mec_degradation,51006,0.001254154136404395,base,normal,0.75,3,19,,,0.1,1.0
lec_degradation,51006,0.001254154136404395,base,normal,0.75,4,19,1.0,0.8085218071937561,,
mec_degradation,51006,0.001254154136404395,base,normal,0.75,4,19,,,0.08,1.0
lec_degradation,51006,0.001254154136404395,base,normal,0.75,5,19,1.0,0.8064820766448975,,
mec_degradation,51006,0.001254154136404395,base,normal,0.75,5,19,,,0.06,1.0
lec_degradation,51006,0.001254154136404395,base,normal,0.75,6,19,0.5,0.7761874198913574,,
mec_degradation,51006,0.001254154136404395,base,normal,0.75,6,19,,,0.06,1.0
lec_degradation,51006,0.001254154136404395,base,normal,0.75,7,19,0.5,0.7946234941482544,,
mec_degradation,51006,0.001254154136404395,base,normal,0.75,7,19,,,0.12,1.0
lec_degradation,51006,0.001254154136404395,base,normal,0.75,8,19,0.5,0.7539515495300293,,
mec_degradation,51006,0.001254154136404395,base,normal,0.75,8,19,,,0.08,1.0
lec_degradation,51006,0.001254154136404395,base,normal,0.75,9,19,1.0,0.8203938007354736,,
mec_degradation,51006,0.001254154136404395,base,normal,0.75,9,19,,,0.1,1.0
lec_degradation,51006,0.001254154136404395,base,normal,0.75,10,19,1.0,0.8079946041107178,,
mec_degradation,51006,0.001254154136404395,base,normal,0.75,10,19,,,0.12,1.0
lec_degradation,51006,0.001254154136404395,base,normal,0.75,11,19,1.0,0.8134902119636536,,
mec_degradation,51006,0.001254154136404395,base,normal,0.75,11,19,,,0.1,1.0
lec_degradation,51006,0.001254154136404395,base,normal,0.9,0,22,1.0,0.8174406290054321,,
mec_degradation,51006,0.001254154136404395,base,normal,0.9,0,22,,,0.06,1.0
lec_degradation,51006,0.001254154136404395,base,normal,0.9,1,22,0.5,0.7988345623016357,,
mec_degradation,51006,0.001254154136404395,base,normal,0.9,1,22,,,0.06,1.0
lec_degradation,51006,0.001254154136404395,base,normal,0.9,2,22,1.0,0.8116073608398438,,
mec_degradation,51006,0.001254154136404395,base,normal,0.9,2,22,,,0.06,1.0
lec_degradation,51006,0.001254154136404395,base,normal,0.9,3,22,1.0,0.8159242272377014,,
mec_degradation,51006,0.001254154136404395,base,normal,0.9,3,22,,,0.08,1.0
lec_degradation,51006,0.001254154136404395,base,normal,0.9,4,22,0.5,0.8014717102050781,,
mec_degradation,51006,0.001254154136404395,base,normal,0.9,4,22,,,0.06,1.0
lec_degradation,51006,0.001254154136404395,base,normal,0.9,5,22,1.0,0.8117355108261108,,
mec_degradation,51006,0.001254154136404395,base,normal,0.9,5,22,,,0.08,1.0
lec_degradation,51006,0.001254154136404395,base,normal,0.9,6,22,0.5,0.7549622058868408,,
mec_degradation,51006,0.001254154136404395,base,normal,0.9,6,22,,,0.06,1.0
lec_degradation,51006,0.001254154136404395,base,normal,0.9,7,22,1.0,0.7947523593902588,,
mec_degradation,51006,0.001254154136404395,base,normal,0.9,7,22,,,0.08,1.0
lec_degradation,51006,0.001254154136404395,base,normal,0.9,8,22,0.5,0.796083927154541,,
mec_degradation,51006,0.001254154136404395,base,normal,0.9,8,22,,,0.06,1.0
lec_degradation,51006,0.001254154136404395,base,normal,0.9,9,22,0.5,0.793834388256073,,
mec_degradation,51006,0.001254154136404395,base,normal,0.9,9,22,,,0.08,1.0
lec_degradation,51006,0.001254154136404395,base,normal,0.9,10,22,1.0,0.8271669149398804,,
mec_degradation,51006,0.001254154136404395,base,normal,0.9,10,22,,,0.1,1.0
lec_degradation,51006,0.001254154136404395,base,normal,0.9,11,22,1.0,0.8005290031433105,,
mec_degradation,51006,0.001254154136404395,base,normal,0.9,11,22,,,0.08,1.0
lec_degradation,51006,0.001254154136404395,base,dense,0.0,0,0,0.5,0.19722814857959747,,
mec_degradation,51006,0.001254154136404395,base,dense,0.0,0,0,,,0.02,0.5
lec_degradation,51006,0.001254154136404395,base,dense,0.0,1,0,0.5,0.19722814857959747,,
mec_degradation,51006,0.001254154136404395,base,dense,0.0,1,0,,,0.02,0.5
lec_degradation,51006,0.001254154136404395,base,dense,0.0,2,0,0.5,0.19722814857959747,,
mec_degradation,51006,0.001254154136404395,base,dense,0.0,2,0,,,0.02,0.5
lec_degradation,51006,0.001254154136404395,base,dense,0.0,3,0,0.5,0.19722814857959747,,
mec_degradation,51006,0.001254154136404395,base,dense,0.0,3,0,,,0.02,0.5
lec_degradation,51006,0.001254154136404395,base,dense,0.0,4,0,0.5,0.19722814857959747,,
mec_degradation,51006,0.001254154136404395,base,dense,0.0,4,0,,,0.02,0.5
lec_degradation,51006,0.001254154136404395,base,dense,0.0,5,0,0.5,0.19722814857959747,,
mec_degradation,51006,0.001254154136404395,base,dense,0.0,5,0,,,0.02,0.5
lec_degradation,51006,0.001254154136404395,base,dense,0.0,6,0,0.5,0.19722814857959747,,
mec_degradation,51006,0.001254154136404395,base,dense,0.0,6,0,,,0.02,0.5
lec_degradation,51006,0.001254154136404395,base,dense,0.0,7,0,0.5,0.19722814857959747,,
mec_degradation,51006,0.001254154136404395,base,dense,0.0,7,0,,,0.02,0.5
lec_degradation,51006,0.001254154136404395,base,dense,0.0,8,0,0.5,0.19722814857959747,,
mec_degradation,51006,0.001254154136404395,base,dense,0.0,8,0,,,0.02,0.5
lec_degradation,51006,0.001254154136404395,base,dense,0.0,9,0,0.5,0.19722814857959747,,
mec_degradation,51006,0.001254154136404395,base,dense,0.0,9,0,,,0.02,0.5
lec_degradation,51006,0.001254154136404395,base,dense,0.0,10,0,0.5,0.19722814857959747,,
mec_degradation,51006,0.001254154136404395,base,dense,0.0,10,0,,,0.02,0.5
lec_degradation,51006,0.001254154136404395,base,dense,0.0,11,0,0.5,0.19722814857959747,,
mec_degradation,51006,0.001254154136404395,base,dense,0.0,11,0,,,0.02,0.5
lec_degradation,51006,0.001254154136404395,base,dense,0.25,0,6,0.5,0.19722814857959747,,
mec_degradation,51006,0.001254154136404395,base,dense,0.25,0,6,,,0.02,0.5
lec_degradation,51006,0.001254154136404395,base,dense,0.25,1,6,0.5,0.19722814857959747,,
mec_degradation,51006,0.001254154136404395,base,dense,0.25,1,6,,,0.02,0.5
lec_degradation,51006,0.001254154136404395,base,dense,0.25,2,6,0.5,0.19722814857959747,,
mec_degradation,51006,0.001254154136404395,base,dense,0.25,2,6,,,0.02,0.5
lec_degradation,51006,0.001254154136404395,base,dense,0.25,3,6,0.5,0.19722814857959747,,
mec_degradation,51006,0.001254154136404395,base,dense,0.25,3,6,,,0.02,0.5
lec_degradation,51006,0.001254154136404395,base,dense,0.25,4,6,0.5,0.19722814857959747,,
mec_degradation,51006,0.001254154136404395,base,dense,0.25,4,6,,,0.02,0.5
lec_degradation,51006,0.001254154136404395,base,dense,0.25,5,6,0.5,0.19722814857959747,,
mec_degradation,51006,0.001254154136404395,base,dense,0.25,5,6,,,0.02,0.5
lec_degradation,51006,0.001254154136404395,base,dense,0.25,6,6,0.5,0.19722814857959747,,
mec_degradation,51006,0.001254154136404395,base,dense,0.25,6,6,,,0.02,0.5
lec_degradation,51006,0.001254154136404395,base,dense,0.25,7,6,0.5,0.19722814857959747,,
mec_degradation,51006,0.001254154136404395,base,dense,0.25,7,6,,,0.02,0.5
lec_degradation,51006,0.001254154136404395,base,dense,0.25,8,6,0.5,0.19722814857959747,,
mec_degradation,51006,0.001254154136404395,base,dense,0.25,8,6,,,0.02,0.5
lec_degradation,51006,0.001254154136404395,base,dense,0.25,9,6,0.5,0.19722814857959747,,
mec_degradation,51006,0.001254154136404395,base,dense,0.25,9,6,,,0.02,0.5
lec_degradation,51006,0.001254154136404395,base,dense,0.25,10,6,0.5,0.19722814857959747,,
mec_degradation,51006,0.001254154136404395,base,dense,0.25,10,6,,,0.02,0.5
lec_degradation,51006,0.001254154136404395,base,dense,0.25,11,6,0.5,0.19722814857959747,,
mec_degradation,51006,0.001254154136404395,base,dense,0.25,11,6,,,0.02,0.5
lec_degradation,51006,0.001254154136404395,base,dense,0.5,0,12,0.5,0.19722814857959747,,
mec_degradation,51006,0.001254154136404395,base,dense,0.5,0,12,,,0.02,0.5
lec_degradation,51006,0.001254154136404395,base,dense,0.5,1,12,0.5,0.19722814857959747,,
mec_degradation,51006,0.001254154136404395,base,dense,0.5,1,12,,,0.02,0.5
lec_degradation,51006,0.001254154136404395,base,dense,0.5,2,12,0.5,0.19722814857959747,,
mec_degradation,51006,0.001254154136404395,base,dense,0.5,2,12,,,0.02,0.5
lec_degradation,51006,0.001254154136404395,base,dense,0.5,3,12,0.5,0.19722814857959747,,
mec_degradation,51006,0.001254154136404395,base,dense,0.5,3,12,,,0.02,0.5
lec_degradation,51006,0.001254154136404395,base,dense,0.5,4,12,0.5,0.19722814857959747,,
mec_degradation,51006,0.001254154136404395,base,dense,0.5,4,12,,,0.02,0.5
lec_degradation,51006,0.001254154136404395,base,dense,0.5,5,12,0.5,0.19722814857959747,,
mec_degradation,51006,0.001254154136404395,base,dense,0.5,5,12,,,0.02,0.5
lec_degradation,51006,0.001254154136404395,base,dense,0.5,6,12,0.5,0.19722814857959747,,
mec_degradation,51006,0.001254154136404395,base,dense,0.5,6,12,,,0.02,0.5
lec_degradation,51006,0.001254154136404395,base,dense,0.5,7,12,0.5,0.19722814857959747,,
mec_degradation,51006,0.001254154136404395,base,dense,0.5,7,12,,,0.02,0.5
lec_degradation,51006,0.001254154136404395,base,dense,0.5,8,12,0.5,0.19722814857959747,,
mec_degradation,51006,0.001254154136404395,base,dense,0.5,8,12,,,0.02,0.5
lec_degradation,51006,0.001254154136404395,base,dense,0.5,9,12,0.5,0.19722814857959747,,
mec_degradation,51006,0.001254154136404395,base,dense,0.5,9,12,,,0.02,0.5
lec_degradation,51006,0.001254154136404395,base,dense,0.5,10,12,0.5,0.19722814857959747,,
mec_degradation,51006,0.001254154136404395,base,dense,0.5,10,12,,,0.02,0.5
lec_degradation,51006,0.001254154136404395,base,dense,0.5,11,12,0.5,0.19722814857959747,,
mec_degradation,51006,0.001254154136404395,base,dense,0.5,11,12,,,0.02,0.5
lec_degradation,51006,0.001254154136404395,base,dense,0.75,0,19,0.5,0.19722814857959747,,
mec_degradation,51006,0.001254154136404395,base,dense,0.75,0,19,,,0.02,0.5
lec_degradation,51006,0.001254154136404395,base,dense,0.75,1,19,0.5,0.19722814857959747,,
mec_degradation,51006,0.001254154136404395,base,dense,0.75,1,19,,,0.02,0.5
lec_degradation,51006,0.001254154136404395,base,dense,0.75,2,19,0.5,0.19722814857959747,,
mec_degradation,51006,0.001254154136404395,base,dense,0.75,2,19,,,0.02,0.5
lec_degradation,51006,0.001254154136404395,base,dense,0.75,3,19,0.5,0.19722814857959747,,
mec_degradation,51006,0.001254154136404395,base,dense,0.75,3,19,,,0.02,0.5
lec_degradation,51006,0.001254154136404395,base,dense,0.75,4,19,0.5,0.19722814857959747,,
mec_degradation,51006,0.001254154136404395,base,dense,0.75,4,19,,,0.02,0.5
lec_degradation,51006,0.001254154136404395,base,dense,0.75,5,19,0.5,0.19722814857959747,,
mec_degradation,51006,0.001254154136404395,base,dense,0.75,5,19,,,0.02,0.5
lec_degradation,51006,0.001254154136404395,base,dense,0.75,6,19,0.5,0.19722814857959747,,
mec_degradation,51006,0.001254154136404395,base,dense,0.75,6,19,,,0.02,0.5
lec_degradation,51006,0.001254154136404395,base,dense,0.75,7,19,0.5,0.19722814857959747,,
mec_degradation,51006,0.001254154136404395,base,dense,0.75,7,19,,,0.02,0.5
lec_degradation,51006,0.001254154136404395,base,dense,0.75,8,19,0.5,0.19722814857959747,,
mec_degradation,51006,0.001254154136404395,base,dense,0.75,8,19,,,0.02,0.5
lec_degradation,51006,0.001254154136404395,base,dense,0.75,9,19,0.5,0.19722814857959747,,
mec_degradation,51006,0.001254154136404395,base,dense,0.75,9,19,,,0.02,0.5
lec_degradation,51006,0.001254154136404395,base,dense,0.75,10,19,0.5,0.19722814857959747,,
mec_degradation,51006,0.001254154136404395,base,dense,0.75,10,19,,,0.02,0.5
lec_degradation,51006,0.001254154136404395,base,dense,0.75,11,19,0.5,0.19722814857959747,,
mec_degradation,51006,0.001254154136404395,base,dense,0.75,11,19,,,0.02,0.5
lec_degradation,51006,0.001254154136404395,base,dense,0.9,0,22,0.5,0.19722814857959747,,
mec_degradation,51006,0.001254154136404395,base,dense,0.9,0,22,,,0.02,0.5
lec_degradation,51006,0.001254154136404395,base,dense,0.9,1,22,0.5,0.19722814857959747,,
mec_degradation,51006,0.001254154136404395,base,dense,0.9,1,22,,,0.02,0.5
lec_degradation,51006,0.001254154136404395,base,dense,0.9,2,22,0.5,0.19722814857959747,,
mec_degradation,51006,0.001254154136404395,base,dense,0.9,2,22,,,0.02,0.5
lec_degradation,51006,0.001254154136404395,base,dense,0.9,3,22,0.5,0.19722814857959747,,
mec_degradation,51006,0.001254154136404395,base,dense,0.9,3,22,,,0.02,0.5
lec_degradation,51006,0.001254154136404395,base,dense,0.9,4,22,0.5,0.19722814857959747,,
mec_degradation,51006,0.001254154136404395,base,dense,0.9,4,22,,,0.02,0.5
lec_degradation,51006,0.001254154136404395,base,dense,0.9,5,22,0.5,0.19722814857959747,,
mec_degradation,51006,0.001254154136404395,base,dense,0.9,5,22,,,0.02,0.5
lec_degradation,51006,0.001254154136404395,base,dense,0.9,6,22,0.5,0.19722814857959747,,
mec_degradation,51006,0.001254154136404395,base,dense,0.9,6,22,,,0.02,0.5
lec_degradation,51006,0.001254154136404395,base,dense,0.9,7,22,0.5,0.19722814857959747,,
mec_degradation,51006,0.001254154136404395,base,dense,0.9,7,22,,,0.02,0.5
lec_degradation,51006,0.001254154136404395,base,dense,0.9,8,22,0.5,0.19722814857959747,,
mec_degradation,51006,0.001254154136404395,base,dense,0.9,8,22,,,0.02,0.5
lec_degradation,51006,0.001254154136404395,base,dense,0.9,9,22,0.5,0.19722814857959747,,
mec_degradation,51006,0.001254154136404395,base,dense,0.9,9,22,,,0.02,0.5
lec_degradation,51006,0.001254154136404395,base,dense,0.9,10,22,0.5,0.19722814857959747,,
mec_degradation,51006,0.001254154136404395,base,dense,0.9,10,22,,,0.02,0.5
lec_degradation,51006,0.001254154136404395,base,dense,0.9,11,22,0.5,0.19722814857959747,,
mec_degradation,51006,0.001254154136404395,base,dense,0.9,11,22,,,0.02,0.5
lec_degradation,51006,0.001254154136404395,err2,normal,0.0,0,0,1.0,0.9396983981132507,,
mec_degradation,51006,0.001254154136404395,err2,normal,0.0,0,0,,,0.8,1.0
lec_degradation,51006,0.001254154136404395,err2,normal,0.0,1,0,1.0,0.9396983981132507,,
mec_degradation,51006,0.001254154136404395,err2,normal,0.0,1,0,,,0.8,1.0
lec_degradation,51006,0.001254154136404395,err2,normal,0.0,2,0,1.0,0.9396983981132507,,
mec_degradation,51006,0.001254154136404395,err2,normal,0.0,2,0,,,0.8,1.0
lec_degradation,51006,0.001254154136404395,err2,normal,0.0,3,0,1.0,0.9396983981132507,,
mec_degradation,51006,0.001254154136404395,err2,normal,0.0,3,0,,,0.8,1.0
lec_degradation,51006,0.001254154136404395,err2,normal,0.0,4,0,1.0,0.9396983981132507,,
mec_degradation,51006,0.001254154136404395,err2,normal,0.0,4,0,,,0.8,1.0
lec_degradation,51006,0.001254154136404395,err2,normal,0.0,5,0,1.0,0.9396983981132507,,
mec_degradation,51006,0.001254154136404395,err2,normal,0.0,5,0,,,0.8,1.0
lec_degradation,51006,0.001254154136404395,err2,normal,0.0,6,0,1.0,0.9396983981132507,,
mec_degradation,51006,0.001254154136404395,err2,normal,0.0,6,0,,,0.8,1.0
lec_degradation,51006,0.001254154136404395,err2,normal,0.0,7,0,1.0,0.9396983981132507,,
mec_degradation,51006,0.001254154136404395,err2,normal,0.0,7,0,,,0.8,1.0
lec_degradation,51006,0.001254154136404395,err2,normal,0.0,8,0,1.0,0.9396983981132507,,
mec_degradation,51006,0.001254154136404395,err2,normal,0.0,8,0,,,0.8,1.0
lec_degradation,51006,0.001254154136404395,err2,normal,0.0,9,0,1.0,0.9396983981132507,,
mec_degradation,51006,0.001254154136404395,err2,normal,0.0,9,0,,,0.8,1.0
lec_degradation,51006,0.001254154136404395,err2,normal,0.0,10,0,1.0,0.9396983981132507,,
mec_degradation,51006,0.001254154136404395,err2,normal,0.0,10,0,,,0.8,1.0
lec_degradation,51006,0.001254154136404395,err2,normal,0.0,11,0,1.0,0.9396983981132507,,
mec_degradation,51006,0.001254154136404395,err2,normal,0.0,11,0,,,0.8,1.0
lec_degradation,51006,0.001254154136404395,err2,normal,0.25,0,6,1.0,0.8836684226989746,,
mec_degradation,51006,0.001254154136404395,err2,normal,0.25,0,6,,,0.54,1.0
lec_degradation,51006,0.001254154136404395,err2,normal,0.25,1,6,1.0,0.8675629496574402,,
mec_degradation,51006,0.001254154136404395,err2,normal,0.25,1,6,,,0.44,1.0
lec_degradation,51006,0.001254154136404395,err2,normal,0.25,2,6,1.0,0.8896623849868774,,
mec_degradation,51006,0.001254154136404395,err2,normal,0.25,2,6,,,0.42,1.0
lec_degradation,51006,0.001254154136404395,err2,normal,0.25,3,6,1.0,0.8419541716575623,,
mec_degradation,51006,0.001254154136404395,err2,normal,0.25,3,6,,,0.48,1.0
lec_degradation,51006,0.001254154136404395,err2,normal,0.25,4,6,1.0,0.8953354358673096,,
mec_degradation,51006,0.001254154136404395,err2,normal,0.25,4,6,,,0.6,1.0
lec_degradation,51006,0.001254154136404395,err2,normal,0.25,5,6,1.0,0.8492369651794434,,
mec_degradation,51006,0.001254154136404395,err2,normal,0.25,5,6,,,0.5,1.0
lec_degradation,51006,0.001254154136404395,err2,normal,0.25,6,6,1.0,0.8878847360610962,,
mec_degradation,51006,0.001254154136404395,err2,normal,0.25,6,6,,,0.42,1.0
lec_degradation,51006,0.001254154136404395,err2,normal,0.25,7,6,1.0,0.8795923590660095,,
mec_degradation,51006,0.001254154136404395,err2,normal,0.25,7,6,,,0.42,1.0
lec_degradation,51006,0.001254154136404395,err2,normal,0.25,8,6,1.0,0.8768613934516907,,
mec_degradation,51006,0.001254154136404395,err2,normal,0.25,8,6,,,0.48,1.0
lec_degradation,51006,0.001254154136404395,err2,normal,0.25,9,6,1.0,0.8890863656997681,,
mec_degradation,51006,0.001254154136404395,err2,normal,0.25,9,6,,,0.46,1.0
lec_degradation,51006,0.001254154136404395,err2,normal,0.25,10,6,1.0,0.7750402092933655,,
mec_degradation,51006,0.001254154136404395,err2,normal,0.25,10,6,,,0.5,1.0
lec_degradation,51006,0.001254154136404395,err2,normal,0.25,11,6,1.0,0.8837493658065796,,
mec_degradation,51006,0.001254154136404395,err2,normal,0.25,11,6,,,0.5,1.0
lec_degradation,51006,0.001254154136404395,err2,normal,0.5,0,12,1.0,0.8563564419746399,,
mec_degradation,51006,0.001254154136404395,err2,normal,0.5,0,12,,,0.14,1.0
lec_degradation,51006,0.001254154136404395,err2,normal,0.5,1,12,1.0,0.8342415690422058,,
mec_degradation,51006,0.001254154136404395,err2,normal,0.5,1,12,,,0.18,1.0
lec_degradation,51006,0.001254154136404395,err2,normal,0.5,2,12,1.0,0.8060566782951355,,
mec_degradation,51006,0.001254154136404395,err2,normal,0.5,2,12,,,0.28,1.0
lec_degradation,51006,0.001254154136404395,err2,normal,0.5,3,12,1.0,0.8651749491691589,,
mec_degradation,51006,0.001254154136404395,err2,normal,0.5,3,12,,,0.2,1.0
lec_degradation,51006,0.001254154136404395,err2,normal,0.5,4,12,1.0,0.8535724878311157,,
mec_degradation,51006,0.001254154136404395,err2,normal,0.5,4,12,,,0.38,1.0
lec_degradation,51006,0.001254154136404395,err2,normal,0.5,5,12,1.0,0.8286874294281006,,
mec_degradation,51006,0.001254154136404395,err2,normal,0.5,5,12,,,0.26,1.0
lec_degradation,51006,0.001254154136404395,err2,normal,0.5,6,12,1.0,0.8661968111991882,,
mec_degradation,51006,0.001254154136404395,err2,normal,0.5,6,12,,,0.18,1.0
lec_degradation,51006,0.001254154136404395,err2,normal,0.5,7,12,1.0,0.8376697301864624,,
mec_degradation,51006,0.001254154136404395,err2,normal,0.5,7,12,,,0.24,1.0
lec_degradation,51006,0.001254154136404395,err2,normal,0.5,8,12,1.0,0.8076572418212891,,
mec_degradation,51006,0.001254154136404395,err2,normal,0.5,8,12,,,0.22,1.0
lec_degradation,51006,0.001254154136404395,err2,normal,0.5,9,12,1.0,0.8461906909942627,,
mec_degradation,51006,0.001254154136404395,err2,normal,0.5,9,12,,,0.2,1.0
lec_degradation,51006,0.001254154136404395,err2,normal,0.5,10,12,1.0,0.8353244066238403,,
mec_degradation,51006,0.001254154136404395,err2,normal,0.5,10,12,,,0.18,1.0
lec_degradation,51006,0.001254154136404395,err2,normal,0.5,11,12,1.0,0.8012608885765076,,
mec_degradation,51006,0.001254154136404395,err2,normal,0.5,11,12,,,0.38,1.0
lec_degradation,51006,0.001254154136404395,err2,normal,0.75,0,19,0.5,0.7363408803939819,,
mec_degradation,51006,0.001254154136404395,err2,normal,0.75,0,19,,,0.08,1.0
lec_degradation,51006,0.001254154136404395,err2,normal,0.75,1,19,0.5,0.7069650888442993,,
mec_degradation,51006,0.001254154136404395,err2,normal,0.75,1,19,,,0.16,1.0
lec_degradation,51006,0.001254154136404395,err2,normal,0.75,2,19,1.0,0.8008995056152344,,
mec_degradation,51006,0.001254154136404395,err2,normal,0.75,2,19,,,0.18,1.0
lec_degradation,51006,0.001254154136404395,err2,normal,0.75,3,19,1.0,0.7907364368438721,,
mec_degradation,51006,0.001254154136404395,err2,normal,0.75,3,19,,,0.12,1.0
lec_degradation,51006,0.001254154136404395,err2,normal,0.75,4,19,1.0,0.7639325857162476,,
mec_degradation,51006,0.001254154136404395,err2,normal,0.75,4,19,,,0.1,1.0
lec_degradation,51006,0.001254154136404395,err2,normal,0.75,5,19,0.5,0.7778570055961609,,
mec_degradation,51006,0.001254154136404395,err2,normal,0.75,5,19,,,0.16,1.0
lec_degradation,51006,0.001254154136404395,err2,normal,0.75,6,19,0.5,0.7689603567123413,,
mec_degradation,51006,0.001254154136404395,err2,normal,0.75,6,19,,,0.1,1.0
lec_degradation,51006,0.001254154136404395,err2,normal,0.75,7,19,1.0,0.8084152936935425,,
mec_degradation,51006,0.001254154136404395,err2,normal,0.75,7,19,,,0.18,1.0
lec_degradation,51006,0.001254154136404395,err2,normal,0.75,8,19,1.0,0.7893760204315186,,
mec_degradation,51006,0.001254154136404395,err2,normal,0.75,8,19,,,0.14,1.0
lec_degradation,51006,0.001254154136404395,err2,normal,0.75,9,19,0.5,0.8486520648002625,,
mec_degradation,51006,0.001254154136404395,err2,normal,0.75,9,19,,,0.1,1.0
lec_degradation,51006,0.001254154136404395,err2,normal,0.75,10,19,1.0,0.7590793371200562,,
mec_degradation,51006,0.001254154136404395,err2,normal,0.75,10,19,,,0.18,1.0
lec_degradation,51006,0.001254154136404395,err2,normal,0.75,11,19,1.0,0.8177042603492737,,
mec_degradation,51006,0.001254154136404395,err2,normal,0.75,11,19,,,0.1,1.0
lec_degradation,51006,0.001254154136404395,err2,normal,0.9,0,22,0.5,0.7675760388374329,,
mec_degradation,51006,0.001254154136404395,err2,normal,0.9,0,22,,,0.12,1.0
lec_degradation,51006,0.001254154136404395,err2,normal,0.9,1,22,1.0,0.7800416350364685,,
mec_degradation,51006,0.001254154136404395,err2,normal,0.9,1,22,,,0.08,1.0
lec_degradation,51006,0.001254154136404395,err2,normal,0.9,2,22,1.0,0.8163269758224487,,
mec_degradation,51006,0.001254154136404395,err2,normal,0.9,2,22,,,0.08,1.0
lec_degradation,51006,0.001254154136404395,err2,normal,0.9,3,22,0.5,0.7845333218574524,,
mec_degradation,51006,0.001254154136404395,err2,normal,0.9,3,22,,,0.1,1.0
lec_degradation,51006,0.001254154136404395,err2,normal,0.9,4,22,0.5,0.8090316653251648,,
mec_degradation,51006,0.001254154136404395,err2,normal,0.9,4,22,,,0.06,1.0
lec_degradation,51006,0.001254154136404395,err2,normal,0.9,5,22,1.0,0.776642382144928,,
mec_degradation,51006,0.001254154136404395,err2,normal,0.9,5,22,,,0.08,1.0
lec_degradation,51006,0.001254154136404395,err2,normal,0.9,6,22,0.5,0.7478339672088623,,
mec_degradation,51006,0.001254154136404395,err2,normal,0.9,6,22,,,0.08,1.0
lec_degradation,51006,0.001254154136404395,err2,normal,0.9,7,22,1.0,0.7833376526832581,,
mec_degradation,51006,0.001254154136404395,err2,normal,0.9,7,22,,,0.08,1.0
lec_degradation,51006,0.001254154136404395,err2,normal,0.9,8,22,0.5,0.7841743230819702,,
mec_degradation,51006,0.001254154136404395,err2,normal,0.9,8,22,,,0.12,1.0
lec_degradation,51006,0.001254154136404395,err2,normal,0.9,9,22,0.5,0.7950523495674133,,
mec_degradation,51006,0.001254154136404395,err2,normal,0.9,9,22,,,0.1,1.0
lec_degradation,51006,0.001254154136404395,err2,normal,0.9,10,22,0.5,0.7576757073402405,,
mec_degradation,51006,0.001254154136404395,err2,normal,0.9,10,22,,,0.06,1.0
lec_degradation,51006,0.001254154136404395,err2,normal,0.9,11,22,0.5,0.8230333924293518,,
mec_degradation,51006,0.001254154136404395,err2,normal,0.9,11,22,,,0.08,1.0
lec_degradation,51006,0.001254154136404395,err2,dense,0.0,0,0,0.5,0.28892385959625244,,
mec_degradation,51006,0.001254154136404395,err2,dense,0.0,0,0,,,0.02,0.5
lec_degradation,51006,0.001254154136404395,err2,dense,0.0,1,0,0.5,0.28892385959625244,,
mec_degradation,51006,0.001254154136404395,err2,dense,0.0,1,0,,,0.02,0.5
lec_degradation,51006,0.001254154136404395,err2,dense,0.0,2,0,0.5,0.28892385959625244,,
mec_degradation,51006,0.001254154136404395,err2,dense,0.0,2,0,,,0.02,0.5
lec_degradation,51006,0.001254154136404395,err2,dense,0.0,3,0,0.5,0.28892385959625244,,
mec_degradation,51006,0.001254154136404395,err2,dense,0.0,3,0,,,0.02,0.5
lec_degradation,51006,0.001254154136404395,err2,dense,0.0,4,0,0.5,0.28892385959625244,,
mec_degradation,51006,0.001254154136404395,err2,dense,0.0,4,0,,,0.02,0.5
lec_degradation,51006,0.001254154136404395,err2,dense,0.0,5,0,0.5,0.28892385959625244,,
mec_degradation,51006,0.001254154136404395,err2,dense,0.0,5,0,,,0.02,0.5
lec_degradation,51006,0.001254154136404395,err2,dense,0.0,6,0,0.5,0.28892385959625244,,
mec_degradation,51006,0.001254154136404395,err2,dense,0.0,6,0,,,0.02,0.5
lec_degradation,51006,0.001254154136404395,err2,dense,0.0,7,0,0.5,0.28892385959625244,,
mec_degradation,51006,0.001254154136404395,err2,dense,0.0,7,0,,,0.02,0.5
lec_degradation,51006,0.001254154136404395,err2,dense,0.0,8,0,0.5,0.28892385959625244,,
mec_degradation,51006,0.001254154136404395,err2,dense,0.0,8,0,,,0.02,0.5
lec_degradation,51006,0.001254154136404395,err2,dense,0.0,9,0,0.5,0.28892385959625244,,
mec_degradation,51006,0.001254154136404395,err2,dense,0.0,9,0,,,0.02,0.5
lec_degradation,51006,0.001254154136404395,err2,dense,0.0,10,0,0.5,0.28892385959625244,,
mec_degradation,51006,0.001254154136404395,err2,dense,0.0,10,0,,,0.02,0.5
lec_degradation,51006,0.001254154136404395,err2,dense,0.0,11,0,0.5,0.28892385959625244,,
mec_degradation,51006,0.001254154136404395,err2,dense,0.0,11,0,,,0.02,0.5
lec_degradation,51006,0.001254154136404395,err2,dense,0.25,0,6,0.5,0.28892385959625244,,
mec_degradation,51006,0.001254154136404395,err2,dense,0.25,0,6,,,0.02,0.5
lec_degradation,51006,0.001254154136404395,err2,dense,0.25,1,6,0.5,0.28892385959625244,,
mec_degradation,51006,0.001254154136404395,err2,dense,0.25,1,6,,,0.02,0.5
lec_degradation,51006,0.001254154136404395,err2,dense,0.25,2,6,0.5,0.28892385959625244,,
mec_degradation,51006,0.001254154136404395,err2,dense,0.25,2,6,,,0.02,0.5
lec_degradation,51006,0.001254154136404395,err2,dense,0.25,3,6,0.5,0.28892385959625244,,
mec_degradation,51006,0.001254154136404395,err2,dense,0.25,3,6,,,0.02,0.5
lec_degradation,51006,0.001254154136404395,err2,dense,0.25,4,6,0.5,0.28892385959625244,,
mec_degradation,51006,0.001254154136404395,err2,dense,0.25,4,6,,,0.02,0.5
lec_degradation,51006,0.001254154136404395,err2,dense,0.25,5,6,0.5,0.28892385959625244,,
mec_degradation,51006,0.001254154136404395,err2,dense,0.25,5,6,,,0.02,0.5
lec_degradation,51006,0.001254154136404395,err2,dense,0.25,6,6,0.5,0.28892385959625244,,
mec_degradation,51006,0.001254154136404395,err2,dense,0.25,6,6,,,0.02,0.5
lec_degradation,51006,0.001254154136404395,err2,dense,0.25,7,6,0.5,0.28892385959625244,,
mec_degradation,51006,0.001254154136404395,err2,dense,0.25,7,6,,,0.02,0.5
lec_degradation,51006,0.001254154136404395,err2,dense,0.25,8,6,0.5,0.28892385959625244,,
mec_degradation,51006,0.001254154136404395,err2,dense,0.25,8,6,,,0.02,0.5
lec_degradation,51006,0.001254154136404395,err2,dense,0.25,9,6,0.5,0.28892385959625244,,
mec_degradation,51006,0.001254154136404395,err2,dense,0.25,9,6,,,0.02,0.5
lec_degradation,51006,0.001254154136404395,err2,dense,0.25,10,6,0.5,0.28892385959625244,,
mec_degradation,51006,0.001254154136404395,err2,dense,0.25,10,6,,,0.02,0.5
lec_degradation,51006,0.001254154136404395,err2,dense,0.25,11,6,0.5,0.28892385959625244,,
mec_degradation,51006,0.001254154136404395,err2,dense,0.25,11,6,,,0.02,0.5
lec_degradation,51006,0.001254154136404395,err2,dense,0.5,0,12,0.5,0.28892385959625244,,
mec_degradation,51006,0.001254154136404395,err2,dense,0.5,0,12,,,0.02,0.5
lec_degradation,51006,0.001254154136404395,err2,dense,0.5,1,12,0.5,0.28892385959625244,,
mec_degradation,51006,0.001254154136404395,err2,dense,0.5,1,12,,,0.02,0.5
lec_degradation,51006,0.001254154136404395,err2,dense,0.5,2,12,0.5,0.28892385959625244,,
mec_degradation,51006,0.001254154136404395,err2,dense,0.5,2,12,,,0.02,0.5
lec_degradation,51006,0.001254154136404395,err2,dense,0.5,3,12,0.5,0.28892385959625244,,
mec_degradation,51006,0.001254154136404395,err2,dense,0.5,3,12,,,0.02,0.5
lec_degradation,51006,0.001254154136404395,err2,dense,0.5,4,12,0.5,0.28892385959625244,,
mec_degradation,51006,0.001254154136404395,err2,dense,0.5,4,12,,,0.02,0.5
lec_degradation,51006,0.001254154136404395,err2,dense,0.5,5,12,0.5,0.28892385959625244,,
mec_degradation,51006,0.001254154136404395,err2,dense,0.5,5,12,,,0.02,0.5
lec_degradation,51006,0.001254154136404395,err2,dense,0.5,6,12,0.5,0.28892385959625244,,
mec_degradation,51006,0.001254154136404395,err2,dense,0.5,6,12,,,0.02,0.5
lec_degradation,51006,0.001254154136404395,err2,dense,0.5,7,12,0.5,0.28892385959625244,,
mec_degradation,51006,0.001254154136404395,err2,dense,0.5,7,12,,,0.02,0.5
lec_degradation,51006,0.001254154136404395,err2,dense,0.5,8,12,0.5,0.28892385959625244,,
mec_degradation,51006,0.001254154136404395,err2,dense,0.5,8,12,,,0.02,0.5
lec_degradation,51006,0.001254154136404395,err2,dense,0.5,9,12,0.5,0.28892385959625244,,
mec_degradation,51006,0.001254154136404395,err2,dense,0.5,9,12,,,0.02,0.5
lec_degradation,51006,0.001254154136404395,err2,dense,0.5,10,12,0.5,0.28892385959625244,,
mec_degradation,51006,0.001254154136404395,err2,dense,0.5,10,12,,,0.02,0.5
lec_degradation,51006,0.001254154136404395,err2,dense,0.5,11,12,0.5,0.28892385959625244,,
mec_degradation,51006,0.001254154136404395,err2,dense,0.5,11,12,,,0.02,0.5
lec_degradation,51006,0.001254154136404395,err2,dense,0.75,0,19,0.5,0.28892385959625244,,
mec_degradation,51006,0.001254154136404395,err2,dense,0.75,0,19,,,0.02,0.5
lec_degradation,51006,0.001254154136404395,err2,dense,0.75,1,19,0.5,0.28892385959625244,,
mec_degradation,51006,0.001254154136404395,err2,dense,0.75,1,19,,,0.02,0.5
lec_degradation,51006,0.001254154136404395,err2,dense,0.75,2,19,0.5,0.28892385959625244,,
mec_degradation,51006,0.001254154136404395,err2,dense,0.75,2,19,,,0.02,0.5
lec_degradation,51006,0.001254154136404395,err2,dense,0.75,3,19,0.5,0.28892385959625244,,
mec_degradation,51006,0.001254154136404395,err2,dense,0.75,3,19,,,0.02,0.5
lec_degradation,51006,0.001254154136404395,err2,dense,0.75,4,19,0.5,0.28892385959625244,,
mec_degradation,51006,0.001254154136404395,err2,dense,0.75,4,19,,,0.02,0.5
lec_degradation,51006,0.001254154136404395,err2,dense,0.75,5,19,0.5,0.28892385959625244,,
mec_degradation,51006,0.001254154136404395,err2,dense,0.75,5,19,,,0.02,0.5
lec_degradation,51006,0.001254154136404395,err2,dense,0.75,6,19,0.5,0.28892385959625244,,
mec_degradation,51006,0.001254154136404395,err2,dense,0.75,6,19,,,0.02,0.5
lec_degradation,51006,0.001254154136404395,err2,dense,0.75,7,19,0.5,0.28892385959625244,,
mec_degradation,51006,0.001254154136404395,err2,dense,0.75,7,19,,,0.02,0.5
lec_degradation,51006,0.001254154136404395,err2,dense,0.75,8,19,0.5,0.28892385959625244,,
mec_degradation,51006,0.001254154136404395,err2,dense,0.75,8,19,,,0.02,0.5
lec_degradation,51006,0.001254154136404395,err2,dense,0.75,9,19,0.5,0.28892385959625244,,
mec_degradation,51006,0.001254154136404395,err2,dense,0.75,9,19,,,0.02,0.5
lec_degradation,51006,0.001254154136404395,err2,dense,0.75,10,19,0.5,0.28892385959625244,,
mec_degradation,51006,0.001254154136404395,err2,dense,0.75,10,19,,,0.02,0.5
lec_degradation,51006,0.001254154136404395,err2,dense,0.75,11,19,0.5,0.28892385959625244,,
mec_degradation,51006,0.001254154136404395,err2,dense,0.75,11,19,,,0.02,0.5
lec_degradation,51006,0.001254154136404395,err2,dense,0.9,0,22,0.5,0.28892385959625244,,
mec_degradation,51006,0.001254154136404395,err2,dense,0.9,0,22,,,0.02,0.5
lec_degradation,51006,0.001254154136404395,err2,dense,0.9,1,22,0.5,0.28892385959625244,,
mec_degradation,51006,0.001254154136404395,err2,dense,0.9,1,22,,,0.02,0.5
lec_degradation,51006,0.001254154136404395,err2,dense,0.9,2,22,0.5,0.28892385959625244,,
mec_degradation,51006,0.001254154136404395,err2,dense,0.9,2,22,,,0.02,0.5
lec_degradation,51006,0.001254154136404395,err2,dense,0.9,3,22,0.5,0.28892385959625244,,
mec_degradation,51006,0.001254154136404395,err2,dense,0.9,3,22,,,0.02,0.5
lec_degradation,51006,0.001254154136404395,err2,dense,0.9,4,22,0.5,0.28892385959625244,,
mec_degradation,51006,0.001254154136404395,err2,dense,0.9,4,22,,,0.02,0.5
lec_degradation,51006,0.001254154136404395,err2,dense,0.9,5,22,0.5,0.28892385959625244,,
mec_degradation,51006,0.001254154136404395,err2,dense,0.9,5,22,,,0.02,0.5
lec_degradation,51006,0.001254154136404395,err2,dense,0.9,6,22,0.5,0.28892385959625244,,
mec_degradation,51006,0.001254154136404395,err2,dense,0.9,6,22,,,0.02,0.5
lec_degradation,51006,0.001254154136404395,err2,dense,0.9,7,22,0.5,0.28892385959625244,,
mec_degradation,51006,0.001254154136404395,err2,dense,0.9,7,22,,,0.02,0.5
lec_degradation,51006,0.001254154136404395,err2,dense,0.9,8,22,0.5,0.28892385959625244,,
mec_degradation,51006,0.001254154136404395,err2,dense,0.9,8,22,,,0.02,0.5
lec_degradation,51006,0.001254154136404395,err2,dense,0.9,9,22,0.5,0.28892385959625244,,
mec_degradation,51006,0.001254154136404395,err2,dense,0.9,9,22,,,0.02,0.5
lec_degradation,51006,0.001254154136404395,err2,dense,0.9,10,22,0.5,0.28892385959625244,,
mec_degradation,51006,0.001254154136404395,err2,dense,0.9,10,22,,,0.02,0.5
lec_degradation,51006,0.001254154136404395,err2,dense,0.9,11,22,0.5,0.28892385959625244,,
mec_degradation,51006,0.001254154136404395,err2,dense,0.9,11,22,,,0.02,0.5
lec_degradation,51007,0.0005152669036760926,base,normal,0.0,0,0,1.0,0.72722327709198,,
mec_degradation,51007,0.0005152669036760926,base,normal,0.0,0,0,,,0.16,1.0
lec_degradation,51007,0.0005152669036760926,base,normal,0.0,1,0,1.0,0.72722327709198,,
mec_degradation,51007,0.0005152669036760926,base,normal,0.0,1,0,,,0.16,1.0
lec_degradation,51007,0.0005152669036760926,base,normal,0.0,2,0,1.0,0.72722327709198,,
mec_degradation,51007,0.0005152669036760926,base,normal,0.0,2,0,,,0.16,1.0
lec_degradation,51007,0.0005152669036760926,base,normal,0.0,3,0,1.0,0.72722327709198,,
mec_degradation,51007,0.0005152669036760926,base,normal,0.0,3,0,,,0.16,1.0
lec_degradation,51007,0.0005152669036760926,base,normal,0.0,4,0,1.0,0.72722327709198,,
mec_degradation,51007,0.0005152669036760926,base,normal,0.0,4,0,,,0.16,1.0
lec_degradation,51007,0.0005152669036760926,base,normal,0.0,5,0,1.0,0.72722327709198,,
mec_degradation,51007,0.0005152669036760926,base,normal,0.0,5,0,,,0.16,1.0
lec_degradation,51007,0.0005152669036760926,base,normal,0.0,6,0,1.0,0.72722327709198,,
mec_degradation,51007,0.0005152669036760926,base,normal,0.0,6,0,,,0.16,1.0
lec_degradation,51007,0.0005152669036760926,base,normal,0.0,7,0,1.0,0.72722327709198,,
mec_degradation,51007,0.0005152669036760926,base,normal,0.0,7,0,,,0.16,1.0
lec_degradation,51007,0.0005152669036760926,base,normal,0.0,8,0,1.0,0.72722327709198,,
mec_degradation,51007,0.0005152669036760926,base,normal,0.0,8,0,,,0.16,1.0
lec_degradation,51007,0.0005152669036760926,base,normal,0.0,9,0,1.0,0.72722327709198,,
mec_degradation,51007,0.0005152669036760926,base,normal,0.0,9,0,,,0.16,1.0
lec_degradation,51007,0.0005152669036760926,base,normal,0.0,10,0,1.0,0.72722327709198,,
mec_degradation,51007,0.0005152669036760926,base,normal,0.0,10,0,,,0.16,1.0
lec_degradation,51007,0.0005152669036760926,base,normal,0.0,11,0,1.0,0.72722327709198,,
mec_degradation,51007,0.0005152669036760926,base,normal,0.0,11,0,,,0.16,1.0
lec_degradation,51007,0.0005152669036760926,base,normal,0.25,0,6,1.0,0.7420384883880615,,
mec_degradation,51007,0.0005152669036760926,base,normal,0.25,0,6,,,0.18,1.0
lec_degradation,51007,0.0005152669036760926,base,normal,0.25,1,6,1.0,0.7233928442001343,,
mec_degradation,51007,0.0005152669036760926,base,normal,0.25,1,6,,,0.16,1.0
lec_degradation,51007,0.0005152669036760926,base,normal,0.25,2,6,1.0,0.7292066216468811,,
mec_degradation,51007,0.0005152669036760926,base,normal,0.25,2,6,,,0.12,1.0
lec_degradation,51007,0.0005152669036760926,base,normal,0.25,3,6,1.0,0.7195727825164795,,
mec_degradation,51007,0.0005152669036760926,base,normal,0.25,3,6,,,0.16,1.0
lec_degradation,51007,0.0005152669036760926,base,normal,0.25,4,6,1.0,0.746060311794281,,
mec_degradation,51007,0.0005152669036760926,base,normal,0.25,4,6,,,0.18,1.0
lec_degradation,51007,0.0005152669036760926,base,normal,0.25,5,6,1.0,0.7396220564842224,,
mec_degradation,51007,0.0005152669036760926,base,normal,0.25,5,6,,,0.06,1.0
lec_degradation,51007,0.0005152669036760926,base,normal,0.25,6,6,1.0,0.7320405840873718,,
mec_degradation,51007,0.0005152669036760926,base,normal,0.25,6,6,,,0.12,1.0
lec_degradation,51007,0.0005152669036760926,base,normal,0.25,7,6,1.0,0.7533715963363647,,
mec_degradation,51007,0.0005152669036760926,base,normal,0.25,7,6,,,0.16,1.0
lec_degradation,51007,0.0005152669036760926,base,normal,0.25,8,6,1.0,0.7581210136413574,,
mec_degradation,51007,0.0005152669036760926,base,normal,0.25,8,6,,,0.1,1.0
lec_degradation,51007,0.0005152669036760926,base,normal,0.25,9,6,1.0,0.7592620849609375,,
mec_degradation,51007,0.0005152669036760926,base,normal,0.25,9,6,,,0.1,1.0
lec_degradation,51007,0.0005152669036760926,base,normal,0.25,10,6,1.0,0.7322378754615784,,
mec_degradation,51007,0.0005152669036760926,base,normal,0.25,10,6,,,0.16,1.0
lec_degradation,51007,0.0005152669036760926,base,normal,0.25,11,6,1.0,0.7506370544433594,,
mec_degradation,51007,0.0005152669036760926,base,normal,0.25,11,6,,,0.16,1.0
lec_degradation,51007,0.0005152669036760926,base,normal,0.5,0,12,1.0,0.7336496710777283,,
mec_degradation,51007,0.0005152669036760926,base,normal,0.5,0,12,,,0.1,1.0
lec_degradation,51007,0.0005152669036760926,base,normal,0.5,1,12,1.0,0.7198072671890259,,
mec_degradation,51007,0.0005152669036760926,base,normal,0.5,1,12,,,0.08,1.0
lec_degradation,51007,0.0005152669036760926,base,normal,0.5,2,12,1.0,0.7559367418289185,,
mec_degradation,51007,0.0005152669036760926,base,normal,0.5,2,12,,,0.12,1.0
lec_degradation,51007,0.0005152669036760926,base,normal,0.5,3,12,1.0,0.7634273767471313,,
mec_degradation,51007,0.0005152669036760926,base,normal,0.5,3,12,,,0.14,1.0
lec_degradation,51007,0.0005152669036760926,base,normal,0.5,4,12,1.0,0.7595745921134949,,
mec_degradation,51007,0.0005152669036760926,base,normal,0.5,4,12,,,0.1,1.0
lec_degradation,51007,0.0005152669036760926,base,normal,0.5,5,12,1.0,0.7298622727394104,,
mec_degradation,51007,0.0005152669036760926,base,normal,0.5,5,12,,,0.12,1.0
lec_degradation,51007,0.0005152669036760926,base,normal,0.5,6,12,1.0,0.743624210357666,,
mec_degradation,51007,0.0005152669036760926,base,normal,0.5,6,12,,,0.06,1.0
lec_degradation,51007,0.0005152669036760926,base,normal,0.5,7,12,1.0,0.7800266742706299,,
mec_degradation,51007,0.0005152669036760926,base,normal,0.5,7,12,,,0.12,1.0
lec_degradation,51007,0.0005152669036760926,base,normal,0.5,8,12,1.0,0.7529716491699219,,
mec_degradation,51007,0.0005152669036760926,base,normal,0.5,8,12,,,0.08,1.0
lec_degradation,51007,0.0005152669036760926,base,normal,0.5,9,12,1.0,0.737101137638092,,
mec_degradation,51007,0.0005152669036760926,base,normal,0.5,9,12,,,0.06,1.0
lec_degradation,51007,0.0005152669036760926,base,normal,0.5,10,12,1.0,0.765920877456665,,
mec_degradation,51007,0.0005152669036760926,base,normal,0.5,10,12,,,0.1,1.0
lec_degradation,51007,0.0005152669036760926,base,normal,0.5,11,12,1.0,0.7709872722625732,,
mec_degradation,51007,0.0005152669036760926,base,normal,0.5,11,12,,,0.1,1.0
lec_degradation,51007,0.0005152669036760926,base,normal,0.75,0,19,1.0,0.773080050945282,,
mec_degradation,51007,0.0005152669036760926,base,normal,0.75,0,19,,,0.1,1.0
lec_degradation,51007,0.0005152669036760926,base,normal,0.75,1,19,1.0,0.7288145422935486,,
mec_degradation,51007,0.0005152669036760926,base,normal,0.75,1,19,,,0.06,1.0
lec_degradation,51007,0.0005152669036760926,base,normal,0.75,2,19,1.0,0.7393739819526672,,
mec_degradation,51007,0.0005152669036760926,base,normal,0.75,2,19,,,0.08,1.0
lec_degradation,51007,0.0005152669036760926,base,normal,0.75,3,19,1.0,0.7711096405982971,,
mec_degradation,51007,0.0005152669036760926,base,normal,0.75,3,19,,,0.06,1.0
lec_degradation,51007,0.0005152669036760926,base,normal,0.75,4,19,0.5,0.7253578901290894,,
mec_degradation,51007,0.0005152669036760926,base,normal,0.75,4,19,,,0.08,1.0
lec_degradation,51007,0.0005152669036760926,base,normal,0.75,5,19,1.0,0.7653009295463562,,
mec_degradation,51007,0.0005152669036760926,base,normal,0.75,5,19,,,0.08,1.0
lec_degradation,51007,0.0005152669036760926,base,normal,0.75,6,19,1.0,0.7462661862373352,,
mec_degradation,51007,0.0005152669036760926,base,normal,0.75,6,19,,,0.08,1.0
lec_degradation,51007,0.0005152669036760926,base,normal,0.75,7,19,0.5,0.6601139307022095,,
mec_degradation,51007,0.0005152669036760926,base,normal,0.75,7,19,,,0.08,1.0
lec_degradation,51007,0.0005152669036760926,base,normal,0.75,8,19,0.5,0.5735152959823608,,
mec_degradation,51007,0.0005152669036760926,base,normal,0.75,8,19,,,0.08,1.0
lec_degradation,51007,0.0005152669036760926,base,normal,0.75,9,19,0.5,0.6563597917556763,,
mec_degradation,51007,0.0005152669036760926,base,normal,0.75,9,19,,,0.08,1.0
lec_degradation,51007,0.0005152669036760926,base,normal,0.75,10,19,1.0,0.6919453144073486,,
mec_degradation,51007,0.0005152669036760926,base,normal,0.75,10,19,,,0.1,1.0
lec_degradation,51007,0.0005152669036760926,base,normal,0.75,11,19,1.0,0.7675178050994873,,
mec_degradation,51007,0.0005152669036760926,base,normal,0.75,11,19,,,0.08,1.0
lec_degradation,51007,0.0005152669036760926,base,normal,0.9,0,22,0.5,0.7205052971839905,,
mec_degradation,51007,0.0005152669036760926,base,normal,0.9,0,22,,,0.08,1.0
lec_degradation,51007,0.0005152669036760926,base,normal,0.9,1,22,1.0,0.7578027248382568,,
mec_degradation,51007,0.0005152669036760926,base,normal,0.9,1,22,,,0.12,1.0
lec_degradation,51007,0.0005152669036760926,base,normal,0.9,2,22,0.5,0.7111349701881409,,
mec_degradation,51007,0.0005152669036760926,base,normal,0.9,2,22,,,0.06,1.0
lec_degradation,51007,0.0005152669036760926,base,normal,0.9,3,22,0.5,0.7451335191726685,,
mec_degradation,51007,0.0005152669036760926,base,normal,0.9,3,22,,,0.06,1.0
lec_degradation,51007,0.0005152669036760926,base,normal,0.9,4,22,0.5,0.7160058617591858,,
mec_degradation,51007,0.0005152669036760926,base,normal,0.9,4,22,,,0.06,1.0
lec_degradation,51007,0.0005152669036760926,base,normal,0.9,5,22,1.0,0.747378945350647,,
mec_degradation,51007,0.0005152669036760926,base,normal,0.9,5,22,,,0.08,1.0
lec_degradation,51007,0.0005152669036760926,base,normal,0.9,6,22,0.5,0.6803203821182251,,
mec_degradation,51007,0.0005152669036760926,base,normal,0.9,6,22,,,0.06,1.0
lec_degradation,51007,0.0005152669036760926,base,normal,0.9,7,22,1.0,0.7243543863296509,,
mec_degradation,51007,0.0005152669036760926,base,normal,0.9,7,22,,,0.06,1.0
lec_degradation,51007,0.0005152669036760926,base,normal,0.9,8,22,0.5,0.7035701274871826,,
mec_degradation,51007,0.0005152669036760926,base,normal,0.9,8,22,,,0.1,1.0
lec_degradation,51007,0.0005152669036760926,base,normal,0.9,9,22,1.0,0.7428274750709534,,
mec_degradation,51007,0.0005152669036760926,base,normal,0.9,9,22,,,0.08,1.0
lec_degradation,51007,0.0005152669036760926,base,normal,0.9,10,22,0.5,0.7047723531723022,,
mec_degradation,51007,0.0005152669036760926,base,normal,0.9,10,22,,,0.08,1.0
lec_degradation,51007,0.0005152669036760926,base,normal,0.9,11,22,1.0,0.7455635070800781,,
mec_degradation,51007,0.0005152669036760926,base,normal,0.9,11,22,,,0.08,1.0
lec_degradation,51007,0.0005152669036760926,base,dense,0.0,0,0,0.5,0.1455869972705841,,
mec_degradation,51007,0.0005152669036760926,base,dense,0.0,0,0,,,0.02,0.5
lec_degradation,51007,0.0005152669036760926,base,dense,0.0,1,0,0.5,0.1455869972705841,,
mec_degradation,51007,0.0005152669036760926,base,dense,0.0,1,0,,,0.02,0.5
lec_degradation,51007,0.0005152669036760926,base,dense,0.0,2,0,0.5,0.1455869972705841,,
mec_degradation,51007,0.0005152669036760926,base,dense,0.0,2,0,,,0.02,0.5
lec_degradation,51007,0.0005152669036760926,base,dense,0.0,3,0,0.5,0.1455869972705841,,
mec_degradation,51007,0.0005152669036760926,base,dense,0.0,3,0,,,0.02,0.5
lec_degradation,51007,0.0005152669036760926,base,dense,0.0,4,0,0.5,0.1455869972705841,,
mec_degradation,51007,0.0005152669036760926,base,dense,0.0,4,0,,,0.02,0.5
lec_degradation,51007,0.0005152669036760926,base,dense,0.0,5,0,0.5,0.1455869972705841,,
mec_degradation,51007,0.0005152669036760926,base,dense,0.0,5,0,,,0.02,0.5
lec_degradation,51007,0.0005152669036760926,base,dense,0.0,6,0,0.5,0.1455869972705841,,
mec_degradation,51007,0.0005152669036760926,base,dense,0.0,6,0,,,0.02,0.5
lec_degradation,51007,0.0005152669036760926,base,dense,0.0,7,0,0.5,0.1455869972705841,,
mec_degradation,51007,0.0005152669036760926,base,dense,0.0,7,0,,,0.02,0.5
lec_degradation,51007,0.0005152669036760926,base,dense,0.0,8,0,0.5,0.1455869972705841,,
mec_degradation,51007,0.0005152669036760926,base,dense,0.0,8,0,,,0.02,0.5
lec_degradation,51007,0.0005152669036760926,base,dense,0.0,9,0,0.5,0.1455869972705841,,
mec_degradation,51007,0.0005152669036760926,base,dense,0.0,9,0,,,0.02,0.5
lec_degradation,51007,0.0005152669036760926,base,dense,0.0,10,0,0.5,0.1455869972705841,,
mec_degradation,51007,0.0005152669036760926,base,dense,0.0,10,0,,,0.02,0.5
lec_degradation,51007,0.0005152669036760926,base,dense,0.0,11,0,0.5,0.1455869972705841,,
mec_degradation,51007,0.0005152669036760926,base,dense,0.0,11,0,,,0.02,0.5
lec_degradation,51007,0.0005152669036760926,base,dense,0.25,0,6,0.5,0.1455869972705841,,
mec_degradation,51007,0.0005152669036760926,base,dense,0.25,0,6,,,0.02,0.5
lec_degradation,51007,0.0005152669036760926,base,dense,0.25,1,6,0.5,0.1455869972705841,,
mec_degradation,51007,0.0005152669036760926,base,dense,0.25,1,6,,,0.02,0.5
lec_degradation,51007,0.0005152669036760926,base,dense,0.25,2,6,0.5,0.1455869972705841,,
mec_degradation,51007,0.0005152669036760926,base,dense,0.25,2,6,,,0.02,0.5
lec_degradation,51007,0.0005152669036760926,base,dense,0.25,3,6,0.5,0.1455869972705841,,
mec_degradation,51007,0.0005152669036760926,base,dense,0.25,3,6,,,0.02,0.5
lec_degradation,51007,0.0005152669036760926,base,dense,0.25,4,6,0.5,0.1455869972705841,,
mec_degradation,51007,0.0005152669036760926,base,dense,0.25,4,6,,,0.02,0.5
lec_degradation,51007,0.0005152669036760926,base,dense,0.25,5,6,0.5,0.1455869972705841,,
mec_degradation,51007,0.0005152669036760926,base,dense,0.25,5,6,,,0.02,0.5
lec_degradation,51007,0.0005152669036760926,base,dense,0.25,6,6,0.5,0.1455869972705841,,
mec_degradation,51007,0.0005152669036760926,base,dense,0.25,6,6,,,0.02,0.5
lec_degradation,51007,0.0005152669036760926,base,dense,0.25,7,6,0.5,0.1455869972705841,,
mec_degradation,51007,0.0005152669036760926,base,dense,0.25,7,6,,,0.02,0.5
lec_degradation,51007,0.0005152669036760926,base,dense,0.25,8,6,0.5,0.1455869972705841,,
mec_degradation,51007,0.0005152669036760926,base,dense,0.25,8,6,,,0.02,0.5
lec_degradation,51007,0.0005152669036760926,base,dense,0.25,9,6,0.5,0.1455869972705841,,
mec_degradation,51007,0.0005152669036760926,base,dense,0.25,9,6,,,0.02,0.5
lec_degradation,51007,0.0005152669036760926,base,dense,0.25,10,6,0.5,0.1455869972705841,,
mec_degradation,51007,0.0005152669036760926,base,dense,0.25,10,6,,,0.02,0.5
lec_degradation,51007,0.0005152669036760926,base,dense,0.25,11,6,0.5,0.1455869972705841,,
mec_degradation,51007,0.0005152669036760926,base,dense,0.25,11,6,,,0.02,0.5
lec_degradation,51007,0.0005152669036760926,base,dense,0.5,0,12,0.5,0.1455869972705841,,
mec_degradation,51007,0.0005152669036760926,base,dense,0.5,0,12,,,0.02,0.5
lec_degradation,51007,0.0005152669036760926,base,dense,0.5,1,12,0.5,0.1455869972705841,,
mec_degradation,51007,0.0005152669036760926,base,dense,0.5,1,12,,,0.02,0.5
lec_degradation,51007,0.0005152669036760926,base,dense,0.5,2,12,0.5,0.1455869972705841,,
mec_degradation,51007,0.0005152669036760926,base,dense,0.5,2,12,,,0.02,0.5
lec_degradation,51007,0.0005152669036760926,base,dense,0.5,3,12,0.5,0.1455869972705841,,
mec_degradation,51007,0.0005152669036760926,base,dense,0.5,3,12,,,0.02,0.5
lec_degradation,51007,0.0005152669036760926,base,dense,0.5,4,12,0.5,0.1455869972705841,,
mec_degradation,51007,0.0005152669036760926,base,dense,0.5,4,12,,,0.02,0.5
lec_degradation,51007,0.0005152669036760926,base,dense,0.5,5,12,0.5,0.1455869972705841,,
mec_degradation,51007,0.0005152669036760926,base,dense,0.5,5,12,,,0.02,0.5
lec_degradation,51007,0.0005152669036760926,base,dense,0.5,6,12,0.5,0.1455869972705841,,
mec_degradation,51007,0.0005152669036760926,base,dense,0.5,6,12,,,0.02,0.5
lec_degradation,51007,0.0005152669036760926,base,dense,0.5,7,12,0.5,0.1455869972705841,,
mec_degradation,51007,0.0005152669036760926,base,dense,0.5,7,12,,,0.02,0.5
lec_degradation,51007,0.0005152669036760926,base,dense,0.5,8,12,0.5,0.1455869972705841,,
mec_degradation,51007,0.0005152669036760926,base,dense,0.5,8,12,,,0.02,0.5
lec_degradation,51007,0.0005152669036760926,base,dense,0.5,9,12,0.5,0.1455869972705841,,
mec_degradation,51007,0.0005152669036760926,base,dense,0.5,9,12,,,0.02,0.5
lec_degradation,51007,0.0005152669036760926,base,dense,0.5,10,12,0.5,0.1455869972705841,,
mec_degradation,51007,0.0005152669036760926,base,dense,0.5,10,12,,,0.02,0.5
lec_degradation,51007,0.0005152669036760926,base,dense,0.5,11,12,0.5,0.1455869972705841,,
mec_degradation,51007,0.0005152669036760926,base,dense,0.5,11,12,,,0.02,0.5
lec_degradation,51007,0.0005152669036760926,base,dense,0.75,0,19,0.5,0.1455869972705841,,
mec_degradation,51007,0.0005152669036760926,base,dense,0.75,0,19,,,0.02,0.5
lec_degradation,51007,0.0005152669036760926,base,dense,0.75,1,19,0.5,0.1455869972705841,,
mec_degradation,51007,0.0005152669036760926,base,dense,0.75,1,19,,,0.02,0.5
lec_degradation,51007,0.0005152669036760926,base,dense,0.75,2,19,0.5,0.1455869972705841,,
mec_degradation,51007,0.0005152669036760926,base,dense,0.75,2,19,,,0.02,0.5
lec_degradation,51007,0.0005152669036760926,base,dense,0.75,3,19,0.5,0.1455869972705841,,
mec_degradation,51007,0.0005152669036760926,base,dense,0.75,3,19,,,0.02,0.5
lec_degradation,51007,0.0005152669036760926,base,dense,0.75,4,19,0.5,0.1455869972705841,,
mec_degradation,51007,0.0005152669036760926,base,dense,0.75,4,19,,,0.02,0.5
lec_degradation,51007,0.0005152669036760926,base,dense,0.75,5,19,0.5,0.1455869972705841,,
mec_degradation,51007,0.0005152669036760926,base,dense,0.75,5,19,,,0.02,0.5
lec_degradation,51007,0.0005152669036760926,base,dense,0.75,6,19,0.5,0.1455869972705841,,
mec_degradation,51007,0.0005152669036760926,base,dense,0.75,6,19,,,0.02,0.5
lec_degradation,51007,0.0005152669036760926,base,dense,0.75,7,19,0.5,0.1455869972705841,,
mec_degradation,51007,0.0005152669036760926,base,dense,0.75,7,19,,,0.02,0.5
lec_degradation,51007,0.0005152669036760926,base,dense,0.75,8,19,0.5,0.1455869972705841,,
mec_degradation,51007,0.0005152669036760926,base,dense,0.75,8,19,,,0.02,0.5
lec_degradation,51007,0.0005152669036760926,base,dense,0.75,9,19,0.5,0.1455869972705841,,
mec_degradation,51007,0.0005152669036760926,base,dense,0.75,9,19,,,0.02,0.5
lec_degradation,51007,0.0005152669036760926,base,dense,0.75,10,19,0.5,0.1455869972705841,,
mec_degradation,51007,0.0005152669036760926,base,dense,0.75,10,19,,,0.02,0.5
lec_degradation,51007,0.0005152669036760926,base,dense,0.75,11,19,0.5,0.1455869972705841,,
mec_degradation,51007,0.0005152669036760926,base,dense,0.75,11,19,,,0.02,0.5
lec_degradation,51007,0.0005152669036760926,base,dense,0.9,0,22,0.5,0.1455869972705841,,
mec_degradation,51007,0.0005152669036760926,base,dense,0.9,0,22,,,0.02,0.5
lec_degradation,51007,0.0005152669036760926,base,dense,0.9,1,22,0.5,0.1455869972705841,,
mec_degradation,51007,0.0005152669036760926,base,dense,0.9,1,22,,,0.02,0.5
lec_degradation,51007,0.0005152669036760926,base,dense,0.9,2,22,0.5,0.1455869972705841,,
mec_degradation,51007,0.0005152669036760926,base,dense,0.9,2,22,,,0.02,0.5
lec_degradation,51007,0.0005152669036760926,base,dense,0.9,3,22,0.5,0.1455869972705841,,
mec_degradation,51007,0.0005152669036760926,base,dense,0.9,3,22,,,0.02,0.5
lec_degradation,51007,0.0005152669036760926,base,dense,0.9,4,22,0.5,0.1455869972705841,,
mec_degradation,51007,0.0005152669036760926,base,dense,0.9,4,22,,,0.02,0.5
lec_degradation,51007,0.0005152669036760926,base,dense,0.9,5,22,0.5,0.1455869972705841,,
mec_degradation,51007,0.0005152669036760926,base,dense,0.9,5,22,,,0.02,0.5
lec_degradation,51007,0.0005152669036760926,base,dense,0.9,6,22,0.5,0.1455869972705841,,
mec_degradation,51007,0.0005152669036760926,base,dense,0.9,6,22,,,0.02,0.5
lec_degradation,51007,0.0005152669036760926,base,dense,0.9,7,22,0.5,0.1455869972705841,,
mec_degradation,51007,0.0005152669036760926,base,dense,0.9,7,22,,,0.02,0.5
lec_degradation,51007,0.0005152669036760926,base,dense,0.9,8,22,0.5,0.1455869972705841,,
mec_degradation,51007,0.0005152669036760926,base,dense,0.9,8,22,,,0.02,0.5
lec_degradation,51007,0.0005152669036760926,base,dense,0.9,9,22,0.5,0.1455869972705841,,
mec_degradation,51007,0.0005152669036760926,base,dense,0.9,9,22,,,0.02,0.5
lec_degradation,51007,0.0005152669036760926,base,dense,0.9,10,22,0.5,0.1455869972705841,,
mec_degradation,51007,0.0005152669036760926,base,dense,0.9,10,22,,,0.02,0.5
lec_degradation,51007,0.0005152669036760926,base,dense,0.9,11,22,0.5,0.1455869972705841,,
mec_degradation,51007,0.0005152669036760926,base,dense,0.9,11,22,,,0.02,0.5
lec_degradation,51007,0.0005152669036760926,err2,normal,0.0,0,0,1.0,0.8868301510810852,,
mec_degradation,51007,0.0005152669036760926,err2,normal,0.0,0,0,,,0.72,1.0
lec_degradation,51007,0.0005152669036760926,err2,normal,0.0,1,0,1.0,0.8868301510810852,,
mec_degradation,51007,0.0005152669036760926,err2,normal,0.0,1,0,,,0.72,1.0
lec_degradation,51007,0.0005152669036760926,err2,normal,0.0,2,0,1.0,0.8868301510810852,,
mec_degradation,51007,0.0005152669036760926,err2,normal,0.0,2,0,,,0.72,1.0
lec_degradation,51007,0.0005152669036760926,err2,normal,0.0,3,0,1.0,0.8868301510810852,,
mec_degradation,51007,0.0005152669036760926,err2,normal,0.0,3,0,,,0.72,1.0
lec_degradation,51007,0.0005152669036760926,err2,normal,0.0,4,0,1.0,0.8868301510810852,,
mec_degradation,51007,0.0005152669036760926,err2,normal,0.0,4,0,,,0.72,1.0
lec_degradation,51007,0.0005152669036760926,err2,normal,0.0,5,0,1.0,0.8868301510810852,,
mec_degradation,51007,0.0005152669036760926,err2,normal,0.0,5,0,,,0.72,1.0
lec_degradation,51007,0.0005152669036760926,err2,normal,0.0,6,0,1.0,0.8868301510810852,,
mec_degradation,51007,0.0005152669036760926,err2,normal,0.0,6,0,,,0.72,1.0
lec_degradation,51007,0.0005152669036760926,err2,normal,0.0,7,0,1.0,0.8868301510810852,,
mec_degradation,51007,0.0005152669036760926,err2,normal,0.0,7,0,,,0.72,1.0
lec_degradation,51007,0.0005152669036760926,err2,normal,0.0,8,0,1.0,0.8868301510810852,,
mec_degradation,51007,0.0005152669036760926,err2,normal,0.0,8,0,,,0.72,1.0
lec_degradation,51007,0.0005152669036760926,err2,normal,0.0,9,0,1.0,0.8868301510810852,,
mec_degradation,51007,0.0005152669036760926,err2,normal,0.0,9,0,,,0.72,1.0
lec_degradation,51007,0.0005152669036760926,err2,normal,0.0,10,0,1.0,0.8868301510810852,,
mec_degradation,51007,0.0005152669036760926,err2,normal,0.0,10,0,,,0.72,1.0
lec_degradation,51007,0.0005152669036760926,err2,normal,0.0,11,0,1.0,0.8868301510810852,,
mec_degradation,51007,0.0005152669036760926,err2,normal,0.0,11,0,,,0.72,1.0
lec_degradation,51007,0.0005152669036760926,err2,normal,0.25,0,6,1.0,0.7998472452163696,,
mec_degradation,51007,0.0005152669036760926,err2,normal,0.25,0,6,,,0.48,1.0
lec_degradation,51007,0.0005152669036760926,err2,normal,0.25,1,6,1.0,0.868296205997467,,
mec_degradation,51007,0.0005152669036760926,err2,normal,0.25,1,6,,,0.44,1.0
lec_degradation,51007,0.0005152669036760926,err2,normal,0.25,2,6,1.0,0.8505756258964539,,
mec_degradation,51007,0.0005152669036760926,err2,normal,0.25,2,6,,,0.48,1.0
lec_degradation,51007,0.0005152669036760926,err2,normal,0.25,3,6,1.0,0.8174353241920471,,
mec_degradation,51007,0.0005152669036760926,err2,normal,0.25,3,6,,,0.46,1.0
lec_degradation,51007,0.0005152669036760926,err2,normal,0.25,4,6,1.0,0.8457655310630798,,
mec_degradation,51007,0.0005152669036760926,err2,normal,0.25,4,6,,,0.52,1.0
lec_degradation,51007,0.0005152669036760926,err2,normal,0.25,5,6,1.0,0.8510246276855469,,
mec_degradation,51007,0.0005152669036760926,err2,normal,0.25,5,6,,,0.52,1.0
lec_degradation,51007,0.0005152669036760926,err2,normal,0.25,6,6,1.0,0.8536385893821716,,
mec_degradation,51007,0.0005152669036760926,err2,normal,0.25,6,6,,,0.42,1.0
lec_degradation,51007,0.0005152669036760926,err2,normal,0.25,7,6,1.0,0.8129364252090454,,
mec_degradation,51007,0.0005152669036760926,err2,normal,0.25,7,6,,,0.42,1.0
lec_degradation,51007,0.0005152669036760926,err2,normal,0.25,8,6,1.0,0.8580641746520996,,
mec_degradation,51007,0.0005152669036760926,err2,normal,0.25,8,6,,,0.48,1.0
lec_degradation,51007,0.0005152669036760926,err2,normal,0.25,9,6,1.0,0.8524350523948669,,
mec_degradation,51007,0.0005152669036760926,err2,normal,0.25,9,6,,,0.44,1.0
lec_degradation,51007,0.0005152669036760926,err2,normal,0.25,10,6,1.0,0.8465358018875122,,
mec_degradation,51007,0.0005152669036760926,err2,normal,0.25,10,6,,,0.46,1.0
lec_degradation,51007,0.0005152669036760926,err2,normal,0.25,11,6,0.5,0.8162691593170166,,
mec_degradation,51007,0.0005152669036760926,err2,normal,0.25,11,6,,,0.42,1.0
lec_degradation,51007,0.0005152669036760926,err2,normal,0.5,0,12,1.0,0.8066836595535278,,
mec_degradation,51007,0.0005152669036760926,err2,normal,0.5,0,12,,,0.34,1.0
lec_degradation,51007,0.0005152669036760926,err2,normal,0.5,1,12,1.0,0.763792097568512,,
mec_degradation,51007,0.0005152669036760926,err2,normal,0.5,1,12,,,0.22,1.0
lec_degradation,51007,0.0005152669036760926,err2,normal,0.5,2,12,1.0,0.8035475015640259,,
mec_degradation,51007,0.0005152669036760926,err2,normal,0.5,2,12,,,0.24,1.0
lec_degradation,51007,0.0005152669036760926,err2,normal,0.5,3,12,1.0,0.79156893491745,,
mec_degradation,51007,0.0005152669036760926,err2,normal,0.5,3,12,,,0.18,1.0
lec_degradation,51007,0.0005152669036760926,err2,normal,0.5,4,12,1.0,0.7668435573577881,,
mec_degradation,51007,0.0005152669036760926,err2,normal,0.5,4,12,,,0.12,1.0
lec_degradation,51007,0.0005152669036760926,err2,normal,0.5,5,12,1.0,0.7974684834480286,,
mec_degradation,51007,0.0005152669036760926,err2,normal,0.5,5,12,,,0.2,1.0
lec_degradation,51007,0.0005152669036760926,err2,normal,0.5,6,12,1.0,0.8039857745170593,,
mec_degradation,51007,0.0005152669036760926,err2,normal,0.5,6,12,,,0.16,1.0
lec_degradation,51007,0.0005152669036760926,err2,normal,0.5,7,12,1.0,0.803687572479248,,
mec_degradation,51007,0.0005152669036760926,err2,normal,0.5,7,12,,,0.28,1.0
lec_degradation,51007,0.0005152669036760926,err2,normal,0.5,8,12,1.0,0.7846015691757202,,
mec_degradation,51007,0.0005152669036760926,err2,normal,0.5,8,12,,,0.24,1.0
lec_degradation,51007,0.0005152669036760926,err2,normal,0.5,9,12,1.0,0.7688632011413574,,
mec_degradation,51007,0.0005152669036760926,err2,normal,0.5,9,12,,,0.24,1.0
lec_degradation,51007,0.0005152669036760926,err2,normal,0.5,10,12,1.0,0.7806527018547058,,
mec_degradation,51007,0.0005152669036760926,err2,normal,0.5,10,12,,,0.32,1.0
lec_degradation,51007,0.0005152669036760926,err2,normal,0.5,11,12,1.0,0.7950749397277832,,
mec_degradation,51007,0.0005152669036760926,err2,normal,0.5,11,12,,,0.26,1.0
lec_degradation,51007,0.0005152669036760926,err2,normal,0.75,0,19,1.0,0.8133491277694702,,
mec_degradation,51007,0.0005152669036760926,err2,normal,0.75,0,19,,,0.08,1.0
lec_degradation,51007,0.0005152669036760926,err2,normal,0.75,1,19,0.5,0.8065683245658875,,
mec_degradation,51007,0.0005152669036760926,err2,normal,0.75,1,19,,,0.04,1.0
lec_degradation,51007,0.0005152669036760926,err2,normal,0.75,2,19,1.0,0.8048392534255981,,
mec_degradation,51007,0.0005152669036760926,err2,normal,0.75,2,19,,,0.12,1.0
lec_degradation,51007,0.0005152669036760926,err2,normal,0.75,3,19,1.0,0.7885770201683044,,
mec_degradation,51007,0.0005152669036760926,err2,normal,0.75,3,19,,,0.04,1.0
lec_degradation,51007,0.0005152669036760926,err2,normal,0.75,4,19,1.0,0.7906930446624756,,
mec_degradation,51007,0.0005152669036760926,err2,normal,0.75,4,19,,,0.08,1.0
lec_degradation,51007,0.0005152669036760926,err2,normal,0.75,5,19,1.0,0.8105738759040833,,
mec_degradation,51007,0.0005152669036760926,err2,normal,0.75,5,19,,,0.06,1.0
lec_degradation,51007,0.0005152669036760926,err2,normal,0.75,6,19,1.0,0.7623791694641113,,
mec_degradation,51007,0.0005152669036760926,err2,normal,0.75,6,19,,,0.1,1.0
lec_degradation,51007,0.0005152669036760926,err2,normal,0.75,7,19,1.0,0.8115307688713074,,
mec_degradation,51007,0.0005152669036760926,err2,normal,0.75,7,19,,,0.06,1.0
lec_degradation,51007,0.0005152669036760926,err2,normal,0.75,8,19,1.0,0.7785099148750305,,
mec_degradation,51007,0.0005152669036760926,err2,normal,0.75,8,19,,,0.2,1.0
lec_degradation,51007,0.0005152669036760926,err2,normal,0.75,9,19,1.0,0.7519433498382568,,
mec_degradation,51007,0.0005152669036760926,err2,normal,0.75,9,19,,,0.06,1.0
lec_degradation,51007,0.0005152669036760926,err2,normal,0.75,10,19,1.0,0.7456420063972473,,
mec_degradation,51007,0.0005152669036760926,err2,normal,0.75,10,19,,,0.1,1.0
lec_degradation,51007,0.0005152669036760926,err2,normal,0.75,11,19,1.0,0.8206231594085693,,
mec_degradation,51007,0.0005152669036760926,err2,normal,0.75,11,19,,,0.08,1.0
lec_degradation,51007,0.0005152669036760926,err2,normal,0.9,0,22,1.0,0.8091656565666199,,
mec_degradation,51007,0.0005152669036760926,err2,normal,0.9,0,22,,,0.1,1.0
lec_degradation,51007,0.0005152669036760926,err2,normal,0.9,1,22,1.0,0.7956172227859497,,
mec_degradation,51007,0.0005152669036760926,err2,normal,0.9,1,22,,,0.06,1.0
lec_degradation,51007,0.0005152669036760926,err2,normal,0.9,2,22,1.0,0.8117473125457764,,
mec_degradation,51007,0.0005152669036760926,err2,normal,0.9,2,22,,,0.1,1.0
lec_degradation,51007,0.0005152669036760926,err2,normal,0.9,3,22,1.0,0.7715542316436768,,
mec_degradation,51007,0.0005152669036760926,err2,normal,0.9,3,22,,,0.04,1.0
lec_degradation,51007,0.0005152669036760926,err2,normal,0.9,4,22,1.0,0.8107365369796753,,
mec_degradation,51007,0.0005152669036760926,err2,normal,0.9,4,22,,,0.02,1.0
lec_degradation,51007,0.0005152669036760926,err2,normal,0.9,5,22,1.0,0.8070776462554932,,
mec_degradation,51007,0.0005152669036760926,err2,normal,0.9,5,22,,,0.08,1.0
lec_degradation,51007,0.0005152669036760926,err2,normal,0.9,6,22,1.0,0.7979046702384949,,
mec_degradation,51007,0.0005152669036760926,err2,normal,0.9,6,22,,,0.04,1.0
lec_degradation,51007,0.0005152669036760926,err2,normal,0.9,7,22,1.0,0.7778001427650452,,
mec_degradation,51007,0.0005152669036760926,err2,normal,0.9,7,22,,,0.04,1.0
lec_degradation,51007,0.0005152669036760926,err2,normal,0.9,8,22,1.0,0.7794064283370972,,
mec_degradation,51007,0.0005152669036760926,err2,normal,0.9,8,22,,,0.04,1.0
lec_degradation,51007,0.0005152669036760926,err2,normal,0.9,9,22,1.0,0.7671600580215454,,
mec_degradation,51007,0.0005152669036760926,err2,normal,0.9,9,22,,,0.04,1.0
lec_degradation,51007,0.0005152669036760926,err2,normal,0.9,10,22,1.0,0.7751681804656982,,
mec_degradation,51007,0.0005152669036760926,err2,normal,0.9,10,22,,,0.08,1.0
lec_degradation,51007,0.0005152669036760926,err2,normal,0.9,11,22,0.5,0.7991594076156616,,
mec_degradation,51007,0.0005152669036760926,err2,normal,0.9,11,22,,,0.04,1.0
lec_degradation,51007,0.0005152669036760926,err2,dense,0.0,0,0,0.5,0.29357507824897766,,
mec_degradation,51007,0.0005152669036760926,err2,dense,0.0,0,0,,,0.02,0.5
lec_degradation,51007,0.0005152669036760926,err2,dense,0.0,1,0,0.5,0.29357507824897766,,
mec_degradation,51007,0.0005152669036760926,err2,dense,0.0,1,0,,,0.02,0.5
lec_degradation,51007,0.0005152669036760926,err2,dense,0.0,2,0,0.5,0.29357507824897766,,
mec_degradation,51007,0.0005152669036760926,err2,dense,0.0,2,0,,,0.02,0.5
lec_degradation,51007,0.0005152669036760926,err2,dense,0.0,3,0,0.5,0.29357507824897766,,
mec_degradation,51007,0.0005152669036760926,err2,dense,0.0,3,0,,,0.02,0.5
lec_degradation,51007,0.0005152669036760926,err2,dense,0.0,4,0,0.5,0.29357507824897766,,
mec_degradation,51007,0.0005152669036760926,err2,dense,0.0,4,0,,,0.02,0.5
lec_degradation,51007,0.0005152669036760926,err2,dense,0.0,5,0,0.5,0.29357507824897766,,
mec_degradation,51007,0.0005152669036760926,err2,dense,0.0,5,0,,,0.02,0.5
lec_degradation,51007,0.0005152669036760926,err2,dense,0.0,6,0,0.5,0.29357507824897766,,
mec_degradation,51007,0.0005152669036760926,err2,dense,0.0,6,0,,,0.02,0.5
lec_degradation,51007,0.0005152669036760926,err2,dense,0.0,7,0,0.5,0.29357507824897766,,
mec_degradation,51007,0.0005152669036760926,err2,dense,0.0,7,0,,,0.02,0.5
lec_degradation,51007,0.0005152669036760926,err2,dense,0.0,8,0,0.5,0.29357507824897766,,
mec_degradation,51007,0.0005152669036760926,err2,dense,0.0,8,0,,,0.02,0.5
lec_degradation,51007,0.0005152669036760926,err2,dense,0.0,9,0,0.5,0.29357507824897766,,
mec_degradation,51007,0.0005152669036760926,err2,dense,0.0,9,0,,,0.02,0.5
lec_degradation,51007,0.0005152669036760926,err2,dense,0.0,10,0,0.5,0.29357507824897766,,
mec_degradation,51007,0.0005152669036760926,err2,dense,0.0,10,0,,,0.02,0.5
lec_degradation,51007,0.0005152669036760926,err2,dense,0.0,11,0,0.5,0.29357507824897766,,
mec_degradation,51007,0.0005152669036760926,err2,dense,0.0,11,0,,,0.02,0.5
lec_degradation,51007,0.0005152669036760926,err2,dense,0.25,0,6,0.5,0.29357507824897766,,
mec_degradation,51007,0.0005152669036760926,err2,dense,0.25,0,6,,,0.02,0.5
lec_degradation,51007,0.0005152669036760926,err2,dense,0.25,1,6,0.5,0.29357507824897766,,
mec_degradation,51007,0.0005152669036760926,err2,dense,0.25,1,6,,,0.02,0.5
lec_degradation,51007,0.0005152669036760926,err2,dense,0.25,2,6,0.5,0.29357507824897766,,
mec_degradation,51007,0.0005152669036760926,err2,dense,0.25,2,6,,,0.02,0.5
lec_degradation,51007,0.0005152669036760926,err2,dense,0.25,3,6,0.5,0.29357507824897766,,
mec_degradation,51007,0.0005152669036760926,err2,dense,0.25,3,6,,,0.02,0.5
lec_degradation,51007,0.0005152669036760926,err2,dense,0.25,4,6,0.5,0.29357507824897766,,
mec_degradation,51007,0.0005152669036760926,err2,dense,0.25,4,6,,,0.02,0.5
lec_degradation,51007,0.0005152669036760926,err2,dense,0.25,5,6,0.5,0.29357507824897766,,
mec_degradation,51007,0.0005152669036760926,err2,dense,0.25,5,6,,,0.02,0.5
lec_degradation,51007,0.0005152669036760926,err2,dense,0.25,6,6,0.5,0.29357507824897766,,
mec_degradation,51007,0.0005152669036760926,err2,dense,0.25,6,6,,,0.02,0.5
lec_degradation,51007,0.0005152669036760926,err2,dense,0.25,7,6,0.5,0.29357507824897766,,
mec_degradation,51007,0.0005152669036760926,err2,dense,0.25,7,6,,,0.02,0.5
lec_degradation,51007,0.0005152669036760926,err2,dense,0.25,8,6,0.5,0.29357507824897766,,
mec_degradation,51007,0.0005152669036760926,err2,dense,0.25,8,6,,,0.02,0.5
lec_degradation,51007,0.0005152669036760926,err2,dense,0.25,9,6,0.5,0.29357507824897766,,
mec_degradation,51007,0.0005152669036760926,err2,dense,0.25,9,6,,,0.02,0.5
lec_degradation,51007,0.0005152669036760926,err2,dense,0.25,10,6,0.5,0.29357507824897766,,
mec_degradation,51007,0.0005152669036760926,err2,dense,0.25,10,6,,,0.02,0.5
lec_degradation,51007,0.0005152669036760926,err2,dense,0.25,11,6,0.5,0.29357507824897766,,
mec_degradation,51007,0.0005152669036760926,err2,dense,0.25,11,6,,,0.02,0.5
lec_degradation,51007,0.0005152669036760926,err2,dense,0.5,0,12,0.5,0.29357507824897766,,
mec_degradation,51007,0.0005152669036760926,err2,dense,0.5,0,12,,,0.02,0.5
lec_degradation,51007,0.0005152669036760926,err2,dense,0.5,1,12,0.5,0.29357507824897766,,
mec_degradation,51007,0.0005152669036760926,err2,dense,0.5,1,12,,,0.02,0.5
lec_degradation,51007,0.0005152669036760926,err2,dense,0.5,2,12,0.5,0.29357507824897766,,
mec_degradation,51007,0.0005152669036760926,err2,dense,0.5,2,12,,,0.02,0.5
lec_degradation,51007,0.0005152669036760926,err2,dense,0.5,3,12,0.5,0.29357507824897766,,
mec_degradation,51007,0.0005152669036760926,err2,dense,0.5,3,12,,,0.02,0.5
lec_degradation,51007,0.0005152669036760926,err2,dense,0.5,4,12,0.5,0.29357507824897766,,
mec_degradation,51007,0.0005152669036760926,err2,dense,0.5,4,12,,,0.02,0.5
lec_degradation,51007,0.0005152669036760926,err2,dense,0.5,5,12,0.5,0.29357507824897766,,
mec_degradation,51007,0.0005152669036760926,err2,dense,0.5,5,12,,,0.02,0.5
lec_degradation,51007,0.0005152669036760926,err2,dense,0.5,6,12,0.5,0.29357507824897766,,
mec_degradation,51007,0.0005152669036760926,err2,dense,0.5,6,12,,,0.02,0.5
lec_degradation,51007,0.0005152669036760926,err2,dense,0.5,7,12,0.5,0.29357507824897766,,
mec_degradation,51007,0.0005152669036760926,err2,dense,0.5,7,12,,,0.02,0.5
lec_degradation,51007,0.0005152669036760926,err2,dense,0.5,8,12,0.5,0.29357507824897766,,
mec_degradation,51007,0.0005152669036760926,err2,dense,0.5,8,12,,,0.02,0.5
lec_degradation,51007,0.0005152669036760926,err2,dense,0.5,9,12,0.5,0.29357507824897766,,
mec_degradation,51007,0.0005152669036760926,err2,dense,0.5,9,12,,,0.02,0.5
lec_degradation,51007,0.0005152669036760926,err2,dense,0.5,10,12,0.5,0.29357507824897766,,
mec_degradation,51007,0.0005152669036760926,err2,dense,0.5,10,12,,,0.02,0.5
lec_degradation,51007,0.0005152669036760926,err2,dense,0.5,11,12,0.5,0.29357507824897766,,
mec_degradation,51007,0.0005152669036760926,err2,dense,0.5,11,12,,,0.02,0.5
lec_degradation,51007,0.0005152669036760926,err2,dense,0.75,0,19,0.5,0.29357507824897766,,
mec_degradation,51007,0.0005152669036760926,err2,dense,0.75,0,19,,,0.02,0.5
lec_degradation,51007,0.0005152669036760926,err2,dense,0.75,1,19,0.5,0.29357507824897766,,
mec_degradation,51007,0.0005152669036760926,err2,dense,0.75,1,19,,,0.02,0.5
lec_degradation,51007,0.0005152669036760926,err2,dense,0.75,2,19,0.5,0.29357507824897766,,
mec_degradation,51007,0.0005152669036760926,err2,dense,0.75,2,19,,,0.02,0.5
lec_degradation,51007,0.0005152669036760926,err2,dense,0.75,3,19,0.5,0.29357507824897766,,
mec_degradation,51007,0.0005152669036760926,err2,dense,0.75,3,19,,,0.02,0.5
lec_degradation,51007,0.0005152669036760926,err2,dense,0.75,4,19,0.5,0.29357507824897766,,
mec_degradation,51007,0.0005152669036760926,err2,dense,0.75,4,19,,,0.02,0.5
lec_degradation,51007,0.0005152669036760926,err2,dense,0.75,5,19,0.5,0.29357507824897766,,
mec_degradation,51007,0.0005152669036760926,err2,dense,0.75,5,19,,,0.02,0.5
lec_degradation,51007,0.0005152669036760926,err2,dense,0.75,6,19,0.5,0.29357507824897766,,
mec_degradation,51007,0.0005152669036760926,err2,dense,0.75,6,19,,,0.02,0.5
lec_degradation,51007,0.0005152669036760926,err2,dense,0.75,7,19,0.5,0.29357507824897766,,
mec_degradation,51007,0.0005152669036760926,err2,dense,0.75,7,19,,,0.02,0.5
lec_degradation,51007,0.0005152669036760926,err2,dense,0.75,8,19,0.5,0.29357507824897766,,
mec_degradation,51007,0.0005152669036760926,err2,dense,0.75,8,19,,,0.02,0.5
lec_degradation,51007,0.0005152669036760926,err2,dense,0.75,9,19,0.5,0.29357507824897766,,
mec_degradation,51007,0.0005152669036760926,err2,dense,0.75,9,19,,,0.02,0.5
lec_degradation,51007,0.0005152669036760926,err2,dense,0.75,10,19,0.5,0.29357507824897766,,
mec_degradation,51007,0.0005152669036760926,err2,dense,0.75,10,19,,,0.02,0.5
lec_degradation,51007,0.0005152669036760926,err2,dense,0.75,11,19,0.5,0.29357507824897766,,
mec_degradation,51007,0.0005152669036760926,err2,dense,0.75,11,19,,,0.02,0.5
lec_degradation,51007,0.0005152669036760926,err2,dense,0.9,0,22,0.5,0.29357507824897766,,
mec_degradation,51007,0.0005152669036760926,err2,dense,0.9,0,22,,,0.02,0.5
lec_degradation,51007,0.0005152669036760926,err2,dense,0.9,1,22,0.5,0.29357507824897766,,
mec_degradation,51007,0.0005152669036760926,err2,dense,0.9,1,22,,,0.02,0.5
lec_degradation,51007,0.0005152669036760926,err2,dense,0.9,2,22,0.5,0.29357507824897766,,
mec_degradation,51007,0.0005152669036760926,err2,dense,0.9,2,22,,,0.02,0.5
lec_degradation,51007,0.0005152669036760926,err2,dense,0.9,3,22,0.5,0.29357507824897766,,
mec_degradation,51007,0.0005152669036760926,err2,dense,0.9,3,22,,,0.02,0.5
lec_degradation,51007,0.0005152669036760926,err2,dense,0.9,4,22,0.5,0.29357507824897766,,
mec_degradation,51007,0.0005152669036760926,err2,dense,0.9,4,22,,,0.02,0.5
lec_degradation,51007,0.0005152669036760926,err2,dense,0.9,5,22,0.5,0.29357507824897766,,
mec_degradation,51007,0.0005152669036760926,err2,dense,0.9,5,22,,,0.02,0.5
lec_degradation,51007,0.0005152669036760926,err2,dense,0.9,6,22,0.5,0.29357507824897766,,
mec_degradation,51007,0.0005152669036760926,err2,dense,0.9,6,22,,,0.02,0.5
lec_degradation,51007,0.0005152669036760926,err2,dense,0.9,7,22,0.5,0.29357507824897766,,
mec_degradation,51007,0.0005152669036760926,err2,dense,0.9,7,22,,,0.02,0.5
lec_degradation,51007,0.0005152669036760926,err2,dense,0.9,8,22,0.5,0.29357507824897766,,
mec_degradation,51007,0.0005152669036760926,err2,dense,0.9,8,22,,,0.02,0.5
lec_degradation,51007,0.0005152669036760926,err2,dense,0.9,9,22,0.5,0.29357507824897766,,
mec_degradation,51007,0.0005152669036760926,err2,dense,0.9,9,22,,,0.02,0.5
lec_degradation,51007,0.0005152669036760926,err2,dense,0.9,10,22,0.5,0.29357507824897766,,
mec_degradation,51007,0.0005152669036760926,err2,dense,0.9,10,22,,,0.02,0.5
lec_degradation,51007,0.0005152669036760926,err2,dense,0.9,11,22,0.5,0.29357507824897766,,
mec_degradation,51007,0.0005152669036760926,err2,dense,0.9,11,22,,,0.02,0.5
lec_degradation,51008,0.0005754851154051721,base,normal,0.0,0,0,1.0,0.6898051500320435,,
mec_degradation,51008,0.0005754851154051721,base,normal,0.0,0,0,,,0.14,1.0
lec_degradation,51008,0.0005754851154051721,base,normal,0.0,1,0,1.0,0.6898051500320435,,
mec_degradation,51008,0.0005754851154051721,base,normal,0.0,1,0,,,0.14,1.0
lec_degradation,51008,0.0005754851154051721,base,normal,0.0,2,0,1.0,0.6898051500320435,,
mec_degradation,51008,0.0005754851154051721,base,normal,0.0,2,0,,,0.14,1.0
lec_degradation,51008,0.0005754851154051721,base,normal,0.0,3,0,1.0,0.6898051500320435,,
mec_degradation,51008,0.0005754851154051721,base,normal,0.0,3,0,,,0.14,1.0
lec_degradation,51008,0.0005754851154051721,base,normal,0.0,4,0,1.0,0.6898051500320435,,
mec_degradation,51008,0.0005754851154051721,base,normal,0.0,4,0,,,0.14,1.0
lec_degradation,51008,0.0005754851154051721,base,normal,0.0,5,0,1.0,0.6898051500320435,,
mec_degradation,51008,0.0005754851154051721,base,normal,0.0,5,0,,,0.14,1.0
lec_degradation,51008,0.0005754851154051721,base,normal,0.0,6,0,1.0,0.6898051500320435,,
mec_degradation,51008,0.0005754851154051721,base,normal,0.0,6,0,,,0.14,1.0
lec_degradation,51008,0.0005754851154051721,base,normal,0.0,7,0,1.0,0.6898051500320435,,
mec_degradation,51008,0.0005754851154051721,base,normal,0.0,7,0,,,0.14,1.0
lec_degradation,51008,0.0005754851154051721,base,normal,0.0,8,0,1.0,0.6898051500320435,,
mec_degradation,51008,0.0005754851154051721,base,normal,0.0,8,0,,,0.14,1.0
lec_degradation,51008,0.0005754851154051721,base,normal,0.0,9,0,1.0,0.6898051500320435,,
mec_degradation,51008,0.0005754851154051721,base,normal,0.0,9,0,,,0.14,1.0
lec_degradation,51008,0.0005754851154051721,base,normal,0.0,10,0,1.0,0.6898051500320435,,
mec_degradation,51008,0.0005754851154051721,base,normal,0.0,10,0,,,0.14,1.0
lec_degradation,51008,0.0005754851154051721,base,normal,0.0,11,0,1.0,0.6898051500320435,,
mec_degradation,51008,0.0005754851154051721,base,normal,0.0,11,0,,,0.14,1.0
lec_degradation,51008,0.0005754851154051721,base,normal,0.25,0,6,1.0,0.696190357208252,,
mec_degradation,51008,0.0005754851154051721,base,normal,0.25,0,6,,,0.12,1.0
lec_degradation,51008,0.0005754851154051721,base,normal,0.25,1,6,1.0,0.7134449481964111,,
mec_degradation,51008,0.0005754851154051721,base,normal,0.25,1,6,,,0.12,1.0
lec_degradation,51008,0.0005754851154051721,base,normal,0.25,2,6,1.0,0.7065146565437317,,
mec_degradation,51008,0.0005754851154051721,base,normal,0.25,2,6,,,0.12,1.0
lec_degradation,51008,0.0005754851154051721,base,normal,0.25,3,6,1.0,0.7026075124740601,,
mec_degradation,51008,0.0005754851154051721,base,normal,0.25,3,6,,,0.16,1.0
lec_degradation,51008,0.0005754851154051721,base,normal,0.25,4,6,1.0,0.7002688646316528,,
mec_degradation,51008,0.0005754851154051721,base,normal,0.25,4,6,,,0.14,1.0
lec_degradation,51008,0.0005754851154051721,base,normal,0.25,5,6,1.0,0.68219393491745,,
mec_degradation,51008,0.0005754851154051721,base,normal,0.25,5,6,,,0.12,1.0
lec_degradation,51008,0.0005754851154051721,base,normal,0.25,6,6,1.0,0.6899831891059875,,
mec_degradation,51008,0.0005754851154051721,base,normal,0.25,6,6,,,0.12,1.0
lec_degradation,51008,0.0005754851154051721,base,normal,0.25,7,6,1.0,0.6772056818008423,,
mec_degradation,51008,0.0005754851154051721,base,normal,0.25,7,6,,,0.16,1.0
lec_degradation,51008,0.0005754851154051721,base,normal,0.25,8,6,1.0,0.7040953636169434,,
mec_degradation,51008,0.0005754851154051721,base,normal,0.25,8,6,,,0.08,1.0
lec_degradation,51008,0.0005754851154051721,base,normal,0.25,9,6,0.5,0.6846674084663391,,
mec_degradation,51008,0.0005754851154051721,base,normal,0.25,9,6,,,0.16,1.0
lec_degradation,51008,0.0005754851154051721,base,normal,0.25,10,6,0.5,0.6917825937271118,,
mec_degradation,51008,0.0005754851154051721,base,normal,0.25,10,6,,,0.1,1.0
lec_degradation,51008,0.0005754851154051721,base,normal,0.25,11,6,1.0,0.6857081651687622,,
mec_degradation,51008,0.0005754851154051721,base,normal,0.25,11,6,,,0.1,1.0
lec_degradation,51008,0.0005754851154051721,base,normal,0.5,0,12,1.0,0.7181925177574158,,
mec_degradation,51008,0.0005754851154051721,base,normal,0.5,0,12,,,0.1,1.0
lec_degradation,51008,0.0005754851154051721,base,normal,0.5,1,12,1.0,0.671965479850769,,
mec_degradation,51008,0.0005754851154051721,base,normal,0.5,1,12,,,0.1,1.0
lec_degradation,51008,0.0005754851154051721,base,normal,0.5,2,12,1.0,0.715047299861908,,
mec_degradation,51008,0.0005754851154051721,base,normal,0.5,2,12,,,0.1,1.0
lec_degradation,51008,0.0005754851154051721,base,normal,0.5,3,12,0.5,0.6661175489425659,,
mec_degradation,51008,0.0005754851154051721,base,normal,0.5,3,12,,,0.1,1.0
lec_degradation,51008,0.0005754851154051721,base,normal,0.5,4,12,0.5,0.6770915985107422,,
mec_degradation,51008,0.0005754851154051721,base,normal,0.5,4,12,,,0.1,1.0
lec_degradation,51008,0.0005754851154051721,base,normal,0.5,5,12,1.0,0.7199184894561768,,
mec_degradation,51008,0.0005754851154051721,base,normal,0.5,5,12,,,0.1,1.0
lec_degradation,51008,0.0005754851154051721,base,normal,0.5,6,12,1.0,0.6994723677635193,,
mec_degradation,51008,0.0005754851154051721,base,normal,0.5,6,12,,,0.16,1.0
lec_degradation,51008,0.0005754851154051721,base,normal,0.5,7,12,1.0,0.7217883467674255,,
mec_degradation,51008,0.0005754851154051721,base,normal,0.5,7,12,,,0.1,1.0
lec_degradation,51008,0.0005754851154051721,base,normal,0.5,8,12,1.0,0.7166195511817932,,
mec_degradation,51008,0.0005754851154051721,base,normal,0.5,8,12,,,0.1,1.0
lec_degradation,51008,0.0005754851154051721,base,normal,0.5,9,12,1.0,0.713732123374939,,
mec_degradation,51008,0.0005754851154051721,base,normal,0.5,9,12,,,0.14,1.0
lec_degradation,51008,0.0005754851154051721,base,normal,0.5,10,12,1.0,0.7249699234962463,,
mec_degradation,51008,0.0005754851154051721,base,normal,0.5,10,12,,,0.1,1.0
lec_degradation,51008,0.0005754851154051721,base,normal,0.5,11,12,1.0,0.7325200438499451,,
mec_degradation,51008,0.0005754851154051721,base,normal,0.5,11,12,,,0.12,1.0
lec_degradation,51008,0.0005754851154051721,base,normal,0.75,0,19,1.0,0.6766759753227234,,
mec_degradation,51008,0.0005754851154051721,base,normal,0.75,0,19,,,0.08,1.0
lec_degradation,51008,0.0005754851154051721,base,normal,0.75,1,19,0.5,0.6704856157302856,,
mec_degradation,51008,0.0005754851154051721,base,normal,0.75,1,19,,,0.1,1.0
lec_degradation,51008,0.0005754851154051721,base,normal,0.75,2,19,1.0,0.6889551281929016,,
mec_degradation,51008,0.0005754851154051721,base,normal,0.75,2,19,,,0.06,1.0
lec_degradation,51008,0.0005754851154051721,base,normal,0.75,3,19,0.5,0.6664409637451172,,
mec_degradation,51008,0.0005754851154051721,base,normal,0.75,3,19,,,0.1,1.0
lec_degradation,51008,0.0005754851154051721,base,normal,0.75,4,19,1.0,0.6864821910858154,,
mec_degradation,51008,0.0005754851154051721,base,normal,0.75,4,19,,,0.06,1.0
lec_degradation,51008,0.0005754851154051721,base,normal,0.75,5,19,1.0,0.6899093389511108,,
mec_degradation,51008,0.0005754851154051721,base,normal,0.75,5,19,,,0.08,1.0
lec_degradation,51008,0.0005754851154051721,base,normal,0.75,6,19,0.5,0.6902387738227844,,
mec_degradation,51008,0.0005754851154051721,base,normal,0.75,6,19,,,0.08,1.0
lec_degradation,51008,0.0005754851154051721,base,normal,0.75,7,19,0.5,0.6653872132301331,,
mec_degradation,51008,0.0005754851154051721,base,normal,0.75,7,19,,,0.12,1.0
lec_degradation,51008,0.0005754851154051721,base,normal,0.75,8,19,1.0,0.648927628993988,,
mec_degradation,51008,0.0005754851154051721,base,normal,0.75,8,19,,,0.12,1.0
lec_degradation,51008,0.0005754851154051721,base,normal,0.75,9,19,0.5,0.650656521320343,,
mec_degradation,51008,0.0005754851154051721,base,normal,0.75,9,19,,,0.08,1.0
lec_degradation,51008,0.0005754851154051721,base,normal,0.75,10,19,0.5,0.6291995048522949,,
mec_degradation,51008,0.0005754851154051721,base,normal,0.75,10,19,,,0.06,1.0
lec_degradation,51008,0.0005754851154051721,base,normal,0.75,11,19,1.0,0.6517494320869446,,
mec_degradation,51008,0.0005754851154051721,base,normal,0.75,11,19,,,0.08,1.0
lec_degradation,51008,0.0005754851154051721,base,normal,0.9,0,22,0.5,0.6390618085861206,,
mec_degradation,51008,0.0005754851154051721,base,normal,0.9,0,22,,,0.08,1.0
lec_degradation,51008,0.0005754851154051721,base,normal,0.9,1,22,0.5,0.6472835540771484,,
mec_degradation,51008,0.0005754851154051721,base,normal,0.9,1,22,,,0.08,1.0
lec_degradation,51008,0.0005754851154051721,base,normal,0.9,2,22,0.5,0.6562020182609558,,
mec_degradation,51008,0.0005754851154051721,base,normal,0.9,2,22,,,0.06,1.0
lec_degradation,51008,0.0005754851154051721,base,normal,0.9,3,22,0.5,0.6390618085861206,,
mec_degradation,51008,0.0005754851154051721,base,normal,0.9,3,22,,,0.08,1.0
lec_degradation,51008,0.0005754851154051721,base,normal,0.9,4,22,0.5,0.6855238080024719,,
mec_degradation,51008,0.0005754851154051721,base,normal,0.9,4,22,,,0.06,1.0
lec_degradation,51008,0.0005754851154051721,base,normal,0.9,5,22,0.5,0.6832022666931152,,
mec_degradation,51008,0.0005754851154051721,base,normal,0.9,5,22,,,0.06,1.0
lec_degradation,51008,0.0005754851154051721,base,normal,0.9,6,22,1.0,0.664061427116394,,
mec_degradation,51008,0.0005754851154051721,base,normal,0.9,6,22,,,0.06,1.0
lec_degradation,51008,0.0005754851154051721,base,normal,0.9,7,22,1.0,0.6606432199478149,,
mec_degradation,51008,0.0005754851154051721,base,normal,0.9,7,22,,,0.1,1.0
lec_degradation,51008,0.0005754851154051721,base,normal,0.9,8,22,0.5,0.6645298004150391,,
mec_degradation,51008,0.0005754851154051721,base,normal,0.9,8,22,,,0.08,1.0
lec_degradation,51008,0.0005754851154051721,base,normal,0.9,9,22,0.5,0.6179542541503906,,
mec_degradation,51008,0.0005754851154051721,base,normal,0.9,9,22,,,0.06,1.0
lec_degradation,51008,0.0005754851154051721,base,normal,0.9,10,22,0.5,0.6408339738845825,,
mec_degradation,51008,0.0005754851154051721,base,normal,0.9,10,22,,,0.1,1.0
lec_degradation,51008,0.0005754851154051721,base,normal,0.9,11,22,1.0,0.6958976984024048,,
mec_degradation,51008,0.0005754851154051721,base,normal,0.9,11,22,,,0.06,1.0
lec_degradation,51008,0.0005754851154051721,base,dense,0.0,0,0,0.5,0.17338283360004425,,
mec_degradation,51008,0.0005754851154051721,base,dense,0.0,0,0,,,0.02,0.5
lec_degradation,51008,0.0005754851154051721,base,dense,0.0,1,0,0.5,0.17338283360004425,,
mec_degradation,51008,0.0005754851154051721,base,dense,0.0,1,0,,,0.02,0.5
lec_degradation,51008,0.0005754851154051721,base,dense,0.0,2,0,0.5,0.17338283360004425,,
mec_degradation,51008,0.0005754851154051721,base,dense,0.0,2,0,,,0.02,0.5
lec_degradation,51008,0.0005754851154051721,base,dense,0.0,3,0,0.5,0.17338283360004425,,
mec_degradation,51008,0.0005754851154051721,base,dense,0.0,3,0,,,0.02,0.5
lec_degradation,51008,0.0005754851154051721,base,dense,0.0,4,0,0.5,0.17338283360004425,,
mec_degradation,51008,0.0005754851154051721,base,dense,0.0,4,0,,,0.02,0.5
lec_degradation,51008,0.0005754851154051721,base,dense,0.0,5,0,0.5,0.17338283360004425,,
mec_degradation,51008,0.0005754851154051721,base,dense,0.0,5,0,,,0.02,0.5
lec_degradation,51008,0.0005754851154051721,base,dense,0.0,6,0,0.5,0.17338283360004425,,
mec_degradation,51008,0.0005754851154051721,base,dense,0.0,6,0,,,0.02,0.5
lec_degradation,51008,0.0005754851154051721,base,dense,0.0,7,0,0.5,0.17338283360004425,,
mec_degradation,51008,0.0005754851154051721,base,dense,0.0,7,0,,,0.02,0.5
lec_degradation,51008,0.0005754851154051721,base,dense,0.0,8,0,0.5,0.17338283360004425,,
mec_degradation,51008,0.0005754851154051721,base,dense,0.0,8,0,,,0.02,0.5
lec_degradation,51008,0.0005754851154051721,base,dense,0.0,9,0,0.5,0.17338283360004425,,
mec_degradation,51008,0.0005754851154051721,base,dense,0.0,9,0,,,0.02,0.5
lec_degradation,51008,0.0005754851154051721,base,dense,0.0,10,0,0.5,0.17338283360004425,,
mec_degradation,51008,0.0005754851154051721,base,dense,0.0,10,0,,,0.02,0.5
lec_degradation,51008,0.0005754851154051721,base,dense,0.0,11,0,0.5,0.17338283360004425,,
mec_degradation,51008,0.0005754851154051721,base,dense,0.0,11,0,,,0.02,0.5
lec_degradation,51008,0.0005754851154051721,base,dense,0.25,0,6,0.5,0.17338283360004425,,
mec_degradation,51008,0.0005754851154051721,base,dense,0.25,0,6,,,0.02,0.5
lec_degradation,51008,0.0005754851154051721,base,dense,0.25,1,6,0.5,0.17338283360004425,,
mec_degradation,51008,0.0005754851154051721,base,dense,0.25,1,6,,,0.02,0.5
lec_degradation,51008,0.0005754851154051721,base,dense,0.25,2,6,0.5,0.17338283360004425,,
mec_degradation,51008,0.0005754851154051721,base,dense,0.25,2,6,,,0.02,0.5
lec_degradation,51008,0.0005754851154051721,base,dense,0.25,3,6,0.5,0.17338283360004425,,
mec_degradation,51008,0.0005754851154051721,base,dense,0.25,3,6,,,0.02,0.5
lec_degradation,51008,0.0005754851154051721,base,dense,0.25,4,6,0.5,0.17338283360004425,,
mec_degradation,51008,0.0005754851154051721,base,dense,0.25,4,6,,,0.02,0.5
lec_degradation,51008,0.0005754851154051721,base,dense,0.25,5,6,0.5,0.17338283360004425,,
mec_degradation,51008,0.0005754851154051721,base,dense,0.25,5,6,,,0.02,0.5
lec_degradation,51008,0.0005754851154051721,base,dense,0.25,6,6,0.5,0.17338283360004425,,
mec_degradation,51008,0.0005754851154051721,base,dense,0.25,6,6,,,0.02,0.5
lec_degradation,51008,0.0005754851154051721,base,dense,0.25,7,6,0.5,0.17338283360004425,,
mec_degradation,51008,0.0005754851154051721,base,dense,0.25,7,6,,,0.02,0.5
lec_degradation,51008,0.0005754851154051721,base,dense,0.25,8,6,0.5,0.17338283360004425,,
mec_degradation,51008,0.0005754851154051721,base,dense,0.25,8,6,,,0.02,0.5
lec_degradation,51008,0.0005754851154051721,base,dense,0.25,9,6,0.5,0.17338283360004425,,
mec_degradation,51008,0.0005754851154051721,base,dense,0.25,9,6,,,0.02,0.5
lec_degradation,51008,0.0005754851154051721,base,dense,0.25,10,6,0.5,0.17338283360004425,,
mec_degradation,51008,0.0005754851154051721,base,dense,0.25,10,6,,,0.02,0.5
lec_degradation,51008,0.0005754851154051721,base,dense,0.25,11,6,0.5,0.17338283360004425,,
mec_degradation,51008,0.0005754851154051721,base,dense,0.25,11,6,,,0.02,0.5
lec_degradation,51008,0.0005754851154051721,base,dense,0.5,0,12,0.5,0.17338283360004425,,
mec_degradation,51008,0.0005754851154051721,base,dense,0.5,0,12,,,0.02,0.5
lec_degradation,51008,0.0005754851154051721,base,dense,0.5,1,12,0.5,0.17338283360004425,,
mec_degradation,51008,0.0005754851154051721,base,dense,0.5,1,12,,,0.02,0.5
lec_degradation,51008,0.0005754851154051721,base,dense,0.5,2,12,0.5,0.17338283360004425,,
mec_degradation,51008,0.0005754851154051721,base,dense,0.5,2,12,,,0.02,0.5
lec_degradation,51008,0.0005754851154051721,base,dense,0.5,3,12,0.5,0.17338283360004425,,
mec_degradation,51008,0.0005754851154051721,base,dense,0.5,3,12,,,0.02,0.5
lec_degradation,51008,0.0005754851154051721,base,dense,0.5,4,12,0.5,0.17338283360004425,,
mec_degradation,51008,0.0005754851154051721,base,dense,0.5,4,12,,,0.02,0.5
lec_degradation,51008,0.0005754851154051721,base,dense,0.5,5,12,0.5,0.17338283360004425,,
mec_degradation,51008,0.0005754851154051721,base,dense,0.5,5,12,,,0.02,0.5
lec_degradation,51008,0.0005754851154051721,base,dense,0.5,6,12,0.5,0.17338283360004425,,
mec_degradation,51008,0.0005754851154051721,base,dense,0.5,6,12,,,0.02,0.5
lec_degradation,51008,0.0005754851154051721,base,dense,0.5,7,12,0.5,0.17338283360004425,,
mec_degradation,51008,0.0005754851154051721,base,dense,0.5,7,12,,,0.02,0.5
lec_degradation,51008,0.0005754851154051721,base,dense,0.5,8,12,0.5,0.17338283360004425,,
mec_degradation,51008,0.0005754851154051721,base,dense,0.5,8,12,,,0.02,0.5
lec_degradation,51008,0.0005754851154051721,base,dense,0.5,9,12,0.5,0.17338283360004425,,
mec_degradation,51008,0.0005754851154051721,base,dense,0.5,9,12,,,0.02,0.5
lec_degradation,51008,0.0005754851154051721,base,dense,0.5,10,12,0.5,0.17338283360004425,,
mec_degradation,51008,0.0005754851154051721,base,dense,0.5,10,12,,,0.02,0.5
lec_degradation,51008,0.0005754851154051721,base,dense,0.5,11,12,0.5,0.17338283360004425,,
mec_degradation,51008,0.0005754851154051721,base,dense,0.5,11,12,,,0.02,0.5
lec_degradation,51008,0.0005754851154051721,base,dense,0.75,0,19,0.5,0.17338283360004425,,
mec_degradation,51008,0.0005754851154051721,base,dense,0.75,0,19,,,0.02,0.5
lec_degradation,51008,0.0005754851154051721,base,dense,0.75,1,19,0.5,0.17338283360004425,,
mec_degradation,51008,0.0005754851154051721,base,dense,0.75,1,19,,,0.02,0.5
lec_degradation,51008,0.0005754851154051721,base,dense,0.75,2,19,0.5,0.17338283360004425,,
mec_degradation,51008,0.0005754851154051721,base,dense,0.75,2,19,,,0.02,0.5
lec_degradation,51008,0.0005754851154051721,base,dense,0.75,3,19,0.5,0.17338283360004425,,
mec_degradation,51008,0.0005754851154051721,base,dense,0.75,3,19,,,0.02,0.5
lec_degradation,51008,0.0005754851154051721,base,dense,0.75,4,19,0.5,0.17338283360004425,,
mec_degradation,51008,0.0005754851154051721,base,dense,0.75,4,19,,,0.02,0.5
lec_degradation,51008,0.0005754851154051721,base,dense,0.75,5,19,0.5,0.17338283360004425,,
mec_degradation,51008,0.0005754851154051721,base,dense,0.75,5,19,,,0.02,0.5
lec_degradation,51008,0.0005754851154051721,base,dense,0.75,6,19,0.5,0.17338283360004425,,
mec_degradation,51008,0.0005754851154051721,base,dense,0.75,6,19,,,0.02,0.5
lec_degradation,51008,0.0005754851154051721,base,dense,0.75,7,19,0.5,0.17338283360004425,,
mec_degradation,51008,0.0005754851154051721,base,dense,0.75,7,19,,,0.02,0.5
lec_degradation,51008,0.0005754851154051721,base,dense,0.75,8,19,0.5,0.17338283360004425,,
mec_degradation,51008,0.0005754851154051721,base,dense,0.75,8,19,,,0.02,0.5
lec_degradation,51008,0.0005754851154051721,base,dense,0.75,9,19,0.5,0.17338283360004425,,
mec_degradation,51008,0.0005754851154051721,base,dense,0.75,9,19,,,0.02,0.5
lec_degradation,51008,0.0005754851154051721,base,dense,0.75,10,19,0.5,0.17338283360004425,,
mec_degradation,51008,0.0005754851154051721,base,dense,0.75,10,19,,,0.02,0.5
lec_degradation,51008,0.0005754851154051721,base,dense,0.75,11,19,0.5,0.17338283360004425,,
mec_degradation,51008,0.0005754851154051721,base,dense,0.75,11,19,,,0.02,0.5
lec_degradation,51008,0.0005754851154051721,base,dense,0.9,0,22,0.5,0.17338283360004425,,
mec_degradation,51008,0.0005754851154051721,base,dense,0.9,0,22,,,0.02,0.5
lec_degradation,51008,0.0005754851154051721,base,dense,0.9,1,22,0.5,0.17338283360004425,,
mec_degradation,51008,0.0005754851154051721,base,dense,0.9,1,22,,,0.02,0.5
lec_degradation,51008,0.0005754851154051721,base,dense,0.9,2,22,0.5,0.17338283360004425,,
mec_degradation,51008,0.0005754851154051721,base,dense,0.9,2,22,,,0.02,0.5
lec_degradation,51008,0.0005754851154051721,base,dense,0.9,3,22,0.5,0.17338283360004425,,
mec_degradation,51008,0.0005754851154051721,base,dense,0.9,3,22,,,0.02,0.5
lec_degradation,51008,0.0005754851154051721,base,dense,0.9,4,22,0.5,0.17338283360004425,,
mec_degradation,51008,0.0005754851154051721,base,dense,0.9,4,22,,,0.02,0.5
lec_degradation,51008,0.0005754851154051721,base,dense,0.9,5,22,0.5,0.17338283360004425,,
mec_degradation,51008,0.0005754851154051721,base,dense,0.9,5,22,,,0.02,0.5
lec_degradation,51008,0.0005754851154051721,base,dense,0.9,6,22,0.5,0.17338283360004425,,
mec_degradation,51008,0.0005754851154051721,base,dense,0.9,6,22,,,0.02,0.5
lec_degradation,51008,0.0005754851154051721,base,dense,0.9,7,22,0.5,0.17338283360004425,,
mec_degradation,51008,0.0005754851154051721,base,dense,0.9,7,22,,,0.02,0.5
lec_degradation,51008,0.0005754851154051721,base,dense,0.9,8,22,0.5,0.17338283360004425,,
mec_degradation,51008,0.0005754851154051721,base,dense,0.9,8,22,,,0.02,0.5
lec_degradation,51008,0.0005754851154051721,base,dense,0.9,9,22,0.5,0.17338283360004425,,
mec_degradation,51008,0.0005754851154051721,base,dense,0.9,9,22,,,0.02,0.5
lec_degradation,51008,0.0005754851154051721,base,dense,0.9,10,22,0.5,0.17338283360004425,,
mec_degradation,51008,0.0005754851154051721,base,dense,0.9,10,22,,,0.02,0.5
lec_degradation,51008,0.0005754851154051721,base,dense,0.9,11,22,0.5,0.17338283360004425,,
mec_degradation,51008,0.0005754851154051721,base,dense,0.9,11,22,,,0.02,0.5
lec_degradation,51008,0.0005754851154051721,err2,normal,0.0,0,0,1.0,0.8936437964439392,,
mec_degradation,51008,0.0005754851154051721,err2,normal,0.0,0,0,,,0.64,1.0
lec_degradation,51008,0.0005754851154051721,err2,normal,0.0,1,0,1.0,0.8936437964439392,,
mec_degradation,51008,0.0005754851154051721,err2,normal,0.0,1,0,,,0.64,1.0
lec_degradation,51008,0.0005754851154051721,err2,normal,0.0,2,0,1.0,0.8936437964439392,,
mec_degradation,51008,0.0005754851154051721,err2,normal,0.0,2,0,,,0.64,1.0
lec_degradation,51008,0.0005754851154051721,err2,normal,0.0,3,0,1.0,0.8936437964439392,,
mec_degradation,51008,0.0005754851154051721,err2,normal,0.0,3,0,,,0.64,1.0
lec_degradation,51008,0.0005754851154051721,err2,normal,0.0,4,0,1.0,0.8936437964439392,,
mec_degradation,51008,0.0005754851154051721,err2,normal,0.0,4,0,,,0.64,1.0
lec_degradation,51008,0.0005754851154051721,err2,normal,0.0,5,0,1.0,0.8936437964439392,,
mec_degradation,51008,0.0005754851154051721,err2,normal,0.0,5,0,,,0.64,1.0
lec_degradation,51008,0.0005754851154051721,err2,normal,0.0,6,0,1.0,0.8936437964439392,,
mec_degradation,51008,0.0005754851154051721,err2,normal,0.0,6,0,,,0.64,1.0
lec_degradation,51008,0.0005754851154051721,err2,normal,0.0,7,0,1.0,0.8936437964439392,,
mec_degradation,51008,0.0005754851154051721,err2,normal,0.0,7,0,,,0.64,1.0
lec_degradation,51008,0.0005754851154051721,err2,normal,0.0,8,0,1.0,0.8936437964439392,,
mec_degradation,51008,0.0005754851154051721,err2,normal,0.0,8,0,,,0.64,1.0
lec_degradation,51008,0.0005754851154051721,err2,normal,0.0,9,0,1.0,0.8936437964439392,,
mec_degradation,51008,0.0005754851154051721,err2,normal,0.0,9,0,,,0.64,1.0
lec_degradation,51008,0.0005754851154051721,err2,normal,0.0,10,0,1.0,0.8936437964439392,,
mec_degradation,51008,0.0005754851154051721,err2,normal,0.0,10,0,,,0.64,1.0
lec_degradation,51008,0.0005754851154051721,err2,normal,0.0,11,0,1.0,0.8936437964439392,,
mec_degradation,51008,0.0005754851154051721,err2,normal,0.0,11,0,,,0.64,1.0
lec_degradation,51008,0.0005754851154051721,err2,normal,0.25,0,6,1.0,0.8060186505317688,,
mec_degradation,51008,0.0005754851154051721,err2,normal,0.25,0,6,,,0.38,1.0
lec_degradation,51008,0.0005754851154051721,err2,normal,0.25,1,6,1.0,0.7922930717468262,,
mec_degradation,51008,0.0005754851154051721,err2,normal,0.25,1,6,,,0.4,1.0
lec_degradation,51008,0.0005754851154051721,err2,normal,0.25,2,6,1.0,0.8276826739311218,,
mec_degradation,51008,0.0005754851154051721,err2,normal,0.25,2,6,,,0.46,1.0
lec_degradation,51008,0.0005754851154051721,err2,normal,0.25,3,6,1.0,0.8287203311920166,,
mec_degradation,51008,0.0005754851154051721,err2,normal,0.25,3,6,,,0.48,1.0
lec_degradation,51008,0.0005754851154051721,err2,normal,0.25,4,6,1.0,0.7682486772537231,,
mec_degradation,51008,0.0005754851154051721,err2,normal,0.25,4,6,,,0.36,1.0
lec_degradation,51008,0.0005754851154051721,err2,normal,0.25,5,6,1.0,0.8317824006080627,,
mec_degradation,51008,0.0005754851154051721,err2,normal,0.25,5,6,,,0.42,1.0
lec_degradation,51008,0.0005754851154051721,err2,normal,0.25,6,6,1.0,0.8081963062286377,,
mec_degradation,51008,0.0005754851154051721,err2,normal,0.25,6,6,,,0.46,1.0
lec_degradation,51008,0.0005754851154051721,err2,normal,0.25,7,6,1.0,0.8073869347572327,,
mec_degradation,51008,0.0005754851154051721,err2,normal,0.25,7,6,,,0.46,1.0
lec_degradation,51008,0.0005754851154051721,err2,normal,0.25,8,6,1.0,0.8454949855804443,,
mec_degradation,51008,0.0005754851154051721,err2,normal,0.25,8,6,,,0.5,1.0
lec_degradation,51008,0.0005754851154051721,err2,normal,0.25,9,6,1.0,0.8117811679840088,,
mec_degradation,51008,0.0005754851154051721,err2,normal,0.25,9,6,,,0.24,1.0
lec_degradation,51008,0.0005754851154051721,err2,normal,0.25,10,6,1.0,0.7705945372581482,,
mec_degradation,51008,0.0005754851154051721,err2,normal,0.25,10,6,,,0.44,1.0
lec_degradation,51008,0.0005754851154051721,err2,normal,0.25,11,6,1.0,0.7978144884109497,,
mec_degradation,51008,0.0005754851154051721,err2,normal,0.25,11,6,,,0.4,1.0
lec_degradation,51008,0.0005754851154051721,err2,normal,0.5,0,12,1.0,0.8019329309463501,,
mec_degradation,51008,0.0005754851154051721,err2,normal,0.5,0,12,,,0.2,1.0
lec_degradation,51008,0.0005754851154051721,err2,normal,0.5,1,12,1.0,0.7380052804946899,,
mec_degradation,51008,0.0005754851154051721,err2,normal,0.5,1,12,,,0.22,1.0
lec_degradation,51008,0.0005754851154051721,err2,normal,0.5,2,12,1.0,0.7798778414726257,,
mec_degradation,51008,0.0005754851154051721,err2,normal,0.5,2,12,,,0.24,1.0
lec_degradation,51008,0.0005754851154051721,err2,normal,0.5,3,12,1.0,0.7476503849029541,,
mec_degradation,51008,0.0005754851154051721,err2,normal,0.5,3,12,,,0.28,1.0
lec_degradation,51008,0.0005754851154051721,err2,normal,0.5,4,12,1.0,0.7549811005592346,,
mec_degradation,51008,0.0005754851154051721,err2,normal,0.5,4,12,,,0.18,1.0
lec_degradation,51008,0.0005754851154051721,err2,normal,0.5,5,12,1.0,0.725200891494751,,
mec_degradation,51008,0.0005754851154051721,err2,normal,0.5,5,12,,,0.26,1.0
lec_degradation,51008,0.0005754851154051721,err2,normal,0.5,6,12,1.0,0.7887511253356934,,
mec_degradation,51008,0.0005754851154051721,err2,normal,0.5,6,12,,,0.22,1.0
lec_degradation,51008,0.0005754851154051721,err2,normal,0.5,7,12,1.0,0.8107306957244873,,
mec_degradation,51008,0.0005754851154051721,err2,normal,0.5,7,12,,,0.22,1.0
lec_degradation,51008,0.0005754851154051721,err2,normal,0.5,8,12,1.0,0.8288353085517883,,
mec_degradation,51008,0.0005754851154051721,err2,normal,0.5,8,12,,,0.34,1.0
lec_degradation,51008,0.0005754851154051721,err2,normal,0.5,9,12,1.0,0.7637449502944946,,
mec_degradation,51008,0.0005754851154051721,err2,normal,0.5,9,12,,,0.18,1.0
lec_degradation,51008,0.0005754851154051721,err2,normal,0.5,10,12,1.0,0.7256848812103271,,
mec_degradation,51008,0.0005754851154051721,err2,normal,0.5,10,12,,,0.26,1.0
lec_degradation,51008,0.0005754851154051721,err2,normal,0.5,11,12,1.0,0.7899864912033081,,
mec_degradation,51008,0.0005754851154051721,err2,normal,0.5,11,12,,,0.28,1.0
lec_degradation,51008,0.0005754851154051721,err2,normal,0.75,0,19,1.0,0.7713136076927185,,
mec_degradation,51008,0.0005754851154051721,err2,normal,0.75,0,19,,,0.08,1.0
lec_degradation,51008,0.0005754851154051721,err2,normal,0.75,1,19,1.0,0.7617611885070801,,
mec_degradation,51008,0.0005754851154051721,err2,normal,0.75,1,19,,,0.08,1.0
lec_degradation,51008,0.0005754851154051721,err2,normal,0.75,2,19,1.0,0.8000264763832092,,
mec_degradation,51008,0.0005754851154051721,err2,normal,0.75,2,19,,,0.16,1.0
lec_degradation,51008,0.0005754851154051721,err2,normal,0.75,3,19,0.5,0.736745297908783,,
mec_degradation,51008,0.0005754851154051721,err2,normal,0.75,3,19,,,0.12,1.0
lec_degradation,51008,0.0005754851154051721,err2,normal,0.75,4,19,1.0,0.7679685950279236,,
mec_degradation,51008,0.0005754851154051721,err2,normal,0.75,4,19,,,0.12,1.0
lec_degradation,51008,0.0005754851154051721,err2,normal,0.75,5,19,1.0,0.7527153491973877,,
mec_degradation,51008,0.0005754851154051721,err2,normal,0.75,5,19,,,0.12,1.0
lec_degradation,51008,0.0005754851154051721,err2,normal,0.75,6,19,1.0,0.7267569899559021,,
mec_degradation,51008,0.0005754851154051721,err2,normal,0.75,6,19,,,0.12,1.0
lec_degradation,51008,0.0005754851154051721,err2,normal,0.75,7,19,1.0,0.7831194400787354,,
mec_degradation,51008,0.0005754851154051721,err2,normal,0.75,7,19,,,0.16,1.0
lec_degradation,51008,0.0005754851154051721,err2,normal,0.75,8,19,1.0,0.7585803866386414,,
mec_degradation,51008,0.0005754851154051721,err2,normal,0.75,8,19,,,0.22,1.0
lec_degradation,51008,0.0005754851154051721,err2,normal,0.75,9,19,1.0,0.6629282236099243,,
mec_degradation,51008,0.0005754851154051721,err2,normal,0.75,9,19,,,0.16,1.0
lec_degradation,51008,0.0005754851154051721,err2,normal,0.75,10,19,1.0,0.7128666043281555,,
mec_degradation,51008,0.0005754851154051721,err2,normal,0.75,10,19,,,0.18,1.0
lec_degradation,51008,0.0005754851154051721,err2,normal,0.75,11,19,1.0,0.7115691304206848,,
mec_degradation,51008,0.0005754851154051721,err2,normal,0.75,11,19,,,0.12,1.0
lec_degradation,51008,0.0005754851154051721,err2,normal,0.9,0,22,1.0,0.6830332279205322,,
mec_degradation,51008,0.0005754851154051721,err2,normal,0.9,0,22,,,0.04,1.0
lec_degradation,51008,0.0005754851154051721,err2,normal,0.9,1,22,1.0,0.7301334142684937,,
mec_degradation,51008,0.0005754851154051721,err2,normal,0.9,1,22,,,0.12,1.0
lec_degradation,51008,0.0005754851154051721,err2,normal,0.9,2,22,0.5,0.7232135534286499,,
mec_degradation,51008,0.0005754851154051721,err2,normal,0.9,2,22,,,0.08,1.0
lec_degradation,51008,0.0005754851154051721,err2,normal,0.9,3,22,1.0,0.6830332279205322,,
mec_degradation,51008,0.0005754851154051721,err2,normal,0.9,3,22,,,0.1,1.0
lec_degradation,51008,0.0005754851154051721,err2,normal,0.9,4,22,1.0,0.753517746925354,,
mec_degradation,51008,0.0005754851154051721,err2,normal,0.9,4,22,,,0.04,1.0
lec_degradation,51008,0.0005754851154051721,err2,normal,0.9,5,22,1.0,0.7347148656845093,,
mec_degradation,51008,0.0005754851154051721,err2,normal,0.9,5,22,,,0.04,1.0
lec_degradation,51008,0.0005754851154051721,err2,normal,0.9,6,22,1.0,0.7439823150634766,,
mec_degradation,51008,0.0005754851154051721,err2,normal,0.9,6,22,,,0.1,1.0
lec_degradation,51008,0.0005754851154051721,err2,normal,0.9,7,22,1.0,0.7203635573387146,,
mec_degradation,51008,0.0005754851154051721,err2,normal,0.9,7,22,,,0.08,1.0
lec_degradation,51008,0.0005754851154051721,err2,normal,0.9,8,22,0.5,0.7587538957595825,,
mec_degradation,51008,0.0005754851154051721,err2,normal,0.9,8,22,,,0.08,1.0
lec_degradation,51008,0.0005754851154051721,err2,normal,0.9,9,22,1.0,0.6994983553886414,,
mec_degradation,51008,0.0005754851154051721,err2,normal,0.9,9,22,,,0.06,1.0
lec_degradation,51008,0.0005754851154051721,err2,normal,0.9,10,22,1.0,0.7060866355895996,,
mec_degradation,51008,0.0005754851154051721,err2,normal,0.9,10,22,,,0.08,1.0
lec_degradation,51008,0.0005754851154051721,err2,normal,0.9,11,22,1.0,0.7709843516349792,,
mec_degradation,51008,0.0005754851154051721,err2,normal,0.9,11,22,,,0.1,1.0
lec_degradation,51008,0.0005754851154051721,err2,dense,0.0,0,0,0.5,0.30147427320480347,,
mec_degradation,51008,0.0005754851154051721,err2,dense,0.0,0,0,,,0.02,0.5
lec_degradation,51008,0.0005754851154051721,err2,dense,0.0,1,0,0.5,0.30147427320480347,,
mec_degradation,51008,0.0005754851154051721,err2,dense,0.0,1,0,,,0.02,0.5
lec_degradation,51008,0.0005754851154051721,err2,dense,0.0,2,0,0.5,0.30147427320480347,,
mec_degradation,51008,0.0005754851154051721,err2,dense,0.0,2,0,,,0.02,0.5
lec_degradation,51008,0.0005754851154051721,err2,dense,0.0,3,0,0.5,0.30147427320480347,,
mec_degradation,51008,0.0005754851154051721,err2,dense,0.0,3,0,,,0.02,0.5
lec_degradation,51008,0.0005754851154051721,err2,dense,0.0,4,0,0.5,0.30147427320480347,,
mec_degradation,51008,0.0005754851154051721,err2,dense,0.0,4,0,,,0.02,0.5
lec_degradation,51008,0.0005754851154051721,err2,dense,0.0,5,0,0.5,0.30147427320480347,,
mec_degradation,51008,0.0005754851154051721,err2,dense,0.0,5,0,,,0.02,0.5
lec_degradation,51008,0.0005754851154051721,err2,dense,0.0,6,0,0.5,0.30147427320480347,,
mec_degradation,51008,0.0005754851154051721,err2,dense,0.0,6,0,,,0.02,0.5
lec_degradation,51008,0.0005754851154051721,err2,dense,0.0,7,0,0.5,0.30147427320480347,,
mec_degradation,51008,0.0005754851154051721,err2,dense,0.0,7,0,,,0.02,0.5
lec_degradation,51008,0.0005754851154051721,err2,dense,0.0,8,0,0.5,0.30147427320480347,,
mec_degradation,51008,0.0005754851154051721,err2,dense,0.0,8,0,,,0.02,0.5
lec_degradation,51008,0.0005754851154051721,err2,dense,0.0,9,0,0.5,0.30147427320480347,,
mec_degradation,51008,0.0005754851154051721,err2,dense,0.0,9,0,,,0.02,0.5
lec_degradation,51008,0.0005754851154051721,err2,dense,0.0,10,0,0.5,0.30147427320480347,,
mec_degradation,51008,0.0005754851154051721,err2,dense,0.0,10,0,,,0.02,0.5
lec_degradation,51008,0.0005754851154051721,err2,dense,0.0,11,0,0.5,0.30147427320480347,,
mec_degradation,51008,0.0005754851154051721,err2,dense,0.0,11,0,,,0.02,0.5
lec_degradation,51008,0.0005754851154051721,err2,dense,0.25,0,6,0.5,0.30147427320480347,,
mec_degradation,51008,0.0005754851154051721,err2,dense,0.25,0,6,,,0.02,0.5
lec_degradation,51008,0.0005754851154051721,err2,dense,0.25,1,6,0.5,0.30147427320480347,,
mec_degradation,51008,0.0005754851154051721,err2,dense,0.25,1,6,,,0.02,0.5
lec_degradation,51008,0.0005754851154051721,err2,dense,0.25,2,6,0.5,0.30147427320480347,,
mec_degradation,51008,0.0005754851154051721,err2,dense,0.25,2,6,,,0.02,0.5
lec_degradation,51008,0.0005754851154051721,err2,dense,0.25,3,6,0.5,0.30147427320480347,,
mec_degradation,51008,0.0005754851154051721,err2,dense,0.25,3,6,,,0.02,0.5
lec_degradation,51008,0.0005754851154051721,err2,dense,0.25,4,6,0.5,0.30147427320480347,,
mec_degradation,51008,0.0005754851154051721,err2,dense,0.25,4,6,,,0.02,0.5
lec_degradation,51008,0.0005754851154051721,err2,dense,0.25,5,6,0.5,0.30147427320480347,,
mec_degradation,51008,0.0005754851154051721,err2,dense,0.25,5,6,,,0.02,0.5
lec_degradation,51008,0.0005754851154051721,err2,dense,0.25,6,6,0.5,0.30147427320480347,,
mec_degradation,51008,0.0005754851154051721,err2,dense,0.25,6,6,,,0.02,0.5
lec_degradation,51008,0.0005754851154051721,err2,dense,0.25,7,6,0.5,0.30147427320480347,,
mec_degradation,51008,0.0005754851154051721,err2,dense,0.25,7,6,,,0.02,0.5
lec_degradation,51008,0.0005754851154051721,err2,dense,0.25,8,6,0.5,0.30147427320480347,,
mec_degradation,51008,0.0005754851154051721,err2,dense,0.25,8,6,,,0.02,0.5
lec_degradation,51008,0.0005754851154051721,err2,dense,0.25,9,6,0.5,0.30147427320480347,,
mec_degradation,51008,0.0005754851154051721,err2,dense,0.25,9,6,,,0.02,0.5
lec_degradation,51008,0.0005754851154051721,err2,dense,0.25,10,6,0.5,0.30147427320480347,,
mec_degradation,51008,0.0005754851154051721,err2,dense,0.25,10,6,,,0.02,0.5
lec_degradation,51008,0.0005754851154051721,err2,dense,0.25,11,6,0.5,0.30147427320480347,,
mec_degradation,51008,0.0005754851154051721,err2,dense,0.25,11,6,,,0.02,0.5
lec_degradation,51008,0.0005754851154051721,err2,dense,0.5,0,12,0.5,0.30147427320480347,,
mec_degradation,51008,0.0005754851154051721,err2,dense,0.5,0,12,,,0.02,0.5
lec_degradation,51008,0.0005754851154051721,err2,dense,0.5,1,12,0.5,0.30147427320480347,,
mec_degradation,51008,0.0005754851154051721,err2,dense,0.5,1,12,,,0.02,0.5
lec_degradation,51008,0.0005754851154051721,err2,dense,0.5,2,12,0.5,0.30147427320480347,,
mec_degradation,51008,0.0005754851154051721,err2,dense,0.5,2,12,,,0.02,0.5
lec_degradation,51008,0.0005754851154051721,err2,dense,0.5,3,12,0.5,0.30147427320480347,,
mec_degradation,51008,0.0005754851154051721,err2,dense,0.5,3,12,,,0.02,0.5
lec_degradation,51008,0.0005754851154051721,err2,dense,0.5,4,12,0.5,0.30147427320480347,,
mec_degradation,51008,0.0005754851154051721,err2,dense,0.5,4,12,,,0.02,0.5
lec_degradation,51008,0.0005754851154051721,err2,dense,0.5,5,12,0.5,0.30147427320480347,,
mec_degradation,51008,0.0005754851154051721,err2,dense,0.5,5,12,,,0.02,0.5
lec_degradation,51008,0.0005754851154051721,err2,dense,0.5,6,12,0.5,0.30147427320480347,,
mec_degradation,51008,0.0005754851154051721,err2,dense,0.5,6,12,,,0.02,0.5
lec_degradation,51008,0.0005754851154051721,err2,dense,0.5,7,12,0.5,0.30147427320480347,,
mec_degradation,51008,0.0005754851154051721,err2,dense,0.5,7,12,,,0.02,0.5
lec_degradation,51008,0.0005754851154051721,err2,dense,0.5,8,12,0.5,0.30147427320480347,,
mec_degradation,51008,0.0005754851154051721,err2,dense,0.5,8,12,,,0.02,0.5
lec_degradation,51008,0.0005754851154051721,err2,dense,0.5,9,12,0.5,0.30147427320480347,,
mec_degradation,51008,0.0005754851154051721,err2,dense,0.5,9,12,,,0.02,0.5
lec_degradation,51008,0.0005754851154051721,err2,dense,0.5,10,12,0.5,0.30147427320480347,,
mec_degradation,51008,0.0005754851154051721,err2,dense,0.5,10,12,,,0.02,0.5
lec_degradation,51008,0.0005754851154051721,err2,dense,0.5,11,12,0.5,0.30147427320480347,,
mec_degradation,51008,0.0005754851154051721,err2,dense,0.5,11,12,,,0.02,0.5
lec_degradation,51008,0.0005754851154051721,err2,dense,0.75,0,19,0.5,0.30147427320480347,,
mec_degradation,51008,0.0005754851154051721,err2,dense,0.75,0,19,,,0.02,0.5
lec_degradation,51008,0.0005754851154051721,err2,dense,0.75,1,19,0.5,0.30147427320480347,,
mec_degradation,51008,0.0005754851154051721,err2,dense,0.75,1,19,,,0.02,0.5
lec_degradation,51008,0.0005754851154051721,err2,dense,0.75,2,19,0.5,0.30147427320480347,,
mec_degradation,51008,0.0005754851154051721,err2,dense,0.75,2,19,,,0.02,0.5
lec_degradation,51008,0.0005754851154051721,err2,dense,0.75,3,19,0.5,0.30147427320480347,,
mec_degradation,51008,0.0005754851154051721,err2,dense,0.75,3,19,,,0.02,0.5
lec_degradation,51008,0.0005754851154051721,err2,dense,0.75,4,19,0.5,0.30147427320480347,,
mec_degradation,51008,0.0005754851154051721,err2,dense,0.75,4,19,,,0.02,0.5
lec_degradation,51008,0.0005754851154051721,err2,dense,0.75,5,19,0.5,0.30147427320480347,,
mec_degradation,51008,0.0005754851154051721,err2,dense,0.75,5,19,,,0.02,0.5
lec_degradation,51008,0.0005754851154051721,err2,dense,0.75,6,19,0.5,0.30147427320480347,,
mec_degradation,51008,0.0005754851154051721,err2,dense,0.75,6,19,,,0.02,0.5
lec_degradation,51008,0.0005754851154051721,err2,dense,0.75,7,19,0.5,0.30147427320480347,,
mec_degradation,51008,0.0005754851154051721,err2,dense,0.75,7,19,,,0.02,0.5
lec_degradation,51008,0.0005754851154051721,err2,dense,0.75,8,19,0.5,0.30147427320480347,,
mec_degradation,51008,0.0005754851154051721,err2,dense,0.75,8,19,,,0.02,0.5
lec_degradation,51008,0.0005754851154051721,err2,dense,0.75,9,19,0.5,0.30147427320480347,,
mec_degradation,51008,0.0005754851154051721,err2,dense,0.75,9,19,,,0.02,0.5
lec_degradation,51008,0.0005754851154051721,err2,dense,0.75,10,19,0.5,0.30147427320480347,,
mec_degradation,51008,0.0005754851154051721,err2,dense,0.75,10,19,,,0.02,0.5
lec_degradation,51008,0.0005754851154051721,err2,dense,0.75,11,19,0.5,0.30147427320480347,,
mec_degradation,51008,0.0005754851154051721,err2,dense,0.75,11,19,,,0.02,0.5
lec_degradation,51008,0.0005754851154051721,err2,dense,0.9,0,22,0.5,0.30147427320480347,,
mec_degradation,51008,0.0005754851154051721,err2,dense,0.9,0,22,,,0.02,0.5
lec_degradation,51008,0.0005754851154051721,err2,dense,0.9,1,22,0.5,0.30147427320480347,,
mec_degradation,51008,0.0005754851154051721,err2,dense,0.9,1,22,,,0.02,0.5
lec_degradation,51008,0.0005754851154051721,err2,dense,0.9,2,22,0.5,0.30147427320480347,,
mec_degradation,51008,0.0005754851154051721,err2,dense,0.9,2,22,,,0.02,0.5
lec_degradation,51008,0.0005754851154051721,err2,dense,0.9,3,22,0.5,0.30147427320480347,,
mec_degradation,51008,0.0005754851154051721,err2,dense,0.9,3,22,,,0.02,0.5
lec_degradation,51008,0.0005754851154051721,err2,dense,0.9,4,22,0.5,0.30147427320480347,,
mec_degradation,51008,0.0005754851154051721,err2,dense,0.9,4,22,,,0.02,0.5
lec_degradation,51008,0.0005754851154051721,err2,dense,0.9,5,22,0.5,0.30147427320480347,,
mec_degradation,51008,0.0005754851154051721,err2,dense,0.9,5,22,,,0.02,0.5
lec_degradation,51008,0.0005754851154051721,err2,dense,0.9,6,22,0.5,0.30147427320480347,,
mec_degradation,51008,0.0005754851154051721,err2,dense,0.9,6,22,,,0.02,0.5
lec_degradation,51008,0.0005754851154051721,err2,dense,0.9,7,22,0.5,0.30147427320480347,,
mec_degradation,51008,0.0005754851154051721,err2,dense,0.9,7,22,,,0.02,0.5
lec_degradation,51008,0.0005754851154051721,err2,dense,0.9,8,22,0.5,0.30147427320480347,,
mec_degradation,51008,0.0005754851154051721,err2,dense,0.9,8,22,,,0.02,0.5
lec_degradation,51008,0.0005754851154051721,err2,dense,0.9,9,22,0.5,0.30147427320480347,,
mec_degradation,51008,0.0005754851154051721,err2,dense,0.9,9,22,,,0.02,0.5
lec_degradation,51008,0.0005754851154051721,err2,dense,0.9,10,22,0.5,0.30147427320480347,,
mec_degradation,51008,0.0005754851154051721,err2,dense,0.9,10,22,,,0.02,0.5
lec_degradation,51008,0.0005754851154051721,err2,dense,0.9,11,22,0.5,0.30147427320480347,,
mec_degradation,51008,0.0005754851154051721,err2,dense,0.9,11,22,,,0.02,0.5
lec_degradation,51009,0.0007880854536779225,base,normal,0.0,0,0,1.0,0.7909242510795593,,
mec_degradation,51009,0.0007880854536779225,base,normal,0.0,0,0,,,0.16,1.0
lec_degradation,51009,0.0007880854536779225,base,normal,0.0,1,0,1.0,0.7909242510795593,,
mec_degradation,51009,0.0007880854536779225,base,normal,0.0,1,0,,,0.16,1.0
lec_degradation,51009,0.0007880854536779225,base,normal,0.0,2,0,1.0,0.7909242510795593,,
mec_degradation,51009,0.0007880854536779225,base,normal,0.0,2,0,,,0.16,1.0
lec_degradation,51009,0.0007880854536779225,base,normal,0.0,3,0,1.0,0.7909242510795593,,
mec_degradation,51009,0.0007880854536779225,base,normal,0.0,3,0,,,0.16,1.0
lec_degradation,51009,0.0007880854536779225,base,normal,0.0,4,0,1.0,0.7909242510795593,,
mec_degradation,51009,0.0007880854536779225,base,normal,0.0,4,0,,,0.16,1.0
lec_degradation,51009,0.0007880854536779225,base,normal,0.0,5,0,1.0,0.7909242510795593,,
mec_degradation,51009,0.0007880854536779225,base,normal,0.0,5,0,,,0.16,1.0
lec_degradation,51009,0.0007880854536779225,base,normal,0.0,6,0,1.0,0.7909242510795593,,
mec_degradation,51009,0.0007880854536779225,base,normal,0.0,6,0,,,0.16,1.0
lec_degradation,51009,0.0007880854536779225,base,normal,0.0,7,0,1.0,0.7909242510795593,,
mec_degradation,51009,0.0007880854536779225,base,normal,0.0,7,0,,,0.16,1.0
lec_degradation,51009,0.0007880854536779225,base,normal,0.0,8,0,1.0,0.7909242510795593,,
mec_degradation,51009,0.0007880854536779225,base,normal,0.0,8,0,,,0.16,1.0
lec_degradation,51009,0.0007880854536779225,base,normal,0.0,9,0,1.0,0.7909242510795593,,
mec_degradation,51009,0.0007880854536779225,base,normal,0.0,9,0,,,0.16,1.0
lec_degradation,51009,0.0007880854536779225,base,normal,0.0,10,0,1.0,0.7909242510795593,,
mec_degradation,51009,0.0007880854536779225,base,normal,0.0,10,0,,,0.16,1.0
lec_degradation,51009,0.0007880854536779225,base,normal,0.0,11,0,1.0,0.7909242510795593,,
mec_degradation,51009,0.0007880854536779225,base,normal,0.0,11,0,,,0.16,1.0
lec_degradation,51009,0.0007880854536779225,base,normal,0.25,0,6,1.0,0.8025777339935303,,
mec_degradation,51009,0.0007880854536779225,base,normal,0.25,0,6,,,0.12,1.0
lec_degradation,51009,0.0007880854536779225,base,normal,0.25,1,6,1.0,0.8044365048408508,,
mec_degradation,51009,0.0007880854536779225,base,normal,0.25,1,6,,,0.18,1.0
lec_degradation,51009,0.0007880854536779225,base,normal,0.25,2,6,1.0,0.785952091217041,,
mec_degradation,51009,0.0007880854536779225,base,normal,0.25,2,6,,,0.16,1.0
lec_degradation,51009,0.0007880854536779225,base,normal,0.25,3,6,1.0,0.812355637550354,,
mec_degradation,51009,0.0007880854536779225,base,normal,0.25,3,6,,,0.18,1.0
lec_degradation,51009,0.0007880854536779225,base,normal,0.25,4,6,1.0,0.7948563098907471,,
mec_degradation,51009,0.0007880854536779225,base,normal,0.25,4,6,,,0.2,1.0
lec_degradation,51009,0.0007880854536779225,base,normal,0.25,5,6,1.0,0.7726800441741943,,
mec_degradation,51009,0.0007880854536779225,base,normal,0.25,5,6,,,0.22,1.0
lec_degradation,51009,0.0007880854536779225,base,normal,0.25,6,6,1.0,0.7633979916572571,,
mec_degradation,51009,0.0007880854536779225,base,normal,0.25,6,6,,,0.2,1.0
lec_degradation,51009,0.0007880854536779225,base,normal,0.25,7,6,1.0,0.7632380723953247,,
mec_degradation,51009,0.0007880854536779225,base,normal,0.25,7,6,,,0.18,1.0
lec_degradation,51009,0.0007880854536779225,base,normal,0.25,8,6,1.0,0.7935596704483032,,
mec_degradation,51009,0.0007880854536779225,base,normal,0.25,8,6,,,0.1,1.0
lec_degradation,51009,0.0007880854536779225,base,normal,0.25,9,6,1.0,0.7770950794219971,,
mec_degradation,51009,0.0007880854536779225,base,normal,0.25,9,6,,,0.18,1.0
lec_degradation,51009,0.0007880854536779225,base,normal,0.25,10,6,1.0,0.8104316592216492,,
mec_degradation,51009,0.0007880854536779225,base,normal,0.25,10,6,,,0.16,1.0
lec_degradation,51009,0.0007880854536779225,base,normal,0.25,11,6,1.0,0.7922829985618591,,
mec_degradation,51009,0.0007880854536779225,base,normal,0.25,11,6,,,0.2,1.0
lec_degradation,51009,0.0007880854536779225,base,normal,0.5,0,12,1.0,0.7792233824729919,,
mec_degradation,51009,0.0007880854536779225,base,normal,0.5,0,12,,,0.12,1.0
lec_degradation,51009,0.0007880854536779225,base,normal,0.5,1,12,1.0,0.7982921600341797,,
mec_degradation,51009,0.0007880854536779225,base,normal,0.5,1,12,,,0.14,1.0
lec_degradation,51009,0.0007880854536779225,base,normal,0.5,2,12,1.0,0.7666642665863037,,
mec_degradation,51009,0.0007880854536779225,base,normal,0.5,2,12,,,0.12,1.0
lec_degradation,51009,0.0007880854536779225,base,normal,0.5,3,12,1.0,0.7918241024017334,,
mec_degradation,51009,0.0007880854536779225,base,normal,0.5,3,12,,,0.14,1.0
lec_degradation,51009,0.0007880854536779225,base,normal,0.5,4,12,1.0,0.8025340437889099,,
mec_degradation,51009,0.0007880854536779225,base,normal,0.5,4,12,,,0.12,1.0
lec_degradation,51009,0.0007880854536779225,base,normal,0.5,5,12,1.0,0.8044928908348083,,
mec_degradation,51009,0.0007880854536779225,base,normal,0.5,5,12,,,0.12,1.0
lec_degradation,51009,0.0007880854536779225,base,normal,0.5,6,12,1.0,0.806263267993927,,
mec_degradation,51009,0.0007880854536779225,base,normal,0.5,6,12,,,0.16,1.0
lec_degradation,51009,0.0007880854536779225,base,normal,0.5,7,12,0.5,0.742021381855011,,
mec_degradation,51009,0.0007880854536779225,base,normal,0.5,7,12,,,0.14,1.0
lec_degradation,51009,0.0007880854536779225,base,normal,0.5,8,12,1.0,0.7897053360939026,,
mec_degradation,51009,0.0007880854536779225,base,normal,0.5,8,12,,,0.1,1.0
lec_degradation,51009,0.0007880854536779225,base,normal,0.5,9,12,1.0,0.7913546562194824,,
mec_degradation,51009,0.0007880854536779225,base,normal,0.5,9,12,,,0.12,1.0
lec_degradation,51009,0.0007880854536779225,base,normal,0.5,10,12,1.0,0.7850883603096008,,
mec_degradation,51009,0.0007880854536779225,base,normal,0.5,10,12,,,0.12,1.0
lec_degradation,51009,0.0007880854536779225,base,normal,0.5,11,12,1.0,0.8001194596290588,,
mec_degradation,51009,0.0007880854536779225,base,normal,0.5,11,12,,,0.12,1.0
lec_degradation,51009,0.0007880854536779225,base,normal,0.75,0,19,1.0,0.7638481259346008,,
mec_degradation,51009,0.0007880854536779225,base,normal,0.75,0,19,,,0.12,1.0
lec_degradation,51009,0.0007880854536779225,base,normal,0.75,1,19,0.5,0.7312325835227966,,
mec_degradation,51009,0.0007880854536779225,base,normal,0.75,1,19,,,0.08,1.0
lec_degradation,51009,0.0007880854536779225,base,normal,0.75,2,19,1.0,0.8013405799865723,,
mec_degradation,51009,0.0007880854536779225,base,normal,0.75,2,19,,,0.08,1.0
lec_degradation,51009,0.0007880854536779225,base,normal,0.75,3,19,1.0,0.7420427203178406,,
mec_degradation,51009,0.0007880854536779225,base,normal,0.75,3,19,,,0.08,1.0
lec_degradation,51009,0.0007880854536779225,base,normal,0.75,4,19,1.0,0.800011157989502,,
mec_degradation,51009,0.0007880854536779225,base,normal,0.75,4,19,,,0.04,1.0
lec_degradation,51009,0.0007880854536779225,base,normal,0.75,5,19,1.0,0.7803065776824951,,
mec_degradation,51009,0.0007880854536779225,base,normal,0.75,5,19,,,0.1,1.0
lec_degradation,51009,0.0007880854536779225,base,normal,0.75,6,19,1.0,0.7965046763420105,,
mec_degradation,51009,0.0007880854536779225,base,normal,0.75,6,19,,,0.12,1.0
lec_degradation,51009,0.0007880854536779225,base,normal,0.75,7,19,1.0,0.7590629458427429,,
mec_degradation,51009,0.0007880854536779225,base,normal,0.75,7,19,,,0.06,1.0
lec_degradation,51009,0.0007880854536779225,base,normal,0.75,8,19,1.0,0.7951193451881409,,
mec_degradation,51009,0.0007880854536779225,base,normal,0.75,8,19,,,0.14,1.0
lec_degradation,51009,0.0007880854536779225,base,normal,0.75,9,19,1.0,0.7883632183074951,,
mec_degradation,51009,0.0007880854536779225,base,normal,0.75,9,19,,,0.16,1.0
lec_degradation,51009,0.0007880854536779225,base,normal,0.75,10,19,1.0,0.7929771542549133,,
mec_degradation,51009,0.0007880854536779225,base,normal,0.75,10,19,,,0.06,1.0
lec_degradation,51009,0.0007880854536779225,base,normal,0.75,11,19,1.0,0.8143795728683472,,
mec_degradation,51009,0.0007880854536779225,base,normal,0.75,11,19,,,0.08,1.0
lec_degradation,51009,0.0007880854536779225,base,normal,0.9,0,22,1.0,0.7342755794525146,,
mec_degradation,51009,0.0007880854536779225,base,normal,0.9,0,22,,,0.08,1.0
lec_degradation,51009,0.0007880854536779225,base,normal,0.9,1,22,1.0,0.7900763750076294,,
mec_degradation,51009,0.0007880854536779225,base,normal,0.9,1,22,,,0.06,1.0
lec_degradation,51009,0.0007880854536779225,base,normal,0.9,2,22,1.0,0.737229585647583,,
mec_degradation,51009,0.0007880854536779225,base,normal,0.9,2,22,,,0.06,1.0
lec_degradation,51009,0.0007880854536779225,base,normal,0.9,3,22,1.0,0.7690871953964233,,
mec_degradation,51009,0.0007880854536779225,base,normal,0.9,3,22,,,0.06,1.0
lec_degradation,51009,0.0007880854536779225,base,normal,0.9,4,22,1.0,0.8009995818138123,,
mec_degradation,51009,0.0007880854536779225,base,normal,0.9,4,22,,,0.08,1.0
lec_degradation,51009,0.0007880854536779225,base,normal,0.9,5,22,1.0,0.7852909564971924,,
mec_degradation,51009,0.0007880854536779225,base,normal,0.9,5,22,,,0.08,1.0
lec_degradation,51009,0.0007880854536779225,base,normal,0.9,6,22,0.5,0.707844078540802,,
mec_degradation,51009,0.0007880854536779225,base,normal,0.9,6,22,,,0.06,1.0
lec_degradation,51009,0.0007880854536779225,base,normal,0.9,7,22,1.0,0.7900399565696716,,
mec_degradation,51009,0.0007880854536779225,base,normal,0.9,7,22,,,0.04,1.0
lec_degradation,51009,0.0007880854536779225,base,normal,0.9,8,22,1.0,0.764832615852356,,
mec_degradation,51009,0.0007880854536779225,base,normal,0.9,8,22,,,0.1,1.0
lec_degradation,51009,0.0007880854536779225,base,normal,0.9,9,22,1.0,0.7428032159805298,,
mec_degradation,51009,0.0007880854536779225,base,normal,0.9,9,22,,,0.06,1.0
lec_degradation,51009,0.0007880854536779225,base,normal,0.9,10,22,1.0,0.7935070991516113,,
mec_degradation,51009,0.0007880854536779225,base,normal,0.9,10,22,,,0.06,1.0
lec_degradation,51009,0.0007880854536779225,base,normal,0.9,11,22,1.0,0.7037753462791443,,
mec_degradation,51009,0.0007880854536779225,base,normal,0.9,11,22,,,0.1,1.0
lec_degradation,51009,0.0007880854536779225,base,dense,0.0,0,0,0.5,0.14455603063106537,,
mec_degradation,51009,0.0007880854536779225,base,dense,0.0,0,0,,,0.02,0.5
lec_degradation,51009,0.0007880854536779225,base,dense,0.0,1,0,0.5,0.14455603063106537,,
mec_degradation,51009,0.0007880854536779225,base,dense,0.0,1,0,,,0.02,0.5
lec_degradation,51009,0.0007880854536779225,base,dense,0.0,2,0,0.5,0.14455603063106537,,
mec_degradation,51009,0.0007880854536779225,base,dense,0.0,2,0,,,0.02,0.5
lec_degradation,51009,0.0007880854536779225,base,dense,0.0,3,0,0.5,0.14455603063106537,,
mec_degradation,51009,0.0007880854536779225,base,dense,0.0,3,0,,,0.02,0.5
lec_degradation,51009,0.0007880854536779225,base,dense,0.0,4,0,0.5,0.14455603063106537,,
mec_degradation,51009,0.0007880854536779225,base,dense,0.0,4,0,,,0.02,0.5
lec_degradation,51009,0.0007880854536779225,base,dense,0.0,5,0,0.5,0.14455603063106537,,
mec_degradation,51009,0.0007880854536779225,base,dense,0.0,5,0,,,0.02,0.5
lec_degradation,51009,0.0007880854536779225,base,dense,0.0,6,0,0.5,0.14455603063106537,,
mec_degradation,51009,0.0007880854536779225,base,dense,0.0,6,0,,,0.02,0.5
lec_degradation,51009,0.0007880854536779225,base,dense,0.0,7,0,0.5,0.14455603063106537,,
mec_degradation,51009,0.0007880854536779225,base,dense,0.0,7,0,,,0.02,0.5
lec_degradation,51009,0.0007880854536779225,base,dense,0.0,8,0,0.5,0.14455603063106537,,
mec_degradation,51009,0.0007880854536779225,base,dense,0.0,8,0,,,0.02,0.5
lec_degradation,51009,0.0007880854536779225,base,dense,0.0,9,0,0.5,0.14455603063106537,,
mec_degradation,51009,0.0007880854536779225,base,dense,0.0,9,0,,,0.02,0.5
lec_degradation,51009,0.0007880854536779225,base,dense,0.0,10,0,0.5,0.14455603063106537,,
mec_degradation,51009,0.0007880854536779225,base,dense,0.0,10,0,,,0.02,0.5
lec_degradation,51009,0.0007880854536779225,base,dense,0.0,11,0,0.5,0.14455603063106537,,
mec_degradation,51009,0.0007880854536779225,base,dense,0.0,11,0,,,0.02,0.5
lec_degradation,51009,0.0007880854536779225,base,dense,0.25,0,6,0.5,0.14455603063106537,,
mec_degradation,51009,0.0007880854536779225,base,dense,0.25,0,6,,,0.02,0.5
lec_degradation,51009,0.0007880854536779225,base,dense,0.25,1,6,0.5,0.14455603063106537,,
mec_degradation,51009,0.0007880854536779225,base,dense,0.25,1,6,,,0.02,0.5
lec_degradation,51009,0.0007880854536779225,base,dense,0.25,2,6,0.5,0.14455603063106537,,
mec_degradation,51009,0.0007880854536779225,base,dense,0.25,2,6,,,0.02,0.5
lec_degradation,51009,0.0007880854536779225,base,dense,0.25,3,6,0.5,0.14455603063106537,,
mec_degradation,51009,0.0007880854536779225,base,dense,0.25,3,6,,,0.02,0.5
lec_degradation,51009,0.0007880854536779225,base,dense,0.25,4,6,0.5,0.14455603063106537,,
mec_degradation,51009,0.0007880854536779225,base,dense,0.25,4,6,,,0.02,0.5
lec_degradation,51009,0.0007880854536779225,base,dense,0.25,5,6,0.5,0.14455603063106537,,
mec_degradation,51009,0.0007880854536779225,base,dense,0.25,5,6,,,0.02,0.5
lec_degradation,51009,0.0007880854536779225,base,dense,0.25,6,6,0.5,0.14455603063106537,,
mec_degradation,51009,0.0007880854536779225,base,dense,0.25,6,6,,,0.02,0.5
lec_degradation,51009,0.0007880854536779225,base,dense,0.25,7,6,0.5,0.14455603063106537,,
mec_degradation,51009,0.0007880854536779225,base,dense,0.25,7,6,,,0.02,0.5
lec_degradation,51009,0.0007880854536779225,base,dense,0.25,8,6,0.5,0.14455603063106537,,
mec_degradation,51009,0.0007880854536779225,base,dense,0.25,8,6,,,0.02,0.5
lec_degradation,51009,0.0007880854536779225,base,dense,0.25,9,6,0.5,0.14455603063106537,,
mec_degradation,51009,0.0007880854536779225,base,dense,0.25,9,6,,,0.02,0.5
lec_degradation,51009,0.0007880854536779225,base,dense,0.25,10,6,0.5,0.14455603063106537,,
mec_degradation,51009,0.0007880854536779225,base,dense,0.25,10,6,,,0.02,0.5
lec_degradation,51009,0.0007880854536779225,base,dense,0.25,11,6,0.5,0.14455603063106537,,
mec_degradation,51009,0.0007880854536779225,base,dense,0.25,11,6,,,0.02,0.5
lec_degradation,51009,0.0007880854536779225,base,dense,0.5,0,12,0.5,0.14455603063106537,,
mec_degradation,51009,0.0007880854536779225,base,dense,0.5,0,12,,,0.02,0.5
lec_degradation,51009,0.0007880854536779225,base,dense,0.5,1,12,0.5,0.14455603063106537,,
mec_degradation,51009,0.0007880854536779225,base,dense,0.5,1,12,,,0.02,0.5
lec_degradation,51009,0.0007880854536779225,base,dense,0.5,2,12,0.5,0.14455603063106537,,
mec_degradation,51009,0.0007880854536779225,base,dense,0.5,2,12,,,0.02,0.5
lec_degradation,51009,0.0007880854536779225,base,dense,0.5,3,12,0.5,0.14455603063106537,,
mec_degradation,51009,0.0007880854536779225,base,dense,0.5,3,12,,,0.02,0.5
lec_degradation,51009,0.0007880854536779225,base,dense,0.5,4,12,0.5,0.14455603063106537,,
mec_degradation,51009,0.0007880854536779225,base,dense,0.5,4,12,,,0.02,0.5
lec_degradation,51009,0.0007880854536779225,base,dense,0.5,5,12,0.5,0.14455603063106537,,
mec_degradation,51009,0.0007880854536779225,base,dense,0.5,5,12,,,0.02,0.5
lec_degradation,51009,0.0007880854536779225,base,dense,0.5,6,12,0.5,0.14455603063106537,,
mec_degradation,51009,0.0007880854536779225,base,dense,0.5,6,12,,,0.02,0.5
lec_degradation,51009,0.0007880854536779225,base,dense,0.5,7,12,0.5,0.14455603063106537,,
mec_degradation,51009,0.0007880854536779225,base,dense,0.5,7,12,,,0.02,0.5
lec_degradation,51009,0.0007880854536779225,base,dense,0.5,8,12,0.5,0.14455603063106537,,
mec_degradation,51009,0.0007880854536779225,base,dense,0.5,8,12,,,0.02,0.5
lec_degradation,51009,0.0007880854536779225,base,dense,0.5,9,12,0.5,0.14455603063106537,,
mec_degradation,51009,0.0007880854536779225,base,dense,0.5,9,12,,,0.02,0.5
lec_degradation,51009,0.0007880854536779225,base,dense,0.5,10,12,0.5,0.14455603063106537,,
mec_degradation,51009,0.0007880854536779225,base,dense,0.5,10,12,,,0.02,0.5
lec_degradation,51009,0.0007880854536779225,base,dense,0.5,11,12,0.5,0.14455603063106537,,
mec_degradation,51009,0.0007880854536779225,base,dense,0.5,11,12,,,0.02,0.5
lec_degradation,51009,0.0007880854536779225,base,dense,0.75,0,19,0.5,0.14455603063106537,,
mec_degradation,51009,0.0007880854536779225,base,dense,0.75,0,19,,,0.02,0.5
lec_degradation,51009,0.0007880854536779225,base,dense,0.75,1,19,0.5,0.14455603063106537,,
mec_degradation,51009,0.0007880854536779225,base,dense,0.75,1,19,,,0.02,0.5
lec_degradation,51009,0.0007880854536779225,base,dense,0.75,2,19,0.5,0.14455603063106537,,
mec_degradation,51009,0.0007880854536779225,base,dense,0.75,2,19,,,0.02,0.5
lec_degradation,51009,0.0007880854536779225,base,dense,0.75,3,19,0.5,0.14455603063106537,,
mec_degradation,51009,0.0007880854536779225,base,dense,0.75,3,19,,,0.02,0.5
lec_degradation,51009,0.0007880854536779225,base,dense,0.75,4,19,0.5,0.14455603063106537,,
mec_degradation,51009,0.0007880854536779225,base,dense,0.75,4,19,,,0.02,0.5
lec_degradation,51009,0.0007880854536779225,base,dense,0.75,5,19,0.5,0.14455603063106537,,
mec_degradation,51009,0.0007880854536779225,base,dense,0.75,5,19,,,0.02,0.5
lec_degradation,51009,0.0007880854536779225,base,dense,0.75,6,19,0.5,0.14455603063106537,,
mec_degradation,51009,0.0007880854536779225,base,dense,0.75,6,19,,,0.02,0.5
lec_degradation,51009,0.0007880854536779225,base,dense,0.75,7,19,0.5,0.14455603063106537,,
mec_degradation,51009,0.0007880854536779225,base,dense,0.75,7,19,,,0.02,0.5
lec_degradation,51009,0.0007880854536779225,base,dense,0.75,8,19,0.5,0.14455603063106537,,
mec_degradation,51009,0.0007880854536779225,base,dense,0.75,8,19,,,0.02,0.5
lec_degradation,51009,0.0007880854536779225,base,dense,0.75,9,19,0.5,0.14455603063106537,,
mec_degradation,51009,0.0007880854536779225,base,dense,0.75,9,19,,,0.02,0.5
lec_degradation,51009,0.0007880854536779225,base,dense,0.75,10,19,0.5,0.14455603063106537,,
mec_degradation,51009,0.0007880854536779225,base,dense,0.75,10,19,,,0.02,0.5
lec_degradation,51009,0.0007880854536779225,base,dense,0.75,11,19,0.5,0.14455603063106537,,
mec_degradation,51009,0.0007880854536779225,base,dense,0.75,11,19,,,0.02,0.5
lec_degradation,51009,0.0007880854536779225,base,dense,0.9,0,22,0.5,0.14455603063106537,,
mec_degradation,51009,0.0007880854536779225,base,dense,0.9,0,22,,,0.02,0.5
lec_degradation,51009,0.0007880854536779225,base,dense,0.9,1,22,0.5,0.14455603063106537,,
mec_degradation,51009,0.0007880854536779225,base,dense,0.9,1,22,,,0.02,0.5
lec_degradation,51009,0.0007880854536779225,base,dense,0.9,2,22,0.5,0.14455603063106537,,
mec_degradation,51009,0.0007880854536779225,base,dense,0.9,2,22,,,0.02,0.5
lec_degradation,51009,0.0007880854536779225,base,dense,0.9,3,22,0.5,0.14455603063106537,,
mec_degradation,51009,0.0007880854536779225,base,dense,0.9,3,22,,,0.02,0.5
lec_degradation,51009,0.0007880854536779225,base,dense,0.9,4,22,0.5,0.14455603063106537,,
mec_degradation,51009,0.0007880854536779225,base,dense,0.9,4,22,,,0.02,0.5
lec_degradation,51009,0.0007880854536779225,base,dense,0.9,5,22,0.5,0.14455603063106537,,
mec_degradation,51009,0.0007880854536779225,base,dense,0.9,5,22,,,0.02,0.5
lec_degradation,51009,0.0007880854536779225,base,dense,0.9,6,22,0.5,0.14455603063106537,,
mec_degradation,51009,0.0007880854536779225,base,dense,0.9,6,22,,,0.02,0.5
lec_degradation,51009,0.0007880854536779225,base,dense,0.9,7,22,0.5,0.14455603063106537,,
mec_degradation,51009,0.0007880854536779225,base,dense,0.9,7,22,,,0.02,0.5
lec_degradation,51009,0.0007880854536779225,base,dense,0.9,8,22,0.5,0.14455603063106537,,
mec_degradation,51009,0.0007880854536779225,base,dense,0.9,8,22,,,0.02,0.5
lec_degradation,51009,0.0007880854536779225,base,dense,0.9,9,22,0.5,0.14455603063106537,,
mec_degradation,51009,0.0007880854536779225,base,dense,0.9,9,22,,,0.02,0.5
lec_degradation,51009,0.0007880854536779225,base,dense,0.9,10,22,0.5,0.14455603063106537,,
mec_degradation,51009,0.0007880854536779225,base,dense,0.9,10,22,,,0.02,0.5
lec_degradation,51009,0.0007880854536779225,base,dense,0.9,11,22,0.5,0.14455603063106537,,
mec_degradation,51009,0.0007880854536779225,base,dense,0.9,11,22,,,0.02,0.5
lec_degradation,51009,0.0007880854536779225,err2,normal,0.0,0,0,1.0,0.9250624775886536,,
mec_degradation,51009,0.0007880854536779225,err2,normal,0.0,0,0,,,0.66,1.0
lec_degradation,51009,0.0007880854536779225,err2,normal,0.0,1,0,1.0,0.9250624775886536,,
mec_degradation,51009,0.0007880854536779225,err2,normal,0.0,1,0,,,0.66,1.0
lec_degradation,51009,0.0007880854536779225,err2,normal,0.0,2,0,1.0,0.9250624775886536,,
mec_degradation,51009,0.0007880854536779225,err2,normal,0.0,2,0,,,0.66,1.0
lec_degradation,51009,0.0007880854536779225,err2,normal,0.0,3,0,1.0,0.9250624775886536,,
mec_degradation,51009,0.0007880854536779225,err2,normal,0.0,3,0,,,0.66,1.0
lec_degradation,51009,0.0007880854536779225,err2,normal,0.0,4,0,1.0,0.9250624775886536,,
mec_degradation,51009,0.0007880854536779225,err2,normal,0.0,4,0,,,0.66,1.0
lec_degradation,51009,0.0007880854536779225,err2,normal,0.0,5,0,1.0,0.9250624775886536,,
mec_degradation,51009,0.0007880854536779225,err2,normal,0.0,5,0,,,0.66,1.0
lec_degradation,51009,0.0007880854536779225,err2,normal,0.0,6,0,1.0,0.9250624775886536,,
mec_degradation,51009,0.0007880854536779225,err2,normal,0.0,6,0,,,0.66,1.0
lec_degradation,51009,0.0007880854536779225,err2,normal,0.0,7,0,1.0,0.9250624775886536,,
mec_degradation,51009,0.0007880854536779225,err2,normal,0.0,7,0,,,0.66,1.0
lec_degradation,51009,0.0007880854536779225,err2,normal,0.0,8,0,1.0,0.9250624775886536,,
mec_degradation,51009,0.0007880854536779225,err2,normal,0.0,8,0,,,0.66,1.0
lec_degradation,51009,0.0007880854536779225,err2,normal,0.0,9,0,1.0,0.9250624775886536,,
mec_degradation,51009,0.0007880854536779225,err2,normal,0.0,9,0,,,0.66,1.0
lec_degradation,51009,0.0007880854536779225,err2,normal,0.0,10,0,1.0,0.9250624775886536,,
mec_degradation,51009,0.0007880854536779225,err2,normal,0.0,10,0,,,0.66,1.0
lec_degradation,51009,0.0007880854536779225,err2,normal,0.0,11,0,1.0,0.9250624775886536,,
mec_degradation,51009,0.0007880854536779225,err2,normal,0.0,11,0,,,0.66,1.0
lec_degradation,51009,0.0007880854536779225,err2,normal,0.25,0,6,1.0,0.8258223533630371,,
mec_degradation,51009,0.0007880854536779225,err2,normal,0.25,0,6,,,0.48,1.0
lec_degradation,51009,0.0007880854536779225,err2,normal,0.25,1,6,1.0,0.8556129336357117,,
mec_degradation,51009,0.0007880854536779225,err2,normal,0.25,1,6,,,0.5,1.0
lec_degradation,51009,0.0007880854536779225,err2,normal,0.25,2,6,1.0,0.8809176683425903,,
mec_degradation,51009,0.0007880854536779225,err2,normal,0.25,2,6,,,0.36,1.0
lec_degradation,51009,0.0007880854536779225,err2,normal,0.25,3,6,1.0,0.8322015404701233,,
mec_degradation,51009,0.0007880854536779225,err2,normal,0.25,3,6,,,0.5,1.0
lec_degradation,51009,0.0007880854536779225,err2,normal,0.25,4,6,1.0,0.8666418194770813,,
mec_degradation,51009,0.0007880854536779225,err2,normal,0.25,4,6,,,0.32,1.0
lec_degradation,51009,0.0007880854536779225,err2,normal,0.25,5,6,1.0,0.8143743872642517,,
mec_degradation,51009,0.0007880854536779225,err2,normal,0.25,5,6,,,0.46,1.0
lec_degradation,51009,0.0007880854536779225,err2,normal,0.25,6,6,1.0,0.8601235151290894,,
mec_degradation,51009,0.0007880854536779225,err2,normal,0.25,6,6,,,0.44,1.0
lec_degradation,51009,0.0007880854536779225,err2,normal,0.25,7,6,1.0,0.7902488708496094,,
mec_degradation,51009,0.0007880854536779225,err2,normal,0.25,7,6,,,0.28,1.0
lec_degradation,51009,0.0007880854536779225,err2,normal,0.25,8,6,1.0,0.8440207839012146,,
mec_degradation,51009,0.0007880854536779225,err2,normal,0.25,8,6,,,0.3,1.0
lec_degradation,51009,0.0007880854536779225,err2,normal,0.25,9,6,1.0,0.8548960089683533,,
mec_degradation,51009,0.0007880854536779225,err2,normal,0.25,9,6,,,0.46,1.0
lec_degradation,51009,0.0007880854536779225,err2,normal,0.25,10,6,1.0,0.8361911773681641,,
mec_degradation,51009,0.0007880854536779225,err2,normal,0.25,10,6,,,0.26,1.0
lec_degradation,51009,0.0007880854536779225,err2,normal,0.25,11,6,1.0,0.8451895713806152,,
mec_degradation,51009,0.0007880854536779225,err2,normal,0.25,11,6,,,0.4,1.0
lec_degradation,51009,0.0007880854536779225,err2,normal,0.5,0,12,1.0,0.8009411692619324,,
mec_degradation,51009,0.0007880854536779225,err2,normal,0.5,0,12,,,0.26,1.0
lec_degradation,51009,0.0007880854536779225,err2,normal,0.5,1,12,1.0,0.7776303291320801,,
mec_degradation,51009,0.0007880854536779225,err2,normal,0.5,1,12,,,0.2,1.0
lec_degradation,51009,0.0007880854536779225,err2,normal,0.5,2,12,0.5,0.7920253872871399,,
mec_degradation,51009,0.0007880854536779225,err2,normal,0.5,2,12,,,0.1,1.0
lec_degradation,51009,0.0007880854536779225,err2,normal,0.5,3,12,1.0,0.8117588758468628,,
mec_degradation,51009,0.0007880854536779225,err2,normal,0.5,3,12,,,0.12,1.0
lec_degradation,51009,0.0007880854536779225,err2,normal,0.5,4,12,1.0,0.7696774005889893,,
mec_degradation,51009,0.0007880854536779225,err2,normal,0.5,4,12,,,0.2,1.0
lec_degradation,51009,0.0007880854536779225,err2,normal,0.5,5,12,1.0,0.7938586473464966,,
mec_degradation,51009,0.0007880854536779225,err2,normal,0.5,5,12,,,0.24,1.0
lec_degradation,51009,0.0007880854536779225,err2,normal,0.5,6,12,0.5,0.8050573468208313,,
mec_degradation,51009,0.0007880854536779225,err2,normal,0.5,6,12,,,0.22,1.0
lec_degradation,51009,0.0007880854536779225,err2,normal,0.5,7,12,1.0,0.838341236114502,,
mec_degradation,51009,0.0007880854536779225,err2,normal,0.5,7,12,,,0.2,1.0
lec_degradation,51009,0.0007880854536779225,err2,normal,0.5,8,12,0.5,0.7609312534332275,,
mec_degradation,51009,0.0007880854536779225,err2,normal,0.5,8,12,,,0.26,1.0
lec_degradation,51009,0.0007880854536779225,err2,normal,0.5,9,12,1.0,0.7310444712638855,,
mec_degradation,51009,0.0007880854536779225,err2,normal,0.5,9,12,,,0.2,1.0
lec_degradation,51009,0.0007880854536779225,err2,normal,0.5,10,12,1.0,0.7987072467803955,,
mec_degradation,51009,0.0007880854536779225,err2,normal,0.5,10,12,,,0.24,1.0
lec_degradation,51009,0.0007880854536779225,err2,normal,0.5,11,12,0.5,0.7933008074760437,,
mec_degradation,51009,0.0007880854536779225,err2,normal,0.5,11,12,,,0.08,1.0
lec_degradation,51009,0.0007880854536779225,err2,normal,0.75,0,19,0.5,0.8130705952644348,,
mec_degradation,51009,0.0007880854536779225,err2,normal,0.75,0,19,,,0.1,1.0
lec_degradation,51009,0.0007880854536779225,err2,normal,0.75,1,19,1.0,0.7992033958435059,,
mec_degradation,51009,0.0007880854536779225,err2,normal,0.75,1,19,,,0.06,1.0
lec_degradation,51009,0.0007880854536779225,err2,normal,0.75,2,19,1.0,0.822794497013092,,
mec_degradation,51009,0.0007880854536779225,err2,normal,0.75,2,19,,,0.12,1.0
lec_degradation,51009,0.0007880854536779225,err2,normal,0.75,3,19,1.0,0.7874492406845093,,
mec_degradation,51009,0.0007880854536779225,err2,normal,0.75,3,19,,,0.1,1.0
lec_degradation,51009,0.0007880854536779225,err2,normal,0.75,4,19,1.0,0.7282381653785706,,
mec_degradation,51009,0.0007880854536779225,err2,normal,0.75,4,19,,,0.08,1.0
lec_degradation,51009,0.0007880854536779225,err2,normal,0.75,5,19,1.0,0.7867867946624756,,
mec_degradation,51009,0.0007880854536779225,err2,normal,0.75,5,19,,,0.08,1.0
lec_degradation,51009,0.0007880854536779225,err2,normal,0.75,6,19,0.5,0.8215386867523193,,
mec_degradation,51009,0.0007880854536779225,err2,normal,0.75,6,19,,,0.12,1.0
lec_degradation,51009,0.0007880854536779225,err2,normal,0.75,7,19,0.5,0.7662280201911926,,
mec_degradation,51009,0.0007880854536779225,err2,normal,0.75,7,19,,,0.08,1.0
lec_degradation,51009,0.0007880854536779225,err2,normal,0.75,8,19,1.0,0.8128292560577393,,
mec_degradation,51009,0.0007880854536779225,err2,normal,0.75,8,19,,,0.1,1.0
lec_degradation,51009,0.0007880854536779225,err2,normal,0.75,9,19,0.5,0.7992883920669556,,
mec_degradation,51009,0.0007880854536779225,err2,normal,0.75,9,19,,,0.12,1.0
lec_degradation,51009,0.0007880854536779225,err2,normal,0.75,10,19,0.5,0.7683244347572327,,
mec_degradation,51009,0.0007880854536779225,err2,normal,0.75,10,19,,,0.1,1.0
lec_degradation,51009,0.0007880854536779225,err2,normal,0.75,11,19,0.5,0.7946308851242065,,
mec_degradation,51009,0.0007880854536779225,err2,normal,0.75,11,19,,,0.08,1.0
lec_degradation,51009,0.0007880854536779225,err2,normal,0.9,0,22,0.5,0.7690329551696777,,
mec_degradation,51009,0.0007880854536779225,err2,normal,0.9,0,22,,,0.04,1.0
lec_degradation,51009,0.0007880854536779225,err2,normal,0.9,1,22,0.5,0.7904586791992188,,
mec_degradation,51009,0.0007880854536779225,err2,normal,0.9,1,22,,,0.06,1.0
lec_degradation,51009,0.0007880854536779225,err2,normal,0.9,2,22,0.5,0.7827616333961487,,
mec_degradation,51009,0.0007880854536779225,err2,normal,0.9,2,22,,,0.04,1.0
lec_degradation,51009,0.0007880854536779225,err2,normal,0.9,3,22,1.0,0.7843742966651917,,
mec_degradation,51009,0.0007880854536779225,err2,normal,0.9,3,22,,,0.06,1.0
lec_degradation,51009,0.0007880854536779225,err2,normal,0.9,4,22,0.5,0.7884796261787415,,
mec_degradation,51009,0.0007880854536779225,err2,normal,0.9,4,22,,,0.08,1.0
lec_degradation,51009,0.0007880854536779225,err2,normal,0.9,5,22,1.0,0.7827650308609009,,
mec_degradation,51009,0.0007880854536779225,err2,normal,0.9,5,22,,,0.06,1.0
lec_degradation,51009,0.0007880854536779225,err2,normal,0.9,6,22,0.5,0.7747786045074463,,
mec_degradation,51009,0.0007880854536779225,err2,normal,0.9,6,22,,,0.04,1.0
lec_degradation,51009,0.0007880854536779225,err2,normal,0.9,7,22,0.5,0.7945509552955627,,
mec_degradation,51009,0.0007880854536779225,err2,normal,0.9,7,22,,,0.04,1.0
lec_degradation,51009,0.0007880854536779225,err2,normal,0.9,8,22,0.5,0.8121668100357056,,
mec_degradation,51009,0.0007880854536779225,err2,normal,0.9,8,22,,,0.02,1.0
lec_degradation,51009,0.0007880854536779225,err2,normal,0.9,9,22,0.5,0.7930183410644531,,
mec_degradation,51009,0.0007880854536779225,err2,normal,0.9,9,22,,,0.08,1.0
lec_degradation,51009,0.0007880854536779225,err2,normal,0.9,10,22,1.0,0.8206811547279358,,
mec_degradation,51009,0.0007880854536779225,err2,normal,0.9,10,22,,,0.02,1.0
lec_degradation,51009,0.0007880854536779225,err2,normal,0.9,11,22,0.5,0.7907224893569946,,
mec_degradation,51009,0.0007880854536779225,err2,normal,0.9,11,22,,,0.06,1.0
lec_degradation,51009,0.0007880854536779225,err2,dense,0.0,0,0,0.5,0.3008806109428406,,
mec_degradation,51009,0.0007880854536779225,err2,dense,0.0,0,0,,,0.02,0.5
lec_degradation,51009,0.0007880854536779225,err2,dense,0.0,1,0,0.5,0.3008806109428406,,
mec_degradation,51009,0.0007880854536779225,err2,dense,0.0,1,0,,,0.02,0.5
lec_degradation,51009,0.0007880854536779225,err2,dense,0.0,2,0,0.5,0.3008806109428406,,
mec_degradation,51009,0.0007880854536779225,err2,dense,0.0,2,0,,,0.02,0.5
lec_degradation,51009,0.0007880854536779225,err2,dense,0.0,3,0,0.5,0.3008806109428406,,
mec_degradation,51009,0.0007880854536779225,err2,dense,0.0,3,0,,,0.02,0.5
lec_degradation,51009,0.0007880854536779225,err2,dense,0.0,4,0,0.5,0.3008806109428406,,
mec_degradation,51009,0.0007880854536779225,err2,dense,0.0,4,0,,,0.02,0.5
lec_degradation,51009,0.0007880854536779225,err2,dense,0.0,5,0,0.5,0.3008806109428406,,
mec_degradation,51009,0.0007880854536779225,err2,dense,0.0,5,0,,,0.02,0.5
lec_degradation,51009,0.0007880854536779225,err2,dense,0.0,6,0,0.5,0.3008806109428406,,
mec_degradation,51009,0.0007880854536779225,err2,dense,0.0,6,0,,,0.02,0.5
lec_degradation,51009,0.0007880854536779225,err2,dense,0.0,7,0,0.5,0.3008806109428406,,
mec_degradation,51009,0.0007880854536779225,err2,dense,0.0,7,0,,,0.02,0.5
lec_degradation,51009,0.0007880854536779225,err2,dense,0.0,8,0,0.5,0.3008806109428406,,
mec_degradation,51009,0.0007880854536779225,err2,dense,0.0,8,0,,,0.02,0.5
lec_degradation,51009,0.0007880854536779225,err2,dense,0.0,9,0,0.5,0.3008806109428406,,
mec_degradation,51009,0.0007880854536779225,err2,dense,0.0,9,0,,,0.02,0.5
lec_degradation,51009,0.0007880854536779225,err2,dense,0.0,10,0,0.5,0.3008806109428406,,
mec_degradation,51009,0.0007880854536779225,err2,dense,0.0,10,0,,,0.02,0.5
lec_degradation,51009,0.0007880854536779225,err2,dense,0.0,11,0,0.5,0.3008806109428406,,
mec_degradation,51009,0.0007880854536779225,err2,dense,0.0,11,0,,,0.02,0.5
lec_degradation,51009,0.0007880854536779225,err2,dense,0.25,0,6,0.5,0.3008806109428406,,
mec_degradation,51009,0.0007880854536779225,err2,dense,0.25,0,6,,,0.02,0.5
lec_degradation,51009,0.0007880854536779225,err2,dense,0.25,1,6,0.5,0.3008806109428406,,
mec_degradation,51009,0.0007880854536779225,err2,dense,0.25,1,6,,,0.02,0.5
lec_degradation,51009,0.0007880854536779225,err2,dense,0.25,2,6,0.5,0.3008806109428406,,
mec_degradation,51009,0.0007880854536779225,err2,dense,0.25,2,6,,,0.02,0.5
lec_degradation,51009,0.0007880854536779225,err2,dense,0.25,3,6,0.5,0.3008806109428406,,
mec_degradation,51009,0.0007880854536779225,err2,dense,0.25,3,6,,,0.02,0.5
lec_degradation,51009,0.0007880854536779225,err2,dense,0.25,4,6,0.5,0.3008806109428406,,
mec_degradation,51009,0.0007880854536779225,err2,dense,0.25,4,6,,,0.02,0.5
lec_degradation,51009,0.0007880854536779225,err2,dense,0.25,5,6,0.5,0.3008806109428406,,
mec_degradation,51009,0.0007880854536779225,err2,dense,0.25,5,6,,,0.02,0.5
lec_degradation,51009,0.0007880854536779225,err2,dense,0.25,6,6,0.5,0.3008806109428406,,
mec_degradation,51009,0.0007880854536779225,err2,dense,0.25,6,6,,,0.02,0.5
lec_degradation,51009,0.0007880854536779225,err2,dense,0.25,7,6,0.5,0.3008806109428406,,
mec_degradation,51009,0.0007880854536779225,err2,dense,0.25,7,6,,,0.02,0.5
lec_degradation,51009,0.0007880854536779225,err2,dense,0.25,8,6,0.5,0.3008806109428406,,
mec_degradation,51009,0.0007880854536779225,err2,dense,0.25,8,6,,,0.02,0.5
lec_degradation,51009,0.0007880854536779225,err2,dense,0.25,9,6,0.5,0.3008806109428406,,
mec_degradation,51009,0.0007880854536779225,err2,dense,0.25,9,6,,,0.02,0.5
lec_degradation,51009,0.0007880854536779225,err2,dense,0.25,10,6,0.5,0.3008806109428406,,
mec_degradation,51009,0.0007880854536779225,err2,dense,0.25,10,6,,,0.02,0.5
lec_degradation,51009,0.0007880854536779225,err2,dense,0.25,11,6,0.5,0.3008806109428406,,
mec_degradation,51009,0.0007880854536779225,err2,dense,0.25,11,6,,,0.02,0.5
lec_degradation,51009,0.0007880854536779225,err2,dense,0.5,0,12,0.5,0.3008806109428406,,
mec_degradation,51009,0.0007880854536779225,err2,dense,0.5,0,12,,,0.02,0.5
lec_degradation,51009,0.0007880854536779225,err2,dense,0.5,1,12,0.5,0.3008806109428406,,
mec_degradation,51009,0.0007880854536779225,err2,dense,0.5,1,12,,,0.02,0.5
lec_degradation,51009,0.0007880854536779225,err2,dense,0.5,2,12,0.5,0.3008806109428406,,
mec_degradation,51009,0.0007880854536779225,err2,dense,0.5,2,12,,,0.02,0.5
lec_degradation,51009,0.0007880854536779225,err2,dense,0.5,3,12,0.5,0.3008806109428406,,
mec_degradation,51009,0.0007880854536779225,err2,dense,0.5,3,12,,,0.02,0.5
lec_degradation,51009,0.0007880854536779225,err2,dense,0.5,4,12,0.5,0.3008806109428406,,
mec_degradation,51009,0.0007880854536779225,err2,dense,0.5,4,12,,,0.02,0.5
lec_degradation,51009,0.0007880854536779225,err2,dense,0.5,5,12,0.5,0.3008806109428406,,
mec_degradation,51009,0.0007880854536779225,err2,dense,0.5,5,12,,,0.02,0.5
lec_degradation,51009,0.0007880854536779225,err2,dense,0.5,6,12,0.5,0.3008806109428406,,
mec_degradation,51009,0.0007880854536779225,err2,dense,0.5,6,12,,,0.02,0.5
lec_degradation,51009,0.0007880854536779225,err2,dense,0.5,7,12,0.5,0.3008806109428406,,
mec_degradation,51009,0.0007880854536779225,err2,dense,0.5,7,12,,,0.02,0.5
lec_degradation,51009,0.0007880854536779225,err2,dense,0.5,8,12,0.5,0.3008806109428406,,
mec_degradation,51009,0.0007880854536779225,err2,dense,0.5,8,12,,,0.02,0.5
lec_degradation,51009,0.0007880854536779225,err2,dense,0.5,9,12,0.5,0.3008806109428406,,
mec_degradation,51009,0.0007880854536779225,err2,dense,0.5,9,12,,,0.02,0.5
lec_degradation,51009,0.0007880854536779225,err2,dense,0.5,10,12,0.5,0.3008806109428406,,
mec_degradation,51009,0.0007880854536779225,err2,dense,0.5,10,12,,,0.02,0.5
lec_degradation,51009,0.0007880854536779225,err2,dense,0.5,11,12,0.5,0.3008806109428406,,
mec_degradation,51009,0.0007880854536779225,err2,dense,0.5,11,12,,,0.02,0.5
lec_degradation,51009,0.0007880854536779225,err2,dense,0.75,0,19,0.5,0.3008806109428406,,
mec_degradation,51009,0.0007880854536779225,err2,dense,0.75,0,19,,,0.02,0.5
lec_degradation,51009,0.0007880854536779225,err2,dense,0.75,1,19,0.5,0.3008806109428406,,
mec_degradation,51009,0.0007880854536779225,err2,dense,0.75,1,19,,,0.02,0.5
lec_degradation,51009,0.0007880854536779225,err2,dense,0.75,2,19,0.5,0.3008806109428406,,
mec_degradation,51009,0.0007880854536779225,err2,dense,0.75,2,19,,,0.02,0.5
lec_degradation,51009,0.0007880854536779225,err2,dense,0.75,3,19,0.5,0.3008806109428406,,
mec_degradation,51009,0.0007880854536779225,err2,dense,0.75,3,19,,,0.02,0.5
lec_degradation,51009,0.0007880854536779225,err2,dense,0.75,4,19,0.5,0.3008806109428406,,
mec_degradation,51009,0.0007880854536779225,err2,dense,0.75,4,19,,,0.02,0.5
lec_degradation,51009,0.0007880854536779225,err2,dense,0.75,5,19,0.5,0.3008806109428406,,
mec_degradation,51009,0.0007880854536779225,err2,dense,0.75,5,19,,,0.02,0.5
lec_degradation,51009,0.0007880854536779225,err2,dense,0.75,6,19,0.5,0.3008806109428406,,
mec_degradation,51009,0.0007880854536779225,err2,dense,0.75,6,19,,,0.02,0.5
lec_degradation,51009,0.0007880854536779225,err2,dense,0.75,7,19,0.5,0.3008806109428406,,
mec_degradation,51009,0.0007880854536779225,err2,dense,0.75,7,19,,,0.02,0.5
lec_degradation,51009,0.0007880854536779225,err2,dense,0.75,8,19,0.5,0.3008806109428406,,
mec_degradation,51009,0.0007880854536779225,err2,dense,0.75,8,19,,,0.02,0.5
lec_degradation,51009,0.0007880854536779225,err2,dense,0.75,9,19,0.5,0.3008806109428406,,
mec_degradation,51009,0.0007880854536779225,err2,dense,0.75,9,19,,,0.02,0.5
lec_degradation,51009,0.0007880854536779225,err2,dense,0.75,10,19,0.5,0.3008806109428406,,
mec_degradation,51009,0.0007880854536779225,err2,dense,0.75,10,19,,,0.02,0.5
lec_degradation,51009,0.0007880854536779225,err2,dense,0.75,11,19,0.5,0.3008806109428406,,
mec_degradation,51009,0.0007880854536779225,err2,dense,0.75,11,19,,,0.02,0.5
lec_degradation,51009,0.0007880854536779225,err2,dense,0.9,0,22,0.5,0.3008806109428406,,
mec_degradation,51009,0.0007880854536779225,err2,dense,0.9,0,22,,,0.02,0.5
lec_degradation,51009,0.0007880854536779225,err2,dense,0.9,1,22,0.5,0.3008806109428406,,
mec_degradation,51009,0.0007880854536779225,err2,dense,0.9,1,22,,,0.02,0.5
lec_degradation,51009,0.0007880854536779225,err2,dense,0.9,2,22,0.5,0.3008806109428406,,
mec_degradation,51009,0.0007880854536779225,err2,dense,0.9,2,22,,,0.02,0.5
lec_degradation,51009,0.0007880854536779225,err2,dense,0.9,3,22,0.5,0.3008806109428406,,
mec_degradation,51009,0.0007880854536779225,err2,dense,0.9,3,22,,,0.02,0.5
lec_degradation,51009,0.0007880854536779225,err2,dense,0.9,4,22,0.5,0.3008806109428406,,
mec_degradation,51009,0.0007880854536779225,err2,dense,0.9,4,22,,,0.02,0.5
lec_degradation,51009,0.0007880854536779225,err2,dense,0.9,5,22,0.5,0.3008806109428406,,
mec_degradation,51009,0.0007880854536779225,err2,dense,0.9,5,22,,,0.02,0.5
lec_degradation,51009,0.0007880854536779225,err2,dense,0.9,6,22,0.5,0.3008806109428406,,
mec_degradation,51009,0.0007880854536779225,err2,dense,0.9,6,22,,,0.02,0.5
lec_degradation,51009,0.0007880854536779225,err2,dense,0.9,7,22,0.5,0.3008806109428406,,
mec_degradation,51009,0.0007880854536779225,err2,dense,0.9,7,22,,,0.02,0.5
lec_degradation,51009,0.0007880854536779225,err2,dense,0.9,8,22,0.5,0.3008806109428406,,
mec_degradation,51009,0.0007880854536779225,err2,dense,0.9,8,22,,,0.02,0.5
lec_degradation,51009,0.0007880854536779225,err2,dense,0.9,9,22,0.5,0.3008806109428406,,
mec_degradation,51009,0.0007880854536779225,err2,dense,0.9,9,22,,,0.02,0.5
lec_degradation,51009,0.0007880854536779225,err2,dense,0.9,10,22,0.5,0.3008806109428406,,
mec_degradation,51009,0.0007880854536779225,err2,dense,0.9,10,22,,,0.02,0.5
lec_degradation,51009,0.0007880854536779225,err2,dense,0.9,11,22,0.5,0.3008806109428406,,
mec_degradation,51009,0.0007880854536779225,err2,dense,0.9,11,22,,,0.02,0.5
lec_degradation,51010,0.0005683022318407893,base,normal,0.0,0,0,1.0,0.7398839592933655,,
mec_degradation,51010,0.0005683022318407893,base,normal,0.0,0,0,,,0.18,1.0
lec_degradation,51010,0.0005683022318407893,base,normal,0.0,1,0,1.0,0.7398839592933655,,
mec_degradation,51010,0.0005683022318407893,base,normal,0.0,1,0,,,0.18,1.0
lec_degradation,51010,0.0005683022318407893,base,normal,0.0,2,0,1.0,0.7398839592933655,,
mec_degradation,51010,0.0005683022318407893,base,normal,0.0,2,0,,,0.18,1.0
lec_degradation,51010,0.0005683022318407893,base,normal,0.0,3,0,1.0,0.7398839592933655,,
mec_degradation,51010,0.0005683022318407893,base,normal,0.0,3,0,,,0.18,1.0
lec_degradation,51010,0.0005683022318407893,base,normal,0.0,4,0,1.0,0.7398839592933655,,
mec_degradation,51010,0.0005683022318407893,base,normal,0.0,4,0,,,0.18,1.0
lec_degradation,51010,0.0005683022318407893,base,normal,0.0,5,0,1.0,0.7398839592933655,,
mec_degradation,51010,0.0005683022318407893,base,normal,0.0,5,0,,,0.18,1.0
lec_degradation,51010,0.0005683022318407893,base,normal,0.0,6,0,1.0,0.7398839592933655,,
mec_degradation,51010,0.0005683022318407893,base,normal,0.0,6,0,,,0.18,1.0
lec_degradation,51010,0.0005683022318407893,base,normal,0.0,7,0,1.0,0.7398839592933655,,
mec_degradation,51010,0.0005683022318407893,base,normal,0.0,7,0,,,0.18,1.0
lec_degradation,51010,0.0005683022318407893,base,normal,0.0,8,0,1.0,0.7398839592933655,,
mec_degradation,51010,0.0005683022318407893,base,normal,0.0,8,0,,,0.18,1.0
lec_degradation,51010,0.0005683022318407893,base,normal,0.0,9,0,1.0,0.7398839592933655,,
mec_degradation,51010,0.0005683022318407893,base,normal,0.0,9,0,,,0.18,1.0
lec_degradation,51010,0.0005683022318407893,base,normal,0.0,10,0,1.0,0.7398839592933655,,
mec_degradation,51010,0.0005683022318407893,base,normal,0.0,10,0,,,0.18,1.0
lec_degradation,51010,0.0005683022318407893,base,normal,0.0,11,0,1.0,0.7398839592933655,,
mec_degradation,51010,0.0005683022318407893,base,normal,0.0,11,0,,,0.18,1.0
lec_degradation,51010,0.0005683022318407893,base,normal,0.25,0,6,1.0,0.7475191354751587,,
mec_degradation,51010,0.0005683022318407893,base,normal,0.25,0,6,,,0.12,1.0
lec_degradation,51010,0.0005683022318407893,base,normal,0.25,1,6,1.0,0.7572133541107178,,
mec_degradation,51010,0.0005683022318407893,base,normal,0.25,1,6,,,0.12,1.0
lec_degradation,51010,0.0005683022318407893,base,normal,0.25,2,6,1.0,0.7371163368225098,,
mec_degradation,51010,0.0005683022318407893,base,normal,0.25,2,6,,,0.14,1.0
lec_degradation,51010,0.0005683022318407893,base,normal,0.25,3,6,1.0,0.7619842290878296,,
mec_degradation,51010,0.0005683022318407893,base,normal,0.25,3,6,,,0.14,1.0
lec_degradation,51010,0.0005683022318407893,base,normal,0.25,4,6,1.0,0.7206527590751648,,
mec_degradation,51010,0.0005683022318407893,base,normal,0.25,4,6,,,0.14,1.0
lec_degradation,51010,0.0005683022318407893,base,normal,0.25,5,6,1.0,0.7567274570465088,,
mec_degradation,51010,0.0005683022318407893,base,normal,0.25,5,6,,,0.14,1.0
lec_degradation,51010,0.0005683022318407893,base,normal,0.25,6,6,1.0,0.7288275957107544,,
mec_degradation,51010,0.0005683022318407893,base,normal,0.25,6,6,,,0.14,1.0
lec_degradation,51010,0.0005683022318407893,base,normal,0.25,7,6,1.0,0.7571231126785278,,
mec_degradation,51010,0.0005683022318407893,base,normal,0.25,7,6,,,0.12,1.0
lec_degradation,51010,0.0005683022318407893,base,normal,0.25,8,6,1.0,0.7442934513092041,,
mec_degradation,51010,0.0005683022318407893,base,normal,0.25,8,6,,,0.1,1.0
lec_degradation,51010,0.0005683022318407893,base,normal,0.25,9,6,1.0,0.7417646646499634,,
mec_degradation,51010,0.0005683022318407893,base,normal,0.25,9,6,,,0.14,1.0
lec_degradation,51010,0.0005683022318407893,base,normal,0.25,10,6,1.0,0.7594340443611145,,
mec_degradation,51010,0.0005683022318407893,base,normal,0.25,10,6,,,0.14,1.0
lec_degradation,51010,0.0005683022318407893,base,normal,0.25,11,6,1.0,0.7582958340644836,,
mec_degradation,51010,0.0005683022318407893,base,normal,0.25,11,6,,,0.16,1.0
lec_degradation,51010,0.0005683022318407893,base,normal,0.5,0,12,1.0,0.7273423075675964,,
mec_degradation,51010,0.0005683022318407893,base,normal,0.5,0,12,,,0.12,1.0
lec_degradation,51010,0.0005683022318407893,base,normal,0.5,1,12,1.0,0.7530861496925354,,
mec_degradation,51010,0.0005683022318407893,base,normal,0.5,1,12,,,0.12,1.0
lec_degradation,51010,0.0005683022318407893,base,normal,0.5,2,12,1.0,0.7745391726493835,,
mec_degradation,51010,0.0005683022318407893,base,normal,0.5,2,12,,,0.04,1.0
lec_degradation,51010,0.0005683022318407893,base,normal,0.5,3,12,1.0,0.7453740835189819,,
mec_degradation,51010,0.0005683022318407893,base,normal,0.5,3,12,,,0.18,1.0
lec_degradation,51010,0.0005683022318407893,base,normal,0.5,4,12,1.0,0.7795103192329407,,
mec_degradation,51010,0.0005683022318407893,base,normal,0.5,4,12,,,0.12,1.0
lec_degradation,51010,0.0005683022318407893,base,normal,0.5,5,12,1.0,0.763638436794281,,
mec_degradation,51010,0.0005683022318407893,base,normal,0.5,5,12,,,0.14,1.0
lec_degradation,51010,0.0005683022318407893,base,normal,0.5,6,12,1.0,0.7645047903060913,,
mec_degradation,51010,0.0005683022318407893,base,normal,0.5,6,12,,,0.06,1.0
lec_degradation,51010,0.0005683022318407893,base,normal,0.5,7,12,1.0,0.7535293102264404,,
mec_degradation,51010,0.0005683022318407893,base,normal,0.5,7,12,,,0.08,1.0
lec_degradation,51010,0.0005683022318407893,base,normal,0.5,8,12,1.0,0.7566403746604919,,
mec_degradation,51010,0.0005683022318407893,base,normal,0.5,8,12,,,0.1,1.0
lec_degradation,51010,0.0005683022318407893,base,normal,0.5,9,12,1.0,0.7823169827461243,,
mec_degradation,51010,0.0005683022318407893,base,normal,0.5,9,12,,,0.1,1.0
lec_degradation,51010,0.0005683022318407893,base,normal,0.5,10,12,1.0,0.7828181982040405,,
mec_degradation,51010,0.0005683022318407893,base,normal,0.5,10,12,,,0.1,1.0
lec_degradation,51010,0.0005683022318407893,base,normal,0.5,11,12,1.0,0.772197425365448,,
mec_degradation,51010,0.0005683022318407893,base,normal,0.5,11,12,,,0.1,1.0
lec_degradation,51010,0.0005683022318407893,base,normal,0.75,0,19,1.0,0.7325156331062317,,
mec_degradation,51010,0.0005683022318407893,base,normal,0.75,0,19,,,0.14,1.0
lec_degradation,51010,0.0005683022318407893,base,normal,0.75,1,19,1.0,0.7570589184761047,,
mec_degradation,51010,0.0005683022318407893,base,normal,0.75,1,19,,,0.1,1.0
lec_degradation,51010,0.0005683022318407893,base,normal,0.75,2,19,1.0,0.7247363924980164,,
mec_degradation,51010,0.0005683022318407893,base,normal,0.75,2,19,,,0.1,1.0
lec_degradation,51010,0.0005683022318407893,base,normal,0.75,3,19,1.0,0.6999027132987976,,
mec_degradation,51010,0.0005683022318407893,base,normal,0.75,3,19,,,0.1,1.0
lec_degradation,51010,0.0005683022318407893,base,normal,0.75,4,19,1.0,0.7269240021705627,,
mec_degradation,51010,0.0005683022318407893,base,normal,0.75,4,19,,,0.1,1.0
lec_degradation,51010,0.0005683022318407893,base,normal,0.75,5,19,1.0,0.708344042301178,,
mec_degradation,51010,0.0005683022318407893,base,normal,0.75,5,19,,,0.08,1.0
lec_degradation,51010,0.0005683022318407893,base,normal,0.75,6,19,1.0,0.7679235339164734,,
mec_degradation,51010,0.0005683022318407893,base,normal,0.75,6,19,,,0.1,1.0
lec_degradation,51010,0.0005683022318407893,base,normal,0.75,7,19,1.0,0.7816693186759949,,
mec_degradation,51010,0.0005683022318407893,base,normal,0.75,7,19,,,0.14,1.0
lec_degradation,51010,0.0005683022318407893,base,normal,0.75,8,19,1.0,0.7479509115219116,,
mec_degradation,51010,0.0005683022318407893,base,normal,0.75,8,19,,,0.08,1.0
lec_degradation,51010,0.0005683022318407893,base,normal,0.75,9,19,1.0,0.7497366070747375,,
mec_degradation,51010,0.0005683022318407893,base,normal,0.75,9,19,,,0.1,1.0
lec_degradation,51010,0.0005683022318407893,base,normal,0.75,10,19,1.0,0.7780344486236572,,
mec_degradation,51010,0.0005683022318407893,base,normal,0.75,10,19,,,0.1,1.0
lec_degradation,51010,0.0005683022318407893,base,normal,0.75,11,19,1.0,0.7848164439201355,,
mec_degradation,51010,0.0005683022318407893,base,normal,0.75,11,19,,,0.12,1.0
lec_degradation,51010,0.0005683022318407893,base,normal,0.9,0,22,1.0,0.7616135478019714,,
mec_degradation,51010,0.0005683022318407893,base,normal,0.9,0,22,,,0.06,1.0
lec_degradation,51010,0.0005683022318407893,base,normal,0.9,1,22,1.0,0.7279044389724731,,
mec_degradation,51010,0.0005683022318407893,base,normal,0.9,1,22,,,0.1,1.0
lec_degradation,51010,0.0005683022318407893,base,normal,0.9,2,22,1.0,0.7079851627349854,,
mec_degradation,51010,0.0005683022318407893,base,normal,0.9,2,22,,,0.1,1.0
lec_degradation,51010,0.0005683022318407893,base,normal,0.9,3,22,1.0,0.7680083513259888,,
mec_degradation,51010,0.0005683022318407893,base,normal,0.9,3,22,,,0.08,1.0
lec_degradation,51010,0.0005683022318407893,base,normal,0.9,4,22,1.0,0.7285981178283691,,
mec_degradation,51010,0.0005683022318407893,base,normal,0.9,4,22,,,0.06,1.0
lec_degradation,51010,0.0005683022318407893,base,normal,0.9,5,22,1.0,0.7614362239837646,,
mec_degradation,51010,0.0005683022318407893,base,normal,0.9,5,22,,,0.06,1.0
lec_degradation,51010,0.0005683022318407893,base,normal,0.9,6,22,1.0,0.743257999420166,,
mec_degradation,51010,0.0005683022318407893,base,normal,0.9,6,22,,,0.1,1.0
lec_degradation,51010,0.0005683022318407893,base,normal,0.9,7,22,1.0,0.7631111145019531,,
mec_degradation,51010,0.0005683022318407893,base,normal,0.9,7,22,,,0.06,1.0
lec_degradation,51010,0.0005683022318407893,base,normal,0.9,8,22,1.0,0.7338698506355286,,
mec_degradation,51010,0.0005683022318407893,base,normal,0.9,8,22,,,0.08,1.0
lec_degradation,51010,0.0005683022318407893,base,normal,0.9,9,22,1.0,0.7638887763023376,,
mec_degradation,51010,0.0005683022318407893,base,normal,0.9,9,22,,,0.06,1.0
lec_degradation,51010,0.0005683022318407893,base,normal,0.9,10,22,1.0,0.7128413319587708,,
mec_degradation,51010,0.0005683022318407893,base,normal,0.9,10,22,,,0.08,1.0
lec_degradation,51010,0.0005683022318407893,base,normal,0.9,11,22,1.0,0.7143287062644958,,
mec_degradation,51010,0.0005683022318407893,base,normal,0.9,11,22,,,0.06,1.0
lec_degradation,51010,0.0005683022318407893,base,dense,0.0,0,0,0.5,0.20956926047801971,,
mec_degradation,51010,0.0005683022318407893,base,dense,0.0,0,0,,,0.02,0.5
lec_degradation,51010,0.0005683022318407893,base,dense,0.0,1,0,0.5,0.20956926047801971,,
mec_degradation,51010,0.0005683022318407893,base,dense,0.0,1,0,,,0.02,0.5
lec_degradation,51010,0.0005683022318407893,base,dense,0.0,2,0,0.5,0.20956926047801971,,
mec_degradation,51010,0.0005683022318407893,base,dense,0.0,2,0,,,0.02,0.5
lec_degradation,51010,0.0005683022318407893,base,dense,0.0,3,0,0.5,0.20956926047801971,,
mec_degradation,51010,0.0005683022318407893,base,dense,0.0,3,0,,,0.02,0.5
lec_degradation,51010,0.0005683022318407893,base,dense,0.0,4,0,0.5,0.20956926047801971,,
mec_degradation,51010,0.0005683022318407893,base,dense,0.0,4,0,,,0.02,0.5
lec_degradation,51010,0.0005683022318407893,base,dense,0.0,5,0,0.5,0.20956926047801971,,
mec_degradation,51010,0.0005683022318407893,base,dense,0.0,5,0,,,0.02,0.5
lec_degradation,51010,0.0005683022318407893,base,dense,0.0,6,0,0.5,0.20956926047801971,,
mec_degradation,51010,0.0005683022318407893,base,dense,0.0,6,0,,,0.02,0.5
lec_degradation,51010,0.0005683022318407893,base,dense,0.0,7,0,0.5,0.20956926047801971,,
mec_degradation,51010,0.0005683022318407893,base,dense,0.0,7,0,,,0.02,0.5
lec_degradation,51010,0.0005683022318407893,base,dense,0.0,8,0,0.5,0.20956926047801971,,
mec_degradation,51010,0.0005683022318407893,base,dense,0.0,8,0,,,0.02,0.5
lec_degradation,51010,0.0005683022318407893,base,dense,0.0,9,0,0.5,0.20956926047801971,,
mec_degradation,51010,0.0005683022318407893,base,dense,0.0,9,0,,,0.02,0.5
lec_degradation,51010,0.0005683022318407893,base,dense,0.0,10,0,0.5,0.20956926047801971,,
mec_degradation,51010,0.0005683022318407893,base,dense,0.0,10,0,,,0.02,0.5
lec_degradation,51010,0.0005683022318407893,base,dense,0.0,11,0,0.5,0.20956926047801971,,
mec_degradation,51010,0.0005683022318407893,base,dense,0.0,11,0,,,0.02,0.5
lec_degradation,51010,0.0005683022318407893,base,dense,0.25,0,6,0.5,0.20956926047801971,,
mec_degradation,51010,0.0005683022318407893,base,dense,0.25,0,6,,,0.02,0.5
lec_degradation,51010,0.0005683022318407893,base,dense,0.25,1,6,0.5,0.20956926047801971,,
mec_degradation,51010,0.0005683022318407893,base,dense,0.25,1,6,,,0.02,0.5
lec_degradation,51010,0.0005683022318407893,base,dense,0.25,2,6,0.5,0.20956926047801971,,
mec_degradation,51010,0.0005683022318407893,base,dense,0.25,2,6,,,0.02,0.5
lec_degradation,51010,0.0005683022318407893,base,dense,0.25,3,6,0.5,0.20956926047801971,,
mec_degradation,51010,0.0005683022318407893,base,dense,0.25,3,6,,,0.02,0.5
lec_degradation,51010,0.0005683022318407893,base,dense,0.25,4,6,0.5,0.20956926047801971,,
mec_degradation,51010,0.0005683022318407893,base,dense,0.25,4,6,,,0.02,0.5
lec_degradation,51010,0.0005683022318407893,base,dense,0.25,5,6,0.5,0.20956926047801971,,
mec_degradation,51010,0.0005683022318407893,base,dense,0.25,5,6,,,0.02,0.5
lec_degradation,51010,0.0005683022318407893,base,dense,0.25,6,6,0.5,0.20956926047801971,,
mec_degradation,51010,0.0005683022318407893,base,dense,0.25,6,6,,,0.02,0.5
lec_degradation,51010,0.0005683022318407893,base,dense,0.25,7,6,0.5,0.20956926047801971,,
mec_degradation,51010,0.0005683022318407893,base,dense,0.25,7,6,,,0.02,0.5
lec_degradation,51010,0.0005683022318407893,base,dense,0.25,8,6,0.5,0.20956926047801971,,
mec_degradation,51010,0.0005683022318407893,base,dense,0.25,8,6,,,0.02,0.5
lec_degradation,51010,0.0005683022318407893,base,dense,0.25,9,6,0.5,0.20956926047801971,,
mec_degradation,51010,0.0005683022318407893,base,dense,0.25,9,6,,,0.02,0.5
lec_degradation,51010,0.0005683022318407893,base,dense,0.25,10,6,0.5,0.20956926047801971,,
mec_degradation,51010,0.0005683022318407893,base,dense,0.25,10,6,,,0.02,0.5
lec_degradation,51010,0.0005683022318407893,base,dense,0.25,11,6,0.5,0.20956926047801971,,
mec_degradation,51010,0.0005683022318407893,base,dense,0.25,11,6,,,0.02,0.5
lec_degradation,51010,0.0005683022318407893,base,dense,0.5,0,12,0.5,0.20956926047801971,,
mec_degradation,51010,0.0005683022318407893,base,dense,0.5,0,12,,,0.02,0.5
lec_degradation,51010,0.0005683022318407893,base,dense,0.5,1,12,0.5,0.20956926047801971,,
mec_degradation,51010,0.0005683022318407893,base,dense,0.5,1,12,,,0.02,0.5
lec_degradation,51010,0.0005683022318407893,base,dense,0.5,2,12,0.5,0.20956926047801971,,
mec_degradation,51010,0.0005683022318407893,base,dense,0.5,2,12,,,0.02,0.5
lec_degradation,51010,0.0005683022318407893,base,dense,0.5,3,12,0.5,0.20956926047801971,,
mec_degradation,51010,0.0005683022318407893,base,dense,0.5,3,12,,,0.02,0.5
lec_degradation,51010,0.0005683022318407893,base,dense,0.5,4,12,0.5,0.20956926047801971,,
mec_degradation,51010,0.0005683022318407893,base,dense,0.5,4,12,,,0.02,0.5
lec_degradation,51010,0.0005683022318407893,base,dense,0.5,5,12,0.5,0.20956926047801971,,
mec_degradation,51010,0.0005683022318407893,base,dense,0.5,5,12,,,0.02,0.5
lec_degradation,51010,0.0005683022318407893,base,dense,0.5,6,12,0.5,0.20956926047801971,,
mec_degradation,51010,0.0005683022318407893,base,dense,0.5,6,12,,,0.02,0.5
lec_degradation,51010,0.0005683022318407893,base,dense,0.5,7,12,0.5,0.20956926047801971,,
mec_degradation,51010,0.0005683022318407893,base,dense,0.5,7,12,,,0.02,0.5
lec_degradation,51010,0.0005683022318407893,base,dense,0.5,8,12,0.5,0.20956926047801971,,
mec_degradation,51010,0.0005683022318407893,base,dense,0.5,8,12,,,0.02,0.5
lec_degradation,51010,0.0005683022318407893,base,dense,0.5,9,12,0.5,0.20956926047801971,,
mec_degradation,51010,0.0005683022318407893,base,dense,0.5,9,12,,,0.02,0.5
lec_degradation,51010,0.0005683022318407893,base,dense,0.5,10,12,0.5,0.20956926047801971,,
mec_degradation,51010,0.0005683022318407893,base,dense,0.5,10,12,,,0.02,0.5
lec_degradation,51010,0.0005683022318407893,base,dense,0.5,11,12,0.5,0.20956926047801971,,
mec_degradation,51010,0.0005683022318407893,base,dense,0.5,11,12,,,0.02,0.5
lec_degradation,51010,0.0005683022318407893,base,dense,0.75,0,19,0.5,0.20956926047801971,,
mec_degradation,51010,0.0005683022318407893,base,dense,0.75,0,19,,,0.02,0.5
lec_degradation,51010,0.0005683022318407893,base,dense,0.75,1,19,0.5,0.20956926047801971,,
mec_degradation,51010,0.0005683022318407893,base,dense,0.75,1,19,,,0.02,0.5
lec_degradation,51010,0.0005683022318407893,base,dense,0.75,2,19,0.5,0.20956926047801971,,
mec_degradation,51010,0.0005683022318407893,base,dense,0.75,2,19,,,0.02,0.5
lec_degradation,51010,0.0005683022318407893,base,dense,0.75,3,19,0.5,0.20956926047801971,,
mec_degradation,51010,0.0005683022318407893,base,dense,0.75,3,19,,,0.02,0.5
lec_degradation,51010,0.0005683022318407893,base,dense,0.75,4,19,0.5,0.20956926047801971,,
mec_degradation,51010,0.0005683022318407893,base,dense,0.75,4,19,,,0.02,0.5
lec_degradation,51010,0.0005683022318407893,base,dense,0.75,5,19,0.5,0.20956926047801971,,
mec_degradation,51010,0.0005683022318407893,base,dense,0.75,5,19,,,0.02,0.5
lec_degradation,51010,0.0005683022318407893,base,dense,0.75,6,19,0.5,0.20956926047801971,,
mec_degradation,51010,0.0005683022318407893,base,dense,0.75,6,19,,,0.02,0.5
lec_degradation,51010,0.0005683022318407893,base,dense,0.75,7,19,0.5,0.20956926047801971,,
mec_degradation,51010,0.0005683022318407893,base,dense,0.75,7,19,,,0.02,0.5
lec_degradation,51010,0.0005683022318407893,base,dense,0.75,8,19,0.5,0.20956926047801971,,
mec_degradation,51010,0.0005683022318407893,base,dense,0.75,8,19,,,0.02,0.5
lec_degradation,51010,0.0005683022318407893,base,dense,0.75,9,19,0.5,0.20956926047801971,,
mec_degradation,51010,0.0005683022318407893,base,dense,0.75,9,19,,,0.02,0.5
lec_degradation,51010,0.0005683022318407893,base,dense,0.75,10,19,0.5,0.20956926047801971,,
mec_degradation,51010,0.0005683022318407893,base,dense,0.75,10,19,,,0.02,0.5
lec_degradation,51010,0.0005683022318407893,base,dense,0.75,11,19,0.5,0.20956926047801971,,
mec_degradation,51010,0.0005683022318407893,base,dense,0.75,11,19,,,0.02,0.5
lec_degradation,51010,0.0005683022318407893,base,dense,0.9,0,22,0.5,0.20956926047801971,,
mec_degradation,51010,0.0005683022318407893,base,dense,0.9,0,22,,,0.02,0.5
lec_degradation,51010,0.0005683022318407893,base,dense,0.9,1,22,0.5,0.20956926047801971,,
mec_degradation,51010,0.0005683022318407893,base,dense,0.9,1,22,,,0.02,0.5
lec_degradation,51010,0.0005683022318407893,base,dense,0.9,2,22,0.5,0.20956926047801971,,
mec_degradation,51010,0.0005683022318407893,base,dense,0.9,2,22,,,0.02,0.5
lec_degradation,51010,0.0005683022318407893,base,dense,0.9,3,22,0.5,0.20956926047801971,,
mec_degradation,51010,0.0005683022318407893,base,dense,0.9,3,22,,,0.02,0.5
lec_degradation,51010,0.0005683022318407893,base,dense,0.9,4,22,0.5,0.20956926047801971,,
mec_degradation,51010,0.0005683022318407893,base,dense,0.9,4,22,,,0.02,0.5
lec_degradation,51010,0.0005683022318407893,base,dense,0.9,5,22,0.5,0.20956926047801971,,
mec_degradation,51010,0.0005683022318407893,base,dense,0.9,5,22,,,0.02,0.5
lec_degradation,51010,0.0005683022318407893,base,dense,0.9,6,22,0.5,0.20956926047801971,,
mec_degradation,51010,0.0005683022318407893,base,dense,0.9,6,22,,,0.02,0.5
lec_degradation,51010,0.0005683022318407893,base,dense,0.9,7,22,0.5,0.20956926047801971,,
mec_degradation,51010,0.0005683022318407893,base,dense,0.9,7,22,,,0.02,0.5
lec_degradation,51010,0.0005683022318407893,base,dense,0.9,8,22,0.5,0.20956926047801971,,
mec_degradation,51010,0.0005683022318407893,base,dense,0.9,8,22,,,0.02,0.5
lec_degradation,51010,0.0005683022318407893,base,dense,0.9,9,22,0.5,0.20956926047801971,,
mec_degradation,51010,0.0005683022318407893,base,dense,0.9,9,22,,,0.02,0.5
lec_degradation,51010,0.0005683022318407893,base,dense,0.9,10,22,0.5,0.20956926047801971,,
mec_degradation,51010,0.0005683022318407893,base,dense,0.9,10,22,,,0.02,0.5
lec_degradation,51010,0.0005683022318407893,base,dense,0.9,11,22,0.5,0.20956926047801971,,
mec_degradation,51010,0.0005683022318407893,base,dense,0.9,11,22,,,0.02,0.5
lec_degradation,51010,0.0005683022318407893,err2,normal,0.0,0,0,1.0,0.8964179754257202,,
mec_degradation,51010,0.0005683022318407893,err2,normal,0.0,0,0,,,0.62,1.0
lec_degradation,51010,0.0005683022318407893,err2,normal,0.0,1,0,1.0,0.8964179754257202,,
mec_degradation,51010,0.0005683022318407893,err2,normal,0.0,1,0,,,0.62,1.0
lec_degradation,51010,0.0005683022318407893,err2,normal,0.0,2,0,1.0,0.8964179754257202,,
mec_degradation,51010,0.0005683022318407893,err2,normal,0.0,2,0,,,0.62,1.0
lec_degradation,51010,0.0005683022318407893,err2,normal,0.0,3,0,1.0,0.8964179754257202,,
mec_degradation,51010,0.0005683022318407893,err2,normal,0.0,3,0,,,0.62,1.0
lec_degradation,51010,0.0005683022318407893,err2,normal,0.0,4,0,1.0,0.8964179754257202,,
mec_degradation,51010,0.0005683022318407893,err2,normal,0.0,4,0,,,0.62,1.0
lec_degradation,51010,0.0005683022318407893,err2,normal,0.0,5,0,1.0,0.8964179754257202,,
mec_degradation,51010,0.0005683022318407893,err2,normal,0.0,5,0,,,0.62,1.0
lec_degradation,51010,0.0005683022318407893,err2,normal,0.0,6,0,1.0,0.8964179754257202,,
mec_degradation,51010,0.0005683022318407893,err2,normal,0.0,6,0,,,0.62,1.0
lec_degradation,51010,0.0005683022318407893,err2,normal,0.0,7,0,1.0,0.8964179754257202,,
mec_degradation,51010,0.0005683022318407893,err2,normal,0.0,7,0,,,0.62,1.0
lec_degradation,51010,0.0005683022318407893,err2,normal,0.0,8,0,1.0,0.8964179754257202,,
mec_degradation,51010,0.0005683022318407893,err2,normal,0.0,8,0,,,0.62,1.0
lec_degradation,51010,0.0005683022318407893,err2,normal,0.0,9,0,1.0,0.8964179754257202,,
mec_degradation,51010,0.0005683022318407893,err2,normal,0.0,9,0,,,0.62,1.0
lec_degradation,51010,0.0005683022318407893,err2,normal,0.0,10,0,1.0,0.8964179754257202,,
mec_degradation,51010,0.0005683022318407893,err2,normal,0.0,10,0,,,0.62,1.0
lec_degradation,51010,0.0005683022318407893,err2,normal,0.0,11,0,1.0,0.8964179754257202,,
mec_degradation,51010,0.0005683022318407893,err2,normal,0.0,11,0,,,0.62,1.0
lec_degradation,51010,0.0005683022318407893,err2,normal,0.25,0,6,1.0,0.8333730101585388,,
mec_degradation,51010,0.0005683022318407893,err2,normal,0.25,0,6,,,0.46,1.0
lec_degradation,51010,0.0005683022318407893,err2,normal,0.25,1,6,1.0,0.80748450756073,,
mec_degradation,51010,0.0005683022318407893,err2,normal,0.25,1,6,,,0.36,1.0
lec_degradation,51010,0.0005683022318407893,err2,normal,0.25,2,6,1.0,0.8296691179275513,,
mec_degradation,51010,0.0005683022318407893,err2,normal,0.25,2,6,,,0.46,1.0
lec_degradation,51010,0.0005683022318407893,err2,normal,0.25,3,6,1.0,0.8120375275611877,,
mec_degradation,51010,0.0005683022318407893,err2,normal,0.25,3,6,,,0.38,1.0
lec_degradation,51010,0.0005683022318407893,err2,normal,0.25,4,6,1.0,0.8285320401191711,,
mec_degradation,51010,0.0005683022318407893,err2,normal,0.25,4,6,,,0.4,1.0
lec_degradation,51010,0.0005683022318407893,err2,normal,0.25,5,6,1.0,0.7667598724365234,,
mec_degradation,51010,0.0005683022318407893,err2,normal,0.25,5,6,,,0.3,1.0
lec_degradation,51010,0.0005683022318407893,err2,normal,0.25,6,6,1.0,0.8151097297668457,,
mec_degradation,51010,0.0005683022318407893,err2,normal,0.25,6,6,,,0.38,1.0
lec_degradation,51010,0.0005683022318407893,err2,normal,0.25,7,6,1.0,0.827319324016571,,
mec_degradation,51010,0.0005683022318407893,err2,normal,0.25,7,6,,,0.34,1.0
lec_degradation,51010,0.0005683022318407893,err2,normal,0.25,8,6,1.0,0.8311052918434143,,
mec_degradation,51010,0.0005683022318407893,err2,normal,0.25,8,6,,,0.44,1.0
lec_degradation,51010,0.0005683022318407893,err2,normal,0.25,9,6,1.0,0.8380029201507568,,
mec_degradation,51010,0.0005683022318407893,err2,normal,0.25,9,6,,,0.46,1.0
lec_degradation,51010,0.0005683022318407893,err2,normal,0.25,10,6,1.0,0.7883118987083435,,
mec_degradation,51010,0.0005683022318407893,err2,normal,0.25,10,6,,,0.38,1.0
lec_degradation,51010,0.0005683022318407893,err2,normal,0.25,11,6,1.0,0.7785202264785767,,
mec_degradation,51010,0.0005683022318407893,err2,normal,0.25,11,6,,,0.4,1.0
lec_degradation,51010,0.0005683022318407893,err2,normal,0.5,0,12,1.0,0.7887195348739624,,
mec_degradation,51010,0.0005683022318407893,err2,normal,0.5,0,12,,,0.26,1.0
lec_degradation,51010,0.0005683022318407893,err2,normal,0.5,1,12,1.0,0.7220878601074219,,
mec_degradation,51010,0.0005683022318407893,err2,normal,0.5,1,12,,,0.2,1.0
lec_degradation,51010,0.0005683022318407893,err2,normal,0.5,2,12,1.0,0.7907593250274658,,
mec_degradation,51010,0.0005683022318407893,err2,normal,0.5,2,12,,,0.24,1.0
lec_degradation,51010,0.0005683022318407893,err2,normal,0.5,3,12,1.0,0.7592065930366516,,
mec_degradation,51010,0.0005683022318407893,err2,normal,0.5,3,12,,,0.2,1.0
lec_degradation,51010,0.0005683022318407893,err2,normal,0.5,4,12,1.0,0.7956681251525879,,
mec_degradation,51010,0.0005683022318407893,err2,normal,0.5,4,12,,,0.2,1.0
lec_degradation,51010,0.0005683022318407893,err2,normal,0.5,5,12,1.0,0.7878282070159912,,
mec_degradation,51010,0.0005683022318407893,err2,normal,0.5,5,12,,,0.26,1.0
lec_degradation,51010,0.0005683022318407893,err2,normal,0.5,6,12,1.0,0.7567234635353088,,
mec_degradation,51010,0.0005683022318407893,err2,normal,0.5,6,12,,,0.26,1.0
lec_degradation,51010,0.0005683022318407893,err2,normal,0.5,7,12,1.0,0.7458330392837524,,
mec_degradation,51010,0.0005683022318407893,err2,normal,0.5,7,12,,,0.22,1.0
lec_degradation,51010,0.0005683022318407893,err2,normal,0.5,8,12,1.0,0.7463895678520203,,
mec_degradation,51010,0.0005683022318407893,err2,normal,0.5,8,12,,,0.2,1.0
lec_degradation,51010,0.0005683022318407893,err2,normal,0.5,9,12,1.0,0.7940315008163452,,
mec_degradation,51010,0.0005683022318407893,err2,normal,0.5,9,12,,,0.3,1.0
lec_degradation,51010,0.0005683022318407893,err2,normal,0.5,10,12,1.0,0.7259109020233154,,
mec_degradation,51010,0.0005683022318407893,err2,normal,0.5,10,12,,,0.24,1.0
lec_degradation,51010,0.0005683022318407893,err2,normal,0.5,11,12,1.0,0.7491708993911743,,
mec_degradation,51010,0.0005683022318407893,err2,normal,0.5,11,12,,,0.14,1.0
lec_degradation,51010,0.0005683022318407893,err2,normal,0.75,0,19,1.0,0.7274059057235718,,
mec_degradation,51010,0.0005683022318407893,err2,normal,0.75,0,19,,,0.14,1.0
lec_degradation,51010,0.0005683022318407893,err2,normal,0.75,1,19,1.0,0.7700031399726868,,
mec_degradation,51010,0.0005683022318407893,err2,normal,0.75,1,19,,,0.14,1.0
lec_degradation,51010,0.0005683022318407893,err2,normal,0.75,2,19,1.0,0.7533354759216309,,
mec_degradation,51010,0.0005683022318407893,err2,normal,0.75,2,19,,,0.16,1.0
lec_degradation,51010,0.0005683022318407893,err2,normal,0.75,3,19,1.0,0.7680729627609253,,
mec_degradation,51010,0.0005683022318407893,err2,normal,0.75,3,19,,,0.06,1.0
lec_degradation,51010,0.0005683022318407893,err2,normal,0.75,4,19,1.0,0.739505410194397,,
mec_degradation,51010,0.0005683022318407893,err2,normal,0.75,4,19,,,0.12,1.0
lec_degradation,51010,0.0005683022318407893,err2,normal,0.75,5,19,1.0,0.7200379967689514,,
mec_degradation,51010,0.0005683022318407893,err2,normal,0.75,5,19,,,0.14,1.0
lec_degradation,51010,0.0005683022318407893,err2,normal,0.75,6,19,1.0,0.7463725805282593,,
mec_degradation,51010,0.0005683022318407893,err2,normal,0.75,6,19,,,0.08,1.0
lec_degradation,51010,0.0005683022318407893,err2,normal,0.75,7,19,1.0,0.7668465375900269,,
mec_degradation,51010,0.0005683022318407893,err2,normal,0.75,7,19,,,0.14,1.0
lec_degradation,51010,0.0005683022318407893,err2,normal,0.75,8,19,1.0,0.7579337358474731,,
mec_degradation,51010,0.0005683022318407893,err2,normal,0.75,8,19,,,0.08,1.0
lec_degradation,51010,0.0005683022318407893,err2,normal,0.75,9,19,1.0,0.7664163708686829,,
mec_degradation,51010,0.0005683022318407893,err2,normal,0.75,9,19,,,0.06,1.0
lec_degradation,51010,0.0005683022318407893,err2,normal,0.75,10,19,1.0,0.7957417964935303,,
mec_degradation,51010,0.0005683022318407893,err2,normal,0.75,10,19,,,0.06,1.0
lec_degradation,51010,0.0005683022318407893,err2,normal,0.75,11,19,1.0,0.7654753923416138,,
mec_degradation,51010,0.0005683022318407893,err2,normal,0.75,11,19,,,0.08,1.0
lec_degradation,51010,0.0005683022318407893,err2,normal,0.9,0,22,1.0,0.7480645179748535,,
mec_degradation,51010,0.0005683022318407893,err2,normal,0.9,0,22,,,0.02,1.0
lec_degradation,51010,0.0005683022318407893,err2,normal,0.9,1,22,1.0,0.7491796016693115,,
mec_degradation,51010,0.0005683022318407893,err2,normal,0.9,1,22,,,0.08,1.0
lec_degradation,51010,0.0005683022318407893,err2,normal,0.9,2,22,1.0,0.7538795471191406,,
mec_degradation,51010,0.0005683022318407893,err2,normal,0.9,2,22,,,0.06,1.0
lec_degradation,51010,0.0005683022318407893,err2,normal,0.9,3,22,1.0,0.7811837196350098,,
mec_degradation,51010,0.0005683022318407893,err2,normal,0.9,3,22,,,0.02,1.0
lec_degradation,51010,0.0005683022318407893,err2,normal,0.9,4,22,1.0,0.7523601651191711,,
mec_degradation,51010,0.0005683022318407893,err2,normal,0.9,4,22,,,0.06,1.0
lec_degradation,51010,0.0005683022318407893,err2,normal,0.9,5,22,1.0,0.760040283203125,,
mec_degradation,51010,0.0005683022318407893,err2,normal,0.9,5,22,,,0.06,1.0
lec_degradation,51010,0.0005683022318407893,err2,normal,0.9,6,22,1.0,0.7620214223861694,,
mec_degradation,51010,0.0005683022318407893,err2,normal,0.9,6,22,,,0.06,1.0
lec_degradation,51010,0.0005683022318407893,err2,normal,0.9,7,22,1.0,0.7537127733230591,,
mec_degradation,51010,0.0005683022318407893,err2,normal,0.9,7,22,,,0.06,1.0
lec_degradation,51010,0.0005683022318407893,err2,normal,0.9,8,22,1.0,0.7489493489265442,,
mec_degradation,51010,0.0005683022318407893,err2,normal,0.9,8,22,,,0.1,1.0
lec_degradation,51010,0.0005683022318407893,err2,normal,0.9,9,22,1.0,0.7775002121925354,,
mec_degradation,51010,0.0005683022318407893,err2,normal,0.9,9,22,,,0.08,1.0
lec_degradation,51010,0.0005683022318407893,err2,normal,0.9,10,22,1.0,0.7686310410499573,,
mec_degradation,51010,0.0005683022318407893,err2,normal,0.9,10,22,,,0.08,1.0
lec_degradation,51010,0.0005683022318407893,err2,normal,0.9,11,22,1.0,0.7635102272033691,,
mec_degradation,51010,0.0005683022318407893,err2,normal,0.9,11,22,,,0.1,1.0
lec_degradation,51010,0.0005683022318407893,err2,dense,0.0,0,0,0.5,0.2508285939693451,,
mec_degradation,51010,0.0005683022318407893,err2,dense,0.0,0,0,,,0.02,0.5
lec_degradation,51010,0.0005683022318407893,err2,dense,0.0,1,0,0.5,0.2508285939693451,,
mec_degradation,51010,0.0005683022318407893,err2,dense,0.0,1,0,,,0.02,0.5
lec_degradation,51010,0.0005683022318407893,err2,dense,0.0,2,0,0.5,0.2508285939693451,,
mec_degradation,51010,0.0005683022318407893,err2,dense,0.0,2,0,,,0.02,0.5
lec_degradation,51010,0.0005683022318407893,err2,dense,0.0,3,0,0.5,0.2508285939693451,,
mec_degradation,51010,0.0005683022318407893,err2,dense,0.0,3,0,,,0.02,0.5
lec_degradation,51010,0.0005683022318407893,err2,dense,0.0,4,0,0.5,0.2508285939693451,,
mec_degradation,51010,0.0005683022318407893,err2,dense,0.0,4,0,,,0.02,0.5
lec_degradation,51010,0.0005683022318407893,err2,dense,0.0,5,0,0.5,0.2508285939693451,,
mec_degradation,51010,0.0005683022318407893,err2,dense,0.0,5,0,,,0.02,0.5
lec_degradation,51010,0.0005683022318407893,err2,dense,0.0,6,0,0.5,0.2508285939693451,,
mec_degradation,51010,0.0005683022318407893,err2,dense,0.0,6,0,,,0.02,0.5
lec_degradation,51010,0.0005683022318407893,err2,dense,0.0,7,0,0.5,0.2508285939693451,,
mec_degradation,51010,0.0005683022318407893,err2,dense,0.0,7,0,,,0.02,0.5
lec_degradation,51010,0.0005683022318407893,err2,dense,0.0,8,0,0.5,0.2508285939693451,,
mec_degradation,51010,0.0005683022318407893,err2,dense,0.0,8,0,,,0.02,0.5
lec_degradation,51010,0.0005683022318407893,err2,dense,0.0,9,0,0.5,0.2508285939693451,,
mec_degradation,51010,0.0005683022318407893,err2,dense,0.0,9,0,,,0.02,0.5
lec_degradation,51010,0.0005683022318407893,err2,dense,0.0,10,0,0.5,0.2508285939693451,,
mec_degradation,51010,0.0005683022318407893,err2,dense,0.0,10,0,,,0.02,0.5
lec_degradation,51010,0.0005683022318407893,err2,dense,0.0,11,0,0.5,0.2508285939693451,,
mec_degradation,51010,0.0005683022318407893,err2,dense,0.0,11,0,,,0.02,0.5
lec_degradation,51010,0.0005683022318407893,err2,dense,0.25,0,6,0.5,0.2508285939693451,,
mec_degradation,51010,0.0005683022318407893,err2,dense,0.25,0,6,,,0.02,0.5
lec_degradation,51010,0.0005683022318407893,err2,dense,0.25,1,6,0.5,0.2508285939693451,,
mec_degradation,51010,0.0005683022318407893,err2,dense,0.25,1,6,,,0.02,0.5
lec_degradation,51010,0.0005683022318407893,err2,dense,0.25,2,6,0.5,0.2508285939693451,,
mec_degradation,51010,0.0005683022318407893,err2,dense,0.25,2,6,,,0.02,0.5
lec_degradation,51010,0.0005683022318407893,err2,dense,0.25,3,6,0.5,0.2508285939693451,,
mec_degradation,51010,0.0005683022318407893,err2,dense,0.25,3,6,,,0.02,0.5
lec_degradation,51010,0.0005683022318407893,err2,dense,0.25,4,6,0.5,0.2508285939693451,,
mec_degradation,51010,0.0005683022318407893,err2,dense,0.25,4,6,,,0.02,0.5
lec_degradation,51010,0.0005683022318407893,err2,dense,0.25,5,6,0.5,0.2508285939693451,,
mec_degradation,51010,0.0005683022318407893,err2,dense,0.25,5,6,,,0.02,0.5
lec_degradation,51010,0.0005683022318407893,err2,dense,0.25,6,6,0.5,0.2508285939693451,,
mec_degradation,51010,0.0005683022318407893,err2,dense,0.25,6,6,,,0.02,0.5
lec_degradation,51010,0.0005683022318407893,err2,dense,0.25,7,6,0.5,0.2508285939693451,,
mec_degradation,51010,0.0005683022318407893,err2,dense,0.25,7,6,,,0.02,0.5
lec_degradation,51010,0.0005683022318407893,err2,dense,0.25,8,6,0.5,0.2508285939693451,,
mec_degradation,51010,0.0005683022318407893,err2,dense,0.25,8,6,,,0.02,0.5
lec_degradation,51010,0.0005683022318407893,err2,dense,0.25,9,6,0.5,0.2508285939693451,,
mec_degradation,51010,0.0005683022318407893,err2,dense,0.25,9,6,,,0.02,0.5
lec_degradation,51010,0.0005683022318407893,err2,dense,0.25,10,6,0.5,0.2508285939693451,,
mec_degradation,51010,0.0005683022318407893,err2,dense,0.25,10,6,,,0.02,0.5
lec_degradation,51010,0.0005683022318407893,err2,dense,0.25,11,6,0.5,0.2508285939693451,,
mec_degradation,51010,0.0005683022318407893,err2,dense,0.25,11,6,,,0.02,0.5
lec_degradation,51010,0.0005683022318407893,err2,dense,0.5,0,12,0.5,0.2508285939693451,,
mec_degradation,51010,0.0005683022318407893,err2,dense,0.5,0,12,,,0.02,0.5
lec_degradation,51010,0.0005683022318407893,err2,dense,0.5,1,12,0.5,0.2508285939693451,,
mec_degradation,51010,0.0005683022318407893,err2,dense,0.5,1,12,,,0.02,0.5
lec_degradation,51010,0.0005683022318407893,err2,dense,0.5,2,12,0.5,0.2508285939693451,,
mec_degradation,51010,0.0005683022318407893,err2,dense,0.5,2,12,,,0.02,0.5
lec_degradation,51010,0.0005683022318407893,err2,dense,0.5,3,12,0.5,0.2508285939693451,,
mec_degradation,51010,0.0005683022318407893,err2,dense,0.5,3,12,,,0.02,0.5
lec_degradation,51010,0.0005683022318407893,err2,dense,0.5,4,12,0.5,0.2508285939693451,,
mec_degradation,51010,0.0005683022318407893,err2,dense,0.5,4,12,,,0.02,0.5
lec_degradation,51010,0.0005683022318407893,err2,dense,0.5,5,12,0.5,0.2508285939693451,,
mec_degradation,51010,0.0005683022318407893,err2,dense,0.5,5,12,,,0.02,0.5
lec_degradation,51010,0.0005683022318407893,err2,dense,0.5,6,12,0.5,0.2508285939693451,,
mec_degradation,51010,0.0005683022318407893,err2,dense,0.5,6,12,,,0.02,0.5
lec_degradation,51010,0.0005683022318407893,err2,dense,0.5,7,12,0.5,0.2508285939693451,,
mec_degradation,51010,0.0005683022318407893,err2,dense,0.5,7,12,,,0.02,0.5
lec_degradation,51010,0.0005683022318407893,err2,dense,0.5,8,12,0.5,0.2508285939693451,,
mec_degradation,51010,0.0005683022318407893,err2,dense,0.5,8,12,,,0.02,0.5
lec_degradation,51010,0.0005683022318407893,err2,dense,0.5,9,12,0.5,0.2508285939693451,,
mec_degradation,51010,0.0005683022318407893,err2,dense,0.5,9,12,,,0.02,0.5
lec_degradation,51010,0.0005683022318407893,err2,dense,0.5,10,12,0.5,0.2508285939693451,,
mec_degradation,51010,0.0005683022318407893,err2,dense,0.5,10,12,,,0.02,0.5
lec_degradation,51010,0.0005683022318407893,err2,dense,0.5,11,12,0.5,0.2508285939693451,,
mec_degradation,51010,0.0005683022318407893,err2,dense,0.5,11,12,,,0.02,0.5
lec_degradation,51010,0.0005683022318407893,err2,dense,0.75,0,19,0.5,0.2508285939693451,,
mec_degradation,51010,0.0005683022318407893,err2,dense,0.75,0,19,,,0.02,0.5
lec_degradation,51010,0.0005683022318407893,err2,dense,0.75,1,19,0.5,0.2508285939693451,,
mec_degradation,51010,0.0005683022318407893,err2,dense,0.75,1,19,,,0.02,0.5
lec_degradation,51010,0.0005683022318407893,err2,dense,0.75,2,19,0.5,0.2508285939693451,,
mec_degradation,51010,0.0005683022318407893,err2,dense,0.75,2,19,,,0.02,0.5
lec_degradation,51010,0.0005683022318407893,err2,dense,0.75,3,19,0.5,0.2508285939693451,,
mec_degradation,51010,0.0005683022318407893,err2,dense,0.75,3,19,,,0.02,0.5
lec_degradation,51010,0.0005683022318407893,err2,dense,0.75,4,19,0.5,0.2508285939693451,,
mec_degradation,51010,0.0005683022318407893,err2,dense,0.75,4,19,,,0.02,0.5
lec_degradation,51010,0.0005683022318407893,err2,dense,0.75,5,19,0.5,0.2508285939693451,,
mec_degradation,51010,0.0005683022318407893,err2,dense,0.75,5,19,,,0.02,0.5
lec_degradation,51010,0.0005683022318407893,err2,dense,0.75,6,19,0.5,0.2508285939693451,,
mec_degradation,51010,0.0005683022318407893,err2,dense,0.75,6,19,,,0.02,0.5
lec_degradation,51010,0.0005683022318407893,err2,dense,0.75,7,19,0.5,0.2508285939693451,,
mec_degradation,51010,0.0005683022318407893,err2,dense,0.75,7,19,,,0.02,0.5
lec_degradation,51010,0.0005683022318407893,err2,dense,0.75,8,19,0.5,0.2508285939693451,,
mec_degradation,51010,0.0005683022318407893,err2,dense,0.75,8,19,,,0.02,0.5
lec_degradation,51010,0.0005683022318407893,err2,dense,0.75,9,19,0.5,0.2508285939693451,,
mec_degradation,51010,0.0005683022318407893,err2,dense,0.75,9,19,,,0.02,0.5
lec_degradation,51010,0.0005683022318407893,err2,dense,0.75,10,19,0.5,0.2508285939693451,,
mec_degradation,51010,0.0005683022318407893,err2,dense,0.75,10,19,,,0.02,0.5
lec_degradation,51010,0.0005683022318407893,err2,dense,0.75,11,19,0.5,0.2508285939693451,,
mec_degradation,51010,0.0005683022318407893,err2,dense,0.75,11,19,,,0.02,0.5
lec_degradation,51010,0.0005683022318407893,err2,dense,0.9,0,22,0.5,0.2508285939693451,,
mec_degradation,51010,0.0005683022318407893,err2,dense,0.9,0,22,,,0.02,0.5
lec_degradation,51010,0.0005683022318407893,err2,dense,0.9,1,22,0.5,0.2508285939693451,,
mec_degradation,51010,0.0005683022318407893,err2,dense,0.9,1,22,,,0.02,0.5
lec_degradation,51010,0.0005683022318407893,err2,dense,0.9,2,22,0.5,0.2508285939693451,,
mec_degradation,51010,0.0005683022318407893,err2,dense,0.9,2,22,,,0.02,0.5
lec_degradation,51010,0.0005683022318407893,err2,dense,0.9,3,22,0.5,0.2508285939693451,,
mec_degradation,51010,0.0005683022318407893,err2,dense,0.9,3,22,,,0.02,0.5
lec_degradation,51010,0.0005683022318407893,err2,dense,0.9,4,22,0.5,0.2508285939693451,,
mec_degradation,51010,0.0005683022318407893,err2,dense,0.9,4,22,,,0.02,0.5
lec_degradation,51010,0.0005683022318407893,err2,dense,0.9,5,22,0.5,0.2508285939693451,,
mec_degradation,51010,0.0005683022318407893,err2,dense,0.9,5,22,,,0.02,0.5
lec_degradation,51010,0.0005683022318407893,err2,dense,0.9,6,22,0.5,0.2508285939693451,,
mec_degradation,51010,0.0005683022318407893,err2,dense,0.9,6,22,,,0.02,0.5
lec_degradation,51010,0.0005683022318407893,err2,dense,0.9,7,22,0.5,0.2508285939693451,,
mec_degradation,51010,0.0005683022318407893,err2,dense,0.9,7,22,,,0.02,0.5
lec_degradation,51010,0.0005683022318407893,err2,dense,0.9,8,22,0.5,0.2508285939693451,,
mec_degradation,51010,0.0005683022318407893,err2,dense,0.9,8,22,,,0.02,0.5
lec_degradation,51010,0.0005683022318407893,err2,dense,0.9,9,22,0.5,0.2508285939693451,,
mec_degradation,51010,0.0005683022318407893,err2,dense,0.9,9,22,,,0.02,0.5
lec_degradation,51010,0.0005683022318407893,err2,dense,0.9,10,22,0.5,0.2508285939693451,,
mec_degradation,51010,0.0005683022318407893,err2,dense,0.9,10,22,,,0.02,0.5
lec_degradation,51010,0.0005683022318407893,err2,dense,0.9,11,22,0.5,0.2508285939693451,,
mec_degradation,51010,0.0005683022318407893,err2,dense,0.9,11,22,,,0.02,0.5
lec_degradation,51011,0.0009562135091982782,base,normal,0.0,0,0,1.0,0.7193834185600281,,
mec_degradation,51011,0.0009562135091982782,base,normal,0.0,0,0,,,0.16,1.0
lec_degradation,51011,0.0009562135091982782,base,normal,0.0,1,0,1.0,0.7193834185600281,,
mec_degradation,51011,0.0009562135091982782,base,normal,0.0,1,0,,,0.16,1.0
lec_degradation,51011,0.0009562135091982782,base,normal,0.0,2,0,1.0,0.7193834185600281,,
mec_degradation,51011,0.0009562135091982782,base,normal,0.0,2,0,,,0.16,1.0
lec_degradation,51011,0.0009562135091982782,base,normal,0.0,3,0,1.0,0.7193834185600281,,
mec_degradation,51011,0.0009562135091982782,base,normal,0.0,3,0,,,0.16,1.0
lec_degradation,51011,0.0009562135091982782,base,normal,0.0,4,0,1.0,0.7193834185600281,,
mec_degradation,51011,0.0009562135091982782,base,normal,0.0,4,0,,,0.16,1.0
lec_degradation,51011,0.0009562135091982782,base,normal,0.0,5,0,1.0,0.7193834185600281,,
mec_degradation,51011,0.0009562135091982782,base,normal,0.0,5,0,,,0.16,1.0
lec_degradation,51011,0.0009562135091982782,base,normal,0.0,6,0,1.0,0.7193834185600281,,
mec_degradation,51011,0.0009562135091982782,base,normal,0.0,6,0,,,0.16,1.0
lec_degradation,51011,0.0009562135091982782,base,normal,0.0,7,0,1.0,0.7193834185600281,,
mec_degradation,51011,0.0009562135091982782,base,normal,0.0,7,0,,,0.16,1.0
lec_degradation,51011,0.0009562135091982782,base,normal,0.0,8,0,1.0,0.7193834185600281,,
mec_degradation,51011,0.0009562135091982782,base,normal,0.0,8,0,,,0.16,1.0
lec_degradation,51011,0.0009562135091982782,base,normal,0.0,9,0,1.0,0.7193834185600281,,
mec_degradation,51011,0.0009562135091982782,base,normal,0.0,9,0,,,0.16,1.0
lec_degradation,51011,0.0009562135091982782,base,normal,0.0,10,0,1.0,0.7193834185600281,,
mec_degradation,51011,0.0009562135091982782,base,normal,0.0,10,0,,,0.16,1.0
lec_degradation,51011,0.0009562135091982782,base,normal,0.0,11,0,1.0,0.7193834185600281,,
mec_degradation,51011,0.0009562135091982782,base,normal,0.0,11,0,,,0.16,1.0
lec_degradation,51011,0.0009562135091982782,base,normal,0.25,0,6,1.0,0.7589756846427917,,
mec_degradation,51011,0.0009562135091982782,base,normal,0.25,0,6,,,0.12,1.0
lec_degradation,51011,0.0009562135091982782,base,normal,0.25,1,6,1.0,0.748808741569519,,
mec_degradation,51011,0.0009562135091982782,base,normal,0.25,1,6,,,0.16,1.0
lec_degradation,51011,0.0009562135091982782,base,normal,0.25,2,6,1.0,0.7221997976303101,,
mec_degradation,51011,0.0009562135091982782,base,normal,0.25,2,6,,,0.14,1.0
lec_degradation,51011,0.0009562135091982782,base,normal,0.25,3,6,1.0,0.739666759967804,,
mec_degradation,51011,0.0009562135091982782,base,normal,0.25,3,6,,,0.14,1.0
lec_degradation,51011,0.0009562135091982782,base,normal,0.25,4,6,1.0,0.7549574375152588,,
mec_degradation,51011,0.0009562135091982782,base,normal,0.25,4,6,,,0.1,1.0
lec_degradation,51011,0.0009562135091982782,base,normal,0.25,5,6,1.0,0.7286368608474731,,
mec_degradation,51011,0.0009562135091982782,base,normal,0.25,5,6,,,0.12,1.0
lec_degradation,51011,0.0009562135091982782,base,normal,0.25,6,6,1.0,0.7311508655548096,,
mec_degradation,51011,0.0009562135091982782,base,normal,0.25,6,6,,,0.18,1.0
lec_degradation,51011,0.0009562135091982782,base,normal,0.25,7,6,1.0,0.7621700763702393,,
mec_degradation,51011,0.0009562135091982782,base,normal,0.25,7,6,,,0.18,1.0
lec_degradation,51011,0.0009562135091982782,base,normal,0.25,8,6,1.0,0.7554782629013062,,
mec_degradation,51011,0.0009562135091982782,base,normal,0.25,8,6,,,0.16,1.0
lec_degradation,51011,0.0009562135091982782,base,normal,0.25,9,6,1.0,0.7257753014564514,,
mec_degradation,51011,0.0009562135091982782,base,normal,0.25,9,6,,,0.12,1.0
lec_degradation,51011,0.0009562135091982782,base,normal,0.25,10,6,1.0,0.7321388125419617,,
mec_degradation,51011,0.0009562135091982782,base,normal,0.25,10,6,,,0.16,1.0
lec_degradation,51011,0.0009562135091982782,base,normal,0.25,11,6,1.0,0.7456526756286621,,
mec_degradation,51011,0.0009562135091982782,base,normal,0.25,11,6,,,0.1,1.0
lec_degradation,51011,0.0009562135091982782,base,normal,0.5,0,12,1.0,0.7556005716323853,,
mec_degradation,51011,0.0009562135091982782,base,normal,0.5,0,12,,,0.14,1.0
lec_degradation,51011,0.0009562135091982782,base,normal,0.5,1,12,1.0,0.7730639576911926,,
mec_degradation,51011,0.0009562135091982782,base,normal,0.5,1,12,,,0.08,1.0
lec_degradation,51011,0.0009562135091982782,base,normal,0.5,2,12,1.0,0.7605770230293274,,
mec_degradation,51011,0.0009562135091982782,base,normal,0.5,2,12,,,0.14,1.0
lec_degradation,51011,0.0009562135091982782,base,normal,0.5,3,12,1.0,0.756071150302887,,
mec_degradation,51011,0.0009562135091982782,base,normal,0.5,3,12,,,0.1,1.0
lec_degradation,51011,0.0009562135091982782,base,normal,0.5,4,12,1.0,0.7595574855804443,,
mec_degradation,51011,0.0009562135091982782,base,normal,0.5,4,12,,,0.1,1.0
lec_degradation,51011,0.0009562135091982782,base,normal,0.5,5,12,1.0,0.7213545441627502,,
mec_degradation,51011,0.0009562135091982782,base,normal,0.5,5,12,,,0.14,1.0
lec_degradation,51011,0.0009562135091982782,base,normal,0.5,6,12,1.0,0.7391788959503174,,
mec_degradation,51011,0.0009562135091982782,base,normal,0.5,6,12,,,0.12,1.0
lec_degradation,51011,0.0009562135091982782,base,normal,0.5,7,12,1.0,0.7508624196052551,,
mec_degradation,51011,0.0009562135091982782,base,normal,0.5,7,12,,,0.1,1.0
lec_degradation,51011,0.0009562135091982782,base,normal,0.5,8,12,1.0,0.7793734669685364,,
mec_degradation,51011,0.0009562135091982782,base,normal,0.5,8,12,,,0.1,1.0
lec_degradation,51011,0.0009562135091982782,base,normal,0.5,9,12,1.0,0.7858242988586426,,
mec_degradation,51011,0.0009562135091982782,base,normal,0.5,9,12,,,0.1,1.0
lec_degradation,51011,0.0009562135091982782,base,normal,0.5,10,12,1.0,0.7687881588935852,,
mec_degradation,51011,0.0009562135091982782,base,normal,0.5,10,12,,,0.14,1.0
lec_degradation,51011,0.0009562135091982782,base,normal,0.5,11,12,1.0,0.7635546922683716,,
mec_degradation,51011,0.0009562135091982782,base,normal,0.5,11,12,,,0.14,1.0
lec_degradation,51011,0.0009562135091982782,base,normal,0.75,0,19,1.0,0.7482708692550659,,
mec_degradation,51011,0.0009562135091982782,base,normal,0.75,0,19,,,0.1,1.0
lec_degradation,51011,0.0009562135091982782,base,normal,0.75,1,19,1.0,0.756279468536377,,
mec_degradation,51011,0.0009562135091982782,base,normal,0.75,1,19,,,0.06,1.0
lec_degradation,51011,0.0009562135091982782,base,normal,0.75,2,19,1.0,0.7545835971832275,,
mec_degradation,51011,0.0009562135091982782,base,normal,0.75,2,19,,,0.1,1.0
lec_degradation,51011,0.0009562135091982782,base,normal,0.75,3,19,1.0,0.7423489093780518,,
mec_degradation,51011,0.0009562135091982782,base,normal,0.75,3,19,,,0.12,1.0
lec_degradation,51011,0.0009562135091982782,base,normal,0.75,4,19,1.0,0.7636938691139221,,
mec_degradation,51011,0.0009562135091982782,base,normal,0.75,4,19,,,0.08,1.0
lec_degradation,51011,0.0009562135091982782,base,normal,0.75,5,19,1.0,0.767952561378479,,
mec_degradation,51011,0.0009562135091982782,base,normal,0.75,5,19,,,0.08,1.0
lec_degradation,51011,0.0009562135091982782,base,normal,0.75,6,19,1.0,0.750413179397583,,
mec_degradation,51011,0.0009562135091982782,base,normal,0.75,6,19,,,0.08,1.0
lec_degradation,51011,0.0009562135091982782,base,normal,0.75,7,19,1.0,0.7728658318519592,,
mec_degradation,51011,0.0009562135091982782,base,normal,0.75,7,19,,,0.08,1.0
lec_degradation,51011,0.0009562135091982782,base,normal,0.75,8,19,1.0,0.7609754204750061,,
mec_degradation,51011,0.0009562135091982782,base,normal,0.75,8,19,,,0.1,1.0
lec_degradation,51011,0.0009562135091982782,base,normal,0.75,9,19,1.0,0.7702217102050781,,
mec_degradation,51011,0.0009562135091982782,base,normal,0.75,9,19,,,0.06,1.0
lec_degradation,51011,0.0009562135091982782,base,normal,0.75,10,19,1.0,0.7576462030410767,,
mec_degradation,51011,0.0009562135091982782,base,normal,0.75,10,19,,,0.06,1.0
lec_degradation,51011,0.0009562135091982782,base,normal,0.75,11,19,1.0,0.7264172434806824,,
mec_degradation,51011,0.0009562135091982782,base,normal,0.75,11,19,,,0.08,1.0
lec_degradation,51011,0.0009562135091982782,base,normal,0.9,0,22,1.0,0.7475091814994812,,
mec_degradation,51011,0.0009562135091982782,base,normal,0.9,0,22,,,0.08,1.0
lec_degradation,51011,0.0009562135091982782,base,normal,0.9,1,22,1.0,0.7032688856124878,,
mec_degradation,51011,0.0009562135091982782,base,normal,0.9,1,22,,,0.12,1.0
lec_degradation,51011,0.0009562135091982782,base,normal,0.9,2,22,1.0,0.7274223566055298,,
mec_degradation,51011,0.0009562135091982782,base,normal,0.9,2,22,,,0.1,1.0
lec_degradation,51011,0.0009562135091982782,base,normal,0.9,3,22,1.0,0.7307754755020142,,
mec_degradation,51011,0.0009562135091982782,base,normal,0.9,3,22,,,0.06,1.0
lec_degradation,51011,0.0009562135091982782,base,normal,0.9,4,22,1.0,0.6903064250946045,,
mec_degradation,51011,0.0009562135091982782,base,normal,0.9,4,22,,,0.1,1.0
lec_degradation,51011,0.0009562135091982782,base,normal,0.9,5,22,1.0,0.7466692924499512,,
mec_degradation,51011,0.0009562135091982782,base,normal,0.9,5,22,,,0.08,1.0
lec_degradation,51011,0.0009562135091982782,base,normal,0.9,6,22,1.0,0.7348403930664062,,
mec_degradation,51011,0.0009562135091982782,base,normal,0.9,6,22,,,0.08,1.0
lec_degradation,51011,0.0009562135091982782,base,normal,0.9,7,22,1.0,0.7250598073005676,,
mec_degradation,51011,0.0009562135091982782,base,normal,0.9,7,22,,,0.06,1.0
lec_degradation,51011,0.0009562135091982782,base,normal,0.9,8,22,1.0,0.7499809265136719,,
mec_degradation,51011,0.0009562135091982782,base,normal,0.9,8,22,,,0.1,1.0
lec_degradation,51011,0.0009562135091982782,base,normal,0.9,9,22,1.0,0.7474647760391235,,
mec_degradation,51011,0.0009562135091982782,base,normal,0.9,9,22,,,0.08,1.0
lec_degradation,51011,0.0009562135091982782,base,normal,0.9,10,22,1.0,0.754584789276123,,
mec_degradation,51011,0.0009562135091982782,base,normal,0.9,10,22,,,0.06,1.0
lec_degradation,51011,0.0009562135091982782,base,normal,0.9,11,22,1.0,0.7420871257781982,,
mec_degradation,51011,0.0009562135091982782,base,normal,0.9,11,22,,,0.06,1.0
lec_degradation,51011,0.0009562135091982782,base,dense,0.0,0,0,0.5,0.12013537436723709,,
mec_degradation,51011,0.0009562135091982782,base,dense,0.0,0,0,,,0.02,0.5
lec_degradation,51011,0.0009562135091982782,base,dense,0.0,1,0,0.5,0.12013537436723709,,
mec_degradation,51011,0.0009562135091982782,base,dense,0.0,1,0,,,0.02,0.5
lec_degradation,51011,0.0009562135091982782,base,dense,0.0,2,0,0.5,0.12013537436723709,,
mec_degradation,51011,0.0009562135091982782,base,dense,0.0,2,0,,,0.02,0.5
lec_degradation,51011,0.0009562135091982782,base,dense,0.0,3,0,0.5,0.12013537436723709,,
mec_degradation,51011,0.0009562135091982782,base,dense,0.0,3,0,,,0.02,0.5
lec_degradation,51011,0.0009562135091982782,base,dense,0.0,4,0,0.5,0.12013537436723709,,
mec_degradation,51011,0.0009562135091982782,base,dense,0.0,4,0,,,0.02,0.5
lec_degradation,51011,0.0009562135091982782,base,dense,0.0,5,0,0.5,0.12013537436723709,,
mec_degradation,51011,0.0009562135091982782,base,dense,0.0,5,0,,,0.02,0.5
lec_degradation,51011,0.0009562135091982782,base,dense,0.0,6,0,0.5,0.12013537436723709,,
mec_degradation,51011,0.0009562135091982782,base,dense,0.0,6,0,,,0.02,0.5
lec_degradation,51011,0.0009562135091982782,base,dense,0.0,7,0,0.5,0.12013537436723709,,
mec_degradation,51011,0.0009562135091982782,base,dense,0.0,7,0,,,0.02,0.5
lec_degradation,51011,0.0009562135091982782,base,dense,0.0,8,0,0.5,0.12013537436723709,,
mec_degradation,51011,0.0009562135091982782,base,dense,0.0,8,0,,,0.02,0.5
lec_degradation,51011,0.0009562135091982782,base,dense,0.0,9,0,0.5,0.12013537436723709,,
mec_degradation,51011,0.0009562135091982782,base,dense,0.0,9,0,,,0.02,0.5
lec_degradation,51011,0.0009562135091982782,base,dense,0.0,10,0,0.5,0.12013537436723709,,
mec_degradation,51011,0.0009562135091982782,base,dense,0.0,10,0,,,0.02,0.5
lec_degradation,51011,0.0009562135091982782,base,dense,0.0,11,0,0.5,0.12013537436723709,,
mec_degradation,51011,0.0009562135091982782,base,dense,0.0,11,0,,,0.02,0.5
lec_degradation,51011,0.0009562135091982782,base,dense,0.25,0,6,0.5,0.12013537436723709,,
mec_degradation,51011,0.0009562135091982782,base,dense,0.25,0,6,,,0.02,0.5
lec_degradation,51011,0.0009562135091982782,base,dense,0.25,1,6,0.5,0.12013537436723709,,
mec_degradation,51011,0.0009562135091982782,base,dense,0.25,1,6,,,0.02,0.5
lec_degradation,51011,0.0009562135091982782,base,dense,0.25,2,6,0.5,0.12013537436723709,,
mec_degradation,51011,0.0009562135091982782,base,dense,0.25,2,6,,,0.02,0.5
lec_degradation,51011,0.0009562135091982782,base,dense,0.25,3,6,0.5,0.12013537436723709,,
mec_degradation,51011,0.0009562135091982782,base,dense,0.25,3,6,,,0.02,0.5
lec_degradation,51011,0.0009562135091982782,base,dense,0.25,4,6,0.5,0.12013537436723709,,
mec_degradation,51011,0.0009562135091982782,base,dense,0.25,4,6,,,0.02,0.5
lec_degradation,51011,0.0009562135091982782,base,dense,0.25,5,6,0.5,0.12013537436723709,,
mec_degradation,51011,0.0009562135091982782,base,dense,0.25,5,6,,,0.02,0.5
lec_degradation,51011,0.0009562135091982782,base,dense,0.25,6,6,0.5,0.12013537436723709,,
mec_degradation,51011,0.0009562135091982782,base,dense,0.25,6,6,,,0.02,0.5
lec_degradation,51011,0.0009562135091982782,base,dense,0.25,7,6,0.5,0.12013537436723709,,
mec_degradation,51011,0.0009562135091982782,base,dense,0.25,7,6,,,0.02,0.5
lec_degradation,51011,0.0009562135091982782,base,dense,0.25,8,6,0.5,0.12013537436723709,,
mec_degradation,51011,0.0009562135091982782,base,dense,0.25,8,6,,,0.02,0.5
lec_degradation,51011,0.0009562135091982782,base,dense,0.25,9,6,0.5,0.12013537436723709,,
mec_degradation,51011,0.0009562135091982782,base,dense,0.25,9,6,,,0.02,0.5
lec_degradation,51011,0.0009562135091982782,base,dense,0.25,10,6,0.5,0.12013537436723709,,
mec_degradation,51011,0.0009562135091982782,base,dense,0.25,10,6,,,0.02,0.5
lec_degradation,51011,0.0009562135091982782,base,dense,0.25,11,6,0.5,0.12013537436723709,,
mec_degradation,51011,0.0009562135091982782,base,dense,0.25,11,6,,,0.02,0.5
lec_degradation,51011,0.0009562135091982782,base,dense,0.5,0,12,0.5,0.12013537436723709,,
mec_degradation,51011,0.0009562135091982782,base,dense,0.5,0,12,,,0.02,0.5
lec_degradation,51011,0.0009562135091982782,base,dense,0.5,1,12,0.5,0.12013537436723709,,
mec_degradation,51011,0.0009562135091982782,base,dense,0.5,1,12,,,0.02,0.5
lec_degradation,51011,0.0009562135091982782,base,dense,0.5,2,12,0.5,0.12013537436723709,,
mec_degradation,51011,0.0009562135091982782,base,dense,0.5,2,12,,,0.02,0.5
lec_degradation,51011,0.0009562135091982782,base,dense,0.5,3,12,0.5,0.12013537436723709,,
mec_degradation,51011,0.0009562135091982782,base,dense,0.5,3,12,,,0.02,0.5
lec_degradation,51011,0.0009562135091982782,base,dense,0.5,4,12,0.5,0.12013537436723709,,
mec_degradation,51011,0.0009562135091982782,base,dense,0.5,4,12,,,0.02,0.5
lec_degradation,51011,0.0009562135091982782,base,dense,0.5,5,12,0.5,0.12013537436723709,,
mec_degradation,51011,0.0009562135091982782,base,dense,0.5,5,12,,,0.02,0.5
lec_degradation,51011,0.0009562135091982782,base,dense,0.5,6,12,0.5,0.12013537436723709,,
mec_degradation,51011,0.0009562135091982782,base,dense,0.5,6,12,,,0.02,0.5
lec_degradation,51011,0.0009562135091982782,base,dense,0.5,7,12,0.5,0.12013537436723709,,
mec_degradation,51011,0.0009562135091982782,base,dense,0.5,7,12,,,0.02,0.5
lec_degradation,51011,0.0009562135091982782,base,dense,0.5,8,12,0.5,0.12013537436723709,,
mec_degradation,51011,0.0009562135091982782,base,dense,0.5,8,12,,,0.02,0.5
lec_degradation,51011,0.0009562135091982782,base,dense,0.5,9,12,0.5,0.12013537436723709,,
mec_degradation,51011,0.0009562135091982782,base,dense,0.5,9,12,,,0.02,0.5
lec_degradation,51011,0.0009562135091982782,base,dense,0.5,10,12,0.5,0.12013537436723709,,
mec_degradation,51011,0.0009562135091982782,base,dense,0.5,10,12,,,0.02,0.5
lec_degradation,51011,0.0009562135091982782,base,dense,0.5,11,12,0.5,0.12013537436723709,,
mec_degradation,51011,0.0009562135091982782,base,dense,0.5,11,12,,,0.02,0.5
lec_degradation,51011,0.0009562135091982782,base,dense,0.75,0,19,0.5,0.12013537436723709,,
mec_degradation,51011,0.0009562135091982782,base,dense,0.75,0,19,,,0.02,0.5
lec_degradation,51011,0.0009562135091982782,base,dense,0.75,1,19,0.5,0.12013537436723709,,
mec_degradation,51011,0.0009562135091982782,base,dense,0.75,1,19,,,0.02,0.5
lec_degradation,51011,0.0009562135091982782,base,dense,0.75,2,19,0.5,0.12013537436723709,,
mec_degradation,51011,0.0009562135091982782,base,dense,0.75,2,19,,,0.02,0.5
lec_degradation,51011,0.0009562135091982782,base,dense,0.75,3,19,0.5,0.12013537436723709,,
mec_degradation,51011,0.0009562135091982782,base,dense,0.75,3,19,,,0.02,0.5
lec_degradation,51011,0.0009562135091982782,base,dense,0.75,4,19,0.5,0.12013537436723709,,
mec_degradation,51011,0.0009562135091982782,base,dense,0.75,4,19,,,0.02,0.5
lec_degradation,51011,0.0009562135091982782,base,dense,0.75,5,19,0.5,0.12013537436723709,,
mec_degradation,51011,0.0009562135091982782,base,dense,0.75,5,19,,,0.02,0.5
lec_degradation,51011,0.0009562135091982782,base,dense,0.75,6,19,0.5,0.12013537436723709,,
mec_degradation,51011,0.0009562135091982782,base,dense,0.75,6,19,,,0.02,0.5
lec_degradation,51011,0.0009562135091982782,base,dense,0.75,7,19,0.5,0.12013537436723709,,
mec_degradation,51011,0.0009562135091982782,base,dense,0.75,7,19,,,0.02,0.5
lec_degradation,51011,0.0009562135091982782,base,dense,0.75,8,19,0.5,0.12013537436723709,,
mec_degradation,51011,0.0009562135091982782,base,dense,0.75,8,19,,,0.02,0.5
lec_degradation,51011,0.0009562135091982782,base,dense,0.75,9,19,0.5,0.12013537436723709,,
mec_degradation,51011,0.0009562135091982782,base,dense,0.75,9,19,,,0.02,0.5
lec_degradation,51011,0.0009562135091982782,base,dense,0.75,10,19,0.5,0.12013537436723709,,
mec_degradation,51011,0.0009562135091982782,base,dense,0.75,10,19,,,0.02,0.5
lec_degradation,51011,0.0009562135091982782,base,dense,0.75,11,19,0.5,0.12013537436723709,,
mec_degradation,51011,0.0009562135091982782,base,dense,0.75,11,19,,,0.02,0.5
lec_degradation,51011,0.0009562135091982782,base,dense,0.9,0,22,0.5,0.12013537436723709,,
mec_degradation,51011,0.0009562135091982782,base,dense,0.9,0,22,,,0.02,0.5
lec_degradation,51011,0.0009562135091982782,base,dense,0.9,1,22,0.5,0.12013537436723709,,
mec_degradation,51011,0.0009562135091982782,base,dense,0.9,1,22,,,0.02,0.5
lec_degradation,51011,0.0009562135091982782,base,dense,0.9,2,22,0.5,0.12013537436723709,,
mec_degradation,51011,0.0009562135091982782,base,dense,0.9,2,22,,,0.02,0.5
lec_degradation,51011,0.0009562135091982782,base,dense,0.9,3,22,0.5,0.12013537436723709,,
mec_degradation,51011,0.0009562135091982782,base,dense,0.9,3,22,,,0.02,0.5
lec_degradation,51011,0.0009562135091982782,base,dense,0.9,4,22,0.5,0.12013537436723709,,
mec_degradation,51011,0.0009562135091982782,base,dense,0.9,4,22,,,0.02,0.5
lec_degradation,51011,0.0009562135091982782,base,dense,0.9,5,22,0.5,0.12013537436723709,,
mec_degradation,51011,0.0009562135091982782,base,dense,0.9,5,22,,,0.02,0.5
lec_degradation,51011,0.0009562135091982782,base,dense,0.9,6,22,0.5,0.12013537436723709,,
mec_degradation,51011,0.0009562135091982782,base,dense,0.9,6,22,,,0.02,0.5
lec_degradation,51011,0.0009562135091982782,base,dense,0.9,7,22,0.5,0.12013537436723709,,
mec_degradation,51011,0.0009562135091982782,base,dense,0.9,7,22,,,0.02,0.5
lec_degradation,51011,0.0009562135091982782,base,dense,0.9,8,22,0.5,0.12013537436723709,,
mec_degradation,51011,0.0009562135091982782,base,dense,0.9,8,22,,,0.02,0.5
lec_degradation,51011,0.0009562135091982782,base,dense,0.9,9,22,0.5,0.12013537436723709,,
mec_degradation,51011,0.0009562135091982782,base,dense,0.9,9,22,,,0.02,0.5
lec_degradation,51011,0.0009562135091982782,base,dense,0.9,10,22,0.5,0.12013537436723709,,
mec_degradation,51011,0.0009562135091982782,base,dense,0.9,10,22,,,0.02,0.5
lec_degradation,51011,0.0009562135091982782,base,dense,0.9,11,22,0.5,0.12013537436723709,,
mec_degradation,51011,0.0009562135091982782,base,dense,0.9,11,22,,,0.02,0.5
lec_degradation,51011,0.0009562135091982782,err2,normal,0.0,0,0,1.0,0.8902018070220947,,
mec_degradation,51011,0.0009562135091982782,err2,normal,0.0,0,0,,,0.64,1.0
lec_degradation,51011,0.0009562135091982782,err2,normal,0.0,1,0,1.0,0.8902018070220947,,
mec_degradation,51011,0.0009562135091982782,err2,normal,0.0,1,0,,,0.64,1.0
lec_degradation,51011,0.0009562135091982782,err2,normal,0.0,2,0,1.0,0.8902018070220947,,
mec_degradation,51011,0.0009562135091982782,err2,normal,0.0,2,0,,,0.64,1.0
lec_degradation,51011,0.0009562135091982782,err2,normal,0.0,3,0,1.0,0.8902018070220947,,
mec_degradation,51011,0.0009562135091982782,err2,normal,0.0,3,0,,,0.64,1.0
lec_degradation,51011,0.0009562135091982782,err2,normal,0.0,4,0,1.0,0.8902018070220947,,
mec_degradation,51011,0.0009562135091982782,err2,normal,0.0,4,0,,,0.64,1.0
lec_degradation,51011,0.0009562135091982782,err2,normal,0.0,5,0,1.0,0.8902018070220947,,
mec_degradation,51011,0.0009562135091982782,err2,normal,0.0,5,0,,,0.64,1.0
lec_degradation,51011,0.0009562135091982782,err2,normal,0.0,6,0,1.0,0.8902018070220947,,
mec_degradation,51011,0.0009562135091982782,err2,normal,0.0,6,0,,,0.64,1.0
lec_degradation,51011,0.0009562135091982782,err2,normal,0.0,7,0,1.0,0.8902018070220947,,
mec_degradation,51011,0.0009562135091982782,err2,normal,0.0,7,0,,,0.64,1.0
lec_degradation,51011,0.0009562135091982782,err2,normal,0.0,8,0,1.0,0.8902018070220947,,
mec_degradation,51011,0.0009562135091982782,err2,normal,0.0,8,0,,,0.64,1.0
lec_degradation,51011,0.0009562135091982782,err2,normal,0.0,9,0,1.0,0.8902018070220947,,
mec_degradation,51011,0.0009562135091982782,err2,normal,0.0,9,0,,,0.64,1.0
lec_degradation,51011,0.0009562135091982782,err2,normal,0.0,10,0,1.0,0.8902018070220947,,
mec_degradation,51011,0.0009562135091982782,err2,normal,0.0,10,0,,,0.64,1.0
lec_degradation,51011,0.0009562135091982782,err2,normal,0.0,11,0,1.0,0.8902018070220947,,
mec_degradation,51011,0.0009562135091982782,err2,normal,0.0,11,0,,,0.64,1.0
lec_degradation,51011,0.0009562135091982782,err2,normal,0.25,0,6,1.0,0.823322057723999,,
mec_degradation,51011,0.0009562135091982782,err2,normal,0.25,0,6,,,0.36,1.0
lec_degradation,51011,0.0009562135091982782,err2,normal,0.25,1,6,1.0,0.8836734890937805,,
mec_degradation,51011,0.0009562135091982782,err2,normal,0.25,1,6,,,0.36,1.0
lec_degradation,51011,0.0009562135091982782,err2,normal,0.25,2,6,1.0,0.8098028302192688,,
mec_degradation,51011,0.0009562135091982782,err2,normal,0.25,2,6,,,0.48,1.0
lec_degradation,51011,0.0009562135091982782,err2,normal,0.25,3,6,1.0,0.8505052924156189,,
mec_degradation,51011,0.0009562135091982782,err2,normal,0.25,3,6,,,0.44,1.0
lec_degradation,51011,0.0009562135091982782,err2,normal,0.25,4,6,1.0,0.845099687576294,,
mec_degradation,51011,0.0009562135091982782,err2,normal,0.25,4,6,,,0.48,1.0
lec_degradation,51011,0.0009562135091982782,err2,normal,0.25,5,6,1.0,0.8668563365936279,,
mec_degradation,51011,0.0009562135091982782,err2,normal,0.25,5,6,,,0.46,1.0
lec_degradation,51011,0.0009562135091982782,err2,normal,0.25,6,6,1.0,0.8426244258880615,,
mec_degradation,51011,0.0009562135091982782,err2,normal,0.25,6,6,,,0.44,1.0
lec_degradation,51011,0.0009562135091982782,err2,normal,0.25,7,6,1.0,0.8686679005622864,,
mec_degradation,51011,0.0009562135091982782,err2,normal,0.25,7,6,,,0.38,1.0
lec_degradation,51011,0.0009562135091982782,err2,normal,0.25,8,6,1.0,0.8557137250900269,,
mec_degradation,51011,0.0009562135091982782,err2,normal,0.25,8,6,,,0.34,1.0
lec_degradation,51011,0.0009562135091982782,err2,normal,0.25,9,6,1.0,0.8592908382415771,,
mec_degradation,51011,0.0009562135091982782,err2,normal,0.25,9,6,,,0.42,1.0
lec_degradation,51011,0.0009562135091982782,err2,normal,0.25,10,6,1.0,0.8284102082252502,,
mec_degradation,51011,0.0009562135091982782,err2,normal,0.25,10,6,,,0.38,1.0
lec_degradation,51011,0.0009562135091982782,err2,normal,0.25,11,6,1.0,0.8502007126808167,,
mec_degradation,51011,0.0009562135091982782,err2,normal,0.25,11,6,,,0.26,1.0
lec_degradation,51011,0.0009562135091982782,err2,normal,0.5,0,12,1.0,0.8032750487327576,,
mec_degradation,51011,0.0009562135091982782,err2,normal,0.5,0,12,,,0.18,1.0
lec_degradation,51011,0.0009562135091982782,err2,normal,0.5,1,12,1.0,0.8685420751571655,,
mec_degradation,51011,0.0009562135091982782,err2,normal,0.5,1,12,,,0.28,1.0
lec_degradation,51011,0.0009562135091982782,err2,normal,0.5,2,12,1.0,0.8014047145843506,,
mec_degradation,51011,0.0009562135091982782,err2,normal,0.5,2,12,,,0.22,1.0
lec_degradation,51011,0.0009562135091982782,err2,normal,0.5,3,12,1.0,0.7861813902854919,,
mec_degradation,51011,0.0009562135091982782,err2,normal,0.5,3,12,,,0.16,1.0
lec_degradation,51011,0.0009562135091982782,err2,normal,0.5,4,12,1.0,0.8230807781219482,,
mec_degradation,51011,0.0009562135091982782,err2,normal,0.5,4,12,,,0.32,1.0
lec_degradation,51011,0.0009562135091982782,err2,normal,0.5,5,12,1.0,0.8609673380851746,,
mec_degradation,51011,0.0009562135091982782,err2,normal,0.5,5,12,,,0.28,1.0
lec_degradation,51011,0.0009562135091982782,err2,normal,0.5,6,12,1.0,0.8189824819564819,,
mec_degradation,51011,0.0009562135091982782,err2,normal,0.5,6,12,,,0.28,1.0
lec_degradation,51011,0.0009562135091982782,err2,normal,0.5,7,12,0.5,0.7975777387619019,,
mec_degradation,51011,0.0009562135091982782,err2,normal,0.5,7,12,,,0.26,1.0
lec_degradation,51011,0.0009562135091982782,err2,normal,0.5,8,12,1.0,0.8448407649993896,,
mec_degradation,51011,0.0009562135091982782,err2,normal,0.5,8,12,,,0.26,1.0
lec_degradation,51011,0.0009562135091982782,err2,normal,0.5,9,12,1.0,0.8323877453804016,,
mec_degradation,51011,0.0009562135091982782,err2,normal,0.5,9,12,,,0.28,1.0
lec_degradation,51011,0.0009562135091982782,err2,normal,0.5,10,12,1.0,0.8004022836685181,,
mec_degradation,51011,0.0009562135091982782,err2,normal,0.5,10,12,,,0.18,1.0
lec_degradation,51011,0.0009562135091982782,err2,normal,0.5,11,12,1.0,0.8257834911346436,,
mec_degradation,51011,0.0009562135091982782,err2,normal,0.5,11,12,,,0.24,1.0
lec_degradation,51011,0.0009562135091982782,err2,normal,0.75,0,19,1.0,0.8428603410720825,,
mec_degradation,51011,0.0009562135091982782,err2,normal,0.75,0,19,,,0.1,1.0
lec_degradation,51011,0.0009562135091982782,err2,normal,0.75,1,19,1.0,0.8049953579902649,,
mec_degradation,51011,0.0009562135091982782,err2,normal,0.75,1,19,,,0.12,1.0
lec_degradation,51011,0.0009562135091982782,err2,normal,0.75,2,19,1.0,0.8149653077125549,,
mec_degradation,51011,0.0009562135091982782,err2,normal,0.75,2,19,,,0.18,1.0
lec_degradation,51011,0.0009562135091982782,err2,normal,0.75,3,19,1.0,0.8067423105239868,,
mec_degradation,51011,0.0009562135091982782,err2,normal,0.75,3,19,,,0.18,1.0
lec_degradation,51011,0.0009562135091982782,err2,normal,0.75,4,19,1.0,0.8008092641830444,,
mec_degradation,51011,0.0009562135091982782,err2,normal,0.75,4,19,,,0.12,1.0
lec_degradation,51011,0.0009562135091982782,err2,normal,0.75,5,19,1.0,0.812758207321167,,
mec_degradation,51011,0.0009562135091982782,err2,normal,0.75,5,19,,,0.12,1.0
lec_degradation,51011,0.0009562135091982782,err2,normal,0.75,6,19,1.0,0.810244083404541,,
mec_degradation,51011,0.0009562135091982782,err2,normal,0.75,6,19,,,0.06,1.0
lec_degradation,51011,0.0009562135091982782,err2,normal,0.75,7,19,1.0,0.7975925207138062,,
mec_degradation,51011,0.0009562135091982782,err2,normal,0.75,7,19,,,0.16,1.0
lec_degradation,51011,0.0009562135091982782,err2,normal,0.75,8,19,1.0,0.7735135555267334,,
mec_degradation,51011,0.0009562135091982782,err2,normal,0.75,8,19,,,0.16,1.0
lec_degradation,51011,0.0009562135091982782,err2,normal,0.75,9,19,1.0,0.803799033164978,,
mec_degradation,51011,0.0009562135091982782,err2,normal,0.75,9,19,,,0.12,1.0
lec_degradation,51011,0.0009562135091982782,err2,normal,0.75,10,19,1.0,0.8258165121078491,,
mec_degradation,51011,0.0009562135091982782,err2,normal,0.75,10,19,,,0.1,1.0
lec_degradation,51011,0.0009562135091982782,err2,normal,0.75,11,19,1.0,0.7909974455833435,,
mec_degradation,51011,0.0009562135091982782,err2,normal,0.75,11,19,,,0.08,1.0
lec_degradation,51011,0.0009562135091982782,err2,normal,0.9,0,22,1.0,0.7862783074378967,,
mec_degradation,51011,0.0009562135091982782,err2,normal,0.9,0,22,,,0.04,1.0
lec_degradation,51011,0.0009562135091982782,err2,normal,0.9,1,22,0.5,0.7711228728294373,,
mec_degradation,51011,0.0009562135091982782,err2,normal,0.9,1,22,,,0.06,1.0
lec_degradation,51011,0.0009562135091982782,err2,normal,0.9,2,22,1.0,0.8358064889907837,,
mec_degradation,51011,0.0009562135091982782,err2,normal,0.9,2,22,,,0.14,1.0
lec_degradation,51011,0.0009562135091982782,err2,normal,0.9,3,22,1.0,0.806164026260376,,
mec_degradation,51011,0.0009562135091982782,err2,normal,0.9,3,22,,,0.04,1.0
lec_degradation,51011,0.0009562135091982782,err2,normal,0.9,4,22,1.0,0.7894188165664673,,
mec_degradation,51011,0.0009562135091982782,err2,normal,0.9,4,22,,,0.04,1.0
lec_degradation,51011,0.0009562135091982782,err2,normal,0.9,5,22,1.0,0.833262026309967,,
mec_degradation,51011,0.0009562135091982782,err2,normal,0.9,5,22,,,0.12,1.0
lec_degradation,51011,0.0009562135091982782,err2,normal,0.9,6,22,1.0,0.8332141637802124,,
mec_degradation,51011,0.0009562135091982782,err2,normal,0.9,6,22,,,0.08,1.0
lec_degradation,51011,0.0009562135091982782,err2,normal,0.9,7,22,1.0,0.8222724199295044,,
mec_degradation,51011,0.0009562135091982782,err2,normal,0.9,7,22,,,0.06,1.0
lec_degradation,51011,0.0009562135091982782,err2,normal,0.9,8,22,1.0,0.8328559994697571,,
mec_degradation,51011,0.0009562135091982782,err2,normal,0.9,8,22,,,0.06,1.0
lec_degradation,51011,0.0009562135091982782,err2,normal,0.9,9,22,1.0,0.8399990200996399,,
mec_degradation,51011,0.0009562135091982782,err2,normal,0.9,9,22,,,0.1,1.0
lec_degradation,51011,0.0009562135091982782,err2,normal,0.9,10,22,1.0,0.8325862884521484,,
mec_degradation,51011,0.0009562135091982782,err2,normal,0.9,10,22,,,0.08,1.0
lec_degradation,51011,0.0009562135091982782,err2,normal,0.9,11,22,1.0,0.8108572363853455,,
mec_degradation,51011,0.0009562135091982782,err2,normal,0.9,11,22,,,0.04,1.0
lec_degradation,51011,0.0009562135091982782,err2,dense,0.0,0,0,0.5,0.3059472143650055,,
mec_degradation,51011,0.0009562135091982782,err2,dense,0.0,0,0,,,0.02,0.5
lec_degradation,51011,0.0009562135091982782,err2,dense,0.0,1,0,0.5,0.3059472143650055,,
mec_degradation,51011,0.0009562135091982782,err2,dense,0.0,1,0,,,0.02,0.5
lec_degradation,51011,0.0009562135091982782,err2,dense,0.0,2,0,0.5,0.3059472143650055,,
mec_degradation,51011,0.0009562135091982782,err2,dense,0.0,2,0,,,0.02,0.5
lec_degradation,51011,0.0009562135091982782,err2,dense,0.0,3,0,0.5,0.3059472143650055,,
mec_degradation,51011,0.0009562135091982782,err2,dense,0.0,3,0,,,0.02,0.5
lec_degradation,51011,0.0009562135091982782,err2,dense,0.0,4,0,0.5,0.3059472143650055,,
mec_degradation,51011,0.0009562135091982782,err2,dense,0.0,4,0,,,0.02,0.5
lec_degradation,51011,0.0009562135091982782,err2,dense,0.0,5,0,0.5,0.3059472143650055,,
mec_degradation,51011,0.0009562135091982782,err2,dense,0.0,5,0,,,0.02,0.5
lec_degradation,51011,0.0009562135091982782,err2,dense,0.0,6,0,0.5,0.3059472143650055,,
mec_degradation,51011,0.0009562135091982782,err2,dense,0.0,6,0,,,0.02,0.5
lec_degradation,51011,0.0009562135091982782,err2,dense,0.0,7,0,0.5,0.3059472143650055,,
mec_degradation,51011,0.0009562135091982782,err2,dense,0.0,7,0,,,0.02,0.5
lec_degradation,51011,0.0009562135091982782,err2,dense,0.0,8,0,0.5,0.3059472143650055,,
mec_degradation,51011,0.0009562135091982782,err2,dense,0.0,8,0,,,0.02,0.5
lec_degradation,51011,0.0009562135091982782,err2,dense,0.0,9,0,0.5,0.3059472143650055,,
mec_degradation,51011,0.0009562135091982782,err2,dense,0.0,9,0,,,0.02,0.5
lec_degradation,51011,0.0009562135091982782,err2,dense,0.0,10,0,0.5,0.3059472143650055,,
mec_degradation,51011,0.0009562135091982782,err2,dense,0.0,10,0,,,0.02,0.5
lec_degradation,51011,0.0009562135091982782,err2,dense,0.0,11,0,0.5,0.3059472143650055,,
mec_degradation,51011,0.0009562135091982782,err2,dense,0.0,11,0,,,0.02,0.5
lec_degradation,51011,0.0009562135091982782,err2,dense,0.25,0,6,0.5,0.3059472143650055,,
mec_degradation,51011,0.0009562135091982782,err2,dense,0.25,0,6,,,0.02,0.5
lec_degradation,51011,0.0009562135091982782,err2,dense,0.25,1,6,0.5,0.3059472143650055,,
mec_degradation,51011,0.0009562135091982782,err2,dense,0.25,1,6,,,0.02,0.5
lec_degradation,51011,0.0009562135091982782,err2,dense,0.25,2,6,0.5,0.3059472143650055,,
mec_degradation,51011,0.0009562135091982782,err2,dense,0.25,2,6,,,0.02,0.5
lec_degradation,51011,0.0009562135091982782,err2,dense,0.25,3,6,0.5,0.3059472143650055,,
mec_degradation,51011,0.0009562135091982782,err2,dense,0.25,3,6,,,0.02,0.5
lec_degradation,51011,0.0009562135091982782,err2,dense,0.25,4,6,0.5,0.3059472143650055,,
mec_degradation,51011,0.0009562135091982782,err2,dense,0.25,4,6,,,0.02,0.5
lec_degradation,51011,0.0009562135091982782,err2,dense,0.25,5,6,0.5,0.3059472143650055,,
mec_degradation,51011,0.0009562135091982782,err2,dense,0.25,5,6,,,0.02,0.5
lec_degradation,51011,0.0009562135091982782,err2,dense,0.25,6,6,0.5,0.3059472143650055,,
mec_degradation,51011,0.0009562135091982782,err2,dense,0.25,6,6,,,0.02,0.5
lec_degradation,51011,0.0009562135091982782,err2,dense,0.25,7,6,0.5,0.3059472143650055,,
mec_degradation,51011,0.0009562135091982782,err2,dense,0.25,7,6,,,0.02,0.5
lec_degradation,51011,0.0009562135091982782,err2,dense,0.25,8,6,0.5,0.3059472143650055,,
mec_degradation,51011,0.0009562135091982782,err2,dense,0.25,8,6,,,0.02,0.5
lec_degradation,51011,0.0009562135091982782,err2,dense,0.25,9,6,0.5,0.3059472143650055,,
mec_degradation,51011,0.0009562135091982782,err2,dense,0.25,9,6,,,0.02,0.5
lec_degradation,51011,0.0009562135091982782,err2,dense,0.25,10,6,0.5,0.3059472143650055,,
mec_degradation,51011,0.0009562135091982782,err2,dense,0.25,10,6,,,0.02,0.5
lec_degradation,51011,0.0009562135091982782,err2,dense,0.25,11,6,0.5,0.3059472143650055,,
mec_degradation,51011,0.0009562135091982782,err2,dense,0.25,11,6,,,0.02,0.5
lec_degradation,51011,0.0009562135091982782,err2,dense,0.5,0,12,0.5,0.3059472143650055,,
mec_degradation,51011,0.0009562135091982782,err2,dense,0.5,0,12,,,0.02,0.5
lec_degradation,51011,0.0009562135091982782,err2,dense,0.5,1,12,0.5,0.3059472143650055,,
mec_degradation,51011,0.0009562135091982782,err2,dense,0.5,1,12,,,0.02,0.5
lec_degradation,51011,0.0009562135091982782,err2,dense,0.5,2,12,0.5,0.3059472143650055,,
mec_degradation,51011,0.0009562135091982782,err2,dense,0.5,2,12,,,0.02,0.5
lec_degradation,51011,0.0009562135091982782,err2,dense,0.5,3,12,0.5,0.3059472143650055,,
mec_degradation,51011,0.0009562135091982782,err2,dense,0.5,3,12,,,0.02,0.5
lec_degradation,51011,0.0009562135091982782,err2,dense,0.5,4,12,0.5,0.3059472143650055,,
mec_degradation,51011,0.0009562135091982782,err2,dense,0.5,4,12,,,0.02,0.5
lec_degradation,51011,0.0009562135091982782,err2,dense,0.5,5,12,0.5,0.3059472143650055,,
mec_degradation,51011,0.0009562135091982782,err2,dense,0.5,5,12,,,0.02,0.5
lec_degradation,51011,0.0009562135091982782,err2,dense,0.5,6,12,0.5,0.3059472143650055,,
mec_degradation,51011,0.0009562135091982782,err2,dense,0.5,6,12,,,0.02,0.5
lec_degradation,51011,0.0009562135091982782,err2,dense,0.5,7,12,0.5,0.3059472143650055,,
mec_degradation,51011,0.0009562135091982782,err2,dense,0.5,7,12,,,0.02,0.5
lec_degradation,51011,0.0009562135091982782,err2,dense,0.5,8,12,0.5,0.3059472143650055,,
mec_degradation,51011,0.0009562135091982782,err2,dense,0.5,8,12,,,0.02,0.5
lec_degradation,51011,0.0009562135091982782,err2,dense,0.5,9,12,0.5,0.3059472143650055,,
mec_degradation,51011,0.0009562135091982782,err2,dense,0.5,9,12,,,0.02,0.5
lec_degradation,51011,0.0009562135091982782,err2,dense,0.5,10,12,0.5,0.3059472143650055,,
mec_degradation,51011,0.0009562135091982782,err2,dense,0.5,10,12,,,0.02,0.5
lec_degradation,51011,0.0009562135091982782,err2,dense,0.5,11,12,0.5,0.3059472143650055,,
mec_degradation,51011,0.0009562135091982782,err2,dense,0.5,11,12,,,0.02,0.5
lec_degradation,51011,0.0009562135091982782,err2,dense,0.75,0,19,0.5,0.3059472143650055,,
mec_degradation,51011,0.0009562135091982782,err2,dense,0.75,0,19,,,0.02,0.5
lec_degradation,51011,0.0009562135091982782,err2,dense,0.75,1,19,0.5,0.3059472143650055,,
mec_degradation,51011,0.0009562135091982782,err2,dense,0.75,1,19,,,0.02,0.5
lec_degradation,51011,0.0009562135091982782,err2,dense,0.75,2,19,0.5,0.3059472143650055,,
mec_degradation,51011,0.0009562135091982782,err2,dense,0.75,2,19,,,0.02,0.5
lec_degradation,51011,0.0009562135091982782,err2,dense,0.75,3,19,0.5,0.3059472143650055,,
mec_degradation,51011,0.0009562135091982782,err2,dense,0.75,3,19,,,0.02,0.5
lec_degradation,51011,0.0009562135091982782,err2,dense,0.75,4,19,0.5,0.3059472143650055,,
mec_degradation,51011,0.0009562135091982782,err2,dense,0.75,4,19,,,0.02,0.5
lec_degradation,51011,0.0009562135091982782,err2,dense,0.75,5,19,0.5,0.3059472143650055,,
mec_degradation,51011,0.0009562135091982782,err2,dense,0.75,5,19,,,0.02,0.5
lec_degradation,51011,0.0009562135091982782,err2,dense,0.75,6,19,0.5,0.3059472143650055,,
mec_degradation,51011,0.0009562135091982782,err2,dense,0.75,6,19,,,0.02,0.5
lec_degradation,51011,0.0009562135091982782,err2,dense,0.75,7,19,0.5,0.3059472143650055,,
mec_degradation,51011,0.0009562135091982782,err2,dense,0.75,7,19,,,0.02,0.5
lec_degradation,51011,0.0009562135091982782,err2,dense,0.75,8,19,0.5,0.3059472143650055,,
mec_degradation,51011,0.0009562135091982782,err2,dense,0.75,8,19,,,0.02,0.5
lec_degradation,51011,0.0009562135091982782,err2,dense,0.75,9,19,0.5,0.3059472143650055,,
mec_degradation,51011,0.0009562135091982782,err2,dense,0.75,9,19,,,0.02,0.5
lec_degradation,51011,0.0009562135091982782,err2,dense,0.75,10,19,0.5,0.3059472143650055,,
mec_degradation,51011,0.0009562135091982782,err2,dense,0.75,10,19,,,0.02,0.5
lec_degradation,51011,0.0009562135091982782,err2,dense,0.75,11,19,0.5,0.3059472143650055,,
mec_degradation,51011,0.0009562135091982782,err2,dense,0.75,11,19,,,0.02,0.5
lec_degradation,51011,0.0009562135091982782,err2,dense,0.9,0,22,0.5,0.3059472143650055,,
mec_degradation,51011,0.0009562135091982782,err2,dense,0.9,0,22,,,0.02,0.5
lec_degradation,51011,0.0009562135091982782,err2,dense,0.9,1,22,0.5,0.3059472143650055,,
mec_degradation,51011,0.0009562135091982782,err2,dense,0.9,1,22,,,0.02,0.5
lec_degradation,51011,0.0009562135091982782,err2,dense,0.9,2,22,0.5,0.3059472143650055,,
mec_degradation,51011,0.0009562135091982782,err2,dense,0.9,2,22,,,0.02,0.5
lec_degradation,51011,0.0009562135091982782,err2,dense,0.9,3,22,0.5,0.3059472143650055,,
mec_degradation,51011,0.0009562135091982782,err2,dense,0.9,3,22,,,0.02,0.5
lec_degradation,51011,0.0009562135091982782,err2,dense,0.9,4,22,0.5,0.3059472143650055,,
mec_degradation,51011,0.0009562135091982782,err2,dense,0.9,4,22,,,0.02,0.5
lec_degradation,51011,0.0009562135091982782,err2,dense,0.9,5,22,0.5,0.3059472143650055,,
mec_degradation,51011,0.0009562135091982782,err2,dense,0.9,5,22,,,0.02,0.5
lec_degradation,51011,0.0009562135091982782,err2,dense,0.9,6,22,0.5,0.3059472143650055,,
mec_degradation,51011,0.0009562135091982782,err2,dense,0.9,6,22,,,0.02,0.5
lec_degradation,51011,0.0009562135091982782,err2,dense,0.9,7,22,0.5,0.3059472143650055,,
mec_degradation,51011,0.0009562135091982782,err2,dense,0.9,7,22,,,0.02,0.5
lec_degradation,51011,0.0009562135091982782,err2,dense,0.9,8,22,0.5,0.3059472143650055,,
mec_degradation,51011,0.0009562135091982782,err2,dense,0.9,8,22,,,0.02,0.5
lec_degradation,51011,0.0009562135091982782,err2,dense,0.9,9,22,0.5,0.3059472143650055,,
mec_degradation,51011,0.0009562135091982782,err2,dense,0.9,9,22,,,0.02,0.5
lec_degradation,51011,0.0009562135091982782,err2,dense,0.9,10,22,0.5,0.3059472143650055,,
mec_degradation,51011,0.0009562135091982782,err2,dense,0.9,10,22,,,0.02,0.5
lec_degradation,51011,0.0009562135091982782,err2,dense,0.9,11,22,0.5,0.3059472143650055,,
mec_degradation,51011,0.0009562135091982782,err2,dense,0.9,11,22,,,0.02,0.5
lec_degradation,51012,0.0006858828128315508,base,normal,0.0,0,0,1.0,0.7375209331512451,,
mec_degradation,51012,0.0006858828128315508,base,normal,0.0,0,0,,,0.16,1.0
lec_degradation,51012,0.0006858828128315508,base,normal,0.0,1,0,1.0,0.7375209331512451,,
mec_degradation,51012,0.0006858828128315508,base,normal,0.0,1,0,,,0.16,1.0
lec_degradation,51012,0.0006858828128315508,base,normal,0.0,2,0,1.0,0.7375209331512451,,
mec_degradation,51012,0.0006858828128315508,base,normal,0.0,2,0,,,0.16,1.0
lec_degradation,51012,0.0006858828128315508,base,normal,0.0,3,0,1.0,0.7375209331512451,,
mec_degradation,51012,0.0006858828128315508,base,normal,0.0,3,0,,,0.16,1.0
lec_degradation,51012,0.0006858828128315508,base,normal,0.0,4,0,1.0,0.7375209331512451,,
mec_degradation,51012,0.0006858828128315508,base,normal,0.0,4,0,,,0.16,1.0
lec_degradation,51012,0.0006858828128315508,base,normal,0.0,5,0,1.0,0.7375209331512451,,
mec_degradation,51012,0.0006858828128315508,base,normal,0.0,5,0,,,0.16,1.0
lec_degradation,51012,0.0006858828128315508,base,normal,0.0,6,0,1.0,0.7375209331512451,,
mec_degradation,51012,0.0006858828128315508,base,normal,0.0,6,0,,,0.16,1.0
lec_degradation,51012,0.0006858828128315508,base,normal,0.0,7,0,1.0,0.7375209331512451,,
mec_degradation,51012,0.0006858828128315508,base,normal,0.0,7,0,,,0.16,1.0
lec_degradation,51012,0.0006858828128315508,base,normal,0.0,8,0,1.0,0.7375209331512451,,
mec_degradation,51012,0.0006858828128315508,base,normal,0.0,8,0,,,0.16,1.0
lec_degradation,51012,0.0006858828128315508,base,normal,0.0,9,0,1.0,0.7375209331512451,,
mec_degradation,51012,0.0006858828128315508,base,normal,0.0,9,0,,,0.16,1.0
lec_degradation,51012,0.0006858828128315508,base,normal,0.0,10,0,1.0,0.7375209331512451,,
mec_degradation,51012,0.0006858828128315508,base,normal,0.0,10,0,,,0.16,1.0
lec_degradation,51012,0.0006858828128315508,base,normal,0.0,11,0,1.0,0.7375209331512451,,
mec_degradation,51012,0.0006858828128315508,base,normal,0.0,11,0,,,0.16,1.0
lec_degradation,51012,0.0006858828128315508,base,normal,0.25,0,6,1.0,0.7478185892105103,,
mec_degradation,51012,0.0006858828128315508,base,normal,0.25,0,6,,,0.18,1.0
lec_degradation,51012,0.0006858828128315508,base,normal,0.25,1,6,1.0,0.735259473323822,,
mec_degradation,51012,0.0006858828128315508,base,normal,0.25,1,6,,,0.12,1.0
lec_degradation,51012,0.0006858828128315508,base,normal,0.25,2,6,1.0,0.7283042073249817,,
mec_degradation,51012,0.0006858828128315508,base,normal,0.25,2,6,,,0.18,1.0
lec_degradation,51012,0.0006858828128315508,base,normal,0.25,3,6,1.0,0.7388069033622742,,
mec_degradation,51012,0.0006858828128315508,base,normal,0.25,3,6,,,0.16,1.0
lec_degradation,51012,0.0006858828128315508,base,normal,0.25,4,6,1.0,0.7401159405708313,,
mec_degradation,51012,0.0006858828128315508,base,normal,0.25,4,6,,,0.1,1.0
lec_degradation,51012,0.0006858828128315508,base,normal,0.25,5,6,1.0,0.721311092376709,,
mec_degradation,51012,0.0006858828128315508,base,normal,0.25,5,6,,,0.14,1.0
lec_degradation,51012,0.0006858828128315508,base,normal,0.25,6,6,1.0,0.7088664174079895,,
mec_degradation,51012,0.0006858828128315508,base,normal,0.25,6,6,,,0.16,1.0
lec_degradation,51012,0.0006858828128315508,base,normal,0.25,7,6,1.0,0.75356125831604,,
mec_degradation,51012,0.0006858828128315508,base,normal,0.25,7,6,,,0.14,1.0
lec_degradation,51012,0.0006858828128315508,base,normal,0.25,8,6,1.0,0.7467044591903687,,
mec_degradation,51012,0.0006858828128315508,base,normal,0.25,8,6,,,0.12,1.0
lec_degradation,51012,0.0006858828128315508,base,normal,0.25,9,6,1.0,0.7582743763923645,,
mec_degradation,51012,0.0006858828128315508,base,normal,0.25,9,6,,,0.12,1.0
lec_degradation,51012,0.0006858828128315508,base,normal,0.25,10,6,1.0,0.7452571392059326,,
mec_degradation,51012,0.0006858828128315508,base,normal,0.25,10,6,,,0.12,1.0
lec_degradation,51012,0.0006858828128315508,base,normal,0.25,11,6,1.0,0.7570095658302307,,
mec_degradation,51012,0.0006858828128315508,base,normal,0.25,11,6,,,0.1,1.0
lec_degradation,51012,0.0006858828128315508,base,normal,0.5,0,12,1.0,0.7148266434669495,,
mec_degradation,51012,0.0006858828128315508,base,normal,0.5,0,12,,,0.1,1.0
lec_degradation,51012,0.0006858828128315508,base,normal,0.5,1,12,1.0,0.7163434028625488,,
mec_degradation,51012,0.0006858828128315508,base,normal,0.5,1,12,,,0.12,1.0
lec_degradation,51012,0.0006858828128315508,base,normal,0.5,2,12,1.0,0.7637157440185547,,
mec_degradation,51012,0.0006858828128315508,base,normal,0.5,2,12,,,0.08,1.0
lec_degradation,51012,0.0006858828128315508,base,normal,0.5,3,12,1.0,0.6417627930641174,,
mec_degradation,51012,0.0006858828128315508,base,normal,0.5,3,12,,,0.1,1.0
lec_degradation,51012,0.0006858828128315508,base,normal,0.5,4,12,1.0,0.7678265571594238,,
mec_degradation,51012,0.0006858828128315508,base,normal,0.5,4,12,,,0.12,1.0
lec_degradation,51012,0.0006858828128315508,base,normal,0.5,5,12,1.0,0.7276684641838074,,
mec_degradation,51012,0.0006858828128315508,base,normal,0.5,5,12,,,0.14,1.0
lec_degradation,51012,0.0006858828128315508,base,normal,0.5,6,12,1.0,0.660378098487854,,
mec_degradation,51012,0.0006858828128315508,base,normal,0.5,6,12,,,0.14,1.0
lec_degradation,51012,0.0006858828128315508,base,normal,0.5,7,12,1.0,0.7627130746841431,,
mec_degradation,51012,0.0006858828128315508,base,normal,0.5,7,12,,,0.08,1.0
lec_degradation,51012,0.0006858828128315508,base,normal,0.5,8,12,1.0,0.7557311058044434,,
mec_degradation,51012,0.0006858828128315508,base,normal,0.5,8,12,,,0.04,1.0
lec_degradation,51012,0.0006858828128315508,base,normal,0.5,9,12,1.0,0.7606559991836548,,
mec_degradation,51012,0.0006858828128315508,base,normal,0.5,9,12,,,0.1,1.0
lec_degradation,51012,0.0006858828128315508,base,normal,0.5,10,12,1.0,0.7275573015213013,,
mec_degradation,51012,0.0006858828128315508,base,normal,0.5,10,12,,,0.14,1.0
lec_degradation,51012,0.0006858828128315508,base,normal,0.5,11,12,1.0,0.7417100667953491,,
mec_degradation,51012,0.0006858828128315508,base,normal,0.5,11,12,,,0.12,1.0
lec_degradation,51012,0.0006858828128315508,base,normal,0.75,0,19,1.0,0.7469425797462463,,
mec_degradation,51012,0.0006858828128315508,base,normal,0.75,0,19,,,0.1,1.0
lec_degradation,51012,0.0006858828128315508,base,normal,0.75,1,19,1.0,0.7238004803657532,,
mec_degradation,51012,0.0006858828128315508,base,normal,0.75,1,19,,,0.08,1.0
lec_degradation,51012,0.0006858828128315508,base,normal,0.75,2,19,1.0,0.6252332925796509,,
mec_degradation,51012,0.0006858828128315508,base,normal,0.75,2,19,,,0.06,1.0
lec_degradation,51012,0.0006858828128315508,base,normal,0.75,3,19,1.0,0.7297316193580627,,
mec_degradation,51012,0.0006858828128315508,base,normal,0.75,3,19,,,0.1,1.0
lec_degradation,51012,0.0006858828128315508,base,normal,0.75,4,19,1.0,0.713432788848877,,
mec_degradation,51012,0.0006858828128315508,base,normal,0.75,4,19,,,0.08,1.0
lec_degradation,51012,0.0006858828128315508,base,normal,0.75,5,19,1.0,0.7427129149436951,,
mec_degradation,51012,0.0006858828128315508,base,normal,0.75,5,19,,,0.06,1.0
lec_degradation,51012,0.0006858828128315508,base,normal,0.75,6,19,1.0,0.7698414325714111,,
mec_degradation,51012,0.0006858828128315508,base,normal,0.75,6,19,,,0.12,1.0
lec_degradation,51012,0.0006858828128315508,base,normal,0.75,7,19,1.0,0.7071794867515564,,
mec_degradation,51012,0.0006858828128315508,base,normal,0.75,7,19,,,0.08,1.0
lec_degradation,51012,0.0006858828128315508,base,normal,0.75,8,19,1.0,0.6614612340927124,,
mec_degradation,51012,0.0006858828128315508,base,normal,0.75,8,19,,,0.08,1.0
lec_degradation,51012,0.0006858828128315508,base,normal,0.75,9,19,1.0,0.6810789704322815,,
mec_degradation,51012,0.0006858828128315508,base,normal,0.75,9,19,,,0.16,1.0
lec_degradation,51012,0.0006858828128315508,base,normal,0.75,10,19,1.0,0.627480149269104,,
mec_degradation,51012,0.0006858828128315508,base,normal,0.75,10,19,,,0.06,1.0
lec_degradation,51012,0.0006858828128315508,base,normal,0.75,11,19,0.5,0.5696443915367126,,
mec_degradation,51012,0.0006858828128315508,base,normal,0.75,11,19,,,0.1,1.0
lec_degradation,51012,0.0006858828128315508,base,normal,0.9,0,22,1.0,0.7060154676437378,,
mec_degradation,51012,0.0006858828128315508,base,normal,0.9,0,22,,,0.1,1.0
lec_degradation,51012,0.0006858828128315508,base,normal,0.9,1,22,1.0,0.6965781450271606,,
mec_degradation,51012,0.0006858828128315508,base,normal,0.9,1,22,,,0.06,1.0
lec_degradation,51012,0.0006858828128315508,base,normal,0.9,2,22,1.0,0.7041747570037842,,
mec_degradation,51012,0.0006858828128315508,base,normal,0.9,2,22,,,0.08,1.0
lec_degradation,51012,0.0006858828128315508,base,normal,0.9,3,22,1.0,0.670947790145874,,
mec_degradation,51012,0.0006858828128315508,base,normal,0.9,3,22,,,0.08,1.0
lec_degradation,51012,0.0006858828128315508,base,normal,0.9,4,22,1.0,0.7556288242340088,,
mec_degradation,51012,0.0006858828128315508,base,normal,0.9,4,22,,,0.06,1.0
lec_degradation,51012,0.0006858828128315508,base,normal,0.9,5,22,1.0,0.742094099521637,,
mec_degradation,51012,0.0006858828128315508,base,normal,0.9,5,22,,,0.06,1.0
lec_degradation,51012,0.0006858828128315508,base,normal,0.9,6,22,1.0,0.7257698178291321,,
mec_degradation,51012,0.0006858828128315508,base,normal,0.9,6,22,,,0.06,1.0
lec_degradation,51012,0.0006858828128315508,base,normal,0.9,7,22,1.0,0.6301625370979309,,
mec_degradation,51012,0.0006858828128315508,base,normal,0.9,7,22,,,0.08,1.0
lec_degradation,51012,0.0006858828128315508,base,normal,0.9,8,22,1.0,0.6635286808013916,,
mec_degradation,51012,0.0006858828128315508,base,normal,0.9,8,22,,,0.06,1.0
lec_degradation,51012,0.0006858828128315508,base,normal,0.9,9,22,0.5,0.6350001692771912,,
mec_degradation,51012,0.0006858828128315508,base,normal,0.9,9,22,,,0.06,1.0
lec_degradation,51012,0.0006858828128315508,base,normal,0.9,10,22,1.0,0.6716263294219971,,
mec_degradation,51012,0.0006858828128315508,base,normal,0.9,10,22,,,0.06,1.0
lec_degradation,51012,0.0006858828128315508,base,normal,0.9,11,22,1.0,0.7507367134094238,,
mec_degradation,51012,0.0006858828128315508,base,normal,0.9,11,22,,,0.1,1.0
lec_degradation,51012,0.0006858828128315508,base,dense,0.0,0,0,0.5,0.1997324526309967,,
mec_degradation,51012,0.0006858828128315508,base,dense,0.0,0,0,,,0.02,0.5
lec_degradation,51012,0.0006858828128315508,base,dense,0.0,1,0,0.5,0.1997324526309967,,
mec_degradation,51012,0.0006858828128315508,base,dense,0.0,1,0,,,0.02,0.5
lec_degradation,51012,0.0006858828128315508,base,dense,0.0,2,0,0.5,0.1997324526309967,,
mec_degradation,51012,0.0006858828128315508,base,dense,0.0,2,0,,,0.02,0.5
lec_degradation,51012,0.0006858828128315508,base,dense,0.0,3,0,0.5,0.1997324526309967,,
mec_degradation,51012,0.0006858828128315508,base,dense,0.0,3,0,,,0.02,0.5
lec_degradation,51012,0.0006858828128315508,base,dense,0.0,4,0,0.5,0.1997324526309967,,
mec_degradation,51012,0.0006858828128315508,base,dense,0.0,4,0,,,0.02,0.5
lec_degradation,51012,0.0006858828128315508,base,dense,0.0,5,0,0.5,0.1997324526309967,,
mec_degradation,51012,0.0006858828128315508,base,dense,0.0,5,0,,,0.02,0.5
lec_degradation,51012,0.0006858828128315508,base,dense,0.0,6,0,0.5,0.1997324526309967,,
mec_degradation,51012,0.0006858828128315508,base,dense,0.0,6,0,,,0.02,0.5
lec_degradation,51012,0.0006858828128315508,base,dense,0.0,7,0,0.5,0.1997324526309967,,
mec_degradation,51012,0.0006858828128315508,base,dense,0.0,7,0,,,0.02,0.5
lec_degradation,51012,0.0006858828128315508,base,dense,0.0,8,0,0.5,0.1997324526309967,,
mec_degradation,51012,0.0006858828128315508,base,dense,0.0,8,0,,,0.02,0.5
lec_degradation,51012,0.0006858828128315508,base,dense,0.0,9,0,0.5,0.1997324526309967,,
mec_degradation,51012,0.0006858828128315508,base,dense,0.0,9,0,,,0.02,0.5
lec_degradation,51012,0.0006858828128315508,base,dense,0.0,10,0,0.5,0.1997324526309967,,
mec_degradation,51012,0.0006858828128315508,base,dense,0.0,10,0,,,0.02,0.5
lec_degradation,51012,0.0006858828128315508,base,dense,0.0,11,0,0.5,0.1997324526309967,,
mec_degradation,51012,0.0006858828128315508,base,dense,0.0,11,0,,,0.02,0.5
lec_degradation,51012,0.0006858828128315508,base,dense,0.25,0,6,0.5,0.1997324526309967,,
mec_degradation,51012,0.0006858828128315508,base,dense,0.25,0,6,,,0.02,0.5
lec_degradation,51012,0.0006858828128315508,base,dense,0.25,1,6,0.5,0.1997324526309967,,
mec_degradation,51012,0.0006858828128315508,base,dense,0.25,1,6,,,0.02,0.5
lec_degradation,51012,0.0006858828128315508,base,dense,0.25,2,6,0.5,0.1997324526309967,,
mec_degradation,51012,0.0006858828128315508,base,dense,0.25,2,6,,,0.02,0.5
lec_degradation,51012,0.0006858828128315508,base,dense,0.25,3,6,0.5,0.1997324526309967,,
mec_degradation,51012,0.0006858828128315508,base,dense,0.25,3,6,,,0.02,0.5
lec_degradation,51012,0.0006858828128315508,base,dense,0.25,4,6,0.5,0.1997324526309967,,
mec_degradation,51012,0.0006858828128315508,base,dense,0.25,4,6,,,0.02,0.5
lec_degradation,51012,0.0006858828128315508,base,dense,0.25,5,6,0.5,0.1997324526309967,,
mec_degradation,51012,0.0006858828128315508,base,dense,0.25,5,6,,,0.02,0.5
lec_degradation,51012,0.0006858828128315508,base,dense,0.25,6,6,0.5,0.1997324526309967,,
mec_degradation,51012,0.0006858828128315508,base,dense,0.25,6,6,,,0.02,0.5
lec_degradation,51012,0.0006858828128315508,base,dense,0.25,7,6,0.5,0.1997324526309967,,
mec_degradation,51012,0.0006858828128315508,base,dense,0.25,7,6,,,0.02,0.5
lec_degradation,51012,0.0006858828128315508,base,dense,0.25,8,6,0.5,0.1997324526309967,,
mec_degradation,51012,0.0006858828128315508,base,dense,0.25,8,6,,,0.02,0.5
lec_degradation,51012,0.0006858828128315508,base,dense,0.25,9,6,0.5,0.1997324526309967,,
mec_degradation,51012,0.0006858828128315508,base,dense,0.25,9,6,,,0.02,0.5
lec_degradation,51012,0.0006858828128315508,base,dense,0.25,10,6,0.5,0.1997324526309967,,
mec_degradation,51012,0.0006858828128315508,base,dense,0.25,10,6,,,0.02,0.5
lec_degradation,51012,0.0006858828128315508,base,dense,0.25,11,6,0.5,0.1997324526309967,,
mec_degradation,51012,0.0006858828128315508,base,dense,0.25,11,6,,,0.02,0.5
lec_degradation,51012,0.0006858828128315508,base,dense,0.5,0,12,0.5,0.1997324526309967,,
mec_degradation,51012,0.0006858828128315508,base,dense,0.5,0,12,,,0.02,0.5
lec_degradation,51012,0.0006858828128315508,base,dense,0.5,1,12,0.5,0.1997324526309967,,
mec_degradation,51012,0.0006858828128315508,base,dense,0.5,1,12,,,0.02,0.5
lec_degradation,51012,0.0006858828128315508,base,dense,0.5,2,12,0.5,0.1997324526309967,,
mec_degradation,51012,0.0006858828128315508,base,dense,0.5,2,12,,,0.02,0.5
lec_degradation,51012,0.0006858828128315508,base,dense,0.5,3,12,0.5,0.1997324526309967,,
mec_degradation,51012,0.0006858828128315508,base,dense,0.5,3,12,,,0.02,0.5
lec_degradation,51012,0.0006858828128315508,base,dense,0.5,4,12,0.5,0.1997324526309967,,
mec_degradation,51012,0.0006858828128315508,base,dense,0.5,4,12,,,0.02,0.5
lec_degradation,51012,0.0006858828128315508,base,dense,0.5,5,12,0.5,0.1997324526309967,,
mec_degradation,51012,0.0006858828128315508,base,dense,0.5,5,12,,,0.02,0.5
lec_degradation,51012,0.0006858828128315508,base,dense,0.5,6,12,0.5,0.1997324526309967,,
mec_degradation,51012,0.0006858828128315508,base,dense,0.5,6,12,,,0.02,0.5
lec_degradation,51012,0.0006858828128315508,base,dense,0.5,7,12,0.5,0.1997324526309967,,
mec_degradation,51012,0.0006858828128315508,base,dense,0.5,7,12,,,0.02,0.5
lec_degradation,51012,0.0006858828128315508,base,dense,0.5,8,12,0.5,0.1997324526309967,,
mec_degradation,51012,0.0006858828128315508,base,dense,0.5,8,12,,,0.02,0.5
lec_degradation,51012,0.0006858828128315508,base,dense,0.5,9,12,0.5,0.1997324526309967,,
mec_degradation,51012,0.0006858828128315508,base,dense,0.5,9,12,,,0.02,0.5
lec_degradation,51012,0.0006858828128315508,base,dense,0.5,10,12,0.5,0.1997324526309967,,
mec_degradation,51012,0.0006858828128315508,base,dense,0.5,10,12,,,0.02,0.5
lec_degradation,51012,0.0006858828128315508,base,dense,0.5,11,12,0.5,0.1997324526309967,,
mec_degradation,51012,0.0006858828128315508,base,dense,0.5,11,12,,,0.02,0.5
lec_degradation,51012,0.0006858828128315508,base,dense,0.75,0,19,0.5,0.1997324526309967,,
mec_degradation,51012,0.0006858828128315508,base,dense,0.75,0,19,,,0.02,0.5
lec_degradation,51012,0.0006858828128315508,base,dense,0.75,1,19,0.5,0.1997324526309967,,
mec_degradation,51012,0.0006858828128315508,base,dense,0.75,1,19,,,0.02,0.5
lec_degradation,51012,0.0006858828128315508,base,dense,0.75,2,19,0.5,0.1997324526309967,,
mec_degradation,51012,0.0006858828128315508,base,dense,0.75,2,19,,,0.02,0.5
lec_degradation,51012,0.0006858828128315508,base,dense,0.75,3,19,0.5,0.1997324526309967,,
mec_degradation,51012,0.0006858828128315508,base,dense,0.75,3,19,,,0.02,0.5
lec_degradation,51012,0.0006858828128315508,base,dense,0.75,4,19,0.5,0.1997324526309967,,
mec_degradation,51012,0.0006858828128315508,base,dense,0.75,4,19,,,0.02,0.5
lec_degradation,51012,0.0006858828128315508,base,dense,0.75,5,19,0.5,0.1997324526309967,,
mec_degradation,51012,0.0006858828128315508,base,dense,0.75,5,19,,,0.02,0.5
lec_degradation,51012,0.0006858828128315508,base,dense,0.75,6,19,0.5,0.1997324526309967,,
mec_degradation,51012,0.0006858828128315508,base,dense,0.75,6,19,,,0.02,0.5
lec_degradation,51012,0.0006858828128315508,base,dense,0.75,7,19,0.5,0.1997324526309967,,
mec_degradation,51012,0.0006858828128315508,base,dense,0.75,7,19,,,0.02,0.5
lec_degradation,51012,0.0006858828128315508,base,dense,0.75,8,19,0.5,0.1997324526309967,,
mec_degradation,51012,0.0006858828128315508,base,dense,0.75,8,19,,,0.02,0.5
lec_degradation,51012,0.0006858828128315508,base,dense,0.75,9,19,0.5,0.1997324526309967,,
mec_degradation,51012,0.0006858828128315508,base,dense,0.75,9,19,,,0.02,0.5
lec_degradation,51012,0.0006858828128315508,base,dense,0.75,10,19,0.5,0.1997324526309967,,
mec_degradation,51012,0.0006858828128315508,base,dense,0.75,10,19,,,0.02,0.5
lec_degradation,51012,0.0006858828128315508,base,dense,0.75,11,19,0.5,0.1997324526309967,,
mec_degradation,51012,0.0006858828128315508,base,dense,0.75,11,19,,,0.02,0.5
lec_degradation,51012,0.0006858828128315508,base,dense,0.9,0,22,0.5,0.1997324526309967,,
mec_degradation,51012,0.0006858828128315508,base,dense,0.9,0,22,,,0.02,0.5
lec_degradation,51012,0.0006858828128315508,base,dense,0.9,1,22,0.5,0.1997324526309967,,
mec_degradation,51012,0.0006858828128315508,base,dense,0.9,1,22,,,0.02,0.5
lec_degradation,51012,0.0006858828128315508,base,dense,0.9,2,22,0.5,0.1997324526309967,,
mec_degradation,51012,0.0006858828128315508,base,dense,0.9,2,22,,,0.02,0.5
lec_degradation,51012,0.0006858828128315508,base,dense,0.9,3,22,0.5,0.1997324526309967,,
mec_degradation,51012,0.0006858828128315508,base,dense,0.9,3,22,,,0.02,0.5
lec_degradation,51012,0.0006858828128315508,base,dense,0.9,4,22,0.5,0.1997324526309967,,
mec_degradation,51012,0.0006858828128315508,base,dense,0.9,4,22,,,0.02,0.5
lec_degradation,51012,0.0006858828128315508,base,dense,0.9,5,22,0.5,0.1997324526309967,,
mec_degradation,51012,0.0006858828128315508,base,dense,0.9,5,22,,,0.02,0.5
lec_degradation,51012,0.0006858828128315508,base,dense,0.9,6,22,0.5,0.1997324526309967,,
mec_degradation,51012,0.0006858828128315508,base,dense,0.9,6,22,,,0.02,0.5
lec_degradation,51012,0.0006858828128315508,base,dense,0.9,7,22,0.5,0.1997324526309967,,
mec_degradation,51012,0.0006858828128315508,base,dense,0.9,7,22,,,0.02,0.5
lec_degradation,51012,0.0006858828128315508,base,dense,0.9,8,22,0.5,0.1997324526309967,,
mec_degradation,51012,0.0006858828128315508,base,dense,0.9,8,22,,,0.02,0.5
lec_degradation,51012,0.0006858828128315508,base,dense,0.9,9,22,0.5,0.1997324526309967,,
mec_degradation,51012,0.0006858828128315508,base,dense,0.9,9,22,,,0.02,0.5
lec_degradation,51012,0.0006858828128315508,base,dense,0.9,10,22,0.5,0.1997324526309967,,
mec_degradation,51012,0.0006858828128315508,base,dense,0.9,10,22,,,0.02,0.5
lec_degradation,51012,0.0006858828128315508,base,dense,0.9,11,22,0.5,0.1997324526309967,,
mec_degradation,51012,0.0006858828128315508,base,dense,0.9,11,22,,,0.02,0.5
lec_degradation,51012,0.0006858828128315508,err2,normal,0.0,0,0,1.0,0.879077136516571,,
mec_degradation,51012,0.0006858828128315508,err2,normal,0.0,0,0,,,0.56,1.0
lec_degradation,51012,0.0006858828128315508,err2,normal,0.0,1,0,1.0,0.879077136516571,,
mec_degradation,51012,0.0006858828128315508,err2,normal,0.0,1,0,,,0.56,1.0
lec_degradation,51012,0.0006858828128315508,err2,normal,0.0,2,0,1.0,0.879077136516571,,
mec_degradation,51012,0.0006858828128315508,err2,normal,0.0,2,0,,,0.56,1.0
lec_degradation,51012,0.0006858828128315508,err2,normal,0.0,3,0,1.0,0.879077136516571,,
mec_degradation,51012,0.0006858828128315508,err2,normal,0.0,3,0,,,0.56,1.0
lec_degradation,51012,0.0006858828128315508,err2,normal,0.0,4,0,1.0,0.879077136516571,,
mec_degradation,51012,0.0006858828128315508,err2,normal,0.0,4,0,,,0.56,1.0
lec_degradation,51012,0.0006858828128315508,err2,normal,0.0,5,0,1.0,0.879077136516571,,
mec_degradation,51012,0.0006858828128315508,err2,normal,0.0,5,0,,,0.56,1.0
lec_degradation,51012,0.0006858828128315508,err2,normal,0.0,6,0,1.0,0.879077136516571,,
mec_degradation,51012,0.0006858828128315508,err2,normal,0.0,6,0,,,0.56,1.0
lec_degradation,51012,0.0006858828128315508,err2,normal,0.0,7,0,1.0,0.879077136516571,,
mec_degradation,51012,0.0006858828128315508,err2,normal,0.0,7,0,,,0.56,1.0
lec_degradation,51012,0.0006858828128315508,err2,normal,0.0,8,0,1.0,0.879077136516571,,
mec_degradation,51012,0.0006858828128315508,err2,normal,0.0,8,0,,,0.56,1.0
lec_degradation,51012,0.0006858828128315508,err2,normal,0.0,9,0,1.0,0.879077136516571,,
mec_degradation,51012,0.0006858828128315508,err2,normal,0.0,9,0,,,0.56,1.0
lec_degradation,51012,0.0006858828128315508,err2,normal,0.0,10,0,1.0,0.879077136516571,,
mec_degradation,51012,0.0006858828128315508,err2,normal,0.0,10,0,,,0.56,1.0
lec_degradation,51012,0.0006858828128315508,err2,normal,0.0,11,0,1.0,0.879077136516571,,
mec_degradation,51012,0.0006858828128315508,err2,normal,0.0,11,0,,,0.56,1.0
lec_degradation,51012,0.0006858828128315508,err2,normal,0.25,0,6,1.0,0.858672022819519,,
mec_degradation,51012,0.0006858828128315508,err2,normal,0.25,0,6,,,0.26,1.0
lec_degradation,51012,0.0006858828128315508,err2,normal,0.25,1,6,1.0,0.8437418341636658,,
mec_degradation,51012,0.0006858828128315508,err2,normal,0.25,1,6,,,0.24,1.0
lec_degradation,51012,0.0006858828128315508,err2,normal,0.25,2,6,1.0,0.7854096293449402,,
mec_degradation,51012,0.0006858828128315508,err2,normal,0.25,2,6,,,0.42,1.0
lec_degradation,51012,0.0006858828128315508,err2,normal,0.25,3,6,1.0,0.786622166633606,,
mec_degradation,51012,0.0006858828128315508,err2,normal,0.25,3,6,,,0.38,1.0
lec_degradation,51012,0.0006858828128315508,err2,normal,0.25,4,6,1.0,0.7909809350967407,,
mec_degradation,51012,0.0006858828128315508,err2,normal,0.25,4,6,,,0.38,1.0
lec_degradation,51012,0.0006858828128315508,err2,normal,0.25,5,6,1.0,0.8275905847549438,,
mec_degradation,51012,0.0006858828128315508,err2,normal,0.25,5,6,,,0.38,1.0
lec_degradation,51012,0.0006858828128315508,err2,normal,0.25,6,6,1.0,0.7956838011741638,,
mec_degradation,51012,0.0006858828128315508,err2,normal,0.25,6,6,,,0.42,1.0
lec_degradation,51012,0.0006858828128315508,err2,normal,0.25,7,6,1.0,0.819894015789032,,
mec_degradation,51012,0.0006858828128315508,err2,normal,0.25,7,6,,,0.26,1.0
lec_degradation,51012,0.0006858828128315508,err2,normal,0.25,8,6,1.0,0.776478111743927,,
mec_degradation,51012,0.0006858828128315508,err2,normal,0.25,8,6,,,0.46,1.0
lec_degradation,51012,0.0006858828128315508,err2,normal,0.25,9,6,1.0,0.8026807904243469,,
mec_degradation,51012,0.0006858828128315508,err2,normal,0.25,9,6,,,0.38,1.0
lec_degradation,51012,0.0006858828128315508,err2,normal,0.25,10,6,1.0,0.7703036665916443,,
mec_degradation,51012,0.0006858828128315508,err2,normal,0.25,10,6,,,0.38,1.0
lec_degradation,51012,0.0006858828128315508,err2,normal,0.25,11,6,1.0,0.8573153614997864,,
mec_degradation,51012,0.0006858828128315508,err2,normal,0.25,11,6,,,0.4,1.0
lec_degradation,51012,0.0006858828128315508,err2,normal,0.5,0,12,1.0,0.7673071026802063,,
mec_degradation,51012,0.0006858828128315508,err2,normal,0.5,0,12,,,0.12,1.0
lec_degradation,51012,0.0006858828128315508,err2,normal,0.5,1,12,1.0,0.7149434685707092,,
mec_degradation,51012,0.0006858828128315508,err2,normal,0.5,1,12,,,0.32,1.0
lec_degradation,51012,0.0006858828128315508,err2,normal,0.5,2,12,1.0,0.7450010776519775,,
mec_degradation,51012,0.0006858828128315508,err2,normal,0.5,2,12,,,0.22,1.0
lec_degradation,51012,0.0006858828128315508,err2,normal,0.5,3,12,1.0,0.7735928297042847,,
mec_degradation,51012,0.0006858828128315508,err2,normal,0.5,3,12,,,0.22,1.0
lec_degradation,51012,0.0006858828128315508,err2,normal,0.5,4,12,1.0,0.8171215653419495,,
mec_degradation,51012,0.0006858828128315508,err2,normal,0.5,4,12,,,0.22,1.0
lec_degradation,51012,0.0006858828128315508,err2,normal,0.5,5,12,1.0,0.7496034502983093,,
mec_degradation,51012,0.0006858828128315508,err2,normal,0.5,5,12,,,0.1,1.0
lec_degradation,51012,0.0006858828128315508,err2,normal,0.5,6,12,1.0,0.7916151285171509,,
mec_degradation,51012,0.0006858828128315508,err2,normal,0.5,6,12,,,0.18,1.0
lec_degradation,51012,0.0006858828128315508,err2,normal,0.5,7,12,1.0,0.7870988249778748,,
mec_degradation,51012,0.0006858828128315508,err2,normal,0.5,7,12,,,0.22,1.0
lec_degradation,51012,0.0006858828128315508,err2,normal,0.5,8,12,1.0,0.7251178026199341,,
mec_degradation,51012,0.0006858828128315508,err2,normal,0.5,8,12,,,0.24,1.0
lec_degradation,51012,0.0006858828128315508,err2,normal,0.5,9,12,1.0,0.7972358465194702,,
mec_degradation,51012,0.0006858828128315508,err2,normal,0.5,9,12,,,0.28,1.0
lec_degradation,51012,0.0006858828128315508,err2,normal,0.5,10,12,1.0,0.786692202091217,,
mec_degradation,51012,0.0006858828128315508,err2,normal,0.5,10,12,,,0.28,1.0
lec_degradation,51012,0.0006858828128315508,err2,normal,0.5,11,12,1.0,0.8022090792655945,,
mec_degradation,51012,0.0006858828128315508,err2,normal,0.5,11,12,,,0.24,1.0
lec_degradation,51012,0.0006858828128315508,err2,normal,0.75,0,19,1.0,0.7268245816230774,,
mec_degradation,51012,0.0006858828128315508,err2,normal,0.75,0,19,,,0.14,1.0
lec_degradation,51012,0.0006858828128315508,err2,normal,0.75,1,19,1.0,0.7652679681777954,,
mec_degradation,51012,0.0006858828128315508,err2,normal,0.75,1,19,,,0.14,1.0
lec_degradation,51012,0.0006858828128315508,err2,normal,0.75,2,19,1.0,0.7471807599067688,,
mec_degradation,51012,0.0006858828128315508,err2,normal,0.75,2,19,,,0.08,1.0
lec_degradation,51012,0.0006858828128315508,err2,normal,0.75,3,19,0.5,0.7618507146835327,,
mec_degradation,51012,0.0006858828128315508,err2,normal,0.75,3,19,,,0.14,1.0
lec_degradation,51012,0.0006858828128315508,err2,normal,0.75,4,19,1.0,0.7464771270751953,,
mec_degradation,51012,0.0006858828128315508,err2,normal,0.75,4,19,,,0.18,1.0
lec_degradation,51012,0.0006858828128315508,err2,normal,0.75,5,19,1.0,0.7276985049247742,,
mec_degradation,51012,0.0006858828128315508,err2,normal,0.75,5,19,,,0.08,1.0
lec_degradation,51012,0.0006858828128315508,err2,normal,0.75,6,19,1.0,0.7599940299987793,,
mec_degradation,51012,0.0006858828128315508,err2,normal,0.75,6,19,,,0.1,1.0
lec_degradation,51012,0.0006858828128315508,err2,normal,0.75,7,19,1.0,0.7487226128578186,,
mec_degradation,51012,0.0006858828128315508,err2,normal,0.75,7,19,,,0.12,1.0
lec_degradation,51012,0.0006858828128315508,err2,normal,0.75,8,19,1.0,0.7492190599441528,,
mec_degradation,51012,0.0006858828128315508,err2,normal,0.75,8,19,,,0.14,1.0
lec_degradation,51012,0.0006858828128315508,err2,normal,0.75,9,19,1.0,0.6499654650688171,,
mec_degradation,51012,0.0006858828128315508,err2,normal,0.75,9,19,,,0.12,1.0
lec_degradation,51012,0.0006858828128315508,err2,normal,0.75,10,19,1.0,0.7204293012619019,,
mec_degradation,51012,0.0006858828128315508,err2,normal,0.75,10,19,,,0.08,1.0
lec_degradation,51012,0.0006858828128315508,err2,normal,0.75,11,19,1.0,0.6623339653015137,,
mec_degradation,51012,0.0006858828128315508,err2,normal,0.75,11,19,,,0.14,1.0
lec_degradation,51012,0.0006858828128315508,err2,normal,0.9,0,22,1.0,0.7759948968887329,,
mec_degradation,51012,0.0006858828128315508,err2,normal,0.9,0,22,,,0.12,1.0
lec_degradation,51012,0.0006858828128315508,err2,normal,0.9,1,22,1.0,0.7990634441375732,,
mec_degradation,51012,0.0006858828128315508,err2,normal,0.9,1,22,,,0.08,1.0
lec_degradation,51012,0.0006858828128315508,err2,normal,0.9,2,22,1.0,0.7778158783912659,,
mec_degradation,51012,0.0006858828128315508,err2,normal,0.9,2,22,,,0.06,1.0
lec_degradation,51012,0.0006858828128315508,err2,normal,0.9,3,22,0.5,0.7489502429962158,,
mec_degradation,51012,0.0006858828128315508,err2,normal,0.9,3,22,,,0.12,1.0
lec_degradation,51012,0.0006858828128315508,err2,normal,0.9,4,22,1.0,0.7901373505592346,,
mec_degradation,51012,0.0006858828128315508,err2,normal,0.9,4,22,,,0.08,1.0
lec_degradation,51012,0.0006858828128315508,err2,normal,0.9,5,22,1.0,0.7784181237220764,,
mec_degradation,51012,0.0006858828128315508,err2,normal,0.9,5,22,,,0.12,1.0
lec_degradation,51012,0.0006858828128315508,err2,normal,0.9,6,22,1.0,0.7520594596862793,,
mec_degradation,51012,0.0006858828128315508,err2,normal,0.9,6,22,,,0.12,1.0
lec_degradation,51012,0.0006858828128315508,err2,normal,0.9,7,22,1.0,0.7529958486557007,,
mec_degradation,51012,0.0006858828128315508,err2,normal,0.9,7,22,,,0.06,1.0
lec_degradation,51012,0.0006858828128315508,err2,normal,0.9,8,22,1.0,0.7680603265762329,,
mec_degradation,51012,0.0006858828128315508,err2,normal,0.9,8,22,,,0.06,1.0
lec_degradation,51012,0.0006858828128315508,err2,normal,0.9,9,22,0.5,0.6909304857254028,,
mec_degradation,51012,0.0006858828128315508,err2,normal,0.9,9,22,,,0.08,1.0
lec_degradation,51012,0.0006858828128315508,err2,normal,0.9,10,22,1.0,0.7662134766578674,,
mec_degradation,51012,0.0006858828128315508,err2,normal,0.9,10,22,,,0.06,1.0
lec_degradation,51012,0.0006858828128315508,err2,normal,0.9,11,22,1.0,0.8065598011016846,,
mec_degradation,51012,0.0006858828128315508,err2,normal,0.9,11,22,,,0.06,1.0
lec_degradation,51012,0.0006858828128315508,err2,dense,0.0,0,0,0.5,0.3421057462692261,,
mec_degradation,51012,0.0006858828128315508,err2,dense,0.0,0,0,,,0.02,0.5
lec_degradation,51012,0.0006858828128315508,err2,dense,0.0,1,0,0.5,0.3421057462692261,,
mec_degradation,51012,0.0006858828128315508,err2,dense,0.0,1,0,,,0.02,0.5
lec_degradation,51012,0.0006858828128315508,err2,dense,0.0,2,0,0.5,0.3421057462692261,,
mec_degradation,51012,0.0006858828128315508,err2,dense,0.0,2,0,,,0.02,0.5
lec_degradation,51012,0.0006858828128315508,err2,dense,0.0,3,0,0.5,0.3421057462692261,,
mec_degradation,51012,0.0006858828128315508,err2,dense,0.0,3,0,,,0.02,0.5
lec_degradation,51012,0.0006858828128315508,err2,dense,0.0,4,0,0.5,0.3421057462692261,,
mec_degradation,51012,0.0006858828128315508,err2,dense,0.0,4,0,,,0.02,0.5
lec_degradation,51012,0.0006858828128315508,err2,dense,0.0,5,0,0.5,0.3421057462692261,,
mec_degradation,51012,0.0006858828128315508,err2,dense,0.0,5,0,,,0.02,0.5
lec_degradation,51012,0.0006858828128315508,err2,dense,0.0,6,0,0.5,0.3421057462692261,,
mec_degradation,51012,0.0006858828128315508,err2,dense,0.0,6,0,,,0.02,0.5
lec_degradation,51012,0.0006858828128315508,err2,dense,0.0,7,0,0.5,0.3421057462692261,,
mec_degradation,51012,0.0006858828128315508,err2,dense,0.0,7,0,,,0.02,0.5
lec_degradation,51012,0.0006858828128315508,err2,dense,0.0,8,0,0.5,0.3421057462692261,,
mec_degradation,51012,0.0006858828128315508,err2,dense,0.0,8,0,,,0.02,0.5
lec_degradation,51012,0.0006858828128315508,err2,dense,0.0,9,0,0.5,0.3421057462692261,,
mec_degradation,51012,0.0006858828128315508,err2,dense,0.0,9,0,,,0.02,0.5
lec_degradation,51012,0.0006858828128315508,err2,dense,0.0,10,0,0.5,0.3421057462692261,,
mec_degradation,51012,0.0006858828128315508,err2,dense,0.0,10,0,,,0.02,0.5
lec_degradation,51012,0.0006858828128315508,err2,dense,0.0,11,0,0.5,0.3421057462692261,,
mec_degradation,51012,0.0006858828128315508,err2,dense,0.0,11,0,,,0.02,0.5
lec_degradation,51012,0.0006858828128315508,err2,dense,0.25,0,6,0.5,0.3421057462692261,,
mec_degradation,51012,0.0006858828128315508,err2,dense,0.25,0,6,,,0.02,0.5
lec_degradation,51012,0.0006858828128315508,err2,dense,0.25,1,6,0.5,0.3421057462692261,,
mec_degradation,51012,0.0006858828128315508,err2,dense,0.25,1,6,,,0.02,0.5
lec_degradation,51012,0.0006858828128315508,err2,dense,0.25,2,6,0.5,0.3421057462692261,,
mec_degradation,51012,0.0006858828128315508,err2,dense,0.25,2,6,,,0.02,0.5
lec_degradation,51012,0.0006858828128315508,err2,dense,0.25,3,6,0.5,0.3421057462692261,,
mec_degradation,51012,0.0006858828128315508,err2,dense,0.25,3,6,,,0.02,0.5
lec_degradation,51012,0.0006858828128315508,err2,dense,0.25,4,6,0.5,0.3421057462692261,,
mec_degradation,51012,0.0006858828128315508,err2,dense,0.25,4,6,,,0.02,0.5
lec_degradation,51012,0.0006858828128315508,err2,dense,0.25,5,6,0.5,0.3421057462692261,,
mec_degradation,51012,0.0006858828128315508,err2,dense,0.25,5,6,,,0.02,0.5
lec_degradation,51012,0.0006858828128315508,err2,dense,0.25,6,6,0.5,0.3421057462692261,,
mec_degradation,51012,0.0006858828128315508,err2,dense,0.25,6,6,,,0.02,0.5
lec_degradation,51012,0.0006858828128315508,err2,dense,0.25,7,6,0.5,0.3421057462692261,,
mec_degradation,51012,0.0006858828128315508,err2,dense,0.25,7,6,,,0.02,0.5
lec_degradation,51012,0.0006858828128315508,err2,dense,0.25,8,6,0.5,0.3421057462692261,,
mec_degradation,51012,0.0006858828128315508,err2,dense,0.25,8,6,,,0.02,0.5
lec_degradation,51012,0.0006858828128315508,err2,dense,0.25,9,6,0.5,0.3421057462692261,,
mec_degradation,51012,0.0006858828128315508,err2,dense,0.25,9,6,,,0.02,0.5
lec_degradation,51012,0.0006858828128315508,err2,dense,0.25,10,6,0.5,0.3421057462692261,,
mec_degradation,51012,0.0006858828128315508,err2,dense,0.25,10,6,,,0.02,0.5
lec_degradation,51012,0.0006858828128315508,err2,dense,0.25,11,6,0.5,0.3421057462692261,,
mec_degradation,51012,0.0006858828128315508,err2,dense,0.25,11,6,,,0.02,0.5
lec_degradation,51012,0.0006858828128315508,err2,dense,0.5,0,12,0.5,0.3421057462692261,,
mec_degradation,51012,0.0006858828128315508,err2,dense,0.5,0,12,,,0.02,0.5
lec_degradation,51012,0.0006858828128315508,err2,dense,0.5,1,12,0.5,0.3421057462692261,,
mec_degradation,51012,0.0006858828128315508,err2,dense,0.5,1,12,,,0.02,0.5
lec_degradation,51012,0.0006858828128315508,err2,dense,0.5,2,12,0.5,0.3421057462692261,,
mec_degradation,51012,0.0006858828128315508,err2,dense,0.5,2,12,,,0.02,0.5
lec_degradation,51012,0.0006858828128315508,err2,dense,0.5,3,12,0.5,0.3421057462692261,,
mec_degradation,51012,0.0006858828128315508,err2,dense,0.5,3,12,,,0.02,0.5
lec_degradation,51012,0.0006858828128315508,err2,dense,0.5,4,12,0.5,0.3421057462692261,,
mec_degradation,51012,0.0006858828128315508,err2,dense,0.5,4,12,,,0.02,0.5
lec_degradation,51012,0.0006858828128315508,err2,dense,0.5,5,12,0.5,0.3421057462692261,,
mec_degradation,51012,0.0006858828128315508,err2,dense,0.5,5,12,,,0.02,0.5
lec_degradation,51012,0.0006858828128315508,err2,dense,0.5,6,12,0.5,0.3421057462692261,,
mec_degradation,51012,0.0006858828128315508,err2,dense,0.5,6,12,,,0.02,0.5
lec_degradation,51012,0.0006858828128315508,err2,dense,0.5,7,12,0.5,0.3421057462692261,,
mec_degradation,51012,0.0006858828128315508,err2,dense,0.5,7,12,,,0.02,0.5
lec_degradation,51012,0.0006858828128315508,err2,dense,0.5,8,12,0.5,0.3421057462692261,,
mec_degradation,51012,0.0006858828128315508,err2,dense,0.5,8,12,,,0.02,0.5
lec_degradation,51012,0.0006858828128315508,err2,dense,0.5,9,12,0.5,0.3421057462692261,,
mec_degradation,51012,0.0006858828128315508,err2,dense,0.5,9,12,,,0.02,0.5
lec_degradation,51012,0.0006858828128315508,err2,dense,0.5,10,12,0.5,0.3421057462692261,,
mec_degradation,51012,0.0006858828128315508,err2,dense,0.5,10,12,,,0.02,0.5
lec_degradation,51012,0.0006858828128315508,err2,dense,0.5,11,12,0.5,0.3421057462692261,,
mec_degradation,51012,0.0006858828128315508,err2,dense,0.5,11,12,,,0.02,0.5
lec_degradation,51012,0.0006858828128315508,err2,dense,0.75,0,19,0.5,0.3421057462692261,,
mec_degradation,51012,0.0006858828128315508,err2,dense,0.75,0,19,,,0.02,0.5
lec_degradation,51012,0.0006858828128315508,err2,dense,0.75,1,19,0.5,0.3421057462692261,,
mec_degradation,51012,0.0006858828128315508,err2,dense,0.75,1,19,,,0.02,0.5
lec_degradation,51012,0.0006858828128315508,err2,dense,0.75,2,19,0.5,0.3421057462692261,,
mec_degradation,51012,0.0006858828128315508,err2,dense,0.75,2,19,,,0.02,0.5
lec_degradation,51012,0.0006858828128315508,err2,dense,0.75,3,19,0.5,0.3421057462692261,,
mec_degradation,51012,0.0006858828128315508,err2,dense,0.75,3,19,,,0.02,0.5
lec_degradation,51012,0.0006858828128315508,err2,dense,0.75,4,19,0.5,0.3421057462692261,,
mec_degradation,51012,0.0006858828128315508,err2,dense,0.75,4,19,,,0.02,0.5
lec_degradation,51012,0.0006858828128315508,err2,dense,0.75,5,19,0.5,0.3421057462692261,,
mec_degradation,51012,0.0006858828128315508,err2,dense,0.75,5,19,,,0.02,0.5
lec_degradation,51012,0.0006858828128315508,err2,dense,0.75,6,19,0.5,0.3421057462692261,,
mec_degradation,51012,0.0006858828128315508,err2,dense,0.75,6,19,,,0.02,0.5
lec_degradation,51012,0.0006858828128315508,err2,dense,0.75,7,19,0.5,0.3421057462692261,,
mec_degradation,51012,0.0006858828128315508,err2,dense,0.75,7,19,,,0.02,0.5
lec_degradation,51012,0.0006858828128315508,err2,dense,0.75,8,19,0.5,0.3421057462692261,,
mec_degradation,51012,0.0006858828128315508,err2,dense,0.75,8,19,,,0.02,0.5
lec_degradation,51012,0.0006858828128315508,err2,dense,0.75,9,19,0.5,0.3421057462692261,,
mec_degradation,51012,0.0006858828128315508,err2,dense,0.75,9,19,,,0.02,0.5
lec_degradation,51012,0.0006858828128315508,err2,dense,0.75,10,19,0.5,0.3421057462692261,,
mec_degradation,51012,0.0006858828128315508,err2,dense,0.75,10,19,,,0.02,0.5
lec_degradation,51012,0.0006858828128315508,err2,dense,0.75,11,19,0.5,0.3421057462692261,,
mec_degradation,51012,0.0006858828128315508,err2,dense,0.75,11,19,,,0.02,0.5
lec_degradation,51012,0.0006858828128315508,err2,dense,0.9,0,22,0.5,0.3421057462692261,,
mec_degradation,51012,0.0006858828128315508,err2,dense,0.9,0,22,,,0.02,0.5
lec_degradation,51012,0.0006858828128315508,err2,dense,0.9,1,22,0.5,0.3421057462692261,,
mec_degradation,51012,0.0006858828128315508,err2,dense,0.9,1,22,,,0.02,0.5
lec_degradation,51012,0.0006858828128315508,err2,dense,0.9,2,22,0.5,0.3421057462692261,,
mec_degradation,51012,0.0006858828128315508,err2,dense,0.9,2,22,,,0.02,0.5
lec_degradation,51012,0.0006858828128315508,err2,dense,0.9,3,22,0.5,0.3421057462692261,,
mec_degradation,51012,0.0006858828128315508,err2,dense,0.9,3,22,,,0.02,0.5
lec_degradation,51012,0.0006858828128315508,err2,dense,0.9,4,22,0.5,0.3421057462692261,,
mec_degradation,51012,0.0006858828128315508,err2,dense,0.9,4,22,,,0.02,0.5
lec_degradation,51012,0.0006858828128315508,err2,dense,0.9,5,22,0.5,0.3421057462692261,,
mec_degradation,51012,0.0006858828128315508,err2,dense,0.9,5,22,,,0.02,0.5
lec_degradation,51012,0.0006858828128315508,err2,dense,0.9,6,22,0.5,0.3421057462692261,,
mec_degradation,51012,0.0006858828128315508,err2,dense,0.9,6,22,,,0.02,0.5
lec_degradation,51012,0.0006858828128315508,err2,dense,0.9,7,22,0.5,0.3421057462692261,,
mec_degradation,51012,0.0006858828128315508,err2,dense,0.9,7,22,,,0.02,0.5
lec_degradation,51012,0.0006858828128315508,err2,dense,0.9,8,22,0.5,0.3421057462692261,,
mec_degradation,51012,0.0006858828128315508,err2,dense,0.9,8,22,,,0.02,0.5
lec_degradation,51012,0.0006858828128315508,err2,dense,0.9,9,22,0.5,0.3421057462692261,,
mec_degradation,51012,0.0006858828128315508,err2,dense,0.9,9,22,,,0.02,0.5
lec_degradation,51012,0.0006858828128315508,err2,dense,0.9,10,22,0.5,0.3421057462692261,,
mec_degradation,51012,0.0006858828128315508,err2,dense,0.9,10,22,,,0.02,0.5
lec_degradation,51012,0.0006858828128315508,err2,dense,0.9,11,22,0.5,0.3421057462692261,,
mec_degradation,51012,0.0006858828128315508,err2,dense,0.9,11,22,,,0.02,0.5
lec_degradation,51013,0.0014314380241557956,base,normal,0.0,0,0,1.0,0.7621942162513733,,
mec_degradation,51013,0.0014314380241557956,base,normal,0.0,0,0,,,0.18,1.0
lec_degradation,51013,0.0014314380241557956,base,normal,0.0,1,0,1.0,0.7621942162513733,,
mec_degradation,51013,0.0014314380241557956,base,normal,0.0,1,0,,,0.18,1.0
lec_degradation,51013,0.0014314380241557956,base,normal,0.0,2,0,1.0,0.7621942162513733,,
mec_degradation,51013,0.0014314380241557956,base,normal,0.0,2,0,,,0.18,1.0
lec_degradation,51013,0.0014314380241557956,base,normal,0.0,3,0,1.0,0.7621942162513733,,
mec_degradation,51013,0.0014314380241557956,base,normal,0.0,3,0,,,0.18,1.0
lec_degradation,51013,0.0014314380241557956,base,normal,0.0,4,0,1.0,0.7621942162513733,,
mec_degradation,51013,0.0014314380241557956,base,normal,0.0,4,0,,,0.18,1.0
lec_degradation,51013,0.0014314380241557956,base,normal,0.0,5,0,1.0,0.7621942162513733,,
mec_degradation,51013,0.0014314380241557956,base,normal,0.0,5,0,,,0.18,1.0
lec_degradation,51013,0.0014314380241557956,base,normal,0.0,6,0,1.0,0.7621942162513733,,
mec_degradation,51013,0.0014314380241557956,base,normal,0.0,6,0,,,0.18,1.0
lec_degradation,51013,0.0014314380241557956,base,normal,0.0,7,0,1.0,0.7621942162513733,,
mec_degradation,51013,0.0014314380241557956,base,normal,0.0,7,0,,,0.18,1.0
lec_degradation,51013,0.0014314380241557956,base,normal,0.0,8,0,1.0,0.7621942162513733,,
mec_degradation,51013,0.0014314380241557956,base,normal,0.0,8,0,,,0.18,1.0
lec_degradation,51013,0.0014314380241557956,base,normal,0.0,9,0,1.0,0.7621942162513733,,
mec_degradation,51013,0.0014314380241557956,base,normal,0.0,9,0,,,0.18,1.0
lec_degradation,51013,0.0014314380241557956,base,normal,0.0,10,0,1.0,0.7621942162513733,,
mec_degradation,51013,0.0014314380241557956,base,normal,0.0,10,0,,,0.18,1.0
lec_degradation,51013,0.0014314380241557956,base,normal,0.0,11,0,1.0,0.7621942162513733,,
mec_degradation,51013,0.0014314380241557956,base,normal,0.0,11,0,,,0.18,1.0
lec_degradation,51013,0.0014314380241557956,base,normal,0.25,0,6,1.0,0.7320393919944763,,
mec_degradation,51013,0.0014314380241557956,base,normal,0.25,0,6,,,0.2,1.0
lec_degradation,51013,0.0014314380241557956,base,normal,0.25,1,6,1.0,0.7632618546485901,,
mec_degradation,51013,0.0014314380241557956,base,normal,0.25,1,6,,,0.2,1.0
lec_degradation,51013,0.0014314380241557956,base,normal,0.25,2,6,1.0,0.749880313873291,,
mec_degradation,51013,0.0014314380241557956,base,normal,0.25,2,6,,,0.12,1.0
lec_degradation,51013,0.0014314380241557956,base,normal,0.25,3,6,1.0,0.7535338401794434,,
mec_degradation,51013,0.0014314380241557956,base,normal,0.25,3,6,,,0.12,1.0
lec_degradation,51013,0.0014314380241557956,base,normal,0.25,4,6,1.0,0.7734584808349609,,
mec_degradation,51013,0.0014314380241557956,base,normal,0.25,4,6,,,0.26,1.0
lec_degradation,51013,0.0014314380241557956,base,normal,0.25,5,6,1.0,0.7717645764350891,,
mec_degradation,51013,0.0014314380241557956,base,normal,0.25,5,6,,,0.16,1.0
lec_degradation,51013,0.0014314380241557956,base,normal,0.25,6,6,1.0,0.7596721649169922,,
mec_degradation,51013,0.0014314380241557956,base,normal,0.25,6,6,,,0.16,1.0
lec_degradation,51013,0.0014314380241557956,base,normal,0.25,7,6,1.0,0.7823091745376587,,
mec_degradation,51013,0.0014314380241557956,base,normal,0.25,7,6,,,0.14,1.0
lec_degradation,51013,0.0014314380241557956,base,normal,0.25,8,6,1.0,0.7753476500511169,,
mec_degradation,51013,0.0014314380241557956,base,normal,0.25,8,6,,,0.2,1.0
lec_degradation,51013,0.0014314380241557956,base,normal,0.25,9,6,1.0,0.7484408020973206,,
mec_degradation,51013,0.0014314380241557956,base,normal,0.25,9,6,,,0.18,1.0
lec_degradation,51013,0.0014314380241557956,base,normal,0.25,10,6,1.0,0.7657839059829712,,
mec_degradation,51013,0.0014314380241557956,base,normal,0.25,10,6,,,0.22,1.0
lec_degradation,51013,0.0014314380241557956,base,normal,0.25,11,6,1.0,0.7635265588760376,,
mec_degradation,51013,0.0014314380241557956,base,normal,0.25,11,6,,,0.12,1.0
lec_degradation,51013,0.0014314380241557956,base,normal,0.5,0,12,1.0,0.7252878546714783,,
mec_degradation,51013,0.0014314380241557956,base,normal,0.5,0,12,,,0.12,1.0
lec_degradation,51013,0.0014314380241557956,base,normal,0.5,1,12,1.0,0.7461737990379333,,
mec_degradation,51013,0.0014314380241557956,base,normal,0.5,1,12,,,0.14,1.0
lec_degradation,51013,0.0014314380241557956,base,normal,0.5,2,12,1.0,0.7609707117080688,,
mec_degradation,51013,0.0014314380241557956,base,normal,0.5,2,12,,,0.12,1.0
lec_degradation,51013,0.0014314380241557956,base,normal,0.5,3,12,1.0,0.7230696678161621,,
mec_degradation,51013,0.0014314380241557956,base,normal,0.5,3,12,,,0.14,1.0
lec_degradation,51013,0.0014314380241557956,base,normal,0.5,4,12,1.0,0.7802230715751648,,
mec_degradation,51013,0.0014314380241557956,base,normal,0.5,4,12,,,0.16,1.0
lec_degradation,51013,0.0014314380241557956,base,normal,0.5,5,12,1.0,0.7749192118644714,,
mec_degradation,51013,0.0014314380241557956,base,normal,0.5,5,12,,,0.14,1.0
lec_degradation,51013,0.0014314380241557956,base,normal,0.5,6,12,1.0,0.7553555369377136,,
mec_degradation,51013,0.0014314380241557956,base,normal,0.5,6,12,,,0.1,1.0
lec_degradation,51013,0.0014314380241557956,base,normal,0.5,7,12,1.0,0.7528106570243835,,
mec_degradation,51013,0.0014314380241557956,base,normal,0.5,7,12,,,0.12,1.0
lec_degradation,51013,0.0014314380241557956,base,normal,0.5,8,12,1.0,0.7509989738464355,,
mec_degradation,51013,0.0014314380241557956,base,normal,0.5,8,12,,,0.16,1.0
lec_degradation,51013,0.0014314380241557956,base,normal,0.5,9,12,1.0,0.7607628703117371,,
mec_degradation,51013,0.0014314380241557956,base,normal,0.5,9,12,,,0.12,1.0
lec_degradation,51013,0.0014314380241557956,base,normal,0.5,10,12,1.0,0.7632489800453186,,
mec_degradation,51013,0.0014314380241557956,base,normal,0.5,10,12,,,0.16,1.0
lec_degradation,51013,0.0014314380241557956,base,normal,0.5,11,12,1.0,0.7615933418273926,,
mec_degradation,51013,0.0014314380241557956,base,normal,0.5,11,12,,,0.08,1.0
lec_degradation,51013,0.0014314380241557956,base,normal,0.75,0,19,1.0,0.7651370167732239,,
mec_degradation,51013,0.0014314380241557956,base,normal,0.75,0,19,,,0.08,1.0
lec_degradation,51013,0.0014314380241557956,base,normal,0.75,1,19,1.0,0.7652822136878967,,
mec_degradation,51013,0.0014314380241557956,base,normal,0.75,1,19,,,0.08,1.0
lec_degradation,51013,0.0014314380241557956,base,normal,0.75,2,19,1.0,0.7032756805419922,,
mec_degradation,51013,0.0014314380241557956,base,normal,0.75,2,19,,,0.06,1.0
lec_degradation,51013,0.0014314380241557956,base,normal,0.75,3,19,1.0,0.7757647037506104,,
mec_degradation,51013,0.0014314380241557956,base,normal,0.75,3,19,,,0.04,1.0
lec_degradation,51013,0.0014314380241557956,base,normal,0.75,4,19,1.0,0.7777233123779297,,
mec_degradation,51013,0.0014314380241557956,base,normal,0.75,4,19,,,0.06,1.0
lec_degradation,51013,0.0014314380241557956,base,normal,0.75,5,19,1.0,0.760220468044281,,
mec_degradation,51013,0.0014314380241557956,base,normal,0.75,5,19,,,0.06,1.0
lec_degradation,51013,0.0014314380241557956,base,normal,0.75,6,19,1.0,0.7690718173980713,,
mec_degradation,51013,0.0014314380241557956,base,normal,0.75,6,19,,,0.04,1.0
lec_degradation,51013,0.0014314380241557956,base,normal,0.75,7,19,1.0,0.7461216449737549,,
mec_degradation,51013,0.0014314380241557956,base,normal,0.75,7,19,,,0.06,1.0
lec_degradation,51013,0.0014314380241557956,base,normal,0.75,8,19,1.0,0.7251341342926025,,
mec_degradation,51013,0.0014314380241557956,base,normal,0.75,8,19,,,0.14,1.0
lec_degradation,51013,0.0014314380241557956,base,normal,0.75,9,19,1.0,0.7781727313995361,,
mec_degradation,51013,0.0014314380241557956,base,normal,0.75,9,19,,,0.08,1.0
lec_degradation,51013,0.0014314380241557956,base,normal,0.75,10,19,1.0,0.7319828867912292,,
mec_degradation,51013,0.0014314380241557956,base,normal,0.75,10,19,,,0.1,1.0
lec_degradation,51013,0.0014314380241557956,base,normal,0.75,11,19,1.0,0.7738483548164368,,
mec_degradation,51013,0.0014314380241557956,base,normal,0.75,11,19,,,0.08,1.0
lec_degradation,51013,0.0014314380241557956,base,normal,0.9,0,22,1.0,0.7397934794425964,,
mec_degradation,51013,0.0014314380241557956,base,normal,0.9,0,22,,,0.06,1.0
lec_degradation,51013,0.0014314380241557956,base,normal,0.9,1,22,1.0,0.7406119704246521,,
mec_degradation,51013,0.0014314380241557956,base,normal,0.9,1,22,,,0.04,1.0
lec_degradation,51013,0.0014314380241557956,base,normal,0.9,2,22,1.0,0.7630355358123779,,
mec_degradation,51013,0.0014314380241557956,base,normal,0.9,2,22,,,0.1,1.0
lec_degradation,51013,0.0014314380241557956,base,normal,0.9,3,22,1.0,0.69965660572052,,
mec_degradation,51013,0.0014314380241557956,base,normal,0.9,3,22,,,0.12,1.0
lec_degradation,51013,0.0014314380241557956,base,normal,0.9,4,22,1.0,0.7224910855293274,,
mec_degradation,51013,0.0014314380241557956,base,normal,0.9,4,22,,,0.06,1.0
lec_degradation,51013,0.0014314380241557956,base,normal,0.9,5,22,1.0,0.760734498500824,,
mec_degradation,51013,0.0014314380241557956,base,normal,0.9,5,22,,,0.08,1.0
lec_degradation,51013,0.0014314380241557956,base,normal,0.9,6,22,1.0,0.7033252120018005,,
mec_degradation,51013,0.0014314380241557956,base,normal,0.9,6,22,,,0.06,1.0
lec_degradation,51013,0.0014314380241557956,base,normal,0.9,7,22,1.0,0.7194792032241821,,
mec_degradation,51013,0.0014314380241557956,base,normal,0.9,7,22,,,0.08,1.0
lec_degradation,51013,0.0014314380241557956,base,normal,0.9,8,22,1.0,0.7499879598617554,,
mec_degradation,51013,0.0014314380241557956,base,normal,0.9,8,22,,,0.08,1.0
lec_degradation,51013,0.0014314380241557956,base,normal,0.9,9,22,1.0,0.7262600064277649,,
mec_degradation,51013,0.0014314380241557956,base,normal,0.9,9,22,,,0.08,1.0
lec_degradation,51013,0.0014314380241557956,base,normal,0.9,10,22,1.0,0.7577878832817078,,
mec_degradation,51013,0.0014314380241557956,base,normal,0.9,10,22,,,0.08,1.0
lec_degradation,51013,0.0014314380241557956,base,normal,0.9,11,22,1.0,0.7229949235916138,,
mec_degradation,51013,0.0014314380241557956,base,normal,0.9,11,22,,,0.06,1.0
lec_degradation,51013,0.0014314380241557956,base,dense,0.0,0,0,0.5,0.18112514913082123,,
mec_degradation,51013,0.0014314380241557956,base,dense,0.0,0,0,,,0.02,0.5
lec_degradation,51013,0.0014314380241557956,base,dense,0.0,1,0,0.5,0.18112514913082123,,
mec_degradation,51013,0.0014314380241557956,base,dense,0.0,1,0,,,0.02,0.5
lec_degradation,51013,0.0014314380241557956,base,dense,0.0,2,0,0.5,0.18112514913082123,,
mec_degradation,51013,0.0014314380241557956,base,dense,0.0,2,0,,,0.02,0.5
lec_degradation,51013,0.0014314380241557956,base,dense,0.0,3,0,0.5,0.18112514913082123,,
mec_degradation,51013,0.0014314380241557956,base,dense,0.0,3,0,,,0.02,0.5
lec_degradation,51013,0.0014314380241557956,base,dense,0.0,4,0,0.5,0.18112514913082123,,
mec_degradation,51013,0.0014314380241557956,base,dense,0.0,4,0,,,0.02,0.5
lec_degradation,51013,0.0014314380241557956,base,dense,0.0,5,0,0.5,0.18112514913082123,,
mec_degradation,51013,0.0014314380241557956,base,dense,0.0,5,0,,,0.02,0.5
lec_degradation,51013,0.0014314380241557956,base,dense,0.0,6,0,0.5,0.18112514913082123,,
mec_degradation,51013,0.0014314380241557956,base,dense,0.0,6,0,,,0.02,0.5
lec_degradation,51013,0.0014314380241557956,base,dense,0.0,7,0,0.5,0.18112514913082123,,
mec_degradation,51013,0.0014314380241557956,base,dense,0.0,7,0,,,0.02,0.5
lec_degradation,51013,0.0014314380241557956,base,dense,0.0,8,0,0.5,0.18112514913082123,,
mec_degradation,51013,0.0014314380241557956,base,dense,0.0,8,0,,,0.02,0.5
lec_degradation,51013,0.0014314380241557956,base,dense,0.0,9,0,0.5,0.18112514913082123,,
mec_degradation,51013,0.0014314380241557956,base,dense,0.0,9,0,,,0.02,0.5
lec_degradation,51013,0.0014314380241557956,base,dense,0.0,10,0,0.5,0.18112514913082123,,
mec_degradation,51013,0.0014314380241557956,base,dense,0.0,10,0,,,0.02,0.5
lec_degradation,51013,0.0014314380241557956,base,dense,0.0,11,0,0.5,0.18112514913082123,,
mec_degradation,51013,0.0014314380241557956,base,dense,0.0,11,0,,,0.02,0.5
lec_degradation,51013,0.0014314380241557956,base,dense,0.25,0,6,0.5,0.18112514913082123,,
mec_degradation,51013,0.0014314380241557956,base,dense,0.25,0,6,,,0.02,0.5
lec_degradation,51013,0.0014314380241557956,base,dense,0.25,1,6,0.5,0.18112514913082123,,
mec_degradation,51013,0.0014314380241557956,base,dense,0.25,1,6,,,0.02,0.5
lec_degradation,51013,0.0014314380241557956,base,dense,0.25,2,6,0.5,0.18112514913082123,,
mec_degradation,51013,0.0014314380241557956,base,dense,0.25,2,6,,,0.02,0.5
lec_degradation,51013,0.0014314380241557956,base,dense,0.25,3,6,0.5,0.18112514913082123,,
mec_degradation,51013,0.0014314380241557956,base,dense,0.25,3,6,,,0.02,0.5
lec_degradation,51013,0.0014314380241557956,base,dense,0.25,4,6,0.5,0.18112514913082123,,
mec_degradation,51013,0.0014314380241557956,base,dense,0.25,4,6,,,0.02,0.5
lec_degradation,51013,0.0014314380241557956,base,dense,0.25,5,6,0.5,0.18112514913082123,,
mec_degradation,51013,0.0014314380241557956,base,dense,0.25,5,6,,,0.02,0.5
lec_degradation,51013,0.0014314380241557956,base,dense,0.25,6,6,0.5,0.18112514913082123,,
mec_degradation,51013,0.0014314380241557956,base,dense,0.25,6,6,,,0.02,0.5
lec_degradation,51013,0.0014314380241557956,base,dense,0.25,7,6,0.5,0.18112514913082123,,
mec_degradation,51013,0.0014314380241557956,base,dense,0.25,7,6,,,0.02,0.5
lec_degradation,51013,0.0014314380241557956,base,dense,0.25,8,6,0.5,0.18112514913082123,,
mec_degradation,51013,0.0014314380241557956,base,dense,0.25,8,6,,,0.02,0.5
lec_degradation,51013,0.0014314380241557956,base,dense,0.25,9,6,0.5,0.18112514913082123,,
mec_degradation,51013,0.0014314380241557956,base,dense,0.25,9,6,,,0.02,0.5
lec_degradation,51013,0.0014314380241557956,base,dense,0.25,10,6,0.5,0.18112514913082123,,
mec_degradation,51013,0.0014314380241557956,base,dense,0.25,10,6,,,0.02,0.5
lec_degradation,51013,0.0014314380241557956,base,dense,0.25,11,6,0.5,0.18112514913082123,,
mec_degradation,51013,0.0014314380241557956,base,dense,0.25,11,6,,,0.02,0.5
lec_degradation,51013,0.0014314380241557956,base,dense,0.5,0,12,0.5,0.18112514913082123,,
mec_degradation,51013,0.0014314380241557956,base,dense,0.5,0,12,,,0.02,0.5
lec_degradation,51013,0.0014314380241557956,base,dense,0.5,1,12,0.5,0.18112514913082123,,
mec_degradation,51013,0.0014314380241557956,base,dense,0.5,1,12,,,0.02,0.5
lec_degradation,51013,0.0014314380241557956,base,dense,0.5,2,12,0.5,0.18112514913082123,,
mec_degradation,51013,0.0014314380241557956,base,dense,0.5,2,12,,,0.02,0.5
lec_degradation,51013,0.0014314380241557956,base,dense,0.5,3,12,0.5,0.18112514913082123,,
mec_degradation,51013,0.0014314380241557956,base,dense,0.5,3,12,,,0.02,0.5
lec_degradation,51013,0.0014314380241557956,base,dense,0.5,4,12,0.5,0.18112514913082123,,
mec_degradation,51013,0.0014314380241557956,base,dense,0.5,4,12,,,0.02,0.5
lec_degradation,51013,0.0014314380241557956,base,dense,0.5,5,12,0.5,0.18112514913082123,,
mec_degradation,51013,0.0014314380241557956,base,dense,0.5,5,12,,,0.02,0.5
lec_degradation,51013,0.0014314380241557956,base,dense,0.5,6,12,0.5,0.18112514913082123,,
mec_degradation,51013,0.0014314380241557956,base,dense,0.5,6,12,,,0.02,0.5
lec_degradation,51013,0.0014314380241557956,base,dense,0.5,7,12,0.5,0.18112514913082123,,
mec_degradation,51013,0.0014314380241557956,base,dense,0.5,7,12,,,0.02,0.5
lec_degradation,51013,0.0014314380241557956,base,dense,0.5,8,12,0.5,0.18112514913082123,,
mec_degradation,51013,0.0014314380241557956,base,dense,0.5,8,12,,,0.02,0.5
lec_degradation,51013,0.0014314380241557956,base,dense,0.5,9,12,0.5,0.18112514913082123,,
mec_degradation,51013,0.0014314380241557956,base,dense,0.5,9,12,,,0.02,0.5
lec_degradation,51013,0.0014314380241557956,base,dense,0.5,10,12,0.5,0.18112514913082123,,
mec_degradation,51013,0.0014314380241557956,base,dense,0.5,10,12,,,0.02,0.5
lec_degradation,51013,0.0014314380241557956,base,dense,0.5,11,12,0.5,0.18112514913082123,,
mec_degradation,51013,0.0014314380241557956,base,dense,0.5,11,12,,,0.02,0.5
lec_degradation,51013,0.0014314380241557956,base,dense,0.75,0,19,0.5,0.18112514913082123,,
mec_degradation,51013,0.0014314380241557956,base,dense,0.75,0,19,,,0.02,0.5
lec_degradation,51013,0.0014314380241557956,base,dense,0.75,1,19,0.5,0.18112514913082123,,
mec_degradation,51013,0.0014314380241557956,base,dense,0.75,1,19,,,0.02,0.5
lec_degradation,51013,0.0014314380241557956,base,dense,0.75,2,19,0.5,0.18112514913082123,,
mec_degradation,51013,0.0014314380241557956,base,dense,0.75,2,19,,,0.02,0.5
lec_degradation,51013,0.0014314380241557956,base,dense,0.75,3,19,0.5,0.18112514913082123,,
mec_degradation,51013,0.0014314380241557956,base,dense,0.75,3,19,,,0.02,0.5
lec_degradation,51013,0.0014314380241557956,base,dense,0.75,4,19,0.5,0.18112514913082123,,
mec_degradation,51013,0.0014314380241557956,base,dense,0.75,4,19,,,0.02,0.5
lec_degradation,51013,0.0014314380241557956,base,dense,0.75,5,19,0.5,0.18112514913082123,,
mec_degradation,51013,0.0014314380241557956,base,dense,0.75,5,19,,,0.02,0.5
lec_degradation,51013,0.0014314380241557956,base,dense,0.75,6,19,0.5,0.18112514913082123,,
mec_degradation,51013,0.0014314380241557956,base,dense,0.75,6,19,,,0.02,0.5
lec_degradation,51013,0.0014314380241557956,base,dense,0.75,7,19,0.5,0.18112514913082123,,
mec_degradation,51013,0.0014314380241557956,base,dense,0.75,7,19,,,0.02,0.5
lec_degradation,51013,0.0014314380241557956,base,dense,0.75,8,19,0.5,0.18112514913082123,,
mec_degradation,51013,0.0014314380241557956,base,dense,0.75,8,19,,,0.02,0.5
lec_degradation,51013,0.0014314380241557956,base,dense,0.75,9,19,0.5,0.18112514913082123,,
mec_degradation,51013,0.0014314380241557956,base,dense,0.75,9,19,,,0.02,0.5
lec_degradation,51013,0.0014314380241557956,base,dense,0.75,10,19,0.5,0.18112514913082123,,
mec_degradation,51013,0.0014314380241557956,base,dense,0.75,10,19,,,0.02,0.5
lec_degradation,51013,0.0014314380241557956,base,dense,0.75,11,19,0.5,0.18112514913082123,,
mec_degradation,51013,0.0014314380241557956,base,dense,0.75,11,19,,,0.02,0.5
lec_degradation,51013,0.0014314380241557956,base,dense,0.9,0,22,0.5,0.18112514913082123,,
mec_degradation,51013,0.0014314380241557956,base,dense,0.9,0,22,,,0.02,0.5
lec_degradation,51013,0.0014314380241557956,base,dense,0.9,1,22,0.5,0.18112514913082123,,
mec_degradation,51013,0.0014314380241557956,base,dense,0.9,1,22,,,0.02,0.5
lec_degradation,51013,0.0014314380241557956,base,dense,0.9,2,22,0.5,0.18112514913082123,,
mec_degradation,51013,0.0014314380241557956,base,dense,0.9,2,22,,,0.02,0.5
lec_degradation,51013,0.0014314380241557956,base,dense,0.9,3,22,0.5,0.18112514913082123,,
mec_degradation,51013,0.0014314380241557956,base,dense,0.9,3,22,,,0.02,0.5
lec_degradation,51013,0.0014314380241557956,base,dense,0.9,4,22,0.5,0.18112514913082123,,
mec_degradation,51013,0.0014314380241557956,base,dense,0.9,4,22,,,0.02,0.5
lec_degradation,51013,0.0014314380241557956,base,dense,0.9,5,22,0.5,0.18112514913082123,,
mec_degradation,51013,0.0014314380241557956,base,dense,0.9,5,22,,,0.02,0.5
lec_degradation,51013,0.0014314380241557956,base,dense,0.9,6,22,0.5,0.18112514913082123,,
mec_degradation,51013,0.0014314380241557956,base,dense,0.9,6,22,,,0.02,0.5
lec_degradation,51013,0.0014314380241557956,base,dense,0.9,7,22,0.5,0.18112514913082123,,
mec_degradation,51013,0.0014314380241557956,base,dense,0.9,7,22,,,0.02,0.5
lec_degradation,51013,0.0014314380241557956,base,dense,0.9,8,22,0.5,0.18112514913082123,,
mec_degradation,51013,0.0014314380241557956,base,dense,0.9,8,22,,,0.02,0.5
lec_degradation,51013,0.0014314380241557956,base,dense,0.9,9,22,0.5,0.18112514913082123,,
mec_degradation,51013,0.0014314380241557956,base,dense,0.9,9,22,,,0.02,0.5
lec_degradation,51013,0.0014314380241557956,base,dense,0.9,10,22,0.5,0.18112514913082123,,
mec_degradation,51013,0.0014314380241557956,base,dense,0.9,10,22,,,0.02,0.5
lec_degradation,51013,0.0014314380241557956,base,dense,0.9,11,22,0.5,0.18112514913082123,,
mec_degradation,51013,0.0014314380241557956,base,dense,0.9,11,22,,,0.02,0.5
lec_degradation,51013,0.0014314380241557956,err2,normal,0.0,0,0,1.0,0.9028096199035645,,
mec_degradation,51013,0.0014314380241557956,err2,normal,0.0,0,0,,,0.58,1.0
lec_degradation,51013,0.0014314380241557956,err2,normal,0.0,1,0,1.0,0.9028096199035645,,
mec_degradation,51013,0.0014314380241557956,err2,normal,0.0,1,0,,,0.58,1.0
lec_degradation,51013,0.0014314380241557956,err2,normal,0.0,2,0,1.0,0.9028096199035645,,
mec_degradation,51013,0.0014314380241557956,err2,normal,0.0,2,0,,,0.58,1.0
lec_degradation,51013,0.0014314380241557956,err2,normal,0.0,3,0,1.0,0.9028096199035645,,
mec_degradation,51013,0.0014314380241557956,err2,normal,0.0,3,0,,,0.58,1.0
lec_degradation,51013,0.0014314380241557956,err2,normal,0.0,4,0,1.0,0.9028096199035645,,
mec_degradation,51013,0.0014314380241557956,err2,normal,0.0,4,0,,,0.58,1.0
lec_degradation,51013,0.0014314380241557956,err2,normal,0.0,5,0,1.0,0.9028096199035645,,
mec_degradation,51013,0.0014314380241557956,err2,normal,0.0,5,0,,,0.58,1.0
lec_degradation,51013,0.0014314380241557956,err2,normal,0.0,6,0,1.0,0.9028096199035645,,
mec_degradation,51013,0.0014314380241557956,err2,normal,0.0,6,0,,,0.58,1.0
lec_degradation,51013,0.0014314380241557956,err2,normal,0.0,7,0,1.0,0.9028096199035645,,
mec_degradation,51013,0.0014314380241557956,err2,normal,0.0,7,0,,,0.58,1.0
lec_degradation,51013,0.0014314380241557956,err2,normal,0.0,8,0,1.0,0.9028096199035645,,
mec_degradation,51013,0.0014314380241557956,err2,normal,0.0,8,0,,,0.58,1.0
lec_degradation,51013,0.0014314380241557956,err2,normal,0.0,9,0,1.0,0.9028096199035645,,
mec_degradation,51013,0.0014314380241557956,err2,normal,0.0,9,0,,,0.58,1.0
lec_degradation,51013,0.0014314380241557956,err2,normal,0.0,10,0,1.0,0.9028096199035645,,
mec_degradation,51013,0.0014314380241557956,err2,normal,0.0,10,0,,,0.58,1.0
lec_degradation,51013,0.0014314380241557956,err2,normal,0.0,11,0,1.0,0.9028096199035645,,
mec_degradation,51013,0.0014314380241557956,err2,normal,0.0,11,0,,,0.58,1.0
lec_degradation,51013,0.0014314380241557956,err2,normal,0.25,0,6,1.0,0.8049594163894653,,
mec_degradation,51013,0.0014314380241557956,err2,normal,0.25,0,6,,,0.34,1.0
lec_degradation,51013,0.0014314380241557956,err2,normal,0.25,1,6,1.0,0.8558246493339539,,
mec_degradation,51013,0.0014314380241557956,err2,normal,0.25,1,6,,,0.44,1.0
lec_degradation,51013,0.0014314380241557956,err2,normal,0.25,2,6,1.0,0.8202640414237976,,
mec_degradation,51013,0.0014314380241557956,err2,normal,0.25,2,6,,,0.42,1.0
lec_degradation,51013,0.0014314380241557956,err2,normal,0.25,3,6,1.0,0.8308591246604919,,
mec_degradation,51013,0.0014314380241557956,err2,normal,0.25,3,6,,,0.44,1.0
lec_degradation,51013,0.0014314380241557956,err2,normal,0.25,4,6,1.0,0.8635534644126892,,
mec_degradation,51013,0.0014314380241557956,err2,normal,0.25,4,6,,,0.38,1.0
lec_degradation,51013,0.0014314380241557956,err2,normal,0.25,5,6,1.0,0.8320852518081665,,
mec_degradation,51013,0.0014314380241557956,err2,normal,0.25,5,6,,,0.36,1.0
lec_degradation,51013,0.0014314380241557956,err2,normal,0.25,6,6,1.0,0.8158392310142517,,
mec_degradation,51013,0.0014314380241557956,err2,normal,0.25,6,6,,,0.44,1.0
lec_degradation,51013,0.0014314380241557956,err2,normal,0.25,7,6,1.0,0.8387622833251953,,
mec_degradation,51013,0.0014314380241557956,err2,normal,0.25,7,6,,,0.48,1.0
lec_degradation,51013,0.0014314380241557956,err2,normal,0.25,8,6,1.0,0.8099113702774048,,
mec_degradation,51013,0.0014314380241557956,err2,normal,0.25,8,6,,,0.56,1.0
lec_degradation,51013,0.0014314380241557956,err2,normal,0.25,9,6,1.0,0.8426722884178162,,
mec_degradation,51013,0.0014314380241557956,err2,normal,0.25,9,6,,,0.52,1.0
lec_degradation,51013,0.0014314380241557956,err2,normal,0.25,10,6,1.0,0.789198637008667,,
mec_degradation,51013,0.0014314380241557956,err2,normal,0.25,10,6,,,0.52,1.0
lec_degradation,51013,0.0014314380241557956,err2,normal,0.25,11,6,1.0,0.8351799845695496,,
mec_degradation,51013,0.0014314380241557956,err2,normal,0.25,11,6,,,0.28,1.0
lec_degradation,51013,0.0014314380241557956,err2,normal,0.5,0,12,1.0,0.7563362121582031,,
mec_degradation,51013,0.0014314380241557956,err2,normal,0.5,0,12,,,0.3,1.0
lec_degradation,51013,0.0014314380241557956,err2,normal,0.5,1,12,1.0,0.7604804039001465,,
mec_degradation,51013,0.0014314380241557956,err2,normal,0.5,1,12,,,0.38,1.0
lec_degradation,51013,0.0014314380241557956,err2,normal,0.5,2,12,1.0,0.7960773706436157,,
mec_degradation,51013,0.0014314380241557956,err2,normal,0.5,2,12,,,0.24,1.0
lec_degradation,51013,0.0014314380241557956,err2,normal,0.5,3,12,1.0,0.7731353640556335,,
mec_degradation,51013,0.0014314380241557956,err2,normal,0.5,3,12,,,0.22,1.0
lec_degradation,51013,0.0014314380241557956,err2,normal,0.5,4,12,1.0,0.8510739207267761,,
mec_degradation,51013,0.0014314380241557956,err2,normal,0.5,4,12,,,0.3,1.0
lec_degradation,51013,0.0014314380241557956,err2,normal,0.5,5,12,1.0,0.7478888034820557,,
mec_degradation,51013,0.0014314380241557956,err2,normal,0.5,5,12,,,0.36,1.0
lec_degradation,51013,0.0014314380241557956,err2,normal,0.5,6,12,1.0,0.7008346319198608,,
mec_degradation,51013,0.0014314380241557956,err2,normal,0.5,6,12,,,0.22,1.0
lec_degradation,51013,0.0014314380241557956,err2,normal,0.5,7,12,1.0,0.7796180248260498,,
mec_degradation,51013,0.0014314380241557956,err2,normal,0.5,7,12,,,0.28,1.0
lec_degradation,51013,0.0014314380241557956,err2,normal,0.5,8,12,1.0,0.8027657866477966,,
mec_degradation,51013,0.0014314380241557956,err2,normal,0.5,8,12,,,0.26,1.0
lec_degradation,51013,0.0014314380241557956,err2,normal,0.5,9,12,1.0,0.7330701947212219,,
mec_degradation,51013,0.0014314380241557956,err2,normal,0.5,9,12,,,0.38,1.0
lec_degradation,51013,0.0014314380241557956,err2,normal,0.5,10,12,1.0,0.820029079914093,,
mec_degradation,51013,0.0014314380241557956,err2,normal,0.5,10,12,,,0.32,1.0
lec_degradation,51013,0.0014314380241557956,err2,normal,0.5,11,12,1.0,0.7771533131599426,,
mec_degradation,51013,0.0014314380241557956,err2,normal,0.5,11,12,,,0.3,1.0
lec_degradation,51013,0.0014314380241557956,err2,normal,0.75,0,19,1.0,0.7965006232261658,,
mec_degradation,51013,0.0014314380241557956,err2,normal,0.75,0,19,,,0.14,1.0
lec_degradation,51013,0.0014314380241557956,err2,normal,0.75,1,19,1.0,0.7204437255859375,,
mec_degradation,51013,0.0014314380241557956,err2,normal,0.75,1,19,,,0.1,1.0
lec_degradation,51013,0.0014314380241557956,err2,normal,0.75,2,19,1.0,0.7296521067619324,,
mec_degradation,51013,0.0014314380241557956,err2,normal,0.75,2,19,,,0.1,1.0
lec_degradation,51013,0.0014314380241557956,err2,normal,0.75,3,19,1.0,0.7906720042228699,,
mec_degradation,51013,0.0014314380241557956,err2,normal,0.75,3,19,,,0.06,1.0
lec_degradation,51013,0.0014314380241557956,err2,normal,0.75,4,19,1.0,0.7997632622718811,,
mec_degradation,51013,0.0014314380241557956,err2,normal,0.75,4,19,,,0.08,1.0
lec_degradation,51013,0.0014314380241557956,err2,normal,0.75,5,19,1.0,0.7860772013664246,,
mec_degradation,51013,0.0014314380241557956,err2,normal,0.75,5,19,,,0.18,1.0
lec_degradation,51013,0.0014314380241557956,err2,normal,0.75,6,19,1.0,0.779712975025177,,
mec_degradation,51013,0.0014314380241557956,err2,normal,0.75,6,19,,,0.1,1.0
lec_degradation,51013,0.0014314380241557956,err2,normal,0.75,7,19,1.0,0.7973114848136902,,
mec_degradation,51013,0.0014314380241557956,err2,normal,0.75,7,19,,,0.16,1.0
lec_degradation,51013,0.0014314380241557956,err2,normal,0.75,8,19,1.0,0.7943328022956848,,
mec_degradation,51013,0.0014314380241557956,err2,normal,0.75,8,19,,,0.08,1.0
lec_degradation,51013,0.0014314380241557956,err2,normal,0.75,9,19,1.0,0.8100746273994446,,
mec_degradation,51013,0.0014314380241557956,err2,normal,0.75,9,19,,,0.08,1.0
lec_degradation,51013,0.0014314380241557956,err2,normal,0.75,10,19,1.0,0.7817181348800659,,
mec_degradation,51013,0.0014314380241557956,err2,normal,0.75,10,19,,,0.2,1.0
lec_degradation,51013,0.0014314380241557956,err2,normal,0.75,11,19,1.0,0.8026912808418274,,
mec_degradation,51013,0.0014314380241557956,err2,normal,0.75,11,19,,,0.14,1.0
lec_degradation,51013,0.0014314380241557956,err2,normal,0.9,0,22,1.0,0.7518066167831421,,
mec_degradation,51013,0.0014314380241557956,err2,normal,0.9,0,22,,,0.08,1.0
lec_degradation,51013,0.0014314380241557956,err2,normal,0.9,1,22,1.0,0.7194465398788452,,
mec_degradation,51013,0.0014314380241557956,err2,normal,0.9,1,22,,,0.06,1.0
lec_degradation,51013,0.0014314380241557956,err2,normal,0.9,2,22,1.0,0.7857726216316223,,
mec_degradation,51013,0.0014314380241557956,err2,normal,0.9,2,22,,,0.08,1.0
lec_degradation,51013,0.0014314380241557956,err2,normal,0.9,3,22,1.0,0.756110429763794,,
mec_degradation,51013,0.0014314380241557956,err2,normal,0.9,3,22,,,0.08,1.0
lec_degradation,51013,0.0014314380241557956,err2,normal,0.9,4,22,1.0,0.786896288394928,,
mec_degradation,51013,0.0014314380241557956,err2,normal,0.9,4,22,,,0.12,1.0
lec_degradation,51013,0.0014314380241557956,err2,normal,0.9,5,22,1.0,0.7853922843933105,,
mec_degradation,51013,0.0014314380241557956,err2,normal,0.9,5,22,,,0.1,1.0
lec_degradation,51013,0.0014314380241557956,err2,normal,0.9,6,22,1.0,0.7729189395904541,,
mec_degradation,51013,0.0014314380241557956,err2,normal,0.9,6,22,,,0.08,1.0
lec_degradation,51013,0.0014314380241557956,err2,normal,0.9,7,22,1.0,0.7519777417182922,,
mec_degradation,51013,0.0014314380241557956,err2,normal,0.9,7,22,,,0.1,1.0
lec_degradation,51013,0.0014314380241557956,err2,normal,0.9,8,22,1.0,0.8081929683685303,,
mec_degradation,51013,0.0014314380241557956,err2,normal,0.9,8,22,,,0.04,1.0
lec_degradation,51013,0.0014314380241557956,err2,normal,0.9,9,22,1.0,0.7737663388252258,,
mec_degradation,51013,0.0014314380241557956,err2,normal,0.9,9,22,,,0.08,1.0
lec_degradation,51013,0.0014314380241557956,err2,normal,0.9,10,22,1.0,0.7880432605743408,,
mec_degradation,51013,0.0014314380241557956,err2,normal,0.9,10,22,,,0.06,1.0
lec_degradation,51013,0.0014314380241557956,err2,normal,0.9,11,22,1.0,0.750119149684906,,
mec_degradation,51013,0.0014314380241557956,err2,normal,0.9,11,22,,,0.08,1.0
lec_degradation,51013,0.0014314380241557956,err2,dense,0.0,0,0,0.5,0.26585566997528076,,
mec_degradation,51013,0.0014314380241557956,err2,dense,0.0,0,0,,,0.02,0.5
lec_degradation,51013,0.0014314380241557956,err2,dense,0.0,1,0,0.5,0.26585566997528076,,
mec_degradation,51013,0.0014314380241557956,err2,dense,0.0,1,0,,,0.02,0.5
lec_degradation,51013,0.0014314380241557956,err2,dense,0.0,2,0,0.5,0.26585566997528076,,
mec_degradation,51013,0.0014314380241557956,err2,dense,0.0,2,0,,,0.02,0.5
lec_degradation,51013,0.0014314380241557956,err2,dense,0.0,3,0,0.5,0.26585566997528076,,
mec_degradation,51013,0.0014314380241557956,err2,dense,0.0,3,0,,,0.02,0.5
lec_degradation,51013,0.0014314380241557956,err2,dense,0.0,4,0,0.5,0.26585566997528076,,
mec_degradation,51013,0.0014314380241557956,err2,dense,0.0,4,0,,,0.02,0.5
lec_degradation,51013,0.0014314380241557956,err2,dense,0.0,5,0,0.5,0.26585566997528076,,
mec_degradation,51013,0.0014314380241557956,err2,dense,0.0,5,0,,,0.02,0.5
lec_degradation,51013,0.0014314380241557956,err2,dense,0.0,6,0,0.5,0.26585566997528076,,
mec_degradation,51013,0.0014314380241557956,err2,dense,0.0,6,0,,,0.02,0.5
lec_degradation,51013,0.0014314380241557956,err2,dense,0.0,7,0,0.5,0.26585566997528076,,
mec_degradation,51013,0.0014314380241557956,err2,dense,0.0,7,0,,,0.02,0.5
lec_degradation,51013,0.0014314380241557956,err2,dense,0.0,8,0,0.5,0.26585566997528076,,
mec_degradation,51013,0.0014314380241557956,err2,dense,0.0,8,0,,,0.02,0.5
lec_degradation,51013,0.0014314380241557956,err2,dense,0.0,9,0,0.5,0.26585566997528076,,
mec_degradation,51013,0.0014314380241557956,err2,dense,0.0,9,0,,,0.02,0.5
lec_degradation,51013,0.0014314380241557956,err2,dense,0.0,10,0,0.5,0.26585566997528076,,
mec_degradation,51013,0.0014314380241557956,err2,dense,0.0,10,0,,,0.02,0.5
lec_degradation,51013,0.0014314380241557956,err2,dense,0.0,11,0,0.5,0.26585566997528076,,
mec_degradation,51013,0.0014314380241557956,err2,dense,0.0,11,0,,,0.02,0.5
lec_degradation,51013,0.0014314380241557956,err2,dense,0.25,0,6,0.5,0.26585566997528076,,
mec_degradation,51013,0.0014314380241557956,err2,dense,0.25,0,6,,,0.02,0.5
lec_degradation,51013,0.0014314380241557956,err2,dense,0.25,1,6,0.5,0.26585566997528076,,
mec_degradation,51013,0.0014314380241557956,err2,dense,0.25,1,6,,,0.02,0.5
lec_degradation,51013,0.0014314380241557956,err2,dense,0.25,2,6,0.5,0.26585566997528076,,
mec_degradation,51013,0.0014314380241557956,err2,dense,0.25,2,6,,,0.02,0.5
lec_degradation,51013,0.0014314380241557956,err2,dense,0.25,3,6,0.5,0.26585566997528076,,
mec_degradation,51013,0.0014314380241557956,err2,dense,0.25,3,6,,,0.02,0.5
lec_degradation,51013,0.0014314380241557956,err2,dense,0.25,4,6,0.5,0.26585566997528076,,
mec_degradation,51013,0.0014314380241557956,err2,dense,0.25,4,6,,,0.02,0.5
lec_degradation,51013,0.0014314380241557956,err2,dense,0.25,5,6,0.5,0.26585566997528076,,
mec_degradation,51013,0.0014314380241557956,err2,dense,0.25,5,6,,,0.02,0.5
lec_degradation,51013,0.0014314380241557956,err2,dense,0.25,6,6,0.5,0.26585566997528076,,
mec_degradation,51013,0.0014314380241557956,err2,dense,0.25,6,6,,,0.02,0.5
lec_degradation,51013,0.0014314380241557956,err2,dense,0.25,7,6,0.5,0.26585566997528076,,
mec_degradation,51013,0.0014314380241557956,err2,dense,0.25,7,6,,,0.02,0.5
lec_degradation,51013,0.0014314380241557956,err2,dense,0.25,8,6,0.5,0.26585566997528076,,
mec_degradation,51013,0.0014314380241557956,err2,dense,0.25,8,6,,,0.02,0.5
lec_degradation,51013,0.0014314380241557956,err2,dense,0.25,9,6,0.5,0.26585566997528076,,
mec_degradation,51013,0.0014314380241557956,err2,dense,0.25,9,6,,,0.02,0.5
lec_degradation,51013,0.0014314380241557956,err2,dense,0.25,10,6,0.5,0.26585566997528076,,
mec_degradation,51013,0.0014314380241557956,err2,dense,0.25,10,6,,,0.02,0.5
lec_degradation,51013,0.0014314380241557956,err2,dense,0.25,11,6,0.5,0.26585566997528076,,
mec_degradation,51013,0.0014314380241557956,err2,dense,0.25,11,6,,,0.02,0.5
lec_degradation,51013,0.0014314380241557956,err2,dense,0.5,0,12,0.5,0.26585566997528076,,
mec_degradation,51013,0.0014314380241557956,err2,dense,0.5,0,12,,,0.02,0.5
lec_degradation,51013,0.0014314380241557956,err2,dense,0.5,1,12,0.5,0.26585566997528076,,
mec_degradation,51013,0.0014314380241557956,err2,dense,0.5,1,12,,,0.02,0.5
lec_degradation,51013,0.0014314380241557956,err2,dense,0.5,2,12,0.5,0.26585566997528076,,
mec_degradation,51013,0.0014314380241557956,err2,dense,0.5,2,12,,,0.02,0.5
lec_degradation,51013,0.0014314380241557956,err2,dense,0.5,3,12,0.5,0.26585566997528076,,
mec_degradation,51013,0.0014314380241557956,err2,dense,0.5,3,12,,,0.02,0.5
lec_degradation,51013,0.0014314380241557956,err2,dense,0.5,4,12,0.5,0.26585566997528076,,
mec_degradation,51013,0.0014314380241557956,err2,dense,0.5,4,12,,,0.02,0.5
lec_degradation,51013,0.0014314380241557956,err2,dense,0.5,5,12,0.5,0.26585566997528076,,
mec_degradation,51013,0.0014314380241557956,err2,dense,0.5,5,12,,,0.02,0.5
lec_degradation,51013,0.0014314380241557956,err2,dense,0.5,6,12,0.5,0.26585566997528076,,
mec_degradation,51013,0.0014314380241557956,err2,dense,0.5,6,12,,,0.02,0.5
lec_degradation,51013,0.0014314380241557956,err2,dense,0.5,7,12,0.5,0.26585566997528076,,
mec_degradation,51013,0.0014314380241557956,err2,dense,0.5,7,12,,,0.02,0.5
lec_degradation,51013,0.0014314380241557956,err2,dense,0.5,8,12,0.5,0.26585566997528076,,
mec_degradation,51013,0.0014314380241557956,err2,dense,0.5,8,12,,,0.02,0.5
lec_degradation,51013,0.0014314380241557956,err2,dense,0.5,9,12,0.5,0.26585566997528076,,
mec_degradation,51013,0.0014314380241557956,err2,dense,0.5,9,12,,,0.02,0.5
lec_degradation,51013,0.0014314380241557956,err2,dense,0.5,10,12,0.5,0.26585566997528076,,
mec_degradation,51013,0.0014314380241557956,err2,dense,0.5,10,12,,,0.02,0.5
lec_degradation,51013,0.0014314380241557956,err2,dense,0.5,11,12,0.5,0.26585566997528076,,
mec_degradation,51013,0.0014314380241557956,err2,dense,0.5,11,12,,,0.02,0.5
lec_degradation,51013,0.0014314380241557956,err2,dense,0.75,0,19,0.5,0.26585566997528076,,
mec_degradation,51013,0.0014314380241557956,err2,dense,0.75,0,19,,,0.02,0.5
lec_degradation,51013,0.0014314380241557956,err2,dense,0.75,1,19,0.5,0.26585566997528076,,
mec_degradation,51013,0.0014314380241557956,err2,dense,0.75,1,19,,,0.02,0.5
lec_degradation,51013,0.0014314380241557956,err2,dense,0.75,2,19,0.5,0.26585566997528076,,
mec_degradation,51013,0.0014314380241557956,err2,dense,0.75,2,19,,,0.02,0.5
lec_degradation,51013,0.0014314380241557956,err2,dense,0.75,3,19,0.5,0.26585566997528076,,
mec_degradation,51013,0.0014314380241557956,err2,dense,0.75,3,19,,,0.02,0.5
lec_degradation,51013,0.0014314380241557956,err2,dense,0.75,4,19,0.5,0.26585566997528076,,
mec_degradation,51013,0.0014314380241557956,err2,dense,0.75,4,19,,,0.02,0.5
lec_degradation,51013,0.0014314380241557956,err2,dense,0.75,5,19,0.5,0.26585566997528076,,
mec_degradation,51013,0.0014314380241557956,err2,dense,0.75,5,19,,,0.02,0.5
lec_degradation,51013,0.0014314380241557956,err2,dense,0.75,6,19,0.5,0.26585566997528076,,
mec_degradation,51013,0.0014314380241557956,err2,dense,0.75,6,19,,,0.02,0.5
lec_degradation,51013,0.0014314380241557956,err2,dense,0.75,7,19,0.5,0.26585566997528076,,
mec_degradation,51013,0.0014314380241557956,err2,dense,0.75,7,19,,,0.02,0.5
lec_degradation,51013,0.0014314380241557956,err2,dense,0.75,8,19,0.5,0.26585566997528076,,
mec_degradation,51013,0.0014314380241557956,err2,dense,0.75,8,19,,,0.02,0.5
lec_degradation,51013,0.0014314380241557956,err2,dense,0.75,9,19,0.5,0.26585566997528076,,
mec_degradation,51013,0.0014314380241557956,err2,dense,0.75,9,19,,,0.02,0.5
lec_degradation,51013,0.0014314380241557956,err2,dense,0.75,10,19,0.5,0.26585566997528076,,
mec_degradation,51013,0.0014314380241557956,err2,dense,0.75,10,19,,,0.02,0.5
lec_degradation,51013,0.0014314380241557956,err2,dense,0.75,11,19,0.5,0.26585566997528076,,
mec_degradation,51013,0.0014314380241557956,err2,dense,0.75,11,19,,,0.02,0.5
lec_degradation,51013,0.0014314380241557956,err2,dense,0.9,0,22,0.5,0.26585566997528076,,
mec_degradation,51013,0.0014314380241557956,err2,dense,0.9,0,22,,,0.02,0.5
lec_degradation,51013,0.0014314380241557956,err2,dense,0.9,1,22,0.5,0.26585566997528076,,
mec_degradation,51013,0.0014314380241557956,err2,dense,0.9,1,22,,,0.02,0.5
lec_degradation,51013,0.0014314380241557956,err2,dense,0.9,2,22,0.5,0.26585566997528076,,
mec_degradation,51013,0.0014314380241557956,err2,dense,0.9,2,22,,,0.02,0.5
lec_degradation,51013,0.0014314380241557956,err2,dense,0.9,3,22,0.5,0.26585566997528076,,
mec_degradation,51013,0.0014314380241557956,err2,dense,0.9,3,22,,,0.02,0.5
lec_degradation,51013,0.0014314380241557956,err2,dense,0.9,4,22,0.5,0.26585566997528076,,
mec_degradation,51013,0.0014314380241557956,err2,dense,0.9,4,22,,,0.02,0.5
lec_degradation,51013,0.0014314380241557956,err2,dense,0.9,5,22,0.5,0.26585566997528076,,
mec_degradation,51013,0.0014314380241557956,err2,dense,0.9,5,22,,,0.02,0.5
lec_degradation,51013,0.0014314380241557956,err2,dense,0.9,6,22,0.5,0.26585566997528076,,
mec_degradation,51013,0.0014314380241557956,err2,dense,0.9,6,22,,,0.02,0.5
lec_degradation,51013,0.0014314380241557956,err2,dense,0.9,7,22,0.5,0.26585566997528076,,
mec_degradation,51013,0.0014314380241557956,err2,dense,0.9,7,22,,,0.02,0.5
lec_degradation,51013,0.0014314380241557956,err2,dense,0.9,8,22,0.5,0.26585566997528076,,
mec_degradation,51013,0.0014314380241557956,err2,dense,0.9,8,22,,,0.02,0.5
lec_degradation,51013,0.0014314380241557956,err2,dense,0.9,9,22,0.5,0.26585566997528076,,
mec_degradation,51013,0.0014314380241557956,err2,dense,0.9,9,22,,,0.02,0.5
lec_degradation,51013,0.0014314380241557956,err2,dense,0.9,10,22,0.5,0.26585566997528076,,
mec_degradation,51013,0.0014314380241557956,err2,dense,0.9,10,22,,,0.02,0.5
lec_degradation,51013,0.0014314380241557956,err2,dense,0.9,11,22,0.5,0.26585566997528076,,
mec_degradation,51013,0.0014314380241557956,err2,dense,0.9,11,22,,,0.02,0.5
lec_degradation,51014,0.0013113217428326607,base,normal,0.0,0,0,1.0,0.6968767642974854,,
mec_degradation,51014,0.0013113217428326607,base,normal,0.0,0,0,,,0.18,1.0
lec_degradation,51014,0.0013113217428326607,base,normal,0.0,1,0,1.0,0.6968767642974854,,
mec_degradation,51014,0.0013113217428326607,base,normal,0.0,1,0,,,0.18,1.0
lec_degradation,51014,0.0013113217428326607,base,normal,0.0,2,0,1.0,0.6968767642974854,,
mec_degradation,51014,0.0013113217428326607,base,normal,0.0,2,0,,,0.18,1.0
lec_degradation,51014,0.0013113217428326607,base,normal,0.0,3,0,1.0,0.6968767642974854,,
mec_degradation,51014,0.0013113217428326607,base,normal,0.0,3,0,,,0.18,1.0
lec_degradation,51014,0.0013113217428326607,base,normal,0.0,4,0,1.0,0.6968767642974854,,
mec_degradation,51014,0.0013113217428326607,base,normal,0.0,4,0,,,0.18,1.0
lec_degradation,51014,0.0013113217428326607,base,normal,0.0,5,0,1.0,0.6968767642974854,,
mec_degradation,51014,0.0013113217428326607,base,normal,0.0,5,0,,,0.18,1.0
lec_degradation,51014,0.0013113217428326607,base,normal,0.0,6,0,1.0,0.6968767642974854,,
mec_degradation,51014,0.0013113217428326607,base,normal,0.0,6,0,,,0.18,1.0
lec_degradation,51014,0.0013113217428326607,base,normal,0.0,7,0,1.0,0.6968767642974854,,
mec_degradation,51014,0.0013113217428326607,base,normal,0.0,7,0,,,0.18,1.0
lec_degradation,51014,0.0013113217428326607,base,normal,0.0,8,0,1.0,0.6968767642974854,,
mec_degradation,51014,0.0013113217428326607,base,normal,0.0,8,0,,,0.18,1.0
lec_degradation,51014,0.0013113217428326607,base,normal,0.0,9,0,1.0,0.6968767642974854,,
mec_degradation,51014,0.0013113217428326607,base,normal,0.0,9,0,,,0.18,1.0
lec_degradation,51014,0.0013113217428326607,base,normal,0.0,10,0,1.0,0.6968767642974854,,
mec_degradation,51014,0.0013113217428326607,base,normal,0.0,10,0,,,0.18,1.0
lec_degradation,51014,0.0013113217428326607,base,normal,0.0,11,0,1.0,0.6968767642974854,,
mec_degradation,51014,0.0013113217428326607,base,normal,0.0,11,0,,,0.18,1.0
lec_degradation,51014,0.0013113217428326607,base,normal,0.25,0,6,1.0,0.7082571387290955,,
mec_degradation,51014,0.0013113217428326607,base,normal,0.25,0,6,,,0.12,1.0
lec_degradation,51014,0.0013113217428326607,base,normal,0.25,1,6,1.0,0.7213808298110962,,
mec_degradation,51014,0.0013113217428326607,base,normal,0.25,1,6,,,0.06,1.0
lec_degradation,51014,0.0013113217428326607,base,normal,0.25,2,6,1.0,0.6938915252685547,,
mec_degradation,51014,0.0013113217428326607,base,normal,0.25,2,6,,,0.12,1.0
lec_degradation,51014,0.0013113217428326607,base,normal,0.25,3,6,1.0,0.6989874839782715,,
mec_degradation,51014,0.0013113217428326607,base,normal,0.25,3,6,,,0.18,1.0
lec_degradation,51014,0.0013113217428326607,base,normal,0.25,4,6,1.0,0.689228355884552,,
mec_degradation,51014,0.0013113217428326607,base,normal,0.25,4,6,,,0.12,1.0
lec_degradation,51014,0.0013113217428326607,base,normal,0.25,5,6,1.0,0.711191713809967,,
mec_degradation,51014,0.0013113217428326607,base,normal,0.25,5,6,,,0.12,1.0
lec_degradation,51014,0.0013113217428326607,base,normal,0.25,6,6,1.0,0.6728214025497437,,
mec_degradation,51014,0.0013113217428326607,base,normal,0.25,6,6,,,0.12,1.0
lec_degradation,51014,0.0013113217428326607,base,normal,0.25,7,6,1.0,0.7096765637397766,,
mec_degradation,51014,0.0013113217428326607,base,normal,0.25,7,6,,,0.18,1.0
lec_degradation,51014,0.0013113217428326607,base,normal,0.25,8,6,1.0,0.7348945736885071,,
mec_degradation,51014,0.0013113217428326607,base,normal,0.25,8,6,,,0.16,1.0
lec_degradation,51014,0.0013113217428326607,base,normal,0.25,9,6,1.0,0.6866198182106018,,
mec_degradation,51014,0.0013113217428326607,base,normal,0.25,9,6,,,0.1,1.0
lec_degradation,51014,0.0013113217428326607,base,normal,0.25,10,6,1.0,0.7359395623207092,,
mec_degradation,51014,0.0013113217428326607,base,normal,0.25,10,6,,,0.14,1.0
lec_degradation,51014,0.0013113217428326607,base,normal,0.25,11,6,1.0,0.7038712501525879,,
mec_degradation,51014,0.0013113217428326607,base,normal,0.25,11,6,,,0.14,1.0
lec_degradation,51014,0.0013113217428326607,base,normal,0.5,0,12,1.0,0.732130229473114,,
mec_degradation,51014,0.0013113217428326607,base,normal,0.5,0,12,,,0.08,1.0
lec_degradation,51014,0.0013113217428326607,base,normal,0.5,1,12,1.0,0.7048797607421875,,
mec_degradation,51014,0.0013113217428326607,base,normal,0.5,1,12,,,0.06,1.0
lec_degradation,51014,0.0013113217428326607,base,normal,0.5,2,12,1.0,0.7395108938217163,,
mec_degradation,51014,0.0013113217428326607,base,normal,0.5,2,12,,,0.08,1.0
lec_degradation,51014,0.0013113217428326607,base,normal,0.5,3,12,1.0,0.7606143355369568,,
mec_degradation,51014,0.0013113217428326607,base,normal,0.5,3,12,,,0.18,1.0
lec_degradation,51014,0.0013113217428326607,base,normal,0.5,4,12,1.0,0.7312710285186768,,
mec_degradation,51014,0.0013113217428326607,base,normal,0.5,4,12,,,0.16,1.0
lec_degradation,51014,0.0013113217428326607,base,normal,0.5,5,12,1.0,0.721916913986206,,
mec_degradation,51014,0.0013113217428326607,base,normal,0.5,5,12,,,0.1,1.0
lec_degradation,51014,0.0013113217428326607,base,normal,0.5,6,12,1.0,0.7417591214179993,,
mec_degradation,51014,0.0013113217428326607,base,normal,0.5,6,12,,,0.12,1.0
lec_degradation,51014,0.0013113217428326607,base,normal,0.5,7,12,1.0,0.6916294097900391,,
mec_degradation,51014,0.0013113217428326607,base,normal,0.5,7,12,,,0.08,1.0
lec_degradation,51014,0.0013113217428326607,base,normal,0.5,8,12,1.0,0.7529694437980652,,
mec_degradation,51014,0.0013113217428326607,base,normal,0.5,8,12,,,0.16,1.0
lec_degradation,51014,0.0013113217428326607,base,normal,0.5,9,12,1.0,0.7521287798881531,,
mec_degradation,51014,0.0013113217428326607,base,normal,0.5,9,12,,,0.12,1.0
lec_degradation,51014,0.0013113217428326607,base,normal,0.5,10,12,1.0,0.74370276927948,,
mec_degradation,51014,0.0013113217428326607,base,normal,0.5,10,12,,,0.08,1.0
lec_degradation,51014,0.0013113217428326607,base,normal,0.5,11,12,1.0,0.7478891611099243,,
mec_degradation,51014,0.0013113217428326607,base,normal,0.5,11,12,,,0.14,1.0
lec_degradation,51014,0.0013113217428326607,base,normal,0.75,0,19,1.0,0.7133758068084717,,
mec_degradation,51014,0.0013113217428326607,base,normal,0.75,0,19,,,0.06,1.0
lec_degradation,51014,0.0013113217428326607,base,normal,0.75,1,19,1.0,0.782632052898407,,
mec_degradation,51014,0.0013113217428326607,base,normal,0.75,1,19,,,0.08,1.0
lec_degradation,51014,0.0013113217428326607,base,normal,0.75,2,19,1.0,0.7724941968917847,,
mec_degradation,51014,0.0013113217428326607,base,normal,0.75,2,19,,,0.08,1.0
lec_degradation,51014,0.0013113217428326607,base,normal,0.75,3,19,1.0,0.7386695146560669,,
mec_degradation,51014,0.0013113217428326607,base,normal,0.75,3,19,,,0.1,1.0
lec_degradation,51014,0.0013113217428326607,base,normal,0.75,4,19,1.0,0.7139949798583984,,
mec_degradation,51014,0.0013113217428326607,base,normal,0.75,4,19,,,0.08,1.0
lec_degradation,51014,0.0013113217428326607,base,normal,0.75,5,19,1.0,0.743807315826416,,
mec_degradation,51014,0.0013113217428326607,base,normal,0.75,5,19,,,0.08,1.0
lec_degradation,51014,0.0013113217428326607,base,normal,0.75,6,19,1.0,0.7078063488006592,,
mec_degradation,51014,0.0013113217428326607,base,normal,0.75,6,19,,,0.08,1.0
lec_degradation,51014,0.0013113217428326607,base,normal,0.75,7,19,0.5,0.716664731502533,,
mec_degradation,51014,0.0013113217428326607,base,normal,0.75,7,19,,,0.06,1.0
lec_degradation,51014,0.0013113217428326607,base,normal,0.75,8,19,0.5,0.7107298374176025,,
mec_degradation,51014,0.0013113217428326607,base,normal,0.75,8,19,,,0.06,1.0
lec_degradation,51014,0.0013113217428326607,base,normal,0.75,9,19,1.0,0.7454833388328552,,
mec_degradation,51014,0.0013113217428326607,base,normal,0.75,9,19,,,0.04,1.0
lec_degradation,51014,0.0013113217428326607,base,normal,0.75,10,19,1.0,0.7680544257164001,,
mec_degradation,51014,0.0013113217428326607,base,normal,0.75,10,19,,,0.1,1.0
lec_degradation,51014,0.0013113217428326607,base,normal,0.75,11,19,1.0,0.7729228734970093,,
mec_degradation,51014,0.0013113217428326607,base,normal,0.75,11,19,,,0.04,1.0
lec_degradation,51014,0.0013113217428326607,base,normal,0.9,0,22,0.5,0.7237719893455505,,
mec_degradation,51014,0.0013113217428326607,base,normal,0.9,0,22,,,0.04,1.0
lec_degradation,51014,0.0013113217428326607,base,normal,0.9,1,22,1.0,0.7310417890548706,,
mec_degradation,51014,0.0013113217428326607,base,normal,0.9,1,22,,,0.06,1.0
lec_degradation,51014,0.0013113217428326607,base,normal,0.9,2,22,1.0,0.7445841431617737,,
mec_degradation,51014,0.0013113217428326607,base,normal,0.9,2,22,,,0.06,1.0
lec_degradation,51014,0.0013113217428326607,base,normal,0.9,3,22,1.0,0.7333744168281555,,
mec_degradation,51014,0.0013113217428326607,base,normal,0.9,3,22,,,0.06,1.0
lec_degradation,51014,0.0013113217428326607,base,normal,0.9,4,22,1.0,0.7348945736885071,,
mec_degradation,51014,0.0013113217428326607,base,normal,0.9,4,22,,,0.04,1.0
lec_degradation,51014,0.0013113217428326607,base,normal,0.9,5,22,0.5,0.7362452745437622,,
mec_degradation,51014,0.0013113217428326607,base,normal,0.9,5,22,,,0.06,1.0
lec_degradation,51014,0.0013113217428326607,base,normal,0.9,6,22,0.5,0.7448244690895081,,
mec_degradation,51014,0.0013113217428326607,base,normal,0.9,6,22,,,0.06,1.0
lec_degradation,51014,0.0013113217428326607,base,normal,0.9,7,22,1.0,0.7309897541999817,,
mec_degradation,51014,0.0013113217428326607,base,normal,0.9,7,22,,,0.06,1.0
lec_degradation,51014,0.0013113217428326607,base,normal,0.9,8,22,0.5,0.7537879347801208,,
mec_degradation,51014,0.0013113217428326607,base,normal,0.9,8,22,,,0.08,1.0
lec_degradation,51014,0.0013113217428326607,base,normal,0.9,9,22,1.0,0.7523272633552551,,
mec_degradation,51014,0.0013113217428326607,base,normal,0.9,9,22,,,0.08,1.0
lec_degradation,51014,0.0013113217428326607,base,normal,0.9,10,22,0.5,0.7476430535316467,,
mec_degradation,51014,0.0013113217428326607,base,normal,0.9,10,22,,,0.04,1.0
lec_degradation,51014,0.0013113217428326607,base,normal,0.9,11,22,1.0,0.7128032445907593,,
mec_degradation,51014,0.0013113217428326607,base,normal,0.9,11,22,,,0.06,1.0
lec_degradation,51014,0.0013113217428326607,base,dense,0.0,0,0,0.5,0.11423427611589432,,
mec_degradation,51014,0.0013113217428326607,base,dense,0.0,0,0,,,0.02,0.5
lec_degradation,51014,0.0013113217428326607,base,dense,0.0,1,0,0.5,0.11423427611589432,,
mec_degradation,51014,0.0013113217428326607,base,dense,0.0,1,0,,,0.02,0.5
lec_degradation,51014,0.0013113217428326607,base,dense,0.0,2,0,0.5,0.11423427611589432,,
mec_degradation,51014,0.0013113217428326607,base,dense,0.0,2,0,,,0.02,0.5
lec_degradation,51014,0.0013113217428326607,base,dense,0.0,3,0,0.5,0.11423427611589432,,
mec_degradation,51014,0.0013113217428326607,base,dense,0.0,3,0,,,0.02,0.5
lec_degradation,51014,0.0013113217428326607,base,dense,0.0,4,0,0.5,0.11423427611589432,,
mec_degradation,51014,0.0013113217428326607,base,dense,0.0,4,0,,,0.02,0.5
lec_degradation,51014,0.0013113217428326607,base,dense,0.0,5,0,0.5,0.11423427611589432,,
mec_degradation,51014,0.0013113217428326607,base,dense,0.0,5,0,,,0.02,0.5
lec_degradation,51014,0.0013113217428326607,base,dense,0.0,6,0,0.5,0.11423427611589432,,
mec_degradation,51014,0.0013113217428326607,base,dense,0.0,6,0,,,0.02,0.5
lec_degradation,51014,0.0013113217428326607,base,dense,0.0,7,0,0.5,0.11423427611589432,,
mec_degradation,51014,0.0013113217428326607,base,dense,0.0,7,0,,,0.02,0.5
lec_degradation,51014,0.0013113217428326607,base,dense,0.0,8,0,0.5,0.11423427611589432,,
mec_degradation,51014,0.0013113217428326607,base,dense,0.0,8,0,,,0.02,0.5
lec_degradation,51014,0.0013113217428326607,base,dense,0.0,9,0,0.5,0.11423427611589432,,
mec_degradation,51014,0.0013113217428326607,base,dense,0.0,9,0,,,0.02,0.5
lec_degradation,51014,0.0013113217428326607,base,dense,0.0,10,0,0.5,0.11423427611589432,,
mec_degradation,51014,0.0013113217428326607,base,dense,0.0,10,0,,,0.02,0.5
lec_degradation,51014,0.0013113217428326607,base,dense,0.0,11,0,0.5,0.11423427611589432,,
mec_degradation,51014,0.0013113217428326607,base,dense,0.0,11,0,,,0.02,0.5
lec_degradation,51014,0.0013113217428326607,base,dense,0.25,0,6,0.5,0.11423427611589432,,
mec_degradation,51014,0.0013113217428326607,base,dense,0.25,0,6,,,0.02,0.5
lec_degradation,51014,0.0013113217428326607,base,dense,0.25,1,6,0.5,0.11423427611589432,,
mec_degradation,51014,0.0013113217428326607,base,dense,0.25,1,6,,,0.02,0.5
lec_degradation,51014,0.0013113217428326607,base,dense,0.25,2,6,0.5,0.11423427611589432,,
mec_degradation,51014,0.0013113217428326607,base,dense,0.25,2,6,,,0.02,0.5
lec_degradation,51014,0.0013113217428326607,base,dense,0.25,3,6,0.5,0.11423427611589432,,
mec_degradation,51014,0.0013113217428326607,base,dense,0.25,3,6,,,0.02,0.5
lec_degradation,51014,0.0013113217428326607,base,dense,0.25,4,6,0.5,0.11423427611589432,,
mec_degradation,51014,0.0013113217428326607,base,dense,0.25,4,6,,,0.02,0.5
lec_degradation,51014,0.0013113217428326607,base,dense,0.25,5,6,0.5,0.11423427611589432,,
mec_degradation,51014,0.0013113217428326607,base,dense,0.25,5,6,,,0.02,0.5
lec_degradation,51014,0.0013113217428326607,base,dense,0.25,6,6,0.5,0.11423427611589432,,
mec_degradation,51014,0.0013113217428326607,base,dense,0.25,6,6,,,0.02,0.5
lec_degradation,51014,0.0013113217428326607,base,dense,0.25,7,6,0.5,0.11423427611589432,,
mec_degradation,51014,0.0013113217428326607,base,dense,0.25,7,6,,,0.02,0.5
lec_degradation,51014,0.0013113217428326607,base,dense,0.25,8,6,0.5,0.11423427611589432,,
mec_degradation,51014,0.0013113217428326607,base,dense,0.25,8,6,,,0.02,0.5
lec_degradation,51014,0.0013113217428326607,base,dense,0.25,9,6,0.5,0.11423427611589432,,
mec_degradation,51014,0.0013113217428326607,base,dense,0.25,9,6,,,0.02,0.5
lec_degradation,51014,0.0013113217428326607,base,dense,0.25,10,6,0.5,0.11423427611589432,,
mec_degradation,51014,0.0013113217428326607,base,dense,0.25,10,6,,,0.02,0.5
lec_degradation,51014,0.0013113217428326607,base,dense,0.25,11,6,0.5,0.11423427611589432,,
mec_degradation,51014,0.0013113217428326607,base,dense,0.25,11,6,,,0.02,0.5
lec_degradation,51014,0.0013113217428326607,base,dense,0.5,0,12,0.5,0.11423427611589432,,
mec_degradation,51014,0.0013113217428326607,base,dense,0.5,0,12,,,0.02,0.5
lec_degradation,51014,0.0013113217428326607,base,dense,0.5,1,12,0.5,0.11423427611589432,,
mec_degradation,51014,0.0013113217428326607,base,dense,0.5,1,12,,,0.02,0.5
lec_degradation,51014,0.0013113217428326607,base,dense,0.5,2,12,0.5,0.11423427611589432,,
mec_degradation,51014,0.0013113217428326607,base,dense,0.5,2,12,,,0.02,0.5
lec_degradation,51014,0.0013113217428326607,base,dense,0.5,3,12,0.5,0.11423427611589432,,
mec_degradation,51014,0.0013113217428326607,base,dense,0.5,3,12,,,0.02,0.5
lec_degradation,51014,0.0013113217428326607,base,dense,0.5,4,12,0.5,0.11423427611589432,,
mec_degradation,51014,0.0013113217428326607,base,dense,0.5,4,12,,,0.02,0.5
lec_degradation,51014,0.0013113217428326607,base,dense,0.5,5,12,0.5,0.11423427611589432,,
mec_degradation,51014,0.0013113217428326607,base,dense,0.5,5,12,,,0.02,0.5
lec_degradation,51014,0.0013113217428326607,base,dense,0.5,6,12,0.5,0.11423427611589432,,
mec_degradation,51014,0.0013113217428326607,base,dense,0.5,6,12,,,0.02,0.5
lec_degradation,51014,0.0013113217428326607,base,dense,0.5,7,12,0.5,0.11423427611589432,,
mec_degradation,51014,0.0013113217428326607,base,dense,0.5,7,12,,,0.02,0.5
lec_degradation,51014,0.0013113217428326607,base,dense,0.5,8,12,0.5,0.11423427611589432,,
mec_degradation,51014,0.0013113217428326607,base,dense,0.5,8,12,,,0.02,0.5
lec_degradation,51014,0.0013113217428326607,base,dense,0.5,9,12,0.5,0.11423427611589432,,
mec_degradation,51014,0.0013113217428326607,base,dense,0.5,9,12,,,0.02,0.5
lec_degradation,51014,0.0013113217428326607,base,dense,0.5,10,12,0.5,0.11423427611589432,,
mec_degradation,51014,0.0013113217428326607,base,dense,0.5,10,12,,,0.02,0.5
lec_degradation,51014,0.0013113217428326607,base,dense,0.5,11,12,0.5,0.11423427611589432,,
mec_degradation,51014,0.0013113217428326607,base,dense,0.5,11,12,,,0.02,0.5
lec_degradation,51014,0.0013113217428326607,base,dense,0.75,0,19,0.5,0.11423427611589432,,
mec_degradation,51014,0.0013113217428326607,base,dense,0.75,0,19,,,0.02,0.5
lec_degradation,51014,0.0013113217428326607,base,dense,0.75,1,19,0.5,0.11423427611589432,,
mec_degradation,51014,0.0013113217428326607,base,dense,0.75,1,19,,,0.02,0.5
lec_degradation,51014,0.0013113217428326607,base,dense,0.75,2,19,0.5,0.11423427611589432,,
mec_degradation,51014,0.0013113217428326607,base,dense,0.75,2,19,,,0.02,0.5
lec_degradation,51014,0.0013113217428326607,base,dense,0.75,3,19,0.5,0.11423427611589432,,
mec_degradation,51014,0.0013113217428326607,base,dense,0.75,3,19,,,0.02,0.5
lec_degradation,51014,0.0013113217428326607,base,dense,0.75,4,19,0.5,0.11423427611589432,,
mec_degradation,51014,0.0013113217428326607,base,dense,0.75,4,19,,,0.02,0.5
lec_degradation,51014,0.0013113217428326607,base,dense,0.75,5,19,0.5,0.11423427611589432,,
mec_degradation,51014,0.0013113217428326607,base,dense,0.75,5,19,,,0.02,0.5
lec_degradation,51014,0.0013113217428326607,base,dense,0.75,6,19,0.5,0.11423427611589432,,
mec_degradation,51014,0.0013113217428326607,base,dense,0.75,6,19,,,0.02,0.5
lec_degradation,51014,0.0013113217428326607,base,dense,0.75,7,19,0.5,0.11423427611589432,,
mec_degradation,51014,0.0013113217428326607,base,dense,0.75,7,19,,,0.02,0.5
lec_degradation,51014,0.0013113217428326607,base,dense,0.75,8,19,0.5,0.11423427611589432,,
mec_degradation,51014,0.0013113217428326607,base,dense,0.75,8,19,,,0.02,0.5
lec_degradation,51014,0.0013113217428326607,base,dense,0.75,9,19,0.5,0.11423427611589432,,
mec_degradation,51014,0.0013113217428326607,base,dense,0.75,9,19,,,0.02,0.5
lec_degradation,51014,0.0013113217428326607,base,dense,0.75,10,19,0.5,0.11423427611589432,,
mec_degradation,51014,0.0013113217428326607,base,dense,0.75,10,19,,,0.02,0.5
lec_degradation,51014,0.0013113217428326607,base,dense,0.75,11,19,0.5,0.11423427611589432,,
mec_degradation,51014,0.0013113217428326607,base,dense,0.75,11,19,,,0.02,0.5
lec_degradation,51014,0.0013113217428326607,base,dense,0.9,0,22,0.5,0.11423427611589432,,
mec_degradation,51014,0.0013113217428326607,base,dense,0.9,0,22,,,0.02,0.5
lec_degradation,51014,0.0013113217428326607,base,dense,0.9,1,22,0.5,0.11423427611589432,,
mec_degradation,51014,0.0013113217428326607,base,dense,0.9,1,22,,,0.02,0.5
lec_degradation,51014,0.0013113217428326607,base,dense,0.9,2,22,0.5,0.11423427611589432,,
mec_degradation,51014,0.0013113217428326607,base,dense,0.9,2,22,,,0.02,0.5
lec_degradation,51014,0.0013113217428326607,base,dense,0.9,3,22,0.5,0.11423427611589432,,
mec_degradation,51014,0.0013113217428326607,base,dense,0.9,3,22,,,0.02,0.5
lec_degradation,51014,0.0013113217428326607,base,dense,0.9,4,22,0.5,0.11423427611589432,,
mec_degradation,51014,0.0013113217428326607,base,dense,0.9,4,22,,,0.02,0.5
lec_degradation,51014,0.0013113217428326607,base,dense,0.9,5,22,0.5,0.11423427611589432,,
mec_degradation,51014,0.0013113217428326607,base,dense,0.9,5,22,,,0.02,0.5
lec_degradation,51014,0.0013113217428326607,base,dense,0.9,6,22,0.5,0.11423427611589432,,
mec_degradation,51014,0.0013113217428326607,base,dense,0.9,6,22,,,0.02,0.5
lec_degradation,51014,0.0013113217428326607,base,dense,0.9,7,22,0.5,0.11423427611589432,,
mec_degradation,51014,0.0013113217428326607,base,dense,0.9,7,22,,,0.02,0.5
lec_degradation,51014,0.0013113217428326607,base,dense,0.9,8,22,0.5,0.11423427611589432,,
mec_degradation,51014,0.0013113217428326607,base,dense,0.9,8,22,,,0.02,0.5
lec_degradation,51014,0.0013113217428326607,base,dense,0.9,9,22,0.5,0.11423427611589432,,
mec_degradation,51014,0.0013113217428326607,base,dense,0.9,9,22,,,0.02,0.5
lec_degradation,51014,0.0013113217428326607,base,dense,0.9,10,22,0.5,0.11423427611589432,,
mec_degradation,51014,0.0013113217428326607,base,dense,0.9,10,22,,,0.02,0.5
lec_degradation,51014,0.0013113217428326607,base,dense,0.9,11,22,0.5,0.11423427611589432,,
mec_degradation,51014,0.0013113217428326607,base,dense,0.9,11,22,,,0.02,0.5
lec_degradation,51014,0.0013113217428326607,err2,normal,0.0,0,0,1.0,0.8677943348884583,,
mec_degradation,51014,0.0013113217428326607,err2,normal,0.0,0,0,,,0.54,1.0
lec_degradation,51014,0.0013113217428326607,err2,normal,0.0,1,0,1.0,0.8677943348884583,,
mec_degradation,51014,0.0013113217428326607,err2,normal,0.0,1,0,,,0.54,1.0
lec_degradation,51014,0.0013113217428326607,err2,normal,0.0,2,0,1.0,0.8677943348884583,,
mec_degradation,51014,0.0013113217428326607,err2,normal,0.0,2,0,,,0.54,1.0
lec_degradation,51014,0.0013113217428326607,err2,normal,0.0,3,0,1.0,0.8677943348884583,,
mec_degradation,51014,0.0013113217428326607,err2,normal,0.0,3,0,,,0.54,1.0
lec_degradation,51014,0.0013113217428326607,err2,normal,0.0,4,0,1.0,0.8677943348884583,,
mec_degradation,51014,0.0013113217428326607,err2,normal,0.0,4,0,,,0.54,1.0
lec_degradation,51014,0.0013113217428326607,err2,normal,0.0,5,0,1.0,0.8677943348884583,,
mec_degradation,51014,0.0013113217428326607,err2,normal,0.0,5,0,,,0.54,1.0
lec_degradation,51014,0.0013113217428326607,err2,normal,0.0,6,0,1.0,0.8677943348884583,,
mec_degradation,51014,0.0013113217428326607,err2,normal,0.0,6,0,,,0.54,1.0
lec_degradation,51014,0.0013113217428326607,err2,normal,0.0,7,0,1.0,0.8677943348884583,,
mec_degradation,51014,0.0013113217428326607,err2,normal,0.0,7,0,,,0.54,1.0
lec_degradation,51014,0.0013113217428326607,err2,normal,0.0,8,0,1.0,0.8677943348884583,,
mec_degradation,51014,0.0013113217428326607,err2,normal,0.0,8,0,,,0.54,1.0
lec_degradation,51014,0.0013113217428326607,err2,normal,0.0,9,0,1.0,0.8677943348884583,,
mec_degradation,51014,0.0013113217428326607,err2,normal,0.0,9,0,,,0.54,1.0
lec_degradation,51014,0.0013113217428326607,err2,normal,0.0,10,0,1.0,0.8677943348884583,,
mec_degradation,51014,0.0013113217428326607,err2,normal,0.0,10,0,,,0.54,1.0
lec_degradation,51014,0.0013113217428326607,err2,normal,0.0,11,0,1.0,0.8677943348884583,,
mec_degradation,51014,0.0013113217428326607,err2,normal,0.0,11,0,,,0.54,1.0
lec_degradation,51014,0.0013113217428326607,err2,normal,0.25,0,6,1.0,0.8124685883522034,,
mec_degradation,51014,0.0013113217428326607,err2,normal,0.25,0,6,,,0.34,1.0
lec_degradation,51014,0.0013113217428326607,err2,normal,0.25,1,6,1.0,0.8129570484161377,,
mec_degradation,51014,0.0013113217428326607,err2,normal,0.25,1,6,,,0.42,1.0
lec_degradation,51014,0.0013113217428326607,err2,normal,0.25,2,6,1.0,0.7552999258041382,,
mec_degradation,51014,0.0013113217428326607,err2,normal,0.25,2,6,,,0.34,1.0
lec_degradation,51014,0.0013113217428326607,err2,normal,0.25,3,6,1.0,0.83411705493927,,
mec_degradation,51014,0.0013113217428326607,err2,normal,0.25,3,6,,,0.38,1.0
lec_degradation,51014,0.0013113217428326607,err2,normal,0.25,4,6,1.0,0.8312386274337769,,
mec_degradation,51014,0.0013113217428326607,err2,normal,0.25,4,6,,,0.46,1.0
lec_degradation,51014,0.0013113217428326607,err2,normal,0.25,5,6,1.0,0.8200655579566956,,
mec_degradation,51014,0.0013113217428326607,err2,normal,0.25,5,6,,,0.34,1.0
lec_degradation,51014,0.0013113217428326607,err2,normal,0.25,6,6,1.0,0.8187692761421204,,
mec_degradation,51014,0.0013113217428326607,err2,normal,0.25,6,6,,,0.4,1.0
lec_degradation,51014,0.0013113217428326607,err2,normal,0.25,7,6,1.0,0.8238051533699036,,
mec_degradation,51014,0.0013113217428326607,err2,normal,0.25,7,6,,,0.32,1.0
lec_degradation,51014,0.0013113217428326607,err2,normal,0.25,8,6,1.0,0.8597245216369629,,
mec_degradation,51014,0.0013113217428326607,err2,normal,0.25,8,6,,,0.32,1.0
lec_degradation,51014,0.0013113217428326607,err2,normal,0.25,9,6,1.0,0.8110330700874329,,
mec_degradation,51014,0.0013113217428326607,err2,normal,0.25,9,6,,,0.34,1.0
lec_degradation,51014,0.0013113217428326607,err2,normal,0.25,10,6,1.0,0.8240966200828552,,
mec_degradation,51014,0.0013113217428326607,err2,normal,0.25,10,6,,,0.4,1.0
lec_degradation,51014,0.0013113217428326607,err2,normal,0.25,11,6,1.0,0.779242753982544,,
mec_degradation,51014,0.0013113217428326607,err2,normal,0.25,11,6,,,0.4,1.0
lec_degradation,51014,0.0013113217428326607,err2,normal,0.5,0,12,1.0,0.7140654921531677,,
mec_degradation,51014,0.0013113217428326607,err2,normal,0.5,0,12,,,0.16,1.0
lec_degradation,51014,0.0013113217428326607,err2,normal,0.5,1,12,1.0,0.7388852834701538,,
mec_degradation,51014,0.0013113217428326607,err2,normal,0.5,1,12,,,0.16,1.0
lec_degradation,51014,0.0013113217428326607,err2,normal,0.5,2,12,1.0,0.8104451894760132,,
mec_degradation,51014,0.0013113217428326607,err2,normal,0.5,2,12,,,0.22,1.0
lec_degradation,51014,0.0013113217428326607,err2,normal,0.5,3,12,1.0,0.7821369171142578,,
mec_degradation,51014,0.0013113217428326607,err2,normal,0.5,3,12,,,0.24,1.0
lec_degradation,51014,0.0013113217428326607,err2,normal,0.5,4,12,1.0,0.7911806702613831,,
mec_degradation,51014,0.0013113217428326607,err2,normal,0.5,4,12,,,0.2,1.0
lec_degradation,51014,0.0013113217428326607,err2,normal,0.5,5,12,1.0,0.7703053951263428,,
mec_degradation,51014,0.0013113217428326607,err2,normal,0.5,5,12,,,0.28,1.0
lec_degradation,51014,0.0013113217428326607,err2,normal,0.5,6,12,1.0,0.8241653442382812,,
mec_degradation,51014,0.0013113217428326607,err2,normal,0.5,6,12,,,0.22,1.0
lec_degradation,51014,0.0013113217428326607,err2,normal,0.5,7,12,1.0,0.8208719491958618,,
mec_degradation,51014,0.0013113217428326607,err2,normal,0.5,7,12,,,0.24,1.0
lec_degradation,51014,0.0013113217428326607,err2,normal,0.5,8,12,1.0,0.8109591007232666,,
mec_degradation,51014,0.0013113217428326607,err2,normal,0.5,8,12,,,0.22,1.0
lec_degradation,51014,0.0013113217428326607,err2,normal,0.5,9,12,1.0,0.7434741258621216,,
mec_degradation,51014,0.0013113217428326607,err2,normal,0.5,9,12,,,0.16,1.0
lec_degradation,51014,0.0013113217428326607,err2,normal,0.5,10,12,1.0,0.7514771223068237,,
mec_degradation,51014,0.0013113217428326607,err2,normal,0.5,10,12,,,0.16,1.0
lec_degradation,51014,0.0013113217428326607,err2,normal,0.5,11,12,0.5,0.7417499423027039,,
mec_degradation,51014,0.0013113217428326607,err2,normal,0.5,11,12,,,0.3,1.0
lec_degradation,51014,0.0013113217428326607,err2,normal,0.75,0,19,0.5,0.7158345580101013,,
mec_degradation,51014,0.0013113217428326607,err2,normal,0.75,0,19,,,0.12,1.0
lec_degradation,51014,0.0013113217428326607,err2,normal,0.75,1,19,1.0,0.7820906043052673,,
mec_degradation,51014,0.0013113217428326607,err2,normal,0.75,1,19,,,0.08,1.0
lec_degradation,51014,0.0013113217428326607,err2,normal,0.75,2,19,1.0,0.7554457783699036,,
mec_degradation,51014,0.0013113217428326607,err2,normal,0.75,2,19,,,0.12,1.0
lec_degradation,51014,0.0013113217428326607,err2,normal,0.75,3,19,0.5,0.7598625421524048,,
mec_degradation,51014,0.0013113217428326607,err2,normal,0.75,3,19,,,0.12,1.0
lec_degradation,51014,0.0013113217428326607,err2,normal,0.75,4,19,0.5,0.7496212720870972,,
mec_degradation,51014,0.0013113217428326607,err2,normal,0.75,4,19,,,0.12,1.0
lec_degradation,51014,0.0013113217428326607,err2,normal,0.75,5,19,0.5,0.7301018238067627,,
mec_degradation,51014,0.0013113217428326607,err2,normal,0.75,5,19,,,0.1,1.0
lec_degradation,51014,0.0013113217428326607,err2,normal,0.75,6,19,0.5,0.6671513915061951,,
mec_degradation,51014,0.0013113217428326607,err2,normal,0.75,6,19,,,0.12,1.0
lec_degradation,51014,0.0013113217428326607,err2,normal,0.75,7,19,0.5,0.7121579051017761,,
mec_degradation,51014,0.0013113217428326607,err2,normal,0.75,7,19,,,0.14,1.0
lec_degradation,51014,0.0013113217428326607,err2,normal,0.75,8,19,0.5,0.7127012014389038,,
mec_degradation,51014,0.0013113217428326607,err2,normal,0.75,8,19,,,0.14,1.0
lec_degradation,51014,0.0013113217428326607,err2,normal,0.75,9,19,1.0,0.717434287071228,,
mec_degradation,51014,0.0013113217428326607,err2,normal,0.75,9,19,,,0.12,1.0
lec_degradation,51014,0.0013113217428326607,err2,normal,0.75,10,19,1.0,0.7451397776603699,,
mec_degradation,51014,0.0013113217428326607,err2,normal,0.75,10,19,,,0.14,1.0
lec_degradation,51014,0.0013113217428326607,err2,normal,0.75,11,19,1.0,0.7943311333656311,,
mec_degradation,51014,0.0013113217428326607,err2,normal,0.75,11,19,,,0.04,1.0
lec_degradation,51014,0.0013113217428326607,err2,normal,0.9,0,22,1.0,0.7788902521133423,,
mec_degradation,51014,0.0013113217428326607,err2,normal,0.9,0,22,,,0.08,1.0
lec_degradation,51014,0.0013113217428326607,err2,normal,0.9,1,22,1.0,0.7805284857749939,,
mec_degradation,51014,0.0013113217428326607,err2,normal,0.9,1,22,,,0.06,1.0
lec_degradation,51014,0.0013113217428326607,err2,normal,0.9,2,22,1.0,0.7821652293205261,,
mec_degradation,51014,0.0013113217428326607,err2,normal,0.9,2,22,,,0.06,1.0
lec_degradation,51014,0.0013113217428326607,err2,normal,0.9,3,22,1.0,0.7820289134979248,,
mec_degradation,51014,0.0013113217428326607,err2,normal,0.9,3,22,,,0.08,1.0
lec_degradation,51014,0.0013113217428326607,err2,normal,0.9,4,22,1.0,0.7480815649032593,,
mec_degradation,51014,0.0013113217428326607,err2,normal,0.9,4,22,,,0.12,1.0
lec_degradation,51014,0.0013113217428326607,err2,normal,0.9,5,22,1.0,0.8011351823806763,,
mec_degradation,51014,0.0013113217428326607,err2,normal,0.9,5,22,,,0.08,1.0
lec_degradation,51014,0.0013113217428326607,err2,normal,0.9,6,22,1.0,0.7964957356452942,,
mec_degradation,51014,0.0013113217428326607,err2,normal,0.9,6,22,,,0.1,1.0
lec_degradation,51014,0.0013113217428326607,err2,normal,0.9,7,22,1.0,0.7365070581436157,,
mec_degradation,51014,0.0013113217428326607,err2,normal,0.9,7,22,,,0.1,1.0
lec_degradation,51014,0.0013113217428326607,err2,normal,0.9,8,22,1.0,0.7558636665344238,,
mec_degradation,51014,0.0013113217428326607,err2,normal,0.9,8,22,,,0.08,1.0
lec_degradation,51014,0.0013113217428326607,err2,normal,0.9,9,22,0.5,0.7532526254653931,,
mec_degradation,51014,0.0013113217428326607,err2,normal,0.9,9,22,,,0.08,1.0
lec_degradation,51014,0.0013113217428326607,err2,normal,0.9,10,22,1.0,0.7697837352752686,,
mec_degradation,51014,0.0013113217428326607,err2,normal,0.9,10,22,,,0.1,1.0
lec_degradation,51014,0.0013113217428326607,err2,normal,0.9,11,22,0.5,0.7326226234436035,,
mec_degradation,51014,0.0013113217428326607,err2,normal,0.9,11,22,,,0.08,1.0
lec_degradation,51014,0.0013113217428326607,err2,dense,0.0,0,0,0.5,0.30806416273117065,,
mec_degradation,51014,0.0013113217428326607,err2,dense,0.0,0,0,,,0.02,0.5
lec_degradation,51014,0.0013113217428326607,err2,dense,0.0,1,0,0.5,0.30806416273117065,,
mec_degradation,51014,0.0013113217428326607,err2,dense,0.0,1,0,,,0.02,0.5
lec_degradation,51014,0.0013113217428326607,err2,dense,0.0,2,0,0.5,0.30806416273117065,,
mec_degradation,51014,0.0013113217428326607,err2,dense,0.0,2,0,,,0.02,0.5
lec_degradation,51014,0.0013113217428326607,err2,dense,0.0,3,0,0.5,0.30806416273117065,,
mec_degradation,51014,0.0013113217428326607,err2,dense,0.0,3,0,,,0.02,0.5
lec_degradation,51014,0.0013113217428326607,err2,dense,0.0,4,0,0.5,0.30806416273117065,,
mec_degradation,51014,0.0013113217428326607,err2,dense,0.0,4,0,,,0.02,0.5
lec_degradation,51014,0.0013113217428326607,err2,dense,0.0,5,0,0.5,0.30806416273117065,,
mec_degradation,51014,0.0013113217428326607,err2,dense,0.0,5,0,,,0.02,0.5
lec_degradation,51014,0.0013113217428326607,err2,dense,0.0,6,0,0.5,0.30806416273117065,,
mec_degradation,51014,0.0013113217428326607,err2,dense,0.0,6,0,,,0.02,0.5
lec_degradation,51014,0.0013113217428326607,err2,dense,0.0,7,0,0.5,0.30806416273117065,,
mec_degradation,51014,0.0013113217428326607,err2,dense,0.0,7,0,,,0.02,0.5
lec_degradation,51014,0.0013113217428326607,err2,dense,0.0,8,0,0.5,0.30806416273117065,,
mec_degradation,51014,0.0013113217428326607,err2,dense,0.0,8,0,,,0.02,0.5
lec_degradation,51014,0.0013113217428326607,err2,dense,0.0,9,0,0.5,0.30806416273117065,,
mec_degradation,51014,0.0013113217428326607,err2,dense,0.0,9,0,,,0.02,0.5
lec_degradation,51014,0.0013113217428326607,err2,dense,0.0,10,0,0.5,0.30806416273117065,,
mec_degradation,51014,0.0013113217428326607,err2,dense,0.0,10,0,,,0.02,0.5
lec_degradation,51014,0.0013113217428326607,err2,dense,0.0,11,0,0.5,0.30806416273117065,,
mec_degradation,51014,0.0013113217428326607,err2,dense,0.0,11,0,,,0.02,0.5
lec_degradation,51014,0.0013113217428326607,err2,dense,0.25,0,6,0.5,0.30806416273117065,,
mec_degradation,51014,0.0013113217428326607,err2,dense,0.25,0,6,,,0.02,0.5
lec_degradation,51014,0.0013113217428326607,err2,dense,0.25,1,6,0.5,0.30806416273117065,,
mec_degradation,51014,0.0013113217428326607,err2,dense,0.25,1,6,,,0.02,0.5
lec_degradation,51014,0.0013113217428326607,err2,dense,0.25,2,6,0.5,0.30806416273117065,,
mec_degradation,51014,0.0013113217428326607,err2,dense,0.25,2,6,,,0.02,0.5
lec_degradation,51014,0.0013113217428326607,err2,dense,0.25,3,6,0.5,0.30806416273117065,,
mec_degradation,51014,0.0013113217428326607,err2,dense,0.25,3,6,,,0.02,0.5
lec_degradation,51014,0.0013113217428326607,err2,dense,0.25,4,6,0.5,0.30806416273117065,,
mec_degradation,51014,0.0013113217428326607,err2,dense,0.25,4,6,,,0.02,0.5
lec_degradation,51014,0.0013113217428326607,err2,dense,0.25,5,6,0.5,0.30806416273117065,,
mec_degradation,51014,0.0013113217428326607,err2,dense,0.25,5,6,,,0.02,0.5
lec_degradation,51014,0.0013113217428326607,err2,dense,0.25,6,6,0.5,0.30806416273117065,,
mec_degradation,51014,0.0013113217428326607,err2,dense,0.25,6,6,,,0.02,0.5
lec_degradation,51014,0.0013113217428326607,err2,dense,0.25,7,6,0.5,0.30806416273117065,,
mec_degradation,51014,0.0013113217428326607,err2,dense,0.25,7,6,,,0.02,0.5
lec_degradation,51014,0.0013113217428326607,err2,dense,0.25,8,6,0.5,0.30806416273117065,,
mec_degradation,51014,0.0013113217428326607,err2,dense,0.25,8,6,,,0.02,0.5
lec_degradation,51014,0.0013113217428326607,err2,dense,0.25,9,6,0.5,0.30806416273117065,,
mec_degradation,51014,0.0013113217428326607,err2,dense,0.25,9,6,,,0.02,0.5
lec_degradation,51014,0.0013113217428326607,err2,dense,0.25,10,6,0.5,0.30806416273117065,,
mec_degradation,51014,0.0013113217428326607,err2,dense,0.25,10,6,,,0.02,0.5
lec_degradation,51014,0.0013113217428326607,err2,dense,0.25,11,6,0.5,0.30806416273117065,,
mec_degradation,51014,0.0013113217428326607,err2,dense,0.25,11,6,,,0.02,0.5
lec_degradation,51014,0.0013113217428326607,err2,dense,0.5,0,12,0.5,0.30806416273117065,,
mec_degradation,51014,0.0013113217428326607,err2,dense,0.5,0,12,,,0.02,0.5
lec_degradation,51014,0.0013113217428326607,err2,dense,0.5,1,12,0.5,0.30806416273117065,,
mec_degradation,51014,0.0013113217428326607,err2,dense,0.5,1,12,,,0.02,0.5
lec_degradation,51014,0.0013113217428326607,err2,dense,0.5,2,12,0.5,0.30806416273117065,,
mec_degradation,51014,0.0013113217428326607,err2,dense,0.5,2,12,,,0.02,0.5
lec_degradation,51014,0.0013113217428326607,err2,dense,0.5,3,12,0.5,0.30806416273117065,,
mec_degradation,51014,0.0013113217428326607,err2,dense,0.5,3,12,,,0.02,0.5
lec_degradation,51014,0.0013113217428326607,err2,dense,0.5,4,12,0.5,0.30806416273117065,,
mec_degradation,51014,0.0013113217428326607,err2,dense,0.5,4,12,,,0.02,0.5
lec_degradation,51014,0.0013113217428326607,err2,dense,0.5,5,12,0.5,0.30806416273117065,,
mec_degradation,51014,0.0013113217428326607,err2,dense,0.5,5,12,,,0.02,0.5
lec_degradation,51014,0.0013113217428326607,err2,dense,0.5,6,12,0.5,0.30806416273117065,,
mec_degradation,51014,0.0013113217428326607,err2,dense,0.5,6,12,,,0.02,0.5
lec_degradation,51014,0.0013113217428326607,err2,dense,0.5,7,12,0.5,0.30806416273117065,,
mec_degradation,51014,0.0013113217428326607,err2,dense,0.5,7,12,,,0.02,0.5
lec_degradation,51014,0.0013113217428326607,err2,dense,0.5,8,12,0.5,0.30806416273117065,,
mec_degradation,51014,0.0013113217428326607,err2,dense,0.5,8,12,,,0.02,0.5
lec_degradation,51014,0.0013113217428326607,err2,dense,0.5,9,12,0.5,0.30806416273117065,,
mec_degradation,51014,0.0013113217428326607,err2,dense,0.5,9,12,,,0.02,0.5
lec_degradation,51014,0.0013113217428326607,err2,dense,0.5,10,12,0.5,0.30806416273117065,,
mec_degradation,51014,0.0013113217428326607,err2,dense,0.5,10,12,,,0.02,0.5
lec_degradation,51014,0.0013113217428326607,err2,dense,0.5,11,12,0.5,0.30806416273117065,,
mec_degradation,51014,0.0013113217428326607,err2,dense,0.5,11,12,,,0.02,0.5
lec_degradation,51014,0.0013113217428326607,err2,dense,0.75,0,19,0.5,0.30806416273117065,,
mec_degradation,51014,0.0013113217428326607,err2,dense,0.75,0,19,,,0.02,0.5
lec_degradation,51014,0.0013113217428326607,err2,dense,0.75,1,19,0.5,0.30806416273117065,,
mec_degradation,51014,0.0013113217428326607,err2,dense,0.75,1,19,,,0.02,0.5
lec_degradation,51014,0.0013113217428326607,err2,dense,0.75,2,19,0.5,0.30806416273117065,,
mec_degradation,51014,0.0013113217428326607,err2,dense,0.75,2,19,,,0.02,0.5
lec_degradation,51014,0.0013113217428326607,err2,dense,0.75,3,19,0.5,0.30806416273117065,,
mec_degradation,51014,0.0013113217428326607,err2,dense,0.75,3,19,,,0.02,0.5
lec_degradation,51014,0.0013113217428326607,err2,dense,0.75,4,19,0.5,0.30806416273117065,,
mec_degradation,51014,0.0013113217428326607,err2,dense,0.75,4,19,,,0.02,0.5
lec_degradation,51014,0.0013113217428326607,err2,dense,0.75,5,19,0.5,0.30806416273117065,,
mec_degradation,51014,0.0013113217428326607,err2,dense,0.75,5,19,,,0.02,0.5
lec_degradation,51014,0.0013113217428326607,err2,dense,0.75,6,19,0.5,0.30806416273117065,,
mec_degradation,51014,0.0013113217428326607,err2,dense,0.75,6,19,,,0.02,0.5
lec_degradation,51014,0.0013113217428326607,err2,dense,0.75,7,19,0.5,0.30806416273117065,,
mec_degradation,51014,0.0013113217428326607,err2,dense,0.75,7,19,,,0.02,0.5
lec_degradation,51014,0.0013113217428326607,err2,dense,0.75,8,19,0.5,0.30806416273117065,,
mec_degradation,51014,0.0013113217428326607,err2,dense,0.75,8,19,,,0.02,0.5
lec_degradation,51014,0.0013113217428326607,err2,dense,0.75,9,19,0.5,0.30806416273117065,,
mec_degradation,51014,0.0013113217428326607,err2,dense,0.75,9,19,,,0.02,0.5
lec_degradation,51014,0.0013113217428326607,err2,dense,0.75,10,19,0.5,0.30806416273117065,,
mec_degradation,51014,0.0013113217428326607,err2,dense,0.75,10,19,,,0.02,0.5
lec_degradation,51014,0.0013113217428326607,err2,dense,0.75,11,19,0.5,0.30806416273117065,,
mec_degradation,51014,0.0013113217428326607,err2,dense,0.75,11,19,,,0.02,0.5
lec_degradation,51014,0.0013113217428326607,err2,dense,0.9,0,22,0.5,0.30806416273117065,,
mec_degradation,51014,0.0013113217428326607,err2,dense,0.9,0,22,,,0.02,0.5
lec_degradation,51014,0.0013113217428326607,err2,dense,0.9,1,22,0.5,0.30806416273117065,,
mec_degradation,51014,0.0013113217428326607,err2,dense,0.9,1,22,,,0.02,0.5
lec_degradation,51014,0.0013113217428326607,err2,dense,0.9,2,22,0.5,0.30806416273117065,,
mec_degradation,51014,0.0013113217428326607,err2,dense,0.9,2,22,,,0.02,0.5
lec_degradation,51014,0.0013113217428326607,err2,dense,0.9,3,22,0.5,0.30806416273117065,,
mec_degradation,51014,0.0013113217428326607,err2,dense,0.9,3,22,,,0.02,0.5
lec_degradation,51014,0.0013113217428326607,err2,dense,0.9,4,22,0.5,0.30806416273117065,,
mec_degradation,51014,0.0013113217428326607,err2,dense,0.9,4,22,,,0.02,0.5
lec_degradation,51014,0.0013113217428326607,err2,dense,0.9,5,22,0.5,0.30806416273117065,,
mec_degradation,51014,0.0013113217428326607,err2,dense,0.9,5,22,,,0.02,0.5
lec_degradation,51014,0.0013113217428326607,err2,dense,0.9,6,22,0.5,0.30806416273117065,,
mec_degradation,51014,0.0013113217428326607,err2,dense,0.9,6,22,,,0.02,0.5
lec_degradation,51014,0.0013113217428326607,err2,dense,0.9,7,22,0.5,0.30806416273117065,,
mec_degradation,51014,0.0013113217428326607,err2,dense,0.9,7,22,,,0.02,0.5
lec_degradation,51014,0.0013113217428326607,err2,dense,0.9,8,22,0.5,0.30806416273117065,,
mec_degradation,51014,0.0013113217428326607,err2,dense,0.9,8,22,,,0.02,0.5
lec_degradation,51014,0.0013113217428326607,err2,dense,0.9,9,22,0.5,0.30806416273117065,,
mec_degradation,51014,0.0013113217428326607,err2,dense,0.9,9,22,,,0.02,0.5
lec_degradation,51014,0.0013113217428326607,err2,dense,0.9,10,22,0.5,0.30806416273117065,,
mec_degradation,51014,0.0013113217428326607,err2,dense,0.9,10,22,,,0.02,0.5
lec_degradation,51014,0.0013113217428326607,err2,dense,0.9,11,22,0.5,0.30806416273117065,,
mec_degradation,51014,0.0013113217428326607,err2,dense,0.9,11,22,,,0.02,0.5
lec_degradation,51015,0.0006768887396901846,base,normal,0.0,0,0,1.0,0.7461054921150208,,
mec_degradation,51015,0.0006768887396901846,base,normal,0.0,0,0,,,0.12,1.0
lec_degradation,51015,0.0006768887396901846,base,normal,0.0,1,0,1.0,0.7461054921150208,,
mec_degradation,51015,0.0006768887396901846,base,normal,0.0,1,0,,,0.12,1.0
lec_degradation,51015,0.0006768887396901846,base,normal,0.0,2,0,1.0,0.7461054921150208,,
mec_degradation,51015,0.0006768887396901846,base,normal,0.0,2,0,,,0.12,1.0
lec_degradation,51015,0.0006768887396901846,base,normal,0.0,3,0,1.0,0.7461054921150208,,
mec_degradation,51015,0.0006768887396901846,base,normal,0.0,3,0,,,0.12,1.0
lec_degradation,51015,0.0006768887396901846,base,normal,0.0,4,0,1.0,0.7461054921150208,,
mec_degradation,51015,0.0006768887396901846,base,normal,0.0,4,0,,,0.12,1.0
lec_degradation,51015,0.0006768887396901846,base,normal,0.0,5,0,1.0,0.7461054921150208,,
mec_degradation,51015,0.0006768887396901846,base,normal,0.0,5,0,,,0.12,1.0
lec_degradation,51015,0.0006768887396901846,base,normal,0.0,6,0,1.0,0.7461054921150208,,
mec_degradation,51015,0.0006768887396901846,base,normal,0.0,6,0,,,0.12,1.0
lec_degradation,51015,0.0006768887396901846,base,normal,0.0,7,0,1.0,0.7461054921150208,,
mec_degradation,51015,0.0006768887396901846,base,normal,0.0,7,0,,,0.12,1.0
lec_degradation,51015,0.0006768887396901846,base,normal,0.0,8,0,1.0,0.7461054921150208,,
mec_degradation,51015,0.0006768887396901846,base,normal,0.0,8,0,,,0.12,1.0
lec_degradation,51015,0.0006768887396901846,base,normal,0.0,9,0,1.0,0.7461054921150208,,
mec_degradation,51015,0.0006768887396901846,base,normal,0.0,9,0,,,0.12,1.0
lec_degradation,51015,0.0006768887396901846,base,normal,0.0,10,0,1.0,0.7461054921150208,,
mec_degradation,51015,0.0006768887396901846,base,normal,0.0,10,0,,,0.12,1.0
lec_degradation,51015,0.0006768887396901846,base,normal,0.0,11,0,1.0,0.7461054921150208,,
mec_degradation,51015,0.0006768887396901846,base,normal,0.0,11,0,,,0.12,1.0
lec_degradation,51015,0.0006768887396901846,base,normal,0.25,0,6,1.0,0.7548155188560486,,
mec_degradation,51015,0.0006768887396901846,base,normal,0.25,0,6,,,0.18,1.0
lec_degradation,51015,0.0006768887396901846,base,normal,0.25,1,6,1.0,0.7740015983581543,,
mec_degradation,51015,0.0006768887396901846,base,normal,0.25,1,6,,,0.16,1.0
lec_degradation,51015,0.0006768887396901846,base,normal,0.25,2,6,1.0,0.7616451978683472,,
mec_degradation,51015,0.0006768887396901846,base,normal,0.25,2,6,,,0.14,1.0
lec_degradation,51015,0.0006768887396901846,base,normal,0.25,3,6,1.0,0.7760592103004456,,
mec_degradation,51015,0.0006768887396901846,base,normal,0.25,3,6,,,0.16,1.0
lec_degradation,51015,0.0006768887396901846,base,normal,0.25,4,6,1.0,0.760602593421936,,
mec_degradation,51015,0.0006768887396901846,base,normal,0.25,4,6,,,0.16,1.0
lec_degradation,51015,0.0006768887396901846,base,normal,0.25,5,6,1.0,0.7501552700996399,,
mec_degradation,51015,0.0006768887396901846,base,normal,0.25,5,6,,,0.12,1.0
lec_degradation,51015,0.0006768887396901846,base,normal,0.25,6,6,1.0,0.7281690835952759,,
mec_degradation,51015,0.0006768887396901846,base,normal,0.25,6,6,,,0.22,1.0
lec_degradation,51015,0.0006768887396901846,base,normal,0.25,7,6,1.0,0.7587934732437134,,
mec_degradation,51015,0.0006768887396901846,base,normal,0.25,7,6,,,0.14,1.0
lec_degradation,51015,0.0006768887396901846,base,normal,0.25,8,6,1.0,0.7734690308570862,,
mec_degradation,51015,0.0006768887396901846,base,normal,0.25,8,6,,,0.12,1.0
lec_degradation,51015,0.0006768887396901846,base,normal,0.25,9,6,1.0,0.7661735415458679,,
mec_degradation,51015,0.0006768887396901846,base,normal,0.25,9,6,,,0.1,1.0
lec_degradation,51015,0.0006768887396901846,base,normal,0.25,10,6,1.0,0.7508886456489563,,
mec_degradation,51015,0.0006768887396901846,base,normal,0.25,10,6,,,0.22,1.0
lec_degradation,51015,0.0006768887396901846,base,normal,0.25,11,6,1.0,0.7552830576896667,,
mec_degradation,51015,0.0006768887396901846,base,normal,0.25,11,6,,,0.12,1.0
lec_degradation,51015,0.0006768887396901846,base,normal,0.5,0,12,1.0,0.767856776714325,,
mec_degradation,51015,0.0006768887396901846,base,normal,0.5,0,12,,,0.12,1.0
lec_degradation,51015,0.0006768887396901846,base,normal,0.5,1,12,1.0,0.7714593410491943,,
mec_degradation,51015,0.0006768887396901846,base,normal,0.5,1,12,,,0.1,1.0
lec_degradation,51015,0.0006768887396901846,base,normal,0.5,2,12,1.0,0.7748186588287354,,
mec_degradation,51015,0.0006768887396901846,base,normal,0.5,2,12,,,0.22,1.0
lec_degradation,51015,0.0006768887396901846,base,normal,0.5,3,12,1.0,0.7915248870849609,,
mec_degradation,51015,0.0006768887396901846,base,normal,0.5,3,12,,,0.16,1.0
lec_degradation,51015,0.0006768887396901846,base,normal,0.5,4,12,1.0,0.7752872705459595,,
mec_degradation,51015,0.0006768887396901846,base,normal,0.5,4,12,,,0.12,1.0
lec_degradation,51015,0.0006768887396901846,base,normal,0.5,5,12,1.0,0.781961977481842,,
mec_degradation,51015,0.0006768887396901846,base,normal,0.5,5,12,,,0.12,1.0
lec_degradation,51015,0.0006768887396901846,base,normal,0.5,6,12,1.0,0.7570769786834717,,
mec_degradation,51015,0.0006768887396901846,base,normal,0.5,6,12,,,0.12,1.0
lec_degradation,51015,0.0006768887396901846,base,normal,0.5,7,12,1.0,0.7593048214912415,,
mec_degradation,51015,0.0006768887396901846,base,normal,0.5,7,12,,,0.14,1.0
lec_degradation,51015,0.0006768887396901846,base,normal,0.5,8,12,1.0,0.7646651268005371,,
mec_degradation,51015,0.0006768887396901846,base,normal,0.5,8,12,,,0.14,1.0
lec_degradation,51015,0.0006768887396901846,base,normal,0.5,9,12,1.0,0.7776164412498474,,
mec_degradation,51015,0.0006768887396901846,base,normal,0.5,9,12,,,0.12,1.0
lec_degradation,51015,0.0006768887396901846,base,normal,0.5,10,12,1.0,0.7804768085479736,,
mec_degradation,51015,0.0006768887396901846,base,normal,0.5,10,12,,,0.12,1.0
lec_degradation,51015,0.0006768887396901846,base,normal,0.5,11,12,1.0,0.7831006646156311,,
mec_degradation,51015,0.0006768887396901846,base,normal,0.5,11,12,,,0.12,1.0
lec_degradation,51015,0.0006768887396901846,base,normal,0.75,0,19,1.0,0.7498350739479065,,
mec_degradation,51015,0.0006768887396901846,base,normal,0.75,0,19,,,0.08,1.0
lec_degradation,51015,0.0006768887396901846,base,normal,0.75,1,19,1.0,0.765595555305481,,
mec_degradation,51015,0.0006768887396901846,base,normal,0.75,1,19,,,0.1,1.0
lec_degradation,51015,0.0006768887396901846,base,normal,0.75,2,19,1.0,0.7190067172050476,,
mec_degradation,51015,0.0006768887396901846,base,normal,0.75,2,19,,,0.12,1.0
lec_degradation,51015,0.0006768887396901846,base,normal,0.75,3,19,1.0,0.7323176860809326,,
mec_degradation,51015,0.0006768887396901846,base,normal,0.75,3,19,,,0.06,1.0
lec_degradation,51015,0.0006768887396901846,base,normal,0.75,4,19,1.0,0.7663438320159912,,
mec_degradation,51015,0.0006768887396901846,base,normal,0.75,4,19,,,0.08,1.0
lec_degradation,51015,0.0006768887396901846,base,normal,0.75,5,19,1.0,0.7057835459709167,,
mec_degradation,51015,0.0006768887396901846,base,normal,0.75,5,19,,,0.08,1.0
lec_degradation,51015,0.0006768887396901846,base,normal,0.75,6,19,1.0,0.7612389922142029,,
mec_degradation,51015,0.0006768887396901846,base,normal,0.75,6,19,,,0.08,1.0
lec_degradation,51015,0.0006768887396901846,base,normal,0.75,7,19,1.0,0.7497360110282898,,
mec_degradation,51015,0.0006768887396901846,base,normal,0.75,7,19,,,0.12,1.0
lec_degradation,51015,0.0006768887396901846,base,normal,0.75,8,19,1.0,0.7338476777076721,,
mec_degradation,51015,0.0006768887396901846,base,normal,0.75,8,19,,,0.08,1.0
lec_degradation,51015,0.0006768887396901846,base,normal,0.75,9,19,1.0,0.7566184401512146,,
mec_degradation,51015,0.0006768887396901846,base,normal,0.75,9,19,,,0.06,1.0
lec_degradation,51015,0.0006768887396901846,base,normal,0.75,10,19,1.0,0.6988361477851868,,
mec_degradation,51015,0.0006768887396901846,base,normal,0.75,10,19,,,0.08,1.0
lec_degradation,51015,0.0006768887396901846,base,normal,0.75,11,19,1.0,0.729898989200592,,
mec_degradation,51015,0.0006768887396901846,base,normal,0.75,11,19,,,0.14,1.0
lec_degradation,51015,0.0006768887396901846,base,normal,0.9,0,22,1.0,0.7499638199806213,,
mec_degradation,51015,0.0006768887396901846,base,normal,0.9,0,22,,,0.1,1.0
lec_degradation,51015,0.0006768887396901846,base,normal,0.9,1,22,1.0,0.7532179355621338,,
mec_degradation,51015,0.0006768887396901846,base,normal,0.9,1,22,,,0.12,1.0
lec_degradation,51015,0.0006768887396901846,base,normal,0.9,2,22,1.0,0.7025938630104065,,
mec_degradation,51015,0.0006768887396901846,base,normal,0.9,2,22,,,0.06,1.0
lec_degradation,51015,0.0006768887396901846,base,normal,0.9,3,22,1.0,0.6710003614425659,,
mec_degradation,51015,0.0006768887396901846,base,normal,0.9,3,22,,,0.08,1.0
lec_degradation,51015,0.0006768887396901846,base,normal,0.9,4,22,1.0,0.736349880695343,,
mec_degradation,51015,0.0006768887396901846,base,normal,0.9,4,22,,,0.06,1.0
lec_degradation,51015,0.0006768887396901846,base,normal,0.9,5,22,1.0,0.7110263109207153,,
mec_degradation,51015,0.0006768887396901846,base,normal,0.9,5,22,,,0.06,1.0
lec_degradation,51015,0.0006768887396901846,base,normal,0.9,6,22,1.0,0.7284793257713318,,
mec_degradation,51015,0.0006768887396901846,base,normal,0.9,6,22,,,0.1,1.0
lec_degradation,51015,0.0006768887396901846,base,normal,0.9,7,22,1.0,0.711732029914856,,
mec_degradation,51015,0.0006768887396901846,base,normal,0.9,7,22,,,0.04,1.0
lec_degradation,51015,0.0006768887396901846,base,normal,0.9,8,22,1.0,0.7064273357391357,,
mec_degradation,51015,0.0006768887396901846,base,normal,0.9,8,22,,,0.1,1.0
lec_degradation,51015,0.0006768887396901846,base,normal,0.9,9,22,1.0,0.727537989616394,,
mec_degradation,51015,0.0006768887396901846,base,normal,0.9,9,22,,,0.06,1.0
lec_degradation,51015,0.0006768887396901846,base,normal,0.9,10,22,1.0,0.7397315502166748,,
mec_degradation,51015,0.0006768887396901846,base,normal,0.9,10,22,,,0.08,1.0
lec_degradation,51015,0.0006768887396901846,base,normal,0.9,11,22,1.0,0.6989204287528992,,
mec_degradation,51015,0.0006768887396901846,base,normal,0.9,11,22,,,0.08,1.0
lec_degradation,51015,0.0006768887396901846,base,dense,0.0,0,0,0.5,0.16789111495018005,,
mec_degradation,51015,0.0006768887396901846,base,dense,0.0,0,0,,,0.02,0.5
lec_degradation,51015,0.0006768887396901846,base,dense,0.0,1,0,0.5,0.16789111495018005,,
mec_degradation,51015,0.0006768887396901846,base,dense,0.0,1,0,,,0.02,0.5
lec_degradation,51015,0.0006768887396901846,base,dense,0.0,2,0,0.5,0.16789111495018005,,
mec_degradation,51015,0.0006768887396901846,base,dense,0.0,2,0,,,0.02,0.5
lec_degradation,51015,0.0006768887396901846,base,dense,0.0,3,0,0.5,0.16789111495018005,,
mec_degradation,51015,0.0006768887396901846,base,dense,0.0,3,0,,,0.02,0.5
lec_degradation,51015,0.0006768887396901846,base,dense,0.0,4,0,0.5,0.16789111495018005,,
mec_degradation,51015,0.0006768887396901846,base,dense,0.0,4,0,,,0.02,0.5
lec_degradation,51015,0.0006768887396901846,base,dense,0.0,5,0,0.5,0.16789111495018005,,
mec_degradation,51015,0.0006768887396901846,base,dense,0.0,5,0,,,0.02,0.5
lec_degradation,51015,0.0006768887396901846,base,dense,0.0,6,0,0.5,0.16789111495018005,,
mec_degradation,51015,0.0006768887396901846,base,dense,0.0,6,0,,,0.02,0.5
lec_degradation,51015,0.0006768887396901846,base,dense,0.0,7,0,0.5,0.16789111495018005,,
mec_degradation,51015,0.0006768887396901846,base,dense,0.0,7,0,,,0.02,0.5
lec_degradation,51015,0.0006768887396901846,base,dense,0.0,8,0,0.5,0.16789111495018005,,
mec_degradation,51015,0.0006768887396901846,base,dense,0.0,8,0,,,0.02,0.5
lec_degradation,51015,0.0006768887396901846,base,dense,0.0,9,0,0.5,0.16789111495018005,,
mec_degradation,51015,0.0006768887396901846,base,dense,0.0,9,0,,,0.02,0.5
lec_degradation,51015,0.0006768887396901846,base,dense,0.0,10,0,0.5,0.16789111495018005,,
mec_degradation,51015,0.0006768887396901846,base,dense,0.0,10,0,,,0.02,0.5
lec_degradation,51015,0.0006768887396901846,base,dense,0.0,11,0,0.5,0.16789111495018005,,
mec_degradation,51015,0.0006768887396901846,base,dense,0.0,11,0,,,0.02,0.5
lec_degradation,51015,0.0006768887396901846,base,dense,0.25,0,6,0.5,0.16789111495018005,,
mec_degradation,51015,0.0006768887396901846,base,dense,0.25,0,6,,,0.02,0.5
lec_degradation,51015,0.0006768887396901846,base,dense,0.25,1,6,0.5,0.16789111495018005,,
mec_degradation,51015,0.0006768887396901846,base,dense,0.25,1,6,,,0.02,0.5
lec_degradation,51015,0.0006768887396901846,base,dense,0.25,2,6,0.5,0.16789111495018005,,
mec_degradation,51015,0.0006768887396901846,base,dense,0.25,2,6,,,0.02,0.5
lec_degradation,51015,0.0006768887396901846,base,dense,0.25,3,6,0.5,0.16789111495018005,,
mec_degradation,51015,0.0006768887396901846,base,dense,0.25,3,6,,,0.02,0.5
lec_degradation,51015,0.0006768887396901846,base,dense,0.25,4,6,0.5,0.16789111495018005,,
mec_degradation,51015,0.0006768887396901846,base,dense,0.25,4,6,,,0.02,0.5
lec_degradation,51015,0.0006768887396901846,base,dense,0.25,5,6,0.5,0.16789111495018005,,
mec_degradation,51015,0.0006768887396901846,base,dense,0.25,5,6,,,0.02,0.5
lec_degradation,51015,0.0006768887396901846,base,dense,0.25,6,6,0.5,0.16789111495018005,,
mec_degradation,51015,0.0006768887396901846,base,dense,0.25,6,6,,,0.02,0.5
lec_degradation,51015,0.0006768887396901846,base,dense,0.25,7,6,0.5,0.16789111495018005,,
mec_degradation,51015,0.0006768887396901846,base,dense,0.25,7,6,,,0.02,0.5
lec_degradation,51015,0.0006768887396901846,base,dense,0.25,8,6,0.5,0.16789111495018005,,
mec_degradation,51015,0.0006768887396901846,base,dense,0.25,8,6,,,0.02,0.5
lec_degradation,51015,0.0006768887396901846,base,dense,0.25,9,6,0.5,0.16789111495018005,,
mec_degradation,51015,0.0006768887396901846,base,dense,0.25,9,6,,,0.02,0.5
lec_degradation,51015,0.0006768887396901846,base,dense,0.25,10,6,0.5,0.16789111495018005,,
mec_degradation,51015,0.0006768887396901846,base,dense,0.25,10,6,,,0.02,0.5
lec_degradation,51015,0.0006768887396901846,base,dense,0.25,11,6,0.5,0.16789111495018005,,
mec_degradation,51015,0.0006768887396901846,base,dense,0.25,11,6,,,0.02,0.5
lec_degradation,51015,0.0006768887396901846,base,dense,0.5,0,12,0.5,0.16789111495018005,,
mec_degradation,51015,0.0006768887396901846,base,dense,0.5,0,12,,,0.02,0.5
lec_degradation,51015,0.0006768887396901846,base,dense,0.5,1,12,0.5,0.16789111495018005,,
mec_degradation,51015,0.0006768887396901846,base,dense,0.5,1,12,,,0.02,0.5
lec_degradation,51015,0.0006768887396901846,base,dense,0.5,2,12,0.5,0.16789111495018005,,
mec_degradation,51015,0.0006768887396901846,base,dense,0.5,2,12,,,0.02,0.5
lec_degradation,51015,0.0006768887396901846,base,dense,0.5,3,12,0.5,0.16789111495018005,,
mec_degradation,51015,0.0006768887396901846,base,dense,0.5,3,12,,,0.02,0.5
lec_degradation,51015,0.0006768887396901846,base,dense,0.5,4,12,0.5,0.16789111495018005,,
mec_degradation,51015,0.0006768887396901846,base,dense,0.5,4,12,,,0.02,0.5
lec_degradation,51015,0.0006768887396901846,base,dense,0.5,5,12,0.5,0.16789111495018005,,
mec_degradation,51015,0.0006768887396901846,base,dense,0.5,5,12,,,0.02,0.5
lec_degradation,51015,0.0006768887396901846,base,dense,0.5,6,12,0.5,0.16789111495018005,,
mec_degradation,51015,0.0006768887396901846,base,dense,0.5,6,12,,,0.02,0.5
lec_degradation,51015,0.0006768887396901846,base,dense,0.5,7,12,0.5,0.16789111495018005,,
mec_degradation,51015,0.0006768887396901846,base,dense,0.5,7,12,,,0.02,0.5
lec_degradation,51015,0.0006768887396901846,base,dense,0.5,8,12,0.5,0.16789111495018005,,
mec_degradation,51015,0.0006768887396901846,base,dense,0.5,8,12,,,0.02,0.5
lec_degradation,51015,0.0006768887396901846,base,dense,0.5,9,12,0.5,0.16789111495018005,,
mec_degradation,51015,0.0006768887396901846,base,dense,0.5,9,12,,,0.02,0.5
lec_degradation,51015,0.0006768887396901846,base,dense,0.5,10,12,0.5,0.16789111495018005,,
mec_degradation,51015,0.0006768887396901846,base,dense,0.5,10,12,,,0.02,0.5
lec_degradation,51015,0.0006768887396901846,base,dense,0.5,11,12,0.5,0.16789111495018005,,
mec_degradation,51015,0.0006768887396901846,base,dense,0.5,11,12,,,0.02,0.5
lec_degradation,51015,0.0006768887396901846,base,dense,0.75,0,19,0.5,0.16789111495018005,,
mec_degradation,51015,0.0006768887396901846,base,dense,0.75,0,19,,,0.02,0.5
lec_degradation,51015,0.0006768887396901846,base,dense,0.75,1,19,0.5,0.16789111495018005,,
mec_degradation,51015,0.0006768887396901846,base,dense,0.75,1,19,,,0.02,0.5
lec_degradation,51015,0.0006768887396901846,base,dense,0.75,2,19,0.5,0.16789111495018005,,
mec_degradation,51015,0.0006768887396901846,base,dense,0.75,2,19,,,0.02,0.5
lec_degradation,51015,0.0006768887396901846,base,dense,0.75,3,19,0.5,0.16789111495018005,,
mec_degradation,51015,0.0006768887396901846,base,dense,0.75,3,19,,,0.02,0.5
lec_degradation,51015,0.0006768887396901846,base,dense,0.75,4,19,0.5,0.16789111495018005,,
mec_degradation,51015,0.0006768887396901846,base,dense,0.75,4,19,,,0.02,0.5
lec_degradation,51015,0.0006768887396901846,base,dense,0.75,5,19,0.5,0.16789111495018005,,
mec_degradation,51015,0.0006768887396901846,base,dense,0.75,5,19,,,0.02,0.5
lec_degradation,51015,0.0006768887396901846,base,dense,0.75,6,19,0.5,0.16789111495018005,,
mec_degradation,51015,0.0006768887396901846,base,dense,0.75,6,19,,,0.02,0.5
lec_degradation,51015,0.0006768887396901846,base,dense,0.75,7,19,0.5,0.16789111495018005,,
mec_degradation,51015,0.0006768887396901846,base,dense,0.75,7,19,,,0.02,0.5
lec_degradation,51015,0.0006768887396901846,base,dense,0.75,8,19,0.5,0.16789111495018005,,
mec_degradation,51015,0.0006768887396901846,base,dense,0.75,8,19,,,0.02,0.5
lec_degradation,51015,0.0006768887396901846,base,dense,0.75,9,19,0.5,0.16789111495018005,,
mec_degradation,51015,0.0006768887396901846,base,dense,0.75,9,19,,,0.02,0.5
lec_degradation,51015,0.0006768887396901846,base,dense,0.75,10,19,0.5,0.16789111495018005,,
mec_degradation,51015,0.0006768887396901846,base,dense,0.75,10,19,,,0.02,0.5
lec_degradation,51015,0.0006768887396901846,base,dense,0.75,11,19,0.5,0.16789111495018005,,
mec_degradation,51015,0.0006768887396901846,base,dense,0.75,11,19,,,0.02,0.5
lec_degradation,51015,0.0006768887396901846,base,dense,0.9,0,22,0.5,0.16789111495018005,,
mec_degradation,51015,0.0006768887396901846,base,dense,0.9,0,22,,,0.02,0.5
lec_degradation,51015,0.0006768887396901846,base,dense,0.9,1,22,0.5,0.16789111495018005,,
mec_degradation,51015,0.0006768887396901846,base,dense,0.9,1,22,,,0.02,0.5
lec_degradation,51015,0.0006768887396901846,base,dense,0.9,2,22,0.5,0.16789111495018005,,
mec_degradation,51015,0.0006768887396901846,base,dense,0.9,2,22,,,0.02,0.5
lec_degradation,51015,0.0006768887396901846,base,dense,0.9,3,22,0.5,0.16789111495018005,,
mec_degradation,51015,0.0006768887396901846,base,dense,0.9,3,22,,,0.02,0.5
lec_degradation,51015,0.0006768887396901846,base,dense,0.9,4,22,0.5,0.16789111495018005,,
mec_degradation,51015,0.0006768887396901846,base,dense,0.9,4,22,,,0.02,0.5
lec_degradation,51015,0.0006768887396901846,base,dense,0.9,5,22,0.5,0.16789111495018005,,
mec_degradation,51015,0.0006768887396901846,base,dense,0.9,5,22,,,0.02,0.5
lec_degradation,51015,0.0006768887396901846,base,dense,0.9,6,22,0.5,0.16789111495018005,,
mec_degradation,51015,0.0006768887396901846,base,dense,0.9,6,22,,,0.02,0.5
lec_degradation,51015,0.0006768887396901846,base,dense,0.9,7,22,0.5,0.16789111495018005,,
mec_degradation,51015,0.0006768887396901846,base,dense,0.9,7,22,,,0.02,0.5
lec_degradation,51015,0.0006768887396901846,base,dense,0.9,8,22,0.5,0.16789111495018005,,
mec_degradation,51015,0.0006768887396901846,base,dense,0.9,8,22,,,0.02,0.5
lec_degradation,51015,0.0006768887396901846,base,dense,0.9,9,22,0.5,0.16789111495018005,,
mec_degradation,51015,0.0006768887396901846,base,dense,0.9,9,22,,,0.02,0.5
lec_degradation,51015,0.0006768887396901846,base,dense,0.9,10,22,0.5,0.16789111495018005,,
mec_degradation,51015,0.0006768887396901846,base,dense,0.9,10,22,,,0.02,0.5
lec_degradation,51015,0.0006768887396901846,base,dense,0.9,11,22,0.5,0.16789111495018005,,
mec_degradation,51015,0.0006768887396901846,base,dense,0.9,11,22,,,0.02,0.5
lec_degradation,51015,0.0006768887396901846,err2,normal,0.0,0,0,1.0,0.9001897573471069,,
mec_degradation,51015,0.0006768887396901846,err2,normal,0.0,0,0,,,0.62,1.0
lec_degradation,51015,0.0006768887396901846,err2,normal,0.0,1,0,1.0,0.9001897573471069,,
mec_degradation,51015,0.0006768887396901846,err2,normal,0.0,1,0,,,0.62,1.0
lec_degradation,51015,0.0006768887396901846,err2,normal,0.0,2,0,1.0,0.9001897573471069,,
mec_degradation,51015,0.0006768887396901846,err2,normal,0.0,2,0,,,0.62,1.0
lec_degradation,51015,0.0006768887396901846,err2,normal,0.0,3,0,1.0,0.9001897573471069,,
mec_degradation,51015,0.0006768887396901846,err2,normal,0.0,3,0,,,0.62,1.0
lec_degradation,51015,0.0006768887396901846,err2,normal,0.0,4,0,1.0,0.9001897573471069,,
mec_degradation,51015,0.0006768887396901846,err2,normal,0.0,4,0,,,0.62,1.0
lec_degradation,51015,0.0006768887396901846,err2,normal,0.0,5,0,1.0,0.9001897573471069,,
mec_degradation,51015,0.0006768887396901846,err2,normal,0.0,5,0,,,0.62,1.0
lec_degradation,51015,0.0006768887396901846,err2,normal,0.0,6,0,1.0,0.9001897573471069,,
mec_degradation,51015,0.0006768887396901846,err2,normal,0.0,6,0,,,0.62,1.0
lec_degradation,51015,0.0006768887396901846,err2,normal,0.0,7,0,1.0,0.9001897573471069,,
mec_degradation,51015,0.0006768887396901846,err2,normal,0.0,7,0,,,0.62,1.0
lec_degradation,51015,0.0006768887396901846,err2,normal,0.0,8,0,1.0,0.9001897573471069,,
mec_degradation,51015,0.0006768887396901846,err2,normal,0.0,8,0,,,0.62,1.0
lec_degradation,51015,0.0006768887396901846,err2,normal,0.0,9,0,1.0,0.9001897573471069,,
mec_degradation,51015,0.0006768887396901846,err2,normal,0.0,9,0,,,0.62,1.0
lec_degradation,51015,0.0006768887396901846,err2,normal,0.0,10,0,1.0,0.9001897573471069,,
mec_degradation,51015,0.0006768887396901846,err2,normal,0.0,10,0,,,0.62,1.0
lec_degradation,51015,0.0006768887396901846,err2,normal,0.0,11,0,1.0,0.9001897573471069,,
mec_degradation,51015,0.0006768887396901846,err2,normal,0.0,11,0,,,0.62,1.0
lec_degradation,51015,0.0006768887396901846,err2,normal,0.25,0,6,1.0,0.8025068044662476,,
mec_degradation,51015,0.0006768887396901846,err2,normal,0.25,0,6,,,0.46,1.0
lec_degradation,51015,0.0006768887396901846,err2,normal,0.25,1,6,1.0,0.8098999261856079,,
mec_degradation,51015,0.0006768887396901846,err2,normal,0.25,1,6,,,0.4,1.0
lec_degradation,51015,0.0006768887396901846,err2,normal,0.25,2,6,1.0,0.8180431127548218,,
mec_degradation,51015,0.0006768887396901846,err2,normal,0.25,2,6,,,0.44,1.0
lec_degradation,51015,0.0006768887396901846,err2,normal,0.25,3,6,1.0,0.8276953101158142,,
mec_degradation,51015,0.0006768887396901846,err2,normal,0.25,3,6,,,0.36,1.0
lec_degradation,51015,0.0006768887396901846,err2,normal,0.25,4,6,1.0,0.8040521144866943,,
mec_degradation,51015,0.0006768887396901846,err2,normal,0.25,4,6,,,0.48,1.0
lec_degradation,51015,0.0006768887396901846,err2,normal,0.25,5,6,1.0,0.8311460018157959,,
mec_degradation,51015,0.0006768887396901846,err2,normal,0.25,5,6,,,0.34,1.0
lec_degradation,51015,0.0006768887396901846,err2,normal,0.25,6,6,1.0,0.8264124393463135,,
mec_degradation,51015,0.0006768887396901846,err2,normal,0.25,6,6,,,0.38,1.0
lec_degradation,51015,0.0006768887396901846,err2,normal,0.25,7,6,1.0,0.8319804668426514,,
mec_degradation,51015,0.0006768887396901846,err2,normal,0.25,7,6,,,0.4,1.0
lec_degradation,51015,0.0006768887396901846,err2,normal,0.25,8,6,1.0,0.8188497424125671,,
mec_degradation,51015,0.0006768887396901846,err2,normal,0.25,8,6,,,0.42,1.0
lec_degradation,51015,0.0006768887396901846,err2,normal,0.25,9,6,1.0,0.8047424554824829,,
mec_degradation,51015,0.0006768887396901846,err2,normal,0.25,9,6,,,0.38,1.0
lec_degradation,51015,0.0006768887396901846,err2,normal,0.25,10,6,1.0,0.8350718021392822,,
mec_degradation,51015,0.0006768887396901846,err2,normal,0.25,10,6,,,0.46,1.0
lec_degradation,51015,0.0006768887396901846,err2,normal,0.25,11,6,1.0,0.8063536286354065,,
mec_degradation,51015,0.0006768887396901846,err2,normal,0.25,11,6,,,0.38,1.0
lec_degradation,51015,0.0006768887396901846,err2,normal,0.5,0,12,1.0,0.8128750324249268,,
mec_degradation,51015,0.0006768887396901846,err2,normal,0.5,0,12,,,0.26,1.0
lec_degradation,51015,0.0006768887396901846,err2,normal,0.5,1,12,1.0,0.8275595307350159,,
mec_degradation,51015,0.0006768887396901846,err2,normal,0.5,1,12,,,0.22,1.0
lec_degradation,51015,0.0006768887396901846,err2,normal,0.5,2,12,1.0,0.767208456993103,,
mec_degradation,51015,0.0006768887396901846,err2,normal,0.5,2,12,,,0.26,1.0
lec_degradation,51015,0.0006768887396901846,err2,normal,0.5,3,12,1.0,0.8172338604927063,,
mec_degradation,51015,0.0006768887396901846,err2,normal,0.5,3,12,,,0.38,1.0
lec_degradation,51015,0.0006768887396901846,err2,normal,0.5,4,12,1.0,0.8061610460281372,,
mec_degradation,51015,0.0006768887396901846,err2,normal,0.5,4,12,,,0.18,1.0
lec_degradation,51015,0.0006768887396901846,err2,normal,0.5,5,12,0.5,0.7757721543312073,,
mec_degradation,51015,0.0006768887396901846,err2,normal,0.5,5,12,,,0.28,1.0
lec_degradation,51015,0.0006768887396901846,err2,normal,0.5,6,12,1.0,0.7811129093170166,,
mec_degradation,51015,0.0006768887396901846,err2,normal,0.5,6,12,,,0.16,1.0
lec_degradation,51015,0.0006768887396901846,err2,normal,0.5,7,12,1.0,0.7945265173912048,,
mec_degradation,51015,0.0006768887396901846,err2,normal,0.5,7,12,,,0.3,1.0
lec_degradation,51015,0.0006768887396901846,err2,normal,0.5,8,12,1.0,0.8083398342132568,,
mec_degradation,51015,0.0006768887396901846,err2,normal,0.5,8,12,,,0.26,1.0
lec_degradation,51015,0.0006768887396901846,err2,normal,0.5,9,12,1.0,0.7213197350502014,,
mec_degradation,51015,0.0006768887396901846,err2,normal,0.5,9,12,,,0.2,1.0
lec_degradation,51015,0.0006768887396901846,err2,normal,0.5,10,12,0.5,0.791705310344696,,
mec_degradation,51015,0.0006768887396901846,err2,normal,0.5,10,12,,,0.2,1.0
lec_degradation,51015,0.0006768887396901846,err2,normal,0.5,11,12,1.0,0.8219212889671326,,
mec_degradation,51015,0.0006768887396901846,err2,normal,0.5,11,12,,,0.28,1.0
lec_degradation,51015,0.0006768887396901846,err2,normal,0.75,0,19,1.0,0.7602449655532837,,
mec_degradation,51015,0.0006768887396901846,err2,normal,0.75,0,19,,,0.16,1.0
lec_degradation,51015,0.0006768887396901846,err2,normal,0.75,1,19,1.0,0.744659423828125,,
mec_degradation,51015,0.0006768887396901846,err2,normal,0.75,1,19,,,0.16,1.0
lec_degradation,51015,0.0006768887396901846,err2,normal,0.75,2,19,1.0,0.7734571099281311,,
mec_degradation,51015,0.0006768887396901846,err2,normal,0.75,2,19,,,0.18,1.0
lec_degradation,51015,0.0006768887396901846,err2,normal,0.75,3,19,1.0,0.7458224296569824,,
mec_degradation,51015,0.0006768887396901846,err2,normal,0.75,3,19,,,0.06,1.0
lec_degradation,51015,0.0006768887396901846,err2,normal,0.75,4,19,1.0,0.8046109080314636,,
mec_degradation,51015,0.0006768887396901846,err2,normal,0.75,4,19,,,0.1,1.0
lec_degradation,51015,0.0006768887396901846,err2,normal,0.75,5,19,1.0,0.7338593006134033,,
mec_degradation,51015,0.0006768887396901846,err2,normal,0.75,5,19,,,0.06,1.0
lec_degradation,51015,0.0006768887396901846,err2,normal,0.75,6,19,1.0,0.7706994414329529,,
mec_degradation,51015,0.0006768887396901846,err2,normal,0.75,6,19,,,0.12,1.0
lec_degradation,51015,0.0006768887396901846,err2,normal,0.75,7,19,1.0,0.7828762531280518,,
mec_degradation,51015,0.0006768887396901846,err2,normal,0.75,7,19,,,0.16,1.0
lec_degradation,51015,0.0006768887396901846,err2,normal,0.75,8,19,1.0,0.7632432579994202,,
mec_degradation,51015,0.0006768887396901846,err2,normal,0.75,8,19,,,0.1,1.0
lec_degradation,51015,0.0006768887396901846,err2,normal,0.75,9,19,1.0,0.8175430297851562,,
mec_degradation,51015,0.0006768887396901846,err2,normal,0.75,9,19,,,0.08,1.0
lec_degradation,51015,0.0006768887396901846,err2,normal,0.75,10,19,1.0,0.696336030960083,,
mec_degradation,51015,0.0006768887396901846,err2,normal,0.75,10,19,,,0.12,1.0
lec_degradation,51015,0.0006768887396901846,err2,normal,0.75,11,19,1.0,0.7787443399429321,,
mec_degradation,51015,0.0006768887396901846,err2,normal,0.75,11,19,,,0.04,1.0
lec_degradation,51015,0.0006768887396901846,err2,normal,0.9,0,22,1.0,0.779554009437561,,
mec_degradation,51015,0.0006768887396901846,err2,normal,0.9,0,22,,,0.1,1.0
lec_degradation,51015,0.0006768887396901846,err2,normal,0.9,1,22,1.0,0.7349057197570801,,
mec_degradation,51015,0.0006768887396901846,err2,normal,0.9,1,22,,,0.06,1.0
lec_degradation,51015,0.0006768887396901846,err2,normal,0.9,2,22,1.0,0.7036571502685547,,
mec_degradation,51015,0.0006768887396901846,err2,normal,0.9,2,22,,,0.12,1.0
lec_degradation,51015,0.0006768887396901846,err2,normal,0.9,3,22,1.0,0.7178123593330383,,
mec_degradation,51015,0.0006768887396901846,err2,normal,0.9,3,22,,,0.06,1.0
lec_degradation,51015,0.0006768887396901846,err2,normal,0.9,4,22,1.0,0.7682487964630127,,
mec_degradation,51015,0.0006768887396901846,err2,normal,0.9,4,22,,,0.12,1.0
lec_degradation,51015,0.0006768887396901846,err2,normal,0.9,5,22,1.0,0.7824049592018127,,
mec_degradation,51015,0.0006768887396901846,err2,normal,0.9,5,22,,,0.1,1.0
lec_degradation,51015,0.0006768887396901846,err2,normal,0.9,6,22,1.0,0.7552040219306946,,
mec_degradation,51015,0.0006768887396901846,err2,normal,0.9,6,22,,,0.12,1.0
lec_degradation,51015,0.0006768887396901846,err2,normal,0.9,7,22,1.0,0.7399383783340454,,
mec_degradation,51015,0.0006768887396901846,err2,normal,0.9,7,22,,,0.06,1.0
lec_degradation,51015,0.0006768887396901846,err2,normal,0.9,8,22,1.0,0.7845598459243774,,
mec_degradation,51015,0.0006768887396901846,err2,normal,0.9,8,22,,,0.04,1.0
lec_degradation,51015,0.0006768887396901846,err2,normal,0.9,9,22,1.0,0.7773643732070923,,
mec_degradation,51015,0.0006768887396901846,err2,normal,0.9,9,22,,,0.1,1.0
lec_degradation,51015,0.0006768887396901846,err2,normal,0.9,10,22,1.0,0.8107587695121765,,
mec_degradation,51015,0.0006768887396901846,err2,normal,0.9,10,22,,,0.08,1.0
lec_degradation,51015,0.0006768887396901846,err2,normal,0.9,11,22,1.0,0.7854331135749817,,
mec_degradation,51015,0.0006768887396901846,err2,normal,0.9,11,22,,,0.08,1.0
lec_degradation,51015,0.0006768887396901846,err2,dense,0.0,0,0,0.5,0.2815755605697632,,
mec_degradation,51015,0.0006768887396901846,err2,dense,0.0,0,0,,,0.02,0.5
lec_degradation,51015,0.0006768887396901846,err2,dense,0.0,1,0,0.5,0.2815755605697632,,
mec_degradation,51015,0.0006768887396901846,err2,dense,0.0,1,0,,,0.02,0.5
lec_degradation,51015,0.0006768887396901846,err2,dense,0.0,2,0,0.5,0.2815755605697632,,
mec_degradation,51015,0.0006768887396901846,err2,dense,0.0,2,0,,,0.02,0.5
lec_degradation,51015,0.0006768887396901846,err2,dense,0.0,3,0,0.5,0.2815755605697632,,
mec_degradation,51015,0.0006768887396901846,err2,dense,0.0,3,0,,,0.02,0.5
lec_degradation,51015,0.0006768887396901846,err2,dense,0.0,4,0,0.5,0.2815755605697632,,
mec_degradation,51015,0.0006768887396901846,err2,dense,0.0,4,0,,,0.02,0.5
lec_degradation,51015,0.0006768887396901846,err2,dense,0.0,5,0,0.5,0.2815755605697632,,
mec_degradation,51015,0.0006768887396901846,err2,dense,0.0,5,0,,,0.02,0.5
lec_degradation,51015,0.0006768887396901846,err2,dense,0.0,6,0,0.5,0.2815755605697632,,
mec_degradation,51015,0.0006768887396901846,err2,dense,0.0,6,0,,,0.02,0.5
lec_degradation,51015,0.0006768887396901846,err2,dense,0.0,7,0,0.5,0.2815755605697632,,
mec_degradation,51015,0.0006768887396901846,err2,dense,0.0,7,0,,,0.02,0.5
lec_degradation,51015,0.0006768887396901846,err2,dense,0.0,8,0,0.5,0.2815755605697632,,
mec_degradation,51015,0.0006768887396901846,err2,dense,0.0,8,0,,,0.02,0.5
lec_degradation,51015,0.0006768887396901846,err2,dense,0.0,9,0,0.5,0.2815755605697632,,
mec_degradation,51015,0.0006768887396901846,err2,dense,0.0,9,0,,,0.02,0.5
lec_degradation,51015,0.0006768887396901846,err2,dense,0.0,10,0,0.5,0.2815755605697632,,
mec_degradation,51015,0.0006768887396901846,err2,dense,0.0,10,0,,,0.02,0.5
lec_degradation,51015,0.0006768887396901846,err2,dense,0.0,11,0,0.5,0.2815755605697632,,
mec_degradation,51015,0.0006768887396901846,err2,dense,0.0,11,0,,,0.02,0.5
lec_degradation,51015,0.0006768887396901846,err2,dense,0.25,0,6,0.5,0.2815755605697632,,
mec_degradation,51015,0.0006768887396901846,err2,dense,0.25,0,6,,,0.02,0.5
lec_degradation,51015,0.0006768887396901846,err2,dense,0.25,1,6,0.5,0.2815755605697632,,
mec_degradation,51015,0.0006768887396901846,err2,dense,0.25,1,6,,,0.02,0.5
lec_degradation,51015,0.0006768887396901846,err2,dense,0.25,2,6,0.5,0.2815755605697632,,
mec_degradation,51015,0.0006768887396901846,err2,dense,0.25,2,6,,,0.02,0.5
lec_degradation,51015,0.0006768887396901846,err2,dense,0.25,3,6,0.5,0.2815755605697632,,
mec_degradation,51015,0.0006768887396901846,err2,dense,0.25,3,6,,,0.02,0.5
lec_degradation,51015,0.0006768887396901846,err2,dense,0.25,4,6,0.5,0.2815755605697632,,
mec_degradation,51015,0.0006768887396901846,err2,dense,0.25,4,6,,,0.02,0.5
lec_degradation,51015,0.0006768887396901846,err2,dense,0.25,5,6,0.5,0.2815755605697632,,
mec_degradation,51015,0.0006768887396901846,err2,dense,0.25,5,6,,,0.02,0.5
lec_degradation,51015,0.0006768887396901846,err2,dense,0.25,6,6,0.5,0.2815755605697632,,
mec_degradation,51015,0.0006768887396901846,err2,dense,0.25,6,6,,,0.02,0.5
lec_degradation,51015,0.0006768887396901846,err2,dense,0.25,7,6,0.5,0.2815755605697632,,
mec_degradation,51015,0.0006768887396901846,err2,dense,0.25,7,6,,,0.02,0.5
lec_degradation,51015,0.0006768887396901846,err2,dense,0.25,8,6,0.5,0.2815755605697632,,
mec_degradation,51015,0.0006768887396901846,err2,dense,0.25,8,6,,,0.02,0.5
lec_degradation,51015,0.0006768887396901846,err2,dense,0.25,9,6,0.5,0.2815755605697632,,
mec_degradation,51015,0.0006768887396901846,err2,dense,0.25,9,6,,,0.02,0.5
lec_degradation,51015,0.0006768887396901846,err2,dense,0.25,10,6,0.5,0.2815755605697632,,
mec_degradation,51015,0.0006768887396901846,err2,dense,0.25,10,6,,,0.02,0.5
lec_degradation,51015,0.0006768887396901846,err2,dense,0.25,11,6,0.5,0.2815755605697632,,
mec_degradation,51015,0.0006768887396901846,err2,dense,0.25,11,6,,,0.02,0.5
lec_degradation,51015,0.0006768887396901846,err2,dense,0.5,0,12,0.5,0.2815755605697632,,
mec_degradation,51015,0.0006768887396901846,err2,dense,0.5,0,12,,,0.02,0.5
lec_degradation,51015,0.0006768887396901846,err2,dense,0.5,1,12,0.5,0.2815755605697632,,
mec_degradation,51015,0.0006768887396901846,err2,dense,0.5,1,12,,,0.02,0.5
lec_degradation,51015,0.0006768887396901846,err2,dense,0.5,2,12,0.5,0.2815755605697632,,
mec_degradation,51015,0.0006768887396901846,err2,dense,0.5,2,12,,,0.02,0.5
lec_degradation,51015,0.0006768887396901846,err2,dense,0.5,3,12,0.5,0.2815755605697632,,
mec_degradation,51015,0.0006768887396901846,err2,dense,0.5,3,12,,,0.02,0.5
lec_degradation,51015,0.0006768887396901846,err2,dense,0.5,4,12,0.5,0.2815755605697632,,
mec_degradation,51015,0.0006768887396901846,err2,dense,0.5,4,12,,,0.02,0.5
lec_degradation,51015,0.0006768887396901846,err2,dense,0.5,5,12,0.5,0.2815755605697632,,
mec_degradation,51015,0.0006768887396901846,err2,dense,0.5,5,12,,,0.02,0.5
lec_degradation,51015,0.0006768887396901846,err2,dense,0.5,6,12,0.5,0.2815755605697632,,
mec_degradation,51015,0.0006768887396901846,err2,dense,0.5,6,12,,,0.02,0.5
lec_degradation,51015,0.0006768887396901846,err2,dense,0.5,7,12,0.5,0.2815755605697632,,
mec_degradation,51015,0.0006768887396901846,err2,dense,0.5,7,12,,,0.02,0.5
lec_degradation,51015,0.0006768887396901846,err2,dense,0.5,8,12,0.5,0.2815755605697632,,
mec_degradation,51015,0.0006768887396901846,err2,dense,0.5,8,12,,,0.02,0.5
lec_degradation,51015,0.0006768887396901846,err2,dense,0.5,9,12,0.5,0.2815755605697632,,
mec_degradation,51015,0.0006768887396901846,err2,dense,0.5,9,12,,,0.02,0.5
lec_degradation,51015,0.0006768887396901846,err2,dense,0.5,10,12,0.5,0.2815755605697632,,
mec_degradation,51015,0.0006768887396901846,err2,dense,0.5,10,12,,,0.02,0.5
lec_degradation,51015,0.0006768887396901846,err2,dense,0.5,11,12,0.5,0.2815755605697632,,
mec_degradation,51015,0.0006768887396901846,err2,dense,0.5,11,12,,,0.02,0.5
lec_degradation,51015,0.0006768887396901846,err2,dense,0.75,0,19,0.5,0.2815755605697632,,
mec_degradation,51015,0.0006768887396901846,err2,dense,0.75,0,19,,,0.02,0.5
lec_degradation,51015,0.0006768887396901846,err2,dense,0.75,1,19,0.5,0.2815755605697632,,
mec_degradation,51015,0.0006768887396901846,err2,dense,0.75,1,19,,,0.02,0.5
lec_degradation,51015,0.0006768887396901846,err2,dense,0.75,2,19,0.5,0.2815755605697632,,
mec_degradation,51015,0.0006768887396901846,err2,dense,0.75,2,19,,,0.02,0.5
lec_degradation,51015,0.0006768887396901846,err2,dense,0.75,3,19,0.5,0.2815755605697632,,
mec_degradation,51015,0.0006768887396901846,err2,dense,0.75,3,19,,,0.02,0.5
lec_degradation,51015,0.0006768887396901846,err2,dense,0.75,4,19,0.5,0.2815755605697632,,
mec_degradation,51015,0.0006768887396901846,err2,dense,0.75,4,19,,,0.02,0.5
lec_degradation,51015,0.0006768887396901846,err2,dense,0.75,5,19,0.5,0.2815755605697632,,
mec_degradation,51015,0.0006768887396901846,err2,dense,0.75,5,19,,,0.02,0.5
lec_degradation,51015,0.0006768887396901846,err2,dense,0.75,6,19,0.5,0.2815755605697632,,
mec_degradation,51015,0.0006768887396901846,err2,dense,0.75,6,19,,,0.02,0.5
lec_degradation,51015,0.0006768887396901846,err2,dense,0.75,7,19,0.5,0.2815755605697632,,
mec_degradation,51015,0.0006768887396901846,err2,dense,0.75,7,19,,,0.02,0.5
lec_degradation,51015,0.0006768887396901846,err2,dense,0.75,8,19,0.5,0.2815755605697632,,
mec_degradation,51015,0.0006768887396901846,err2,dense,0.75,8,19,,,0.02,0.5
lec_degradation,51015,0.0006768887396901846,err2,dense,0.75,9,19,0.5,0.2815755605697632,,
mec_degradation,51015,0.0006768887396901846,err2,dense,0.75,9,19,,,0.02,0.5
lec_degradation,51015,0.0006768887396901846,err2,dense,0.75,10,19,0.5,0.2815755605697632,,
mec_degradation,51015,0.0006768887396901846,err2,dense,0.75,10,19,,,0.02,0.5
lec_degradation,51015,0.0006768887396901846,err2,dense,0.75,11,19,0.5,0.2815755605697632,,
mec_degradation,51015,0.0006768887396901846,err2,dense,0.75,11,19,,,0.02,0.5
lec_degradation,51015,0.0006768887396901846,err2,dense,0.9,0,22,0.5,0.2815755605697632,,
mec_degradation,51015,0.0006768887396901846,err2,dense,0.9,0,22,,,0.02,0.5
lec_degradation,51015,0.0006768887396901846,err2,dense,0.9,1,22,0.5,0.2815755605697632,,
mec_degradation,51015,0.0006768887396901846,err2,dense,0.9,1,22,,,0.02,0.5
lec_degradation,51015,0.0006768887396901846,err2,dense,0.9,2,22,0.5,0.2815755605697632,,
mec_degradation,51015,0.0006768887396901846,err2,dense,0.9,2,22,,,0.02,0.5
lec_degradation,51015,0.0006768887396901846,err2,dense,0.9,3,22,0.5,0.2815755605697632,,
mec_degradation,51015,0.0006768887396901846,err2,dense,0.9,3,22,,,0.02,0.5
lec_degradation,51015,0.0006768887396901846,err2,dense,0.9,4,22,0.5,0.2815755605697632,,
mec_degradation,51015,0.0006768887396901846,err2,dense,0.9,4,22,,,0.02,0.5
lec_degradation,51015,0.0006768887396901846,err2,dense,0.9,5,22,0.5,0.2815755605697632,,
mec_degradation,51015,0.0006768887396901846,err2,dense,0.9,5,22,,,0.02,0.5
lec_degradation,51015,0.0006768887396901846,err2,dense,0.9,6,22,0.5,0.2815755605697632,,
mec_degradation,51015,0.0006768887396901846,err2,dense,0.9,6,22,,,0.02,0.5
lec_degradation,51015,0.0006768887396901846,err2,dense,0.9,7,22,0.5,0.2815755605697632,,
mec_degradation,51015,0.0006768887396901846,err2,dense,0.9,7,22,,,0.02,0.5
lec_degradation,51015,0.0006768887396901846,err2,dense,0.9,8,22,0.5,0.2815755605697632,,
mec_degradation,51015,0.0006768887396901846,err2,dense,0.9,8,22,,,0.02,0.5
lec_degradation,51015,0.0006768887396901846,err2,dense,0.9,9,22,0.5,0.2815755605697632,,
mec_degradation,51015,0.0006768887396901846,err2,dense,0.9,9,22,,,0.02,0.5
lec_degradation,51015,0.0006768887396901846,err2,dense,0.9,10,22,0.5,0.2815755605697632,,
mec_degradation,51015,0.0006768887396901846,err2,dense,0.9,10,22,,,0.02,0.5
lec_degradation,51015,0.0006768887396901846,err2,dense,0.9,11,22,0.5,0.2815755605697632,,
mec_degradation,51015,0.0006768887396901846,err2,dense,0.9,11,22,,,0.02,0.5
lec_degradation,51016,0.000974152993876487,base,normal,0.0,0,0,1.0,0.741166353225708,,
mec_degradation,51016,0.000974152993876487,base,normal,0.0,0,0,,,0.2,1.0
lec_degradation,51016,0.000974152993876487,base,normal,0.0,1,0,1.0,0.741166353225708,,
mec_degradation,51016,0.000974152993876487,base,normal,0.0,1,0,,,0.2,1.0
lec_degradation,51016,0.000974152993876487,base,normal,0.0,2,0,1.0,0.741166353225708,,
mec_degradation,51016,0.000974152993876487,base,normal,0.0,2,0,,,0.2,1.0
lec_degradation,51016,0.000974152993876487,base,normal,0.0,3,0,1.0,0.741166353225708,,
mec_degradation,51016,0.000974152993876487,base,normal,0.0,3,0,,,0.2,1.0
lec_degradation,51016,0.000974152993876487,base,normal,0.0,4,0,1.0,0.741166353225708,,
mec_degradation,51016,0.000974152993876487,base,normal,0.0,4,0,,,0.2,1.0
lec_degradation,51016,0.000974152993876487,base,normal,0.0,5,0,1.0,0.741166353225708,,
mec_degradation,51016,0.000974152993876487,base,normal,0.0,5,0,,,0.2,1.0
lec_degradation,51016,0.000974152993876487,base,normal,0.0,6,0,1.0,0.741166353225708,,
mec_degradation,51016,0.000974152993876487,base,normal,0.0,6,0,,,0.2,1.0
lec_degradation,51016,0.000974152993876487,base,normal,0.0,7,0,1.0,0.741166353225708,,
mec_degradation,51016,0.000974152993876487,base,normal,0.0,7,0,,,0.2,1.0
lec_degradation,51016,0.000974152993876487,base,normal,0.0,8,0,1.0,0.741166353225708,,
mec_degradation,51016,0.000974152993876487,base,normal,0.0,8,0,,,0.2,1.0
lec_degradation,51016,0.000974152993876487,base,normal,0.0,9,0,1.0,0.741166353225708,,
mec_degradation,51016,0.000974152993876487,base,normal,0.0,9,0,,,0.2,1.0
lec_degradation,51016,0.000974152993876487,base,normal,0.0,10,0,1.0,0.741166353225708,,
mec_degradation,51016,0.000974152993876487,base,normal,0.0,10,0,,,0.2,1.0
lec_degradation,51016,0.000974152993876487,base,normal,0.0,11,0,1.0,0.741166353225708,,
mec_degradation,51016,0.000974152993876487,base,normal,0.0,11,0,,,0.2,1.0
lec_degradation,51016,0.000974152993876487,base,normal,0.25,0,6,1.0,0.7201957702636719,,
mec_degradation,51016,0.000974152993876487,base,normal,0.25,0,6,,,0.16,1.0
lec_degradation,51016,0.000974152993876487,base,normal,0.25,1,6,1.0,0.7566943168640137,,
mec_degradation,51016,0.000974152993876487,base,normal,0.25,1,6,,,0.14,1.0
lec_degradation,51016,0.000974152993876487,base,normal,0.25,2,6,1.0,0.7569637894630432,,
mec_degradation,51016,0.000974152993876487,base,normal,0.25,2,6,,,0.22,1.0
lec_degradation,51016,0.000974152993876487,base,normal,0.25,3,6,1.0,0.7371385097503662,,
mec_degradation,51016,0.000974152993876487,base,normal,0.25,3,6,,,0.12,1.0
lec_degradation,51016,0.000974152993876487,base,normal,0.25,4,6,1.0,0.7603607177734375,,
mec_degradation,51016,0.000974152993876487,base,normal,0.25,4,6,,,0.14,1.0
lec_degradation,51016,0.000974152993876487,base,normal,0.25,5,6,1.0,0.7518797516822815,,
mec_degradation,51016,0.000974152993876487,base,normal,0.25,5,6,,,0.14,1.0
lec_degradation,51016,0.000974152993876487,base,normal,0.25,6,6,1.0,0.7576429843902588,,
mec_degradation,51016,0.000974152993876487,base,normal,0.25,6,6,,,0.14,1.0
lec_degradation,51016,0.000974152993876487,base,normal,0.25,7,6,1.0,0.7619941830635071,,
mec_degradation,51016,0.000974152993876487,base,normal,0.25,7,6,,,0.14,1.0
lec_degradation,51016,0.000974152993876487,base,normal,0.25,8,6,1.0,0.7563124299049377,,
mec_degradation,51016,0.000974152993876487,base,normal,0.25,8,6,,,0.16,1.0
lec_degradation,51016,0.000974152993876487,base,normal,0.25,9,6,1.0,0.7450393438339233,,
mec_degradation,51016,0.000974152993876487,base,normal,0.25,9,6,,,0.18,1.0
lec_degradation,51016,0.000974152993876487,base,normal,0.25,10,6,1.0,0.7418814301490784,,
mec_degradation,51016,0.000974152993876487,base,normal,0.25,10,6,,,0.22,1.0
lec_degradation,51016,0.000974152993876487,base,normal,0.25,11,6,1.0,0.7610296607017517,,
mec_degradation,51016,0.000974152993876487,base,normal,0.25,11,6,,,0.16,1.0
lec_degradation,51016,0.000974152993876487,base,normal,0.5,0,12,1.0,0.7492882013320923,,
mec_degradation,51016,0.000974152993876487,base,normal,0.5,0,12,,,0.16,1.0
lec_degradation,51016,0.000974152993876487,base,normal,0.5,1,12,1.0,0.7613141536712646,,
mec_degradation,51016,0.000974152993876487,base,normal,0.5,1,12,,,0.12,1.0
lec_degradation,51016,0.000974152993876487,base,normal,0.5,2,12,1.0,0.7439850568771362,,
mec_degradation,51016,0.000974152993876487,base,normal,0.5,2,12,,,0.18,1.0
lec_degradation,51016,0.000974152993876487,base,normal,0.5,3,12,1.0,0.8140501379966736,,
mec_degradation,51016,0.000974152993876487,base,normal,0.5,3,12,,,0.14,1.0
lec_degradation,51016,0.000974152993876487,base,normal,0.5,4,12,1.0,0.7533690929412842,,
mec_degradation,51016,0.000974152993876487,base,normal,0.5,4,12,,,0.14,1.0
lec_degradation,51016,0.000974152993876487,base,normal,0.5,5,12,1.0,0.7830028533935547,,
mec_degradation,51016,0.000974152993876487,base,normal,0.5,5,12,,,0.12,1.0
lec_degradation,51016,0.000974152993876487,base,normal,0.5,6,12,1.0,0.7397788166999817,,
mec_degradation,51016,0.000974152993876487,base,normal,0.5,6,12,,,0.1,1.0
lec_degradation,51016,0.000974152993876487,base,normal,0.5,7,12,1.0,0.758156418800354,,
mec_degradation,51016,0.000974152993876487,base,normal,0.5,7,12,,,0.1,1.0
lec_degradation,51016,0.000974152993876487,base,normal,0.5,8,12,1.0,0.7734147906303406,,
mec_degradation,51016,0.000974152993876487,base,normal,0.5,8,12,,,0.14,1.0
lec_degradation,51016,0.000974152993876487,base,normal,0.5,9,12,1.0,0.7688949704170227,,
mec_degradation,51016,0.000974152993876487,base,normal,0.5,9,12,,,0.12,1.0
lec_degradation,51016,0.000974152993876487,base,normal,0.5,10,12,1.0,0.7343158721923828,,
mec_degradation,51016,0.000974152993876487,base,normal,0.5,10,12,,,0.04,1.0
lec_degradation,51016,0.000974152993876487,base,normal,0.5,11,12,1.0,0.7952343225479126,,
mec_degradation,51016,0.000974152993876487,base,normal,0.5,11,12,,,0.08,1.0
lec_degradation,51016,0.000974152993876487,base,normal,0.75,0,19,1.0,0.788767397403717,,
mec_degradation,51016,0.000974152993876487,base,normal,0.75,0,19,,,0.06,1.0
lec_degradation,51016,0.000974152993876487,base,normal,0.75,1,19,1.0,0.7021836042404175,,
mec_degradation,51016,0.000974152993876487,base,normal,0.75,1,19,,,0.06,1.0
lec_degradation,51016,0.000974152993876487,base,normal,0.75,2,19,1.0,0.7900320291519165,,
mec_degradation,51016,0.000974152993876487,base,normal,0.75,2,19,,,0.06,1.0
lec_degradation,51016,0.000974152993876487,base,normal,0.75,3,19,1.0,0.7775213718414307,,
mec_degradation,51016,0.000974152993876487,base,normal,0.75,3,19,,,0.12,1.0
lec_degradation,51016,0.000974152993876487,base,normal,0.75,4,19,1.0,0.748526930809021,,
mec_degradation,51016,0.000974152993876487,base,normal,0.75,4,19,,,0.08,1.0
lec_degradation,51016,0.000974152993876487,base,normal,0.75,5,19,1.0,0.7922307848930359,,
mec_degradation,51016,0.000974152993876487,base,normal,0.75,5,19,,,0.04,1.0
lec_degradation,51016,0.000974152993876487,base,normal,0.75,6,19,1.0,0.7679080367088318,,
mec_degradation,51016,0.000974152993876487,base,normal,0.75,6,19,,,0.08,1.0
lec_degradation,51016,0.000974152993876487,base,normal,0.75,7,19,1.0,0.7357615828514099,,
mec_degradation,51016,0.000974152993876487,base,normal,0.75,7,19,,,0.06,1.0
lec_degradation,51016,0.000974152993876487,base,normal,0.75,8,19,1.0,0.7659248113632202,,
mec_degradation,51016,0.000974152993876487,base,normal,0.75,8,19,,,0.1,1.0
lec_degradation,51016,0.000974152993876487,base,normal,0.75,9,19,1.0,0.7791282534599304,,
mec_degradation,51016,0.000974152993876487,base,normal,0.75,9,19,,,0.08,1.0
lec_degradation,51016,0.000974152993876487,base,normal,0.75,10,19,1.0,0.7648890614509583,,
mec_degradation,51016,0.000974152993876487,base,normal,0.75,10,19,,,0.1,1.0
lec_degradation,51016,0.000974152993876487,base,normal,0.75,11,19,1.0,0.7842777967453003,,
mec_degradation,51016,0.000974152993876487,base,normal,0.75,11,19,,,0.06,1.0
lec_degradation,51016,0.000974152993876487,base,normal,0.9,0,22,0.5,0.6355044841766357,,
mec_degradation,51016,0.000974152993876487,base,normal,0.9,0,22,,,0.06,1.0
lec_degradation,51016,0.000974152993876487,base,normal,0.9,1,22,1.0,0.7227941751480103,,
mec_degradation,51016,0.000974152993876487,base,normal,0.9,1,22,,,0.06,1.0
lec_degradation,51016,0.000974152993876487,base,normal,0.9,2,22,1.0,0.7453509569168091,,
mec_degradation,51016,0.000974152993876487,base,normal,0.9,2,22,,,0.08,1.0
lec_degradation,51016,0.000974152993876487,base,normal,0.9,3,22,1.0,0.7803227305412292,,
mec_degradation,51016,0.000974152993876487,base,normal,0.9,3,22,,,0.1,1.0
lec_degradation,51016,0.000974152993876487,base,normal,0.9,4,22,0.5,0.6599146127700806,,
mec_degradation,51016,0.000974152993876487,base,normal,0.9,4,22,,,0.06,1.0
lec_degradation,51016,0.000974152993876487,base,normal,0.9,5,22,1.0,0.7304129004478455,,
mec_degradation,51016,0.000974152993876487,base,normal,0.9,5,22,,,0.08,1.0
lec_degradation,51016,0.000974152993876487,base,normal,0.9,6,22,0.5,0.6600841283798218,,
mec_degradation,51016,0.000974152993876487,base,normal,0.9,6,22,,,0.08,1.0
lec_degradation,51016,0.000974152993876487,base,normal,0.9,7,22,1.0,0.6763498187065125,,
mec_degradation,51016,0.000974152993876487,base,normal,0.9,7,22,,,0.04,1.0
lec_degradation,51016,0.000974152993876487,base,normal,0.9,8,22,1.0,0.7931970953941345,,
mec_degradation,51016,0.000974152993876487,base,normal,0.9,8,22,,,0.08,1.0
lec_degradation,51016,0.000974152993876487,base,normal,0.9,9,22,0.5,0.6506128907203674,,
mec_degradation,51016,0.000974152993876487,base,normal,0.9,9,22,,,0.06,1.0
lec_degradation,51016,0.000974152993876487,base,normal,0.9,10,22,1.0,0.7178338766098022,,
mec_degradation,51016,0.000974152993876487,base,normal,0.9,10,22,,,0.04,1.0
lec_degradation,51016,0.000974152993876487,base,normal,0.9,11,22,1.0,0.7685607671737671,,
mec_degradation,51016,0.000974152993876487,base,normal,0.9,11,22,,,0.04,1.0
lec_degradation,51016,0.000974152993876487,base,dense,0.0,0,0,0.5,0.1229524165391922,,
mec_degradation,51016,0.000974152993876487,base,dense,0.0,0,0,,,0.02,0.5
lec_degradation,51016,0.000974152993876487,base,dense,0.0,1,0,0.5,0.1229524165391922,,
mec_degradation,51016,0.000974152993876487,base,dense,0.0,1,0,,,0.02,0.5
lec_degradation,51016,0.000974152993876487,base,dense,0.0,2,0,0.5,0.1229524165391922,,
mec_degradation,51016,0.000974152993876487,base,dense,0.0,2,0,,,0.02,0.5
lec_degradation,51016,0.000974152993876487,base,dense,0.0,3,0,0.5,0.1229524165391922,,
mec_degradation,51016,0.000974152993876487,base,dense,0.0,3,0,,,0.02,0.5
lec_degradation,51016,0.000974152993876487,base,dense,0.0,4,0,0.5,0.1229524165391922,,
mec_degradation,51016,0.000974152993876487,base,dense,0.0,4,0,,,0.02,0.5
lec_degradation,51016,0.000974152993876487,base,dense,0.0,5,0,0.5,0.1229524165391922,,
mec_degradation,51016,0.000974152993876487,base,dense,0.0,5,0,,,0.02,0.5
lec_degradation,51016,0.000974152993876487,base,dense,0.0,6,0,0.5,0.1229524165391922,,
mec_degradation,51016,0.000974152993876487,base,dense,0.0,6,0,,,0.02,0.5
lec_degradation,51016,0.000974152993876487,base,dense,0.0,7,0,0.5,0.1229524165391922,,
mec_degradation,51016,0.000974152993876487,base,dense,0.0,7,0,,,0.02,0.5
lec_degradation,51016,0.000974152993876487,base,dense,0.0,8,0,0.5,0.1229524165391922,,
mec_degradation,51016,0.000974152993876487,base,dense,0.0,8,0,,,0.02,0.5
lec_degradation,51016,0.000974152993876487,base,dense,0.0,9,0,0.5,0.1229524165391922,,
mec_degradation,51016,0.000974152993876487,base,dense,0.0,9,0,,,0.02,0.5
lec_degradation,51016,0.000974152993876487,base,dense,0.0,10,0,0.5,0.1229524165391922,,
mec_degradation,51016,0.000974152993876487,base,dense,0.0,10,0,,,0.02,0.5
lec_degradation,51016,0.000974152993876487,base,dense,0.0,11,0,0.5,0.1229524165391922,,
mec_degradation,51016,0.000974152993876487,base,dense,0.0,11,0,,,0.02,0.5
lec_degradation,51016,0.000974152993876487,base,dense,0.25,0,6,0.5,0.1229524165391922,,
mec_degradation,51016,0.000974152993876487,base,dense,0.25,0,6,,,0.02,0.5
lec_degradation,51016,0.000974152993876487,base,dense,0.25,1,6,0.5,0.1229524165391922,,
mec_degradation,51016,0.000974152993876487,base,dense,0.25,1,6,,,0.02,0.5
lec_degradation,51016,0.000974152993876487,base,dense,0.25,2,6,0.5,0.1229524165391922,,
mec_degradation,51016,0.000974152993876487,base,dense,0.25,2,6,,,0.02,0.5
lec_degradation,51016,0.000974152993876487,base,dense,0.25,3,6,0.5,0.1229524165391922,,
mec_degradation,51016,0.000974152993876487,base,dense,0.25,3,6,,,0.02,0.5
lec_degradation,51016,0.000974152993876487,base,dense,0.25,4,6,0.5,0.1229524165391922,,
mec_degradation,51016,0.000974152993876487,base,dense,0.25,4,6,,,0.02,0.5
lec_degradation,51016,0.000974152993876487,base,dense,0.25,5,6,0.5,0.1229524165391922,,
mec_degradation,51016,0.000974152993876487,base,dense,0.25,5,6,,,0.02,0.5
lec_degradation,51016,0.000974152993876487,base,dense,0.25,6,6,0.5,0.1229524165391922,,
mec_degradation,51016,0.000974152993876487,base,dense,0.25,6,6,,,0.02,0.5
lec_degradation,51016,0.000974152993876487,base,dense,0.25,7,6,0.5,0.1229524165391922,,
mec_degradation,51016,0.000974152993876487,base,dense,0.25,7,6,,,0.02,0.5
lec_degradation,51016,0.000974152993876487,base,dense,0.25,8,6,0.5,0.1229524165391922,,
mec_degradation,51016,0.000974152993876487,base,dense,0.25,8,6,,,0.02,0.5
lec_degradation,51016,0.000974152993876487,base,dense,0.25,9,6,0.5,0.1229524165391922,,
mec_degradation,51016,0.000974152993876487,base,dense,0.25,9,6,,,0.02,0.5
lec_degradation,51016,0.000974152993876487,base,dense,0.25,10,6,0.5,0.1229524165391922,,
mec_degradation,51016,0.000974152993876487,base,dense,0.25,10,6,,,0.02,0.5
lec_degradation,51016,0.000974152993876487,base,dense,0.25,11,6,0.5,0.1229524165391922,,
mec_degradation,51016,0.000974152993876487,base,dense,0.25,11,6,,,0.02,0.5
lec_degradation,51016,0.000974152993876487,base,dense,0.5,0,12,0.5,0.1229524165391922,,
mec_degradation,51016,0.000974152993876487,base,dense,0.5,0,12,,,0.02,0.5
lec_degradation,51016,0.000974152993876487,base,dense,0.5,1,12,0.5,0.1229524165391922,,
mec_degradation,51016,0.000974152993876487,base,dense,0.5,1,12,,,0.02,0.5
lec_degradation,51016,0.000974152993876487,base,dense,0.5,2,12,0.5,0.1229524165391922,,
mec_degradation,51016,0.000974152993876487,base,dense,0.5,2,12,,,0.02,0.5
lec_degradation,51016,0.000974152993876487,base,dense,0.5,3,12,0.5,0.1229524165391922,,
mec_degradation,51016,0.000974152993876487,base,dense,0.5,3,12,,,0.02,0.5
lec_degradation,51016,0.000974152993876487,base,dense,0.5,4,12,0.5,0.1229524165391922,,
mec_degradation,51016,0.000974152993876487,base,dense,0.5,4,12,,,0.02,0.5
lec_degradation,51016,0.000974152993876487,base,dense,0.5,5,12,0.5,0.1229524165391922,,
mec_degradation,51016,0.000974152993876487,base,dense,0.5,5,12,,,0.02,0.5
lec_degradation,51016,0.000974152993876487,base,dense,0.5,6,12,0.5,0.1229524165391922,,
mec_degradation,51016,0.000974152993876487,base,dense,0.5,6,12,,,0.02,0.5
lec_degradation,51016,0.000974152993876487,base,dense,0.5,7,12,0.5,0.1229524165391922,,
mec_degradation,51016,0.000974152993876487,base,dense,0.5,7,12,,,0.02,0.5
lec_degradation,51016,0.000974152993876487,base,dense,0.5,8,12,0.5,0.1229524165391922,,
mec_degradation,51016,0.000974152993876487,base,dense,0.5,8,12,,,0.02,0.5
lec_degradation,51016,0.000974152993876487,base,dense,0.5,9,12,0.5,0.1229524165391922,,
mec_degradation,51016,0.000974152993876487,base,dense,0.5,9,12,,,0.02,0.5
lec_degradation,51016,0.000974152993876487,base,dense,0.5,10,12,0.5,0.1229524165391922,,
mec_degradation,51016,0.000974152993876487,base,dense,0.5,10,12,,,0.02,0.5
lec_degradation,51016,0.000974152993876487,base,dense,0.5,11,12,0.5,0.1229524165391922,,
mec_degradation,51016,0.000974152993876487,base,dense,0.5,11,12,,,0.02,0.5
lec_degradation,51016,0.000974152993876487,base,dense,0.75,0,19,0.5,0.1229524165391922,,
mec_degradation,51016,0.000974152993876487,base,dense,0.75,0,19,,,0.02,0.5
lec_degradation,51016,0.000974152993876487,base,dense,0.75,1,19,0.5,0.1229524165391922,,
mec_degradation,51016,0.000974152993876487,base,dense,0.75,1,19,,,0.02,0.5
lec_degradation,51016,0.000974152993876487,base,dense,0.75,2,19,0.5,0.1229524165391922,,
mec_degradation,51016,0.000974152993876487,base,dense,0.75,2,19,,,0.02,0.5
lec_degradation,51016,0.000974152993876487,base,dense,0.75,3,19,0.5,0.1229524165391922,,
mec_degradation,51016,0.000974152993876487,base,dense,0.75,3,19,,,0.02,0.5
lec_degradation,51016,0.000974152993876487,base,dense,0.75,4,19,0.5,0.1229524165391922,,
mec_degradation,51016,0.000974152993876487,base,dense,0.75,4,19,,,0.02,0.5
lec_degradation,51016,0.000974152993876487,base,dense,0.75,5,19,0.5,0.1229524165391922,,
mec_degradation,51016,0.000974152993876487,base,dense,0.75,5,19,,,0.02,0.5
lec_degradation,51016,0.000974152993876487,base,dense,0.75,6,19,0.5,0.1229524165391922,,
mec_degradation,51016,0.000974152993876487,base,dense,0.75,6,19,,,0.02,0.5
lec_degradation,51016,0.000974152993876487,base,dense,0.75,7,19,0.5,0.1229524165391922,,
mec_degradation,51016,0.000974152993876487,base,dense,0.75,7,19,,,0.02,0.5
lec_degradation,51016,0.000974152993876487,base,dense,0.75,8,19,0.5,0.1229524165391922,,
mec_degradation,51016,0.000974152993876487,base,dense,0.75,8,19,,,0.02,0.5
lec_degradation,51016,0.000974152993876487,base,dense,0.75,9,19,0.5,0.1229524165391922,,
mec_degradation,51016,0.000974152993876487,base,dense,0.75,9,19,,,0.02,0.5
lec_degradation,51016,0.000974152993876487,base,dense,0.75,10,19,0.5,0.1229524165391922,,
mec_degradation,51016,0.000974152993876487,base,dense,0.75,10,19,,,0.02,0.5
lec_degradation,51016,0.000974152993876487,base,dense,0.75,11,19,0.5,0.1229524165391922,,
mec_degradation,51016,0.000974152993876487,base,dense,0.75,11,19,,,0.02,0.5
lec_degradation,51016,0.000974152993876487,base,dense,0.9,0,22,0.5,0.1229524165391922,,
mec_degradation,51016,0.000974152993876487,base,dense,0.9,0,22,,,0.02,0.5
lec_degradation,51016,0.000974152993876487,base,dense,0.9,1,22,0.5,0.1229524165391922,,
mec_degradation,51016,0.000974152993876487,base,dense,0.9,1,22,,,0.02,0.5
lec_degradation,51016,0.000974152993876487,base,dense,0.9,2,22,0.5,0.1229524165391922,,
mec_degradation,51016,0.000974152993876487,base,dense,0.9,2,22,,,0.02,0.5
lec_degradation,51016,0.000974152993876487,base,dense,0.9,3,22,0.5,0.1229524165391922,,
mec_degradation,51016,0.000974152993876487,base,dense,0.9,3,22,,,0.02,0.5
lec_degradation,51016,0.000974152993876487,base,dense,0.9,4,22,0.5,0.1229524165391922,,
mec_degradation,51016,0.000974152993876487,base,dense,0.9,4,22,,,0.02,0.5
lec_degradation,51016,0.000974152993876487,base,dense,0.9,5,22,0.5,0.1229524165391922,,
mec_degradation,51016,0.000974152993876487,base,dense,0.9,5,22,,,0.02,0.5
lec_degradation,51016,0.000974152993876487,base,dense,0.9,6,22,0.5,0.1229524165391922,,
mec_degradation,51016,0.000974152993876487,base,dense,0.9,6,22,,,0.02,0.5
lec_degradation,51016,0.000974152993876487,base,dense,0.9,7,22,0.5,0.1229524165391922,,
mec_degradation,51016,0.000974152993876487,base,dense,0.9,7,22,,,0.02,0.5
lec_degradation,51016,0.000974152993876487,base,dense,0.9,8,22,0.5,0.1229524165391922,,
mec_degradation,51016,0.000974152993876487,base,dense,0.9,8,22,,,0.02,0.5
lec_degradation,51016,0.000974152993876487,base,dense,0.9,9,22,0.5,0.1229524165391922,,
mec_degradation,51016,0.000974152993876487,base,dense,0.9,9,22,,,0.02,0.5
lec_degradation,51016,0.000974152993876487,base,dense,0.9,10,22,0.5,0.1229524165391922,,
mec_degradation,51016,0.000974152993876487,base,dense,0.9,10,22,,,0.02,0.5
lec_degradation,51016,0.000974152993876487,base,dense,0.9,11,22,0.5,0.1229524165391922,,
mec_degradation,51016,0.000974152993876487,base,dense,0.9,11,22,,,0.02,0.5
lec_degradation,51016,0.000974152993876487,err2,normal,0.0,0,0,1.0,0.9034686088562012,,
mec_degradation,51016,0.000974152993876487,err2,normal,0.0,0,0,,,0.68,1.0
lec_degradation,51016,0.000974152993876487,err2,normal,0.0,1,0,1.0,0.9034686088562012,,
mec_degradation,51016,0.000974152993876487,err2,normal,0.0,1,0,,,0.68,1.0
lec_degradation,51016,0.000974152993876487,err2,normal,0.0,2,0,1.0,0.9034686088562012,,
mec_degradation,51016,0.000974152993876487,err2,normal,0.0,2,0,,,0.68,1.0
lec_degradation,51016,0.000974152993876487,err2,normal,0.0,3,0,1.0,0.9034686088562012,,
mec_degradation,51016,0.000974152993876487,err2,normal,0.0,3,0,,,0.68,1.0
lec_degradation,51016,0.000974152993876487,err2,normal,0.0,4,0,1.0,0.9034686088562012,,
mec_degradation,51016,0.000974152993876487,err2,normal,0.0,4,0,,,0.68,1.0
lec_degradation,51016,0.000974152993876487,err2,normal,0.0,5,0,1.0,0.9034686088562012,,
mec_degradation,51016,0.000974152993876487,err2,normal,0.0,5,0,,,0.68,1.0
lec_degradation,51016,0.000974152993876487,err2,normal,0.0,6,0,1.0,0.9034686088562012,,
mec_degradation,51016,0.000974152993876487,err2,normal,0.0,6,0,,,0.68,1.0
lec_degradation,51016,0.000974152993876487,err2,normal,0.0,7,0,1.0,0.9034686088562012,,
mec_degradation,51016,0.000974152993876487,err2,normal,0.0,7,0,,,0.68,1.0
lec_degradation,51016,0.000974152993876487,err2,normal,0.0,8,0,1.0,0.9034686088562012,,
mec_degradation,51016,0.000974152993876487,err2,normal,0.0,8,0,,,0.68,1.0
lec_degradation,51016,0.000974152993876487,err2,normal,0.0,9,0,1.0,0.9034686088562012,,
mec_degradation,51016,0.000974152993876487,err2,normal,0.0,9,0,,,0.68,1.0
lec_degradation,51016,0.000974152993876487,err2,normal,0.0,10,0,1.0,0.9034686088562012,,
mec_degradation,51016,0.000974152993876487,err2,normal,0.0,10,0,,,0.68,1.0
lec_degradation,51016,0.000974152993876487,err2,normal,0.0,11,0,1.0,0.9034686088562012,,
mec_degradation,51016,0.000974152993876487,err2,normal,0.0,11,0,,,0.68,1.0
lec_degradation,51016,0.000974152993876487,err2,normal,0.25,0,6,1.0,0.8328540325164795,,
mec_degradation,51016,0.000974152993876487,err2,normal,0.25,0,6,,,0.32,1.0
lec_degradation,51016,0.000974152993876487,err2,normal,0.25,1,6,1.0,0.8494038581848145,,
mec_degradation,51016,0.000974152993876487,err2,normal,0.25,1,6,,,0.36,1.0
lec_degradation,51016,0.000974152993876487,err2,normal,0.25,2,6,1.0,0.840850830078125,,
mec_degradation,51016,0.000974152993876487,err2,normal,0.25,2,6,,,0.38,1.0
lec_degradation,51016,0.000974152993876487,err2,normal,0.25,3,6,1.0,0.875321626663208,,
mec_degradation,51016,0.000974152993876487,err2,normal,0.25,3,6,,,0.34,1.0
lec_degradation,51016,0.000974152993876487,err2,normal,0.25,4,6,1.0,0.8540342450141907,,
mec_degradation,51016,0.000974152993876487,err2,normal,0.25,4,6,,,0.46,1.0
lec_degradation,51016,0.000974152993876487,err2,normal,0.25,5,6,1.0,0.8676239848136902,,
mec_degradation,51016,0.000974152993876487,err2,normal,0.25,5,6,,,0.38,1.0
lec_degradation,51016,0.000974152993876487,err2,normal,0.25,6,6,1.0,0.8809718489646912,,
mec_degradation,51016,0.000974152993876487,err2,normal,0.25,6,6,,,0.36,1.0
lec_degradation,51016,0.000974152993876487,err2,normal,0.25,7,6,1.0,0.8517234325408936,,
mec_degradation,51016,0.000974152993876487,err2,normal,0.25,7,6,,,0.48,1.0
lec_degradation,51016,0.000974152993876487,err2,normal,0.25,8,6,1.0,0.8476513624191284,,
mec_degradation,51016,0.000974152993876487,err2,normal,0.25,8,6,,,0.44,1.0
lec_degradation,51016,0.000974152993876487,err2,normal,0.25,9,6,1.0,0.8369592428207397,,
mec_degradation,51016,0.000974152993876487,err2,normal,0.25,9,6,,,0.5,1.0
lec_degradation,51016,0.000974152993876487,err2,normal,0.25,10,6,1.0,0.8535509705543518,,
mec_degradation,51016,0.000974152993876487,err2,normal,0.25,10,6,,,0.4,1.0
lec_degradation,51016,0.000974152993876487,err2,normal,0.25,11,6,1.0,0.8606553077697754,,
mec_degradation,51016,0.000974152993876487,err2,normal,0.25,11,6,,,0.42,1.0
lec_degradation,51016,0.000974152993876487,err2,normal,0.5,0,12,1.0,0.8427085876464844,,
mec_degradation,51016,0.000974152993876487,err2,normal,0.5,0,12,,,0.14,1.0
lec_degradation,51016,0.000974152993876487,err2,normal,0.5,1,12,1.0,0.8114117383956909,,
mec_degradation,51016,0.000974152993876487,err2,normal,0.5,1,12,,,0.22,1.0
lec_degradation,51016,0.000974152993876487,err2,normal,0.5,2,12,1.0,0.8100177645683289,,
mec_degradation,51016,0.000974152993876487,err2,normal,0.5,2,12,,,0.26,1.0
lec_degradation,51016,0.000974152993876487,err2,normal,0.5,3,12,1.0,0.8446663022041321,,
mec_degradation,51016,0.000974152993876487,err2,normal,0.5,3,12,,,0.2,1.0
lec_degradation,51016,0.000974152993876487,err2,normal,0.5,4,12,1.0,0.8015027046203613,,
mec_degradation,51016,0.000974152993876487,err2,normal,0.5,4,12,,,0.22,1.0
lec_degradation,51016,0.000974152993876487,err2,normal,0.5,5,12,1.0,0.823007345199585,,
mec_degradation,51016,0.000974152993876487,err2,normal,0.5,5,12,,,0.14,1.0
lec_degradation,51016,0.000974152993876487,err2,normal,0.5,6,12,1.0,0.7184231281280518,,
mec_degradation,51016,0.000974152993876487,err2,normal,0.5,6,12,,,0.22,1.0
lec_degradation,51016,0.000974152993876487,err2,normal,0.5,7,12,1.0,0.8052213788032532,,
mec_degradation,51016,0.000974152993876487,err2,normal,0.5,7,12,,,0.2,1.0
lec_degradation,51016,0.000974152993876487,err2,normal,0.5,8,12,1.0,0.8499725461006165,,
mec_degradation,51016,0.000974152993876487,err2,normal,0.5,8,12,,,0.22,1.0
lec_degradation,51016,0.000974152993876487,err2,normal,0.5,9,12,1.0,0.7963046431541443,,
mec_degradation,51016,0.000974152993876487,err2,normal,0.5,9,12,,,0.24,1.0
lec_degradation,51016,0.000974152993876487,err2,normal,0.5,10,12,1.0,0.8360339403152466,,
mec_degradation,51016,0.000974152993876487,err2,normal,0.5,10,12,,,0.18,1.0
lec_degradation,51016,0.000974152993876487,err2,normal,0.5,11,12,1.0,0.8547453880310059,,
mec_degradation,51016,0.000974152993876487,err2,normal,0.5,11,12,,,0.32,1.0
lec_degradation,51016,0.000974152993876487,err2,normal,0.75,0,19,1.0,0.8242768049240112,,
mec_degradation,51016,0.000974152993876487,err2,normal,0.75,0,19,,,0.08,1.0
lec_degradation,51016,0.000974152993876487,err2,normal,0.75,1,19,1.0,0.735868513584137,,
mec_degradation,51016,0.000974152993876487,err2,normal,0.75,1,19,,,0.12,1.0
lec_degradation,51016,0.000974152993876487,err2,normal,0.75,2,19,1.0,0.8309717774391174,,
mec_degradation,51016,0.000974152993876487,err2,normal,0.75,2,19,,,0.08,1.0
lec_degradation,51016,0.000974152993876487,err2,normal,0.75,3,19,1.0,0.7644535899162292,,
mec_degradation,51016,0.000974152993876487,err2,normal,0.75,3,19,,,0.1,1.0
lec_degradation,51016,0.000974152993876487,err2,normal,0.75,4,19,1.0,0.8026261925697327,,
mec_degradation,51016,0.000974152993876487,err2,normal,0.75,4,19,,,0.08,1.0
lec_degradation,51016,0.000974152993876487,err2,normal,0.75,5,19,1.0,0.8207160830497742,,
mec_degradation,51016,0.000974152993876487,err2,normal,0.75,5,19,,,0.08,1.0
lec_degradation,51016,0.000974152993876487,err2,normal,0.75,6,19,1.0,0.7934063673019409,,
mec_degradation,51016,0.000974152993876487,err2,normal,0.75,6,19,,,0.1,1.0
lec_degradation,51016,0.000974152993876487,err2,normal,0.75,7,19,1.0,0.8016960024833679,,
mec_degradation,51016,0.000974152993876487,err2,normal,0.75,7,19,,,0.06,1.0
lec_degradation,51016,0.000974152993876487,err2,normal,0.75,8,19,1.0,0.8261728882789612,,
mec_degradation,51016,0.000974152993876487,err2,normal,0.75,8,19,,,0.1,1.0
lec_degradation,51016,0.000974152993876487,err2,normal,0.75,9,19,1.0,0.7903600931167603,,
mec_degradation,51016,0.000974152993876487,err2,normal,0.75,9,19,,,0.1,1.0
lec_degradation,51016,0.000974152993876487,err2,normal,0.75,10,19,1.0,0.7575308084487915,,
mec_degradation,51016,0.000974152993876487,err2,normal,0.75,10,19,,,0.08,1.0
lec_degradation,51016,0.000974152993876487,err2,normal,0.75,11,19,1.0,0.8151469230651855,,
mec_degradation,51016,0.000974152993876487,err2,normal,0.75,11,19,,,0.1,1.0
lec_degradation,51016,0.000974152993876487,err2,normal,0.9,0,22,0.5,0.7168933749198914,,
mec_degradation,51016,0.000974152993876487,err2,normal,0.9,0,22,,,0.06,1.0
lec_degradation,51016,0.000974152993876487,err2,normal,0.9,1,22,1.0,0.7589206695556641,,
mec_degradation,51016,0.000974152993876487,err2,normal,0.9,1,22,,,0.06,1.0
lec_degradation,51016,0.000974152993876487,err2,normal,0.9,2,22,1.0,0.7826072573661804,,
mec_degradation,51016,0.000974152993876487,err2,normal,0.9,2,22,,,0.06,1.0
lec_degradation,51016,0.000974152993876487,err2,normal,0.9,3,22,1.0,0.8106721639633179,,
mec_degradation,51016,0.000974152993876487,err2,normal,0.9,3,22,,,0.1,1.0
lec_degradation,51016,0.000974152993876487,err2,normal,0.9,4,22,0.5,0.7177700996398926,,
mec_degradation,51016,0.000974152993876487,err2,normal,0.9,4,22,,,0.08,1.0
lec_degradation,51016,0.000974152993876487,err2,normal,0.9,5,22,0.5,0.7133006453514099,,
mec_degradation,51016,0.000974152993876487,err2,normal,0.9,5,22,,,0.08,1.0
lec_degradation,51016,0.000974152993876487,err2,normal,0.9,6,22,0.5,0.717082142829895,,
mec_degradation,51016,0.000974152993876487,err2,normal,0.9,6,22,,,0.06,1.0
lec_degradation,51016,0.000974152993876487,err2,normal,0.9,7,22,1.0,0.7770742774009705,,
mec_degradation,51016,0.000974152993876487,err2,normal,0.9,7,22,,,0.06,1.0
lec_degradation,51016,0.000974152993876487,err2,normal,0.9,8,22,1.0,0.8225223422050476,,
mec_degradation,51016,0.000974152993876487,err2,normal,0.9,8,22,,,0.06,1.0
lec_degradation,51016,0.000974152993876487,err2,normal,0.9,9,22,0.5,0.6663651466369629,,
mec_degradation,51016,0.000974152993876487,err2,normal,0.9,9,22,,,0.08,1.0
lec_degradation,51016,0.000974152993876487,err2,normal,0.9,10,22,0.5,0.7661700248718262,,
mec_degradation,51016,0.000974152993876487,err2,normal,0.9,10,22,,,0.04,1.0
lec_degradation,51016,0.000974152993876487,err2,normal,0.9,11,22,1.0,0.7650200128555298,,
mec_degradation,51016,0.000974152993876487,err2,normal,0.9,11,22,,,0.04,1.0
lec_degradation,51016,0.000974152993876487,err2,dense,0.0,0,0,0.5,0.3360656499862671,,
mec_degradation,51016,0.000974152993876487,err2,dense,0.0,0,0,,,0.02,0.5
lec_degradation,51016,0.000974152993876487,err2,dense,0.0,1,0,0.5,0.3360656499862671,,
mec_degradation,51016,0.000974152993876487,err2,dense,0.0,1,0,,,0.02,0.5
lec_degradation,51016,0.000974152993876487,err2,dense,0.0,2,0,0.5,0.3360656499862671,,
mec_degradation,51016,0.000974152993876487,err2,dense,0.0,2,0,,,0.02,0.5
lec_degradation,51016,0.000974152993876487,err2,dense,0.0,3,0,0.5,0.3360656499862671,,
mec_degradation,51016,0.000974152993876487,err2,dense,0.0,3,0,,,0.02,0.5
lec_degradation,51016,0.000974152993876487,err2,dense,0.0,4,0,0.5,0.3360656499862671,,
mec_degradation,51016,0.000974152993876487,err2,dense,0.0,4,0,,,0.02,0.5
lec_degradation,51016,0.000974152993876487,err2,dense,0.0,5,0,0.5,0.3360656499862671,,
mec_degradation,51016,0.000974152993876487,err2,dense,0.0,5,0,,,0.02,0.5
lec_degradation,51016,0.000974152993876487,err2,dense,0.0,6,0,0.5,0.3360656499862671,,
mec_degradation,51016,0.000974152993876487,err2,dense,0.0,6,0,,,0.02,0.5
lec_degradation,51016,0.000974152993876487,err2,dense,0.0,7,0,0.5,0.3360656499862671,,
mec_degradation,51016,0.000974152993876487,err2,dense,0.0,7,0,,,0.02,0.5
lec_degradation,51016,0.000974152993876487,err2,dense,0.0,8,0,0.5,0.3360656499862671,,
mec_degradation,51016,0.000974152993876487,err2,dense,0.0,8,0,,,0.02,0.5
lec_degradation,51016,0.000974152993876487,err2,dense,0.0,9,0,0.5,0.3360656499862671,,
mec_degradation,51016,0.000974152993876487,err2,dense,0.0,9,0,,,0.02,0.5
lec_degradation,51016,0.000974152993876487,err2,dense,0.0,10,0,0.5,0.3360656499862671,,
mec_degradation,51016,0.000974152993876487,err2,dense,0.0,10,0,,,0.02,0.5
lec_degradation,51016,0.000974152993876487,err2,dense,0.0,11,0,0.5,0.3360656499862671,,
mec_degradation,51016,0.000974152993876487,err2,dense,0.0,11,0,,,0.02,0.5
lec_degradation,51016,0.000974152993876487,err2,dense,0.25,0,6,0.5,0.3360656499862671,,
mec_degradation,51016,0.000974152993876487,err2,dense,0.25,0,6,,,0.02,0.5
lec_degradation,51016,0.000974152993876487,err2,dense,0.25,1,6,0.5,0.3360656499862671,,
mec_degradation,51016,0.000974152993876487,err2,dense,0.25,1,6,,,0.02,0.5
lec_degradation,51016,0.000974152993876487,err2,dense,0.25,2,6,0.5,0.3360656499862671,,
mec_degradation,51016,0.000974152993876487,err2,dense,0.25,2,6,,,0.02,0.5
lec_degradation,51016,0.000974152993876487,err2,dense,0.25,3,6,0.5,0.3360656499862671,,
mec_degradation,51016,0.000974152993876487,err2,dense,0.25,3,6,,,0.02,0.5
lec_degradation,51016,0.000974152993876487,err2,dense,0.25,4,6,0.5,0.3360656499862671,,
mec_degradation,51016,0.000974152993876487,err2,dense,0.25,4,6,,,0.02,0.5
lec_degradation,51016,0.000974152993876487,err2,dense,0.25,5,6,0.5,0.3360656499862671,,
mec_degradation,51016,0.000974152993876487,err2,dense,0.25,5,6,,,0.02,0.5
lec_degradation,51016,0.000974152993876487,err2,dense,0.25,6,6,0.5,0.3360656499862671,,
mec_degradation,51016,0.000974152993876487,err2,dense,0.25,6,6,,,0.02,0.5
lec_degradation,51016,0.000974152993876487,err2,dense,0.25,7,6,0.5,0.3360656499862671,,
mec_degradation,51016,0.000974152993876487,err2,dense,0.25,7,6,,,0.02,0.5
lec_degradation,51016,0.000974152993876487,err2,dense,0.25,8,6,0.5,0.3360656499862671,,
mec_degradation,51016,0.000974152993876487,err2,dense,0.25,8,6,,,0.02,0.5
lec_degradation,51016,0.000974152993876487,err2,dense,0.25,9,6,0.5,0.3360656499862671,,
mec_degradation,51016,0.000974152993876487,err2,dense,0.25,9,6,,,0.02,0.5
lec_degradation,51016,0.000974152993876487,err2,dense,0.25,10,6,0.5,0.3360656499862671,,
mec_degradation,51016,0.000974152993876487,err2,dense,0.25,10,6,,,0.02,0.5
lec_degradation,51016,0.000974152993876487,err2,dense,0.25,11,6,0.5,0.3360656499862671,,
mec_degradation,51016,0.000974152993876487,err2,dense,0.25,11,6,,,0.02,0.5
lec_degradation,51016,0.000974152993876487,err2,dense,0.5,0,12,0.5,0.3360656499862671,,
mec_degradation,51016,0.000974152993876487,err2,dense,0.5,0,12,,,0.02,0.5
lec_degradation,51016,0.000974152993876487,err2,dense,0.5,1,12,0.5,0.3360656499862671,,
mec_degradation,51016,0.000974152993876487,err2,dense,0.5,1,12,,,0.02,0.5
lec_degradation,51016,0.000974152993876487,err2,dense,0.5,2,12,0.5,0.3360656499862671,,
mec_degradation,51016,0.000974152993876487,err2,dense,0.5,2,12,,,0.02,0.5
lec_degradation,51016,0.000974152993876487,err2,dense,0.5,3,12,0.5,0.3360656499862671,,
mec_degradation,51016,0.000974152993876487,err2,dense,0.5,3,12,,,0.02,0.5
lec_degradation,51016,0.000974152993876487,err2,dense,0.5,4,12,0.5,0.3360656499862671,,
mec_degradation,51016,0.000974152993876487,err2,dense,0.5,4,12,,,0.02,0.5
lec_degradation,51016,0.000974152993876487,err2,dense,0.5,5,12,0.5,0.3360656499862671,,
mec_degradation,51016,0.000974152993876487,err2,dense,0.5,5,12,,,0.02,0.5
lec_degradation,51016,0.000974152993876487,err2,dense,0.5,6,12,0.5,0.3360656499862671,,
mec_degradation,51016,0.000974152993876487,err2,dense,0.5,6,12,,,0.02,0.5
lec_degradation,51016,0.000974152993876487,err2,dense,0.5,7,12,0.5,0.3360656499862671,,
mec_degradation,51016,0.000974152993876487,err2,dense,0.5,7,12,,,0.02,0.5
lec_degradation,51016,0.000974152993876487,err2,dense,0.5,8,12,0.5,0.3360656499862671,,
mec_degradation,51016,0.000974152993876487,err2,dense,0.5,8,12,,,0.02,0.5
lec_degradation,51016,0.000974152993876487,err2,dense,0.5,9,12,0.5,0.3360656499862671,,
mec_degradation,51016,0.000974152993876487,err2,dense,0.5,9,12,,,0.02,0.5
lec_degradation,51016,0.000974152993876487,err2,dense,0.5,10,12,0.5,0.3360656499862671,,
mec_degradation,51016,0.000974152993876487,err2,dense,0.5,10,12,,,0.02,0.5
lec_degradation,51016,0.000974152993876487,err2,dense,0.5,11,12,0.5,0.3360656499862671,,
mec_degradation,51016,0.000974152993876487,err2,dense,0.5,11,12,,,0.02,0.5
lec_degradation,51016,0.000974152993876487,err2,dense,0.75,0,19,0.5,0.3360656499862671,,
mec_degradation,51016,0.000974152993876487,err2,dense,0.75,0,19,,,0.02,0.5
lec_degradation,51016,0.000974152993876487,err2,dense,0.75,1,19,0.5,0.3360656499862671,,
mec_degradation,51016,0.000974152993876487,err2,dense,0.75,1,19,,,0.02,0.5
lec_degradation,51016,0.000974152993876487,err2,dense,0.75,2,19,0.5,0.3360656499862671,,
mec_degradation,51016,0.000974152993876487,err2,dense,0.75,2,19,,,0.02,0.5
lec_degradation,51016,0.000974152993876487,err2,dense,0.75,3,19,0.5,0.3360656499862671,,
mec_degradation,51016,0.000974152993876487,err2,dense,0.75,3,19,,,0.02,0.5
lec_degradation,51016,0.000974152993876487,err2,dense,0.75,4,19,0.5,0.3360656499862671,,
mec_degradation,51016,0.000974152993876487,err2,dense,0.75,4,19,,,0.02,0.5
lec_degradation,51016,0.000974152993876487,err2,dense,0.75,5,19,0.5,0.3360656499862671,,
mec_degradation,51016,0.000974152993876487,err2,dense,0.75,5,19,,,0.02,0.5
lec_degradation,51016,0.000974152993876487,err2,dense,0.75,6,19,0.5,0.3360656499862671,,
mec_degradation,51016,0.000974152993876487,err2,dense,0.75,6,19,,,0.02,0.5
lec_degradation,51016,0.000974152993876487,err2,dense,0.75,7,19,0.5,0.3360656499862671,,
mec_degradation,51016,0.000974152993876487,err2,dense,0.75,7,19,,,0.02,0.5
lec_degradation,51016,0.000974152993876487,err2,dense,0.75,8,19,0.5,0.3360656499862671,,
mec_degradation,51016,0.000974152993876487,err2,dense,0.75,8,19,,,0.02,0.5
lec_degradation,51016,0.000974152993876487,err2,dense,0.75,9,19,0.5,0.3360656499862671,,
mec_degradation,51016,0.000974152993876487,err2,dense,0.75,9,19,,,0.02,0.5
lec_degradation,51016,0.000974152993876487,err2,dense,0.75,10,19,0.5,0.3360656499862671,,
mec_degradation,51016,0.000974152993876487,err2,dense,0.75,10,19,,,0.02,0.5
lec_degradation,51016,0.000974152993876487,err2,dense,0.75,11,19,0.5,0.3360656499862671,,
mec_degradation,51016,0.000974152993876487,err2,dense,0.75,11,19,,,0.02,0.5
lec_degradation,51016,0.000974152993876487,err2,dense,0.9,0,22,0.5,0.3360656499862671,,
mec_degradation,51016,0.000974152993876487,err2,dense,0.9,0,22,,,0.02,0.5
lec_degradation,51016,0.000974152993876487,err2,dense,0.9,1,22,0.5,0.3360656499862671,,
mec_degradation,51016,0.000974152993876487,err2,dense,0.9,1,22,,,0.02,0.5
lec_degradation,51016,0.000974152993876487,err2,dense,0.9,2,22,0.5,0.3360656499862671,,
mec_degradation,51016,0.000974152993876487,err2,dense,0.9,2,22,,,0.02,0.5
lec_degradation,51016,0.000974152993876487,err2,dense,0.9,3,22,0.5,0.3360656499862671,,
mec_degradation,51016,0.000974152993876487,err2,dense,0.9,3,22,,,0.02,0.5
lec_degradation,51016,0.000974152993876487,err2,dense,0.9,4,22,0.5,0.3360656499862671,,
mec_degradation,51016,0.000974152993876487,err2,dense,0.9,4,22,,,0.02,0.5
lec_degradation,51016,0.000974152993876487,err2,dense,0.9,5,22,0.5,0.3360656499862671,,
mec_degradation,51016,0.000974152993876487,err2,dense,0.9,5,22,,,0.02,0.5
lec_degradation,51016,0.000974152993876487,err2,dense,0.9,6,22,0.5,0.3360656499862671,,
mec_degradation,51016,0.000974152993876487,err2,dense,0.9,6,22,,,0.02,0.5
lec_degradation,51016,0.000974152993876487,err2,dense,0.9,7,22,0.5,0.3360656499862671,,
mec_degradation,51016,0.000974152993876487,err2,dense,0.9,7,22,,,0.02,0.5
lec_degradation,51016,0.000974152993876487,err2,dense,0.9,8,22,0.5,0.3360656499862671,,
mec_degradation,51016,0.000974152993876487,err2,dense,0.9,8,22,,,0.02,0.5
lec_degradation,51016,0.000974152993876487,err2,dense,0.9,9,22,0.5,0.3360656499862671,,
mec_degradation,51016,0.000974152993876487,err2,dense,0.9,9,22,,,0.02,0.5
lec_degradation,51016,0.000974152993876487,err2,dense,0.9,10,22,0.5,0.3360656499862671,,
mec_degradation,51016,0.000974152993876487,err2,dense,0.9,10,22,,,0.02,0.5
lec_degradation,51016,0.000974152993876487,err2,dense,0.9,11,22,0.5,0.3360656499862671,,
mec_degradation,51016,0.000974152993876487,err2,dense,0.9,11,22,,,0.02,0.5
lec_degradation,51017,0.0006755774957127869,base,normal,0.0,0,0,1.0,0.7582599520683289,,
mec_degradation,51017,0.0006755774957127869,base,normal,0.0,0,0,,,0.16,1.0
lec_degradation,51017,0.0006755774957127869,base,normal,0.0,1,0,1.0,0.7582599520683289,,
mec_degradation,51017,0.0006755774957127869,base,normal,0.0,1,0,,,0.16,1.0
lec_degradation,51017,0.0006755774957127869,base,normal,0.0,2,0,1.0,0.7582599520683289,,
mec_degradation,51017,0.0006755774957127869,base,normal,0.0,2,0,,,0.16,1.0
lec_degradation,51017,0.0006755774957127869,base,normal,0.0,3,0,1.0,0.7582599520683289,,
mec_degradation,51017,0.0006755774957127869,base,normal,0.0,3,0,,,0.16,1.0
lec_degradation,51017,0.0006755774957127869,base,normal,0.0,4,0,1.0,0.7582599520683289,,
mec_degradation,51017,0.0006755774957127869,base,normal,0.0,4,0,,,0.16,1.0
lec_degradation,51017,0.0006755774957127869,base,normal,0.0,5,0,1.0,0.7582599520683289,,
mec_degradation,51017,0.0006755774957127869,base,normal,0.0,5,0,,,0.16,1.0
lec_degradation,51017,0.0006755774957127869,base,normal,0.0,6,0,1.0,0.7582599520683289,,
mec_degradation,51017,0.0006755774957127869,base,normal,0.0,6,0,,,0.16,1.0
lec_degradation,51017,0.0006755774957127869,base,normal,0.0,7,0,1.0,0.7582599520683289,,
mec_degradation,51017,0.0006755774957127869,base,normal,0.0,7,0,,,0.16,1.0
lec_degradation,51017,0.0006755774957127869,base,normal,0.0,8,0,1.0,0.7582599520683289,,
mec_degradation,51017,0.0006755774957127869,base,normal,0.0,8,0,,,0.16,1.0
lec_degradation,51017,0.0006755774957127869,base,normal,0.0,9,0,1.0,0.7582599520683289,,
mec_degradation,51017,0.0006755774957127869,base,normal,0.0,9,0,,,0.16,1.0
lec_degradation,51017,0.0006755774957127869,base,normal,0.0,10,0,1.0,0.7582599520683289,,
mec_degradation,51017,0.0006755774957127869,base,normal,0.0,10,0,,,0.16,1.0
lec_degradation,51017,0.0006755774957127869,base,normal,0.0,11,0,1.0,0.7582599520683289,,
mec_degradation,51017,0.0006755774957127869,base,normal,0.0,11,0,,,0.16,1.0
lec_degradation,51017,0.0006755774957127869,base,normal,0.25,0,6,1.0,0.7709342241287231,,
mec_degradation,51017,0.0006755774957127869,base,normal,0.25,0,6,,,0.18,1.0
lec_degradation,51017,0.0006755774957127869,base,normal,0.25,1,6,1.0,0.7773125171661377,,
mec_degradation,51017,0.0006755774957127869,base,normal,0.25,1,6,,,0.16,1.0
lec_degradation,51017,0.0006755774957127869,base,normal,0.25,2,6,1.0,0.786835253238678,,
mec_degradation,51017,0.0006755774957127869,base,normal,0.25,2,6,,,0.16,1.0
lec_degradation,51017,0.0006755774957127869,base,normal,0.25,3,6,1.0,0.7453176379203796,,
mec_degradation,51017,0.0006755774957127869,base,normal,0.25,3,6,,,0.16,1.0
lec_degradation,51017,0.0006755774957127869,base,normal,0.25,4,6,1.0,0.770712673664093,,
mec_degradation,51017,0.0006755774957127869,base,normal,0.25,4,6,,,0.16,1.0
lec_degradation,51017,0.0006755774957127869,base,normal,0.25,5,6,1.0,0.7669194936752319,,
mec_degradation,51017,0.0006755774957127869,base,normal,0.25,5,6,,,0.14,1.0
lec_degradation,51017,0.0006755774957127869,base,normal,0.25,6,6,1.0,0.7682628631591797,,
mec_degradation,51017,0.0006755774957127869,base,normal,0.25,6,6,,,0.12,1.0
lec_degradation,51017,0.0006755774957127869,base,normal,0.25,7,6,1.0,0.7801747918128967,,
mec_degradation,51017,0.0006755774957127869,base,normal,0.25,7,6,,,0.18,1.0
lec_degradation,51017,0.0006755774957127869,base,normal,0.25,8,6,1.0,0.7721347212791443,,
mec_degradation,51017,0.0006755774957127869,base,normal,0.25,8,6,,,0.2,1.0
lec_degradation,51017,0.0006755774957127869,base,normal,0.25,9,6,1.0,0.7878314852714539,,
mec_degradation,51017,0.0006755774957127869,base,normal,0.25,9,6,,,0.22,1.0
lec_degradation,51017,0.0006755774957127869,base,normal,0.25,10,6,1.0,0.7828661203384399,,
mec_degradation,51017,0.0006755774957127869,base,normal,0.25,10,6,,,0.18,1.0
lec_degradation,51017,0.0006755774957127869,base,normal,0.25,11,6,1.0,0.7533848285675049,,
mec_degradation,51017,0.0006755774957127869,base,normal,0.25,11,6,,,0.14,1.0
lec_degradation,51017,0.0006755774957127869,base,normal,0.5,0,12,1.0,0.7817113399505615,,
mec_degradation,51017,0.0006755774957127869,base,normal,0.5,0,12,,,0.1,1.0
lec_degradation,51017,0.0006755774957127869,base,normal,0.5,1,12,1.0,0.7742094993591309,,
mec_degradation,51017,0.0006755774957127869,base,normal,0.5,1,12,,,0.16,1.0
lec_degradation,51017,0.0006755774957127869,base,normal,0.5,2,12,1.0,0.7817063331604004,,
mec_degradation,51017,0.0006755774957127869,base,normal,0.5,2,12,,,0.1,1.0
lec_degradation,51017,0.0006755774957127869,base,normal,0.5,3,12,1.0,0.7860386371612549,,
mec_degradation,51017,0.0006755774957127869,base,normal,0.5,3,12,,,0.16,1.0
lec_degradation,51017,0.0006755774957127869,base,normal,0.5,4,12,1.0,0.7810016870498657,,
mec_degradation,51017,0.0006755774957127869,base,normal,0.5,4,12,,,0.18,1.0
lec_degradation,51017,0.0006755774957127869,base,normal,0.5,5,12,1.0,0.7807214856147766,,
mec_degradation,51017,0.0006755774957127869,base,normal,0.5,5,12,,,0.2,1.0
lec_degradation,51017,0.0006755774957127869,base,normal,0.5,6,12,1.0,0.7849245667457581,,
mec_degradation,51017,0.0006755774957127869,base,normal,0.5,6,12,,,0.12,1.0
lec_degradation,51017,0.0006755774957127869,base,normal,0.5,7,12,1.0,0.7637474536895752,,
mec_degradation,51017,0.0006755774957127869,base,normal,0.5,7,12,,,0.08,1.0
lec_degradation,51017,0.0006755774957127869,base,normal,0.5,8,12,1.0,0.7664234042167664,,
mec_degradation,51017,0.0006755774957127869,base,normal,0.5,8,12,,,0.1,1.0
lec_degradation,51017,0.0006755774957127869,base,normal,0.5,9,12,1.0,0.7662447094917297,,
mec_degradation,51017,0.0006755774957127869,base,normal,0.5,9,12,,,0.18,1.0
lec_degradation,51017,0.0006755774957127869,base,normal,0.5,10,12,1.0,0.7655631303787231,,
mec_degradation,51017,0.0006755774957127869,base,normal,0.5,10,12,,,0.14,1.0
lec_degradation,51017,0.0006755774957127869,base,normal,0.5,11,12,1.0,0.785999059677124,,
mec_degradation,51017,0.0006755774957127869,base,normal,0.5,11,12,,,0.14,1.0
lec_degradation,51017,0.0006755774957127869,base,normal,0.75,0,19,1.0,0.8075838685035706,,
mec_degradation,51017,0.0006755774957127869,base,normal,0.75,0,19,,,0.08,1.0
lec_degradation,51017,0.0006755774957127869,base,normal,0.75,1,19,1.0,0.79326993227005,,
mec_degradation,51017,0.0006755774957127869,base,normal,0.75,1,19,,,0.16,1.0
lec_degradation,51017,0.0006755774957127869,base,normal,0.75,2,19,1.0,0.759695827960968,,
mec_degradation,51017,0.0006755774957127869,base,normal,0.75,2,19,,,0.08,1.0
lec_degradation,51017,0.0006755774957127869,base,normal,0.75,3,19,1.0,0.7760410308837891,,
mec_degradation,51017,0.0006755774957127869,base,normal,0.75,3,19,,,0.16,1.0
lec_degradation,51017,0.0006755774957127869,base,normal,0.75,4,19,1.0,0.7959993481636047,,
mec_degradation,51017,0.0006755774957127869,base,normal,0.75,4,19,,,0.12,1.0
lec_degradation,51017,0.0006755774957127869,base,normal,0.75,5,19,1.0,0.7717337608337402,,
mec_degradation,51017,0.0006755774957127869,base,normal,0.75,5,19,,,0.1,1.0
lec_degradation,51017,0.0006755774957127869,base,normal,0.75,6,19,1.0,0.7862818837165833,,
mec_degradation,51017,0.0006755774957127869,base,normal,0.75,6,19,,,0.02,1.0
lec_degradation,51017,0.0006755774957127869,base,normal,0.75,7,19,1.0,0.7495605945587158,,
mec_degradation,51017,0.0006755774957127869,base,normal,0.75,7,19,,,0.08,1.0
lec_degradation,51017,0.0006755774957127869,base,normal,0.75,8,19,1.0,0.7656760215759277,,
mec_degradation,51017,0.0006755774957127869,base,normal,0.75,8,19,,,0.12,1.0
lec_degradation,51017,0.0006755774957127869,base,normal,0.75,9,19,1.0,0.7690222859382629,,
mec_degradation,51017,0.0006755774957127869,base,normal,0.75,9,19,,,0.1,1.0
lec_degradation,51017,0.0006755774957127869,base,normal,0.75,10,19,1.0,0.7823061347007751,,
mec_degradation,51017,0.0006755774957127869,base,normal,0.75,10,19,,,0.12,1.0
lec_degradation,51017,0.0006755774957127869,base,normal,0.75,11,19,1.0,0.7800012230873108,,
mec_degradation,51017,0.0006755774957127869,base,normal,0.75,11,19,,,0.08,1.0
lec_degradation,51017,0.0006755774957127869,base,normal,0.9,0,22,1.0,0.7652457356452942,,
mec_degradation,51017,0.0006755774957127869,base,normal,0.9,0,22,,,0.06,1.0
lec_degradation,51017,0.0006755774957127869,base,normal,0.9,1,22,1.0,0.7224683165550232,,
mec_degradation,51017,0.0006755774957127869,base,normal,0.9,1,22,,,0.1,1.0
lec_degradation,51017,0.0006755774957127869,base,normal,0.9,2,22,1.0,0.7836483120918274,,
mec_degradation,51017,0.0006755774957127869,base,normal,0.9,2,22,,,0.06,1.0
lec_degradation,51017,0.0006755774957127869,base,normal,0.9,3,22,1.0,0.7554680705070496,,
mec_degradation,51017,0.0006755774957127869,base,normal,0.9,3,22,,,0.08,1.0
lec_degradation,51017,0.0006755774957127869,base,normal,0.9,4,22,1.0,0.7465176582336426,,
mec_degradation,51017,0.0006755774957127869,base,normal,0.9,4,22,,,0.06,1.0
lec_degradation,51017,0.0006755774957127869,base,normal,0.9,5,22,0.5,0.765190064907074,,
mec_degradation,51017,0.0006755774957127869,base,normal,0.9,5,22,,,0.08,1.0
lec_degradation,51017,0.0006755774957127869,base,normal,0.9,6,22,1.0,0.7678945064544678,,
mec_degradation,51017,0.0006755774957127869,base,normal,0.9,6,22,,,0.06,1.0
lec_degradation,51017,0.0006755774957127869,base,normal,0.9,7,22,1.0,0.7719757556915283,,
mec_degradation,51017,0.0006755774957127869,base,normal,0.9,7,22,,,0.1,1.0
lec_degradation,51017,0.0006755774957127869,base,normal,0.9,8,22,1.0,0.7329328060150146,,
mec_degradation,51017,0.0006755774957127869,base,normal,0.9,8,22,,,0.06,1.0
lec_degradation,51017,0.0006755774957127869,base,normal,0.9,9,22,1.0,0.7118855118751526,,
mec_degradation,51017,0.0006755774957127869,base,normal,0.9,9,22,,,0.06,1.0
lec_degradation,51017,0.0006755774957127869,base,normal,0.9,10,22,1.0,0.7619001269340515,,
mec_degradation,51017,0.0006755774957127869,base,normal,0.9,10,22,,,0.06,1.0
lec_degradation,51017,0.0006755774957127869,base,normal,0.9,11,22,1.0,0.7896690368652344,,
mec_degradation,51017,0.0006755774957127869,base,normal,0.9,11,22,,,0.08,1.0
lec_degradation,51017,0.0006755774957127869,base,dense,0.0,0,0,0.5,0.19945968687534332,,
mec_degradation,51017,0.0006755774957127869,base,dense,0.0,0,0,,,0.02,0.5
lec_degradation,51017,0.0006755774957127869,base,dense,0.0,1,0,0.5,0.19945968687534332,,
mec_degradation,51017,0.0006755774957127869,base,dense,0.0,1,0,,,0.02,0.5
lec_degradation,51017,0.0006755774957127869,base,dense,0.0,2,0,0.5,0.19945968687534332,,
mec_degradation,51017,0.0006755774957127869,base,dense,0.0,2,0,,,0.02,0.5
lec_degradation,51017,0.0006755774957127869,base,dense,0.0,3,0,0.5,0.19945968687534332,,
mec_degradation,51017,0.0006755774957127869,base,dense,0.0,3,0,,,0.02,0.5
lec_degradation,51017,0.0006755774957127869,base,dense,0.0,4,0,0.5,0.19945968687534332,,
mec_degradation,51017,0.0006755774957127869,base,dense,0.0,4,0,,,0.02,0.5
lec_degradation,51017,0.0006755774957127869,base,dense,0.0,5,0,0.5,0.19945968687534332,,
mec_degradation,51017,0.0006755774957127869,base,dense,0.0,5,0,,,0.02,0.5
lec_degradation,51017,0.0006755774957127869,base,dense,0.0,6,0,0.5,0.19945968687534332,,
mec_degradation,51017,0.0006755774957127869,base,dense,0.0,6,0,,,0.02,0.5
lec_degradation,51017,0.0006755774957127869,base,dense,0.0,7,0,0.5,0.19945968687534332,,
mec_degradation,51017,0.0006755774957127869,base,dense,0.0,7,0,,,0.02,0.5
lec_degradation,51017,0.0006755774957127869,base,dense,0.0,8,0,0.5,0.19945968687534332,,
mec_degradation,51017,0.0006755774957127869,base,dense,0.0,8,0,,,0.02,0.5
lec_degradation,51017,0.0006755774957127869,base,dense,0.0,9,0,0.5,0.19945968687534332,,
mec_degradation,51017,0.0006755774957127869,base,dense,0.0,9,0,,,0.02,0.5
lec_degradation,51017,0.0006755774957127869,base,dense,0.0,10,0,0.5,0.19945968687534332,,
mec_degradation,51017,0.0006755774957127869,base,dense,0.0,10,0,,,0.02,0.5
lec_degradation,51017,0.0006755774957127869,base,dense,0.0,11,0,0.5,0.19945968687534332,,
mec_degradation,51017,0.0006755774957127869,base,dense,0.0,11,0,,,0.02,0.5
lec_degradation,51017,0.0006755774957127869,base,dense,0.25,0,6,0.5,0.19945968687534332,,
mec_degradation,51017,0.0006755774957127869,base,dense,0.25,0,6,,,0.02,0.5
lec_degradation,51017,0.0006755774957127869,base,dense,0.25,1,6,0.5,0.19945968687534332,,
mec_degradation,51017,0.0006755774957127869,base,dense,0.25,1,6,,,0.02,0.5
lec_degradation,51017,0.0006755774957127869,base,dense,0.25,2,6,0.5,0.19945968687534332,,
mec_degradation,51017,0.0006755774957127869,base,dense,0.25,2,6,,,0.02,0.5
lec_degradation,51017,0.0006755774957127869,base,dense,0.25,3,6,0.5,0.19945968687534332,,
mec_degradation,51017,0.0006755774957127869,base,dense,0.25,3,6,,,0.02,0.5
lec_degradation,51017,0.0006755774957127869,base,dense,0.25,4,6,0.5,0.19945968687534332,,
mec_degradation,51017,0.0006755774957127869,base,dense,0.25,4,6,,,0.02,0.5
lec_degradation,51017,0.0006755774957127869,base,dense,0.25,5,6,0.5,0.19945968687534332,,
mec_degradation,51017,0.0006755774957127869,base,dense,0.25,5,6,,,0.02,0.5
lec_degradation,51017,0.0006755774957127869,base,dense,0.25,6,6,0.5,0.19945968687534332,,
mec_degradation,51017,0.0006755774957127869,base,dense,0.25,6,6,,,0.02,0.5
lec_degradation,51017,0.0006755774957127869,base,dense,0.25,7,6,0.5,0.19945968687534332,,
mec_degradation,51017,0.0006755774957127869,base,dense,0.25,7,6,,,0.02,0.5
lec_degradation,51017,0.0006755774957127869,base,dense,0.25,8,6,0.5,0.19945968687534332,,
mec_degradation,51017,0.0006755774957127869,base,dense,0.25,8,6,,,0.02,0.5
lec_degradation,51017,0.0006755774957127869,base,dense,0.25,9,6,0.5,0.19945968687534332,,
mec_degradation,51017,0.0006755774957127869,base,dense,0.25,9,6,,,0.02,0.5
lec_degradation,51017,0.0006755774957127869,base,dense,0.25,10,6,0.5,0.19945968687534332,,
mec_degradation,51017,0.0006755774957127869,base,dense,0.25,10,6,,,0.02,0.5
lec_degradation,51017,0.0006755774957127869,base,dense,0.25,11,6,0.5,0.19945968687534332,,
mec_degradation,51017,0.0006755774957127869,base,dense,0.25,11,6,,,0.02,0.5
lec_degradation,51017,0.0006755774957127869,base,dense,0.5,0,12,0.5,0.19945968687534332,,
mec_degradation,51017,0.0006755774957127869,base,dense,0.5,0,12,,,0.02,0.5
lec_degradation,51017,0.0006755774957127869,base,dense,0.5,1,12,0.5,0.19945968687534332,,
mec_degradation,51017,0.0006755774957127869,base,dense,0.5,1,12,,,0.02,0.5
lec_degradation,51017,0.0006755774957127869,base,dense,0.5,2,12,0.5,0.19945968687534332,,
mec_degradation,51017,0.0006755774957127869,base,dense,0.5,2,12,,,0.02,0.5
lec_degradation,51017,0.0006755774957127869,base,dense,0.5,3,12,0.5,0.19945968687534332,,
mec_degradation,51017,0.0006755774957127869,base,dense,0.5,3,12,,,0.02,0.5
lec_degradation,51017,0.0006755774957127869,base,dense,0.5,4,12,0.5,0.19945968687534332,,
mec_degradation,51017,0.0006755774957127869,base,dense,0.5,4,12,,,0.02,0.5
lec_degradation,51017,0.0006755774957127869,base,dense,0.5,5,12,0.5,0.19945968687534332,,
mec_degradation,51017,0.0006755774957127869,base,dense,0.5,5,12,,,0.02,0.5
lec_degradation,51017,0.0006755774957127869,base,dense,0.5,6,12,0.5,0.19945968687534332,,
mec_degradation,51017,0.0006755774957127869,base,dense,0.5,6,12,,,0.02,0.5
lec_degradation,51017,0.0006755774957127869,base,dense,0.5,7,12,0.5,0.19945968687534332,,
mec_degradation,51017,0.0006755774957127869,base,dense,0.5,7,12,,,0.02,0.5
lec_degradation,51017,0.0006755774957127869,base,dense,0.5,8,12,0.5,0.19945968687534332,,
mec_degradation,51017,0.0006755774957127869,base,dense,0.5,8,12,,,0.02,0.5
lec_degradation,51017,0.0006755774957127869,base,dense,0.5,9,12,0.5,0.19945968687534332,,
mec_degradation,51017,0.0006755774957127869,base,dense,0.5,9,12,,,0.02,0.5
lec_degradation,51017,0.0006755774957127869,base,dense,0.5,10,12,0.5,0.19945968687534332,,
mec_degradation,51017,0.0006755774957127869,base,dense,0.5,10,12,,,0.02,0.5
lec_degradation,51017,0.0006755774957127869,base,dense,0.5,11,12,0.5,0.19945968687534332,,
mec_degradation,51017,0.0006755774957127869,base,dense,0.5,11,12,,,0.02,0.5
lec_degradation,51017,0.0006755774957127869,base,dense,0.75,0,19,0.5,0.19945968687534332,,
mec_degradation,51017,0.0006755774957127869,base,dense,0.75,0,19,,,0.02,0.5
lec_degradation,51017,0.0006755774957127869,base,dense,0.75,1,19,0.5,0.19945968687534332,,
mec_degradation,51017,0.0006755774957127869,base,dense,0.75,1,19,,,0.02,0.5
lec_degradation,51017,0.0006755774957127869,base,dense,0.75,2,19,0.5,0.19945968687534332,,
mec_degradation,51017,0.0006755774957127869,base,dense,0.75,2,19,,,0.02,0.5
lec_degradation,51017,0.0006755774957127869,base,dense,0.75,3,19,0.5,0.19945968687534332,,
mec_degradation,51017,0.0006755774957127869,base,dense,0.75,3,19,,,0.02,0.5
lec_degradation,51017,0.0006755774957127869,base,dense,0.75,4,19,0.5,0.19945968687534332,,
mec_degradation,51017,0.0006755774957127869,base,dense,0.75,4,19,,,0.02,0.5
lec_degradation,51017,0.0006755774957127869,base,dense,0.75,5,19,0.5,0.19945968687534332,,
mec_degradation,51017,0.0006755774957127869,base,dense,0.75,5,19,,,0.02,0.5
lec_degradation,51017,0.0006755774957127869,base,dense,0.75,6,19,0.5,0.19945968687534332,,
mec_degradation,51017,0.0006755774957127869,base,dense,0.75,6,19,,,0.02,0.5
lec_degradation,51017,0.0006755774957127869,base,dense,0.75,7,19,0.5,0.19945968687534332,,
mec_degradation,51017,0.0006755774957127869,base,dense,0.75,7,19,,,0.02,0.5
lec_degradation,51017,0.0006755774957127869,base,dense,0.75,8,19,0.5,0.19945968687534332,,
mec_degradation,51017,0.0006755774957127869,base,dense,0.75,8,19,,,0.02,0.5
lec_degradation,51017,0.0006755774957127869,base,dense,0.75,9,19,0.5,0.19945968687534332,,
mec_degradation,51017,0.0006755774957127869,base,dense,0.75,9,19,,,0.02,0.5
lec_degradation,51017,0.0006755774957127869,base,dense,0.75,10,19,0.5,0.19945968687534332,,
mec_degradation,51017,0.0006755774957127869,base,dense,0.75,10,19,,,0.02,0.5
lec_degradation,51017,0.0006755774957127869,base,dense,0.75,11,19,0.5,0.19945968687534332,,
mec_degradation,51017,0.0006755774957127869,base,dense,0.75,11,19,,,0.02,0.5
lec_degradation,51017,0.0006755774957127869,base,dense,0.9,0,22,0.5,0.19945968687534332,,
mec_degradation,51017,0.0006755774957127869,base,dense,0.9,0,22,,,0.02,0.5
lec_degradation,51017,0.0006755774957127869,base,dense,0.9,1,22,0.5,0.19945968687534332,,
mec_degradation,51017,0.0006755774957127869,base,dense,0.9,1,22,,,0.02,0.5
lec_degradation,51017,0.0006755774957127869,base,dense,0.9,2,22,0.5,0.19945968687534332,,
mec_degradation,51017,0.0006755774957127869,base,dense,0.9,2,22,,,0.02,0.5
lec_degradation,51017,0.0006755774957127869,base,dense,0.9,3,22,0.5,0.19945968687534332,,
mec_degradation,51017,0.0006755774957127869,base,dense,0.9,3,22,,,0.02,0.5
lec_degradation,51017,0.0006755774957127869,base,dense,0.9,4,22,0.5,0.19945968687534332,,
mec_degradation,51017,0.0006755774957127869,base,dense,0.9,4,22,,,0.02,0.5
lec_degradation,51017,0.0006755774957127869,base,dense,0.9,5,22,0.5,0.19945968687534332,,
mec_degradation,51017,0.0006755774957127869,base,dense,0.9,5,22,,,0.02,0.5
lec_degradation,51017,0.0006755774957127869,base,dense,0.9,6,22,0.5,0.19945968687534332,,
mec_degradation,51017,0.0006755774957127869,base,dense,0.9,6,22,,,0.02,0.5
lec_degradation,51017,0.0006755774957127869,base,dense,0.9,7,22,0.5,0.19945968687534332,,
mec_degradation,51017,0.0006755774957127869,base,dense,0.9,7,22,,,0.02,0.5
lec_degradation,51017,0.0006755774957127869,base,dense,0.9,8,22,0.5,0.19945968687534332,,
mec_degradation,51017,0.0006755774957127869,base,dense,0.9,8,22,,,0.02,0.5
lec_degradation,51017,0.0006755774957127869,base,dense,0.9,9,22,0.5,0.19945968687534332,,
mec_degradation,51017,0.0006755774957127869,base,dense,0.9,9,22,,,0.02,0.5
lec_degradation,51017,0.0006755774957127869,base,dense,0.9,10,22,0.5,0.19945968687534332,,
mec_degradation,51017,0.0006755774957127869,base,dense,0.9,10,22,,,0.02,0.5
lec_degradation,51017,0.0006755774957127869,base,dense,0.9,11,22,0.5,0.19945968687534332,,
mec_degradation,51017,0.0006755774957127869,base,dense,0.9,11,22,,,0.02,0.5
lec_degradation,51017,0.0006755774957127869,err2,normal,0.0,0,0,1.0,0.8983110189437866,,
mec_degradation,51017,0.0006755774957127869,err2,normal,0.0,0,0,,,0.66,1.0
lec_degradation,51017,0.0006755774957127869,err2,normal,0.0,1,0,1.0,0.8983110189437866,,
mec_degradation,51017,0.0006755774957127869,err2,normal,0.0,1,0,,,0.66,1.0
lec_degradation,51017,0.0006755774957127869,err2,normal,0.0,2,0,1.0,0.8983110189437866,,
mec_degradation,51017,0.0006755774957127869,err2,normal,0.0,2,0,,,0.66,1.0
lec_degradation,51017,0.0006755774957127869,err2,normal,0.0,3,0,1.0,0.8983110189437866,,
mec_degradation,51017,0.0006755774957127869,err2,normal,0.0,3,0,,,0.66,1.0
lec_degradation,51017,0.0006755774957127869,err2,normal,0.0,4,0,1.0,0.8983110189437866,,
mec_degradation,51017,0.0006755774957127869,err2,normal,0.0,4,0,,,0.66,1.0
lec_degradation,51017,0.0006755774957127869,err2,normal,0.0,5,0,1.0,0.8983110189437866,,
mec_degradation,51017,0.0006755774957127869,err2,normal,0.0,5,0,,,0.66,1.0
lec_degradation,51017,0.0006755774957127869,err2,normal,0.0,6,0,1.0,0.8983110189437866,,
mec_degradation,51017,0.0006755774957127869,err2,normal,0.0,6,0,,,0.66,1.0
lec_degradation,51017,0.0006755774957127869,err2,normal,0.0,7,0,1.0,0.8983110189437866,,
mec_degradation,51017,0.0006755774957127869,err2,normal,0.0,7,0,,,0.66,1.0
lec_degradation,51017,0.0006755774957127869,err2,normal,0.0,8,0,1.0,0.8983110189437866,,
mec_degradation,51017,0.0006755774957127869,err2,normal,0.0,8,0,,,0.66,1.0
lec_degradation,51017,0.0006755774957127869,err2,normal,0.0,9,0,1.0,0.8983110189437866,,
mec_degradation,51017,0.0006755774957127869,err2,normal,0.0,9,0,,,0.66,1.0
lec_degradation,51017,0.0006755774957127869,err2,normal,0.0,10,0,1.0,0.8983110189437866,,
mec_degradation,51017,0.0006755774957127869,err2,normal,0.0,10,0,,,0.66,1.0
lec_degradation,51017,0.0006755774957127869,err2,normal,0.0,11,0,1.0,0.8983110189437866,,
mec_degradation,51017,0.0006755774957127869,err2,normal,0.0,11,0,,,0.66,1.0
lec_degradation,51017,0.0006755774957127869,err2,normal,0.25,0,6,1.0,0.8368158936500549,,
mec_degradation,51017,0.0006755774957127869,err2,normal,0.25,0,6,,,0.48,1.0
lec_degradation,51017,0.0006755774957127869,err2,normal,0.25,1,6,1.0,0.8396540284156799,,
mec_degradation,51017,0.0006755774957127869,err2,normal,0.25,1,6,,,0.28,1.0
lec_degradation,51017,0.0006755774957127869,err2,normal,0.25,2,6,1.0,0.8822484612464905,,
mec_degradation,51017,0.0006755774957127869,err2,normal,0.25,2,6,,,0.32,1.0
lec_degradation,51017,0.0006755774957127869,err2,normal,0.25,3,6,1.0,0.8703363537788391,,
mec_degradation,51017,0.0006755774957127869,err2,normal,0.25,3,6,,,0.4,1.0
lec_degradation,51017,0.0006755774957127869,err2,normal,0.25,4,6,1.0,0.8570137619972229,,
mec_degradation,51017,0.0006755774957127869,err2,normal,0.25,4,6,,,0.36,1.0
lec_degradation,51017,0.0006755774957127869,err2,normal,0.25,5,6,1.0,0.8842459321022034,,
mec_degradation,51017,0.0006755774957127869,err2,normal,0.25,5,6,,,0.38,1.0
lec_degradation,51017,0.0006755774957127869,err2,normal,0.25,6,6,1.0,0.8588814735412598,,
mec_degradation,51017,0.0006755774957127869,err2,normal,0.25,6,6,,,0.3,1.0
lec_degradation,51017,0.0006755774957127869,err2,normal,0.25,7,6,1.0,0.8340754508972168,,
mec_degradation,51017,0.0006755774957127869,err2,normal,0.25,7,6,,,0.38,1.0
lec_degradation,51017,0.0006755774957127869,err2,normal,0.25,8,6,1.0,0.853675127029419,,
mec_degradation,51017,0.0006755774957127869,err2,normal,0.25,8,6,,,0.38,1.0
lec_degradation,51017,0.0006755774957127869,err2,normal,0.25,9,6,1.0,0.8506383299827576,,
mec_degradation,51017,0.0006755774957127869,err2,normal,0.25,9,6,,,0.46,1.0
lec_degradation,51017,0.0006755774957127869,err2,normal,0.25,10,6,1.0,0.865824282169342,,
mec_degradation,51017,0.0006755774957127869,err2,normal,0.25,10,6,,,0.44,1.0
lec_degradation,51017,0.0006755774957127869,err2,normal,0.25,11,6,1.0,0.8843759298324585,,
mec_degradation,51017,0.0006755774957127869,err2,normal,0.25,11,6,,,0.42,1.0
lec_degradation,51017,0.0006755774957127869,err2,normal,0.5,0,12,1.0,0.8100100755691528,,
mec_degradation,51017,0.0006755774957127869,err2,normal,0.5,0,12,,,0.28,1.0
lec_degradation,51017,0.0006755774957127869,err2,normal,0.5,1,12,1.0,0.8578096032142639,,
mec_degradation,51017,0.0006755774957127869,err2,normal,0.5,1,12,,,0.28,1.0
lec_degradation,51017,0.0006755774957127869,err2,normal,0.5,2,12,1.0,0.803456723690033,,
mec_degradation,51017,0.0006755774957127869,err2,normal,0.5,2,12,,,0.18,1.0
lec_degradation,51017,0.0006755774957127869,err2,normal,0.5,3,12,1.0,0.8395702242851257,,
mec_degradation,51017,0.0006755774957127869,err2,normal,0.5,3,12,,,0.14,1.0
lec_degradation,51017,0.0006755774957127869,err2,normal,0.5,4,12,1.0,0.807985782623291,,
mec_degradation,51017,0.0006755774957127869,err2,normal,0.5,4,12,,,0.18,1.0
lec_degradation,51017,0.0006755774957127869,err2,normal,0.5,5,12,1.0,0.8397627472877502,,
mec_degradation,51017,0.0006755774957127869,err2,normal,0.5,5,12,,,0.28,1.0
lec_degradation,51017,0.0006755774957127869,err2,normal,0.5,6,12,1.0,0.8414340019226074,,
mec_degradation,51017,0.0006755774957127869,err2,normal,0.5,6,12,,,0.24,1.0
lec_degradation,51017,0.0006755774957127869,err2,normal,0.5,7,12,1.0,0.8614670634269714,,
mec_degradation,51017,0.0006755774957127869,err2,normal,0.5,7,12,,,0.2,1.0
lec_degradation,51017,0.0006755774957127869,err2,normal,0.5,8,12,0.5,0.7923719882965088,,
mec_degradation,51017,0.0006755774957127869,err2,normal,0.5,8,12,,,0.22,1.0
lec_degradation,51017,0.0006755774957127869,err2,normal,0.5,9,12,1.0,0.8574278950691223,,
mec_degradation,51017,0.0006755774957127869,err2,normal,0.5,9,12,,,0.24,1.0
lec_degradation,51017,0.0006755774957127869,err2,normal,0.5,10,12,1.0,0.8703626990318298,,
mec_degradation,51017,0.0006755774957127869,err2,normal,0.5,10,12,,,0.14,1.0
lec_degradation,51017,0.0006755774957127869,err2,normal,0.5,11,12,1.0,0.8336780071258545,,
mec_degradation,51017,0.0006755774957127869,err2,normal,0.5,11,12,,,0.2,1.0
lec_degradation,51017,0.0006755774957127869,err2,normal,0.75,0,19,1.0,0.864708423614502,,
mec_degradation,51017,0.0006755774957127869,err2,normal,0.75,0,19,,,0.04,1.0
lec_degradation,51017,0.0006755774957127869,err2,normal,0.75,1,19,1.0,0.8430531024932861,,
mec_degradation,51017,0.0006755774957127869,err2,normal,0.75,1,19,,,0.2,1.0
lec_degradation,51017,0.0006755774957127869,err2,normal,0.75,2,19,1.0,0.8118385076522827,,
mec_degradation,51017,0.0006755774957127869,err2,normal,0.75,2,19,,,0.1,1.0
lec_degradation,51017,0.0006755774957127869,err2,normal,0.75,3,19,0.5,0.7742764353752136,,
mec_degradation,51017,0.0006755774957127869,err2,normal,0.75,3,19,,,0.08,1.0
lec_degradation,51017,0.0006755774957127869,err2,normal,0.75,4,19,1.0,0.8510504961013794,,
mec_degradation,51017,0.0006755774957127869,err2,normal,0.75,4,19,,,0.08,1.0
lec_degradation,51017,0.0006755774957127869,err2,normal,0.75,5,19,1.0,0.8011823892593384,,
mec_degradation,51017,0.0006755774957127869,err2,normal,0.75,5,19,,,0.08,1.0
lec_degradation,51017,0.0006755774957127869,err2,normal,0.75,6,19,1.0,0.7994686365127563,,
mec_degradation,51017,0.0006755774957127869,err2,normal,0.75,6,19,,,0.14,1.0
lec_degradation,51017,0.0006755774957127869,err2,normal,0.75,7,19,1.0,0.7935272455215454,,
mec_degradation,51017,0.0006755774957127869,err2,normal,0.75,7,19,,,0.1,1.0
lec_degradation,51017,0.0006755774957127869,err2,normal,0.75,8,19,0.5,0.7471610903739929,,
mec_degradation,51017,0.0006755774957127869,err2,normal,0.75,8,19,,,0.1,1.0
lec_degradation,51017,0.0006755774957127869,err2,normal,0.75,9,19,1.0,0.8721228837966919,,
mec_degradation,51017,0.0006755774957127869,err2,normal,0.75,9,19,,,0.18,1.0
lec_degradation,51017,0.0006755774957127869,err2,normal,0.75,10,19,1.0,0.8284099102020264,,
mec_degradation,51017,0.0006755774957127869,err2,normal,0.75,10,19,,,0.08,1.0
lec_degradation,51017,0.0006755774957127869,err2,normal,0.75,11,19,1.0,0.8095892071723938,,
mec_degradation,51017,0.0006755774957127869,err2,normal,0.75,11,19,,,0.12,1.0
lec_degradation,51017,0.0006755774957127869,err2,normal,0.9,0,22,1.0,0.8398960828781128,,
mec_degradation,51017,0.0006755774957127869,err2,normal,0.9,0,22,,,0.04,1.0
lec_degradation,51017,0.0006755774957127869,err2,normal,0.9,1,22,1.0,0.8044642806053162,,
mec_degradation,51017,0.0006755774957127869,err2,normal,0.9,1,22,,,0.06,1.0
lec_degradation,51017,0.0006755774957127869,err2,normal,0.9,2,22,1.0,0.8243387341499329,,
mec_degradation,51017,0.0006755774957127869,err2,normal,0.9,2,22,,,0.06,1.0
lec_degradation,51017,0.0006755774957127869,err2,normal,0.9,3,22,0.5,0.7959258556365967,,
mec_degradation,51017,0.0006755774957127869,err2,normal,0.9,3,22,,,0.04,1.0
lec_degradation,51017,0.0006755774957127869,err2,normal,0.9,4,22,1.0,0.7991875410079956,,
mec_degradation,51017,0.0006755774957127869,err2,normal,0.9,4,22,,,0.08,1.0
lec_degradation,51017,0.0006755774957127869,err2,normal,0.9,5,22,1.0,0.8238588571548462,,
mec_degradation,51017,0.0006755774957127869,err2,normal,0.9,5,22,,,0.06,1.0
lec_degradation,51017,0.0006755774957127869,err2,normal,0.9,6,22,0.5,0.7737778425216675,,
mec_degradation,51017,0.0006755774957127869,err2,normal,0.9,6,22,,,0.04,1.0
lec_degradation,51017,0.0006755774957127869,err2,normal,0.9,7,22,0.5,0.7995008826255798,,
mec_degradation,51017,0.0006755774957127869,err2,normal,0.9,7,22,,,0.08,1.0
lec_degradation,51017,0.0006755774957127869,err2,normal,0.9,8,22,1.0,0.8065528869628906,,
mec_degradation,51017,0.0006755774957127869,err2,normal,0.9,8,22,,,0.06,1.0
lec_degradation,51017,0.0006755774957127869,err2,normal,0.9,9,22,0.5,0.7762175798416138,,
mec_degradation,51017,0.0006755774957127869,err2,normal,0.9,9,22,,,0.06,1.0
lec_degradation,51017,0.0006755774957127869,err2,normal,0.9,10,22,0.5,0.797477662563324,,
mec_degradation,51017,0.0006755774957127869,err2,normal,0.9,10,22,,,0.06,1.0
lec_degradation,51017,0.0006755774957127869,err2,normal,0.9,11,22,1.0,0.8398600220680237,,
mec_degradation,51017,0.0006755774957127869,err2,normal,0.9,11,22,,,0.04,1.0
lec_degradation,51017,0.0006755774957127869,err2,dense,0.0,0,0,0.5,0.34104201197624207,,
mec_degradation,51017,0.0006755774957127869,err2,dense,0.0,0,0,,,0.02,0.5
lec_degradation,51017,0.0006755774957127869,err2,dense,0.0,1,0,0.5,0.34104201197624207,,
mec_degradation,51017,0.0006755774957127869,err2,dense,0.0,1,0,,,0.02,0.5
lec_degradation,51017,0.0006755774957127869,err2,dense,0.0,2,0,0.5,0.34104201197624207,,
mec_degradation,51017,0.0006755774957127869,err2,dense,0.0,2,0,,,0.02,0.5
lec_degradation,51017,0.0006755774957127869,err2,dense,0.0,3,0,0.5,0.34104201197624207,,
mec_degradation,51017,0.0006755774957127869,err2,dense,0.0,3,0,,,0.02,0.5
lec_degradation,51017,0.0006755774957127869,err2,dense,0.0,4,0,0.5,0.34104201197624207,,
mec_degradation,51017,0.0006755774957127869,err2,dense,0.0,4,0,,,0.02,0.5
lec_degradation,51017,0.0006755774957127869,err2,dense,0.0,5,0,0.5,0.34104201197624207,,
mec_degradation,51017,0.0006755774957127869,err2,dense,0.0,5,0,,,0.02,0.5
lec_degradation,51017,0.0006755774957127869,err2,dense,0.0,6,0,0.5,0.34104201197624207,,
mec_degradation,51017,0.0006755774957127869,err2,dense,0.0,6,0,,,0.02,0.5
lec_degradation,51017,0.0006755774957127869,err2,dense,0.0,7,0,0.5,0.34104201197624207,,
mec_degradation,51017,0.0006755774957127869,err2,dense,0.0,7,0,,,0.02,0.5
lec_degradation,51017,0.0006755774957127869,err2,dense,0.0,8,0,0.5,0.34104201197624207,,
mec_degradation,51017,0.0006755774957127869,err2,dense,0.0,8,0,,,0.02,0.5
lec_degradation,51017,0.0006755774957127869,err2,dense,0.0,9,0,0.5,0.34104201197624207,,
mec_degradation,51017,0.0006755774957127869,err2,dense,0.0,9,0,,,0.02,0.5
lec_degradation,51017,0.0006755774957127869,err2,dense,0.0,10,0,0.5,0.34104201197624207,,
mec_degradation,51017,0.0006755774957127869,err2,dense,0.0,10,0,,,0.02,0.5
lec_degradation,51017,0.0006755774957127869,err2,dense,0.0,11,0,0.5,0.34104201197624207,,
mec_degradation,51017,0.0006755774957127869,err2,dense,0.0,11,0,,,0.02,0.5
lec_degradation,51017,0.0006755774957127869,err2,dense,0.25,0,6,0.5,0.34104201197624207,,
mec_degradation,51017,0.0006755774957127869,err2,dense,0.25,0,6,,,0.02,0.5
lec_degradation,51017,0.0006755774957127869,err2,dense,0.25,1,6,0.5,0.34104201197624207,,
mec_degradation,51017,0.0006755774957127869,err2,dense,0.25,1,6,,,0.02,0.5
lec_degradation,51017,0.0006755774957127869,err2,dense,0.25,2,6,0.5,0.34104201197624207,,
mec_degradation,51017,0.0006755774957127869,err2,dense,0.25,2,6,,,0.02,0.5
lec_degradation,51017,0.0006755774957127869,err2,dense,0.25,3,6,0.5,0.34104201197624207,,
mec_degradation,51017,0.0006755774957127869,err2,dense,0.25,3,6,,,0.02,0.5
lec_degradation,51017,0.0006755774957127869,err2,dense,0.25,4,6,0.5,0.34104201197624207,,
mec_degradation,51017,0.0006755774957127869,err2,dense,0.25,4,6,,,0.02,0.5
lec_degradation,51017,0.0006755774957127869,err2,dense,0.25,5,6,0.5,0.34104201197624207,,
mec_degradation,51017,0.0006755774957127869,err2,dense,0.25,5,6,,,0.02,0.5
lec_degradation,51017,0.0006755774957127869,err2,dense,0.25,6,6,0.5,0.34104201197624207,,
mec_degradation,51017,0.0006755774957127869,err2,dense,0.25,6,6,,,0.02,0.5
lec_degradation,51017,0.0006755774957127869,err2,dense,0.25,7,6,0.5,0.34104201197624207,,
mec_degradation,51017,0.0006755774957127869,err2,dense,0.25,7,6,,,0.02,0.5
lec_degradation,51017,0.0006755774957127869,err2,dense,0.25,8,6,0.5,0.34104201197624207,,
mec_degradation,51017,0.0006755774957127869,err2,dense,0.25,8,6,,,0.02,0.5
lec_degradation,51017,0.0006755774957127869,err2,dense,0.25,9,6,0.5,0.34104201197624207,,
mec_degradation,51017,0.0006755774957127869,err2,dense,0.25,9,6,,,0.02,0.5
lec_degradation,51017,0.0006755774957127869,err2,dense,0.25,10,6,0.5,0.34104201197624207,,
mec_degradation,51017,0.0006755774957127869,err2,dense,0.25,10,6,,,0.02,0.5
lec_degradation,51017,0.0006755774957127869,err2,dense,0.25,11,6,0.5,0.34104201197624207,,
mec_degradation,51017,0.0006755774957127869,err2,dense,0.25,11,6,,,0.02,0.5
lec_degradation,51017,0.0006755774957127869,err2,dense,0.5,0,12,0.5,0.34104201197624207,,
mec_degradation,51017,0.0006755774957127869,err2,dense,0.5,0,12,,,0.02,0.5
lec_degradation,51017,0.0006755774957127869,err2,dense,0.5,1,12,0.5,0.34104201197624207,,
mec_degradation,51017,0.0006755774957127869,err2,dense,0.5,1,12,,,0.02,0.5
lec_degradation,51017,0.0006755774957127869,err2,dense,0.5,2,12,0.5,0.34104201197624207,,
mec_degradation,51017,0.0006755774957127869,err2,dense,0.5,2,12,,,0.02,0.5
lec_degradation,51017,0.0006755774957127869,err2,dense,0.5,3,12,0.5,0.34104201197624207,,
mec_degradation,51017,0.0006755774957127869,err2,dense,0.5,3,12,,,0.02,0.5
lec_degradation,51017,0.0006755774957127869,err2,dense,0.5,4,12,0.5,0.34104201197624207,,
mec_degradation,51017,0.0006755774957127869,err2,dense,0.5,4,12,,,0.02,0.5
lec_degradation,51017,0.0006755774957127869,err2,dense,0.5,5,12,0.5,0.34104201197624207,,
mec_degradation,51017,0.0006755774957127869,err2,dense,0.5,5,12,,,0.02,0.5
lec_degradation,51017,0.0006755774957127869,err2,dense,0.5,6,12,0.5,0.34104201197624207,,
mec_degradation,51017,0.0006755774957127869,err2,dense,0.5,6,12,,,0.02,0.5
lec_degradation,51017,0.0006755774957127869,err2,dense,0.5,7,12,0.5,0.34104201197624207,,
mec_degradation,51017,0.0006755774957127869,err2,dense,0.5,7,12,,,0.02,0.5
lec_degradation,51017,0.0006755774957127869,err2,dense,0.5,8,12,0.5,0.34104201197624207,,
mec_degradation,51017,0.0006755774957127869,err2,dense,0.5,8,12,,,0.02,0.5
lec_degradation,51017,0.0006755774957127869,err2,dense,0.5,9,12,0.5,0.34104201197624207,,
mec_degradation,51017,0.0006755774957127869,err2,dense,0.5,9,12,,,0.02,0.5
lec_degradation,51017,0.0006755774957127869,err2,dense,0.5,10,12,0.5,0.34104201197624207,,
mec_degradation,51017,0.0006755774957127869,err2,dense,0.5,10,12,,,0.02,0.5
lec_degradation,51017,0.0006755774957127869,err2,dense,0.5,11,12,0.5,0.34104201197624207,,
mec_degradation,51017,0.0006755774957127869,err2,dense,0.5,11,12,,,0.02,0.5
lec_degradation,51017,0.0006755774957127869,err2,dense,0.75,0,19,0.5,0.34104201197624207,,
mec_degradation,51017,0.0006755774957127869,err2,dense,0.75,0,19,,,0.02,0.5
lec_degradation,51017,0.0006755774957127869,err2,dense,0.75,1,19,0.5,0.34104201197624207,,
mec_degradation,51017,0.0006755774957127869,err2,dense,0.75,1,19,,,0.02,0.5
lec_degradation,51017,0.0006755774957127869,err2,dense,0.75,2,19,0.5,0.34104201197624207,,
mec_degradation,51017,0.0006755774957127869,err2,dense,0.75,2,19,,,0.02,0.5
lec_degradation,51017,0.0006755774957127869,err2,dense,0.75,3,19,0.5,0.34104201197624207,,
mec_degradation,51017,0.0006755774957127869,err2,dense,0.75,3,19,,,0.02,0.5
lec_degradation,51017,0.0006755774957127869,err2,dense,0.75,4,19,0.5,0.34104201197624207,,
mec_degradation,51017,0.0006755774957127869,err2,dense,0.75,4,19,,,0.02,0.5
lec_degradation,51017,0.0006755774957127869,err2,dense,0.75,5,19,0.5,0.34104201197624207,,
mec_degradation,51017,0.0006755774957127869,err2,dense,0.75,5,19,,,0.02,0.5
lec_degradation,51017,0.0006755774957127869,err2,dense,0.75,6,19,0.5,0.34104201197624207,,
mec_degradation,51017,0.0006755774957127869,err2,dense,0.75,6,19,,,0.02,0.5
lec_degradation,51017,0.0006755774957127869,err2,dense,0.75,7,19,0.5,0.34104201197624207,,
mec_degradation,51017,0.0006755774957127869,err2,dense,0.75,7,19,,,0.02,0.5
lec_degradation,51017,0.0006755774957127869,err2,dense,0.75,8,19,0.5,0.34104201197624207,,
mec_degradation,51017,0.0006755774957127869,err2,dense,0.75,8,19,,,0.02,0.5
lec_degradation,51017,0.0006755774957127869,err2,dense,0.75,9,19,0.5,0.34104201197624207,,
mec_degradation,51017,0.0006755774957127869,err2,dense,0.75,9,19,,,0.02,0.5
lec_degradation,51017,0.0006755774957127869,err2,dense,0.75,10,19,0.5,0.34104201197624207,,
mec_degradation,51017,0.0006755774957127869,err2,dense,0.75,10,19,,,0.02,0.5
lec_degradation,51017,0.0006755774957127869,err2,dense,0.75,11,19,0.5,0.34104201197624207,,
mec_degradation,51017,0.0006755774957127869,err2,dense,0.75,11,19,,,0.02,0.5
lec_degradation,51017,0.0006755774957127869,err2,dense,0.9,0,22,0.5,0.34104201197624207,,
mec_degradation,51017,0.0006755774957127869,err2,dense,0.9,0,22,,,0.02,0.5
lec_degradation,51017,0.0006755774957127869,err2,dense,0.9,1,22,0.5,0.34104201197624207,,
mec_degradation,51017,0.0006755774957127869,err2,dense,0.9,1,22,,,0.02,0.5
lec_degradation,51017,0.0006755774957127869,err2,dense,0.9,2,22,0.5,0.34104201197624207,,
mec_degradation,51017,0.0006755774957127869,err2,dense,0.9,2,22,,,0.02,0.5
lec_degradation,51017,0.0006755774957127869,err2,dense,0.9,3,22,0.5,0.34104201197624207,,
mec_degradation,51017,0.0006755774957127869,err2,dense,0.9,3,22,,,0.02,0.5
lec_degradation,51017,0.0006755774957127869,err2,dense,0.9,4,22,0.5,0.34104201197624207,,
mec_degradation,51017,0.0006755774957127869,err2,dense,0.9,4,22,,,0.02,0.5
lec_degradation,51017,0.0006755774957127869,err2,dense,0.9,5,22,0.5,0.34104201197624207,,
mec_degradation,51017,0.0006755774957127869,err2,dense,0.9,5,22,,,0.02,0.5
lec_degradation,51017,0.0006755774957127869,err2,dense,0.9,6,22,0.5,0.34104201197624207,,
mec_degradation,51017,0.0006755774957127869,err2,dense,0.9,6,22,,,0.02,0.5
lec_degradation,51017,0.0006755774957127869,err2,dense,0.9,7,22,0.5,0.34104201197624207,,
mec_degradation,51017,0.0006755774957127869,err2,dense,0.9,7,22,,,0.02,0.5
lec_degradation,51017,0.0006755774957127869,err2,dense,0.9,8,22,0.5,0.34104201197624207,,
mec_degradation,51017,0.0006755774957127869,err2,dense,0.9,8,22,,,0.02,0.5
lec_degradation,51017,0.0006755774957127869,err2,dense,0.9,9,22,0.5,0.34104201197624207,,
mec_degradation,51017,0.0006755774957127869,err2,dense,0.9,9,22,,,0.02,0.5
lec_degradation,51017,0.0006755774957127869,err2,dense,0.9,10,22,0.5,0.34104201197624207,,
mec_degradation,51017,0.0006755774957127869,err2,dense,0.9,10,22,,,0.02,0.5
lec_degradation,51017,0.0006755774957127869,err2,dense,0.9,11,22,0.5,0.34104201197624207,,
mec_degradation,51017,0.0006755774957127869,err2,dense,0.9,11,22,,,0.02,0.5
lec_degradation,51018,0.0073490203358232975,base,normal,0.0,0,0,1.0,0.7531116008758545,,
mec_degradation,51018,0.0073490203358232975,base,normal,0.0,0,0,,,0.22,1.0
lec_degradation,51018,0.0073490203358232975,base,normal,0.0,1,0,1.0,0.7531116008758545,,
mec_degradation,51018,0.0073490203358232975,base,normal,0.0,1,0,,,0.22,1.0
lec_degradation,51018,0.0073490203358232975,base,normal,0.0,2,0,1.0,0.7531116008758545,,
mec_degradation,51018,0.0073490203358232975,base,normal,0.0,2,0,,,0.22,1.0
lec_degradation,51018,0.0073490203358232975,base,normal,0.0,3,0,1.0,0.7531116008758545,,
mec_degradation,51018,0.0073490203358232975,base,normal,0.0,3,0,,,0.22,1.0
lec_degradation,51018,0.0073490203358232975,base,normal,0.0,4,0,1.0,0.7531116008758545,,
mec_degradation,51018,0.0073490203358232975,base,normal,0.0,4,0,,,0.22,1.0
lec_degradation,51018,0.0073490203358232975,base,normal,0.0,5,0,1.0,0.7531116008758545,,
mec_degradation,51018,0.0073490203358232975,base,normal,0.0,5,0,,,0.22,1.0
lec_degradation,51018,0.0073490203358232975,base,normal,0.0,6,0,1.0,0.7531116008758545,,
mec_degradation,51018,0.0073490203358232975,base,normal,0.0,6,0,,,0.22,1.0
lec_degradation,51018,0.0073490203358232975,base,normal,0.0,7,0,1.0,0.7531116008758545,,
mec_degradation,51018,0.0073490203358232975,base,normal,0.0,7,0,,,0.22,1.0
lec_degradation,51018,0.0073490203358232975,base,normal,0.0,8,0,1.0,0.7531116008758545,,
mec_degradation,51018,0.0073490203358232975,base,normal,0.0,8,0,,,0.22,1.0
lec_degradation,51018,0.0073490203358232975,base,normal,0.0,9,0,1.0,0.7531116008758545,,
mec_degradation,51018,0.0073490203358232975,base,normal,0.0,9,0,,,0.22,1.0
lec_degradation,51018,0.0073490203358232975,base,normal,0.0,10,0,1.0,0.7531116008758545,,
mec_degradation,51018,0.0073490203358232975,base,normal,0.0,10,0,,,0.22,1.0
lec_degradation,51018,0.0073490203358232975,base,normal,0.0,11,0,1.0,0.7531116008758545,,
mec_degradation,51018,0.0073490203358232975,base,normal,0.0,11,0,,,0.22,1.0
lec_degradation,51018,0.0073490203358232975,base,normal,0.25,0,6,1.0,0.7723953127861023,,
mec_degradation,51018,0.0073490203358232975,base,normal,0.25,0,6,,,0.18,1.0
lec_degradation,51018,0.0073490203358232975,base,normal,0.25,1,6,1.0,0.7791078090667725,,
mec_degradation,51018,0.0073490203358232975,base,normal,0.25,1,6,,,0.2,1.0
lec_degradation,51018,0.0073490203358232975,base,normal,0.25,2,6,1.0,0.7632716298103333,,
mec_degradation,51018,0.0073490203358232975,base,normal,0.25,2,6,,,0.16,1.0
lec_degradation,51018,0.0073490203358232975,base,normal,0.25,3,6,1.0,0.7359504699707031,,
mec_degradation,51018,0.0073490203358232975,base,normal,0.25,3,6,,,0.12,1.0
lec_degradation,51018,0.0073490203358232975,base,normal,0.25,4,6,1.0,0.7409679889678955,,
mec_degradation,51018,0.0073490203358232975,base,normal,0.25,4,6,,,0.16,1.0
lec_degradation,51018,0.0073490203358232975,base,normal,0.25,5,6,1.0,0.761659562587738,,
mec_degradation,51018,0.0073490203358232975,base,normal,0.25,5,6,,,0.16,1.0
lec_degradation,51018,0.0073490203358232975,base,normal,0.25,6,6,1.0,0.7569786310195923,,
mec_degradation,51018,0.0073490203358232975,base,normal,0.25,6,6,,,0.16,1.0
lec_degradation,51018,0.0073490203358232975,base,normal,0.25,7,6,1.0,0.7677631974220276,,
mec_degradation,51018,0.0073490203358232975,base,normal,0.25,7,6,,,0.18,1.0
lec_degradation,51018,0.0073490203358232975,base,normal,0.25,8,6,1.0,0.7697669863700867,,
mec_degradation,51018,0.0073490203358232975,base,normal,0.25,8,6,,,0.18,1.0
lec_degradation,51018,0.0073490203358232975,base,normal,0.25,9,6,1.0,0.7638386487960815,,
mec_degradation,51018,0.0073490203358232975,base,normal,0.25,9,6,,,0.14,1.0
lec_degradation,51018,0.0073490203358232975,base,normal,0.25,10,6,1.0,0.7425540089607239,,
mec_degradation,51018,0.0073490203358232975,base,normal,0.25,10,6,,,0.2,1.0
lec_degradation,51018,0.0073490203358232975,base,normal,0.25,11,6,1.0,0.7519909143447876,,
mec_degradation,51018,0.0073490203358232975,base,normal,0.25,11,6,,,0.2,1.0
lec_degradation,51018,0.0073490203358232975,base,normal,0.5,0,12,1.0,0.7743279933929443,,
mec_degradation,51018,0.0073490203358232975,base,normal,0.5,0,12,,,0.18,1.0
lec_degradation,51018,0.0073490203358232975,base,normal,0.5,1,12,1.0,0.764741837978363,,
mec_degradation,51018,0.0073490203358232975,base,normal,0.5,1,12,,,0.22,1.0
lec_degradation,51018,0.0073490203358232975,base,normal,0.5,2,12,0.5,0.7447863817214966,,
mec_degradation,51018,0.0073490203358232975,base,normal,0.5,2,12,,,0.14,1.0
lec_degradation,51018,0.0073490203358232975,base,normal,0.5,3,12,1.0,0.7685939073562622,,
mec_degradation,51018,0.0073490203358232975,base,normal,0.5,3,12,,,0.14,1.0
lec_degradation,51018,0.0073490203358232975,base,normal,0.5,4,12,1.0,0.7643288969993591,,
mec_degradation,51018,0.0073490203358232975,base,normal,0.5,4,12,,,0.14,1.0
lec_degradation,51018,0.0073490203358232975,base,normal,0.5,5,12,1.0,0.7503925561904907,,
mec_degradation,51018,0.0073490203358232975,base,normal,0.5,5,12,,,0.16,1.0
lec_degradation,51018,0.0073490203358232975,base,normal,0.5,6,12,1.0,0.7556487917900085,,
mec_degradation,51018,0.0073490203358232975,base,normal,0.5,6,12,,,0.18,1.0
lec_degradation,51018,0.0073490203358232975,base,normal,0.5,7,12,1.0,0.7784355282783508,,
mec_degradation,51018,0.0073490203358232975,base,normal,0.5,7,12,,,0.14,1.0
lec_degradation,51018,0.0073490203358232975,base,normal,0.5,8,12,1.0,0.746666431427002,,
mec_degradation,51018,0.0073490203358232975,base,normal,0.5,8,12,,,0.16,1.0
lec_degradation,51018,0.0073490203358232975,base,normal,0.5,9,12,1.0,0.754274308681488,,
mec_degradation,51018,0.0073490203358232975,base,normal,0.5,9,12,,,0.14,1.0
lec_degradation,51018,0.0073490203358232975,base,normal,0.5,10,12,1.0,0.7720110416412354,,
mec_degradation,51018,0.0073490203358232975,base,normal,0.5,10,12,,,0.12,1.0
lec_degradation,51018,0.0073490203358232975,base,normal,0.5,11,12,1.0,0.7780642509460449,,
mec_degradation,51018,0.0073490203358232975,base,normal,0.5,11,12,,,0.12,1.0
lec_degradation,51018,0.0073490203358232975,base,normal,0.75,0,19,1.0,0.7702699899673462,,
mec_degradation,51018,0.0073490203358232975,base,normal,0.75,0,19,,,0.18,1.0
lec_degradation,51018,0.0073490203358232975,base,normal,0.75,1,19,0.5,0.7252838015556335,,
mec_degradation,51018,0.0073490203358232975,base,normal,0.75,1,19,,,0.1,1.0
lec_degradation,51018,0.0073490203358232975,base,normal,0.75,2,19,1.0,0.6947711110115051,,
mec_degradation,51018,0.0073490203358232975,base,normal,0.75,2,19,,,0.1,1.0
lec_degradation,51018,0.0073490203358232975,base,normal,0.75,3,19,1.0,0.78374844789505,,
mec_degradation,51018,0.0073490203358232975,base,normal,0.75,3,19,,,0.1,1.0
lec_degradation,51018,0.0073490203358232975,base,normal,0.75,4,19,1.0,0.7546976208686829,,
mec_degradation,51018,0.0073490203358232975,base,normal,0.75,4,19,,,0.12,1.0
lec_degradation,51018,0.0073490203358232975,base,normal,0.75,5,19,1.0,0.7298471927642822,,
mec_degradation,51018,0.0073490203358232975,base,normal,0.75,5,19,,,0.12,1.0
lec_degradation,51018,0.0073490203358232975,base,normal,0.75,6,19,1.0,0.7455052733421326,,
mec_degradation,51018,0.0073490203358232975,base,normal,0.75,6,19,,,0.1,1.0
lec_degradation,51018,0.0073490203358232975,base,normal,0.75,7,19,0.5,0.7148391604423523,,
mec_degradation,51018,0.0073490203358232975,base,normal,0.75,7,19,,,0.12,1.0
lec_degradation,51018,0.0073490203358232975,base,normal,0.75,8,19,0.0,0.7023885846138,,
mec_degradation,51018,0.0073490203358232975,base,normal,0.75,8,19,,,0.06,1.0
lec_degradation,51018,0.0073490203358232975,base,normal,0.75,9,19,1.0,0.7642815113067627,,
mec_degradation,51018,0.0073490203358232975,base,normal,0.75,9,19,,,0.1,1.0
lec_degradation,51018,0.0073490203358232975,base,normal,0.75,10,19,0.5,0.7588402628898621,,
mec_degradation,51018,0.0073490203358232975,base,normal,0.75,10,19,,,0.12,1.0
lec_degradation,51018,0.0073490203358232975,base,normal,0.75,11,19,0.5,0.7177191376686096,,
mec_degradation,51018,0.0073490203358232975,base,normal,0.75,11,19,,,0.14,1.0
lec_degradation,51018,0.0073490203358232975,base,normal,0.9,0,22,1.0,0.7666628956794739,,
mec_degradation,51018,0.0073490203358232975,base,normal,0.9,0,22,,,0.08,1.0
lec_degradation,51018,0.0073490203358232975,base,normal,0.9,1,22,0.5,0.7261680364608765,,
mec_degradation,51018,0.0073490203358232975,base,normal,0.9,1,22,,,0.1,1.0
lec_degradation,51018,0.0073490203358232975,base,normal,0.9,2,22,1.0,0.7520782351493835,,
mec_degradation,51018,0.0073490203358232975,base,normal,0.9,2,22,,,0.1,1.0
lec_degradation,51018,0.0073490203358232975,base,normal,0.9,3,22,0.5,0.7173957228660583,,
mec_degradation,51018,0.0073490203358232975,base,normal,0.9,3,22,,,0.08,1.0
lec_degradation,51018,0.0073490203358232975,base,normal,0.9,4,22,1.0,0.7181814312934875,,
mec_degradation,51018,0.0073490203358232975,base,normal,0.9,4,22,,,0.06,1.0
lec_degradation,51018,0.0073490203358232975,base,normal,0.9,5,22,0.5,0.7367233037948608,,
mec_degradation,51018,0.0073490203358232975,base,normal,0.9,5,22,,,0.06,1.0
lec_degradation,51018,0.0073490203358232975,base,normal,0.9,6,22,0.5,0.65312659740448,,
mec_degradation,51018,0.0073490203358232975,base,normal,0.9,6,22,,,0.1,1.0
lec_degradation,51018,0.0073490203358232975,base,normal,0.9,7,22,0.5,0.7560164928436279,,
mec_degradation,51018,0.0073490203358232975,base,normal,0.9,7,22,,,0.1,1.0
lec_degradation,51018,0.0073490203358232975,base,normal,0.9,8,22,1.0,0.7513997554779053,,
mec_degradation,51018,0.0073490203358232975,base,normal,0.9,8,22,,,0.1,1.0
lec_degradation,51018,0.0073490203358232975,base,normal,0.9,9,22,1.0,0.7456977367401123,,
mec_degradation,51018,0.0073490203358232975,base,normal,0.9,9,22,,,0.08,1.0
lec_degradation,51018,0.0073490203358232975,base,normal,0.9,10,22,0.5,0.7376971244812012,,
mec_degradation,51018,0.0073490203358232975,base,normal,0.9,10,22,,,0.1,1.0
lec_degradation,51018,0.0073490203358232975,base,normal,0.9,11,22,1.0,0.7228754162788391,,
mec_degradation,51018,0.0073490203358232975,base,normal,0.9,11,22,,,0.06,1.0
lec_degradation,51018,0.0073490203358232975,base,dense,0.0,0,0,0.5,0.22549615800380707,,
mec_degradation,51018,0.0073490203358232975,base,dense,0.0,0,0,,,0.02,0.5
lec_degradation,51018,0.0073490203358232975,base,dense,0.0,1,0,0.5,0.22549615800380707,,
mec_degradation,51018,0.0073490203358232975,base,dense,0.0,1,0,,,0.02,0.5
lec_degradation,51018,0.0073490203358232975,base,dense,0.0,2,0,0.5,0.22549615800380707,,
mec_degradation,51018,0.0073490203358232975,base,dense,0.0,2,0,,,0.02,0.5
lec_degradation,51018,0.0073490203358232975,base,dense,0.0,3,0,0.5,0.22549615800380707,,
mec_degradation,51018,0.0073490203358232975,base,dense,0.0,3,0,,,0.02,0.5
lec_degradation,51018,0.0073490203358232975,base,dense,0.0,4,0,0.5,0.22549615800380707,,
mec_degradation,51018,0.0073490203358232975,base,dense,0.0,4,0,,,0.02,0.5
lec_degradation,51018,0.0073490203358232975,base,dense,0.0,5,0,0.5,0.22549615800380707,,
mec_degradation,51018,0.0073490203358232975,base,dense,0.0,5,0,,,0.02,0.5
lec_degradation,51018,0.0073490203358232975,base,dense,0.0,6,0,0.5,0.22549615800380707,,
mec_degradation,51018,0.0073490203358232975,base,dense,0.0,6,0,,,0.02,0.5
lec_degradation,51018,0.0073490203358232975,base,dense,0.0,7,0,0.5,0.22549615800380707,,
mec_degradation,51018,0.0073490203358232975,base,dense,0.0,7,0,,,0.02,0.5
lec_degradation,51018,0.0073490203358232975,base,dense,0.0,8,0,0.5,0.22549615800380707,,
mec_degradation,51018,0.0073490203358232975,base,dense,0.0,8,0,,,0.02,0.5
lec_degradation,51018,0.0073490203358232975,base,dense,0.0,9,0,0.5,0.22549615800380707,,
mec_degradation,51018,0.0073490203358232975,base,dense,0.0,9,0,,,0.02,0.5
lec_degradation,51018,0.0073490203358232975,base,dense,0.0,10,0,0.5,0.22549615800380707,,
mec_degradation,51018,0.0073490203358232975,base,dense,0.0,10,0,,,0.02,0.5
lec_degradation,51018,0.0073490203358232975,base,dense,0.0,11,0,0.5,0.22549615800380707,,
mec_degradation,51018,0.0073490203358232975,base,dense,0.0,11,0,,,0.02,0.5
lec_degradation,51018,0.0073490203358232975,base,dense,0.25,0,6,0.5,0.22549615800380707,,
mec_degradation,51018,0.0073490203358232975,base,dense,0.25,0,6,,,0.02,0.5
lec_degradation,51018,0.0073490203358232975,base,dense,0.25,1,6,0.5,0.22549615800380707,,
mec_degradation,51018,0.0073490203358232975,base,dense,0.25,1,6,,,0.02,0.5
lec_degradation,51018,0.0073490203358232975,base,dense,0.25,2,6,0.5,0.22549615800380707,,
mec_degradation,51018,0.0073490203358232975,base,dense,0.25,2,6,,,0.02,0.5
lec_degradation,51018,0.0073490203358232975,base,dense,0.25,3,6,0.5,0.22549615800380707,,
mec_degradation,51018,0.0073490203358232975,base,dense,0.25,3,6,,,0.02,0.5
lec_degradation,51018,0.0073490203358232975,base,dense,0.25,4,6,0.5,0.22549615800380707,,
mec_degradation,51018,0.0073490203358232975,base,dense,0.25,4,6,,,0.02,0.5
lec_degradation,51018,0.0073490203358232975,base,dense,0.25,5,6,0.5,0.22549615800380707,,
mec_degradation,51018,0.0073490203358232975,base,dense,0.25,5,6,,,0.02,0.5
lec_degradation,51018,0.0073490203358232975,base,dense,0.25,6,6,0.5,0.22549615800380707,,
mec_degradation,51018,0.0073490203358232975,base,dense,0.25,6,6,,,0.02,0.5
lec_degradation,51018,0.0073490203358232975,base,dense,0.25,7,6,0.5,0.22549615800380707,,
mec_degradation,51018,0.0073490203358232975,base,dense,0.25,7,6,,,0.02,0.5
lec_degradation,51018,0.0073490203358232975,base,dense,0.25,8,6,0.5,0.22549615800380707,,
mec_degradation,51018,0.0073490203358232975,base,dense,0.25,8,6,,,0.02,0.5
lec_degradation,51018,0.0073490203358232975,base,dense,0.25,9,6,0.5,0.22549615800380707,,
mec_degradation,51018,0.0073490203358232975,base,dense,0.25,9,6,,,0.02,0.5
lec_degradation,51018,0.0073490203358232975,base,dense,0.25,10,6,0.5,0.22549615800380707,,
mec_degradation,51018,0.0073490203358232975,base,dense,0.25,10,6,,,0.02,0.5
lec_degradation,51018,0.0073490203358232975,base,dense,0.25,11,6,0.5,0.22549615800380707,,
mec_degradation,51018,0.0073490203358232975,base,dense,0.25,11,6,,,0.02,0.5
lec_degradation,51018,0.0073490203358232975,base,dense,0.5,0,12,0.5,0.22549615800380707,,
mec_degradation,51018,0.0073490203358232975,base,dense,0.5,0,12,,,0.02,0.5
lec_degradation,51018,0.0073490203358232975,base,dense,0.5,1,12,0.5,0.22549615800380707,,
mec_degradation,51018,0.0073490203358232975,base,dense,0.5,1,12,,,0.02,0.5
lec_degradation,51018,0.0073490203358232975,base,dense,0.5,2,12,0.5,0.22549615800380707,,
mec_degradation,51018,0.0073490203358232975,base,dense,0.5,2,12,,,0.02,0.5
lec_degradation,51018,0.0073490203358232975,base,dense,0.5,3,12,0.5,0.22549615800380707,,
mec_degradation,51018,0.0073490203358232975,base,dense,0.5,3,12,,,0.02,0.5
lec_degradation,51018,0.0073490203358232975,base,dense,0.5,4,12,0.5,0.22549615800380707,,
mec_degradation,51018,0.0073490203358232975,base,dense,0.5,4,12,,,0.02,0.5
lec_degradation,51018,0.0073490203358232975,base,dense,0.5,5,12,0.5,0.22549615800380707,,
mec_degradation,51018,0.0073490203358232975,base,dense,0.5,5,12,,,0.02,0.5
lec_degradation,51018,0.0073490203358232975,base,dense,0.5,6,12,0.5,0.22549615800380707,,
mec_degradation,51018,0.0073490203358232975,base,dense,0.5,6,12,,,0.02,0.5
lec_degradation,51018,0.0073490203358232975,base,dense,0.5,7,12,0.5,0.22549615800380707,,
mec_degradation,51018,0.0073490203358232975,base,dense,0.5,7,12,,,0.02,0.5
lec_degradation,51018,0.0073490203358232975,base,dense,0.5,8,12,0.5,0.22549615800380707,,
mec_degradation,51018,0.0073490203358232975,base,dense,0.5,8,12,,,0.02,0.5
lec_degradation,51018,0.0073490203358232975,base,dense,0.5,9,12,0.5,0.22549615800380707,,
mec_degradation,51018,0.0073490203358232975,base,dense,0.5,9,12,,,0.02,0.5
lec_degradation,51018,0.0073490203358232975,base,dense,0.5,10,12,0.5,0.22549615800380707,,
mec_degradation,51018,0.0073490203358232975,base,dense,0.5,10,12,,,0.02,0.5
lec_degradation,51018,0.0073490203358232975,base,dense,0.5,11,12,0.5,0.22549615800380707,,
mec_degradation,51018,0.0073490203358232975,base,dense,0.5,11,12,,,0.02,0.5
lec_degradation,51018,0.0073490203358232975,base,dense,0.75,0,19,0.5,0.22549615800380707,,
mec_degradation,51018,0.0073490203358232975,base,dense,0.75,0,19,,,0.02,0.5
lec_degradation,51018,0.0073490203358232975,base,dense,0.75,1,19,0.5,0.22549615800380707,,
mec_degradation,51018,0.0073490203358232975,base,dense,0.75,1,19,,,0.02,0.5
lec_degradation,51018,0.0073490203358232975,base,dense,0.75,2,19,0.5,0.22549615800380707,,
mec_degradation,51018,0.0073490203358232975,base,dense,0.75,2,19,,,0.02,0.5
lec_degradation,51018,0.0073490203358232975,base,dense,0.75,3,19,0.5,0.22549615800380707,,
mec_degradation,51018,0.0073490203358232975,base,dense,0.75,3,19,,,0.02,0.5
lec_degradation,51018,0.0073490203358232975,base,dense,0.75,4,19,0.5,0.22549615800380707,,
mec_degradation,51018,0.0073490203358232975,base,dense,0.75,4,19,,,0.02,0.5
lec_degradation,51018,0.0073490203358232975,base,dense,0.75,5,19,0.5,0.22549615800380707,,
mec_degradation,51018,0.0073490203358232975,base,dense,0.75,5,19,,,0.02,0.5
lec_degradation,51018,0.0073490203358232975,base,dense,0.75,6,19,0.5,0.22549615800380707,,
mec_degradation,51018,0.0073490203358232975,base,dense,0.75,6,19,,,0.02,0.5
lec_degradation,51018,0.0073490203358232975,base,dense,0.75,7,19,0.5,0.22549615800380707,,
mec_degradation,51018,0.0073490203358232975,base,dense,0.75,7,19,,,0.02,0.5
lec_degradation,51018,0.0073490203358232975,base,dense,0.75,8,19,0.5,0.22549615800380707,,
mec_degradation,51018,0.0073490203358232975,base,dense,0.75,8,19,,,0.02,0.5
lec_degradation,51018,0.0073490203358232975,base,dense,0.75,9,19,0.5,0.22549615800380707,,
mec_degradation,51018,0.0073490203358232975,base,dense,0.75,9,19,,,0.02,0.5
lec_degradation,51018,0.0073490203358232975,base,dense,0.75,10,19,0.5,0.22549615800380707,,
mec_degradation,51018,0.0073490203358232975,base,dense,0.75,10,19,,,0.02,0.5
lec_degradation,51018,0.0073490203358232975,base,dense,0.75,11,19,0.5,0.22549615800380707,,
mec_degradation,51018,0.0073490203358232975,base,dense,0.75,11,19,,,0.02,0.5
lec_degradation,51018,0.0073490203358232975,base,dense,0.9,0,22,0.5,0.22549615800380707,,
mec_degradation,51018,0.0073490203358232975,base,dense,0.9,0,22,,,0.02,0.5
lec_degradation,51018,0.0073490203358232975,base,dense,0.9,1,22,0.5,0.22549615800380707,,
mec_degradation,51018,0.0073490203358232975,base,dense,0.9,1,22,,,0.02,0.5
lec_degradation,51018,0.0073490203358232975,base,dense,0.9,2,22,0.5,0.22549615800380707,,
mec_degradation,51018,0.0073490203358232975,base,dense,0.9,2,22,,,0.02,0.5
lec_degradation,51018,0.0073490203358232975,base,dense,0.9,3,22,0.5,0.22549615800380707,,
mec_degradation,51018,0.0073490203358232975,base,dense,0.9,3,22,,,0.02,0.5
lec_degradation,51018,0.0073490203358232975,base,dense,0.9,4,22,0.5,0.22549615800380707,,
mec_degradation,51018,0.0073490203358232975,base,dense,0.9,4,22,,,0.02,0.5
lec_degradation,51018,0.0073490203358232975,base,dense,0.9,5,22,0.5,0.22549615800380707,,
mec_degradation,51018,0.0073490203358232975,base,dense,0.9,5,22,,,0.02,0.5
lec_degradation,51018,0.0073490203358232975,base,dense,0.9,6,22,0.5,0.22549615800380707,,
mec_degradation,51018,0.0073490203358232975,base,dense,0.9,6,22,,,0.02,0.5
lec_degradation,51018,0.0073490203358232975,base,dense,0.9,7,22,0.5,0.22549615800380707,,
mec_degradation,51018,0.0073490203358232975,base,dense,0.9,7,22,,,0.02,0.5
lec_degradation,51018,0.0073490203358232975,base,dense,0.9,8,22,0.5,0.22549615800380707,,
mec_degradation,51018,0.0073490203358232975,base,dense,0.9,8,22,,,0.02,0.5
lec_degradation,51018,0.0073490203358232975,base,dense,0.9,9,22,0.5,0.22549615800380707,,
mec_degradation,51018,0.0073490203358232975,base,dense,0.9,9,22,,,0.02,0.5
lec_degradation,51018,0.0073490203358232975,base,dense,0.9,10,22,0.5,0.22549615800380707,,
mec_degradation,51018,0.0073490203358232975,base,dense,0.9,10,22,,,0.02,0.5
lec_degradation,51018,0.0073490203358232975,base,dense,0.9,11,22,0.5,0.22549615800380707,,
mec_degradation,51018,0.0073490203358232975,base,dense,0.9,11,22,,,0.02,0.5
lec_degradation,51018,0.0073490203358232975,err2,normal,0.0,0,0,1.0,0.9223333597183228,,
mec_degradation,51018,0.0073490203358232975,err2,normal,0.0,0,0,,,0.78,1.0
lec_degradation,51018,0.0073490203358232975,err2,normal,0.0,1,0,1.0,0.9223333597183228,,
mec_degradation,51018,0.0073490203358232975,err2,normal,0.0,1,0,,,0.78,1.0
lec_degradation,51018,0.0073490203358232975,err2,normal,0.0,2,0,1.0,0.9223333597183228,,
mec_degradation,51018,0.0073490203358232975,err2,normal,0.0,2,0,,,0.78,1.0
lec_degradation,51018,0.0073490203358232975,err2,normal,0.0,3,0,1.0,0.9223333597183228,,
mec_degradation,51018,0.0073490203358232975,err2,normal,0.0,3,0,,,0.78,1.0
lec_degradation,51018,0.0073490203358232975,err2,normal,0.0,4,0,1.0,0.9223333597183228,,
mec_degradation,51018,0.0073490203358232975,err2,normal,0.0,4,0,,,0.78,1.0
lec_degradation,51018,0.0073490203358232975,err2,normal,0.0,5,0,1.0,0.9223333597183228,,
mec_degradation,51018,0.0073490203358232975,err2,normal,0.0,5,0,,,0.78,1.0
lec_degradation,51018,0.0073490203358232975,err2,normal,0.0,6,0,1.0,0.9223333597183228,,
mec_degradation,51018,0.0073490203358232975,err2,normal,0.0,6,0,,,0.78,1.0
lec_degradation,51018,0.0073490203358232975,err2,normal,0.0,7,0,1.0,0.9223333597183228,,
mec_degradation,51018,0.0073490203358232975,err2,normal,0.0,7,0,,,0.78,1.0
lec_degradation,51018,0.0073490203358232975,err2,normal,0.0,8,0,1.0,0.9223333597183228,,
mec_degradation,51018,0.0073490203358232975,err2,normal,0.0,8,0,,,0.78,1.0
lec_degradation,51018,0.0073490203358232975,err2,normal,0.0,9,0,1.0,0.9223333597183228,,
mec_degradation,51018,0.0073490203358232975,err2,normal,0.0,9,0,,,0.78,1.0
lec_degradation,51018,0.0073490203358232975,err2,normal,0.0,10,0,1.0,0.9223333597183228,,
mec_degradation,51018,0.0073490203358232975,err2,normal,0.0,10,0,,,0.78,1.0
lec_degradation,51018,0.0073490203358232975,err2,normal,0.0,11,0,1.0,0.9223333597183228,,
mec_degradation,51018,0.0073490203358232975,err2,normal,0.0,11,0,,,0.78,1.0
lec_degradation,51018,0.0073490203358232975,err2,normal,0.25,0,6,1.0,0.8372405767440796,,
mec_degradation,51018,0.0073490203358232975,err2,normal,0.25,0,6,,,0.44,1.0
lec_degradation,51018,0.0073490203358232975,err2,normal,0.25,1,6,1.0,0.8888792395591736,,
mec_degradation,51018,0.0073490203358232975,err2,normal,0.25,1,6,,,0.56,1.0
lec_degradation,51018,0.0073490203358232975,err2,normal,0.25,2,6,1.0,0.8288835883140564,,
mec_degradation,51018,0.0073490203358232975,err2,normal,0.25,2,6,,,0.64,1.0
lec_degradation,51018,0.0073490203358232975,err2,normal,0.25,3,6,1.0,0.8667300939559937,,
mec_degradation,51018,0.0073490203358232975,err2,normal,0.25,3,6,,,0.42,1.0
lec_degradation,51018,0.0073490203358232975,err2,normal,0.25,4,6,1.0,0.8473432064056396,,
mec_degradation,51018,0.0073490203358232975,err2,normal,0.25,4,6,,,0.66,1.0
lec_degradation,51018,0.0073490203358232975,err2,normal,0.25,5,6,1.0,0.8307880163192749,,
mec_degradation,51018,0.0073490203358232975,err2,normal,0.25,5,6,,,0.42,1.0
lec_degradation,51018,0.0073490203358232975,err2,normal,0.25,6,6,1.0,0.8213586211204529,,
mec_degradation,51018,0.0073490203358232975,err2,normal,0.25,6,6,,,0.48,1.0
lec_degradation,51018,0.0073490203358232975,err2,normal,0.25,7,6,1.0,0.7723838686943054,,
mec_degradation,51018,0.0073490203358232975,err2,normal,0.25,7,6,,,0.52,1.0
lec_degradation,51018,0.0073490203358232975,err2,normal,0.25,8,6,1.0,0.8146783709526062,,
mec_degradation,51018,0.0073490203358232975,err2,normal,0.25,8,6,,,0.5,1.0
lec_degradation,51018,0.0073490203358232975,err2,normal,0.25,9,6,1.0,0.8462935090065002,,
mec_degradation,51018,0.0073490203358232975,err2,normal,0.25,9,6,,,0.54,1.0
lec_degradation,51018,0.0073490203358232975,err2,normal,0.25,10,6,1.0,0.874321460723877,,
mec_degradation,51018,0.0073490203358232975,err2,normal,0.25,10,6,,,0.42,1.0
lec_degradation,51018,0.0073490203358232975,err2,normal,0.25,11,6,1.0,0.8087762594223022,,
mec_degradation,51018,0.0073490203358232975,err2,normal,0.25,11,6,,,0.52,1.0
lec_degradation,51018,0.0073490203358232975,err2,normal,0.5,0,12,1.0,0.8747261166572571,,
mec_degradation,51018,0.0073490203358232975,err2,normal,0.5,0,12,,,0.32,1.0
lec_degradation,51018,0.0073490203358232975,err2,normal,0.5,1,12,1.0,0.7961172461509705,,
mec_degradation,51018,0.0073490203358232975,err2,normal,0.5,1,12,,,0.4,1.0
lec_degradation,51018,0.0073490203358232975,err2,normal,0.5,2,12,0.5,0.7419660687446594,,
mec_degradation,51018,0.0073490203358232975,err2,normal,0.5,2,12,,,0.4,1.0
lec_degradation,51018,0.0073490203358232975,err2,normal,0.5,3,12,1.0,0.8189435005187988,,
mec_degradation,51018,0.0073490203358232975,err2,normal,0.5,3,12,,,0.34,1.0
lec_degradation,51018,0.0073490203358232975,err2,normal,0.5,4,12,0.5,0.7125871777534485,,
mec_degradation,51018,0.0073490203358232975,err2,normal,0.5,4,12,,,0.32,1.0
lec_degradation,51018,0.0073490203358232975,err2,normal,0.5,5,12,0.5,0.8016637563705444,,
mec_degradation,51018,0.0073490203358232975,err2,normal,0.5,5,12,,,0.36,1.0
lec_degradation,51018,0.0073490203358232975,err2,normal,0.5,6,12,0.5,0.7509661912918091,,
mec_degradation,51018,0.0073490203358232975,err2,normal,0.5,6,12,,,0.24,1.0
lec_degradation,51018,0.0073490203358232975,err2,normal,0.5,7,12,0.5,0.718610405921936,,
mec_degradation,51018,0.0073490203358232975,err2,normal,0.5,7,12,,,0.26,1.0
lec_degradation,51018,0.0073490203358232975,err2,normal,0.5,8,12,0.5,0.7745490074157715,,
mec_degradation,51018,0.0073490203358232975,err2,normal,0.5,8,12,,,0.46,1.0
lec_degradation,51018,0.0073490203358232975,err2,normal,0.5,9,12,1.0,0.8078550696372986,,
mec_degradation,51018,0.0073490203358232975,err2,normal,0.5,9,12,,,0.3,1.0
lec_degradation,51018,0.0073490203358232975,err2,normal,0.5,10,12,1.0,0.7795332074165344,,
mec_degradation,51018,0.0073490203358232975,err2,normal,0.5,10,12,,,0.32,1.0
lec_degradation,51018,0.0073490203358232975,err2,normal,0.5,11,12,1.0,0.8825372457504272,,
mec_degradation,51018,0.0073490203358232975,err2,normal,0.5,11,12,,,0.28,1.0
lec_degradation,51018,0.0073490203358232975,err2,normal,0.75,0,19,0.5,0.7695255875587463,,
mec_degradation,51018,0.0073490203358232975,err2,normal,0.75,0,19,,,0.18,1.0
lec_degradation,51018,0.0073490203358232975,err2,normal,0.75,1,19,1.0,0.790171205997467,,
mec_degradation,51018,0.0073490203358232975,err2,normal,0.75,1,19,,,0.1,1.0
lec_degradation,51018,0.0073490203358232975,err2,normal,0.75,2,19,1.0,0.7658897638320923,,
mec_degradation,51018,0.0073490203358232975,err2,normal,0.75,2,19,,,0.18,1.0
lec_degradation,51018,0.0073490203358232975,err2,normal,0.75,3,19,1.0,0.8215724229812622,,
mec_degradation,51018,0.0073490203358232975,err2,normal,0.75,3,19,,,0.08,1.0
lec_degradation,51018,0.0073490203358232975,err2,normal,0.75,4,19,1.0,0.7731233239173889,,
mec_degradation,51018,0.0073490203358232975,err2,normal,0.75,4,19,,,0.16,1.0
lec_degradation,51018,0.0073490203358232975,err2,normal,0.75,5,19,1.0,0.7623632550239563,,
mec_degradation,51018,0.0073490203358232975,err2,normal,0.75,5,19,,,0.08,1.0
lec_degradation,51018,0.0073490203358232975,err2,normal,0.75,6,19,0.5,0.7421022653579712,,
mec_degradation,51018,0.0073490203358232975,err2,normal,0.75,6,19,,,0.1,1.0
lec_degradation,51018,0.0073490203358232975,err2,normal,0.75,7,19,1.0,0.7828571796417236,,
mec_degradation,51018,0.0073490203358232975,err2,normal,0.75,7,19,,,0.08,1.0
lec_degradation,51018,0.0073490203358232975,err2,normal,0.75,8,19,0.5,0.7651709914207458,,
mec_degradation,51018,0.0073490203358232975,err2,normal,0.75,8,19,,,0.04,1.0
lec_degradation,51018,0.0073490203358232975,err2,normal,0.75,9,19,1.0,0.7807325124740601,,
mec_degradation,51018,0.0073490203358232975,err2,normal,0.75,9,19,,,0.1,1.0
lec_degradation,51018,0.0073490203358232975,err2,normal,0.75,10,19,0.0,0.7128300666809082,,
mec_degradation,51018,0.0073490203358232975,err2,normal,0.75,10,19,,,0.14,1.0
lec_degradation,51018,0.0073490203358232975,err2,normal,0.75,11,19,0.5,0.7544620037078857,,
mec_degradation,51018,0.0073490203358232975,err2,normal,0.75,11,19,,,0.1,1.0
lec_degradation,51018,0.0073490203358232975,err2,normal,0.9,0,22,0.5,0.7984095811843872,,
mec_degradation,51018,0.0073490203358232975,err2,normal,0.9,0,22,,,0.06,1.0
lec_degradation,51018,0.0073490203358232975,err2,normal,0.9,1,22,1.0,0.8052694797515869,,
mec_degradation,51018,0.0073490203358232975,err2,normal,0.9,1,22,,,0.12,1.0
lec_degradation,51018,0.0073490203358232975,err2,normal,0.9,2,22,1.0,0.7977973818778992,,
mec_degradation,51018,0.0073490203358232975,err2,normal,0.9,2,22,,,0.04,1.0
lec_degradation,51018,0.0073490203358232975,err2,normal,0.9,3,22,0.5,0.750856339931488,,
mec_degradation,51018,0.0073490203358232975,err2,normal,0.9,3,22,,,0.16,1.0
lec_degradation,51018,0.0073490203358232975,err2,normal,0.9,4,22,1.0,0.7929093837738037,,
mec_degradation,51018,0.0073490203358232975,err2,normal,0.9,4,22,,,0.04,1.0
lec_degradation,51018,0.0073490203358232975,err2,normal,0.9,5,22,1.0,0.819459855556488,,
mec_degradation,51018,0.0073490203358232975,err2,normal,0.9,5,22,,,0.06,1.0
lec_degradation,51018,0.0073490203358232975,err2,normal,0.9,6,22,0.5,0.7942558526992798,,
mec_degradation,51018,0.0073490203358232975,err2,normal,0.9,6,22,,,0.08,1.0
lec_degradation,51018,0.0073490203358232975,err2,normal,0.9,7,22,0.5,0.8156529068946838,,
mec_degradation,51018,0.0073490203358232975,err2,normal,0.9,7,22,,,0.06,1.0
lec_degradation,51018,0.0073490203358232975,err2,normal,0.9,8,22,0.5,0.7843992710113525,,
mec_degradation,51018,0.0073490203358232975,err2,normal,0.9,8,22,,,0.04,1.0
lec_degradation,51018,0.0073490203358232975,err2,normal,0.9,9,22,1.0,0.794934868812561,,
mec_degradation,51018,0.0073490203358232975,err2,normal,0.9,9,22,,,0.04,1.0
lec_degradation,51018,0.0073490203358232975,err2,normal,0.9,10,22,0.5,0.7991900444030762,,
mec_degradation,51018,0.0073490203358232975,err2,normal,0.9,10,22,,,0.1,1.0
lec_degradation,51018,0.0073490203358232975,err2,normal,0.9,11,22,1.0,0.7887728214263916,,
mec_degradation,51018,0.0073490203358232975,err2,normal,0.9,11,22,,,0.06,1.0
lec_degradation,51018,0.0073490203358232975,err2,dense,0.0,0,0,0.5,0.34368348121643066,,
mec_degradation,51018,0.0073490203358232975,err2,dense,0.0,0,0,,,0.02,0.5
lec_degradation,51018,0.0073490203358232975,err2,dense,0.0,1,0,0.5,0.34368348121643066,,
mec_degradation,51018,0.0073490203358232975,err2,dense,0.0,1,0,,,0.02,0.5
lec_degradation,51018,0.0073490203358232975,err2,dense,0.0,2,0,0.5,0.34368348121643066,,
mec_degradation,51018,0.0073490203358232975,err2,dense,0.0,2,0,,,0.02,0.5
lec_degradation,51018,0.0073490203358232975,err2,dense,0.0,3,0,0.5,0.34368348121643066,,
mec_degradation,51018,0.0073490203358232975,err2,dense,0.0,3,0,,,0.02,0.5
lec_degradation,51018,0.0073490203358232975,err2,dense,0.0,4,0,0.5,0.34368348121643066,,
mec_degradation,51018,0.0073490203358232975,err2,dense,0.0,4,0,,,0.02,0.5
lec_degradation,51018,0.0073490203358232975,err2,dense,0.0,5,0,0.5,0.34368348121643066,,
mec_degradation,51018,0.0073490203358232975,err2,dense,0.0,5,0,,,0.02,0.5
lec_degradation,51018,0.0073490203358232975,err2,dense,0.0,6,0,0.5,0.34368348121643066,,
mec_degradation,51018,0.0073490203358232975,err2,dense,0.0,6,0,,,0.02,0.5
lec_degradation,51018,0.0073490203358232975,err2,dense,0.0,7,0,0.5,0.34368348121643066,,
mec_degradation,51018,0.0073490203358232975,err2,dense,0.0,7,0,,,0.02,0.5
lec_degradation,51018,0.0073490203358232975,err2,dense,0.0,8,0,0.5,0.34368348121643066,,
mec_degradation,51018,0.0073490203358232975,err2,dense,0.0,8,0,,,0.02,0.5
lec_degradation,51018,0.0073490203358232975,err2,dense,0.0,9,0,0.5,0.34368348121643066,,
mec_degradation,51018,0.0073490203358232975,err2,dense,0.0,9,0,,,0.02,0.5
lec_degradation,51018,0.0073490203358232975,err2,dense,0.0,10,0,0.5,0.34368348121643066,,
mec_degradation,51018,0.0073490203358232975,err2,dense,0.0,10,0,,,0.02,0.5
lec_degradation,51018,0.0073490203358232975,err2,dense,0.0,11,0,0.5,0.34368348121643066,,
mec_degradation,51018,0.0073490203358232975,err2,dense,0.0,11,0,,,0.02,0.5
lec_degradation,51018,0.0073490203358232975,err2,dense,0.25,0,6,0.5,0.34368348121643066,,
mec_degradation,51018,0.0073490203358232975,err2,dense,0.25,0,6,,,0.02,0.5
lec_degradation,51018,0.0073490203358232975,err2,dense,0.25,1,6,0.5,0.34368348121643066,,
mec_degradation,51018,0.0073490203358232975,err2,dense,0.25,1,6,,,0.02,0.5
lec_degradation,51018,0.0073490203358232975,err2,dense,0.25,2,6,0.5,0.34368348121643066,,
mec_degradation,51018,0.0073490203358232975,err2,dense,0.25,2,6,,,0.02,0.5
lec_degradation,51018,0.0073490203358232975,err2,dense,0.25,3,6,0.5,0.34368348121643066,,
mec_degradation,51018,0.0073490203358232975,err2,dense,0.25,3,6,,,0.02,0.5
lec_degradation,51018,0.0073490203358232975,err2,dense,0.25,4,6,0.5,0.34368348121643066,,
mec_degradation,51018,0.0073490203358232975,err2,dense,0.25,4,6,,,0.02,0.5
lec_degradation,51018,0.0073490203358232975,err2,dense,0.25,5,6,0.5,0.34368348121643066,,
mec_degradation,51018,0.0073490203358232975,err2,dense,0.25,5,6,,,0.02,0.5
lec_degradation,51018,0.0073490203358232975,err2,dense,0.25,6,6,0.5,0.34368348121643066,,
mec_degradation,51018,0.0073490203358232975,err2,dense,0.25,6,6,,,0.02,0.5
lec_degradation,51018,0.0073490203358232975,err2,dense,0.25,7,6,0.5,0.34368348121643066,,
mec_degradation,51018,0.0073490203358232975,err2,dense,0.25,7,6,,,0.02,0.5
lec_degradation,51018,0.0073490203358232975,err2,dense,0.25,8,6,0.5,0.34368348121643066,,
mec_degradation,51018,0.0073490203358232975,err2,dense,0.25,8,6,,,0.02,0.5
lec_degradation,51018,0.0073490203358232975,err2,dense,0.25,9,6,0.5,0.34368348121643066,,
mec_degradation,51018,0.0073490203358232975,err2,dense,0.25,9,6,,,0.02,0.5
lec_degradation,51018,0.0073490203358232975,err2,dense,0.25,10,6,0.5,0.34368348121643066,,
mec_degradation,51018,0.0073490203358232975,err2,dense,0.25,10,6,,,0.02,0.5
lec_degradation,51018,0.0073490203358232975,err2,dense,0.25,11,6,0.5,0.34368348121643066,,
mec_degradation,51018,0.0073490203358232975,err2,dense,0.25,11,6,,,0.02,0.5
lec_degradation,51018,0.0073490203358232975,err2,dense,0.5,0,12,0.5,0.34368348121643066,,
mec_degradation,51018,0.0073490203358232975,err2,dense,0.5,0,12,,,0.02,0.5
lec_degradation,51018,0.0073490203358232975,err2,dense,0.5,1,12,0.5,0.34368348121643066,,
mec_degradation,51018,0.0073490203358232975,err2,dense,0.5,1,12,,,0.02,0.5
lec_degradation,51018,0.0073490203358232975,err2,dense,0.5,2,12,0.5,0.34368348121643066,,
mec_degradation,51018,0.0073490203358232975,err2,dense,0.5,2,12,,,0.02,0.5
lec_degradation,51018,0.0073490203358232975,err2,dense,0.5,3,12,0.5,0.34368348121643066,,
mec_degradation,51018,0.0073490203358232975,err2,dense,0.5,3,12,,,0.02,0.5
lec_degradation,51018,0.0073490203358232975,err2,dense,0.5,4,12,0.5,0.34368348121643066,,
mec_degradation,51018,0.0073490203358232975,err2,dense,0.5,4,12,,,0.02,0.5
lec_degradation,51018,0.0073490203358232975,err2,dense,0.5,5,12,0.5,0.34368348121643066,,
mec_degradation,51018,0.0073490203358232975,err2,dense,0.5,5,12,,,0.02,0.5
lec_degradation,51018,0.0073490203358232975,err2,dense,0.5,6,12,0.5,0.34368348121643066,,
mec_degradation,51018,0.0073490203358232975,err2,dense,0.5,6,12,,,0.02,0.5
lec_degradation,51018,0.0073490203358232975,err2,dense,0.5,7,12,0.5,0.34368348121643066,,
mec_degradation,51018,0.0073490203358232975,err2,dense,0.5,7,12,,,0.02,0.5
lec_degradation,51018,0.0073490203358232975,err2,dense,0.5,8,12,0.5,0.34368348121643066,,
mec_degradation,51018,0.0073490203358232975,err2,dense,0.5,8,12,,,0.02,0.5
lec_degradation,51018,0.0073490203358232975,err2,dense,0.5,9,12,0.5,0.34368348121643066,,
mec_degradation,51018,0.0073490203358232975,err2,dense,0.5,9,12,,,0.02,0.5
lec_degradation,51018,0.0073490203358232975,err2,dense,0.5,10,12,0.5,0.34368348121643066,,
mec_degradation,51018,0.0073490203358232975,err2,dense,0.5,10,12,,,0.02,0.5
lec_degradation,51018,0.0073490203358232975,err2,dense,0.5,11,12,0.5,0.34368348121643066,,
mec_degradation,51018,0.0073490203358232975,err2,dense,0.5,11,12,,,0.02,0.5
lec_degradation,51018,0.0073490203358232975,err2,dense,0.75,0,19,0.5,0.34368348121643066,,
mec_degradation,51018,0.0073490203358232975,err2,dense,0.75,0,19,,,0.02,0.5
lec_degradation,51018,0.0073490203358232975,err2,dense,0.75,1,19,0.5,0.34368348121643066,,
mec_degradation,51018,0.0073490203358232975,err2,dense,0.75,1,19,,,0.02,0.5
lec_degradation,51018,0.0073490203358232975,err2,dense,0.75,2,19,0.5,0.34368348121643066,,
mec_degradation,51018,0.0073490203358232975,err2,dense,0.75,2,19,,,0.02,0.5
lec_degradation,51018,0.0073490203358232975,err2,dense,0.75,3,19,0.5,0.34368348121643066,,
mec_degradation,51018,0.0073490203358232975,err2,dense,0.75,3,19,,,0.02,0.5
lec_degradation,51018,0.0073490203358232975,err2,dense,0.75,4,19,0.5,0.34368348121643066,,
mec_degradation,51018,0.0073490203358232975,err2,dense,0.75,4,19,,,0.02,0.5
lec_degradation,51018,0.0073490203358232975,err2,dense,0.75,5,19,0.5,0.34368348121643066,,
mec_degradation,51018,0.0073490203358232975,err2,dense,0.75,5,19,,,0.02,0.5
lec_degradation,51018,0.0073490203358232975,err2,dense,0.75,6,19,0.5,0.34368348121643066,,
mec_degradation,51018,0.0073490203358232975,err2,dense,0.75,6,19,,,0.02,0.5
lec_degradation,51018,0.0073490203358232975,err2,dense,0.75,7,19,0.5,0.34368348121643066,,
mec_degradation,51018,0.0073490203358232975,err2,dense,0.75,7,19,,,0.02,0.5
lec_degradation,51018,0.0073490203358232975,err2,dense,0.75,8,19,0.5,0.34368348121643066,,
mec_degradation,51018,0.0073490203358232975,err2,dense,0.75,8,19,,,0.02,0.5
lec_degradation,51018,0.0073490203358232975,err2,dense,0.75,9,19,0.5,0.34368348121643066,,
mec_degradation,51018,0.0073490203358232975,err2,dense,0.75,9,19,,,0.02,0.5
lec_degradation,51018,0.0073490203358232975,err2,dense,0.75,10,19,0.5,0.34368348121643066,,
mec_degradation,51018,0.0073490203358232975,err2,dense,0.75,10,19,,,0.02,0.5
lec_degradation,51018,0.0073490203358232975,err2,dense,0.75,11,19,0.5,0.34368348121643066,,
mec_degradation,51018,0.0073490203358232975,err2,dense,0.75,11,19,,,0.02,0.5
lec_degradation,51018,0.0073490203358232975,err2,dense,0.9,0,22,0.5,0.34368348121643066,,
mec_degradation,51018,0.0073490203358232975,err2,dense,0.9,0,22,,,0.02,0.5
lec_degradation,51018,0.0073490203358232975,err2,dense,0.9,1,22,0.5,0.34368348121643066,,
mec_degradation,51018,0.0073490203358232975,err2,dense,0.9,1,22,,,0.02,0.5
lec_degradation,51018,0.0073490203358232975,err2,dense,0.9,2,22,0.5,0.34368348121643066,,
mec_degradation,51018,0.0073490203358232975,err2,dense,0.9,2,22,,,0.02,0.5
lec_degradation,51018,0.0073490203358232975,err2,dense,0.9,3,22,0.5,0.34368348121643066,,
mec_degradation,51018,0.0073490203358232975,err2,dense,0.9,3,22,,,0.02,0.5
lec_degradation,51018,0.0073490203358232975,err2,dense,0.9,4,22,0.5,0.34368348121643066,,
mec_degradation,51018,0.0073490203358232975,err2,dense,0.9,4,22,,,0.02,0.5
lec_degradation,51018,0.0073490203358232975,err2,dense,0.9,5,22,0.5,0.34368348121643066,,
mec_degradation,51018,0.0073490203358232975,err2,dense,0.9,5,22,,,0.02,0.5
lec_degradation,51018,0.0073490203358232975,err2,dense,0.9,6,22,0.5,0.34368348121643066,,
mec_degradation,51018,0.0073490203358232975,err2,dense,0.9,6,22,,,0.02,0.5
lec_degradation,51018,0.0073490203358232975,err2,dense,0.9,7,22,0.5,0.34368348121643066,,
mec_degradation,51018,0.0073490203358232975,err2,dense,0.9,7,22,,,0.02,0.5
lec_degradation,51018,0.0073490203358232975,err2,dense,0.9,8,22,0.5,0.34368348121643066,,
mec_degradation,51018,0.0073490203358232975,err2,dense,0.9,8,22,,,0.02,0.5
lec_degradation,51018,0.0073490203358232975,err2,dense,0.9,9,22,0.5,0.34368348121643066,,
mec_degradation,51018,0.0073490203358232975,err2,dense,0.9,9,22,,,0.02,0.5
lec_degradation,51018,0.0073490203358232975,err2,dense,0.9,10,22,0.5,0.34368348121643066,,
mec_degradation,51018,0.0073490203358232975,err2,dense,0.9,10,22,,,0.02,0.5
lec_degradation,51018,0.0073490203358232975,err2,dense,0.9,11,22,0.5,0.34368348121643066,,
mec_degradation,51018,0.0073490203358232975,err2,dense,0.9,11,22,,,0.02,0.5
lec_degradation,51019,0.0007825857028365135,base,normal,0.0,0,0,1.0,0.7212921380996704,,
mec_degradation,51019,0.0007825857028365135,base,normal,0.0,0,0,,,0.14,1.0
lec_degradation,51019,0.0007825857028365135,base,normal,0.0,1,0,1.0,0.7212921380996704,,
mec_degradation,51019,0.0007825857028365135,base,normal,0.0,1,0,,,0.14,1.0
lec_degradation,51019,0.0007825857028365135,base,normal,0.0,2,0,1.0,0.7212921380996704,,
mec_degradation,51019,0.0007825857028365135,base,normal,0.0,2,0,,,0.14,1.0
lec_degradation,51019,0.0007825857028365135,base,normal,0.0,3,0,1.0,0.7212921380996704,,
mec_degradation,51019,0.0007825857028365135,base,normal,0.0,3,0,,,0.14,1.0
lec_degradation,51019,0.0007825857028365135,base,normal,0.0,4,0,1.0,0.7212921380996704,,
mec_degradation,51019,0.0007825857028365135,base,normal,0.0,4,0,,,0.14,1.0
lec_degradation,51019,0.0007825857028365135,base,normal,0.0,5,0,1.0,0.7212921380996704,,
mec_degradation,51019,0.0007825857028365135,base,normal,0.0,5,0,,,0.14,1.0
lec_degradation,51019,0.0007825857028365135,base,normal,0.0,6,0,1.0,0.7212921380996704,,
mec_degradation,51019,0.0007825857028365135,base,normal,0.0,6,0,,,0.14,1.0
lec_degradation,51019,0.0007825857028365135,base,normal,0.0,7,0,1.0,0.7212921380996704,,
mec_degradation,51019,0.0007825857028365135,base,normal,0.0,7,0,,,0.14,1.0
lec_degradation,51019,0.0007825857028365135,base,normal,0.0,8,0,1.0,0.7212921380996704,,
mec_degradation,51019,0.0007825857028365135,base,normal,0.0,8,0,,,0.14,1.0
lec_degradation,51019,0.0007825857028365135,base,normal,0.0,9,0,1.0,0.7212921380996704,,
mec_degradation,51019,0.0007825857028365135,base,normal,0.0,9,0,,,0.14,1.0
lec_degradation,51019,0.0007825857028365135,base,normal,0.0,10,0,1.0,0.7212921380996704,,
mec_degradation,51019,0.0007825857028365135,base,normal,0.0,10,0,,,0.14,1.0
lec_degradation,51019,0.0007825857028365135,base,normal,0.0,11,0,1.0,0.7212921380996704,,
mec_degradation,51019,0.0007825857028365135,base,normal,0.0,11,0,,,0.14,1.0
lec_degradation,51019,0.0007825857028365135,base,normal,0.25,0,6,1.0,0.7419761419296265,,
mec_degradation,51019,0.0007825857028365135,base,normal,0.25,0,6,,,0.12,1.0
lec_degradation,51019,0.0007825857028365135,base,normal,0.25,1,6,1.0,0.7495400905609131,,
mec_degradation,51019,0.0007825857028365135,base,normal,0.25,1,6,,,0.12,1.0
lec_degradation,51019,0.0007825857028365135,base,normal,0.25,2,6,1.0,0.7377648949623108,,
mec_degradation,51019,0.0007825857028365135,base,normal,0.25,2,6,,,0.08,1.0
lec_degradation,51019,0.0007825857028365135,base,normal,0.25,3,6,1.0,0.7376846075057983,,
mec_degradation,51019,0.0007825857028365135,base,normal,0.25,3,6,,,0.08,1.0
lec_degradation,51019,0.0007825857028365135,base,normal,0.25,4,6,1.0,0.7620114684104919,,
mec_degradation,51019,0.0007825857028365135,base,normal,0.25,4,6,,,0.12,1.0
lec_degradation,51019,0.0007825857028365135,base,normal,0.25,5,6,1.0,0.704569399356842,,
mec_degradation,51019,0.0007825857028365135,base,normal,0.25,5,6,,,0.12,1.0
lec_degradation,51019,0.0007825857028365135,base,normal,0.25,6,6,1.0,0.7180349826812744,,
mec_degradation,51019,0.0007825857028365135,base,normal,0.25,6,6,,,0.14,1.0
lec_degradation,51019,0.0007825857028365135,base,normal,0.25,7,6,1.0,0.727652370929718,,
mec_degradation,51019,0.0007825857028365135,base,normal,0.25,7,6,,,0.08,1.0
lec_degradation,51019,0.0007825857028365135,base,normal,0.25,8,6,1.0,0.7650630474090576,,
mec_degradation,51019,0.0007825857028365135,base,normal,0.25,8,6,,,0.12,1.0
lec_degradation,51019,0.0007825857028365135,base,normal,0.25,9,6,1.0,0.742293119430542,,
mec_degradation,51019,0.0007825857028365135,base,normal,0.25,9,6,,,0.08,1.0
lec_degradation,51019,0.0007825857028365135,base,normal,0.25,10,6,1.0,0.7428289651870728,,
mec_degradation,51019,0.0007825857028365135,base,normal,0.25,10,6,,,0.14,1.0
lec_degradation,51019,0.0007825857028365135,base,normal,0.25,11,6,1.0,0.7577813863754272,,
mec_degradation,51019,0.0007825857028365135,base,normal,0.25,11,6,,,0.16,1.0
lec_degradation,51019,0.0007825857028365135,base,normal,0.5,0,12,1.0,0.7620640397071838,,
mec_degradation,51019,0.0007825857028365135,base,normal,0.5,0,12,,,0.14,1.0
lec_degradation,51019,0.0007825857028365135,base,normal,0.5,1,12,1.0,0.7362391948699951,,
mec_degradation,51019,0.0007825857028365135,base,normal,0.5,1,12,,,0.14,1.0
lec_degradation,51019,0.0007825857028365135,base,normal,0.5,2,12,1.0,0.7641726732254028,,
mec_degradation,51019,0.0007825857028365135,base,normal,0.5,2,12,,,0.14,1.0
lec_degradation,51019,0.0007825857028365135,base,normal,0.5,3,12,1.0,0.7979480028152466,,
mec_degradation,51019,0.0007825857028365135,base,normal,0.5,3,12,,,0.12,1.0
lec_degradation,51019,0.0007825857028365135,base,normal,0.5,4,12,1.0,0.75201016664505,,
mec_degradation,51019,0.0007825857028365135,base,normal,0.5,4,12,,,0.1,1.0
lec_degradation,51019,0.0007825857028365135,base,normal,0.5,5,12,1.0,0.7401357293128967,,
mec_degradation,51019,0.0007825857028365135,base,normal,0.5,5,12,,,0.08,1.0
lec_degradation,51019,0.0007825857028365135,base,normal,0.5,6,12,1.0,0.7574882507324219,,
mec_degradation,51019,0.0007825857028365135,base,normal,0.5,6,12,,,0.14,1.0
lec_degradation,51019,0.0007825857028365135,base,normal,0.5,7,12,1.0,0.7929365634918213,,
mec_degradation,51019,0.0007825857028365135,base,normal,0.5,7,12,,,0.14,1.0
lec_degradation,51019,0.0007825857028365135,base,normal,0.5,8,12,1.0,0.762042224407196,,
mec_degradation,51019,0.0007825857028365135,base,normal,0.5,8,12,,,0.14,1.0
lec_degradation,51019,0.0007825857028365135,base,normal,0.5,9,12,1.0,0.738528311252594,,
mec_degradation,51019,0.0007825857028365135,base,normal,0.5,9,12,,,0.12,1.0
lec_degradation,51019,0.0007825857028365135,base,normal,0.5,10,12,1.0,0.7801328301429749,,
mec_degradation,51019,0.0007825857028365135,base,normal,0.5,10,12,,,0.06,1.0
lec_degradation,51019,0.0007825857028365135,base,normal,0.5,11,12,1.0,0.7457405924797058,,
mec_degradation,51019,0.0007825857028365135,base,normal,0.5,11,12,,,0.14,1.0
lec_degradation,51019,0.0007825857028365135,base,normal,0.75,0,19,1.0,0.7654632329940796,,
mec_degradation,51019,0.0007825857028365135,base,normal,0.75,0,19,,,0.08,1.0
lec_degradation,51019,0.0007825857028365135,base,normal,0.75,1,19,1.0,0.7722468376159668,,
mec_degradation,51019,0.0007825857028365135,base,normal,0.75,1,19,,,0.08,1.0
lec_degradation,51019,0.0007825857028365135,base,normal,0.75,2,19,1.0,0.6881141662597656,,
mec_degradation,51019,0.0007825857028365135,base,normal,0.75,2,19,,,0.08,1.0
lec_degradation,51019,0.0007825857028365135,base,normal,0.75,3,19,1.0,0.7721672058105469,,
mec_degradation,51019,0.0007825857028365135,base,normal,0.75,3,19,,,0.08,1.0
lec_degradation,51019,0.0007825857028365135,base,normal,0.75,4,19,1.0,0.7311186194419861,,
mec_degradation,51019,0.0007825857028365135,base,normal,0.75,4,19,,,0.06,1.0
lec_degradation,51019,0.0007825857028365135,base,normal,0.75,5,19,1.0,0.7580788135528564,,
mec_degradation,51019,0.0007825857028365135,base,normal,0.75,5,19,,,0.14,1.0
lec_degradation,51019,0.0007825857028365135,base,normal,0.75,6,19,1.0,0.7775797843933105,,
mec_degradation,51019,0.0007825857028365135,base,normal,0.75,6,19,,,0.06,1.0
lec_degradation,51019,0.0007825857028365135,base,normal,0.75,7,19,1.0,0.7410153150558472,,
mec_degradation,51019,0.0007825857028365135,base,normal,0.75,7,19,,,0.06,1.0
lec_degradation,51019,0.0007825857028365135,base,normal,0.75,8,19,1.0,0.747053861618042,,
mec_degradation,51019,0.0007825857028365135,base,normal,0.75,8,19,,,0.08,1.0
lec_degradation,51019,0.0007825857028365135,base,normal,0.75,9,19,1.0,0.7402442693710327,,
mec_degradation,51019,0.0007825857028365135,base,normal,0.75,9,19,,,0.06,1.0
lec_degradation,51019,0.0007825857028365135,base,normal,0.75,10,19,1.0,0.7856842279434204,,
mec_degradation,51019,0.0007825857028365135,base,normal,0.75,10,19,,,0.06,1.0
lec_degradation,51019,0.0007825857028365135,base,normal,0.75,11,19,0.5,0.7090862989425659,,
mec_degradation,51019,0.0007825857028365135,base,normal,0.75,11,19,,,0.06,1.0
lec_degradation,51019,0.0007825857028365135,base,normal,0.9,0,22,1.0,0.786908745765686,,
mec_degradation,51019,0.0007825857028365135,base,normal,0.9,0,22,,,0.06,1.0
lec_degradation,51019,0.0007825857028365135,base,normal,0.9,1,22,1.0,0.7277888655662537,,
mec_degradation,51019,0.0007825857028365135,base,normal,0.9,1,22,,,0.06,1.0
lec_degradation,51019,0.0007825857028365135,base,normal,0.9,2,22,1.0,0.7527545094490051,,
mec_degradation,51019,0.0007825857028365135,base,normal,0.9,2,22,,,0.04,1.0
lec_degradation,51019,0.0007825857028365135,base,normal,0.9,3,22,1.0,0.7240698337554932,,
mec_degradation,51019,0.0007825857028365135,base,normal,0.9,3,22,,,0.04,1.0
lec_degradation,51019,0.0007825857028365135,base,normal,0.9,4,22,1.0,0.689207136631012,,
mec_degradation,51019,0.0007825857028365135,base,normal,0.9,4,22,,,0.04,1.0
lec_degradation,51019,0.0007825857028365135,base,normal,0.9,5,22,1.0,0.7691360712051392,,
mec_degradation,51019,0.0007825857028365135,base,normal,0.9,5,22,,,0.06,1.0
lec_degradation,51019,0.0007825857028365135,base,normal,0.9,6,22,1.0,0.7358618378639221,,
mec_degradation,51019,0.0007825857028365135,base,normal,0.9,6,22,,,0.04,1.0
lec_degradation,51019,0.0007825857028365135,base,normal,0.9,7,22,1.0,0.737260639667511,,
mec_degradation,51019,0.0007825857028365135,base,normal,0.9,7,22,,,0.08,1.0
lec_degradation,51019,0.0007825857028365135,base,normal,0.9,8,22,1.0,0.7577800750732422,,
mec_degradation,51019,0.0007825857028365135,base,normal,0.9,8,22,,,0.06,1.0
lec_degradation,51019,0.0007825857028365135,base,normal,0.9,9,22,1.0,0.7107431888580322,,
mec_degradation,51019,0.0007825857028365135,base,normal,0.9,9,22,,,0.04,1.0
lec_degradation,51019,0.0007825857028365135,base,normal,0.9,10,22,1.0,0.7256429195404053,,
mec_degradation,51019,0.0007825857028365135,base,normal,0.9,10,22,,,0.06,1.0
lec_degradation,51019,0.0007825857028365135,base,normal,0.9,11,22,1.0,0.71370530128479,,
mec_degradation,51019,0.0007825857028365135,base,normal,0.9,11,22,,,0.06,1.0
lec_degradation,51019,0.0007825857028365135,base,dense,0.0,0,0,0.5,0.12050569802522659,,
mec_degradation,51019,0.0007825857028365135,base,dense,0.0,0,0,,,0.02,0.5
lec_degradation,51019,0.0007825857028365135,base,dense,0.0,1,0,0.5,0.12050569802522659,,
mec_degradation,51019,0.0007825857028365135,base,dense,0.0,1,0,,,0.02,0.5
lec_degradation,51019,0.0007825857028365135,base,dense,0.0,2,0,0.5,0.12050569802522659,,
mec_degradation,51019,0.0007825857028365135,base,dense,0.0,2,0,,,0.02,0.5
lec_degradation,51019,0.0007825857028365135,base,dense,0.0,3,0,0.5,0.12050569802522659,,
mec_degradation,51019,0.0007825857028365135,base,dense,0.0,3,0,,,0.02,0.5
lec_degradation,51019,0.0007825857028365135,base,dense,0.0,4,0,0.5,0.12050569802522659,,
mec_degradation,51019,0.0007825857028365135,base,dense,0.0,4,0,,,0.02,0.5
lec_degradation,51019,0.0007825857028365135,base,dense,0.0,5,0,0.5,0.12050569802522659,,
mec_degradation,51019,0.0007825857028365135,base,dense,0.0,5,0,,,0.02,0.5
lec_degradation,51019,0.0007825857028365135,base,dense,0.0,6,0,0.5,0.12050569802522659,,
mec_degradation,51019,0.0007825857028365135,base,dense,0.0,6,0,,,0.02,0.5
lec_degradation,51019,0.0007825857028365135,base,dense,0.0,7,0,0.5,0.12050569802522659,,
mec_degradation,51019,0.0007825857028365135,base,dense,0.0,7,0,,,0.02,0.5
lec_degradation,51019,0.0007825857028365135,base,dense,0.0,8,0,0.5,0.12050569802522659,,
mec_degradation,51019,0.0007825857028365135,base,dense,0.0,8,0,,,0.02,0.5
lec_degradation,51019,0.0007825857028365135,base,dense,0.0,9,0,0.5,0.12050569802522659,,
mec_degradation,51019,0.0007825857028365135,base,dense,0.0,9,0,,,0.02,0.5
lec_degradation,51019,0.0007825857028365135,base,dense,0.0,10,0,0.5,0.12050569802522659,,
mec_degradation,51019,0.0007825857028365135,base,dense,0.0,10,0,,,0.02,0.5
lec_degradation,51019,0.0007825857028365135,base,dense,0.0,11,0,0.5,0.12050569802522659,,
mec_degradation,51019,0.0007825857028365135,base,dense,0.0,11,0,,,0.02,0.5
lec_degradation,51019,0.0007825857028365135,base,dense,0.25,0,6,0.5,0.12050569802522659,,
mec_degradation,51019,0.0007825857028365135,base,dense,0.25,0,6,,,0.02,0.5
lec_degradation,51019,0.0007825857028365135,base,dense,0.25,1,6,0.5,0.12050569802522659,,
mec_degradation,51019,0.0007825857028365135,base,dense,0.25,1,6,,,0.02,0.5
lec_degradation,51019,0.0007825857028365135,base,dense,0.25,2,6,0.5,0.12050569802522659,,
mec_degradation,51019,0.0007825857028365135,base,dense,0.25,2,6,,,0.02,0.5
lec_degradation,51019,0.0007825857028365135,base,dense,0.25,3,6,0.5,0.12050569802522659,,
mec_degradation,51019,0.0007825857028365135,base,dense,0.25,3,6,,,0.02,0.5
lec_degradation,51019,0.0007825857028365135,base,dense,0.25,4,6,0.5,0.12050569802522659,,
mec_degradation,51019,0.0007825857028365135,base,dense,0.25,4,6,,,0.02,0.5
lec_degradation,51019,0.0007825857028365135,base,dense,0.25,5,6,0.5,0.12050569802522659,,
mec_degradation,51019,0.0007825857028365135,base,dense,0.25,5,6,,,0.02,0.5
lec_degradation,51019,0.0007825857028365135,base,dense,0.25,6,6,0.5,0.12050569802522659,,
mec_degradation,51019,0.0007825857028365135,base,dense,0.25,6,6,,,0.02,0.5
lec_degradation,51019,0.0007825857028365135,base,dense,0.25,7,6,0.5,0.12050569802522659,,
mec_degradation,51019,0.0007825857028365135,base,dense,0.25,7,6,,,0.02,0.5
lec_degradation,51019,0.0007825857028365135,base,dense,0.25,8,6,0.5,0.12050569802522659,,
mec_degradation,51019,0.0007825857028365135,base,dense,0.25,8,6,,,0.02,0.5
lec_degradation,51019,0.0007825857028365135,base,dense,0.25,9,6,0.5,0.12050569802522659,,
mec_degradation,51019,0.0007825857028365135,base,dense,0.25,9,6,,,0.02,0.5
lec_degradation,51019,0.0007825857028365135,base,dense,0.25,10,6,0.5,0.12050569802522659,,
mec_degradation,51019,0.0007825857028365135,base,dense,0.25,10,6,,,0.02,0.5
lec_degradation,51019,0.0007825857028365135,base,dense,0.25,11,6,0.5,0.12050569802522659,,
mec_degradation,51019,0.0007825857028365135,base,dense,0.25,11,6,,,0.02,0.5
lec_degradation,51019,0.0007825857028365135,base,dense,0.5,0,12,0.5,0.12050569802522659,,
mec_degradation,51019,0.0007825857028365135,base,dense,0.5,0,12,,,0.02,0.5
lec_degradation,51019,0.0007825857028365135,base,dense,0.5,1,12,0.5,0.12050569802522659,,
mec_degradation,51019,0.0007825857028365135,base,dense,0.5,1,12,,,0.02,0.5
lec_degradation,51019,0.0007825857028365135,base,dense,0.5,2,12,0.5,0.12050569802522659,,
mec_degradation,51019,0.0007825857028365135,base,dense,0.5,2,12,,,0.02,0.5
lec_degradation,51019,0.0007825857028365135,base,dense,0.5,3,12,0.5,0.12050569802522659,,
mec_degradation,51019,0.0007825857028365135,base,dense,0.5,3,12,,,0.02,0.5
lec_degradation,51019,0.0007825857028365135,base,dense,0.5,4,12,0.5,0.12050569802522659,,
mec_degradation,51019,0.0007825857028365135,base,dense,0.5,4,12,,,0.02,0.5
lec_degradation,51019,0.0007825857028365135,base,dense,0.5,5,12,0.5,0.12050569802522659,,
mec_degradation,51019,0.0007825857028365135,base,dense,0.5,5,12,,,0.02,0.5
lec_degradation,51019,0.0007825857028365135,base,dense,0.5,6,12,0.5,0.12050569802522659,,
mec_degradation,51019,0.0007825857028365135,base,dense,0.5,6,12,,,0.02,0.5
lec_degradation,51019,0.0007825857028365135,base,dense,0.5,7,12,0.5,0.12050569802522659,,
mec_degradation,51019,0.0007825857028365135,base,dense,0.5,7,12,,,0.02,0.5
lec_degradation,51019,0.0007825857028365135,base,dense,0.5,8,12,0.5,0.12050569802522659,,
mec_degradation,51019,0.0007825857028365135,base,dense,0.5,8,12,,,0.02,0.5
lec_degradation,51019,0.0007825857028365135,base,dense,0.5,9,12,0.5,0.12050569802522659,,
mec_degradation,51019,0.0007825857028365135,base,dense,0.5,9,12,,,0.02,0.5
lec_degradation,51019,0.0007825857028365135,base,dense,0.5,10,12,0.5,0.12050569802522659,,
mec_degradation,51019,0.0007825857028365135,base,dense,0.5,10,12,,,0.02,0.5
lec_degradation,51019,0.0007825857028365135,base,dense,0.5,11,12,0.5,0.12050569802522659,,
mec_degradation,51019,0.0007825857028365135,base,dense,0.5,11,12,,,0.02,0.5
lec_degradation,51019,0.0007825857028365135,base,dense,0.75,0,19,0.5,0.12050569802522659,,
mec_degradation,51019,0.0007825857028365135,base,dense,0.75,0,19,,,0.02,0.5
lec_degradation,51019,0.0007825857028365135,base,dense,0.75,1,19,0.5,0.12050569802522659,,
mec_degradation,51019,0.0007825857028365135,base,dense,0.75,1,19,,,0.02,0.5
lec_degradation,51019,0.0007825857028365135,base,dense,0.75,2,19,0.5,0.12050569802522659,,
mec_degradation,51019,0.0007825857028365135,base,dense,0.75,2,19,,,0.02,0.5
lec_degradation,51019,0.0007825857028365135,base,dense,0.75,3,19,0.5,0.12050569802522659,,
mec_degradation,51019,0.0007825857028365135,base,dense,0.75,3,19,,,0.02,0.5
lec_degradation,51019,0.0007825857028365135,base,dense,0.75,4,19,0.5,0.12050569802522659,,
mec_degradation,51019,0.0007825857028365135,base,dense,0.75,4,19,,,0.02,0.5
lec_degradation,51019,0.0007825857028365135,base,dense,0.75,5,19,0.5,0.12050569802522659,,
mec_degradation,51019,0.0007825857028365135,base,dense,0.75,5,19,,,0.02,0.5
lec_degradation,51019,0.0007825857028365135,base,dense,0.75,6,19,0.5,0.12050569802522659,,
mec_degradation,51019,0.0007825857028365135,base,dense,0.75,6,19,,,0.02,0.5
lec_degradation,51019,0.0007825857028365135,base,dense,0.75,7,19,0.5,0.12050569802522659,,
mec_degradation,51019,0.0007825857028365135,base,dense,0.75,7,19,,,0.02,0.5
lec_degradation,51019,0.0007825857028365135,base,dense,0.75,8,19,0.5,0.12050569802522659,,
mec_degradation,51019,0.0007825857028365135,base,dense,0.75,8,19,,,0.02,0.5
lec_degradation,51019,0.0007825857028365135,base,dense,0.75,9,19,0.5,0.12050569802522659,,
mec_degradation,51019,0.0007825857028365135,base,dense,0.75,9,19,,,0.02,0.5
lec_degradation,51019,0.0007825857028365135,base,dense,0.75,10,19,0.5,0.12050569802522659,,
mec_degradation,51019,0.0007825857028365135,base,dense,0.75,10,19,,,0.02,0.5
lec_degradation,51019,0.0007825857028365135,base,dense,0.75,11,19,0.5,0.12050569802522659,,
mec_degradation,51019,0.0007825857028365135,base,dense,0.75,11,19,,,0.02,0.5
lec_degradation,51019,0.0007825857028365135,base,dense,0.9,0,22,0.5,0.12050569802522659,,
mec_degradation,51019,0.0007825857028365135,base,dense,0.9,0,22,,,0.02,0.5
lec_degradation,51019,0.0007825857028365135,base,dense,0.9,1,22,0.5,0.12050569802522659,,
mec_degradation,51019,0.0007825857028365135,base,dense,0.9,1,22,,,0.02,0.5
lec_degradation,51019,0.0007825857028365135,base,dense,0.9,2,22,0.5,0.12050569802522659,,
mec_degradation,51019,0.0007825857028365135,base,dense,0.9,2,22,,,0.02,0.5
lec_degradation,51019,0.0007825857028365135,base,dense,0.9,3,22,0.5,0.12050569802522659,,
mec_degradation,51019,0.0007825857028365135,base,dense,0.9,3,22,,,0.02,0.5
lec_degradation,51019,0.0007825857028365135,base,dense,0.9,4,22,0.5,0.12050569802522659,,
mec_degradation,51019,0.0007825857028365135,base,dense,0.9,4,22,,,0.02,0.5
lec_degradation,51019,0.0007825857028365135,base,dense,0.9,5,22,0.5,0.12050569802522659,,
mec_degradation,51019,0.0007825857028365135,base,dense,0.9,5,22,,,0.02,0.5
lec_degradation,51019,0.0007825857028365135,base,dense,0.9,6,22,0.5,0.12050569802522659,,
mec_degradation,51019,0.0007825857028365135,base,dense,0.9,6,22,,,0.02,0.5
lec_degradation,51019,0.0007825857028365135,base,dense,0.9,7,22,0.5,0.12050569802522659,,
mec_degradation,51019,0.0007825857028365135,base,dense,0.9,7,22,,,0.02,0.5
lec_degradation,51019,0.0007825857028365135,base,dense,0.9,8,22,0.5,0.12050569802522659,,
mec_degradation,51019,0.0007825857028365135,base,dense,0.9,8,22,,,0.02,0.5
lec_degradation,51019,0.0007825857028365135,base,dense,0.9,9,22,0.5,0.12050569802522659,,
mec_degradation,51019,0.0007825857028365135,base,dense,0.9,9,22,,,0.02,0.5
lec_degradation,51019,0.0007825857028365135,base,dense,0.9,10,22,0.5,0.12050569802522659,,
mec_degradation,51019,0.0007825857028365135,base,dense,0.9,10,22,,,0.02,0.5
lec_degradation,51019,0.0007825857028365135,base,dense,0.9,11,22,0.5,0.12050569802522659,,
mec_degradation,51019,0.0007825857028365135,base,dense,0.9,11,22,,,0.02,0.5
lec_degradation,51019,0.0007825857028365135,err2,normal,0.0,0,0,1.0,0.9384034872055054,,
mec_degradation,51019,0.0007825857028365135,err2,normal,0.0,0,0,,,0.8,1.0
lec_degradation,51019,0.0007825857028365135,err2,normal,0.0,1,0,1.0,0.9384034872055054,,
mec_degradation,51019,0.0007825857028365135,err2,normal,0.0,1,0,,,0.8,1.0
lec_degradation,51019,0.0007825857028365135,err2,normal,0.0,2,0,1.0,0.9384034872055054,,
mec_degradation,51019,0.0007825857028365135,err2,normal,0.0,2,0,,,0.8,1.0
lec_degradation,51019,0.0007825857028365135,err2,normal,0.0,3,0,1.0,0.9384034872055054,,
mec_degradation,51019,0.0007825857028365135,err2,normal,0.0,3,0,,,0.8,1.0
lec_degradation,51019,0.0007825857028365135,err2,normal,0.0,4,0,1.0,0.9384034872055054,,
mec_degradation,51019,0.0007825857028365135,err2,normal,0.0,4,0,,,0.8,1.0
lec_degradation,51019,0.0007825857028365135,err2,normal,0.0,5,0,1.0,0.9384034872055054,,
mec_degradation,51019,0.0007825857028365135,err2,normal,0.0,5,0,,,0.8,1.0
lec_degradation,51019,0.0007825857028365135,err2,normal,0.0,6,0,1.0,0.9384034872055054,,
mec_degradation,51019,0.0007825857028365135,err2,normal,0.0,6,0,,,0.8,1.0
lec_degradation,51019,0.0007825857028365135,err2,normal,0.0,7,0,1.0,0.9384034872055054,,
mec_degradation,51019,0.0007825857028365135,err2,normal,0.0,7,0,,,0.8,1.0
lec_degradation,51019,0.0007825857028365135,err2,normal,0.0,8,0,1.0,0.9384034872055054,,
mec_degradation,51019,0.0007825857028365135,err2,normal,0.0,8,0,,,0.8,1.0
lec_degradation,51019,0.0007825857028365135,err2,normal,0.0,9,0,1.0,0.9384034872055054,,
mec_degradation,51019,0.0007825857028365135,err2,normal,0.0,9,0,,,0.8,1.0
lec_degradation,51019,0.0007825857028365135,err2,normal,0.0,10,0,1.0,0.9384034872055054,,
mec_degradation,51019,0.0007825857028365135,err2,normal,0.0,10,0,,,0.8,1.0
lec_degradation,51019,0.0007825857028365135,err2,normal,0.0,11,0,1.0,0.9384034872055054,,
mec_degradation,51019,0.0007825857028365135,err2,normal,0.0,11,0,,,0.8,1.0
lec_degradation,51019,0.0007825857028365135,err2,normal,0.25,0,6,0.5,0.8287839293479919,,
mec_degradation,51019,0.0007825857028365135,err2,normal,0.25,0,6,,,0.42,1.0
lec_degradation,51019,0.0007825857028365135,err2,normal,0.25,1,6,1.0,0.9054515957832336,,
mec_degradation,51019,0.0007825857028365135,err2,normal,0.25,1,6,,,0.56,1.0
lec_degradation,51019,0.0007825857028365135,err2,normal,0.25,2,6,1.0,0.8473827838897705,,
mec_degradation,51019,0.0007825857028365135,err2,normal,0.25,2,6,,,0.42,1.0
lec_degradation,51019,0.0007825857028365135,err2,normal,0.25,3,6,1.0,0.8594040870666504,,
mec_degradation,51019,0.0007825857028365135,err2,normal,0.25,3,6,,,0.52,1.0
lec_degradation,51019,0.0007825857028365135,err2,normal,0.25,4,6,1.0,0.873765766620636,,
mec_degradation,51019,0.0007825857028365135,err2,normal,0.25,4,6,,,0.5,1.0
lec_degradation,51019,0.0007825857028365135,err2,normal,0.25,5,6,1.0,0.8379308581352234,,
mec_degradation,51019,0.0007825857028365135,err2,normal,0.25,5,6,,,0.44,1.0
lec_degradation,51019,0.0007825857028365135,err2,normal,0.25,6,6,1.0,0.8712018728256226,,
mec_degradation,51019,0.0007825857028365135,err2,normal,0.25,6,6,,,0.48,1.0
lec_degradation,51019,0.0007825857028365135,err2,normal,0.25,7,6,1.0,0.8523802757263184,,
mec_degradation,51019,0.0007825857028365135,err2,normal,0.25,7,6,,,0.54,1.0
lec_degradation,51019,0.0007825857028365135,err2,normal,0.25,8,6,1.0,0.8631709814071655,,
mec_degradation,51019,0.0007825857028365135,err2,normal,0.25,8,6,,,0.46,1.0
lec_degradation,51019,0.0007825857028365135,err2,normal,0.25,9,6,0.5,0.7903990149497986,,
mec_degradation,51019,0.0007825857028365135,err2,normal,0.25,9,6,,,0.4,1.0
lec_degradation,51019,0.0007825857028365135,err2,normal,0.25,10,6,1.0,0.8686975240707397,,
mec_degradation,51019,0.0007825857028365135,err2,normal,0.25,10,6,,,0.34,1.0
lec_degradation,51019,0.0007825857028365135,err2,normal,0.25,11,6,1.0,0.8689801692962646,,
mec_degradation,51019,0.0007825857028365135,err2,normal,0.25,11,6,,,0.58,1.0
lec_degradation,51019,0.0007825857028365135,err2,normal,0.5,0,12,0.5,0.8066585659980774,,
mec_degradation,51019,0.0007825857028365135,err2,normal,0.5,0,12,,,0.34,1.0
lec_degradation,51019,0.0007825857028365135,err2,normal,0.5,1,12,1.0,0.8340211510658264,,
mec_degradation,51019,0.0007825857028365135,err2,normal,0.5,1,12,,,0.24,1.0
lec_degradation,51019,0.0007825857028365135,err2,normal,0.5,2,12,1.0,0.8261101245880127,,
mec_degradation,51019,0.0007825857028365135,err2,normal,0.5,2,12,,,0.38,1.0
lec_degradation,51019,0.0007825857028365135,err2,normal,0.5,3,12,1.0,0.8508733510971069,,
mec_degradation,51019,0.0007825857028365135,err2,normal,0.5,3,12,,,0.3,1.0
lec_degradation,51019,0.0007825857028365135,err2,normal,0.5,4,12,1.0,0.7983229756355286,,
mec_degradation,51019,0.0007825857028365135,err2,normal,0.5,4,12,,,0.24,1.0
lec_degradation,51019,0.0007825857028365135,err2,normal,0.5,5,12,1.0,0.8262317180633545,,
mec_degradation,51019,0.0007825857028365135,err2,normal,0.5,5,12,,,0.22,1.0
lec_degradation,51019,0.0007825857028365135,err2,normal,0.5,6,12,0.5,0.7727907299995422,,
mec_degradation,51019,0.0007825857028365135,err2,normal,0.5,6,12,,,0.24,1.0
lec_degradation,51019,0.0007825857028365135,err2,normal,0.5,7,12,1.0,0.8164601922035217,,
mec_degradation,51019,0.0007825857028365135,err2,normal,0.5,7,12,,,0.24,1.0
lec_degradation,51019,0.0007825857028365135,err2,normal,0.5,8,12,1.0,0.8265095353126526,,
mec_degradation,51019,0.0007825857028365135,err2,normal,0.5,8,12,,,0.24,1.0
lec_degradation,51019,0.0007825857028365135,err2,normal,0.5,9,12,1.0,0.8246686458587646,,
mec_degradation,51019,0.0007825857028365135,err2,normal,0.5,9,12,,,0.24,1.0
lec_degradation,51019,0.0007825857028365135,err2,normal,0.5,10,12,1.0,0.7890276312828064,,
mec_degradation,51019,0.0007825857028365135,err2,normal,0.5,10,12,,,0.2,1.0
lec_degradation,51019,0.0007825857028365135,err2,normal,0.5,11,12,0.5,0.8084143996238708,,
mec_degradation,51019,0.0007825857028365135,err2,normal,0.5,11,12,,,0.26,1.0
lec_degradation,51019,0.0007825857028365135,err2,normal,0.75,0,19,0.5,0.8302925825119019,,
mec_degradation,51019,0.0007825857028365135,err2,normal,0.75,0,19,,,0.12,1.0
lec_degradation,51019,0.0007825857028365135,err2,normal,0.75,1,19,0.5,0.7842526435852051,,
mec_degradation,51019,0.0007825857028365135,err2,normal,0.75,1,19,,,0.08,1.0
lec_degradation,51019,0.0007825857028365135,err2,normal,0.75,2,19,1.0,0.8170776963233948,,
mec_degradation,51019,0.0007825857028365135,err2,normal,0.75,2,19,,,0.14,1.0
lec_degradation,51019,0.0007825857028365135,err2,normal,0.75,3,19,1.0,0.8090894222259521,,
mec_degradation,51019,0.0007825857028365135,err2,normal,0.75,3,19,,,0.14,1.0
lec_degradation,51019,0.0007825857028365135,err2,normal,0.75,4,19,1.0,0.8122574687004089,,
mec_degradation,51019,0.0007825857028365135,err2,normal,0.75,4,19,,,0.1,1.0
lec_degradation,51019,0.0007825857028365135,err2,normal,0.75,5,19,0.5,0.802950382232666,,
mec_degradation,51019,0.0007825857028365135,err2,normal,0.75,5,19,,,0.12,1.0
lec_degradation,51019,0.0007825857028365135,err2,normal,0.75,6,19,1.0,0.8063578009605408,,
mec_degradation,51019,0.0007825857028365135,err2,normal,0.75,6,19,,,0.08,1.0
lec_degradation,51019,0.0007825857028365135,err2,normal,0.75,7,19,0.5,0.8026118278503418,,
mec_degradation,51019,0.0007825857028365135,err2,normal,0.75,7,19,,,0.08,1.0
lec_degradation,51019,0.0007825857028365135,err2,normal,0.75,8,19,0.5,0.8174828290939331,,
mec_degradation,51019,0.0007825857028365135,err2,normal,0.75,8,19,,,0.12,1.0
lec_degradation,51019,0.0007825857028365135,err2,normal,0.75,9,19,0.5,0.7422155141830444,,
mec_degradation,51019,0.0007825857028365135,err2,normal,0.75,9,19,,,0.12,1.0
lec_degradation,51019,0.0007825857028365135,err2,normal,0.75,10,19,1.0,0.7536827325820923,,
mec_degradation,51019,0.0007825857028365135,err2,normal,0.75,10,19,,,0.16,1.0
lec_degradation,51019,0.0007825857028365135,err2,normal,0.75,11,19,0.5,0.8123708367347717,,
mec_degradation,51019,0.0007825857028365135,err2,normal,0.75,11,19,,,0.12,1.0
lec_degradation,51019,0.0007825857028365135,err2,normal,0.9,0,22,0.5,0.8173938989639282,,
mec_degradation,51019,0.0007825857028365135,err2,normal,0.9,0,22,,,0.06,1.0
lec_degradation,51019,0.0007825857028365135,err2,normal,0.9,1,22,0.5,0.8043215274810791,,
mec_degradation,51019,0.0007825857028365135,err2,normal,0.9,1,22,,,0.1,1.0
lec_degradation,51019,0.0007825857028365135,err2,normal,0.9,2,22,0.5,0.8300219178199768,,
mec_degradation,51019,0.0007825857028365135,err2,normal,0.9,2,22,,,0.1,1.0
lec_degradation,51019,0.0007825857028365135,err2,normal,0.9,3,22,1.0,0.8156575560569763,,
mec_degradation,51019,0.0007825857028365135,err2,normal,0.9,3,22,,,0.08,1.0
lec_degradation,51019,0.0007825857028365135,err2,normal,0.9,4,22,0.5,0.7883982062339783,,
mec_degradation,51019,0.0007825857028365135,err2,normal,0.9,4,22,,,0.08,1.0
lec_degradation,51019,0.0007825857028365135,err2,normal,0.9,5,22,0.5,0.8219759464263916,,
mec_degradation,51019,0.0007825857028365135,err2,normal,0.9,5,22,,,0.08,1.0
lec_degradation,51019,0.0007825857028365135,err2,normal,0.9,6,22,0.5,0.8159993886947632,,
mec_degradation,51019,0.0007825857028365135,err2,normal,0.9,6,22,,,0.08,1.0
lec_degradation,51019,0.0007825857028365135,err2,normal,0.9,7,22,1.0,0.8149116039276123,,
mec_degradation,51019,0.0007825857028365135,err2,normal,0.9,7,22,,,0.02,1.0
lec_degradation,51019,0.0007825857028365135,err2,normal,0.9,8,22,1.0,0.811481237411499,,
mec_degradation,51019,0.0007825857028365135,err2,normal,0.9,8,22,,,0.06,1.0
lec_degradation,51019,0.0007825857028365135,err2,normal,0.9,9,22,1.0,0.7995626330375671,,
mec_degradation,51019,0.0007825857028365135,err2,normal,0.9,9,22,,,0.1,1.0
lec_degradation,51019,0.0007825857028365135,err2,normal,0.9,10,22,0.5,0.8276186585426331,,
mec_degradation,51019,0.0007825857028365135,err2,normal,0.9,10,22,,,0.06,1.0
lec_degradation,51019,0.0007825857028365135,err2,normal,0.9,11,22,1.0,0.8169150352478027,,
mec_degradation,51019,0.0007825857028365135,err2,normal,0.9,11,22,,,0.06,1.0
lec_degradation,51019,0.0007825857028365135,err2,dense,0.0,0,0,0.5,0.31393149495124817,,
mec_degradation,51019,0.0007825857028365135,err2,dense,0.0,0,0,,,0.02,0.5
lec_degradation,51019,0.0007825857028365135,err2,dense,0.0,1,0,0.5,0.31393149495124817,,
mec_degradation,51019,0.0007825857028365135,err2,dense,0.0,1,0,,,0.02,0.5
lec_degradation,51019,0.0007825857028365135,err2,dense,0.0,2,0,0.5,0.31393149495124817,,
mec_degradation,51019,0.0007825857028365135,err2,dense,0.0,2,0,,,0.02,0.5
lec_degradation,51019,0.0007825857028365135,err2,dense,0.0,3,0,0.5,0.31393149495124817,,
mec_degradation,51019,0.0007825857028365135,err2,dense,0.0,3,0,,,0.02,0.5
lec_degradation,51019,0.0007825857028365135,err2,dense,0.0,4,0,0.5,0.31393149495124817,,
mec_degradation,51019,0.0007825857028365135,err2,dense,0.0,4,0,,,0.02,0.5
lec_degradation,51019,0.0007825857028365135,err2,dense,0.0,5,0,0.5,0.31393149495124817,,
mec_degradation,51019,0.0007825857028365135,err2,dense,0.0,5,0,,,0.02,0.5
lec_degradation,51019,0.0007825857028365135,err2,dense,0.0,6,0,0.5,0.31393149495124817,,
mec_degradation,51019,0.0007825857028365135,err2,dense,0.0,6,0,,,0.02,0.5
lec_degradation,51019,0.0007825857028365135,err2,dense,0.0,7,0,0.5,0.31393149495124817,,
mec_degradation,51019,0.0007825857028365135,err2,dense,0.0,7,0,,,0.02,0.5
lec_degradation,51019,0.0007825857028365135,err2,dense,0.0,8,0,0.5,0.31393149495124817,,
mec_degradation,51019,0.0007825857028365135,err2,dense,0.0,8,0,,,0.02,0.5
lec_degradation,51019,0.0007825857028365135,err2,dense,0.0,9,0,0.5,0.31393149495124817,,
mec_degradation,51019,0.0007825857028365135,err2,dense,0.0,9,0,,,0.02,0.5
lec_degradation,51019,0.0007825857028365135,err2,dense,0.0,10,0,0.5,0.31393149495124817,,
mec_degradation,51019,0.0007825857028365135,err2,dense,0.0,10,0,,,0.02,0.5
lec_degradation,51019,0.0007825857028365135,err2,dense,0.0,11,0,0.5,0.31393149495124817,,
mec_degradation,51019,0.0007825857028365135,err2,dense,0.0,11,0,,,0.02,0.5
lec_degradation,51019,0.0007825857028365135,err2,dense,0.25,0,6,0.5,0.31393149495124817,,
mec_degradation,51019,0.0007825857028365135,err2,dense,0.25,0,6,,,0.02,0.5
lec_degradation,51019,0.0007825857028365135,err2,dense,0.25,1,6,0.5,0.31393149495124817,,
mec_degradation,51019,0.0007825857028365135,err2,dense,0.25,1,6,,,0.02,0.5
lec_degradation,51019,0.0007825857028365135,err2,dense,0.25,2,6,0.5,0.31393149495124817,,
mec_degradation,51019,0.0007825857028365135,err2,dense,0.25,2,6,,,0.02,0.5
lec_degradation,51019,0.0007825857028365135,err2,dense,0.25,3,6,0.5,0.31393149495124817,,
mec_degradation,51019,0.0007825857028365135,err2,dense,0.25,3,6,,,0.02,0.5
lec_degradation,51019,0.0007825857028365135,err2,dense,0.25,4,6,0.5,0.31393149495124817,,
mec_degradation,51019,0.0007825857028365135,err2,dense,0.25,4,6,,,0.02,0.5
lec_degradation,51019,0.0007825857028365135,err2,dense,0.25,5,6,0.5,0.31393149495124817,,
mec_degradation,51019,0.0007825857028365135,err2,dense,0.25,5,6,,,0.02,0.5
lec_degradation,51019,0.0007825857028365135,err2,dense,0.25,6,6,0.5,0.31393149495124817,,
mec_degradation,51019,0.0007825857028365135,err2,dense,0.25,6,6,,,0.02,0.5
lec_degradation,51019,0.0007825857028365135,err2,dense,0.25,7,6,0.5,0.31393149495124817,,
mec_degradation,51019,0.0007825857028365135,err2,dense,0.25,7,6,,,0.02,0.5
lec_degradation,51019,0.0007825857028365135,err2,dense,0.25,8,6,0.5,0.31393149495124817,,
mec_degradation,51019,0.0007825857028365135,err2,dense,0.25,8,6,,,0.02,0.5
lec_degradation,51019,0.0007825857028365135,err2,dense,0.25,9,6,0.5,0.31393149495124817,,
mec_degradation,51019,0.0007825857028365135,err2,dense,0.25,9,6,,,0.02,0.5
lec_degradation,51019,0.0007825857028365135,err2,dense,0.25,10,6,0.5,0.31393149495124817,,
mec_degradation,51019,0.0007825857028365135,err2,dense,0.25,10,6,,,0.02,0.5
lec_degradation,51019,0.0007825857028365135,err2,dense,0.25,11,6,0.5,0.31393149495124817,,
mec_degradation,51019,0.0007825857028365135,err2,dense,0.25,11,6,,,0.02,0.5
lec_degradation,51019,0.0007825857028365135,err2,dense,0.5,0,12,0.5,0.31393149495124817,,
mec_degradation,51019,0.0007825857028365135,err2,dense,0.5,0,12,,,0.02,0.5
lec_degradation,51019,0.0007825857028365135,err2,dense,0.5,1,12,0.5,0.31393149495124817,,
mec_degradation,51019,0.0007825857028365135,err2,dense,0.5,1,12,,,0.02,0.5
lec_degradation,51019,0.0007825857028365135,err2,dense,0.5,2,12,0.5,0.31393149495124817,,
mec_degradation,51019,0.0007825857028365135,err2,dense,0.5,2,12,,,0.02,0.5
lec_degradation,51019,0.0007825857028365135,err2,dense,0.5,3,12,0.5,0.31393149495124817,,
mec_degradation,51019,0.0007825857028365135,err2,dense,0.5,3,12,,,0.02,0.5
lec_degradation,51019,0.0007825857028365135,err2,dense,0.5,4,12,0.5,0.31393149495124817,,
mec_degradation,51019,0.0007825857028365135,err2,dense,0.5,4,12,,,0.02,0.5
lec_degradation,51019,0.0007825857028365135,err2,dense,0.5,5,12,0.5,0.31393149495124817,,
mec_degradation,51019,0.0007825857028365135,err2,dense,0.5,5,12,,,0.02,0.5
lec_degradation,51019,0.0007825857028365135,err2,dense,0.5,6,12,0.5,0.31393149495124817,,
mec_degradation,51019,0.0007825857028365135,err2,dense,0.5,6,12,,,0.02,0.5
lec_degradation,51019,0.0007825857028365135,err2,dense,0.5,7,12,0.5,0.31393149495124817,,
mec_degradation,51019,0.0007825857028365135,err2,dense,0.5,7,12,,,0.02,0.5
lec_degradation,51019,0.0007825857028365135,err2,dense,0.5,8,12,0.5,0.31393149495124817,,
mec_degradation,51019,0.0007825857028365135,err2,dense,0.5,8,12,,,0.02,0.5
lec_degradation,51019,0.0007825857028365135,err2,dense,0.5,9,12,0.5,0.31393149495124817,,
mec_degradation,51019,0.0007825857028365135,err2,dense,0.5,9,12,,,0.02,0.5
lec_degradation,51019,0.0007825857028365135,err2,dense,0.5,10,12,0.5,0.31393149495124817,,
mec_degradation,51019,0.0007825857028365135,err2,dense,0.5,10,12,,,0.02,0.5
lec_degradation,51019,0.0007825857028365135,err2,dense,0.5,11,12,0.5,0.31393149495124817,,
mec_degradation,51019,0.0007825857028365135,err2,dense,0.5,11,12,,,0.02,0.5
lec_degradation,51019,0.0007825857028365135,err2,dense,0.75,0,19,0.5,0.31393149495124817,,
mec_degradation,51019,0.0007825857028365135,err2,dense,0.75,0,19,,,0.02,0.5
lec_degradation,51019,0.0007825857028365135,err2,dense,0.75,1,19,0.5,0.31393149495124817,,
mec_degradation,51019,0.0007825857028365135,err2,dense,0.75,1,19,,,0.02,0.5
lec_degradation,51019,0.0007825857028365135,err2,dense,0.75,2,19,0.5,0.31393149495124817,,
mec_degradation,51019,0.0007825857028365135,err2,dense,0.75,2,19,,,0.02,0.5
lec_degradation,51019,0.0007825857028365135,err2,dense,0.75,3,19,0.5,0.31393149495124817,,
mec_degradation,51019,0.0007825857028365135,err2,dense,0.75,3,19,,,0.02,0.5
lec_degradation,51019,0.0007825857028365135,err2,dense,0.75,4,19,0.5,0.31393149495124817,,
mec_degradation,51019,0.0007825857028365135,err2,dense,0.75,4,19,,,0.02,0.5
lec_degradation,51019,0.0007825857028365135,err2,dense,0.75,5,19,0.5,0.31393149495124817,,
mec_degradation,51019,0.0007825857028365135,err2,dense,0.75,5,19,,,0.02,0.5
lec_degradation,51019,0.0007825857028365135,err2,dense,0.75,6,19,0.5,0.31393149495124817,,
mec_degradation,51019,0.0007825857028365135,err2,dense,0.75,6,19,,,0.02,0.5
lec_degradation,51019,0.0007825857028365135,err2,dense,0.75,7,19,0.5,0.31393149495124817,,
mec_degradation,51019,0.0007825857028365135,err2,dense,0.75,7,19,,,0.02,0.5
lec_degradation,51019,0.0007825857028365135,err2,dense,0.75,8,19,0.5,0.31393149495124817,,
mec_degradation,51019,0.0007825857028365135,err2,dense,0.75,8,19,,,0.02,0.5
lec_degradation,51019,0.0007825857028365135,err2,dense,0.75,9,19,0.5,0.31393149495124817,,
mec_degradation,51019,0.0007825857028365135,err2,dense,0.75,9,19,,,0.02,0.5
lec_degradation,51019,0.0007825857028365135,err2,dense,0.75,10,19,0.5,0.31393149495124817,,
mec_degradation,51019,0.0007825857028365135,err2,dense,0.75,10,19,,,0.02,0.5
lec_degradation,51019,0.0007825857028365135,err2,dense,0.75,11,19,0.5,0.31393149495124817,,
mec_degradation,51019,0.0007825857028365135,err2,dense,0.75,11,19,,,0.02,0.5
lec_degradation,51019,0.0007825857028365135,err2,dense,0.9,0,22,0.5,0.31393149495124817,,
mec_degradation,51019,0.0007825857028365135,err2,dense,0.9,0,22,,,0.02,0.5
lec_degradation,51019,0.0007825857028365135,err2,dense,0.9,1,22,0.5,0.31393149495124817,,
mec_degradation,51019,0.0007825857028365135,err2,dense,0.9,1,22,,,0.02,0.5
lec_degradation,51019,0.0007825857028365135,err2,dense,0.9,2,22,0.5,0.31393149495124817,,
mec_degradation,51019,0.0007825857028365135,err2,dense,0.9,2,22,,,0.02,0.5
lec_degradation,51019,0.0007825857028365135,err2,dense,0.9,3,22,0.5,0.31393149495124817,,
mec_degradation,51019,0.0007825857028365135,err2,dense,0.9,3,22,,,0.02,0.5
lec_degradation,51019,0.0007825857028365135,err2,dense,0.9,4,22,0.5,0.31393149495124817,,
mec_degradation,51019,0.0007825857028365135,err2,dense,0.9,4,22,,,0.02,0.5
lec_degradation,51019,0.0007825857028365135,err2,dense,0.9,5,22,0.5,0.31393149495124817,,
mec_degradation,51019,0.0007825857028365135,err2,dense,0.9,5,22,,,0.02,0.5
lec_degradation,51019,0.0007825857028365135,err2,dense,0.9,6,22,0.5,0.31393149495124817,,
mec_degradation,51019,0.0007825857028365135,err2,dense,0.9,6,22,,,0.02,0.5
lec_degradation,51019,0.0007825857028365135,err2,dense,0.9,7,22,0.5,0.31393149495124817,,
mec_degradation,51019,0.0007825857028365135,err2,dense,0.9,7,22,,,0.02,0.5
lec_degradation,51019,0.0007825857028365135,err2,dense,0.9,8,22,0.5,0.31393149495124817,,
mec_degradation,51019,0.0007825857028365135,err2,dense,0.9,8,22,,,0.02,0.5
lec_degradation,51019,0.0007825857028365135,err2,dense,0.9,9,22,0.5,0.31393149495124817,,
mec_degradation,51019,0.0007825857028365135,err2,dense,0.9,9,22,,,0.02,0.5
lec_degradation,51019,0.0007825857028365135,err2,dense,0.9,10,22,0.5,0.31393149495124817,,
mec_degradation,51019,0.0007825857028365135,err2,dense,0.9,10,22,,,0.02,0.5
lec_degradation,51019,0.0007825857028365135,err2,dense,0.9,11,22,0.5,0.31393149495124817,,
mec_degradation,51019,0.0007825857028365135,err2,dense,0.9,11,22,,,0.02,0.5
lec_degradation,51020,0.0005777133046649396,base,normal,0.0,0,0,1.0,0.6998121738433838,,
mec_degradation,51020,0.0005777133046649396,base,normal,0.0,0,0,,,0.12,1.0
lec_degradation,51020,0.0005777133046649396,base,normal,0.0,1,0,1.0,0.6998121738433838,,
mec_degradation,51020,0.0005777133046649396,base,normal,0.0,1,0,,,0.12,1.0
lec_degradation,51020,0.0005777133046649396,base,normal,0.0,2,0,1.0,0.6998121738433838,,
mec_degradation,51020,0.0005777133046649396,base,normal,0.0,2,0,,,0.12,1.0
lec_degradation,51020,0.0005777133046649396,base,normal,0.0,3,0,1.0,0.6998121738433838,,
mec_degradation,51020,0.0005777133046649396,base,normal,0.0,3,0,,,0.12,1.0
lec_degradation,51020,0.0005777133046649396,base,normal,0.0,4,0,1.0,0.6998121738433838,,
mec_degradation,51020,0.0005777133046649396,base,normal,0.0,4,0,,,0.12,1.0
lec_degradation,51020,0.0005777133046649396,base,normal,0.0,5,0,1.0,0.6998121738433838,,
mec_degradation,51020,0.0005777133046649396,base,normal,0.0,5,0,,,0.12,1.0
lec_degradation,51020,0.0005777133046649396,base,normal,0.0,6,0,1.0,0.6998121738433838,,
mec_degradation,51020,0.0005777133046649396,base,normal,0.0,6,0,,,0.12,1.0
lec_degradation,51020,0.0005777133046649396,base,normal,0.0,7,0,1.0,0.6998121738433838,,
mec_degradation,51020,0.0005777133046649396,base,normal,0.0,7,0,,,0.12,1.0
lec_degradation,51020,0.0005777133046649396,base,normal,0.0,8,0,1.0,0.6998121738433838,,
mec_degradation,51020,0.0005777133046649396,base,normal,0.0,8,0,,,0.12,1.0
lec_degradation,51020,0.0005777133046649396,base,normal,0.0,9,0,1.0,0.6998121738433838,,
mec_degradation,51020,0.0005777133046649396,base,normal,0.0,9,0,,,0.12,1.0
lec_degradation,51020,0.0005777133046649396,base,normal,0.0,10,0,1.0,0.6998121738433838,,
mec_degradation,51020,0.0005777133046649396,base,normal,0.0,10,0,,,0.12,1.0
lec_degradation,51020,0.0005777133046649396,base,normal,0.0,11,0,1.0,0.6998121738433838,,
mec_degradation,51020,0.0005777133046649396,base,normal,0.0,11,0,,,0.12,1.0
lec_degradation,51020,0.0005777133046649396,base,normal,0.25,0,6,1.0,0.7118760943412781,,
mec_degradation,51020,0.0005777133046649396,base,normal,0.25,0,6,,,0.08,1.0
lec_degradation,51020,0.0005777133046649396,base,normal,0.25,1,6,1.0,0.7152503132820129,,
mec_degradation,51020,0.0005777133046649396,base,normal,0.25,1,6,,,0.08,1.0
lec_degradation,51020,0.0005777133046649396,base,normal,0.25,2,6,1.0,0.7056809067726135,,
mec_degradation,51020,0.0005777133046649396,base,normal,0.25,2,6,,,0.16,1.0
lec_degradation,51020,0.0005777133046649396,base,normal,0.25,3,6,1.0,0.7257984280586243,,
mec_degradation,51020,0.0005777133046649396,base,normal,0.25,3,6,,,0.1,1.0
lec_degradation,51020,0.0005777133046649396,base,normal,0.25,4,6,1.0,0.7302210330963135,,
mec_degradation,51020,0.0005777133046649396,base,normal,0.25,4,6,,,0.14,1.0
lec_degradation,51020,0.0005777133046649396,base,normal,0.25,5,6,1.0,0.7063227295875549,,
mec_degradation,51020,0.0005777133046649396,base,normal,0.25,5,6,,,0.1,1.0
lec_degradation,51020,0.0005777133046649396,base,normal,0.25,6,6,1.0,0.734143853187561,,
mec_degradation,51020,0.0005777133046649396,base,normal,0.25,6,6,,,0.06,1.0
lec_degradation,51020,0.0005777133046649396,base,normal,0.25,7,6,1.0,0.7292064428329468,,
mec_degradation,51020,0.0005777133046649396,base,normal,0.25,7,6,,,0.14,1.0
lec_degradation,51020,0.0005777133046649396,base,normal,0.25,8,6,1.0,0.7016685009002686,,
mec_degradation,51020,0.0005777133046649396,base,normal,0.25,8,6,,,0.08,1.0
lec_degradation,51020,0.0005777133046649396,base,normal,0.25,9,6,1.0,0.7235941290855408,,
mec_degradation,51020,0.0005777133046649396,base,normal,0.25,9,6,,,0.1,1.0
lec_degradation,51020,0.0005777133046649396,base,normal,0.25,10,6,1.0,0.7038877010345459,,
mec_degradation,51020,0.0005777133046649396,base,normal,0.25,10,6,,,0.08,1.0
lec_degradation,51020,0.0005777133046649396,base,normal,0.25,11,6,1.0,0.6850623488426208,,
mec_degradation,51020,0.0005777133046649396,base,normal,0.25,11,6,,,0.12,1.0
lec_degradation,51020,0.0005777133046649396,base,normal,0.5,0,12,1.0,0.7501645684242249,,
mec_degradation,51020,0.0005777133046649396,base,normal,0.5,0,12,,,0.12,1.0
lec_degradation,51020,0.0005777133046649396,base,normal,0.5,1,12,1.0,0.7371090054512024,,
mec_degradation,51020,0.0005777133046649396,base,normal,0.5,1,12,,,0.1,1.0
lec_degradation,51020,0.0005777133046649396,base,normal,0.5,2,12,1.0,0.7273502349853516,,
mec_degradation,51020,0.0005777133046649396,base,normal,0.5,2,12,,,0.08,1.0
lec_degradation,51020,0.0005777133046649396,base,normal,0.5,3,12,1.0,0.6877098679542542,,
mec_degradation,51020,0.0005777133046649396,base,normal,0.5,3,12,,,0.08,1.0
lec_degradation,51020,0.0005777133046649396,base,normal,0.5,4,12,1.0,0.6988669633865356,,
mec_degradation,51020,0.0005777133046649396,base,normal,0.5,4,12,,,0.08,1.0
lec_degradation,51020,0.0005777133046649396,base,normal,0.5,5,12,1.0,0.7239950299263,,
mec_degradation,51020,0.0005777133046649396,base,normal,0.5,5,12,,,0.1,1.0
lec_degradation,51020,0.0005777133046649396,base,normal,0.5,6,12,1.0,0.7380980849266052,,
mec_degradation,51020,0.0005777133046649396,base,normal,0.5,6,12,,,0.08,1.0
lec_degradation,51020,0.0005777133046649396,base,normal,0.5,7,12,1.0,0.7272132039070129,,
mec_degradation,51020,0.0005777133046649396,base,normal,0.5,7,12,,,0.08,1.0
lec_degradation,51020,0.0005777133046649396,base,normal,0.5,8,12,1.0,0.7395862340927124,,
mec_degradation,51020,0.0005777133046649396,base,normal,0.5,8,12,,,0.06,1.0
lec_degradation,51020,0.0005777133046649396,base,normal,0.5,9,12,1.0,0.7539955377578735,,
mec_degradation,51020,0.0005777133046649396,base,normal,0.5,9,12,,,0.06,1.0
lec_degradation,51020,0.0005777133046649396,base,normal,0.5,10,12,1.0,0.7147770524024963,,
mec_degradation,51020,0.0005777133046649396,base,normal,0.5,10,12,,,0.06,1.0
lec_degradation,51020,0.0005777133046649396,base,normal,0.5,11,12,1.0,0.7312808036804199,,
mec_degradation,51020,0.0005777133046649396,base,normal,0.5,11,12,,,0.12,1.0
lec_degradation,51020,0.0005777133046649396,base,normal,0.75,0,19,1.0,0.7010519504547119,,
mec_degradation,51020,0.0005777133046649396,base,normal,0.75,0,19,,,0.08,1.0
lec_degradation,51020,0.0005777133046649396,base,normal,0.75,1,19,1.0,0.7411095499992371,,
mec_degradation,51020,0.0005777133046649396,base,normal,0.75,1,19,,,0.06,1.0
lec_degradation,51020,0.0005777133046649396,base,normal,0.75,2,19,1.0,0.7314730286598206,,
mec_degradation,51020,0.0005777133046649396,base,normal,0.75,2,19,,,0.12,1.0
lec_degradation,51020,0.0005777133046649396,base,normal,0.75,3,19,1.0,0.7525444626808167,,
mec_degradation,51020,0.0005777133046649396,base,normal,0.75,3,19,,,0.12,1.0
lec_degradation,51020,0.0005777133046649396,base,normal,0.75,4,19,1.0,0.7444754242897034,,
mec_degradation,51020,0.0005777133046649396,base,normal,0.75,4,19,,,0.06,1.0
lec_degradation,51020,0.0005777133046649396,base,normal,0.75,5,19,1.0,0.7447792291641235,,
mec_degradation,51020,0.0005777133046649396,base,normal,0.75,5,19,,,0.06,1.0
lec_degradation,51020,0.0005777133046649396,base,normal,0.75,6,19,1.0,0.7476248741149902,,
mec_degradation,51020,0.0005777133046649396,base,normal,0.75,6,19,,,0.1,1.0
lec_degradation,51020,0.0005777133046649396,base,normal,0.75,7,19,1.0,0.7510062456130981,,
mec_degradation,51020,0.0005777133046649396,base,normal,0.75,7,19,,,0.08,1.0
lec_degradation,51020,0.0005777133046649396,base,normal,0.75,8,19,1.0,0.7536250948905945,,
mec_degradation,51020,0.0005777133046649396,base,normal,0.75,8,19,,,0.08,1.0
lec_degradation,51020,0.0005777133046649396,base,normal,0.75,9,19,1.0,0.7566004395484924,,
mec_degradation,51020,0.0005777133046649396,base,normal,0.75,9,19,,,0.08,1.0
lec_degradation,51020,0.0005777133046649396,base,normal,0.75,10,19,1.0,0.7359182834625244,,
mec_degradation,51020,0.0005777133046649396,base,normal,0.75,10,19,,,0.08,1.0
lec_degradation,51020,0.0005777133046649396,base,normal,0.75,11,19,1.0,0.7602353096008301,,
mec_degradation,51020,0.0005777133046649396,base,normal,0.75,11,19,,,0.08,1.0
lec_degradation,51020,0.0005777133046649396,base,normal,0.9,0,22,1.0,0.7528618574142456,,
mec_degradation,51020,0.0005777133046649396,base,normal,0.9,0,22,,,0.08,1.0
lec_degradation,51020,0.0005777133046649396,base,normal,0.9,1,22,1.0,0.7560625672340393,,
mec_degradation,51020,0.0005777133046649396,base,normal,0.9,1,22,,,0.06,1.0
lec_degradation,51020,0.0005777133046649396,base,normal,0.9,2,22,1.0,0.7596258521080017,,
mec_degradation,51020,0.0005777133046649396,base,normal,0.9,2,22,,,0.06,1.0
lec_degradation,51020,0.0005777133046649396,base,normal,0.9,3,22,1.0,0.769008457660675,,
mec_degradation,51020,0.0005777133046649396,base,normal,0.9,3,22,,,0.1,1.0
lec_degradation,51020,0.0005777133046649396,base,normal,0.9,4,22,1.0,0.7516666650772095,,
mec_degradation,51020,0.0005777133046649396,base,normal,0.9,4,22,,,0.06,1.0
lec_degradation,51020,0.0005777133046649396,base,normal,0.9,5,22,1.0,0.7552737593650818,,
mec_degradation,51020,0.0005777133046649396,base,normal,0.9,5,22,,,0.08,1.0
lec_degradation,51020,0.0005777133046649396,base,normal,0.9,6,22,1.0,0.7367919087409973,,
mec_degradation,51020,0.0005777133046649396,base,normal,0.9,6,22,,,0.06,1.0
lec_degradation,51020,0.0005777133046649396,base,normal,0.9,7,22,1.0,0.7577057480812073,,
mec_degradation,51020,0.0005777133046649396,base,normal,0.9,7,22,,,0.06,1.0
lec_degradation,51020,0.0005777133046649396,base,normal,0.9,8,22,1.0,0.7609328627586365,,
mec_degradation,51020,0.0005777133046649396,base,normal,0.9,8,22,,,0.06,1.0
lec_degradation,51020,0.0005777133046649396,base,normal,0.9,9,22,1.0,0.7679663300514221,,
mec_degradation,51020,0.0005777133046649396,base,normal,0.9,9,22,,,0.08,1.0
lec_degradation,51020,0.0005777133046649396,base,normal,0.9,10,22,1.0,0.7626419067382812,,
mec_degradation,51020,0.0005777133046649396,base,normal,0.9,10,22,,,0.06,1.0
lec_degradation,51020,0.0005777133046649396,base,normal,0.9,11,22,1.0,0.7568750977516174,,
mec_degradation,51020,0.0005777133046649396,base,normal,0.9,11,22,,,0.06,1.0
lec_degradation,51020,0.0005777133046649396,base,dense,0.0,0,0,0.5,0.24789290130138397,,
mec_degradation,51020,0.0005777133046649396,base,dense,0.0,0,0,,,0.02,0.5
lec_degradation,51020,0.0005777133046649396,base,dense,0.0,1,0,0.5,0.24789290130138397,,
mec_degradation,51020,0.0005777133046649396,base,dense,0.0,1,0,,,0.02,0.5
lec_degradation,51020,0.0005777133046649396,base,dense,0.0,2,0,0.5,0.24789290130138397,,
mec_degradation,51020,0.0005777133046649396,base,dense,0.0,2,0,,,0.02,0.5
lec_degradation,51020,0.0005777133046649396,base,dense,0.0,3,0,0.5,0.24789290130138397,,
mec_degradation,51020,0.0005777133046649396,base,dense,0.0,3,0,,,0.02,0.5
lec_degradation,51020,0.0005777133046649396,base,dense,0.0,4,0,0.5,0.24789290130138397,,
mec_degradation,51020,0.0005777133046649396,base,dense,0.0,4,0,,,0.02,0.5
lec_degradation,51020,0.0005777133046649396,base,dense,0.0,5,0,0.5,0.24789290130138397,,
mec_degradation,51020,0.0005777133046649396,base,dense,0.0,5,0,,,0.02,0.5
lec_degradation,51020,0.0005777133046649396,base,dense,0.0,6,0,0.5,0.24789290130138397,,
mec_degradation,51020,0.0005777133046649396,base,dense,0.0,6,0,,,0.02,0.5
lec_degradation,51020,0.0005777133046649396,base,dense,0.0,7,0,0.5,0.24789290130138397,,
mec_degradation,51020,0.0005777133046649396,base,dense,0.0,7,0,,,0.02,0.5
lec_degradation,51020,0.0005777133046649396,base,dense,0.0,8,0,0.5,0.24789290130138397,,
mec_degradation,51020,0.0005777133046649396,base,dense,0.0,8,0,,,0.02,0.5
lec_degradation,51020,0.0005777133046649396,base,dense,0.0,9,0,0.5,0.24789290130138397,,
mec_degradation,51020,0.0005777133046649396,base,dense,0.0,9,0,,,0.02,0.5
lec_degradation,51020,0.0005777133046649396,base,dense,0.0,10,0,0.5,0.24789290130138397,,
mec_degradation,51020,0.0005777133046649396,base,dense,0.0,10,0,,,0.02,0.5
lec_degradation,51020,0.0005777133046649396,base,dense,0.0,11,0,0.5,0.24789290130138397,,
mec_degradation,51020,0.0005777133046649396,base,dense,0.0,11,0,,,0.02,0.5
lec_degradation,51020,0.0005777133046649396,base,dense,0.25,0,6,0.5,0.24789290130138397,,
mec_degradation,51020,0.0005777133046649396,base,dense,0.25,0,6,,,0.02,0.5
lec_degradation,51020,0.0005777133046649396,base,dense,0.25,1,6,0.5,0.24789290130138397,,
mec_degradation,51020,0.0005777133046649396,base,dense,0.25,1,6,,,0.02,0.5
lec_degradation,51020,0.0005777133046649396,base,dense,0.25,2,6,0.5,0.24789290130138397,,
mec_degradation,51020,0.0005777133046649396,base,dense,0.25,2,6,,,0.02,0.5
lec_degradation,51020,0.0005777133046649396,base,dense,0.25,3,6,0.5,0.24789290130138397,,
mec_degradation,51020,0.0005777133046649396,base,dense,0.25,3,6,,,0.02,0.5
lec_degradation,51020,0.0005777133046649396,base,dense,0.25,4,6,0.5,0.24789290130138397,,
mec_degradation,51020,0.0005777133046649396,base,dense,0.25,4,6,,,0.02,0.5
lec_degradation,51020,0.0005777133046649396,base,dense,0.25,5,6,0.5,0.24789290130138397,,
mec_degradation,51020,0.0005777133046649396,base,dense,0.25,5,6,,,0.02,0.5
lec_degradation,51020,0.0005777133046649396,base,dense,0.25,6,6,0.5,0.24789290130138397,,
mec_degradation,51020,0.0005777133046649396,base,dense,0.25,6,6,,,0.02,0.5
lec_degradation,51020,0.0005777133046649396,base,dense,0.25,7,6,0.5,0.24789290130138397,,
mec_degradation,51020,0.0005777133046649396,base,dense,0.25,7,6,,,0.02,0.5
lec_degradation,51020,0.0005777133046649396,base,dense,0.25,8,6,0.5,0.24789290130138397,,
mec_degradation,51020,0.0005777133046649396,base,dense,0.25,8,6,,,0.02,0.5
lec_degradation,51020,0.0005777133046649396,base,dense,0.25,9,6,0.5,0.24789290130138397,,
mec_degradation,51020,0.0005777133046649396,base,dense,0.25,9,6,,,0.02,0.5
lec_degradation,51020,0.0005777133046649396,base,dense,0.25,10,6,0.5,0.24789290130138397,,
mec_degradation,51020,0.0005777133046649396,base,dense,0.25,10,6,,,0.02,0.5
lec_degradation,51020,0.0005777133046649396,base,dense,0.25,11,6,0.5,0.24789290130138397,,
mec_degradation,51020,0.0005777133046649396,base,dense,0.25,11,6,,,0.02,0.5
lec_degradation,51020,0.0005777133046649396,base,dense,0.5,0,12,0.5,0.24789290130138397,,
mec_degradation,51020,0.0005777133046649396,base,dense,0.5,0,12,,,0.02,0.5
lec_degradation,51020,0.0005777133046649396,base,dense,0.5,1,12,0.5,0.24789290130138397,,
mec_degradation,51020,0.0005777133046649396,base,dense,0.5,1,12,,,0.02,0.5
lec_degradation,51020,0.0005777133046649396,base,dense,0.5,2,12,0.5,0.24789290130138397,,
mec_degradation,51020,0.0005777133046649396,base,dense,0.5,2,12,,,0.02,0.5
lec_degradation,51020,0.0005777133046649396,base,dense,0.5,3,12,0.5,0.24789290130138397,,
mec_degradation,51020,0.0005777133046649396,base,dense,0.5,3,12,,,0.02,0.5
lec_degradation,51020,0.0005777133046649396,base,dense,0.5,4,12,0.5,0.24789290130138397,,
mec_degradation,51020,0.0005777133046649396,base,dense,0.5,4,12,,,0.02,0.5
lec_degradation,51020,0.0005777133046649396,base,dense,0.5,5,12,0.5,0.24789290130138397,,
mec_degradation,51020,0.0005777133046649396,base,dense,0.5,5,12,,,0.02,0.5
lec_degradation,51020,0.0005777133046649396,base,dense,0.5,6,12,0.5,0.24789290130138397,,
mec_degradation,51020,0.0005777133046649396,base,dense,0.5,6,12,,,0.02,0.5
lec_degradation,51020,0.0005777133046649396,base,dense,0.5,7,12,0.5,0.24789290130138397,,
mec_degradation,51020,0.0005777133046649396,base,dense,0.5,7,12,,,0.02,0.5
lec_degradation,51020,0.0005777133046649396,base,dense,0.5,8,12,0.5,0.24789290130138397,,
mec_degradation,51020,0.0005777133046649396,base,dense,0.5,8,12,,,0.02,0.5
lec_degradation,51020,0.0005777133046649396,base,dense,0.5,9,12,0.5,0.24789290130138397,,
mec_degradation,51020,0.0005777133046649396,base,dense,0.5,9,12,,,0.02,0.5
lec_degradation,51020,0.0005777133046649396,base,dense,0.5,10,12,0.5,0.24789290130138397,,
mec_degradation,51020,0.0005777133046649396,base,dense,0.5,10,12,,,0.02,0.5
lec_degradation,51020,0.0005777133046649396,base,dense,0.5,11,12,0.5,0.24789290130138397,,
mec_degradation,51020,0.0005777133046649396,base,dense,0.5,11,12,,,0.02,0.5
lec_degradation,51020,0.0005777133046649396,base,dense,0.75,0,19,0.5,0.24789290130138397,,
mec_degradation,51020,0.0005777133046649396,base,dense,0.75,0,19,,,0.02,0.5
lec_degradation,51020,0.0005777133046649396,base,dense,0.75,1,19,0.5,0.24789290130138397,,
mec_degradation,51020,0.0005777133046649396,base,dense,0.75,1,19,,,0.02,0.5
lec_degradation,51020,0.0005777133046649396,base,dense,0.75,2,19,0.5,0.24789290130138397,,
mec_degradation,51020,0.0005777133046649396,base,dense,0.75,2,19,,,0.02,0.5
lec_degradation,51020,0.0005777133046649396,base,dense,0.75,3,19,0.5,0.24789290130138397,,
mec_degradation,51020,0.0005777133046649396,base,dense,0.75,3,19,,,0.02,0.5
lec_degradation,51020,0.0005777133046649396,base,dense,0.75,4,19,0.5,0.24789290130138397,,
mec_degradation,51020,0.0005777133046649396,base,dense,0.75,4,19,,,0.02,0.5
lec_degradation,51020,0.0005777133046649396,base,dense,0.75,5,19,0.5,0.24789290130138397,,
mec_degradation,51020,0.0005777133046649396,base,dense,0.75,5,19,,,0.02,0.5
lec_degradation,51020,0.0005777133046649396,base,dense,0.75,6,19,0.5,0.24789290130138397,,
mec_degradation,51020,0.0005777133046649396,base,dense,0.75,6,19,,,0.02,0.5
lec_degradation,51020,0.0005777133046649396,base,dense,0.75,7,19,0.5,0.24789290130138397,,
mec_degradation,51020,0.0005777133046649396,base,dense,0.75,7,19,,,0.02,0.5
lec_degradation,51020,0.0005777133046649396,base,dense,0.75,8,19,0.5,0.24789290130138397,,
mec_degradation,51020,0.0005777133046649396,base,dense,0.75,8,19,,,0.02,0.5
lec_degradation,51020,0.0005777133046649396,base,dense,0.75,9,19,0.5,0.24789290130138397,,
mec_degradation,51020,0.0005777133046649396,base,dense,0.75,9,19,,,0.02,0.5
lec_degradation,51020,0.0005777133046649396,base,dense,0.75,10,19,0.5,0.24789290130138397,,
mec_degradation,51020,0.0005777133046649396,base,dense,0.75,10,19,,,0.02,0.5
lec_degradation,51020,0.0005777133046649396,base,dense,0.75,11,19,0.5,0.24789290130138397,,
mec_degradation,51020,0.0005777133046649396,base,dense,0.75,11,19,,,0.02,0.5
lec_degradation,51020,0.0005777133046649396,base,dense,0.9,0,22,0.5,0.24789290130138397,,
mec_degradation,51020,0.0005777133046649396,base,dense,0.9,0,22,,,0.02,0.5
lec_degradation,51020,0.0005777133046649396,base,dense,0.9,1,22,0.5,0.24789290130138397,,
mec_degradation,51020,0.0005777133046649396,base,dense,0.9,1,22,,,0.02,0.5
lec_degradation,51020,0.0005777133046649396,base,dense,0.9,2,22,0.5,0.24789290130138397,,
mec_degradation,51020,0.0005777133046649396,base,dense,0.9,2,22,,,0.02,0.5
lec_degradation,51020,0.0005777133046649396,base,dense,0.9,3,22,0.5,0.24789290130138397,,
mec_degradation,51020,0.0005777133046649396,base,dense,0.9,3,22,,,0.02,0.5
lec_degradation,51020,0.0005777133046649396,base,dense,0.9,4,22,0.5,0.24789290130138397,,
mec_degradation,51020,0.0005777133046649396,base,dense,0.9,4,22,,,0.02,0.5
lec_degradation,51020,0.0005777133046649396,base,dense,0.9,5,22,0.5,0.24789290130138397,,
mec_degradation,51020,0.0005777133046649396,base,dense,0.9,5,22,,,0.02,0.5
lec_degradation,51020,0.0005777133046649396,base,dense,0.9,6,22,0.5,0.24789290130138397,,
mec_degradation,51020,0.0005777133046649396,base,dense,0.9,6,22,,,0.02,0.5
lec_degradation,51020,0.0005777133046649396,base,dense,0.9,7,22,0.5,0.24789290130138397,,
mec_degradation,51020,0.0005777133046649396,base,dense,0.9,7,22,,,0.02,0.5
lec_degradation,51020,0.0005777133046649396,base,dense,0.9,8,22,0.5,0.24789290130138397,,
mec_degradation,51020,0.0005777133046649396,base,dense,0.9,8,22,,,0.02,0.5
lec_degradation,51020,0.0005777133046649396,base,dense,0.9,9,22,0.5,0.24789290130138397,,
mec_degradation,51020,0.0005777133046649396,base,dense,0.9,9,22,,,0.02,0.5
lec_degradation,51020,0.0005777133046649396,base,dense,0.9,10,22,0.5,0.24789290130138397,,
mec_degradation,51020,0.0005777133046649396,base,dense,0.9,10,22,,,0.02,0.5
lec_degradation,51020,0.0005777133046649396,base,dense,0.9,11,22,0.5,0.24789290130138397,,
mec_degradation,51020,0.0005777133046649396,base,dense,0.9,11,22,,,0.02,0.5
lec_degradation,51020,0.0005777133046649396,err2,normal,0.0,0,0,1.0,0.9148866534233093,,
mec_degradation,51020,0.0005777133046649396,err2,normal,0.0,0,0,,,0.6,1.0
lec_degradation,51020,0.0005777133046649396,err2,normal,0.0,1,0,1.0,0.9148866534233093,,
mec_degradation,51020,0.0005777133046649396,err2,normal,0.0,1,0,,,0.6,1.0
lec_degradation,51020,0.0005777133046649396,err2,normal,0.0,2,0,1.0,0.9148866534233093,,
mec_degradation,51020,0.0005777133046649396,err2,normal,0.0,2,0,,,0.6,1.0
lec_degradation,51020,0.0005777133046649396,err2,normal,0.0,3,0,1.0,0.9148866534233093,,
mec_degradation,51020,0.0005777133046649396,err2,normal,0.0,3,0,,,0.6,1.0
lec_degradation,51020,0.0005777133046649396,err2,normal,0.0,4,0,1.0,0.9148866534233093,,
mec_degradation,51020,0.0005777133046649396,err2,normal,0.0,4,0,,,0.6,1.0
lec_degradation,51020,0.0005777133046649396,err2,normal,0.0,5,0,1.0,0.9148866534233093,,
mec_degradation,51020,0.0005777133046649396,err2,normal,0.0,5,0,,,0.6,1.0
lec_degradation,51020,0.0005777133046649396,err2,normal,0.0,6,0,1.0,0.9148866534233093,,
mec_degradation,51020,0.0005777133046649396,err2,normal,0.0,6,0,,,0.6,1.0
lec_degradation,51020,0.0005777133046649396,err2,normal,0.0,7,0,1.0,0.9148866534233093,,
mec_degradation,51020,0.0005777133046649396,err2,normal,0.0,7,0,,,0.6,1.0
lec_degradation,51020,0.0005777133046649396,err2,normal,0.0,8,0,1.0,0.9148866534233093,,
mec_degradation,51020,0.0005777133046649396,err2,normal,0.0,8,0,,,0.6,1.0
lec_degradation,51020,0.0005777133046649396,err2,normal,0.0,9,0,1.0,0.9148866534233093,,
mec_degradation,51020,0.0005777133046649396,err2,normal,0.0,9,0,,,0.6,1.0
lec_degradation,51020,0.0005777133046649396,err2,normal,0.0,10,0,1.0,0.9148866534233093,,
mec_degradation,51020,0.0005777133046649396,err2,normal,0.0,10,0,,,0.6,1.0
lec_degradation,51020,0.0005777133046649396,err2,normal,0.0,11,0,1.0,0.9148866534233093,,
mec_degradation,51020,0.0005777133046649396,err2,normal,0.0,11,0,,,0.6,1.0
lec_degradation,51020,0.0005777133046649396,err2,normal,0.25,0,6,0.5,0.8127136826515198,,
mec_degradation,51020,0.0005777133046649396,err2,normal,0.25,0,6,,,0.32,1.0
lec_degradation,51020,0.0005777133046649396,err2,normal,0.25,1,6,1.0,0.8232221007347107,,
mec_degradation,51020,0.0005777133046649396,err2,normal,0.25,1,6,,,0.36,1.0
lec_degradation,51020,0.0005777133046649396,err2,normal,0.25,2,6,1.0,0.8377742767333984,,
mec_degradation,51020,0.0005777133046649396,err2,normal,0.25,2,6,,,0.34,1.0
lec_degradation,51020,0.0005777133046649396,err2,normal,0.25,3,6,1.0,0.8383015990257263,,
mec_degradation,51020,0.0005777133046649396,err2,normal,0.25,3,6,,,0.36,1.0
lec_degradation,51020,0.0005777133046649396,err2,normal,0.25,4,6,1.0,0.8578929305076599,,
mec_degradation,51020,0.0005777133046649396,err2,normal,0.25,4,6,,,0.34,1.0
lec_degradation,51020,0.0005777133046649396,err2,normal,0.25,5,6,1.0,0.8226023316383362,,
mec_degradation,51020,0.0005777133046649396,err2,normal,0.25,5,6,,,0.24,1.0
lec_degradation,51020,0.0005777133046649396,err2,normal,0.25,6,6,1.0,0.8328019976615906,,
mec_degradation,51020,0.0005777133046649396,err2,normal,0.25,6,6,,,0.44,1.0
lec_degradation,51020,0.0005777133046649396,err2,normal,0.25,7,6,1.0,0.8472855091094971,,
mec_degradation,51020,0.0005777133046649396,err2,normal,0.25,7,6,,,0.44,1.0
lec_degradation,51020,0.0005777133046649396,err2,normal,0.25,8,6,1.0,0.8456140756607056,,
mec_degradation,51020,0.0005777133046649396,err2,normal,0.25,8,6,,,0.32,1.0
lec_degradation,51020,0.0005777133046649396,err2,normal,0.25,9,6,1.0,0.8513158559799194,,
mec_degradation,51020,0.0005777133046649396,err2,normal,0.25,9,6,,,0.54,1.0
lec_degradation,51020,0.0005777133046649396,err2,normal,0.25,10,6,1.0,0.8311479687690735,,
mec_degradation,51020,0.0005777133046649396,err2,normal,0.25,10,6,,,0.36,1.0
lec_degradation,51020,0.0005777133046649396,err2,normal,0.25,11,6,1.0,0.8768489360809326,,
mec_degradation,51020,0.0005777133046649396,err2,normal,0.25,11,6,,,0.34,1.0
lec_degradation,51020,0.0005777133046649396,err2,normal,0.5,0,12,1.0,0.8278652429580688,,
mec_degradation,51020,0.0005777133046649396,err2,normal,0.5,0,12,,,0.2,1.0
lec_degradation,51020,0.0005777133046649396,err2,normal,0.5,1,12,1.0,0.8246516585350037,,
mec_degradation,51020,0.0005777133046649396,err2,normal,0.5,1,12,,,0.26,1.0
lec_degradation,51020,0.0005777133046649396,err2,normal,0.5,2,12,1.0,0.822837769985199,,
mec_degradation,51020,0.0005777133046649396,err2,normal,0.5,2,12,,,0.24,1.0
lec_degradation,51020,0.0005777133046649396,err2,normal,0.5,3,12,1.0,0.8099046945571899,,
mec_degradation,51020,0.0005777133046649396,err2,normal,0.5,3,12,,,0.22,1.0
lec_degradation,51020,0.0005777133046649396,err2,normal,0.5,4,12,1.0,0.8341381549835205,,
mec_degradation,51020,0.0005777133046649396,err2,normal,0.5,4,12,,,0.2,1.0
lec_degradation,51020,0.0005777133046649396,err2,normal,0.5,5,12,1.0,0.7836292386054993,,
mec_degradation,51020,0.0005777133046649396,err2,normal,0.5,5,12,,,0.26,1.0
lec_degradation,51020,0.0005777133046649396,err2,normal,0.5,6,12,1.0,0.8307099342346191,,
mec_degradation,51020,0.0005777133046649396,err2,normal,0.5,6,12,,,0.24,1.0
lec_degradation,51020,0.0005777133046649396,err2,normal,0.5,7,12,1.0,0.8666483163833618,,
mec_degradation,51020,0.0005777133046649396,err2,normal,0.5,7,12,,,0.22,1.0
lec_degradation,51020,0.0005777133046649396,err2,normal,0.5,8,12,1.0,0.7715010643005371,,
mec_degradation,51020,0.0005777133046649396,err2,normal,0.5,8,12,,,0.22,1.0
lec_degradation,51020,0.0005777133046649396,err2,normal,0.5,9,12,1.0,0.8065949082374573,,
mec_degradation,51020,0.0005777133046649396,err2,normal,0.5,9,12,,,0.2,1.0
lec_degradation,51020,0.0005777133046649396,err2,normal,0.5,10,12,1.0,0.8106318116188049,,
mec_degradation,51020,0.0005777133046649396,err2,normal,0.5,10,12,,,0.26,1.0
lec_degradation,51020,0.0005777133046649396,err2,normal,0.5,11,12,1.0,0.8384191393852234,,
mec_degradation,51020,0.0005777133046649396,err2,normal,0.5,11,12,,,0.18,1.0
lec_degradation,51020,0.0005777133046649396,err2,normal,0.75,0,19,0.5,0.811964213848114,,
mec_degradation,51020,0.0005777133046649396,err2,normal,0.75,0,19,,,0.08,1.0
lec_degradation,51020,0.0005777133046649396,err2,normal,0.75,1,19,1.0,0.7605651021003723,,
mec_degradation,51020,0.0005777133046649396,err2,normal,0.75,1,19,,,0.06,1.0
lec_degradation,51020,0.0005777133046649396,err2,normal,0.75,2,19,1.0,0.7917075157165527,,
mec_degradation,51020,0.0005777133046649396,err2,normal,0.75,2,19,,,0.08,1.0
lec_degradation,51020,0.0005777133046649396,err2,normal,0.75,3,19,0.5,0.7750399112701416,,
mec_degradation,51020,0.0005777133046649396,err2,normal,0.75,3,19,,,0.1,1.0
lec_degradation,51020,0.0005777133046649396,err2,normal,0.75,4,19,0.5,0.8011281490325928,,
mec_degradation,51020,0.0005777133046649396,err2,normal,0.75,4,19,,,0.08,1.0
lec_degradation,51020,0.0005777133046649396,err2,normal,0.75,5,19,1.0,0.821696937084198,,
mec_degradation,51020,0.0005777133046649396,err2,normal,0.75,5,19,,,0.1,1.0
lec_degradation,51020,0.0005777133046649396,err2,normal,0.75,6,19,1.0,0.7708861827850342,,
mec_degradation,51020,0.0005777133046649396,err2,normal,0.75,6,19,,,0.08,1.0
lec_degradation,51020,0.0005777133046649396,err2,normal,0.75,7,19,1.0,0.7978187799453735,,
mec_degradation,51020,0.0005777133046649396,err2,normal,0.75,7,19,,,0.12,1.0
lec_degradation,51020,0.0005777133046649396,err2,normal,0.75,8,19,0.5,0.8028696179389954,,
mec_degradation,51020,0.0005777133046649396,err2,normal,0.75,8,19,,,0.12,1.0
lec_degradation,51020,0.0005777133046649396,err2,normal,0.75,9,19,0.5,0.801937460899353,,
mec_degradation,51020,0.0005777133046649396,err2,normal,0.75,9,19,,,0.12,1.0
lec_degradation,51020,0.0005777133046649396,err2,normal,0.75,10,19,1.0,0.8131533861160278,,
mec_degradation,51020,0.0005777133046649396,err2,normal,0.75,10,19,,,0.14,1.0
lec_degradation,51020,0.0005777133046649396,err2,normal,0.75,11,19,1.0,0.7669985294342041,,
mec_degradation,51020,0.0005777133046649396,err2,normal,0.75,11,19,,,0.12,1.0
lec_degradation,51020,0.0005777133046649396,err2,normal,0.9,0,22,0.5,0.7752413153648376,,
mec_degradation,51020,0.0005777133046649396,err2,normal,0.9,0,22,,,0.04,1.0
lec_degradation,51020,0.0005777133046649396,err2,normal,0.9,1,22,1.0,0.833743155002594,,
mec_degradation,51020,0.0005777133046649396,err2,normal,0.9,1,22,,,0.06,1.0
lec_degradation,51020,0.0005777133046649396,err2,normal,0.9,2,22,0.5,0.811221718788147,,
mec_degradation,51020,0.0005777133046649396,err2,normal,0.9,2,22,,,0.08,1.0
lec_degradation,51020,0.0005777133046649396,err2,normal,0.9,3,22,0.5,0.76752769947052,,
mec_degradation,51020,0.0005777133046649396,err2,normal,0.9,3,22,,,0.04,1.0
lec_degradation,51020,0.0005777133046649396,err2,normal,0.9,4,22,0.5,0.7845523357391357,,
mec_degradation,51020,0.0005777133046649396,err2,normal,0.9,4,22,,,0.06,1.0
lec_degradation,51020,0.0005777133046649396,err2,normal,0.9,5,22,0.5,0.801167368888855,,
mec_degradation,51020,0.0005777133046649396,err2,normal,0.9,5,22,,,0.1,1.0
lec_degradation,51020,0.0005777133046649396,err2,normal,0.9,6,22,0.5,0.7952844500541687,,
mec_degradation,51020,0.0005777133046649396,err2,normal,0.9,6,22,,,0.04,1.0
lec_degradation,51020,0.0005777133046649396,err2,normal,0.9,7,22,0.5,0.7965908050537109,,
mec_degradation,51020,0.0005777133046649396,err2,normal,0.9,7,22,,,0.06,1.0
lec_degradation,51020,0.0005777133046649396,err2,normal,0.9,8,22,1.0,0.7878698110580444,,
mec_degradation,51020,0.0005777133046649396,err2,normal,0.9,8,22,,,0.08,1.0
lec_degradation,51020,0.0005777133046649396,err2,normal,0.9,9,22,0.5,0.8191654086112976,,
mec_degradation,51020,0.0005777133046649396,err2,normal,0.9,9,22,,,0.04,1.0
lec_degradation,51020,0.0005777133046649396,err2,normal,0.9,10,22,1.0,0.8074698448181152,,
mec_degradation,51020,0.0005777133046649396,err2,normal,0.9,10,22,,,0.08,1.0
lec_degradation,51020,0.0005777133046649396,err2,normal,0.9,11,22,0.5,0.7808862328529358,,
mec_degradation,51020,0.0005777133046649396,err2,normal,0.9,11,22,,,0.06,1.0
lec_degradation,51020,0.0005777133046649396,err2,dense,0.0,0,0,0.5,0.2985009253025055,,
mec_degradation,51020,0.0005777133046649396,err2,dense,0.0,0,0,,,0.02,0.5
lec_degradation,51020,0.0005777133046649396,err2,dense,0.0,1,0,0.5,0.2985009253025055,,
mec_degradation,51020,0.0005777133046649396,err2,dense,0.0,1,0,,,0.02,0.5
lec_degradation,51020,0.0005777133046649396,err2,dense,0.0,2,0,0.5,0.2985009253025055,,
mec_degradation,51020,0.0005777133046649396,err2,dense,0.0,2,0,,,0.02,0.5
lec_degradation,51020,0.0005777133046649396,err2,dense,0.0,3,0,0.5,0.2985009253025055,,
mec_degradation,51020,0.0005777133046649396,err2,dense,0.0,3,0,,,0.02,0.5
lec_degradation,51020,0.0005777133046649396,err2,dense,0.0,4,0,0.5,0.2985009253025055,,
mec_degradation,51020,0.0005777133046649396,err2,dense,0.0,4,0,,,0.02,0.5
lec_degradation,51020,0.0005777133046649396,err2,dense,0.0,5,0,0.5,0.2985009253025055,,
mec_degradation,51020,0.0005777133046649396,err2,dense,0.0,5,0,,,0.02,0.5
lec_degradation,51020,0.0005777133046649396,err2,dense,0.0,6,0,0.5,0.2985009253025055,,
mec_degradation,51020,0.0005777133046649396,err2,dense,0.0,6,0,,,0.02,0.5
lec_degradation,51020,0.0005777133046649396,err2,dense,0.0,7,0,0.5,0.2985009253025055,,
mec_degradation,51020,0.0005777133046649396,err2,dense,0.0,7,0,,,0.02,0.5
lec_degradation,51020,0.0005777133046649396,err2,dense,0.0,8,0,0.5,0.2985009253025055,,
mec_degradation,51020,0.0005777133046649396,err2,dense,0.0,8,0,,,0.02,0.5
lec_degradation,51020,0.0005777133046649396,err2,dense,0.0,9,0,0.5,0.2985009253025055,,
mec_degradation,51020,0.0005777133046649396,err2,dense,0.0,9,0,,,0.02,0.5
lec_degradation,51020,0.0005777133046649396,err2,dense,0.0,10,0,0.5,0.2985009253025055,,
mec_degradation,51020,0.0005777133046649396,err2,dense,0.0,10,0,,,0.02,0.5
lec_degradation,51020,0.0005777133046649396,err2,dense,0.0,11,0,0.5,0.2985009253025055,,
mec_degradation,51020,0.0005777133046649396,err2,dense,0.0,11,0,,,0.02,0.5
lec_degradation,51020,0.0005777133046649396,err2,dense,0.25,0,6,0.5,0.2985009253025055,,
mec_degradation,51020,0.0005777133046649396,err2,dense,0.25,0,6,,,0.02,0.5
lec_degradation,51020,0.0005777133046649396,err2,dense,0.25,1,6,0.5,0.2985009253025055,,
mec_degradation,51020,0.0005777133046649396,err2,dense,0.25,1,6,,,0.02,0.5
lec_degradation,51020,0.0005777133046649396,err2,dense,0.25,2,6,0.5,0.2985009253025055,,
mec_degradation,51020,0.0005777133046649396,err2,dense,0.25,2,6,,,0.02,0.5
lec_degradation,51020,0.0005777133046649396,err2,dense,0.25,3,6,0.5,0.2985009253025055,,
mec_degradation,51020,0.0005777133046649396,err2,dense,0.25,3,6,,,0.02,0.5
lec_degradation,51020,0.0005777133046649396,err2,dense,0.25,4,6,0.5,0.2985009253025055,,
mec_degradation,51020,0.0005777133046649396,err2,dense,0.25,4,6,,,0.02,0.5
lec_degradation,51020,0.0005777133046649396,err2,dense,0.25,5,6,0.5,0.2985009253025055,,
mec_degradation,51020,0.0005777133046649396,err2,dense,0.25,5,6,,,0.02,0.5
lec_degradation,51020,0.0005777133046649396,err2,dense,0.25,6,6,0.5,0.2985009253025055,,
mec_degradation,51020,0.0005777133046649396,err2,dense,0.25,6,6,,,0.02,0.5
lec_degradation,51020,0.0005777133046649396,err2,dense,0.25,7,6,0.5,0.2985009253025055,,
mec_degradation,51020,0.0005777133046649396,err2,dense,0.25,7,6,,,0.02,0.5
lec_degradation,51020,0.0005777133046649396,err2,dense,0.25,8,6,0.5,0.2985009253025055,,
mec_degradation,51020,0.0005777133046649396,err2,dense,0.25,8,6,,,0.02,0.5
lec_degradation,51020,0.0005777133046649396,err2,dense,0.25,9,6,0.5,0.2985009253025055,,
mec_degradation,51020,0.0005777133046649396,err2,dense,0.25,9,6,,,0.02,0.5
lec_degradation,51020,0.0005777133046649396,err2,dense,0.25,10,6,0.5,0.2985009253025055,,
mec_degradation,51020,0.0005777133046649396,err2,dense,0.25,10,6,,,0.02,0.5
lec_degradation,51020,0.0005777133046649396,err2,dense,0.25,11,6,0.5,0.2985009253025055,,
mec_degradation,51020,0.0005777133046649396,err2,dense,0.25,11,6,,,0.02,0.5
lec_degradation,51020,0.0005777133046649396,err2,dense,0.5,0,12,0.5,0.2985009253025055,,
mec_degradation,51020,0.0005777133046649396,err2,dense,0.5,0,12,,,0.02,0.5
lec_degradation,51020,0.0005777133046649396,err2,dense,0.5,1,12,0.5,0.2985009253025055,,
mec_degradation,51020,0.0005777133046649396,err2,dense,0.5,1,12,,,0.02,0.5
lec_degradation,51020,0.0005777133046649396,err2,dense,0.5,2,12,0.5,0.2985009253025055,,
mec_degradation,51020,0.0005777133046649396,err2,dense,0.5,2,12,,,0.02,0.5
lec_degradation,51020,0.0005777133046649396,err2,dense,0.5,3,12,0.5,0.2985009253025055,,
mec_degradation,51020,0.0005777133046649396,err2,dense,0.5,3,12,,,0.02,0.5
lec_degradation,51020,0.0005777133046649396,err2,dense,0.5,4,12,0.5,0.2985009253025055,,
mec_degradation,51020,0.0005777133046649396,err2,dense,0.5,4,12,,,0.02,0.5
lec_degradation,51020,0.0005777133046649396,err2,dense,0.5,5,12,0.5,0.2985009253025055,,
mec_degradation,51020,0.0005777133046649396,err2,dense,0.5,5,12,,,0.02,0.5
lec_degradation,51020,0.0005777133046649396,err2,dense,0.5,6,12,0.5,0.2985009253025055,,
mec_degradation,51020,0.0005777133046649396,err2,dense,0.5,6,12,,,0.02,0.5
lec_degradation,51020,0.0005777133046649396,err2,dense,0.5,7,12,0.5,0.2985009253025055,,
mec_degradation,51020,0.0005777133046649396,err2,dense,0.5,7,12,,,0.02,0.5
lec_degradation,51020,0.0005777133046649396,err2,dense,0.5,8,12,0.5,0.2985009253025055,,
mec_degradation,51020,0.0005777133046649396,err2,dense,0.5,8,12,,,0.02,0.5
lec_degradation,51020,0.0005777133046649396,err2,dense,0.5,9,12,0.5,0.2985009253025055,,
mec_degradation,51020,0.0005777133046649396,err2,dense,0.5,9,12,,,0.02,0.5
lec_degradation,51020,0.0005777133046649396,err2,dense,0.5,10,12,0.5,0.2985009253025055,,
mec_degradation,51020,0.0005777133046649396,err2,dense,0.5,10,12,,,0.02,0.5
lec_degradation,51020,0.0005777133046649396,err2,dense,0.5,11,12,0.5,0.2985009253025055,,
mec_degradation,51020,0.0005777133046649396,err2,dense,0.5,11,12,,,0.02,0.5
lec_degradation,51020,0.0005777133046649396,err2,dense,0.75,0,19,0.5,0.2985009253025055,,
mec_degradation,51020,0.0005777133046649396,err2,dense,0.75,0,19,,,0.02,0.5
lec_degradation,51020,0.0005777133046649396,err2,dense,0.75,1,19,0.5,0.2985009253025055,,
mec_degradation,51020,0.0005777133046649396,err2,dense,0.75,1,19,,,0.02,0.5
lec_degradation,51020,0.0005777133046649396,err2,dense,0.75,2,19,0.5,0.2985009253025055,,
mec_degradation,51020,0.0005777133046649396,err2,dense,0.75,2,19,,,0.02,0.5
lec_degradation,51020,0.0005777133046649396,err2,dense,0.75,3,19,0.5,0.2985009253025055,,
mec_degradation,51020,0.0005777133046649396,err2,dense,0.75,3,19,,,0.02,0.5
lec_degradation,51020,0.0005777133046649396,err2,dense,0.75,4,19,0.5,0.2985009253025055,,
mec_degradation,51020,0.0005777133046649396,err2,dense,0.75,4,19,,,0.02,0.5
lec_degradation,51020,0.0005777133046649396,err2,dense,0.75,5,19,0.5,0.2985009253025055,,
mec_degradation,51020,0.0005777133046649396,err2,dense,0.75,5,19,,,0.02,0.5
lec_degradation,51020,0.0005777133046649396,err2,dense,0.75,6,19,0.5,0.2985009253025055,,
mec_degradation,51020,0.0005777133046649396,err2,dense,0.75,6,19,,,0.02,0.5
lec_degradation,51020,0.0005777133046649396,err2,dense,0.75,7,19,0.5,0.2985009253025055,,
mec_degradation,51020,0.0005777133046649396,err2,dense,0.75,7,19,,,0.02,0.5
lec_degradation,51020,0.0005777133046649396,err2,dense,0.75,8,19,0.5,0.2985009253025055,,
mec_degradation,51020,0.0005777133046649396,err2,dense,0.75,8,19,,,0.02,0.5
lec_degradation,51020,0.0005777133046649396,err2,dense,0.75,9,19,0.5,0.2985009253025055,,
mec_degradation,51020,0.0005777133046649396,err2,dense,0.75,9,19,,,0.02,0.5
lec_degradation,51020,0.0005777133046649396,err2,dense,0.75,10,19,0.5,0.2985009253025055,,
mec_degradation,51020,0.0005777133046649396,err2,dense,0.75,10,19,,,0.02,0.5
lec_degradation,51020,0.0005777133046649396,err2,dense,0.75,11,19,0.5,0.2985009253025055,,
mec_degradation,51020,0.0005777133046649396,err2,dense,0.75,11,19,,,0.02,0.5
lec_degradation,51020,0.0005777133046649396,err2,dense,0.9,0,22,0.5,0.2985009253025055,,
mec_degradation,51020,0.0005777133046649396,err2,dense,0.9,0,22,,,0.02,0.5
lec_degradation,51020,0.0005777133046649396,err2,dense,0.9,1,22,0.5,0.2985009253025055,,
mec_degradation,51020,0.0005777133046649396,err2,dense,0.9,1,22,,,0.02,0.5
lec_degradation,51020,0.0005777133046649396,err2,dense,0.9,2,22,0.5,0.2985009253025055,,
mec_degradation,51020,0.0005777133046649396,err2,dense,0.9,2,22,,,0.02,0.5
lec_degradation,51020,0.0005777133046649396,err2,dense,0.9,3,22,0.5,0.2985009253025055,,
mec_degradation,51020,0.0005777133046649396,err2,dense,0.9,3,22,,,0.02,0.5
lec_degradation,51020,0.0005777133046649396,err2,dense,0.9,4,22,0.5,0.2985009253025055,,
mec_degradation,51020,0.0005777133046649396,err2,dense,0.9,4,22,,,0.02,0.5
lec_degradation,51020,0.0005777133046649396,err2,dense,0.9,5,22,0.5,0.2985009253025055,,
mec_degradation,51020,0.0005777133046649396,err2,dense,0.9,5,22,,,0.02,0.5
lec_degradation,51020,0.0005777133046649396,err2,dense,0.9,6,22,0.5,0.2985009253025055,,
mec_degradation,51020,0.0005777133046649396,err2,dense,0.9,6,22,,,0.02,0.5
lec_degradation,51020,0.0005777133046649396,err2,dense,0.9,7,22,0.5,0.2985009253025055,,
mec_degradation,51020,0.0005777133046649396,err2,dense,0.9,7,22,,,0.02,0.5
lec_degradation,51020,0.0005777133046649396,err2,dense,0.9,8,22,0.5,0.2985009253025055,,
mec_degradation,51020,0.0005777133046649396,err2,dense,0.9,8,22,,,0.02,0.5
lec_degradation,51020,0.0005777133046649396,err2,dense,0.9,9,22,0.5,0.2985009253025055,,
mec_degradation,51020,0.0005777133046649396,err2,dense,0.9,9,22,,,0.02,0.5
lec_degradation,51020,0.0005777133046649396,err2,dense,0.9,10,22,0.5,0.2985009253025055,,
mec_degradation,51020,0.0005777133046649396,err2,dense,0.9,10,22,,,0.02,0.5
lec_degradation,51020,0.0005777133046649396,err2,dense,0.9,11,22,0.5,0.2985009253025055,,
mec_degradation,51020,0.0005777133046649396,err2,dense,0.9,11,22,,,0.02,0.5
