root_seed,key_mode,fraction,mask_index,output_cosine,identity,key_cosine,dropped_units
51001,normal,0.0,0,0.9514526540459769,0.74,1.0,0
51001,normal,0.0,1,0.9514526540459769,0.74,1.0,0
51001,normal,0.0,2,0.9514526540459769,0.74,1.0,0
51001,normal,0.0,3,0.9514526540459769,0.74,1.0,0
51001,normal,0.0,4,0.9514526540459769,0.74,1.0,0
51001,normal,0.0,5,0.9514526540459769,0.74,1.0,0
51001,normal,0.0,6,0.9514526540459769,0.74,1.0,0
51001,normal,0.0,7,0.9514526540459769,0.74,1.0,0
51001,normal,0.0,8,0.9514526540459769,0.74,1.0,0
51001,normal,0.0,9,0.9514526540459769,0.74,1.0,0
51001,normal,0.0,10,0.9514526540459769,0.74,1.0,0
51001,normal,0.0,11,0.9514526540459769,0.74,1.0,0
51001,normal,0.25,0,0.8430204740083846,0.38,0.6911532902092408,12
51001,normal,0.25,1,0.8502977281168335,0.4,0.7531570080439122,12
51001,normal,0.25,2,0.8302299265678341,0.4,0.7436217993128102,12
51001,normal,0.25,3,0.8166475054716905,0.34,0.6438109609687472,12
51001,normal,0.25,4,0.8762858207024656,0.42,0.7223156828046128,12
51001,normal,0.25,5,0.7767946208916332,0.28,0.643175652523032,12
51001,normal,0.25,6,0.8854814866780767,0.44,0.7319872985039929,12
51001,normal,0.25,7,0.8232075980839673,0.46,0.7959526030737747,12
51001,normal,0.25,8,0.7544204084447818,0.28,0.6999654105708594,12
51001,normal,0.25,9,0.8289899254979173,0.32,0.7407779939380239,12
51001,normal,0.25,10,0.7661006075006815,0.22,0.6212314054924147,12
51001,normal,0.25,11,0.8166413030860727,0.36,0.7075046662981537,12
51001,normal,0.5,0,0.7437313182765607,0.24,0.6136344309107716,25
51001,normal,0.5,1,0.6807520558435081,0.2,0.4939120227483665,25
51001,normal,0.5,2,0.7273039083985772,0.14,0.5576604265517529,25
51001,normal,0.5,3,0.5742732454881415,0.1,0.5432683855429341,25
51001,normal,0.5,4,0.6786106327015038,0.2,0.5657351848258627,25
51001,normal,0.5,5,0.668616329747796,0.24,0.5946951055763323,25
51001,normal,0.5,6,0.646528966679432,0.12,0.4680291574545394,25
51001,normal,0.5,7,0.7168122269065152,0.2,0.5659538654551254,25
51001,normal,0.5,8,0.658672182690045,0.26,0.5343667982815888,25
51001,normal,0.5,9,0.7116676546481512,0.22,0.572480877606075,25
51001,normal,0.5,10,0.6243535072007448,0.24,0.48992000536836827,25
51001,normal,0.5,11,0.670648925444618,0.1,0.5299637190166162,25
51001,normal,0.75,0,0.5766138479435421,0.2,0.42681413237214955,38
51001,normal,0.75,1,0.5435484419215204,0.06,0.46443690807823423,38
51001,normal,0.75,2,0.4639950746499424,0.06,0.3431023796799626,38
51001,normal,0.75,3,0.5257049529376594,0.06,0.4641368146075752,38
51001,normal,0.75,4,0.5053544401223703,0.04,0.4911897818861713,38
51001,normal,0.75,5,0.5151435629486634,0.14,0.380755800017686,38
51001,normal,0.75,6,0.46565726104995553,0.04,0.476876833495207,38
51001,normal,0.75,7,0.5116373306326286,0.1,0.4853830584652466,38
51001,normal,0.75,8,0.5096017469336147,0.08,0.445902948696307,38
51001,normal,0.75,9,0.5704856902831438,0.12,0.5418296687965884,38
51001,normal,0.75,10,0.4410680924120279,0.04,0.4264712155344522,38
51001,normal,0.75,11,0.5236990533615725,0.1,0.42789279289767923,38
51001,normal,0.9,0,0.48138469152004293,0.08,0.4228397030013643,45
51001,normal,0.9,1,0.43263662793641394,0.04,0.43845566911724554,45
51001,normal,0.9,2,0.329814759521717,0.02,0.4136513899895135,45
51001,normal,0.9,3,0.4487162819556604,0.02,0.41340207503964854,45
51001,normal,0.9,4,0.47230125026506614,0.04,0.40199739064365614,45
51001,normal,0.9,5,0.4878570063533023,0.06,0.44708275746190135,45
51001,normal,0.9,6,0.3506586010769209,0.04,0.379531111789165,45
51001,normal,0.9,7,0.35370583994974697,0.06,0.39701069557552804,45
51001,normal,0.9,8,0.5066597169197705,0.12,0.4518551830303674,45
51001,normal,0.9,9,0.43255966132060764,0.02,0.3965623138438271,45
51001,normal,0.9,10,0.4310956652762075,0.02,0.41474755026518606,45
51001,normal,0.9,11,0.412319639377537,0.04,0.39110427940612325,45
51001,shuffled,0.0,0,0.952995755740707,0.58,1.0,0
51001,shuffled,0.0,1,0.952995755740707,0.58,1.0,0
51001,shuffled,0.0,2,0.952995755740707,0.58,1.0,0
51001,shuffled,0.0,3,0.952995755740707,0.58,1.0,0
51001,shuffled,0.0,4,0.952995755740707,0.58,1.0,0
51001,shuffled,0.0,5,0.952995755740707,0.58,1.0,0
51001,shuffled,0.0,6,0.952995755740707,0.58,1.0,0
51001,shuffled,0.0,7,0.952995755740707,0.58,1.0,0
51001,shuffled,0.0,8,0.952995755740707,0.58,1.0,0
51001,shuffled,0.0,9,0.952995755740707,0.58,1.0,0
51001,shuffled,0.0,10,0.952995755740707,0.58,1.0,0
51001,shuffled,0.0,11,0.952995755740707,0.58,1.0,0
51001,shuffled,0.25,0,0.8124196627568375,0.32,0.7363799248396006,12
51001,shuffled,0.25,1,0.8587734095871844,0.38,0.73054260602973,12
51001,shuffled,0.25,2,0.8836126905657733,0.38,0.8183934348086074,12
51001,shuffled,0.25,3,0.864196858970925,0.22,0.7127479494775841,12
51001,shuffled,0.25,4,0.8257828187703984,0.34,0.7313541858967249,12
51001,shuffled,0.25,5,0.8105012478160232,0.38,0.732004751728657,12
51001,shuffled,0.25,6,0.8626535943419832,0.34,0.7601983859193993,12
51001,shuffled,0.25,7,0.8479814725210426,0.32,0.7474367434288132,12
51001,shuffled,0.25,8,0.814905554849311,0.44,0.6869243375188898,12
51001,shuffled,0.25,9,0.7596110536366993,0.3,0.6859467525290479,12
51001,shuffled,0.25,10,0.829684902044404,0.28,0.7298469926508708,12
51001,shuffled,0.25,11,0.8355282357397675,0.28,0.6960360677852003,12
51001,shuffled,0.5,0,0.7007819419533221,0.34,0.6017584664803582,25
51001,shuffled,0.5,1,0.44887323980506777,0.08,0.5064023130965541,25
51001,shuffled,0.5,2,0.6706758485545679,0.22,0.5530670153945146,25
51001,shuffled,0.5,3,0.6045819879740166,0.12,0.519128339679122,25
51001,shuffled,0.5,4,0.4905843827566427,0.16,0.5117075834392146,25
51001,shuffled,0.5,5,0.6798274582195707,0.18,0.5468981751905776,25
51001,shuffled,0.5,6,0.7464727977238154,0.26,0.5922935744771984,25
51001,shuffled,0.5,7,0.6190904057112896,0.28,0.6096876881374516,25
51001,shuffled,0.5,8,0.7673344770831061,0.18,0.5238159615099914,25
51001,shuffled,0.5,9,0.7131702364248029,0.22,0.5351152225697233,25
51001,shuffled,0.5,10,0.6632170674222874,0.14,0.48676916847311863,25
51001,shuffled,0.5,11,0.5792280913792566,0.2,0.5682075910586692,25
51001,shuffled,0.75,0,0.6118667878756695,0.12,0.4846886911048155,38
51001,shuffled,0.75,1,0.5073589365106019,0.1,0.4461324222491664,38
51001,shuffled,0.75,2,0.44933828902350953,0.04,0.4831335393455059,38
51001,shuffled,0.75,3,0.49742529662735824,0.06,0.35415907615522957,38
51001,shuffled,0.75,4,0.4204596764450216,0.04,0.4602068199248499,38
51001,shuffled,0.75,5,0.395938464791144,0.1,0.40083692121037556,38
51001,shuffled,0.75,6,0.40724997941724,0.06,0.33207473361312984,38
51001,shuffled,0.75,7,0.3727371302923706,0.06,0.43496811207569436,38
51001,shuffled,0.75,8,0.47626216486463546,0.08,0.5017234082996987,38
51001,shuffled,0.75,9,0.5212510875644508,0.1,0.4631975905193061,38
51001,shuffled,0.75,10,0.5668883047019019,0.08,0.4361030479262923,38
51001,shuffled,0.75,11,0.6013149481818071,0.06,0.44083456918656766,38
51001,shuffled,0.9,0,0.3722013548619671,0.02,0.44259166675767764,45
51001,shuffled,0.9,1,0.27909468750718164,0.02,0.35705985215347696,45
51001,shuffled,0.9,2,0.41641353887083427,0.06,0.43869935488652834,45
51001,shuffled,0.9,3,0.39661261920585905,0.02,0.36561155834720904,45
51001,shuffled,0.9,4,0.37133251308686127,0.0,0.3978701352027912,45
51001,shuffled,0.9,5,0.3201732528277528,0.0,0.3594368814656589,45
51001,shuffled,0.9,6,0.3905433021296645,0.08,0.39178466467099027,45
51001,shuffled,0.9,7,0.31451210627467907,0.02,0.4078177179151982,45
51001,shuffled,0.9,8,0.3931234611071156,0.08,0.3931494633783579,45
51001,shuffled,0.9,9,0.38404631876707923,0.02,0.43147418031599666,45
51001,shuffled,0.9,10,0.27903616197285225,0.08,0.3160597340812132,45
51001,shuffled,0.9,11,0.3882114229841054,0.04,0.39037774799718117,45
51001,dense,0.0,0,0.21727860975099886,0.02,0.9999999999999999,0
51001,dense,0.0,1,0.21727860975099886,0.02,0.9999999999999999,0
51001,dense,0.0,2,0.21727860975099886,0.02,0.9999999999999999,0
51001,dense,0.0,3,0.21727860975099886,0.02,0.9999999999999999,0
51001,dense,0.0,4,0.21727860975099886,0.02,0.9999999999999999,0
51001,dense,0.0,5,0.21727860975099886,0.02,0.9999999999999999,0
51001,dense,0.0,6,0.21727860975099886,0.02,0.9999999999999999,0
51001,dense,0.0,7,0.21727860975099886,0.02,0.9999999999999999,0
51001,dense,0.0,8,0.21727860975099886,0.02,0.9999999999999999,0
51001,dense,0.0,9,0.21727860975099886,0.02,0.9999999999999999,0
51001,dense,0.0,10,0.21727860975099886,0.02,0.9999999999999999,0
51001,dense,0.0,11,0.21727860975099886,0.02,0.9999999999999999,0
51001,dense,0.25,0,0.21727860975099886,0.02,0.9999999999999999,12
51001,dense,0.25,1,0.21727860975099886,0.02,0.9999999999999999,12
51001,dense,0.25,2,0.21727860975099886,0.02,0.9999999999999999,12
51001,dense,0.25,3,0.21727860975099886,0.02,0.9999999999999999,12
51001,dense,0.25,4,0.21727860975099886,0.02,0.9999999999999999,12
51001,dense,0.25,5,0.21727860975099886,0.02,0.9999999999999999,12
51001,dense,0.25,6,0.21727860975099886,0.02,0.9999999999999999,12
51001,dense,0.25,7,0.21727860975099886,0.02,0.9999999999999999,12
51001,dense,0.25,8,0.21727860975099886,0.02,0.9999999999999999,12
51001,dense,0.25,9,0.21727860975099886,0.02,0.9999999999999999,12
51001,dense,0.25,10,0.21727860975099886,0.02,0.9999999999999999,12
51001,dense,0.25,11,0.21727860975099886,0.02,0.9999999999999999,12
51001,dense,0.5,0,0.21727860975099886,0.02,0.9999999999999999,25
51001,dense,0.5,1,0.21727860975099886,0.02,0.9999999999999999,25
51001,dense,0.5,2,0.21727860975099886,0.02,0.9999999999999999,25
51001,dense,0.5,3,0.21727860975099886,0.02,0.9999999999999999,25
51001,dense,0.5,4,0.21727860975099886,0.02,0.9999999999999999,25
51001,dense,0.5,5,0.21727860975099886,0.02,0.9999999999999999,25
51001,dense,0.5,6,0.21727860975099886,0.02,0.9999999999999999,25
51001,dense,0.5,7,0.21727860975099886,0.02,0.9999999999999999,25
51001,dense,0.5,8,0.21727860975099886,0.02,0.9999999999999999,25
51001,dense,0.5,9,0.21727860975099886,0.02,0.9999999999999999,25
51001,dense,0.5,10,0.21727860975099886,0.02,0.9999999999999999,25
51001,dense,0.5,11,0.21727860975099886,0.02,0.9999999999999999,25
51001,dense,0.75,0,0.21727860975099886,0.02,0.9999999999999999,38
51001,dense,0.75,1,0.21727860975099886,0.02,0.9999999999999999,38
51001,dense,0.75,2,0.21727860975099886,0.02,0.9999999999999999,38
51001,dense,0.75,3,0.21727860975099886,0.02,0.9999999999999999,38
51001,dense,0.75,4,0.21727860975099886,0.02,0.9999999999999999,38
51001,dense,0.75,5,0.21727860975099886,0.02,0.9999999999999999,38
51001,dense,0.75,6,0.21727860975099886,0.02,0.9999999999999999,38
51001,dense,0.75,7,0.21727860975099886,0.02,0.9999999999999999,38
51001,dense,0.75,8,0.21727860975099886,0.02,0.9999999999999999,38
51001,dense,0.75,9,0.21727860975099886,0.02,0.9999999999999999,38
51001,dense,0.75,10,0.21727860975099886,0.02,0.9999999999999999,38
51001,dense,0.75,11,0.21727860975099886,0.02,0.9999999999999999,38
51001,dense,0.9,0,0.21727860975099886,0.02,0.9999999999999999,45
51001,dense,0.9,1,0.21727860975099886,0.02,0.9999999999999999,45
51001,dense,0.9,2,0.21727860975099886,0.02,0.9999999999999999,45
51001,dense,0.9,3,0.21727860975099886,0.02,0.9999999999999999,45
51001,dense,0.9,4,0.21727860975099886,0.02,0.9999999999999999,45
51001,dense,0.9,5,0.21727860975099886,0.02,0.9999999999999999,45
51001,dense,0.9,6,0.21727860975099886,0.02,0.9999999999999999,45
51001,dense,0.9,7,0.21727860975099886,0.02,0.9999999999999999,45
51001,dense,0.9,8,0.21727860975099886,0.02,0.9999999999999999,45
51001,dense,0.9,9,0.21727860975099886,0.02,0.9999999999999999,45
51001,dense,0.9,10,0.21727860975099886,0.02,0.9999999999999999,45
51001,dense,0.9,11,0.21727860975099886,0.02,0.9999999999999999,45
51001,identity,0.0,0,0.971398292654658,0.88,1.0,0
51001,identity,0.0,1,0.971398292654658,0.88,1.0,0
51001,identity,0.0,2,0.971398292654658,0.88,1.0,0
51001,identity,0.0,3,0.971398292654658,0.88,1.0,0
51001,identity,0.0,4,0.971398292654658,0.88,1.0,0
51001,identity,0.0,5,0.971398292654658,0.88,1.0,0
51001,identity,0.0,6,0.971398292654658,0.88,1.0,0
51001,identity,0.0,7,0.971398292654658,0.88,1.0,0
51001,identity,0.0,8,0.971398292654658,0.88,1.0,0
51001,identity,0.0,9,0.971398292654658,0.88,1.0,0
51001,identity,0.0,10,0.971398292654658,0.88,1.0,0
51001,identity,0.0,11,0.971398292654658,0.88,1.0,0
51001,identity,0.25,0,0.9457958856822944,0.92,0.8902853090821503,12
51001,identity,0.25,1,0.8874308545959717,0.62,0.8862608824722207,12
51001,identity,0.25,2,0.8625537917513535,0.62,0.8815370908603645,12
51001,identity,0.25,3,0.9097919963651715,0.82,0.8931410134297699,12
51001,identity,0.25,4,0.9191760891582526,0.82,0.886589040951171,12
51001,identity,0.25,5,0.8684314738956173,0.6,0.8809649021702929,12
51001,identity,0.25,6,0.8881423039921388,0.82,0.8825635610090415,12
51001,identity,0.25,7,0.8599284305930003,0.74,0.8863989917521851,12
51001,identity,0.25,8,0.8743394608457805,0.64,0.8854680054604465,12
51001,identity,0.25,9,0.918949443466228,0.84,0.8955352082028216,12
51001,identity,0.25,10,0.9528152533476795,0.92,0.8928573245153012,12
51001,identity,0.25,11,0.9035892412368998,0.74,0.8868630445296685,12
51001,identity,0.5,0,0.7895283627817803,0.58,0.7561342416096681,25
51001,identity,0.5,1,0.7678286484390705,0.44,0.7452952890272967,25
51001,identity,0.5,2,0.710939344095437,0.3,0.7487957593700583,25
51001,identity,0.5,3,0.6989599240969016,0.26,0.7361597486217782,25
51001,identity,0.5,4,0.7585441958293027,0.52,0.7484892985019995,25
51001,identity,0.5,5,0.7434206527910864,0.38,0.7523214204540543,25
51001,identity,0.5,6,0.7380373071286521,0.42,0.7525689214263575,25
51001,identity,0.5,7,0.7876326119217828,0.5,0.7559308431570291,25
51001,identity,0.5,8,0.6984643653739043,0.24,0.7349681633117838,25
51001,identity,0.5,9,0.7221500459832226,0.38,0.7466840313489473,25
51001,identity,0.5,10,0.748833065804257,0.44,0.7450024784604764,25
51001,identity,0.5,11,0.7386212978261697,0.58,0.7491849759305735,25
51001,identity,0.75,0,0.5685264242076014,0.12,0.6304510205001705,38
51001,identity,0.75,1,0.5001615012727585,0.08,0.6254796639074296,38
51001,identity,0.75,2,0.5529549613867719,0.14,0.6257547238133644,38
51001,identity,0.75,3,0.5230764003013851,0.12,0.607849026659058,38
51001,identity,0.75,4,0.5432071657611625,0.16,0.6069628931754208,38
51001,identity,0.75,5,0.5141605896234933,0.12,0.6286253229019462,38
51001,identity,0.75,6,0.5055839740209523,0.1,0.6171675011615848,38
51001,identity,0.75,7,0.470964886804203,0.12,0.6049901672142975,38
51001,identity,0.75,8,0.5300389097016688,0.1,0.6421504134282098,38
51001,identity,0.75,9,0.5031398859078676,0.08,0.5894951322298728,38
51001,identity,0.75,10,0.5635409564115096,0.14,0.6395641093710558,38
51001,identity,0.75,11,0.4886556873940256,0.08,0.6128625108252451,38
51001,identity,0.9,0,0.40371967449468654,0.02,0.6306630324501457,45
51001,identity,0.9,1,0.3969239094336055,0.02,0.6321399402512374,45
51001,identity,0.9,2,0.3863198163563139,0.02,0.6222256584765732,45
51001,identity,0.9,3,0.42622722469648927,0.02,0.6280568792891986,45
51001,identity,0.9,4,0.40812933226862197,0.02,0.6242485678687629,45
51001,identity,0.9,5,0.38275282412107114,0.02,0.6241195943633611,45
51001,identity,0.9,6,0.4265315085770877,0.04,0.6379052535040015,45
51001,identity,0.9,7,0.40037826679684946,0.04,0.6374470179703815,45
51001,identity,0.9,8,0.4123071973030649,0.02,0.6229293127918766,45
51001,identity,0.9,9,0.39172402075753326,0.04,0.6309685873768697,45
51001,identity,0.9,10,0.38158292379378667,0.02,0.6255447839687079,45
51001,identity,0.9,11,0.3932682699747807,0.02,0.6248173016649105,45
51002,normal,0.0,0,0.9319757934530345,0.6,1.0,0
51002,normal,0.0,1,0.9319757934530345,0.6,1.0,0
51002,normal,0.0,2,0.9319757934530345,0.6,1.0,0
51002,normal,0.0,3,0.9319757934530345,0.6,1.0,0
51002,normal,0.0,4,0.9319757934530345,0.6,1.0,0
51002,normal,0.0,5,0.9319757934530345,0.6,1.0,0
51002,normal,0.0,6,0.9319757934530345,0.6,1.0,0
51002,normal,0.0,7,0.9319757934530345,0.6,1.0,0
51002,normal,0.0,8,0.9319757934530345,0.6,1.0,0
51002,normal,0.0,9,0.9319757934530345,0.6,1.0,0
51002,normal,0.0,10,0.9319757934530345,0.6,1.0,0
51002,normal,0.0,11,0.9319757934530345,0.6,1.0,0
51002,normal,0.25,0,0.8344706845958314,0.28,0.7632121212404178,12
51002,normal,0.25,1,0.7804226912670174,0.28,0.6875707584841229,12
51002,normal,0.25,2,0.8428907762579725,0.34,0.6854167034307074,12
51002,normal,0.25,3,0.8234648505656743,0.36,0.7404518813527754,12
51002,normal,0.25,4,0.8595999724934341,0.48,0.7414674601293817,12
51002,normal,0.25,5,0.8977609867410078,0.4,0.8148658886030147,12
51002,normal,0.25,6,0.7363752909282902,0.42,0.6867226710328644,12
51002,normal,0.25,7,0.8635250681505512,0.38,0.6768313970826797,12
51002,normal,0.25,8,0.82877150328663,0.42,0.7399144744605537,12
51002,normal,0.25,9,0.8315549407267244,0.3,0.7424835656969019,12
51002,normal,0.25,10,0.7955254416230075,0.34,0.6813265326121523,12
51002,normal,0.25,11,0.8024051508870822,0.32,0.7410257033125699,12
51002,normal,0.5,0,0.6150808375158199,0.2,0.5024980639799123,25
51002,normal,0.5,1,0.7678230802757995,0.28,0.5412979072930137,25
51002,normal,0.5,2,0.7175542330475376,0.26,0.6440849673596902,25
51002,normal,0.5,3,0.6839821536721803,0.12,0.5358639774405082,25
51002,normal,0.5,4,0.5783436025609333,0.16,0.510703556187377,25
51002,normal,0.5,5,0.753779564430556,0.22,0.585503841305434,25
51002,normal,0.5,6,0.5763980901212596,0.2,0.4785666221274451,25
51002,normal,0.5,7,0.7176126211026849,0.16,0.5308197815893283,25
51002,normal,0.5,8,0.6895112554653291,0.14,0.6260491493856916,25
51002,normal,0.5,9,0.7306218156013482,0.2,0.48499933618535535,25
51002,normal,0.5,10,0.7760837055255473,0.26,0.6337410220648682,25
51002,normal,0.5,11,0.6823797931399767,0.14,0.5229178527642122,25
51002,normal,0.75,0,0.46309963756487726,0.1,0.4403447001007523,38
51002,normal,0.75,1,0.4958965418189507,0.06,0.45031786636218163,38
51002,normal,0.75,2,0.5926099348647487,0.16,0.4429542489893329,38
51002,normal,0.75,3,0.493319460550954,0.08,0.4375825264767851,38
51002,normal,0.75,4,0.6043536701105657,0.06,0.3929669247759449,38
51002,normal,0.75,5,0.45418556146190836,0.08,0.37501714483562026,38
51002,normal,0.75,6,0.6711937890037944,0.12,0.4402705665114404,38
51002,normal,0.75,7,0.5208830619544036,0.1,0.41813924423223797,38
51002,normal,0.75,8,0.5026279734286828,0.14,0.5092739607305229,38
51002,normal,0.75,9,0.5106387200121413,0.06,0.46092900919842367,38
51002,normal,0.75,10,0.5980378081292212,0.18,0.44656857995786053,38
51002,normal,0.75,11,0.6236464877808912,0.16,0.43433252590590454,38
51002,normal,0.9,0,0.44138094918186543,0.06,0.3556268613971202,45
51002,normal,0.9,1,0.49346951779224213,0.02,0.4338457010672301,45
51002,normal,0.9,2,0.49296167506451,0.02,0.42444652583618264,45
51002,normal,0.9,3,0.36540826794459397,0.02,0.4074757033687654,45
51002,normal,0.9,4,0.44153210871776966,0.04,0.38660451639880977,45
51002,normal,0.9,5,0.5560146063863731,0.04,0.4542665646686914,45
51002,normal,0.9,6,0.3462414976843455,0.0,0.3294903815043489,45
51002,normal,0.9,7,0.35544958676482147,0.08,0.37541359730810603,45
51002,normal,0.9,8,0.43250715985477156,0.02,0.3708195849177043,45
51002,normal,0.9,9,0.36913716789800005,0.04,0.37604326520504777,45
51002,normal,0.9,10,0.5046862371773474,0.06,0.3996332257002511,45
51002,normal,0.9,11,0.46614559516499054,0.04,0.37597674461766034,45
51002,shuffled,0.0,0,0.9485103459079941,0.72,1.0,0
51002,shuffled,0.0,1,0.9485103459079941,0.72,1.0,0
51002,shuffled,0.0,2,0.9485103459079941,0.72,1.0,0
51002,shuffled,0.0,3,0.9485103459079941,0.72,1.0,0
51002,shuffled,0.0,4,0.9485103459079941,0.72,1.0,0
51002,shuffled,0.0,5,0.9485103459079941,0.72,1.0,0
51002,shuffled,0.0,6,0.9485103459079941,0.72,1.0,0
51002,shuffled,0.0,7,0.9485103459079941,0.72,1.0,0
51002,shuffled,0.0,8,0.9485103459079941,0.72,1.0,0
51002,shuffled,0.0,9,0.9485103459079941,0.72,1.0,0
51002,shuffled,0.0,10,0.9485103459079941,0.72,1.0,0
51002,shuffled,0.0,11,0.9485103459079941,0.72,1.0,0
51002,shuffled,0.25,0,0.7342609952249731,0.32,0.6403930986228236,12
51002,shuffled,0.25,1,0.8569547164212294,0.54,0.7940841022851641,12
51002,shuffled,0.25,2,0.8174481601535377,0.3,0.7205505976167792,12
51002,shuffled,0.25,3,0.8364628516133747,0.3,0.7630094256787234,12
51002,shuffled,0.25,4,0.8196100312456649,0.34,0.6600919241336729,12
51002,shuffled,0.25,5,0.7942523388806015,0.28,0.7651643197859592,12
51002,shuffled,0.25,6,0.8302682499300079,0.32,0.7686259184397493,12
51002,shuffled,0.25,7,0.8333004228487064,0.5,0.8104941633136449,12
51002,shuffled,0.25,8,0.7962841714358107,0.42,0.77075701796518,12
51002,shuffled,0.25,9,0.8422195464939597,0.4,0.7498251395116299,12
51002,shuffled,0.25,10,0.8083548393910575,0.3,0.7455095372472919,12
51002,shuffled,0.25,11,0.8236246007623156,0.34,0.6734962943663793,12
51002,shuffled,0.5,0,0.6382843292093365,0.2,0.5097894278669911,25
51002,shuffled,0.5,1,0.6848560261072443,0.24,0.5208397768373261,25
51002,shuffled,0.5,2,0.7000490564883023,0.2,0.5627574242794534,25
51002,shuffled,0.5,3,0.6847226699033204,0.18,0.5403507945028748,25
51002,shuffled,0.5,4,0.6579152345564628,0.12,0.5569767918646429,25
51002,shuffled,0.5,5,0.5754168596491082,0.24,0.5099741675354325,25
51002,shuffled,0.5,6,0.7032170757620336,0.14,0.5057661440030373,25
51002,shuffled,0.5,7,0.6092370788306489,0.28,0.5027177654517088,25
51002,shuffled,0.5,8,0.6905060615525344,0.08,0.5130990689540132,25
51002,shuffled,0.5,9,0.6437094522331541,0.08,0.5496463771995367,25
51002,shuffled,0.5,10,0.6426041623650639,0.12,0.5031396153975349,25
51002,shuffled,0.5,11,0.6750107687151583,0.16,0.5670316602169422,25
51002,shuffled,0.75,0,0.6333783178995234,0.12,0.4556670057094731,38
51002,shuffled,0.75,1,0.5387878049576185,0.08,0.4586854752234266,38
51002,shuffled,0.75,2,0.5534704345279868,0.14,0.47480307544203876,38
51002,shuffled,0.75,3,0.5994818806540119,0.1,0.4449472986557062,38
51002,shuffled,0.75,4,0.551765732118555,0.06,0.3633607176770255,38
51002,shuffled,0.75,5,0.4803806754032534,0.04,0.3963100986928206,38
51002,shuffled,0.75,6,0.46108641571887915,0.04,0.35584444593951736,38
51002,shuffled,0.75,7,0.4627605427209234,0.04,0.3646915791926656,38
51002,shuffled,0.75,8,0.5473306918727296,0.1,0.31729522829055173,38
51002,shuffled,0.75,9,0.5069786756209573,0.16,0.4984905674765596,38
51002,shuffled,0.75,10,0.511202846948282,0.1,0.4322050132370275,38
51002,shuffled,0.75,11,0.5863336375025119,0.14,0.4286849615288632,38
51002,shuffled,0.9,0,0.4473326353083156,0.02,0.44557322374464314,45
51002,shuffled,0.9,1,0.40279308761622223,0.02,0.3710568303850293,45
51002,shuffled,0.9,2,0.40741282456198064,0.04,0.33412408454837234,45
51002,shuffled,0.9,3,0.41668978383830063,0.04,0.31003974026551334,45
51002,shuffled,0.9,4,0.4924254481347993,0.02,0.369712186578192,45
51002,shuffled,0.9,5,0.4334637132816605,0.04,0.38572660143712434,45
51002,shuffled,0.9,6,0.47988396027908015,0.02,0.46564517436533953,45
51002,shuffled,0.9,7,0.3399014877615209,0.0,0.36272902252224887,45
51002,shuffled,0.9,8,0.33160366333743246,0.02,0.3979169978873612,45
51002,shuffled,0.9,9,0.3403582294978758,0.0,0.34549922179836784,45
51002,shuffled,0.9,10,0.3965329394418219,0.08,0.3683550787189443,45
51002,shuffled,0.9,11,0.4150685500185069,0.04,0.4434951408553709,45
51002,dense,0.0,0,0.22024913305169608,0.02,0.9999999999999999,0
51002,dense,0.0,1,0.22024913305169608,0.02,0.9999999999999999,0
51002,dense,0.0,2,0.22024913305169608,0.02,0.9999999999999999,0
51002,dense,0.0,3,0.22024913305169608,0.02,0.9999999999999999,0
51002,dense,0.0,4,0.22024913305169608,0.02,0.9999999999999999,0
51002,dense,0.0,5,0.22024913305169608,0.02,0.9999999999999999,0
51002,dense,0.0,6,0.22024913305169608,0.02,0.9999999999999999,0
51002,dense,0.0,7,0.22024913305169608,0.02,0.9999999999999999,0
51002,dense,0.0,8,0.22024913305169608,0.02,0.9999999999999999,0
51002,dense,0.0,9,0.22024913305169608,0.02,0.9999999999999999,0
51002,dense,0.0,10,0.22024913305169608,0.02,0.9999999999999999,0
51002,dense,0.0,11,0.22024913305169608,0.02,0.9999999999999999,0
51002,dense,0.25,0,0.22024913305169608,0.02,0.9999999999999999,12
51002,dense,0.25,1,0.22024913305169608,0.02,0.9999999999999999,12
51002,dense,0.25,2,0.22024913305169608,0.02,0.9999999999999999,12
51002,dense,0.25,3,0.22024913305169608,0.02,0.9999999999999999,12
51002,dense,0.25,4,0.22024913305169608,0.02,0.9999999999999999,12
51002,dense,0.25,5,0.22024913305169608,0.02,0.9999999999999999,12
51002,dense,0.25,6,0.22024913305169608,0.02,0.9999999999999999,12
51002,dense,0.25,7,0.22024913305169608,0.02,0.9999999999999999,12
51002,dense,0.25,8,0.22024913305169608,0.02,0.9999999999999999,12
51002,dense,0.25,9,0.22024913305169608,0.02,0.9999999999999999,12
51002,dense,0.25,10,0.22024913305169608,0.02,0.9999999999999999,12
51002,dense,0.25,11,0.22024913305169608,0.02,0.9999999999999999,12
51002,dense,0.5,0,0.22024913305169608,0.02,0.9999999999999999,25
51002,dense,0.5,1,0.22024913305169608,0.02,0.9999999999999999,25
51002,dense,0.5,2,0.22024913305169608,0.02,0.9999999999999999,25
51002,dense,0.5,3,0.22024913305169608,0.02,0.9999999999999999,25
51002,dense,0.5,4,0.22024913305169608,0.02,0.9999999999999999,25
51002,dense,0.5,5,0.22024913305169608,0.02,0.9999999999999999,25
51002,dense,0.5,6,0.22024913305169608,0.02,0.9999999999999999,25
51002,dense,0.5,7,0.22024913305169608,0.02,0.9999999999999999,25
51002,dense,0.5,8,0.22024913305169608,0.02,0.9999999999999999,25
51002,dense,0.5,9,0.22024913305169608,0.02,0.9999999999999999,25
51002,dense,0.5,10,0.22024913305169608,0.02,0.9999999999999999,25
51002,dense,0.5,11,0.22024913305169608,0.02,0.9999999999999999,25
51002,dense,0.75,0,0.22024913305169608,0.02,0.9999999999999999,38
51002,dense,0.75,1,0.22024913305169608,0.02,0.9999999999999999,38
51002,dense,0.75,2,0.22024913305169608,0.02,0.9999999999999999,38
51002,dense,0.75,3,0.22024913305169608,0.02,0.9999999999999999,38
51002,dense,0.75,4,0.22024913305169608,0.02,0.9999999999999999,38
51002,dense,0.75,5,0.22024913305169608,0.02,0.9999999999999999,38
51002,dense,0.75,6,0.22024913305169608,0.02,0.9999999999999999,38
51002,dense,0.75,7,0.22024913305169608,0.02,0.9999999999999999,38
51002,dense,0.75,8,0.22024913305169608,0.02,0.9999999999999999,38
51002,dense,0.75,9,0.22024913305169608,0.02,0.9999999999999999,38
51002,dense,0.75,10,0.22024913305169608,0.02,0.9999999999999999,38
51002,dense,0.75,11,0.22024913305169608,0.02,0.9999999999999999,38
51002,dense,0.9,0,0.22024913305169608,0.02,0.9999999999999999,45
51002,dense,0.9,1,0.22024913305169608,0.02,0.9999999999999999,45
51002,dense,0.9,2,0.22024913305169608,0.02,0.9999999999999999,45
51002,dense,0.9,3,0.22024913305169608,0.02,0.9999999999999999,45
51002,dense,0.9,4,0.22024913305169608,0.02,0.9999999999999999,45
51002,dense,0.9,5,0.22024913305169608,0.02,0.9999999999999999,45
51002,dense,0.9,6,0.22024913305169608,0.02,0.9999999999999999,45
51002,dense,0.9,7,0.22024913305169608,0.02,0.9999999999999999,45
51002,dense,0.9,8,0.22024913305169608,0.02,0.9999999999999999,45
51002,dense,0.9,9,0.22024913305169608,0.02,0.9999999999999999,45
51002,dense,0.9,10,0.22024913305169608,0.02,0.9999999999999999,45
51002,dense,0.9,11,0.22024913305169608,0.02,0.9999999999999999,45
51002,identity,0.0,0,0.9377549113667548,0.64,1.0,0
51002,identity,0.0,1,0.9377549113667548,0.64,1.0,0
51002,identity,0.0,2,0.9377549113667548,0.64,1.0,0
51002,identity,0.0,3,0.9377549113667548,0.64,1.0,0
51002,identity,0.0,4,0.9377549113667548,0.64,1.0,0
51002,identity,0.0,5,0.9377549113667548,0.64,1.0,0
51002,identity,0.0,6,0.9377549113667548,0.64,1.0,0
51002,identity,0.0,7,0.9377549113667548,0.64,1.0,0
51002,identity,0.0,8,0.9377549113667548,0.64,1.0,0
51002,identity,0.0,9,0.9377549113667548,0.64,1.0,0
51002,identity,0.0,10,0.9377549113667548,0.64,1.0,0
51002,identity,0.0,11,0.9377549113667548,0.64,1.0,0
51002,identity,0.25,0,0.8638390887658746,0.56,0.8903135435501762,12
51002,identity,0.25,1,0.8756756420207378,0.64,0.892634436938939,12
51002,identity,0.25,2,0.8820254533479773,0.7,0.8873366181848406,12
51002,identity,0.25,3,0.871324454262097,0.66,0.8878746376815806,12
51002,identity,0.25,4,0.8474756929007526,0.44,0.8859085193428216,12
51002,identity,0.25,5,0.8332047558312997,0.48,0.8767672334647102,12
51002,identity,0.25,6,0.8404101837279606,0.62,0.8870859588174757,12
51002,identity,0.25,7,0.8937591637205216,0.76,0.8872152433583054,12
51002,identity,0.25,8,0.8457444123944946,0.64,0.8783790380203013,12
51002,identity,0.25,9,0.8059391967673304,0.54,0.8593162334118313,12
51002,identity,0.25,10,0.8951420851147484,0.72,0.8902134662898397,12
51002,identity,0.25,11,0.8660407797290374,0.52,0.884069316784806,12
51002,identity,0.5,0,0.619581641248459,0.2,0.745634752655779,25
51002,identity,0.5,1,0.794960591673356,0.5,0.7653528794841523,25
51002,identity,0.5,2,0.6562249698732114,0.3,0.727348797599904,25
51002,identity,0.5,3,0.7819895682336502,0.46,0.7586079940653448,25
51002,identity,0.5,4,0.7060260796990236,0.38,0.7367114912271172,25
51002,identity,0.5,5,0.7427722012105283,0.48,0.7493746625403896,25
51002,identity,0.5,6,0.6955190707987018,0.32,0.7241918123032484,25
51002,identity,0.5,7,0.7287479794385255,0.46,0.7422802278601992,25
51002,identity,0.5,8,0.7180272639808797,0.4,0.7526260389940675,25
51002,identity,0.5,9,0.7561963508370693,0.4,0.767793903578195,25
51002,identity,0.5,10,0.6371312346883138,0.2,0.7249504504281531,25
51002,identity,0.5,11,0.723804647749831,0.38,0.7771372456168697,25
51002,identity,0.75,0,0.511660729166014,0.2,0.6347853366470346,38
51002,identity,0.75,1,0.5240212254452297,0.06,0.6652230080086301,38
51002,identity,0.75,2,0.45035365144298517,0.1,0.6501050762152443,38
51002,identity,0.75,3,0.46749229226248157,0.08,0.6102283236824456,38
51002,identity,0.75,4,0.47314352162765,0.14,0.6032482394886869,38
51002,identity,0.75,5,0.42435646916970526,0.08,0.6530070487220698,38
51002,identity,0.75,6,0.5082625826596252,0.16,0.6210288168958167,38
51002,identity,0.75,7,0.5024053461789303,0.12,0.6032421605905578,38
51002,identity,0.75,8,0.4552141691329743,0.1,0.6342111871615964,38
51002,identity,0.75,9,0.44273406084557826,0.04,0.6166415122111009,38
51002,identity,0.75,10,0.39983299100532327,0.1,0.6506484518955361,38
51002,identity,0.75,11,0.41055630830499995,0.08,0.6065199217222147,38
51002,identity,0.9,0,0.3446787624779145,0.02,0.6250910431325846,45
51002,identity,0.9,1,0.3501215447070192,0.04,0.6351446848189183,45
51002,identity,0.9,2,0.3345141242969478,0.04,0.6280841623082043,45
51002,identity,0.9,3,0.35384777718616817,0.04,0.6244732342850867,45
51002,identity,0.9,4,0.357844105811029,0.06,0.6199121165772787,45
51002,identity,0.9,5,0.340747107028522,0.02,0.589003818975349,45
51002,identity,0.9,6,0.330701626137066,0.02,0.622457273702101,45
51002,identity,0.9,7,0.34666157102865397,0.02,0.629419648733025,45
51002,identity,0.9,8,0.33996249827380637,0.02,0.6567635706034816,45
51002,identity,0.9,9,0.3243822327213878,0.02,0.6245083170685578,45
51002,identity,0.9,10,0.3497042611615157,0.02,0.6416778786264671,45
51002,identity,0.9,11,0.3542176047298255,0.02,0.6363744885561947,45
51003,normal,0.0,0,0.9552521938494665,0.76,1.0,0
51003,normal,0.0,1,0.9552521938494665,0.76,1.0,0
51003,normal,0.0,2,0.9552521938494665,0.76,1.0,0
51003,normal,0.0,3,0.9552521938494665,0.76,1.0,0
51003,normal,0.0,4,0.9552521938494665,0.76,1.0,0
51003,normal,0.0,5,0.9552521938494665,0.76,1.0,0
51003,normal,0.0,6,0.9552521938494665,0.76,1.0,0
51003,normal,0.0,7,0.9552521938494665,0.76,1.0,0
51003,normal,0.0,8,0.9552521938494665,0.76,1.0,0
51003,normal,0.0,9,0.9552521938494665,0.76,1.0,0
51003,normal,0.0,10,0.9552521938494665,0.76,1.0,0
51003,normal,0.0,11,0.9552521938494665,0.76,1.0,0
51003,normal,0.25,0,0.8120662748864501,0.5,0.8042058509206683,12
51003,normal,0.25,1,0.7591083706013202,0.44,0.7573282260691812,12
51003,normal,0.25,2,0.8239104638229865,0.34,0.7579163483893452,12
51003,normal,0.25,3,0.6857717124360215,0.34,0.6436755549069931,12
51003,normal,0.25,4,0.8357990511101014,0.4,0.7794481985868488,12
51003,normal,0.25,5,0.8111388586905331,0.52,0.7548492852286026,12
51003,normal,0.25,6,0.7803673552105223,0.3,0.7198181293903307,12
51003,normal,0.25,7,0.8523559895535858,0.52,0.7941610223054175,12
51003,normal,0.25,8,0.7791130326356724,0.32,0.706189133755271,12
51003,normal,0.25,9,0.8648970983859633,0.38,0.77636217976511,12
51003,normal,0.25,10,0.8246182647638133,0.4,0.7478111454020173,12
51003,normal,0.25,11,0.8061783881641013,0.36,0.7438245497467716,12
51003,normal,0.5,0,0.5808080345526591,0.22,0.44914131557427944,25
51003,normal,0.5,1,0.647455205512005,0.3,0.47251741848311996,25
51003,normal,0.5,2,0.6169763531291553,0.2,0.5658931178323915,25
51003,normal,0.5,3,0.551492007155712,0.16,0.512414091562903,25
51003,normal,0.5,4,0.656174928253766,0.2,0.5984742294185049,25
51003,normal,0.5,5,0.5307330453532829,0.22,0.561679372978709,25
51003,normal,0.5,6,0.606831885295804,0.22,0.4789402244966077,25
51003,normal,0.5,7,0.6773319251643951,0.12,0.5471515431239081,25
51003,normal,0.5,8,0.5233290358932547,0.24,0.5449412543917002,25
51003,normal,0.5,9,0.5523001354181387,0.12,0.4869740407695997,25
51003,normal,0.5,10,0.612229672408891,0.24,0.5856398642359575,25
51003,normal,0.5,11,0.5727372386069431,0.24,0.5195769666512361,25
51003,normal,0.75,0,0.47309869722157893,0.08,0.4517499743050458,38
51003,normal,0.75,1,0.4925449595683225,0.1,0.43077225649777845,38
51003,normal,0.75,2,0.433750061472346,0.1,0.4020763903818553,38
51003,normal,0.75,3,0.47371302784536135,0.08,0.4114910421093846,38
51003,normal,0.75,4,0.36040684453425875,0.06,0.4017076445806305,38
51003,normal,0.75,5,0.5512648975076546,0.1,0.5150199421583828,38
51003,normal,0.75,6,0.4800204958865998,0.06,0.4270231039176195,38
51003,normal,0.75,7,0.4948843328420424,0.1,0.4310609494709727,38
51003,normal,0.75,8,0.4575493425131938,0.06,0.46890183907352684,38
51003,normal,0.75,9,0.3656451436206558,0.14,0.4286056987201532,38
51003,normal,0.75,10,0.39384307330497614,0.08,0.37681259255508914,38
51003,normal,0.75,11,0.5475224847464777,0.16,0.5147153217531362,38
51003,normal,0.9,0,0.37250929039019176,0.04,0.40070852859792466,45
51003,normal,0.9,1,0.3096218571411071,0.0,0.34837291889130206,45
51003,normal,0.9,2,0.3309115830482654,0.04,0.3849124247629544,45
51003,normal,0.9,3,0.44150064810132433,0.06,0.43046531955084677,45
51003,normal,0.9,4,0.2989690588818249,0.02,0.3006251529611851,45
51003,normal,0.9,5,0.35984381777955876,0.04,0.34652390090765456,45
51003,normal,0.9,6,0.3141734052804468,0.0,0.3546620117205938,45
51003,normal,0.9,7,0.4243235287111466,0.02,0.37357476189708483,45
51003,normal,0.9,8,0.3665570166889512,0.06,0.3256660555352937,45
51003,normal,0.9,9,0.426170950103101,0.06,0.3568425751755737,45
51003,normal,0.9,10,0.360441377586079,0.04,0.36185698519313697,45
51003,normal,0.9,11,0.3856227001226016,0.02,0.3861796486510118,45
51003,shuffled,0.0,0,0.9532208142804501,0.7,1.0,0
51003,shuffled,0.0,1,0.9532208142804501,0.7,1.0,0
51003,shuffled,0.0,2,0.9532208142804501,0.7,1.0,0
51003,shuffled,0.0,3,0.9532208142804501,0.7,1.0,0
51003,shuffled,0.0,4,0.9532208142804501,0.7,1.0,0
51003,shuffled,0.0,5,0.9532208142804501,0.7,1.0,0
51003,shuffled,0.0,6,0.9532208142804501,0.7,1.0,0
51003,shuffled,0.0,7,0.9532208142804501,0.7,1.0,0
51003,shuffled,0.0,8,0.9532208142804501,0.7,1.0,0
51003,shuffled,0.0,9,0.9532208142804501,0.7,1.0,0
51003,shuffled,0.0,10,0.9532208142804501,0.7,1.0,0
51003,shuffled,0.0,11,0.9532208142804501,0.7,1.0,0
51003,shuffled,0.25,0,0.7225438258316743,0.3,0.7041354313930289,12
51003,shuffled,0.25,1,0.7678945870265594,0.34,0.6973666020537383,12
51003,shuffled,0.25,2,0.8600174729397443,0.46,0.8139523648998506,12
51003,shuffled,0.25,3,0.6673729375692353,0.26,0.6793252030926057,12
51003,shuffled,0.25,4,0.8208259590744191,0.46,0.7740260079264055,12
51003,shuffled,0.25,5,0.7166945911285195,0.44,0.6590288712723472,12
51003,shuffled,0.25,6,0.8264071900971554,0.36,0.7061740133787306,12
51003,shuffled,0.25,7,0.7536470476263739,0.38,0.7133150975100676,12
51003,shuffled,0.25,8,0.8033195523094142,0.48,0.8024840459129966,12
51003,shuffled,0.25,9,0.7765775236312887,0.38,0.7248635356710059,12
51003,shuffled,0.25,10,0.8452462692511398,0.4,0.686633668988337,12
51003,shuffled,0.25,11,0.8592764495693598,0.44,0.7422553430160399,12
51003,shuffled,0.5,0,0.6306103880983724,0.14,0.4719220400522676,25
51003,shuffled,0.5,1,0.5522373863423767,0.16,0.43119304163067507,25
51003,shuffled,0.5,2,0.5022140693217304,0.1,0.5055449283040359,25
51003,shuffled,0.5,3,0.6765796019806458,0.32,0.6308491599578375,25
51003,shuffled,0.5,4,0.6640375180994389,0.22,0.47138521386806104,25
51003,shuffled,0.5,5,0.4428068119372093,0.14,0.43286587597192944,25
51003,shuffled,0.5,6,0.5685402093699828,0.18,0.44531937546151423,25
51003,shuffled,0.5,7,0.5826113385506977,0.14,0.6089533111867894,25
51003,shuffled,0.5,8,0.66092900824017,0.18,0.5456489549206458,25
51003,shuffled,0.5,9,0.6216386707713457,0.2,0.5403985507380752,25
51003,shuffled,0.5,10,0.655952303002929,0.2,0.5860104503486369,25
51003,shuffled,0.5,11,0.5284979841782098,0.1,0.5047600981850202,25
51003,shuffled,0.75,0,0.37884422800326356,0.06,0.38817218427305955,38
51003,shuffled,0.75,1,0.5892112622404664,0.06,0.39854467963597917,38
51003,shuffled,0.75,2,0.3081364417002931,0.04,0.3653681484238501,38
51003,shuffled,0.75,3,0.4360512405249652,0.1,0.44278162782096303,38
51003,shuffled,0.75,4,0.44151803086145996,0.06,0.41310808818182065,38
51003,shuffled,0.75,5,0.3816987823578584,0.1,0.4638462191060937,38
51003,shuffled,0.75,6,0.43591958648431495,0.1,0.43938649423157655,38
51003,shuffled,0.75,7,0.4551841698879446,0.08,0.46662404675230024,38
51003,shuffled,0.75,8,0.4292607377898247,0.1,0.4686142814880979,38
51003,shuffled,0.75,9,0.42205098337272956,0.06,0.3866716839078308,38
51003,shuffled,0.75,10,0.5620986813576798,0.14,0.5050906580487162,38
51003,shuffled,0.75,11,0.37110147779006736,0.1,0.428619516317484,38
51003,shuffled,0.9,0,0.2964746582153928,0.0,0.3854261785627475,45
51003,shuffled,0.9,1,0.37754526809811717,0.06,0.36229874175009313,45
51003,shuffled,0.9,2,0.37470034586379214,0.08,0.3459960357732828,45
51003,shuffled,0.9,3,0.36667428738238633,0.0,0.4363142527058897,45
51003,shuffled,0.9,4,0.25452752453543626,0.0,0.31164303333492394,45
51003,shuffled,0.9,5,0.37043164216805846,0.06,0.39853535146088,45
51003,shuffled,0.9,6,0.3203761354042171,0.02,0.36748536461561154,45
51003,shuffled,0.9,7,0.316085651830199,0.04,0.34695326483603006,45
51003,shuffled,0.9,8,0.3148683352518397,0.06,0.325675970802145,45
51003,shuffled,0.9,9,0.2837284837178861,0.0,0.31079455380831006,45
51003,shuffled,0.9,10,0.3807007750555475,0.04,0.45675095995373544,45
51003,shuffled,0.9,11,0.3393355891299868,0.06,0.3875598997171793,45
51003,dense,0.0,0,0.26783774823459683,0.02,0.9999999999999999,0
51003,dense,0.0,1,0.26783774823459683,0.02,0.9999999999999999,0
51003,dense,0.0,2,0.26783774823459683,0.02,0.9999999999999999,0
51003,dense,0.0,3,0.26783774823459683,0.02,0.9999999999999999,0
51003,dense,0.0,4,0.26783774823459683,0.02,0.9999999999999999,0
51003,dense,0.0,5,0.26783774823459683,0.02,0.9999999999999999,0
51003,dense,0.0,6,0.26783774823459683,0.02,0.9999999999999999,0
51003,dense,0.0,7,0.26783774823459683,0.02,0.9999999999999999,0
51003,dense,0.0,8,0.26783774823459683,0.02,0.9999999999999999,0
51003,dense,0.0,9,0.26783774823459683,0.02,0.9999999999999999,0
51003,dense,0.0,10,0.26783774823459683,0.02,0.9999999999999999,0
51003,dense,0.0,11,0.26783774823459683,0.02,0.9999999999999999,0
51003,dense,0.25,0,0.26783774823459683,0.02,0.9999999999999999,12
51003,dense,0.25,1,0.26783774823459683,0.02,0.9999999999999999,12
51003,dense,0.25,2,0.26783774823459683,0.02,0.9999999999999999,12
51003,dense,0.25,3,0.26783774823459683,0.02,0.9999999999999999,12
51003,dense,0.25,4,0.26783774823459683,0.02,0.9999999999999999,12
51003,dense,0.25,5,0.26783774823459683,0.02,0.9999999999999999,12
51003,dense,0.25,6,0.26783774823459683,0.02,0.9999999999999999,12
51003,dense,0.25,7,0.26783774823459683,0.02,0.9999999999999999,12
51003,dense,0.25,8,0.26783774823459683,0.02,0.9999999999999999,12
51003,dense,0.25,9,0.26783774823459683,0.02,0.9999999999999999,12
51003,dense,0.25,10,0.26783774823459683,0.02,0.9999999999999999,12
51003,dense,0.25,11,0.26783774823459683,0.02,0.9999999999999999,12
51003,dense,0.5,0,0.26783774823459683,0.02,0.9999999999999999,25
51003,dense,0.5,1,0.26783774823459683,0.02,0.9999999999999999,25
51003,dense,0.5,2,0.26783774823459683,0.02,0.9999999999999999,25
51003,dense,0.5,3,0.26783774823459683,0.02,0.9999999999999999,25
51003,dense,0.5,4,0.26783774823459683,0.02,0.9999999999999999,25
51003,dense,0.5,5,0.26783774823459683,0.02,0.9999999999999999,25
51003,dense,0.5,6,0.26783774823459683,0.02,0.9999999999999999,25
51003,dense,0.5,7,0.26783774823459683,0.02,0.9999999999999999,25
51003,dense,0.5,8,0.26783774823459683,0.02,0.9999999999999999,25
51003,dense,0.5,9,0.26783774823459683,0.02,0.9999999999999999,25
51003,dense,0.5,10,0.26783774823459683,0.02,0.9999999999999999,25
51003,dense,0.5,11,0.26783774823459683,0.02,0.9999999999999999,25
51003,dense,0.75,0,0.26783774823459683,0.02,0.9999999999999999,38
51003,dense,0.75,1,0.26783774823459683,0.02,0.9999999999999999,38
51003,dense,0.75,2,0.26783774823459683,0.02,0.9999999999999999,38
51003,dense,0.75,3,0.26783774823459683,0.02,0.9999999999999999,38
51003,dense,0.75,4,0.26783774823459683,0.02,0.9999999999999999,38
51003,dense,0.75,5,0.26783774823459683,0.02,0.9999999999999999,38
51003,dense,0.75,6,0.26783774823459683,0.02,0.9999999999999999,38
51003,dense,0.75,7,0.26783774823459683,0.02,0.9999999999999999,38
51003,dense,0.75,8,0.26783774823459683,0.02,0.9999999999999999,38
51003,dense,0.75,9,0.26783774823459683,0.02,0.9999999999999999,38
51003,dense,0.75,10,0.26783774823459683,0.02,0.9999999999999999,38
51003,dense,0.75,11,0.26783774823459683,0.02,0.9999999999999999,38
51003,dense,0.9,0,0.26783774823459683,0.02,0.9999999999999999,45
51003,dense,0.9,1,0.26783774823459683,0.02,0.9999999999999999,45
51003,dense,0.9,2,0.26783774823459683,0.02,0.9999999999999999,45
51003,dense,0.9,3,0.26783774823459683,0.02,0.9999999999999999,45
51003,dense,0.9,4,0.26783774823459683,0.02,0.9999999999999999,45
51003,dense,0.9,5,0.26783774823459683,0.02,0.9999999999999999,45
51003,dense,0.9,6,0.26783774823459683,0.02,0.9999999999999999,45
51003,dense,0.9,7,0.26783774823459683,0.02,0.9999999999999999,45
51003,dense,0.9,8,0.26783774823459683,0.02,0.9999999999999999,45
51003,dense,0.9,9,0.26783774823459683,0.02,0.9999999999999999,45
51003,dense,0.9,10,0.26783774823459683,0.02,0.9999999999999999,45
51003,dense,0.9,11,0.26783774823459683,0.02,0.9999999999999999,45
51003,identity,0.0,0,0.9931951216899124,0.98,1.0,0
51003,identity,0.0,1,0.9931951216899124,0.98,1.0,0
51003,identity,0.0,2,0.9931951216899124,0.98,1.0,0
51003,identity,0.0,3,0.9931951216899124,0.98,1.0,0
51003,identity,0.0,4,0.9931951216899124,0.98,1.0,0
51003,identity,0.0,5,0.9931951216899124,0.98,1.0,0
51003,identity,0.0,6,0.9931951216899124,0.98,1.0,0
51003,identity,0.0,7,0.9931951216899124,0.98,1.0,0
51003,identity,0.0,8,0.9931951216899124,0.98,1.0,0
51003,identity,0.0,9,0.9931951216899124,0.98,1.0,0
51003,identity,0.0,10,0.9931951216899124,0.98,1.0,0
51003,identity,0.0,11,0.9931951216899124,0.98,1.0,0
51003,identity,0.25,0,0.8793730043777191,0.82,0.8815119233106594,12
51003,identity,0.25,1,0.8957520586952143,0.7,0.904046842644711,12
51003,identity,0.25,2,0.8698140926339473,0.78,0.8924635420376571,12
51003,identity,0.25,3,0.9008801808415052,0.86,0.8887091672602166,12
51003,identity,0.25,4,0.8943027614574707,0.84,0.8833062789830965,12
51003,identity,0.25,5,0.932439109734148,0.9,0.8945762732743774,12
51003,identity,0.25,6,0.9054998287354795,0.9,0.8839152864305617,12
51003,identity,0.25,7,0.8350610138566447,0.72,0.8588263012107342,12
51003,identity,0.25,8,0.8915287898816072,0.82,0.8785857683484481,12
51003,identity,0.25,9,0.8601568953620992,0.82,0.8689526805295098,12
51003,identity,0.25,10,0.8892669677786946,0.88,0.8958834128790245,12
51003,identity,0.25,11,0.9348112775034515,0.86,0.8980306814975657,12
51003,identity,0.5,0,0.6314778337697354,0.52,0.7468203796773757,25
51003,identity,0.5,1,0.7520117613014626,0.54,0.7631852419083068,25
51003,identity,0.5,2,0.6899833577291586,0.34,0.7264454783440195,25
51003,identity,0.5,3,0.6944562653372401,0.5,0.7448891240672328,25
51003,identity,0.5,4,0.6780003112169156,0.58,0.7468530067507189,25
51003,identity,0.5,5,0.6449638973095658,0.46,0.7416981341753557,25
51003,identity,0.5,6,0.7044989848309565,0.54,0.7504982162664162,25
51003,identity,0.5,7,0.6675094837248169,0.38,0.7141590480086745,25
51003,identity,0.5,8,0.7397527589707282,0.56,0.7424390792682151,25
51003,identity,0.5,9,0.7385725009485604,0.64,0.763372437978265,25
51003,identity,0.5,10,0.7229461715322159,0.54,0.7599890358927627,25
51003,identity,0.5,11,0.7018061394704249,0.46,0.7242149547746092,25
51003,identity,0.75,0,0.35440895317834775,0.06,0.6028641849743638,38
51003,identity,0.75,1,0.38530082864130255,0.14,0.6075844390620292,38
51003,identity,0.75,2,0.41933153177605875,0.1,0.633071042190491,38
51003,identity,0.75,3,0.4730328575462023,0.22,0.6698992166395884,38
51003,identity,0.75,4,0.3610899086428858,0.08,0.6106591065041759,38
51003,identity,0.75,5,0.3944433693863351,0.12,0.6109526591988059,38
51003,identity,0.75,6,0.3775644264417821,0.04,0.59325074167162,38
51003,identity,0.75,7,0.32164596230287,0.02,0.6057502851495422,38
51003,identity,0.75,8,0.38866620168860033,0.08,0.6097899099065588,38
51003,identity,0.75,9,0.35521011126628127,0.1,0.6196912082300252,38
51003,identity,0.75,10,0.3791314170278009,0.04,0.5948571771823707,38
51003,identity,0.75,11,0.4028157698387364,0.12,0.6382455687609166,38
51003,identity,0.9,0,0.3573227629277759,0.02,0.5884521018292507,45
51003,identity,0.9,1,0.3627889418122083,0.04,0.6273724808166569,45
51003,identity,0.9,2,0.3601951047850512,0.06,0.6367649316360913,45
51003,identity,0.9,3,0.40781006856721896,0.02,0.628372124369438,45
51003,identity,0.9,4,0.3909744494605942,0.06,0.6243960129153012,45
51003,identity,0.9,5,0.3050056258427507,0.02,0.622020469498551,45
51003,identity,0.9,6,0.3874981504865168,0.04,0.6351211651677187,45
51003,identity,0.9,7,0.34878067932011997,0.02,0.6224800313663639,45
51003,identity,0.9,8,0.3538854454220674,0.04,0.6061767173545243,45
51003,identity,0.9,9,0.37905301594193963,0.04,0.6177190643796784,45
51003,identity,0.9,10,0.37765331093086807,0.06,0.6249013684372553,45
51003,identity,0.9,11,0.30600535680642943,0.02,0.628626519168578,45
51004,normal,0.0,0,0.9332099080507222,0.52,1.0,0
51004,normal,0.0,1,0.9332099080507222,0.52,1.0,0
51004,normal,0.0,2,0.9332099080507222,0.52,1.0,0
51004,normal,0.0,3,0.9332099080507222,0.52,1.0,0
51004,normal,0.0,4,0.9332099080507222,0.52,1.0,0
51004,normal,0.0,5,0.9332099080507222,0.52,1.0,0
51004,normal,0.0,6,0.9332099080507222,0.52,1.0,0
51004,normal,0.0,7,0.9332099080507222,0.52,1.0,0
51004,normal,0.0,8,0.9332099080507222,0.52,1.0,0
51004,normal,0.0,9,0.9332099080507222,0.52,1.0,0
51004,normal,0.0,10,0.9332099080507222,0.52,1.0,0
51004,normal,0.0,11,0.9332099080507222,0.52,1.0,0
51004,normal,0.25,0,0.8448016147163466,0.26,0.7074255964640774,12
51004,normal,0.25,1,0.8285670423709516,0.28,0.675596007232658,12
51004,normal,0.25,2,0.8326296628618428,0.32,0.6713257888154766,12
51004,normal,0.25,3,0.8449105186004382,0.34,0.8028537857266491,12
51004,normal,0.25,4,0.8388885144862166,0.42,0.7531065265940642,12
51004,normal,0.25,5,0.8644993080581383,0.34,0.7391951761820063,12
51004,normal,0.25,6,0.7748342327144714,0.16,0.7152523601318042,12
51004,normal,0.25,7,0.8100088388022658,0.34,0.7207064306378119,12
51004,normal,0.25,8,0.8900621462854539,0.3,0.7662697160599289,12
51004,normal,0.25,9,0.7998044978435737,0.44,0.7470258774084578,12
51004,normal,0.25,10,0.8397165187286381,0.28,0.7455834811462491,12
51004,normal,0.25,11,0.80283603774147,0.48,0.7492609656401954,12
51004,normal,0.5,0,0.673115918876521,0.16,0.5239927596943944,25
51004,normal,0.5,1,0.5953485687265541,0.1,0.5541588821147599,25
51004,normal,0.5,2,0.6802776453550586,0.18,0.557757288770658,25
51004,normal,0.5,3,0.5957011795973218,0.08,0.5016068368004644,25
51004,normal,0.5,4,0.6472419904619606,0.26,0.5806973431340423,25
51004,normal,0.5,5,0.5859834212469088,0.16,0.47969827317792685,25
51004,normal,0.5,6,0.7014080383454417,0.22,0.5474287335517158,25
51004,normal,0.5,7,0.6372690481146449,0.22,0.6093245404062703,25
51004,normal,0.5,8,0.5054775153648856,0.12,0.5051766506816179,25
51004,normal,0.5,9,0.5382600112450135,0.04,0.5328322396119437,25
51004,normal,0.5,10,0.5404402539063216,0.08,0.46410169211472896,25
51004,normal,0.5,11,0.5114874070064578,0.1,0.51628243331884,25
51004,normal,0.75,0,0.5815582548839372,0.0,0.4688329247956336,38
51004,normal,0.75,1,0.457907241602712,0.06,0.3576201916104893,38
51004,normal,0.75,2,0.5480890155531306,0.02,0.37504867766072386,38
51004,normal,0.75,3,0.4257596635125753,0.06,0.3390574119961221,38
51004,normal,0.75,4,0.5048588465946972,0.08,0.3648980226668646,38
51004,normal,0.75,5,0.34235930933420167,0.0,0.30724770435728055,38
51004,normal,0.75,6,0.45537900910678425,0.04,0.40940307565475964,38
51004,normal,0.75,7,0.6086134910192587,0.06,0.432327156482444,38
51004,normal,0.75,8,0.41873310111322015,0.06,0.3897818231540079,38
51004,normal,0.75,9,0.4742431977421141,0.06,0.4307556303229901,38
51004,normal,0.75,10,0.540538372066319,0.06,0.4354400887026087,38
51004,normal,0.75,11,0.5152085503888268,0.06,0.3739713494124872,38
51004,normal,0.9,0,0.4262676876889882,0.02,0.4176870418934256,45
51004,normal,0.9,1,0.3588694552715635,0.02,0.35273896677875727,45
51004,normal,0.9,2,0.3701471858946985,0.04,0.35899541309255445,45
51004,normal,0.9,3,0.3579619574449222,0.04,0.4026194726044225,45
51004,normal,0.9,4,0.35636357616796205,0.02,0.2971721869949116,45
51004,normal,0.9,5,0.47539072989318754,0.08,0.39845609187955333,45
51004,normal,0.9,6,0.36685396249827,0.04,0.3809618775833972,45
51004,normal,0.9,7,0.3801984365691316,0.02,0.41505514814985056,45
51004,normal,0.9,8,0.37951000039389265,0.02,0.3164671125472463,45
51004,normal,0.9,9,0.3886369264181109,0.04,0.3457813432684425,45
51004,normal,0.9,10,0.3027733005185984,0.02,0.3291981129024277,45
51004,normal,0.9,11,0.41679890109258205,0.04,0.3641515619354388,45
51004,shuffled,0.0,0,0.9460094185717012,0.66,1.0,0
51004,shuffled,0.0,1,0.9460094185717012,0.66,1.0,0
51004,shuffled,0.0,2,0.9460094185717012,0.66,1.0,0
51004,shuffled,0.0,3,0.9460094185717012,0.66,1.0,0
51004,shuffled,0.0,4,0.9460094185717012,0.66,1.0,0
51004,shuffled,0.0,5,0.9460094185717012,0.66,1.0,0
51004,shuffled,0.0,6,0.9460094185717012,0.66,1.0,0
51004,shuffled,0.0,7,0.9460094185717012,0.66,1.0,0
51004,shuffled,0.0,8,0.9460094185717012,0.66,1.0,0
51004,shuffled,0.0,9,0.9460094185717012,0.66,1.0,0
51004,shuffled,0.0,10,0.9460094185717012,0.66,1.0,0
51004,shuffled,0.0,11,0.9460094185717012,0.66,1.0,0
51004,shuffled,0.25,0,0.7958089049385464,0.24,0.7738735934782109,12
51004,shuffled,0.25,1,0.8137041394243398,0.48,0.7344231984910227,12
51004,shuffled,0.25,2,0.8084425598300946,0.38,0.7135603251704606,12
51004,shuffled,0.25,3,0.7784652854852144,0.28,0.7305640263081189,12
51004,shuffled,0.25,4,0.7520896613881733,0.32,0.7280647629879575,12
51004,shuffled,0.25,5,0.701072979059044,0.3,0.7362113902903201,12
51004,shuffled,0.25,6,0.8472008980132008,0.4,0.7554979551604047,12
51004,shuffled,0.25,7,0.7734370550383777,0.26,0.7433187977217295,12
51004,shuffled,0.25,8,0.8620869384775294,0.36,0.7285931063320519,12
51004,shuffled,0.25,9,0.7922501164958207,0.32,0.7216335408289237,12
51004,shuffled,0.25,10,0.7563677815942359,0.32,0.7677600281313179,12
51004,shuffled,0.25,11,0.714374307837361,0.28,0.6960215645323865,12
51004,shuffled,0.5,0,0.6586822501509899,0.22,0.5665114484243644,25
51004,shuffled,0.5,1,0.6156302517170917,0.12,0.5220335267316384,25
51004,shuffled,0.5,2,0.48764752028245034,0.22,0.5047673833486288,25
51004,shuffled,0.5,3,0.5923012464424,0.18,0.5514590619482512,25
51004,shuffled,0.5,4,0.6748222741008141,0.22,0.5839467278683492,25
51004,shuffled,0.5,5,0.7400949116927817,0.2,0.5964649392550687,25
51004,shuffled,0.5,6,0.7503407502783009,0.16,0.5927494639890978,25
51004,shuffled,0.5,7,0.6253113601451801,0.12,0.5344374211391678,25
51004,shuffled,0.5,8,0.7459174856677265,0.2,0.6246479437143873,25
51004,shuffled,0.5,9,0.6633883964970742,0.16,0.5785816600974396,25
51004,shuffled,0.5,10,0.6463289690419242,0.26,0.5760275445344013,25
51004,shuffled,0.5,11,0.590003366859344,0.12,0.5512992181486144,25
51004,shuffled,0.75,0,0.5975640073765695,0.06,0.45119142690567654,38
51004,shuffled,0.75,1,0.5748304278669997,0.12,0.4622759304089006,38
51004,shuffled,0.75,2,0.4649956459791569,0.02,0.43210545009778095,38
51004,shuffled,0.75,3,0.27145786696500485,0.02,0.3153476896937738,38
51004,shuffled,0.75,4,0.5873752755700414,0.12,0.42538805626322984,38
51004,shuffled,0.75,5,0.4293780050342484,0.04,0.4153843283253304,38
51004,shuffled,0.75,6,0.479747664509294,0.08,0.38486440982915243,38
51004,shuffled,0.75,7,0.490363330879245,0.04,0.4383606178011524,38
51004,shuffled,0.75,8,0.5260126968472121,0.1,0.3849003080486721,38
51004,shuffled,0.75,9,0.5444613548537671,0.04,0.3586540966369451,38
51004,shuffled,0.75,10,0.44457786554113093,0.06,0.4167848922359169,38
51004,shuffled,0.75,11,0.5050801704971655,0.08,0.4040193403080331,38
51004,shuffled,0.9,0,0.38128118355400803,0.0,0.3999424417431384,45
51004,shuffled,0.9,1,0.3216275689909125,0.04,0.39962036595019784,45
51004,shuffled,0.9,2,0.4968248916817623,0.06,0.3718984520467404,45
51004,shuffled,0.9,3,0.38394392980919884,0.06,0.39048696826600526,45
51004,shuffled,0.9,4,0.3749550133901417,0.02,0.3811914272239495,45
51004,shuffled,0.9,5,0.45074432774730744,0.08,0.34712744099810167,45
51004,shuffled,0.9,6,0.4009084714984805,0.04,0.37182724269484607,45
51004,shuffled,0.9,7,0.39104128510735003,0.02,0.41652707453469007,45
51004,shuffled,0.9,8,0.4087925581239355,0.02,0.3874711981163799,45
51004,shuffled,0.9,9,0.3429542878676116,0.04,0.34953821813309516,45
51004,shuffled,0.9,10,0.5102503945139586,0.04,0.42565996681965573,45
51004,shuffled,0.9,11,0.3817269955281024,0.02,0.3894646084599083,45
51004,dense,0.0,0,0.262855676082813,0.02,0.9999999999999999,0
51004,dense,0.0,1,0.262855676082813,0.02,0.9999999999999999,0
51004,dense,0.0,2,0.262855676082813,0.02,0.9999999999999999,0
51004,dense,0.0,3,0.262855676082813,0.02,0.9999999999999999,0
51004,dense,0.0,4,0.262855676082813,0.02,0.9999999999999999,0
51004,dense,0.0,5,0.262855676082813,0.02,0.9999999999999999,0
51004,dense,0.0,6,0.262855676082813,0.02,0.9999999999999999,0
51004,dense,0.0,7,0.262855676082813,0.02,0.9999999999999999,0
51004,dense,0.0,8,0.262855676082813,0.02,0.9999999999999999,0
51004,dense,0.0,9,0.262855676082813,0.02,0.9999999999999999,0
51004,dense,0.0,10,0.262855676082813,0.02,0.9999999999999999,0
51004,dense,0.0,11,0.262855676082813,0.02,0.9999999999999999,0
51004,dense,0.25,0,0.262855676082813,0.02,0.9999999999999999,12
51004,dense,0.25,1,0.262855676082813,0.02,0.9999999999999999,12
51004,dense,0.25,2,0.262855676082813,0.02,0.9999999999999999,12
51004,dense,0.25,3,0.262855676082813,0.02,0.9999999999999999,12
51004,dense,0.25,4,0.262855676082813,0.02,0.9999999999999999,12
51004,dense,0.25,5,0.262855676082813,0.02,0.9999999999999999,12
51004,dense,0.25,6,0.262855676082813,0.02,0.9999999999999999,12
51004,dense,0.25,7,0.262855676082813,0.02,0.9999999999999999,12
51004,dense,0.25,8,0.262855676082813,0.02,0.9999999999999999,12
51004,dense,0.25,9,0.262855676082813,0.02,0.9999999999999999,12
51004,dense,0.25,10,0.262855676082813,0.02,0.9999999999999999,12
51004,dense,0.25,11,0.262855676082813,0.02,0.9999999999999999,12
51004,dense,0.5,0,0.262855676082813,0.02,0.9999999999999999,25
51004,dense,0.5,1,0.262855676082813,0.02,0.9999999999999999,25
51004,dense,0.5,2,0.262855676082813,0.02,0.9999999999999999,25
51004,dense,0.5,3,0.262855676082813,0.02,0.9999999999999999,25
51004,dense,0.5,4,0.262855676082813,0.02,0.9999999999999999,25
51004,dense,0.5,5,0.262855676082813,0.02,0.9999999999999999,25
51004,dense,0.5,6,0.262855676082813,0.02,0.9999999999999999,25
51004,dense,0.5,7,0.262855676082813,0.02,0.9999999999999999,25
51004,dense,0.5,8,0.262855676082813,0.02,0.9999999999999999,25
51004,dense,0.5,9,0.262855676082813,0.02,0.9999999999999999,25
51004,dense,0.5,10,0.262855676082813,0.02,0.9999999999999999,25
51004,dense,0.5,11,0.262855676082813,0.02,0.9999999999999999,25
51004,dense,0.75,0,0.262855676082813,0.02,0.9999999999999999,38
51004,dense,0.75,1,0.262855676082813,0.02,0.9999999999999999,38
51004,dense,0.75,2,0.262855676082813,0.02,0.9999999999999999,38
51004,dense,0.75,3,0.262855676082813,0.02,0.9999999999999999,38
51004,dense,0.75,4,0.262855676082813,0.02,0.9999999999999999,38
51004,dense,0.75,5,0.262855676082813,0.02,0.9999999999999999,38
51004,dense,0.75,6,0.262855676082813,0.02,0.9999999999999999,38
51004,dense,0.75,7,0.262855676082813,0.02,0.9999999999999999,38
51004,dense,0.75,8,0.262855676082813,0.02,0.9999999999999999,38
51004,dense,0.75,9,0.262855676082813,0.02,0.9999999999999999,38
51004,dense,0.75,10,0.262855676082813,0.02,0.9999999999999999,38
51004,dense,0.75,11,0.262855676082813,0.02,0.9999999999999999,38
51004,dense,0.9,0,0.262855676082813,0.02,0.9999999999999999,45
51004,dense,0.9,1,0.262855676082813,0.02,0.9999999999999999,45
51004,dense,0.9,2,0.262855676082813,0.02,0.9999999999999999,45
51004,dense,0.9,3,0.262855676082813,0.02,0.9999999999999999,45
51004,dense,0.9,4,0.262855676082813,0.02,0.9999999999999999,45
51004,dense,0.9,5,0.262855676082813,0.02,0.9999999999999999,45
51004,dense,0.9,6,0.262855676082813,0.02,0.9999999999999999,45
51004,dense,0.9,7,0.262855676082813,0.02,0.9999999999999999,45
51004,dense,0.9,8,0.262855676082813,0.02,0.9999999999999999,45
51004,dense,0.9,9,0.262855676082813,0.02,0.9999999999999999,45
51004,dense,0.9,10,0.262855676082813,0.02,0.9999999999999999,45
51004,dense,0.9,11,0.262855676082813,0.02,0.9999999999999999,45
51004,identity,0.0,0,0.9473889145578634,0.86,1.0,0
51004,identity,0.0,1,0.9473889145578634,0.86,1.0,0
51004,identity,0.0,2,0.9473889145578634,0.86,1.0,0
51004,identity,0.0,3,0.9473889145578634,0.86,1.0,0
51004,identity,0.0,4,0.9473889145578634,0.86,1.0,0
51004,identity,0.0,5,0.9473889145578634,0.86,1.0,0
51004,identity,0.0,6,0.9473889145578634,0.86,1.0,0
51004,identity,0.0,7,0.9473889145578634,0.86,1.0,0
51004,identity,0.0,8,0.9473889145578634,0.86,1.0,0
51004,identity,0.0,9,0.9473889145578634,0.86,1.0,0
51004,identity,0.0,10,0.9473889145578634,0.86,1.0,0
51004,identity,0.0,11,0.9473889145578634,0.86,1.0,0
51004,identity,0.25,0,0.8961627131819274,0.7,0.8914501745333284,12
51004,identity,0.25,1,0.8826784548896598,0.62,0.904365058061725,12
51004,identity,0.25,2,0.9242125292346581,0.74,0.8991833839910968,12
51004,identity,0.25,3,0.7971347139900411,0.5,0.876195730038405,12
51004,identity,0.25,4,0.8334420033749156,0.66,0.8762025204457384,12
51004,identity,0.25,5,0.8828222019529433,0.78,0.8823178609358281,12
51004,identity,0.25,6,0.8555629931814487,0.58,0.8887174100081411,12
51004,identity,0.25,7,0.8629868036005456,0.58,0.9019110578667008,12
51004,identity,0.25,8,0.8681334747480696,0.68,0.879808829735498,12
51004,identity,0.25,9,0.8605848086869881,0.62,0.896659264732851,12
51004,identity,0.25,10,0.8692782138630778,0.6,0.8858872546631712,12
51004,identity,0.25,11,0.8404693592201353,0.66,0.8890355980047715,12
51004,identity,0.5,0,0.6976000726668227,0.22,0.7409320691025996,25
51004,identity,0.5,1,0.6428705250661596,0.3,0.7394916913995564,25
51004,identity,0.5,2,0.6635254939451091,0.32,0.7164740174984687,25
51004,identity,0.5,3,0.55651913509984,0.2,0.7335676305185064,25
51004,identity,0.5,4,0.5936981056095214,0.34,0.7275085162725474,25
51004,identity,0.5,5,0.7118443681951573,0.3,0.7580015840251864,25
51004,identity,0.5,6,0.6176156015917732,0.1,0.7348781932577712,25
51004,identity,0.5,7,0.5628414077927196,0.22,0.7482978998400326,25
51004,identity,0.5,8,0.6558562779555537,0.16,0.7281728503979931,25
51004,identity,0.5,9,0.6989378043098398,0.36,0.7496666345748956,25
51004,identity,0.5,10,0.6589047255957547,0.2,0.7514833607838147,25
51004,identity,0.5,11,0.6414205408037891,0.26,0.7449019244887859,25
51004,identity,0.75,0,0.42686076881951945,0.02,0.5955942533007427,38
51004,identity,0.75,1,0.4548303913435451,0.08,0.5859176646755072,38
51004,identity,0.75,2,0.43308934624049245,0.02,0.6293764677330241,38
51004,identity,0.75,3,0.4243670262138676,0.06,0.5899223397262554,38
51004,identity,0.75,4,0.417483505593884,0.04,0.6075559957661231,38
51004,identity,0.75,5,0.4055662863294544,0.06,0.5956764605679635,38
51004,identity,0.75,6,0.4672962497074066,0.06,0.6370281455996989,38
51004,identity,0.75,7,0.4308813226704369,0.04,0.5838201424681511,38
51004,identity,0.75,8,0.4277780383557194,0.04,0.5920123984418965,38
51004,identity,0.75,9,0.4122574681506357,0.06,0.6142689784813341,38
51004,identity,0.75,10,0.4261655155425641,0.12,0.620883800760814,38
51004,identity,0.75,11,0.44714905404999333,0.08,0.6413461318074364,38
51004,identity,0.9,0,0.36037823575495465,0.02,0.6355051080765091,45
51004,identity,0.9,1,0.3909986483700239,0.06,0.6401287059315541,45
51004,identity,0.9,2,0.3839482979401685,0.02,0.638605642333385,45
51004,identity,0.9,3,0.37862603011450774,0.02,0.6390326161841002,45
51004,identity,0.9,4,0.3755916360200288,0.02,0.6337188176504953,45
51004,identity,0.9,5,0.39744737376352857,0.02,0.6241917145967488,45
51004,identity,0.9,6,0.36870950057715013,0.02,0.6302192225581355,45
51004,identity,0.9,7,0.39057088432760695,0.04,0.6187985599576277,45
51004,identity,0.9,8,0.3650386425546791,0.02,0.6274545076117581,45
51004,identity,0.9,9,0.40627674228035204,0.04,0.6067545679537091,45
51004,identity,0.9,10,0.3924859669442,0.02,0.6266839280365349,45
51004,identity,0.9,11,0.3758952836860548,0.02,0.6309114712953109,45
51005,normal,0.0,0,0.954435613494377,0.66,1.0,0
51005,normal,0.0,1,0.954435613494377,0.66,1.0,0
51005,normal,0.0,2,0.954435613494377,0.66,1.0,0
51005,normal,0.0,3,0.954435613494377,0.66,1.0,0
51005,normal,0.0,4,0.954435613494377,0.66,1.0,0
51005,normal,0.0,5,0.954435613494377,0.66,1.0,0
51005,normal,0.0,6,0.954435613494377,0.66,1.0,0
51005,normal,0.0,7,0.954435613494377,0.66,1.0,0
51005,normal,0.0,8,0.954435613494377,0.66,1.0,0
51005,normal,0.0,9,0.954435613494377,0.66,1.0,0
51005,normal,0.0,10,0.954435613494377,0.66,1.0,0
51005,normal,0.0,11,0.954435613494377,0.66,1.0,0
51005,normal,0.25,0,0.8183128549893123,0.24,0.6691670193881251,12
51005,normal,0.25,1,0.8408376465861005,0.42,0.6561363961532243,12
51005,normal,0.25,2,0.8102374449016034,0.32,0.6897762060428977,12
51005,normal,0.25,3,0.8009675595171794,0.36,0.7034725949212175,12
51005,normal,0.25,4,0.7095604987751983,0.32,0.6083281634860057,12
51005,normal,0.25,5,0.7673818071629536,0.34,0.6413265514742753,12
51005,normal,0.25,6,0.858257941994564,0.32,0.7288839405328883,12
51005,normal,0.25,7,0.7728210000968894,0.26,0.6812689106376894,12
51005,normal,0.25,8,0.8765628767938203,0.3,0.7008739051017884,12
51005,normal,0.25,9,0.8380205472484222,0.34,0.6709487365144213,12
51005,normal,0.25,10,0.8758683299740779,0.3,0.7428404993526331,12
51005,normal,0.25,11,0.7638312898344392,0.38,0.713629004088573,12
51005,normal,0.5,0,0.6392927613875026,0.08,0.5107957823097314,25
51005,normal,0.5,1,0.6198808572983132,0.08,0.4703697443223129,25
51005,normal,0.5,2,0.7461162097140249,0.24,0.5918823495227877,25
51005,normal,0.5,3,0.7165580804497234,0.22,0.5183039325246461,25
51005,normal,0.5,4,0.639983138915789,0.18,0.4980360762380881,25
51005,normal,0.5,5,0.592575214964618,0.16,0.4869945094275755,25
51005,normal,0.5,6,0.45478602539177454,0.14,0.44265848951255704,25
51005,normal,0.5,7,0.6843983579309867,0.22,0.538305843487682,25
51005,normal,0.5,8,0.7896985150246758,0.2,0.5392146912622844,25
51005,normal,0.5,9,0.7243837584327625,0.26,0.5572358028956892,25
51005,normal,0.5,10,0.6400786191987787,0.18,0.5858900064668144,25
51005,normal,0.5,11,0.6062706198485188,0.16,0.5578056365894029,25
51005,normal,0.75,0,0.5124158854985597,0.08,0.35459342994967874,38
51005,normal,0.75,1,0.49705872397501616,0.14,0.4158532388438661,38
51005,normal,0.75,2,0.5604484961484696,0.08,0.44771163666008684,38
51005,normal,0.75,3,0.3652866105961138,0.1,0.39950930255416944,38
51005,normal,0.75,4,0.45741645417563054,0.0,0.3968261651554841,38
51005,normal,0.75,5,0.49446925509208695,0.06,0.3905681873867414,38
51005,normal,0.75,6,0.496090903517302,0.08,0.41468893320853817,38
51005,normal,0.75,7,0.494002325808801,0.1,0.4838775947244024,38
51005,normal,0.75,8,0.5774385411560836,0.12,0.4525089467102675,38
51005,normal,0.75,9,0.5058524460814349,0.12,0.43821521860955637,38
51005,normal,0.75,10,0.4256929825381793,0.06,0.43362992356244456,38
51005,normal,0.75,11,0.4985929745303161,0.06,0.36765266786784706,38
51005,normal,0.9,0,0.4407350550949698,0.08,0.38626581138124727,45
51005,normal,0.9,1,0.23966527629290116,0.04,0.3350077393671914,45
51005,normal,0.9,2,0.4269349284579853,0.02,0.37595996731707326,45
51005,normal,0.9,3,0.37289865832397856,0.04,0.36724559040309984,45
51005,normal,0.9,4,0.41618955584146305,0.08,0.3891961181710596,45
51005,normal,0.9,5,0.34351159948699156,0.04,0.3321782375451396,45
51005,normal,0.9,6,0.3349926653205538,0.06,0.3182214717295892,45
51005,normal,0.9,7,0.3192304854314199,0.04,0.3723720481371815,45
51005,normal,0.9,8,0.3562432253203122,0.04,0.3896188541879021,45
51005,normal,0.9,9,0.3571873749989997,0.06,0.3529557402746816,45
51005,normal,0.9,10,0.33069914776948584,0.02,0.40813166466236445,45
51005,normal,0.9,11,0.3305920814898819,0.04,0.37981741255580503,45
51005,shuffled,0.0,0,0.9505566580156128,0.76,1.0,0
51005,shuffled,0.0,1,0.9505566580156128,0.76,1.0,0
51005,shuffled,0.0,2,0.9505566580156128,0.76,1.0,0
51005,shuffled,0.0,3,0.9505566580156128,0.76,1.0,0
51005,shuffled,0.0,4,0.9505566580156128,0.76,1.0,0
51005,shuffled,0.0,5,0.9505566580156128,0.76,1.0,0
51005,shuffled,0.0,6,0.9505566580156128,0.76,1.0,0
51005,shuffled,0.0,7,0.9505566580156128,0.76,1.0,0
51005,shuffled,0.0,8,0.9505566580156128,0.76,1.0,0
51005,shuffled,0.0,9,0.9505566580156128,0.76,1.0,0
51005,shuffled,0.0,10,0.9505566580156128,0.76,1.0,0
51005,shuffled,0.0,11,0.9505566580156128,0.76,1.0,0
51005,shuffled,0.25,0,0.8328044759344462,0.4,0.6919203314644428,12
51005,shuffled,0.25,1,0.8365126291039986,0.48,0.6949519413535694,12
51005,shuffled,0.25,2,0.8129227530365045,0.46,0.712822904519497,12
51005,shuffled,0.25,3,0.8548520507875247,0.42,0.6809828732602214,12
51005,shuffled,0.25,4,0.8536333905148987,0.38,0.7241466359873938,12
51005,shuffled,0.25,5,0.8043681967199771,0.28,0.6636606368622328,12
51005,shuffled,0.25,6,0.8709826076266682,0.5,0.7294355672479753,12
51005,shuffled,0.25,7,0.8316729600602875,0.34,0.7180736171526102,12
51005,shuffled,0.25,8,0.8610110030805767,0.46,0.7739742604705993,12
51005,shuffled,0.25,9,0.8492141108354673,0.3,0.7346689507353122,12
51005,shuffled,0.25,10,0.8367775323454747,0.46,0.659197025049205,12
51005,shuffled,0.25,11,0.7251368005398294,0.28,0.6163415133577362,12
51005,shuffled,0.5,0,0.7384916359811696,0.16,0.49230932161384544,25
51005,shuffled,0.5,1,0.6850107035635092,0.28,0.553360311729397,25
51005,shuffled,0.5,2,0.5727009925749148,0.1,0.4526189026720271,25
51005,shuffled,0.5,3,0.8171481570808719,0.26,0.5199113719211343,25
51005,shuffled,0.5,4,0.5955504010917023,0.1,0.407098372738612,25
51005,shuffled,0.5,5,0.6929091649126643,0.24,0.550554367755457,25
51005,shuffled,0.5,6,0.6328318550029244,0.16,0.4886588105797935,25
51005,shuffled,0.5,7,0.7484507540921882,0.24,0.5949387730239077,25
51005,shuffled,0.5,8,0.6423168929432912,0.16,0.5041857161790122,25
51005,shuffled,0.5,9,0.7689584796087432,0.22,0.502442150496679,25
51005,shuffled,0.5,10,0.6844205352314383,0.18,0.5610961397485437,25
51005,shuffled,0.5,11,0.6588352861037741,0.2,0.5923860478176598,25
51005,shuffled,0.75,0,0.44071906121821003,0.1,0.4032889123732126,38
51005,shuffled,0.75,1,0.4753222079670696,0.1,0.470576914319863,38
51005,shuffled,0.75,2,0.3808056713473274,0.04,0.43543764650061745,38
51005,shuffled,0.75,3,0.6610401679453308,0.16,0.460161282617499,38
51005,shuffled,0.75,4,0.6482359186922863,0.14,0.42947478907443104,38
51005,shuffled,0.75,5,0.4370958769744414,0.06,0.3787695568031713,38
51005,shuffled,0.75,6,0.4574049315063097,0.06,0.3564171793477019,38
51005,shuffled,0.75,7,0.5571569517757786,0.06,0.43122328493259166,38
51005,shuffled,0.75,8,0.5265368965166948,0.02,0.4160317757543664,38
51005,shuffled,0.75,9,0.4475531634268733,0.04,0.47727622484885723,38
51005,shuffled,0.75,10,0.49546932738752153,0.06,0.4604141024652821,38
51005,shuffled,0.75,11,0.28527804957031355,0.04,0.41516074991593493,38
51005,shuffled,0.9,0,0.3731092664878994,0.04,0.36048223181203054,45
51005,shuffled,0.9,1,0.36336552055323884,0.06,0.4158842106893587,45
51005,shuffled,0.9,2,0.40290099260570905,0.1,0.3822276156783185,45
51005,shuffled,0.9,3,0.2453406173689533,0.02,0.31049871459523165,45
51005,shuffled,0.9,4,0.40087563467214965,0.06,0.4078420830094227,45
51005,shuffled,0.9,5,0.3376723684619442,0.04,0.31805833362630315,45
51005,shuffled,0.9,6,0.341823524195719,0.02,0.3755386731878416,45
51005,shuffled,0.9,7,0.41947600807065255,0.06,0.37224173292740226,45
51005,shuffled,0.9,8,0.3122875087430048,0.08,0.42844534802220885,45
51005,shuffled,0.9,9,0.3712924972597938,0.02,0.40387111154577293,45
51005,shuffled,0.9,10,0.3019312940886446,0.02,0.34242118748468164,45
51005,shuffled,0.9,11,0.3826971483815003,0.02,0.42130005890302175,45
51005,dense,0.0,0,0.26781525022725833,0.02,0.9999999999999999,0
51005,dense,0.0,1,0.26781525022725833,0.02,0.9999999999999999,0
51005,dense,0.0,2,0.26781525022725833,0.02,0.9999999999999999,0
51005,dense,0.0,3,0.26781525022725833,0.02,0.9999999999999999,0
51005,dense,0.0,4,0.26781525022725833,0.02,0.9999999999999999,0
51005,dense,0.0,5,0.26781525022725833,0.02,0.9999999999999999,0
51005,dense,0.0,6,0.26781525022725833,0.02,0.9999999999999999,0
51005,dense,0.0,7,0.26781525022725833,0.02,0.9999999999999999,0
51005,dense,0.0,8,0.26781525022725833,0.02,0.9999999999999999,0
51005,dense,0.0,9,0.26781525022725833,0.02,0.9999999999999999,0
51005,dense,0.0,10,0.26781525022725833,0.02,0.9999999999999999,0
51005,dense,0.0,11,0.26781525022725833,0.02,0.9999999999999999,0
51005,dense,0.25,0,0.26781525022725833,0.02,0.9999999999999999,12
51005,dense,0.25,1,0.26781525022725833,0.02,0.9999999999999999,12
51005,dense,0.25,2,0.26781525022725833,0.02,0.9999999999999999,12
51005,dense,0.25,3,0.26781525022725833,0.02,0.9999999999999999,12
51005,dense,0.25,4,0.26781525022725833,0.02,0.9999999999999999,12
51005,dense,0.25,5,0.26781525022725833,0.02,0.9999999999999999,12
51005,dense,0.25,6,0.26781525022725833,0.02,0.9999999999999999,12
51005,dense,0.25,7,0.26781525022725833,0.02,0.9999999999999999,12
51005,dense,0.25,8,0.26781525022725833,0.02,0.9999999999999999,12
51005,dense,0.25,9,0.26781525022725833,0.02,0.9999999999999999,12
51005,dense,0.25,10,0.26781525022725833,0.02,0.9999999999999999,12
51005,dense,0.25,11,0.26781525022725833,0.02,0.9999999999999999,12
51005,dense,0.5,0,0.26781525022725833,0.02,0.9999999999999999,25
51005,dense,0.5,1,0.26781525022725833,0.02,0.9999999999999999,25
51005,dense,0.5,2,0.26781525022725833,0.02,0.9999999999999999,25
51005,dense,0.5,3,0.26781525022725833,0.02,0.9999999999999999,25
51005,dense,0.5,4,0.26781525022725833,0.02,0.9999999999999999,25
51005,dense,0.5,5,0.26781525022725833,0.02,0.9999999999999999,25
51005,dense,0.5,6,0.26781525022725833,0.02,0.9999999999999999,25
51005,dense,0.5,7,0.26781525022725833,0.02,0.9999999999999999,25
51005,dense,0.5,8,0.26781525022725833,0.02,0.9999999999999999,25
51005,dense,0.5,9,0.26781525022725833,0.02,0.9999999999999999,25
51005,dense,0.5,10,0.26781525022725833,0.02,0.9999999999999999,25
51005,dense,0.5,11,0.26781525022725833,0.02,0.9999999999999999,25
51005,dense,0.75,0,0.26781525022725833,0.02,0.9999999999999999,38
51005,dense,0.75,1,0.26781525022725833,0.02,0.9999999999999999,38
51005,dense,0.75,2,0.26781525022725833,0.02,0.9999999999999999,38
51005,dense,0.75,3,0.26781525022725833,0.02,0.9999999999999999,38
51005,dense,0.75,4,0.26781525022725833,0.02,0.9999999999999999,38
51005,dense,0.75,5,0.26781525022725833,0.02,0.9999999999999999,38
51005,dense,0.75,6,0.26781525022725833,0.02,0.9999999999999999,38
51005,dense,0.75,7,0.26781525022725833,0.02,0.9999999999999999,38
51005,dense,0.75,8,0.26781525022725833,0.02,0.9999999999999999,38
51005,dense,0.75,9,0.26781525022725833,0.02,0.9999999999999999,38
51005,dense,0.75,10,0.26781525022725833,0.02,0.9999999999999999,38
51005,dense,0.75,11,0.26781525022725833,0.02,0.9999999999999999,38
51005,dense,0.9,0,0.26781525022725833,0.02,0.9999999999999999,45
51005,dense,0.9,1,0.26781525022725833,0.02,0.9999999999999999,45
51005,dense,0.9,2,0.26781525022725833,0.02,0.9999999999999999,45
51005,dense,0.9,3,0.26781525022725833,0.02,0.9999999999999999,45
51005,dense,0.9,4,0.26781525022725833,0.02,0.9999999999999999,45
51005,dense,0.9,5,0.26781525022725833,0.02,0.9999999999999999,45
51005,dense,0.9,6,0.26781525022725833,0.02,0.9999999999999999,45
51005,dense,0.9,7,0.26781525022725833,0.02,0.9999999999999999,45
51005,dense,0.9,8,0.26781525022725833,0.02,0.9999999999999999,45
51005,dense,0.9,9,0.26781525022725833,0.02,0.9999999999999999,45
51005,dense,0.9,10,0.26781525022725833,0.02,0.9999999999999999,45
51005,dense,0.9,11,0.26781525022725833,0.02,0.9999999999999999,45
51005,identity,0.0,0,0.9892052216753158,0.96,1.0,0
51005,identity,0.0,1,0.9892052216753158,0.96,1.0,0
51005,identity,0.0,2,0.9892052216753158,0.96,1.0,0
51005,identity,0.0,3,0.9892052216753158,0.96,1.0,0
51005,identity,0.0,4,0.9892052216753158,0.96,1.0,0
51005,identity,0.0,5,0.9892052216753158,0.96,1.0,0
51005,identity,0.0,6,0.9892052216753158,0.96,1.0,0
51005,identity,0.0,7,0.9892052216753158,0.96,1.0,0
51005,identity,0.0,8,0.9892052216753158,0.96,1.0,0
51005,identity,0.0,9,0.9892052216753158,0.96,1.0,0
51005,identity,0.0,10,0.9892052216753158,0.96,1.0,0
51005,identity,0.0,11,0.9892052216753158,0.96,1.0,0
51005,identity,0.25,0,0.913848733894412,0.8,0.8835594095871747,12
51005,identity,0.25,1,0.916831725364549,0.8,0.8773624673522086,12
51005,identity,0.25,2,0.922745346115984,0.88,0.887505468363438,12
51005,identity,0.25,3,0.9096644386830018,0.74,0.8811449431033965,12
51005,identity,0.25,4,0.8771020189998615,0.72,0.8719854766181203,12
51005,identity,0.25,5,0.8683514216360279,0.62,0.8690115639539846,12
51005,identity,0.25,6,0.951736147797342,0.88,0.8905376904113939,12
51005,identity,0.25,7,0.9238129395093145,0.76,0.8900542822904085,12
51005,identity,0.25,8,0.947308806436703,0.82,0.8928471790208115,12
51005,identity,0.25,9,0.9310212019812509,0.8,0.8830016546446791,12
51005,identity,0.25,10,0.9285785161200195,0.72,0.8991028433246028,12
51005,identity,0.25,11,0.9414454098119865,0.86,0.8893480620261675,12
51005,identity,0.5,0,0.8361176709780962,0.46,0.7645327698453172,25
51005,identity,0.5,1,0.8250558950368696,0.44,0.7490982004601662,25
51005,identity,0.5,2,0.7864186482926081,0.24,0.7478310175565981,25
51005,identity,0.5,3,0.7024145444469173,0.32,0.7214375208882867,25
51005,identity,0.5,4,0.8114636224469742,0.6,0.7528394839277176,25
51005,identity,0.5,5,0.8022621502989472,0.48,0.7639278020305929,25
51005,identity,0.5,6,0.7127865183662532,0.36,0.7352387757526596,25
51005,identity,0.5,7,0.7897540955874683,0.32,0.7494840121304791,25
51005,identity,0.5,8,0.8459884603443649,0.46,0.7633094153771834,25
51005,identity,0.5,9,0.7346814870173172,0.34,0.7273708133947623,25
51005,identity,0.5,10,0.7917374538488897,0.46,0.7489470945288424,25
51005,identity,0.5,11,0.7798592626153293,0.46,0.7432205112171197,25
51005,identity,0.75,0,0.619727197548932,0.2,0.6426440061135028,38
51005,identity,0.75,1,0.51122369035043,0.1,0.644169719850035,38
51005,identity,0.75,2,0.4975746861428766,0.12,0.610194970573447,38
51005,identity,0.75,3,0.43308330183287574,0.1,0.6581991963044871,38
51005,identity,0.75,4,0.6082381521109914,0.18,0.6430568024852304,38
51005,identity,0.75,5,0.39007566753594214,0.06,0.6302800430571796,38
51005,identity,0.75,6,0.42715796967406283,0.2,0.6227198067962779,38
51005,identity,0.75,7,0.5477279449294952,0.12,0.5941539525421483,38
51005,identity,0.75,8,0.6139281955559099,0.24,0.6476482021031059,38
51005,identity,0.75,9,0.5524314323902807,0.08,0.6331869891223865,38
51005,identity,0.75,10,0.5347420602831623,0.18,0.6481368387312534,38
51005,identity,0.75,11,0.5848146055311481,0.06,0.5844101244712081,38
51005,identity,0.9,0,0.39296494147594013,0.06,0.6072224375402773,45
51005,identity,0.9,1,0.32795104200968445,0.04,0.6269171339991562,45
51005,identity,0.9,2,0.32036993350234966,0.02,0.6424643028430016,45
51005,identity,0.9,3,0.3543126907348519,0.04,0.6315099545895878,45
51005,identity,0.9,4,0.3171895288711075,0.02,0.6306554538246503,45
51005,identity,0.9,5,0.3493878440088289,0.04,0.6281833907831336,45
51005,identity,0.9,6,0.451268656834967,0.08,0.5904677117941517,45
51005,identity,0.9,7,0.32781437087099624,0.04,0.6384216680388077,45
51005,identity,0.9,8,0.34898903959283134,0.04,0.6120836789235481,45
51005,identity,0.9,9,0.32367170501235365,0.04,0.635259605300417,45
51005,identity,0.9,10,0.31821882267143325,0.02,0.6282698167805444,45
51005,identity,0.9,11,0.3136434561881766,0.02,0.6365712382406583,45
51006,normal,0.0,0,0.9369560527086378,0.6,1.0,0
51006,normal,0.0,1,0.9369560527086378,0.6,1.0,0
51006,normal,0.0,2,0.9369560527086378,0.6,1.0,0
51006,normal,0.0,3,0.9369560527086378,0.6,1.0,0
51006,normal,0.0,4,0.9369560527086378,0.6,1.0,0
51006,normal,0.0,5,0.9369560527086378,0.6,1.0,0
51006,normal,0.0,6,0.9369560527086378,0.6,1.0,0
51006,normal,0.0,7,0.9369560527086378,0.6,1.0,0
51006,normal,0.0,8,0.9369560527086378,0.6,1.0,0
51006,normal,0.0,9,0.9369560527086378,0.6,1.0,0
51006,normal,0.0,10,0.9369560527086378,0.6,1.0,0
51006,normal,0.0,11,0.9369560527086378,0.6,1.0,0
51006,normal,0.25,0,0.8204307887733572,0.34,0.6739926415756199,12
51006,normal,0.25,1,0.8771597393398762,0.48,0.7471550896257341,12
51006,normal,0.25,2,0.777718320498115,0.26,0.7118066699042055,12
51006,normal,0.25,3,0.7948258149845063,0.22,0.6901759291364559,12
51006,normal,0.25,4,0.8288904158629812,0.3,0.7225876991854087,12
51006,normal,0.25,5,0.8151041345646552,0.4,0.6955735117672671,12
51006,normal,0.25,6,0.8247347119684786,0.3,0.6886958202653949,12
51006,normal,0.25,7,0.8315876967830161,0.42,0.759570837977267,12
51006,normal,0.25,8,0.8035997112232084,0.4,0.7746304419577354,12
51006,normal,0.25,9,0.8527587170911443,0.44,0.7786763932823273,12
51006,normal,0.25,10,0.8076705067916538,0.38,0.7888404944730533,12
51006,normal,0.25,11,0.7879609089486395,0.24,0.7326352048022897,12
51006,normal,0.5,0,0.6170769612399871,0.02,0.5238556094381865,25
51006,normal,0.5,1,0.690433536263063,0.22,0.610630933810984,25
51006,normal,0.5,2,0.562370614441393,0.06,0.5362366753529872,25
51006,normal,0.5,3,0.6472996833199628,0.12,0.4270450861094757,25
51006,normal,0.5,4,0.5725170027996213,0.14,0.5958174319855126,25
51006,normal,0.5,5,0.6423100243657069,0.18,0.5096189025585782,25
51006,normal,0.5,6,0.7361091632811926,0.3,0.5459825185420866,25
51006,normal,0.5,7,0.6406436862186442,0.12,0.5294119830898787,25
51006,normal,0.5,8,0.6958870116031032,0.14,0.5251115589376678,25
51006,normal,0.5,9,0.6663108380276583,0.2,0.5300342785847367,25
51006,normal,0.5,10,0.5780702460513165,0.12,0.49414450879342126,25
51006,normal,0.5,11,0.6668652826537886,0.3,0.5802860783489199,25
51006,normal,0.75,0,0.5903281512941381,0.08,0.471477357571832,38
51006,normal,0.75,1,0.31059516155190936,0.04,0.26904655142964673,38
51006,normal,0.75,2,0.4730438281795425,0.06,0.2997621457137896,38
51006,normal,0.75,3,0.5240519190008363,0.12,0.33495630792707315,38
51006,normal,0.75,4,0.5957406619544571,0.12,0.4104671590203124,38
51006,normal,0.75,5,0.42729556145949393,0.06,0.41740609745549023,38
51006,normal,0.75,6,0.5421399413765979,0.12,0.48711574082808895,38
51006,normal,0.75,7,0.46304912719004565,0.06,0.316972672886111,38
51006,normal,0.75,8,0.5498270405240807,0.1,0.5061352833233633,38
51006,normal,0.75,9,0.2911459477593016,0.04,0.4451473067852736,38
51006,normal,0.75,10,0.384163582832915,0.06,0.48087111443099706,38
51006,normal,0.75,11,0.3967265959073174,0.08,0.3937160731124525,38
51006,normal,0.9,0,0.31995146561971405,0.04,0.3818431552721322,45
51006,normal,0.9,1,0.3303191200258231,0.04,0.32109141413028586,45
51006,normal,0.9,2,0.31279480737055404,0.0,0.3948696295306721,45
51006,normal,0.9,3,0.23362097481540292,0.0,0.298502810101645,45
51006,normal,0.9,4,0.38950697200156426,0.02,0.45760864914551574,45
51006,normal,0.9,5,0.266136129976937,0.02,0.28541005469542846,45
51006,normal,0.9,6,0.33809117677849626,0.04,0.4059576466990429,45
51006,normal,0.9,7,0.26299735256024753,0.0,0.3785559268429931,45
51006,normal,0.9,8,0.27354623454456595,0.02,0.41530823899750663,45
51006,normal,0.9,9,0.2882670491736464,0.02,0.3856229052432413,45
51006,normal,0.9,10,0.3916314293204888,0.02,0.43758224055738393,45
51006,normal,0.9,11,0.35855860504741144,0.04,0.4474957518008834,45
51006,shuffled,0.0,0,0.9426435331724139,0.74,1.0,0
51006,shuffled,0.0,1,0.9426435331724139,0.74,1.0,0
51006,shuffled,0.0,2,0.9426435331724139,0.74,1.0,0
51006,shuffled,0.0,3,0.9426435331724139,0.74,1.0,0
51006,shuffled,0.0,4,0.9426435331724139,0.74,1.0,0
51006,shuffled,0.0,5,0.9426435331724139,0.74,1.0,0
51006,shuffled,0.0,6,0.9426435331724139,0.74,1.0,0
51006,shuffled,0.0,7,0.9426435331724139,0.74,1.0,0
51006,shuffled,0.0,8,0.9426435331724139,0.74,1.0,0
51006,shuffled,0.0,9,0.9426435331724139,0.74,1.0,0
51006,shuffled,0.0,10,0.9426435331724139,0.74,1.0,0
51006,shuffled,0.0,11,0.9426435331724139,0.74,1.0,0
51006,shuffled,0.25,0,0.7507792622244125,0.3,0.7022135388451803,12
51006,shuffled,0.25,1,0.8585004921373046,0.5,0.7962536920929041,12
51006,shuffled,0.25,2,0.8250844717164796,0.42,0.7285343598112067,12
51006,shuffled,0.25,3,0.8816070412571042,0.46,0.7818673808870662,12
51006,shuffled,0.25,4,0.8393887018818755,0.46,0.66955302451956,12
51006,shuffled,0.25,5,0.8188184817027435,0.48,0.727894055849533,12
51006,shuffled,0.25,6,0.7867765322930638,0.4,0.7840295654138957,12
51006,shuffled,0.25,7,0.8246432654153998,0.38,0.6544091543730173,12
51006,shuffled,0.25,8,0.8258927371907798,0.36,0.6660530020524281,12
51006,shuffled,0.25,9,0.821720996326404,0.46,0.714933307779787,12
51006,shuffled,0.25,10,0.8294253688730671,0.44,0.7091654304310165,12
51006,shuffled,0.25,11,0.8074808759087972,0.36,0.7681700607216594,12
51006,shuffled,0.5,0,0.7002533695878113,0.18,0.46921415325069965,25
51006,shuffled,0.5,1,0.6949778942564677,0.22,0.5703633270970468,25
51006,shuffled,0.5,2,0.6934612887030406,0.22,0.5744191780587733,25
51006,shuffled,0.5,3,0.6508742841142636,0.32,0.5023382857320029,25
51006,shuffled,0.5,4,0.7207858347157123,0.24,0.5837997662609059,25
51006,shuffled,0.5,5,0.7239773366783472,0.28,0.5797326243034668,25
51006,shuffled,0.5,6,0.7513047341928337,0.12,0.5518932450730487,25
51006,shuffled,0.5,7,0.6018030227285398,0.1,0.5336718949186477,25
51006,shuffled,0.5,8,0.7143336383743772,0.18,0.4959305522612445,25
51006,shuffled,0.5,9,0.6686155007423435,0.18,0.5738267471830012,25
51006,shuffled,0.5,10,0.7224241873831326,0.2,0.5371479883303658,25
51006,shuffled,0.5,11,0.6236481227661609,0.22,0.5784121692818557,25
51006,shuffled,0.75,0,0.34457354727706657,0.08,0.43109204357082137,38
51006,shuffled,0.75,1,0.42507490427298633,0.04,0.475732821932562,38
51006,shuffled,0.75,2,0.4288851289415501,0.04,0.41577683211802957,38
51006,shuffled,0.75,3,0.553820285864245,0.06,0.4956673589514696,38
51006,shuffled,0.75,4,0.526431484848128,0.12,0.34162162340592184,38
51006,shuffled,0.75,5,0.40460803222841585,0.12,0.42129672384592426,38
51006,shuffled,0.75,6,0.5158910852665186,0.12,0.41849002265584245,38
51006,shuffled,0.75,7,0.5740119532975135,0.12,0.36252376317491497,38
51006,shuffled,0.75,8,0.5083752838901779,0.1,0.3990774636654535,38
51006,shuffled,0.75,9,0.5982448204993657,0.08,0.4513439674341977,38
51006,shuffled,0.75,10,0.5080028130258771,0.08,0.38091077607303897,38
51006,shuffled,0.75,11,0.39072384599136517,0.04,0.40305750571354065,38
51006,shuffled,0.9,0,0.45048389473659894,0.1,0.3877275779172312,45
51006,shuffled,0.9,1,0.43172630838624004,0.08,0.39414297813880517,45
51006,shuffled,0.9,2,0.29103400834012516,0.04,0.4107725013179755,45
51006,shuffled,0.9,3,0.39340108937495943,0.06,0.4333597306844302,45
51006,shuffled,0.9,4,0.3818515533381374,0.06,0.4153442756126867,45
51006,shuffled,0.9,5,0.3900890339781721,0.04,0.3699260260223559,45
51006,shuffled,0.9,6,0.2981462789326935,0.04,0.45177084644346427,45
51006,shuffled,0.9,7,0.31966439239767214,0.06,0.3696156723148818,45
51006,shuffled,0.9,8,0.37372786712232053,0.04,0.4165966460134766,45
51006,shuffled,0.9,9,0.3630345590996919,0.04,0.38579670050979564,45
51006,shuffled,0.9,10,0.3143678909716195,0.02,0.39024652058745896,45
51006,shuffled,0.9,11,0.2793741453873897,0.02,0.3890274209787391,45
51006,dense,0.0,0,0.316869944825663,0.02,0.9999999999999999,0
51006,dense,0.0,1,0.316869944825663,0.02,0.9999999999999999,0
51006,dense,0.0,2,0.316869944825663,0.02,0.9999999999999999,0
51006,dense,0.0,3,0.316869944825663,0.02,0.9999999999999999,0
51006,dense,0.0,4,0.316869944825663,0.02,0.9999999999999999,0
51006,dense,0.0,5,0.316869944825663,0.02,0.9999999999999999,0
51006,dense,0.0,6,0.316869944825663,0.02,0.9999999999999999,0
51006,dense,0.0,7,0.316869944825663,0.02,0.9999999999999999,0
51006,dense,0.0,8,0.316869944825663,0.02,0.9999999999999999,0
51006,dense,0.0,9,0.316869944825663,0.02,0.9999999999999999,0
51006,dense,0.0,10,0.316869944825663,0.02,0.9999999999999999,0
51006,dense,0.0,11,0.316869944825663,0.02,0.9999999999999999,0
51006,dense,0.25,0,0.316869944825663,0.02,0.9999999999999999,12
51006,dense,0.25,1,0.316869944825663,0.02,0.9999999999999999,12
51006,dense,0.25,2,0.316869944825663,0.02,0.9999999999999999,12
51006,dense,0.25,3,0.316869944825663,0.02,0.9999999999999999,12
51006,dense,0.25,4,0.316869944825663,0.02,0.9999999999999999,12
51006,dense,0.25,5,0.316869944825663,0.02,0.9999999999999999,12
51006,dense,0.25,6,0.316869944825663,0.02,0.9999999999999999,12
51006,dense,0.25,7,0.316869944825663,0.02,0.9999999999999999,12
51006,dense,0.25,8,0.316869944825663,0.02,0.9999999999999999,12
51006,dense,0.25,9,0.316869944825663,0.02,0.9999999999999999,12
51006,dense,0.25,10,0.316869944825663,0.02,0.9999999999999999,12
51006,dense,0.25,11,0.316869944825663,0.02,0.9999999999999999,12
51006,dense,0.5,0,0.316869944825663,0.02,0.9999999999999999,25
51006,dense,0.5,1,0.316869944825663,0.02,0.9999999999999999,25
51006,dense,0.5,2,0.316869944825663,0.02,0.9999999999999999,25
51006,dense,0.5,3,0.316869944825663,0.02,0.9999999999999999,25
51006,dense,0.5,4,0.316869944825663,0.02,0.9999999999999999,25
51006,dense,0.5,5,0.316869944825663,0.02,0.9999999999999999,25
51006,dense,0.5,6,0.316869944825663,0.02,0.9999999999999999,25
51006,dense,0.5,7,0.316869944825663,0.02,0.9999999999999999,25
51006,dense,0.5,8,0.316869944825663,0.02,0.9999999999999999,25
51006,dense,0.5,9,0.316869944825663,0.02,0.9999999999999999,25
51006,dense,0.5,10,0.316869944825663,0.02,0.9999999999999999,25
51006,dense,0.5,11,0.316869944825663,0.02,0.9999999999999999,25
51006,dense,0.75,0,0.316869944825663,0.02,0.9999999999999999,38
51006,dense,0.75,1,0.316869944825663,0.02,0.9999999999999999,38
51006,dense,0.75,2,0.316869944825663,0.02,0.9999999999999999,38
51006,dense,0.75,3,0.316869944825663,0.02,0.9999999999999999,38
51006,dense,0.75,4,0.316869944825663,0.02,0.9999999999999999,38
51006,dense,0.75,5,0.316869944825663,0.02,0.9999999999999999,38
51006,dense,0.75,6,0.316869944825663,0.02,0.9999999999999999,38
51006,dense,0.75,7,0.316869944825663,0.02,0.9999999999999999,38
51006,dense,0.75,8,0.316869944825663,0.02,0.9999999999999999,38
51006,dense,0.75,9,0.316869944825663,0.02,0.9999999999999999,38
51006,dense,0.75,10,0.316869944825663,0.02,0.9999999999999999,38
51006,dense,0.75,11,0.316869944825663,0.02,0.9999999999999999,38
51006,dense,0.9,0,0.316869944825663,0.02,0.9999999999999999,45
51006,dense,0.9,1,0.316869944825663,0.02,0.9999999999999999,45
51006,dense,0.9,2,0.316869944825663,0.02,0.9999999999999999,45
51006,dense,0.9,3,0.316869944825663,0.02,0.9999999999999999,45
51006,dense,0.9,4,0.316869944825663,0.02,0.9999999999999999,45
51006,dense,0.9,5,0.316869944825663,0.02,0.9999999999999999,45
51006,dense,0.9,6,0.316869944825663,0.02,0.9999999999999999,45
51006,dense,0.9,7,0.316869944825663,0.02,0.9999999999999999,45
51006,dense,0.9,8,0.316869944825663,0.02,0.9999999999999999,45
51006,dense,0.9,9,0.316869944825663,0.02,0.9999999999999999,45
51006,dense,0.9,10,0.316869944825663,0.02,0.9999999999999999,45
51006,dense,0.9,11,0.316869944825663,0.02,0.9999999999999999,45
51006,identity,0.0,0,0.9581595956363644,0.8,1.0,0
51006,identity,0.0,1,0.9581595956363644,0.8,1.0,0
51006,identity,0.0,2,0.9581595956363644,0.8,1.0,0
51006,identity,0.0,3,0.9581595956363644,0.8,1.0,0
51006,identity,0.0,4,0.9581595956363644,0.8,1.0,0
51006,identity,0.0,5,0.9581595956363644,0.8,1.0,0
51006,identity,0.0,6,0.9581595956363644,0.8,1.0,0
51006,identity,0.0,7,0.9581595956363644,0.8,1.0,0
51006,identity,0.0,8,0.9581595956363644,0.8,1.0,0
51006,identity,0.0,9,0.9581595956363644,0.8,1.0,0
51006,identity,0.0,10,0.9581595956363644,0.8,1.0,0
51006,identity,0.0,11,0.9581595956363644,0.8,1.0,0
51006,identity,0.25,0,0.9069646663303412,0.76,0.8858452123558921,12
51006,identity,0.25,1,0.8806963504379438,0.68,0.8789851425732051,12
51006,identity,0.25,2,0.9309897121478196,0.82,0.9080341855716337,12
51006,identity,0.25,3,0.9395559681488086,0.84,0.9054632466426393,12
51006,identity,0.25,4,0.8734270811307829,0.66,0.8778973794100444,12
51006,identity,0.25,5,0.8679787051588275,0.66,0.8664923217293016,12
51006,identity,0.25,6,0.889305840016804,0.72,0.8763592847194012,12
51006,identity,0.25,7,0.8751561675394077,0.74,0.881139645603892,12
51006,identity,0.25,8,0.9172632991658424,0.72,0.8924527621319966,12
51006,identity,0.25,9,0.8674664369874242,0.58,0.8813839234741652,12
51006,identity,0.25,10,0.9217530299889128,0.82,0.9021491612276692,12
51006,identity,0.25,11,0.9301062550376473,0.76,0.9000640658644334,12
51006,identity,0.5,0,0.7739985893120789,0.48,0.7447593401418728,25
51006,identity,0.5,1,0.778777515045987,0.58,0.7720269989346896,25
51006,identity,0.5,2,0.7376142410172299,0.3,0.7512841462711516,25
51006,identity,0.5,3,0.7601169137160869,0.5,0.7663009321304435,25
51006,identity,0.5,4,0.7337030092191621,0.48,0.7442162324393753,25
51006,identity,0.5,5,0.7863403631896615,0.52,0.7580621847675819,25
51006,identity,0.5,6,0.7580878726747495,0.44,0.7474862560484948,25
51006,identity,0.5,7,0.777960492177758,0.56,0.7577872742816976,25
51006,identity,0.5,8,0.7894985415745728,0.46,0.7532759215020721,25
51006,identity,0.5,9,0.7828571655975114,0.52,0.7621109286418588,25
51006,identity,0.5,10,0.7510492176315803,0.46,0.7548422373573668,25
51006,identity,0.5,11,0.7833928271306874,0.56,0.7611850582127281,25
51006,identity,0.75,0,0.5516575325872645,0.18,0.5967997324339297,38
51006,identity,0.75,1,0.5064447957207088,0.18,0.663834095333728,38
51006,identity,0.75,2,0.5588445763358205,0.18,0.6335352080459148,38
51006,identity,0.75,3,0.5672412953000108,0.36,0.6204007374853131,38
51006,identity,0.75,4,0.5161439001812107,0.1,0.6045923757817139,38
51006,identity,0.75,5,0.49576099747260366,0.14,0.6351013808837284,38
51006,identity,0.75,6,0.49235846867662647,0.18,0.6275809439177396,38
51006,identity,0.75,7,0.5266827727454557,0.2,0.6669520212324385,38
51006,identity,0.75,8,0.548710589684615,0.1,0.6256953454459577,38
51006,identity,0.75,9,0.4856981427068501,0.08,0.6259511032867033,38
51006,identity,0.75,10,0.4372197856066923,0.16,0.6482311974816675,38
51006,identity,0.75,11,0.5070429846125727,0.24,0.6469303521543353,38
51006,identity,0.9,0,0.31996386052084747,0.04,0.6508621058927175,45
51006,identity,0.9,1,0.31825370624644045,0.06,0.6072869694346866,45
51006,identity,0.9,2,0.3084789145357374,0.02,0.607118301884816,45
51006,identity,0.9,3,0.3289592922871154,0.04,0.6468198081529115,45
51006,identity,0.9,4,0.31112604490610835,0.02,0.6382465285407908,45
51006,identity,0.9,5,0.2926099061868898,0.02,0.6396978397791286,45
51006,identity,0.9,6,0.3375060301780489,0.06,0.6346209858728116,45
51006,identity,0.9,7,0.3724206404541161,0.02,0.6108774575114151,45
51006,identity,0.9,8,0.36866495502483815,0.04,0.6217493003266664,45
51006,identity,0.9,9,0.31777623595356697,0.02,0.6360433912393201,45
51006,identity,0.9,10,0.34266507641847244,0.04,0.6482144030484471,45
51006,identity,0.9,11,0.3054890653526032,0.04,0.6409328160057008,45
51007,normal,0.0,0,0.9361925961109715,0.74,1.0,0
51007,normal,0.0,1,0.9361925961109715,0.74,1.0,0
51007,normal,0.0,2,0.9361925961109715,0.74,1.0,0
51007,normal,0.0,3,0.9361925961109715,0.74,1.0,0
51007,normal,0.0,4,0.9361925961109715,0.74,1.0,0
51007,normal,0.0,5,0.9361925961109715,0.74,1.0,0
51007,normal,0.0,6,0.9361925961109715,0.74,1.0,0
51007,normal,0.0,7,0.9361925961109715,0.74,1.0,0
51007,normal,0.0,8,0.9361925961109715,0.74,1.0,0
51007,normal,0.0,9,0.9361925961109715,0.74,1.0,0
51007,normal,0.0,10,0.9361925961109715,0.74,1.0,0
51007,normal,0.0,11,0.9361925961109715,0.74,1.0,0
51007,normal,0.25,0,0.8088938831191345,0.34,0.7306297595091183,12
51007,normal,0.25,1,0.8685931973302875,0.38,0.6546781110486303,12
51007,normal,0.25,2,0.8483329072501634,0.34,0.7327096656461989,12
51007,normal,0.25,3,0.725753880908398,0.36,0.7260676466693708,12
51007,normal,0.25,4,0.8318228271083989,0.2,0.6911980462517145,12
51007,normal,0.25,5,0.8248548620526276,0.32,0.748688320473901,12
51007,normal,0.25,6,0.8267451855197148,0.24,0.7241917653442168,12
51007,normal,0.25,7,0.7812364562947245,0.36,0.7371956333787805,12
51007,normal,0.25,8,0.8271637932154792,0.36,0.7403382988032888,12
51007,normal,0.25,9,0.8400710444053742,0.22,0.7145219679171276,12
51007,normal,0.25,10,0.8079217966572096,0.34,0.717214756296338,12
51007,normal,0.25,11,0.8403095333756352,0.24,0.7506694196969289,12
51007,normal,0.5,0,0.6366530520422997,0.12,0.5578270795137155,25
51007,normal,0.5,1,0.6895210659217109,0.08,0.5897965918601511,25
51007,normal,0.5,2,0.6761343264878645,0.12,0.5152939571253067,25
51007,normal,0.5,3,0.5943927372349681,0.16,0.5029980519050151,25
51007,normal,0.5,4,0.708244642200005,0.1,0.48240187791004446,25
51007,normal,0.5,5,0.6467529417028598,0.06,0.45960424041885367,25
51007,normal,0.5,6,0.6574226611718096,0.14,0.5298611790088951,25
51007,normal,0.5,7,0.6042335585703402,0.18,0.4492381717336872,25
51007,normal,0.5,8,0.6320254345636375,0.22,0.6145208443295992,25
51007,normal,0.5,9,0.5311372021277425,0.18,0.4503863139894133,25
51007,normal,0.5,10,0.6217208845015287,0.12,0.5407772161051254,25
51007,normal,0.5,11,0.690624300923145,0.18,0.5446236201992436,25
51007,normal,0.75,0,0.4038947862463766,0.02,0.3065122177564809,38
51007,normal,0.75,1,0.5491308729100929,0.1,0.45820727862322863,38
51007,normal,0.75,2,0.4927771567610658,0.06,0.35424309846847984,38
51007,normal,0.75,3,0.28193250923121566,0.0,0.3282543143391732,38
51007,normal,0.75,4,0.4985634222489329,0.02,0.4122762165246766,38
51007,normal,0.75,5,0.5644242422511097,0.1,0.44117757954549847,38
51007,normal,0.75,6,0.579776275804836,0.02,0.45538121853567853,38
51007,normal,0.75,7,0.40346753160127136,0.04,0.44920815225412214,38
51007,normal,0.75,8,0.5257563108260181,0.04,0.3695995984796292,38
51007,normal,0.75,9,0.4134148183857754,0.1,0.37529212545336244,38
51007,normal,0.75,10,0.522318927829858,0.04,0.4938157847786232,38
51007,normal,0.75,11,0.43188430994535687,0.04,0.3833450903520756,38
51007,normal,0.9,0,0.3537213021247072,0.02,0.37472749315015924,45
51007,normal,0.9,1,0.39413815368908695,0.02,0.402625679299661,45
51007,normal,0.9,2,0.357317320482558,0.02,0.2934844872367384,45
51007,normal,0.9,3,0.40498242916659544,0.02,0.4594477318702764,45
51007,normal,0.9,4,0.4494157256845954,0.04,0.3920709378082084,45
51007,normal,0.9,5,0.3964337600143095,0.02,0.40820137214168517,45
51007,normal,0.9,6,0.38370734876329193,0.04,0.3999027133721178,45
51007,normal,0.9,7,0.38029746305065454,0.02,0.42276719597597806,45
51007,normal,0.9,8,0.3879158423228046,0.02,0.4408389627474243,45
51007,normal,0.9,9,0.34986634401901545,0.04,0.3470718694826113,45
51007,normal,0.9,10,0.39971039590440305,0.06,0.3856917653603949,45
51007,normal,0.9,11,0.3792030195156503,0.06,0.40557662753694435,45
51007,shuffled,0.0,0,0.9241544343943506,0.72,1.0,0
51007,shuffled,0.0,1,0.9241544343943506,0.72,1.0,0
51007,shuffled,0.0,2,0.9241544343943506,0.72,1.0,0
51007,shuffled,0.0,3,0.9241544343943506,0.72,1.0,0
51007,shuffled,0.0,4,0.9241544343943506,0.72,1.0,0
51007,shuffled,0.0,5,0.9241544343943506,0.72,1.0,0
51007,shuffled,0.0,6,0.9241544343943506,0.72,1.0,0
51007,shuffled,0.0,7,0.9241544343943506,0.72,1.0,0
51007,shuffled,0.0,8,0.9241544343943506,0.72,1.0,0
51007,shuffled,0.0,9,0.9241544343943506,0.72,1.0,0
51007,shuffled,0.0,10,0.9241544343943506,0.72,1.0,0
51007,shuffled,0.0,11,0.9241544343943506,0.72,1.0,0
51007,shuffled,0.25,0,0.8354238221721297,0.42,0.7497830895005245,12
51007,shuffled,0.25,1,0.8022477011163995,0.18,0.7293323036091227,12
51007,shuffled,0.25,2,0.8163384975840411,0.28,0.7622522101479428,12
51007,shuffled,0.25,3,0.7730725682731506,0.4,0.7236962237939565,12
51007,shuffled,0.25,4,0.7870057373940835,0.28,0.691234834156324,12
51007,shuffled,0.25,5,0.810146860687881,0.4,0.5996992220801382,12
51007,shuffled,0.25,6,0.8014768319200734,0.18,0.6623569066345892,12
51007,shuffled,0.25,7,0.8330208267550527,0.3,0.7688540316182495,12
51007,shuffled,0.25,8,0.7911998630328583,0.2,0.6414472285103388,12
51007,shuffled,0.25,9,0.7940037972687435,0.22,0.6782539672726925,12
51007,shuffled,0.25,10,0.8220296678721255,0.34,0.7412335677539191,12
51007,shuffled,0.25,11,0.7785016543552733,0.22,0.7911085007182017,12
51007,shuffled,0.5,0,0.66381586287265,0.2,0.5195706787195133,25
51007,shuffled,0.5,1,0.7416077230205522,0.18,0.5932897589609368,25
51007,shuffled,0.5,2,0.7807302589579471,0.16,0.5526753713494345,25
51007,shuffled,0.5,3,0.7673839689452092,0.26,0.6480645603988969,25
51007,shuffled,0.5,4,0.718193984812245,0.14,0.5692324343032297,25
51007,shuffled,0.5,5,0.7001516062356979,0.2,0.5574210007156473,25
51007,shuffled,0.5,6,0.7135795318751076,0.14,0.57989027534982,25
51007,shuffled,0.5,7,0.7040444961870119,0.24,0.5426395387253239,25
51007,shuffled,0.5,8,0.6980767548199391,0.14,0.5703918589982322,25
51007,shuffled,0.5,9,0.6908165150774309,0.22,0.5282559272859824,25
51007,shuffled,0.5,10,0.6989130494059697,0.12,0.4714432741024023,25
51007,shuffled,0.5,11,0.7317715040545122,0.2,0.6157408087500716,25
51007,shuffled,0.75,0,0.484142749370746,0.06,0.3800364756115976,38
51007,shuffled,0.75,1,0.41651855387026837,0.06,0.44662147115865763,38
51007,shuffled,0.75,2,0.5821745531520341,0.12,0.4029383308825389,38
51007,shuffled,0.75,3,0.6011113772164346,0.06,0.3643002251726957,38
51007,shuffled,0.75,4,0.49442715929768993,0.08,0.40659821133688345,38
51007,shuffled,0.75,5,0.4925021012998468,0.0,0.3331160726784808,38
51007,shuffled,0.75,6,0.6342683006960019,0.08,0.4880257617310339,38
51007,shuffled,0.75,7,0.37038346211089235,0.04,0.26208263998595294,38
51007,shuffled,0.75,8,0.5870705630125507,0.08,0.39344552546722533,38
51007,shuffled,0.75,9,0.6289107367265817,0.1,0.40767764418776636,38
51007,shuffled,0.75,10,0.5688069732841605,0.06,0.3767560541354964,38
51007,shuffled,0.75,11,0.5927298565259231,0.1,0.42689264655907727,38
51007,shuffled,0.9,0,0.5915434920251541,0.04,0.38511593191963917,45
51007,shuffled,0.9,1,0.45525333977638105,0.04,0.3955265212884436,45
51007,shuffled,0.9,2,0.41895742124407875,0.02,0.3606991704419233,45
51007,shuffled,0.9,3,0.4455235518365451,0.04,0.33413454090777056,45
51007,shuffled,0.9,4,0.3240240365049203,0.0,0.41247462777661686,45
51007,shuffled,0.9,5,0.3635893585677874,0.02,0.400151079791255,45
51007,shuffled,0.9,6,0.557148300477825,0.04,0.35966625595110235,45
51007,shuffled,0.9,7,0.42828544198415985,0.04,0.40168222975923834,45
51007,shuffled,0.9,8,0.41040815225040667,0.04,0.3961686165193619,45
51007,shuffled,0.9,9,0.46662899295220206,0.04,0.39180026156504355,45
51007,shuffled,0.9,10,0.541292577347381,0.06,0.44480471582911335,45
51007,shuffled,0.9,11,0.5344620768114301,0.04,0.34083565214903055,45
51007,dense,0.0,0,0.21372678049557636,0.02,0.9999999999999999,0
51007,dense,0.0,1,0.21372678049557636,0.02,0.9999999999999999,0
51007,dense,0.0,2,0.21372678049557636,0.02,0.9999999999999999,0
51007,dense,0.0,3,0.21372678049557636,0.02,0.9999999999999999,0
51007,dense,0.0,4,0.21372678049557636,0.02,0.9999999999999999,0
51007,dense,0.0,5,0.21372678049557636,0.02,0.9999999999999999,0
51007,dense,0.0,6,0.21372678049557636,0.02,0.9999999999999999,0
51007,dense,0.0,7,0.21372678049557636,0.02,0.9999999999999999,0
51007,dense,0.0,8,0.21372678049557636,0.02,0.9999999999999999,0
51007,dense,0.0,9,0.21372678049557636,0.02,0.9999999999999999,0
51007,dense,0.0,10,0.21372678049557636,0.02,0.9999999999999999,0
51007,dense,0.0,11,0.21372678049557636,0.02,0.9999999999999999,0
51007,dense,0.25,0,0.21372678049557636,0.02,0.9999999999999999,12
51007,dense,0.25,1,0.21372678049557636,0.02,0.9999999999999999,12
51007,dense,0.25,2,0.21372678049557636,0.02,0.9999999999999999,12
51007,dense,0.25,3,0.21372678049557636,0.02,0.9999999999999999,12
51007,dense,0.25,4,0.21372678049557636,0.02,0.9999999999999999,12
51007,dense,0.25,5,0.21372678049557636,0.02,0.9999999999999999,12
51007,dense,0.25,6,0.21372678049557636,0.02,0.9999999999999999,12
51007,dense,0.25,7,0.21372678049557636,0.02,0.9999999999999999,12
51007,dense,0.25,8,0.21372678049557636,0.02,0.9999999999999999,12
51007,dense,0.25,9,0.21372678049557636,0.02,0.9999999999999999,12
51007,dense,0.25,10,0.21372678049557636,0.02,0.9999999999999999,12
51007,dense,0.25,11,0.21372678049557636,0.02,0.9999999999999999,12
51007,dense,0.5,0,0.21372678049557636,0.02,0.9999999999999999,25
51007,dense,0.5,1,0.21372678049557636,0.02,0.9999999999999999,25
51007,dense,0.5,2,0.21372678049557636,0.02,0.9999999999999999,25
51007,dense,0.5,3,0.21372678049557636,0.02,0.9999999999999999,25
51007,dense,0.5,4,0.21372678049557636,0.02,0.9999999999999999,25
51007,dense,0.5,5,0.21372678049557636,0.02,0.9999999999999999,25
51007,dense,0.5,6,0.21372678049557636,0.02,0.9999999999999999,25
51007,dense,0.5,7,0.21372678049557636,0.02,0.9999999999999999,25
51007,dense,0.5,8,0.21372678049557636,0.02,0.9999999999999999,25
51007,dense,0.5,9,0.21372678049557636,0.02,0.9999999999999999,25
51007,dense,0.5,10,0.21372678049557636,0.02,0.9999999999999999,25
51007,dense,0.5,11,0.21372678049557636,0.02,0.9999999999999999,25
51007,dense,0.75,0,0.21372678049557636,0.02,0.9999999999999999,38
51007,dense,0.75,1,0.21372678049557636,0.02,0.9999999999999999,38
51007,dense,0.75,2,0.21372678049557636,0.02,0.9999999999999999,38
51007,dense,0.75,3,0.21372678049557636,0.02,0.9999999999999999,38
51007,dense,0.75,4,0.21372678049557636,0.02,0.9999999999999999,38
51007,dense,0.75,5,0.21372678049557636,0.02,0.9999999999999999,38
51007,dense,0.75,6,0.21372678049557636,0.02,0.9999999999999999,38
51007,dense,0.75,7,0.21372678049557636,0.02,0.9999999999999999,38
51007,dense,0.75,8,0.21372678049557636,0.02,0.9999999999999999,38
51007,dense,0.75,9,0.21372678049557636,0.02,0.9999999999999999,38
51007,dense,0.75,10,0.21372678049557636,0.02,0.9999999999999999,38
51007,dense,0.75,11,0.21372678049557636,0.02,0.9999999999999999,38
51007,dense,0.9,0,0.21372678049557636,0.02,0.9999999999999999,45
51007,dense,0.9,1,0.21372678049557636,0.02,0.9999999999999999,45
51007,dense,0.9,2,0.21372678049557636,0.02,0.9999999999999999,45
51007,dense,0.9,3,0.21372678049557636,0.02,0.9999999999999999,45
51007,dense,0.9,4,0.21372678049557636,0.02,0.9999999999999999,45
51007,dense,0.9,5,0.21372678049557636,0.02,0.9999999999999999,45
51007,dense,0.9,6,0.21372678049557636,0.02,0.9999999999999999,45
51007,dense,0.9,7,0.21372678049557636,0.02,0.9999999999999999,45
51007,dense,0.9,8,0.21372678049557636,0.02,0.9999999999999999,45
51007,dense,0.9,9,0.21372678049557636,0.02,0.9999999999999999,45
51007,dense,0.9,10,0.21372678049557636,0.02,0.9999999999999999,45
51007,dense,0.9,11,0.21372678049557636,0.02,0.9999999999999999,45
51007,identity,0.0,0,0.9204196738807887,0.68,1.0,0
51007,identity,0.0,1,0.9204196738807887,0.68,1.0,0
51007,identity,0.0,2,0.9204196738807887,0.68,1.0,0
51007,identity,0.0,3,0.9204196738807887,0.68,1.0,0
51007,identity,0.0,4,0.9204196738807887,0.68,1.0,0
51007,identity,0.0,5,0.9204196738807887,0.68,1.0,0
51007,identity,0.0,6,0.9204196738807887,0.68,1.0,0
51007,identity,0.0,7,0.9204196738807887,0.68,1.0,0
51007,identity,0.0,8,0.9204196738807887,0.68,1.0,0
51007,identity,0.0,9,0.9204196738807887,0.68,1.0,0
51007,identity,0.0,10,0.9204196738807887,0.68,1.0,0
51007,identity,0.0,11,0.9204196738807887,0.68,1.0,0
51007,identity,0.25,0,0.8593794758240475,0.56,0.8777836349288064,12
51007,identity,0.25,1,0.8706758824943209,0.56,0.895392705963408,12
51007,identity,0.25,2,0.8127858704120101,0.48,0.8736303473835766,12
51007,identity,0.25,3,0.858291293347665,0.58,0.896627520255197,12
51007,identity,0.25,4,0.8775281918192483,0.6,0.8950109725205163,12
51007,identity,0.25,5,0.885664980299817,0.68,0.9032275899438323,12
51007,identity,0.25,6,0.8673443452400029,0.58,0.8989219170459285,12
51007,identity,0.25,7,0.7847333435914584,0.42,0.8678392386156883,12
51007,identity,0.25,8,0.8312233405605864,0.5,0.8795951371836491,12
51007,identity,0.25,9,0.840817601737674,0.38,0.8868503052611827,12
51007,identity,0.25,10,0.8834317855172023,0.64,0.9049992814464943,12
51007,identity,0.25,11,0.8630343727435412,0.64,0.8969515480927543,12
51007,identity,0.5,0,0.6769513819389087,0.2,0.7147029498723039,25
51007,identity,0.5,1,0.7208267543356607,0.34,0.7413546416273533,25
51007,identity,0.5,2,0.6791199220261308,0.2,0.7331668484120744,25
51007,identity,0.5,3,0.6727501796841548,0.18,0.7300255544811618,25
51007,identity,0.5,4,0.7970533256938909,0.4,0.7743862081769115,25
51007,identity,0.5,5,0.6570779992091452,0.26,0.7155701563166756,25
51007,identity,0.5,6,0.669724672284956,0.2,0.7256185463371781,25
51007,identity,0.5,7,0.6608369148820734,0.16,0.7276019415573272,25
51007,identity,0.5,8,0.7931751285906065,0.44,0.7589600888918437,25
51007,identity,0.5,9,0.6768377875631545,0.16,0.7144553623901011,25
51007,identity,0.5,10,0.7650006726489322,0.32,0.7582602104106634,25
51007,identity,0.5,11,0.671067420610521,0.16,0.7254413766697104,25
51007,identity,0.75,0,0.5802777501426578,0.08,0.6645002270701842,38
51007,identity,0.75,1,0.5652745327289784,0.2,0.6755935732993944,38
51007,identity,0.75,2,0.47576824225639347,0.06,0.6355335281512796,38
51007,identity,0.75,3,0.5842143376027377,0.12,0.6166241563950303,38
51007,identity,0.75,4,0.549492699063229,0.1,0.595776689606358,38
51007,identity,0.75,5,0.5495126992288069,0.12,0.6089716412759125,38
51007,identity,0.75,6,0.5624294541507989,0.08,0.612895566201986,38
51007,identity,0.75,7,0.6110830909909933,0.2,0.6061723018020908,38
51007,identity,0.75,8,0.6348377771007235,0.2,0.6439910511794433,38
51007,identity,0.75,9,0.6042907563519005,0.12,0.6576734206963809,38
51007,identity,0.75,10,0.615152221404024,0.18,0.6210440259553888,38
51007,identity,0.75,11,0.5513805641223897,0.06,0.66217469391502,38
51007,identity,0.9,0,0.33747391714749186,0.04,0.6137700512589008,45
51007,identity,0.9,1,0.38624063008228293,0.02,0.6436666901233633,45
51007,identity,0.9,2,0.3338435515913332,0.02,0.641369255346619,45
51007,identity,0.9,3,0.380241078152107,0.04,0.6607745835767125,45
51007,identity,0.9,4,0.38373729728443956,0.04,0.6411552670684496,45
51007,identity,0.9,5,0.5081552185197624,0.04,0.605532926213222,45
51007,identity,0.9,6,0.4453022615843828,0.04,0.6180272614554498,45
51007,identity,0.9,7,0.41530406797798564,0.02,0.6317738963876961,45
51007,identity,0.9,8,0.3439873871939197,0.02,0.6398878871401089,45
51007,identity,0.9,9,0.3542418020014253,0.02,0.6379614357883376,45
51007,identity,0.9,10,0.3690120298293429,0.06,0.6211751431786238,45
51007,identity,0.9,11,0.4205546017896433,0.04,0.6322373799267949,45
51008,normal,0.0,0,0.9462406756817044,0.66,1.0,0
51008,normal,0.0,1,0.9462406756817044,0.66,1.0,0
51008,normal,0.0,2,0.9462406756817044,0.66,1.0,0
51008,normal,0.0,3,0.9462406756817044,0.66,1.0,0
51008,normal,0.0,4,0.9462406756817044,0.66,1.0,0
51008,normal,0.0,5,0.9462406756817044,0.66,1.0,0
51008,normal,0.0,6,0.9462406756817044,0.66,1.0,0
51008,normal,0.0,7,0.9462406756817044,0.66,1.0,0
51008,normal,0.0,8,0.9462406756817044,0.66,1.0,0
51008,normal,0.0,9,0.9462406756817044,0.66,1.0,0
51008,normal,0.0,10,0.9462406756817044,0.66,1.0,0
51008,normal,0.0,11,0.9462406756817044,0.66,1.0,0
51008,normal,0.25,0,0.8196805270059743,0.28,0.6811570889057197,12
51008,normal,0.25,1,0.8714934547565067,0.44,0.7745910496541673,12
51008,normal,0.25,2,0.782960551361289,0.36,0.6505611248281638,12
51008,normal,0.25,3,0.8644406684844121,0.34,0.6721671117919693,12
51008,normal,0.25,4,0.8879697765034891,0.42,0.7487817262944246,12
51008,normal,0.25,5,0.8156430850889165,0.36,0.6589412134642469,12
51008,normal,0.25,6,0.7850575273196562,0.46,0.7047762945853084,12
51008,normal,0.25,7,0.8404154059716236,0.48,0.7300712951216123,12
51008,normal,0.25,8,0.8582371998014405,0.4,0.7346767648765636,12
51008,normal,0.25,9,0.8471393331898251,0.24,0.6339926500966281,12
51008,normal,0.25,10,0.8105493926689014,0.3,0.7065604903970981,12
51008,normal,0.25,11,0.8606591265576506,0.5,0.6812361931586401,12
51008,normal,0.5,0,0.6040643007396159,0.12,0.5417442194892523,25
51008,normal,0.5,1,0.6483191243655688,0.16,0.4722799300359089,25
51008,normal,0.5,2,0.7189331328629894,0.2,0.5473008851447052,25
51008,normal,0.5,3,0.7885165033015181,0.22,0.5527500258116994,25
51008,normal,0.5,4,0.7175190350834453,0.22,0.5122912313097693,25
51008,normal,0.5,5,0.7613261800163849,0.28,0.5521467729629991,25
51008,normal,0.5,6,0.7294098952796795,0.18,0.6048620597525046,25
51008,normal,0.5,7,0.6935262494877321,0.16,0.5074469600445993,25
51008,normal,0.5,8,0.6914110782226502,0.22,0.535646177295529,25
51008,normal,0.5,9,0.6735374516173581,0.12,0.48611223423822,25
51008,normal,0.5,10,0.7018914140970004,0.3,0.5704558687491845,25
51008,normal,0.5,11,0.5420307722337013,0.2,0.6114221075462386,25
51008,normal,0.75,0,0.5487406419855277,0.1,0.3712586046107049,38
51008,normal,0.75,1,0.48936679256294807,0.08,0.4012084648823403,38
51008,normal,0.75,2,0.5069425545516358,0.08,0.36912645047577364,38
51008,normal,0.75,3,0.36217960332614424,0.06,0.4561705758464258,38
51008,normal,0.75,4,0.5605857521905435,0.06,0.4768077746624331,38
51008,normal,0.75,5,0.46123576922720744,0.06,0.45170423793896625,38
51008,normal,0.75,6,0.4775309516316744,0.16,0.4066233667485955,38
51008,normal,0.75,7,0.5570241167315859,0.04,0.350043761066657,38
51008,normal,0.75,8,0.546132797343445,0.16,0.42253096398169654,38
51008,normal,0.75,9,0.4856313905216666,0.1,0.4273984187967346,38
51008,normal,0.75,10,0.6756314560538079,0.12,0.36136623312355964,38
51008,normal,0.75,11,0.49475548762179583,0.08,0.4171847647967568,38
51008,normal,0.9,0,0.2756595858990614,0.02,0.35295277994125185,45
51008,normal,0.9,1,0.44068506918188916,0.08,0.43204083097002816,45
51008,normal,0.9,2,0.32800964651258824,0.02,0.3996470447957235,45
51008,normal,0.9,3,0.35427138077502884,0.02,0.37399728981973573,45
51008,normal,0.9,4,0.5104376874873003,0.08,0.43918503804440123,45
51008,normal,0.9,5,0.3989488794171838,0.04,0.4036665119666125,45
51008,normal,0.9,6,0.39778867863398576,0.08,0.41395290372520593,45
51008,normal,0.9,7,0.3573044484473318,0.06,0.4100637039402439,45
51008,normal,0.9,8,0.3069223307614354,0.06,0.34500232066863035,45
51008,normal,0.9,9,0.35767919826979616,0.06,0.38430332023945096,45
51008,normal,0.9,10,0.38082303921609034,0.04,0.38763036244787274,45
51008,normal,0.9,11,0.3013763047219578,0.02,0.4119170092822323,45
51008,shuffled,0.0,0,0.9401498214400864,0.64,1.0,0
51008,shuffled,0.0,1,0.9401498214400864,0.64,1.0,0
51008,shuffled,0.0,2,0.9401498214400864,0.64,1.0,0
51008,shuffled,0.0,3,0.9401498214400864,0.64,1.0,0
51008,shuffled,0.0,4,0.9401498214400864,0.64,1.0,0
51008,shuffled,0.0,5,0.9401498214400864,0.64,1.0,0
51008,shuffled,0.0,6,0.9401498214400864,0.64,1.0,0
51008,shuffled,0.0,7,0.9401498214400864,0.64,1.0,0
51008,shuffled,0.0,8,0.9401498214400864,0.64,1.0,0
51008,shuffled,0.0,9,0.9401498214400864,0.64,1.0,0
51008,shuffled,0.0,10,0.9401498214400864,0.64,1.0,0
51008,shuffled,0.0,11,0.9401498214400864,0.64,1.0,0
51008,shuffled,0.25,0,0.7887807434216113,0.36,0.7686330727109332,12
51008,shuffled,0.25,1,0.8118882919584729,0.38,0.7522717685331499,12
51008,shuffled,0.25,2,0.8507685679112627,0.36,0.736552152898974,12
51008,shuffled,0.25,3,0.8444345650138975,0.38,0.687468058917529,12
51008,shuffled,0.25,4,0.8077496959823057,0.42,0.7091071414863457,12
51008,shuffled,0.25,5,0.8445293695174644,0.48,0.6830686845439954,12
51008,shuffled,0.25,6,0.7885651178445461,0.3,0.7287143838071037,12
51008,shuffled,0.25,7,0.7984137555317007,0.36,0.714455596520396,12
51008,shuffled,0.25,8,0.7994266214498666,0.22,0.7002150469786115,12
51008,shuffled,0.25,9,0.82276631564458,0.28,0.6810691717912043,12
51008,shuffled,0.25,10,0.856108347338537,0.36,0.7603626801218298,12
51008,shuffled,0.25,11,0.7630456943774862,0.26,0.6934404804032773,12
51008,shuffled,0.5,0,0.6120214379713395,0.18,0.5651205533668532,25
51008,shuffled,0.5,1,0.7306194721339572,0.18,0.5663207202592592,25
51008,shuffled,0.5,2,0.7032594004103062,0.18,0.471719293927506,25
51008,shuffled,0.5,3,0.5642601921587166,0.22,0.49360365693257585,25
51008,shuffled,0.5,4,0.6135373268594013,0.14,0.5606460271433302,25
51008,shuffled,0.5,5,0.6563684096692854,0.22,0.4432685629055723,25
51008,shuffled,0.5,6,0.5655114891365112,0.24,0.5897949041204116,25
51008,shuffled,0.5,7,0.7185795471037905,0.18,0.5802853762803619,25
51008,shuffled,0.5,8,0.482096995807759,0.1,0.49727628447577,25
51008,shuffled,0.5,9,0.6387637266150086,0.28,0.6161659223820869,25
51008,shuffled,0.5,10,0.6927594944886907,0.18,0.6214738788570325,25
51008,shuffled,0.5,11,0.6157049305878082,0.26,0.5143908247665819,25
51008,shuffled,0.75,0,0.5047759793749332,0.18,0.39126178561239505,38
51008,shuffled,0.75,1,0.48330112570963935,0.08,0.4463395301982509,38
51008,shuffled,0.75,2,0.4872505585668066,0.06,0.49337796267276673,38
51008,shuffled,0.75,3,0.39679852401474036,0.04,0.34888365274793187,38
51008,shuffled,0.75,4,0.48727319214627796,0.06,0.34494125320072805,38
51008,shuffled,0.75,5,0.3998054812246735,0.1,0.3575211032049655,38
51008,shuffled,0.75,6,0.4776660902400102,0.08,0.5379474320311949,38
51008,shuffled,0.75,7,0.4765209363267534,0.08,0.43384266859124887,38
51008,shuffled,0.75,8,0.33493012078363876,0.06,0.38185783697908093,38
51008,shuffled,0.75,9,0.4439561922792729,0.06,0.37158851039462376,38
51008,shuffled,0.75,10,0.3659680343456978,0.06,0.35040186818993624,38
51008,shuffled,0.75,11,0.2585587532458782,0.02,0.36764205455888715,38
51008,shuffled,0.9,0,0.4212573035990046,0.06,0.38813209624995104,45
51008,shuffled,0.9,1,0.30787534749274387,0.06,0.3605615203595991,45
51008,shuffled,0.9,2,0.3236166288371155,0.02,0.38573443380450334,45
51008,shuffled,0.9,3,0.18977157399211733,0.02,0.35657952427080447,45
51008,shuffled,0.9,4,0.48182811329718644,0.04,0.46502717290370105,45
51008,shuffled,0.9,5,0.3180519769526065,0.04,0.38308762371492217,45
51008,shuffled,0.9,6,0.28709675051228944,0.02,0.41604878601837875,45
51008,shuffled,0.9,7,0.29005771934339847,0.0,0.39324661289961105,45
51008,shuffled,0.9,8,0.23799248648784488,0.0,0.388598287009557,45
51008,shuffled,0.9,9,0.3730087918577909,0.08,0.42149085517621754,45
51008,shuffled,0.9,10,0.39187427809553965,0.04,0.3874174003808366,45
51008,shuffled,0.9,11,0.36353076596178935,0.04,0.4141214171746154,45
51008,dense,0.0,0,0.25118807294657197,0.02,0.9999999999999999,0
51008,dense,0.0,1,0.25118807294657197,0.02,0.9999999999999999,0
51008,dense,0.0,2,0.25118807294657197,0.02,0.9999999999999999,0
51008,dense,0.0,3,0.25118807294657197,0.02,0.9999999999999999,0
51008,dense,0.0,4,0.25118807294657197,0.02,0.9999999999999999,0
51008,dense,0.0,5,0.25118807294657197,0.02,0.9999999999999999,0
51008,dense,0.0,6,0.25118807294657197,0.02,0.9999999999999999,0
51008,dense,0.0,7,0.25118807294657197,0.02,0.9999999999999999,0
51008,dense,0.0,8,0.25118807294657197,0.02,0.9999999999999999,0
51008,dense,0.0,9,0.25118807294657197,0.02,0.9999999999999999,0
51008,dense,0.0,10,0.25118807294657197,0.02,0.9999999999999999,0
51008,dense,0.0,11,0.25118807294657197,0.02,0.9999999999999999,0
51008,dense,0.25,0,0.25118807294657197,0.02,0.9999999999999999,12
51008,dense,0.25,1,0.25118807294657197,0.02,0.9999999999999999,12
51008,dense,0.25,2,0.25118807294657197,0.02,0.9999999999999999,12
51008,dense,0.25,3,0.25118807294657197,0.02,0.9999999999999999,12
51008,dense,0.25,4,0.25118807294657197,0.02,0.9999999999999999,12
51008,dense,0.25,5,0.25118807294657197,0.02,0.9999999999999999,12
51008,dense,0.25,6,0.25118807294657197,0.02,0.9999999999999999,12
51008,dense,0.25,7,0.25118807294657197,0.02,0.9999999999999999,12
51008,dense,0.25,8,0.25118807294657197,0.02,0.9999999999999999,12
51008,dense,0.25,9,0.25118807294657197,0.02,0.9999999999999999,12
51008,dense,0.25,10,0.25118807294657197,0.02,0.9999999999999999,12
51008,dense,0.25,11,0.25118807294657197,0.02,0.9999999999999999,12
51008,dense,0.5,0,0.25118807294657197,0.02,0.9999999999999999,25
51008,dense,0.5,1,0.25118807294657197,0.02,0.9999999999999999,25
51008,dense,0.5,2,0.25118807294657197,0.02,0.9999999999999999,25
51008,dense,0.5,3,0.25118807294657197,0.02,0.9999999999999999,25
51008,dense,0.5,4,0.25118807294657197,0.02,0.9999999999999999,25
51008,dense,0.5,5,0.25118807294657197,0.02,0.9999999999999999,25
51008,dense,0.5,6,0.25118807294657197,0.02,0.9999999999999999,25
51008,dense,0.5,7,0.25118807294657197,0.02,0.9999999999999999,25
51008,dense,0.5,8,0.25118807294657197,0.02,0.9999999999999999,25
51008,dense,0.5,9,0.25118807294657197,0.02,0.9999999999999999,25
51008,dense,0.5,10,0.25118807294657197,0.02,0.9999999999999999,25
51008,dense,0.5,11,0.25118807294657197,0.02,0.9999999999999999,25
51008,dense,0.75,0,0.25118807294657197,0.02,0.9999999999999999,38
51008,dense,0.75,1,0.25118807294657197,0.02,0.9999999999999999,38
51008,dense,0.75,2,0.25118807294657197,0.02,0.9999999999999999,38
51008,dense,0.75,3,0.25118807294657197,0.02,0.9999999999999999,38
51008,dense,0.75,4,0.25118807294657197,0.02,0.9999999999999999,38
51008,dense,0.75,5,0.25118807294657197,0.02,0.9999999999999999,38
51008,dense,0.75,6,0.25118807294657197,0.02,0.9999999999999999,38
51008,dense,0.75,7,0.25118807294657197,0.02,0.9999999999999999,38
51008,dense,0.75,8,0.25118807294657197,0.02,0.9999999999999999,38
51008,dense,0.75,9,0.25118807294657197,0.02,0.9999999999999999,38
51008,dense,0.75,10,0.25118807294657197,0.02,0.9999999999999999,38
51008,dense,0.75,11,0.25118807294657197,0.02,0.9999999999999999,38
51008,dense,0.9,0,0.25118807294657197,0.02,0.9999999999999999,45
51008,dense,0.9,1,0.25118807294657197,0.02,0.9999999999999999,45
51008,dense,0.9,2,0.25118807294657197,0.02,0.9999999999999999,45
51008,dense,0.9,3,0.25118807294657197,0.02,0.9999999999999999,45
51008,dense,0.9,4,0.25118807294657197,0.02,0.9999999999999999,45
51008,dense,0.9,5,0.25118807294657197,0.02,0.9999999999999999,45
51008,dense,0.9,6,0.25118807294657197,0.02,0.9999999999999999,45
51008,dense,0.9,7,0.25118807294657197,0.02,0.9999999999999999,45
51008,dense,0.9,8,0.25118807294657197,0.02,0.9999999999999999,45
51008,dense,0.9,9,0.25118807294657197,0.02,0.9999999999999999,45
51008,dense,0.9,10,0.25118807294657197,0.02,0.9999999999999999,45
51008,dense,0.9,11,0.25118807294657197,0.02,0.9999999999999999,45
51008,identity,0.0,0,0.9850656497376176,0.98,1.0,0
51008,identity,0.0,1,0.9850656497376176,0.98,1.0,0
51008,identity,0.0,2,0.9850656497376176,0.98,1.0,0
51008,identity,0.0,3,0.9850656497376176,0.98,1.0,0
51008,identity,0.0,4,0.9850656497376176,0.98,1.0,0
51008,identity,0.0,5,0.9850656497376176,0.98,1.0,0
51008,identity,0.0,6,0.9850656497376176,0.98,1.0,0
51008,identity,0.0,7,0.9850656497376176,0.98,1.0,0
51008,identity,0.0,8,0.9850656497376176,0.98,1.0,0
51008,identity,0.0,9,0.9850656497376176,0.98,1.0,0
51008,identity,0.0,10,0.9850656497376176,0.98,1.0,0
51008,identity,0.0,11,0.9850656497376176,0.98,1.0,0
51008,identity,0.25,0,0.921656441068277,0.88,0.883779939880339,12
51008,identity,0.25,1,0.8845834525573385,0.8,0.8742080727278058,12
51008,identity,0.25,2,0.7466741525910408,0.5,0.8438317529005457,12
51008,identity,0.25,3,0.8928773471922774,0.72,0.8860112339193393,12
51008,identity,0.25,4,0.8116946871757779,0.58,0.855447022414122,12
51008,identity,0.25,5,0.8886781862286138,0.78,0.8913467335086502,12
51008,identity,0.25,6,0.9213647897615722,0.78,0.8947263939974854,12
51008,identity,0.25,7,0.8766775893471838,0.72,0.8855118655050761,12
51008,identity,0.25,8,0.8334837577598815,0.58,0.8619565941524666,12
51008,identity,0.25,9,0.8405658717872048,0.74,0.8542515133940992,12
51008,identity,0.25,10,0.9142862382110133,0.66,0.9029211636461163,12
51008,identity,0.25,11,0.8677266674943465,0.66,0.873383009231557,12
51008,identity,0.5,0,0.7794966976564175,0.4,0.7579575743335509,25
51008,identity,0.5,1,0.6749012170972003,0.44,0.7099094518854412,25
51008,identity,0.5,2,0.6751371757491925,0.24,0.7200612072704128,25
51008,identity,0.5,3,0.7794731949576901,0.46,0.7698292192638634,25
51008,identity,0.5,4,0.818280816293413,0.5,0.7505548037725123,25
51008,identity,0.5,5,0.7539933158100035,0.48,0.7354998638041763,25
51008,identity,0.5,6,0.6831545644089316,0.42,0.7148139553180228,25
51008,identity,0.5,7,0.6928365970758884,0.46,0.7429953495865952,25
51008,identity,0.5,8,0.7373476531855367,0.48,0.73893973505675,25
51008,identity,0.5,9,0.7035780261151342,0.46,0.7327675642501289,25
51008,identity,0.5,10,0.8002067718184849,0.68,0.7401450841185909,25
51008,identity,0.5,11,0.7068502597007167,0.48,0.733626877712949,25
51008,identity,0.75,0,0.5126299585216612,0.1,0.6013091057672413,38
51008,identity,0.75,1,0.4807036333380368,0.12,0.6523872019603795,38
51008,identity,0.75,2,0.4899061443264216,0.1,0.6015986317781831,38
51008,identity,0.75,3,0.42870735822360695,0.08,0.5911791107957527,38
51008,identity,0.75,4,0.4832643311435612,0.12,0.6218309612860509,38
51008,identity,0.75,5,0.4139102619956568,0.08,0.6228680847330587,38
51008,identity,0.75,6,0.5316219499954097,0.12,0.6282214139202803,38
51008,identity,0.75,7,0.535201876878955,0.14,0.6104864525137311,38
51008,identity,0.75,8,0.4879709020442695,0.14,0.5942854440066033,38
51008,identity,0.75,9,0.49809051676334465,0.18,0.6377264472269669,38
51008,identity,0.75,10,0.4672069316236527,0.12,0.6191240335598412,38
51008,identity,0.75,11,0.46170926707807763,0.1,0.628405486253528,38
51008,identity,0.9,0,0.29891683560219806,0.02,0.6257544808482415,45
51008,identity,0.9,1,0.33333909400722583,0.02,0.6308624376561492,45
51008,identity,0.9,2,0.29473945050263967,0.02,0.6236894156719798,45
51008,identity,0.9,3,0.31509634037001594,0.02,0.6211322308621507,45
51008,identity,0.9,4,0.33835787903779424,0.04,0.6232336801218143,45
51008,identity,0.9,5,0.30414956913903035,0.02,0.623142537096677,45
51008,identity,0.9,6,0.3678942082510809,0.06,0.6124675133648371,45
51008,identity,0.9,7,0.32122050817627373,0.02,0.6293749799365986,45
51008,identity,0.9,8,0.33690932506754934,0.02,0.6324779845866582,45
51008,identity,0.9,9,0.33918767561213803,0.04,0.5873460891510934,45
51008,identity,0.9,10,0.3160914868993531,0.02,0.6213916231918261,45
51008,identity,0.9,11,0.325566029594141,0.02,0.6221599135658136,45
51009,normal,0.0,0,0.9350287851440704,0.7,1.0,0
51009,normal,0.0,1,0.9350287851440704,0.7,1.0,0
51009,normal,0.0,2,0.9350287851440704,0.7,1.0,0
51009,normal,0.0,3,0.9350287851440704,0.7,1.0,0
51009,normal,0.0,4,0.9350287851440704,0.7,1.0,0
51009,normal,0.0,5,0.9350287851440704,0.7,1.0,0
51009,normal,0.0,6,0.9350287851440704,0.7,1.0,0
51009,normal,0.0,7,0.9350287851440704,0.7,1.0,0
51009,normal,0.0,8,0.9350287851440704,0.7,1.0,0
51009,normal,0.0,9,0.9350287851440704,0.7,1.0,0
51009,normal,0.0,10,0.9350287851440704,0.7,1.0,0
51009,normal,0.0,11,0.9350287851440704,0.7,1.0,0
51009,normal,0.25,0,0.8099337773613581,0.34,0.7416194864144697,12
51009,normal,0.25,1,0.8098689498059113,0.32,0.7258710977329444,12
51009,normal,0.25,2,0.8812696899806614,0.5,0.7606910749242772,12
51009,normal,0.25,3,0.8101671309987398,0.42,0.7586071708693325,12
51009,normal,0.25,4,0.7884232857011056,0.28,0.7333993231525875,12
51009,normal,0.25,5,0.7924292693624373,0.46,0.7317319580804097,12
51009,normal,0.25,6,0.8397805810796268,0.38,0.7028409498402618,12
51009,normal,0.25,7,0.8708419799347881,0.4,0.8257614041823084,12
51009,normal,0.25,8,0.8770574151903611,0.46,0.8203297852334653,12
51009,normal,0.25,9,0.8417972146767302,0.28,0.7129808489961817,12
51009,normal,0.25,10,0.8113690203820962,0.42,0.7432254307501777,12
51009,normal,0.25,11,0.7663055891941908,0.34,0.7492230079186877,12
51009,normal,0.5,0,0.6264643289746773,0.22,0.46088314977997974,25
51009,normal,0.5,1,0.7499877066489887,0.22,0.576355595861332,25
51009,normal,0.5,2,0.7722940125284659,0.18,0.6262856261148989,25
51009,normal,0.5,3,0.7521666976082334,0.22,0.5987541814714736,25
51009,normal,0.5,4,0.7989749203884992,0.24,0.6724706011824708,25
51009,normal,0.5,5,0.6901716942318917,0.32,0.5132754795010772,25
51009,normal,0.5,6,0.621757872416586,0.24,0.5295616569256685,25
51009,normal,0.5,7,0.6471762770528277,0.16,0.5775576432851625,25
51009,normal,0.5,8,0.5533420984222027,0.12,0.47251473218955264,25
51009,normal,0.5,9,0.6516523230479652,0.26,0.5459944965175096,25
51009,normal,0.5,10,0.6230256312583229,0.28,0.57358110140312,25
51009,normal,0.5,11,0.5893310119828415,0.12,0.5906875966691199,25
51009,normal,0.75,0,0.4580976201589651,0.08,0.43627774443089384,38
51009,normal,0.75,1,0.5326744535884957,0.06,0.36910786751214353,38
51009,normal,0.75,2,0.4900918089864127,0.06,0.3854437602363583,38
51009,normal,0.75,3,0.4754739199816696,0.08,0.31663855897168525,38
51009,normal,0.75,4,0.5210838882383252,0.16,0.4439092682540809,38
51009,normal,0.75,5,0.4706950128930829,0.12,0.3519731055946728,38
51009,normal,0.75,6,0.5397672154428999,0.06,0.39161769190499796,38
51009,normal,0.75,7,0.6283034530789329,0.08,0.4111496975670009,38
51009,normal,0.75,8,0.5155361666631331,0.1,0.35092051403106056,38
51009,normal,0.75,9,0.4401364932117389,0.06,0.44356983832935426,38
51009,normal,0.75,10,0.5438996996190064,0.08,0.3847626707295224,38
51009,normal,0.75,11,0.426589705267763,0.12,0.3642345895457112,38
51009,normal,0.9,0,0.29383602697593747,0.04,0.4085185886428642,45
51009,normal,0.9,1,0.270127513013698,0.02,0.35735168042915455,45
51009,normal,0.9,2,0.3456472644089423,0.0,0.3811042053139016,45
51009,normal,0.9,3,0.398363073519796,0.04,0.3807985061953331,45
51009,normal,0.9,4,0.3135941168623629,0.04,0.3667050500916356,45
51009,normal,0.9,5,0.2790245440407099,0.08,0.3371028440434792,45
51009,normal,0.9,6,0.4620050029385667,0.08,0.35575363093612106,45
51009,normal,0.9,7,0.33720412545246303,0.02,0.3248674279070059,45
51009,normal,0.9,8,0.28785991098273817,0.02,0.38990531395978706,45
51009,normal,0.9,9,0.43815337775109625,0.06,0.3081310081471186,45
51009,normal,0.9,10,0.3099023454279739,0.1,0.2931790162157242,45
51009,normal,0.9,11,0.37919268918425864,0.06,0.3600144188390758,45
51009,shuffled,0.0,0,0.9319465896297028,0.72,1.0,0
51009,shuffled,0.0,1,0.9319465896297028,0.72,1.0,0
51009,shuffled,0.0,2,0.9319465896297028,0.72,1.0,0
51009,shuffled,0.0,3,0.9319465896297028,0.72,1.0,0
51009,shuffled,0.0,4,0.9319465896297028,0.72,1.0,0
51009,shuffled,0.0,5,0.9319465896297028,0.72,1.0,0
51009,shuffled,0.0,6,0.9319465896297028,0.72,1.0,0
51009,shuffled,0.0,7,0.9319465896297028,0.72,1.0,0
51009,shuffled,0.0,8,0.9319465896297028,0.72,1.0,0
51009,shuffled,0.0,9,0.9319465896297028,0.72,1.0,0
51009,shuffled,0.0,10,0.9319465896297028,0.72,1.0,0
51009,shuffled,0.0,11,0.9319465896297028,0.72,1.0,0
51009,shuffled,0.25,0,0.7859143031110477,0.38,0.7624607844579114,12
51009,shuffled,0.25,1,0.8648249392477426,0.34,0.8038557103686672,12
51009,shuffled,0.25,2,0.8256031283828115,0.32,0.7660855874860601,12
51009,shuffled,0.25,3,0.8802132991241876,0.32,0.8114560616528445,12
51009,shuffled,0.25,4,0.7746871283999626,0.36,0.7188506286044317,12
51009,shuffled,0.25,5,0.7793300624039944,0.34,0.7579676591305435,12
51009,shuffled,0.25,6,0.8100550407519015,0.26,0.7522389472817494,12
51009,shuffled,0.25,7,0.7624794854845672,0.32,0.7588837908819442,12
51009,shuffled,0.25,8,0.7514989521545151,0.32,0.7512474942296514,12
51009,shuffled,0.25,9,0.8086117818288616,0.36,0.7243060026823911,12
51009,shuffled,0.25,10,0.7884620668399098,0.24,0.7404337987665001,12
51009,shuffled,0.25,11,0.8411978582918966,0.34,0.7658968972575402,12
51009,shuffled,0.5,0,0.5820163685890813,0.16,0.5728450377720764,25
51009,shuffled,0.5,1,0.5014146923575743,0.14,0.4993590917638382,25
51009,shuffled,0.5,2,0.6001980830015032,0.22,0.5598217542623473,25
51009,shuffled,0.5,3,0.647332571534803,0.16,0.5330330525177172,25
51009,shuffled,0.5,4,0.6977898818405842,0.16,0.5442478669864935,25
51009,shuffled,0.5,5,0.6376305881970422,0.16,0.5968140232837171,25
51009,shuffled,0.5,6,0.6601962929714336,0.16,0.5153637623883839,25
51009,shuffled,0.5,7,0.6029328416950858,0.18,0.561300177670538,25
51009,shuffled,0.5,8,0.608475330791542,0.14,0.4874493359586498,25
51009,shuffled,0.5,9,0.7426684706040849,0.2,0.5438767434956416,25
51009,shuffled,0.5,10,0.6067780487493301,0.2,0.5268617817026571,25
51009,shuffled,0.5,11,0.7017552928262656,0.18,0.4998959999888855,25
51009,shuffled,0.75,0,0.5024703815124415,0.12,0.5016811373345406,38
51009,shuffled,0.75,1,0.47843076323161104,0.1,0.4735943095365581,38
51009,shuffled,0.75,2,0.5190330834322534,0.1,0.45373694551808563,38
51009,shuffled,0.75,3,0.5325185016506687,0.06,0.47440067313318396,38
51009,shuffled,0.75,4,0.4647599675341826,0.04,0.39939125319566154,38
51009,shuffled,0.75,5,0.3183709649688921,0.04,0.36209238457131965,38
51009,shuffled,0.75,6,0.47166179352274346,0.2,0.4388359545783874,38
51009,shuffled,0.75,7,0.4632709400495373,0.08,0.41459725041005896,38
51009,shuffled,0.75,8,0.37821238270837143,0.06,0.4139262322897029,38
51009,shuffled,0.75,9,0.5433649293904523,0.04,0.5018216473278616,38
51009,shuffled,0.75,10,0.5122180838575389,0.06,0.44826790343526957,38
51009,shuffled,0.75,11,0.5002287589924778,0.06,0.5071449008217838,38
51009,shuffled,0.9,0,0.46102025714983375,0.04,0.45873680431505676,45
51009,shuffled,0.9,1,0.3188601717336308,0.04,0.3905309893963031,45
51009,shuffled,0.9,2,0.34596862113382976,0.02,0.3689384673448595,45
51009,shuffled,0.9,3,0.34067041224944106,0.06,0.3709298757067906,45
51009,shuffled,0.9,4,0.37563588653404933,0.04,0.4135732033929341,45
51009,shuffled,0.9,5,0.2631285776104577,0.02,0.31627005689465654,45
51009,shuffled,0.9,6,0.3672580131338246,0.0,0.35052721098275624,45
51009,shuffled,0.9,7,0.4057952456940377,0.04,0.4070075130853826,45
51009,shuffled,0.9,8,0.41980402218075097,0.04,0.4012423313957035,45
51009,shuffled,0.9,9,0.38618613690394293,0.06,0.34899138260015955,45
51009,shuffled,0.9,10,0.34013159176318153,0.04,0.4007407188794672,45
51009,shuffled,0.9,11,0.3263414998122983,0.06,0.39765343814549586,45
51009,dense,0.0,0,0.24247855866476498,0.02,0.9999999999999999,0
51009,dense,0.0,1,0.24247855866476498,0.02,0.9999999999999999,0
51009,dense,0.0,2,0.24247855866476498,0.02,0.9999999999999999,0
51009,dense,0.0,3,0.24247855866476498,0.02,0.9999999999999999,0
51009,dense,0.0,4,0.24247855866476498,0.02,0.9999999999999999,0
51009,dense,0.0,5,0.24247855866476498,0.02,0.9999999999999999,0
51009,dense,0.0,6,0.24247855866476498,0.02,0.9999999999999999,0
51009,dense,0.0,7,0.24247855866476498,0.02,0.9999999999999999,0
51009,dense,0.0,8,0.24247855866476498,0.02,0.9999999999999999,0
51009,dense,0.0,9,0.24247855866476498,0.02,0.9999999999999999,0
51009,dense,0.0,10,0.24247855866476498,0.02,0.9999999999999999,0
51009,dense,0.0,11,0.24247855866476498,0.02,0.9999999999999999,0
51009,dense,0.25,0,0.24247855866476498,0.02,0.9999999999999999,12
51009,dense,0.25,1,0.24247855866476498,0.02,0.9999999999999999,12
51009,dense,0.25,2,0.24247855866476498,0.02,0.9999999999999999,12
51009,dense,0.25,3,0.24247855866476498,0.02,0.9999999999999999,12
51009,dense,0.25,4,0.24247855866476498,0.02,0.9999999999999999,12
51009,dense,0.25,5,0.24247855866476498,0.02,0.9999999999999999,12
51009,dense,0.25,6,0.24247855866476498,0.02,0.9999999999999999,12
51009,dense,0.25,7,0.24247855866476498,0.02,0.9999999999999999,12
51009,dense,0.25,8,0.24247855866476498,0.02,0.9999999999999999,12
51009,dense,0.25,9,0.24247855866476498,0.02,0.9999999999999999,12
51009,dense,0.25,10,0.24247855866476498,0.02,0.9999999999999999,12
51009,dense,0.25,11,0.24247855866476498,0.02,0.9999999999999999,12
51009,dense,0.5,0,0.24247855866476498,0.02,0.9999999999999999,25
51009,dense,0.5,1,0.24247855866476498,0.02,0.9999999999999999,25
51009,dense,0.5,2,0.24247855866476498,0.02,0.9999999999999999,25
51009,dense,0.5,3,0.24247855866476498,0.02,0.9999999999999999,25
51009,dense,0.5,4,0.24247855866476498,0.02,0.9999999999999999,25
51009,dense,0.5,5,0.24247855866476498,0.02,0.9999999999999999,25
51009,dense,0.5,6,0.24247855866476498,0.02,0.9999999999999999,25
51009,dense,0.5,7,0.24247855866476498,0.02,0.9999999999999999,25
51009,dense,0.5,8,0.24247855866476498,0.02,0.9999999999999999,25
51009,dense,0.5,9,0.24247855866476498,0.02,0.9999999999999999,25
51009,dense,0.5,10,0.24247855866476498,0.02,0.9999999999999999,25
51009,dense,0.5,11,0.24247855866476498,0.02,0.9999999999999999,25
51009,dense,0.75,0,0.24247855866476498,0.02,0.9999999999999999,38
51009,dense,0.75,1,0.24247855866476498,0.02,0.9999999999999999,38
51009,dense,0.75,2,0.24247855866476498,0.02,0.9999999999999999,38
51009,dense,0.75,3,0.24247855866476498,0.02,0.9999999999999999,38
51009,dense,0.75,4,0.24247855866476498,0.02,0.9999999999999999,38
51009,dense,0.75,5,0.24247855866476498,0.02,0.9999999999999999,38
51009,dense,0.75,6,0.24247855866476498,0.02,0.9999999999999999,38
51009,dense,0.75,7,0.24247855866476498,0.02,0.9999999999999999,38
51009,dense,0.75,8,0.24247855866476498,0.02,0.9999999999999999,38
51009,dense,0.75,9,0.24247855866476498,0.02,0.9999999999999999,38
51009,dense,0.75,10,0.24247855866476498,0.02,0.9999999999999999,38
51009,dense,0.75,11,0.24247855866476498,0.02,0.9999999999999999,38
51009,dense,0.9,0,0.24247855866476498,0.02,0.9999999999999999,45
51009,dense,0.9,1,0.24247855866476498,0.02,0.9999999999999999,45
51009,dense,0.9,2,0.24247855866476498,0.02,0.9999999999999999,45
51009,dense,0.9,3,0.24247855866476498,0.02,0.9999999999999999,45
51009,dense,0.9,4,0.24247855866476498,0.02,0.9999999999999999,45
51009,dense,0.9,5,0.24247855866476498,0.02,0.9999999999999999,45
51009,dense,0.9,6,0.24247855866476498,0.02,0.9999999999999999,45
51009,dense,0.9,7,0.24247855866476498,0.02,0.9999999999999999,45
51009,dense,0.9,8,0.24247855866476498,0.02,0.9999999999999999,45
51009,dense,0.9,9,0.24247855866476498,0.02,0.9999999999999999,45
51009,dense,0.9,10,0.24247855866476498,0.02,0.9999999999999999,45
51009,dense,0.9,11,0.24247855866476498,0.02,0.9999999999999999,45
51009,identity,0.0,0,0.9576035465563117,0.92,1.0,0
51009,identity,0.0,1,0.9576035465563117,0.92,1.0,0
51009,identity,0.0,2,0.9576035465563117,0.92,1.0,0
51009,identity,0.0,3,0.9576035465563117,0.92,1.0,0
51009,identity,0.0,4,0.9576035465563117,0.92,1.0,0
51009,identity,0.0,5,0.9576035465563117,0.92,1.0,0
51009,identity,0.0,6,0.9576035465563117,0.92,1.0,0
51009,identity,0.0,7,0.9576035465563117,0.92,1.0,0
51009,identity,0.0,8,0.9576035465563117,0.92,1.0,0
51009,identity,0.0,9,0.9576035465563117,0.92,1.0,0
51009,identity,0.0,10,0.9576035465563117,0.92,1.0,0
51009,identity,0.0,11,0.9576035465563117,0.92,1.0,0
51009,identity,0.25,0,0.8907794054773494,0.74,0.8822444379379644,12
51009,identity,0.25,1,0.8231940945586064,0.56,0.8627101457375034,12
51009,identity,0.25,2,0.9059214737904467,0.8,0.8984372058338107,12
51009,identity,0.25,3,0.849842892234827,0.58,0.875663285312707,12
51009,identity,0.25,4,0.8673888215893387,0.6,0.8875045310000204,12
51009,identity,0.25,5,0.854786506914976,0.6,0.8758287154924467,12
51009,identity,0.25,6,0.9129050010322558,0.84,0.8876099731942744,12
51009,identity,0.25,7,0.888688024945331,0.68,0.8828531280156084,12
51009,identity,0.25,8,0.8595640908869,0.6,0.8913567046245784,12
51009,identity,0.25,9,0.9090928531515455,0.76,0.8922539031206627,12
51009,identity,0.25,10,0.9240348160459934,0.78,0.901363132665327,12
51009,identity,0.25,11,0.8699269120006546,0.64,0.8900546376670768,12
51009,identity,0.5,0,0.6095855773967167,0.12,0.7236658598041135,25
51009,identity,0.5,1,0.7338195033979248,0.36,0.7506670318773163,25
51009,identity,0.5,2,0.7179678857489933,0.2,0.7476108243956946,25
51009,identity,0.5,3,0.6805721591669119,0.24,0.7275949779740161,25
51009,identity,0.5,4,0.7163736438400511,0.36,0.7575618975854946,25
51009,identity,0.5,5,0.7962310294462476,0.44,0.7632560796942771,25
51009,identity,0.5,6,0.7832966714035834,0.34,0.7675793440949151,25
51009,identity,0.5,7,0.6889086445966179,0.18,0.7500706331329419,25
51009,identity,0.5,8,0.7528280565626971,0.32,0.762367322640812,25
51009,identity,0.5,9,0.7390230737419352,0.34,0.7452766290191388,25
51009,identity,0.5,10,0.7063697056301298,0.36,0.7492914156785215,25
51009,identity,0.5,11,0.6827485291426652,0.22,0.729369564158756,25
51009,identity,0.75,0,0.43596088393464527,0.06,0.6401611167450632,38
51009,identity,0.75,1,0.5051584144402081,0.06,0.6516242580847466,38
51009,identity,0.75,2,0.5954277057107905,0.16,0.6294584567735554,38
51009,identity,0.75,3,0.5264941183138527,0.16,0.6179963531692336,38
51009,identity,0.75,4,0.4701574227731744,0.08,0.5935285308277574,38
51009,identity,0.75,5,0.5324522305555655,0.1,0.5987543231248789,38
51009,identity,0.75,6,0.4806643682629568,0.16,0.5958694509863741,38
51009,identity,0.75,7,0.42950121044211714,0.08,0.6577700693802389,38
51009,identity,0.75,8,0.457360143716375,0.06,0.5945313314908791,38
51009,identity,0.75,9,0.49270600948739746,0.12,0.621935764788637,38
51009,identity,0.75,10,0.4194417284796129,0.12,0.6356577463949589,38
51009,identity,0.75,11,0.5315751997040636,0.08,0.5975164640972771,38
51009,identity,0.9,0,0.3225627944871897,0.02,0.6201507190253343,45
51009,identity,0.9,1,0.345626841610678,0.04,0.6361628925395112,45
51009,identity,0.9,2,0.2850138673943826,0.04,0.6322279621753243,45
51009,identity,0.9,3,0.38513486909237876,0.08,0.6395358842740358,45
51009,identity,0.9,4,0.34003633352586876,0.04,0.6266470255727055,45
51009,identity,0.9,5,0.37698966460179784,0.04,0.6394019387627585,45
51009,identity,0.9,6,0.36520991752313825,0.04,0.626191291329646,45
51009,identity,0.9,7,0.3422864565669842,0.04,0.6479463971482424,45
51009,identity,0.9,8,0.35608929355502916,0.08,0.65664548563962,45
51009,identity,0.9,9,0.30731413797363294,0.02,0.629405139860065,45
51009,identity,0.9,10,0.3609703087215825,0.02,0.6311494759512422,45
51009,identity,0.9,11,0.3395607509632617,0.04,0.6434175953315214,45
51010,normal,0.0,0,0.9599466499437819,0.78,1.0,0
51010,normal,0.0,1,0.9599466499437819,0.78,1.0,0
51010,normal,0.0,2,0.9599466499437819,0.78,1.0,0
51010,normal,0.0,3,0.9599466499437819,0.78,1.0,0
51010,normal,0.0,4,0.9599466499437819,0.78,1.0,0
51010,normal,0.0,5,0.9599466499437819,0.78,1.0,0
51010,normal,0.0,6,0.9599466499437819,0.78,1.0,0
51010,normal,0.0,7,0.9599466499437819,0.78,1.0,0
51010,normal,0.0,8,0.9599466499437819,0.78,1.0,0
51010,normal,0.0,9,0.9599466499437819,0.78,1.0,0
51010,normal,0.0,10,0.9599466499437819,0.78,1.0,0
51010,normal,0.0,11,0.9599466499437819,0.78,1.0,0
51010,normal,0.25,0,0.8891655619101865,0.4,0.8267065262822777,12
51010,normal,0.25,1,0.829782055363236,0.38,0.7701689534392258,12
51010,normal,0.25,2,0.8180752126299571,0.36,0.7699260438724138,12
51010,normal,0.25,3,0.8568242614123988,0.32,0.7109568632915833,12
51010,normal,0.25,4,0.7320696313962904,0.3,0.7059114988981495,12
51010,normal,0.25,5,0.8585635396004975,0.32,0.7003515279315927,12
51010,normal,0.25,6,0.8026380175926754,0.28,0.7324769511682852,12
51010,normal,0.25,7,0.8029072777245032,0.38,0.7516448887612551,12
51010,normal,0.25,8,0.8998144821285093,0.38,0.7919077535427587,12
51010,normal,0.25,9,0.8219664690417207,0.26,0.7376440304803432,12
51010,normal,0.25,10,0.8589890994053961,0.34,0.7089516493012298,12
51010,normal,0.25,11,0.8860553143588572,0.44,0.7416426529676908,12
51010,normal,0.5,0,0.6287199577498204,0.22,0.5213663402704449,25
51010,normal,0.5,1,0.5994919450299594,0.18,0.5382402278222418,25
51010,normal,0.5,2,0.7360773033939444,0.2,0.6263164855683258,25
51010,normal,0.5,3,0.6189653379733554,0.18,0.5101425293792213,25
51010,normal,0.5,4,0.6098779754518,0.2,0.5918809612402745,25
51010,normal,0.5,5,0.7006141734043213,0.18,0.6034714451284188,25
51010,normal,0.5,6,0.6448635440865361,0.16,0.5394575407038661,25
51010,normal,0.5,7,0.6118389196905301,0.2,0.6287467311312327,25
51010,normal,0.5,8,0.6331456438095913,0.2,0.5462999429832363,25
51010,normal,0.5,9,0.5365380219123587,0.12,0.52403533884674,25
51010,normal,0.5,10,0.6132992158760717,0.1,0.6133412309892913,25
51010,normal,0.5,11,0.7257353435107601,0.2,0.5957284667747828,25
51010,normal,0.75,0,0.4504879641187864,0.08,0.441762147882689,38
51010,normal,0.75,1,0.45074383665837464,0.12,0.41732943083623786,38
51010,normal,0.75,2,0.5382117823593172,0.08,0.4410559030285114,38
51010,normal,0.75,3,0.4751965924092733,0.12,0.44326447489648985,38
51010,normal,0.75,4,0.3257526280232663,0.02,0.42657357951961045,38
51010,normal,0.75,5,0.3886164865053857,0.04,0.45332024917205865,38
51010,normal,0.75,6,0.33467186148310346,0.02,0.4010252108639966,38
51010,normal,0.75,7,0.3803480938439748,0.06,0.4131577269187274,38
51010,normal,0.75,8,0.5262233714125487,0.08,0.4190226027715459,38
51010,normal,0.75,9,0.5022655025344563,0.02,0.4194152895961546,38
51010,normal,0.75,10,0.338764298973976,0.08,0.3809721362221948,38
51010,normal,0.75,11,0.36415037151258955,0.06,0.4050827682958456,38
51010,normal,0.9,0,0.4083940110046919,0.02,0.4097316309556577,45
51010,normal,0.9,1,0.30775716131674896,0.0,0.28521678283536245,45
51010,normal,0.9,2,0.3183029762880584,0.0,0.42923136207810914,45
51010,normal,0.9,3,0.448299300516792,0.06,0.4096477899294105,45
51010,normal,0.9,4,0.4258287160829275,0.04,0.30343459539108414,45
51010,normal,0.9,5,0.36001100952215637,0.02,0.40082629481481274,45
51010,normal,0.9,6,0.3843638102718103,0.0,0.3564269063099569,45
51010,normal,0.9,7,0.3172719073106212,0.0,0.3531924755392717,45
51010,normal,0.9,8,0.359796247744395,0.0,0.3849707694653914,45
51010,normal,0.9,9,0.28725461793304646,0.0,0.2939318406996202,45
51010,normal,0.9,10,0.4093186497455431,0.02,0.44089323201634273,45
51010,normal,0.9,11,0.36667833404687955,0.02,0.3353592541250204,45
51010,shuffled,0.0,0,0.9639529203717514,0.76,1.0,0
51010,shuffled,0.0,1,0.9639529203717514,0.76,1.0,0
51010,shuffled,0.0,2,0.9639529203717514,0.76,1.0,0
51010,shuffled,0.0,3,0.9639529203717514,0.76,1.0,0
51010,shuffled,0.0,4,0.9639529203717514,0.76,1.0,0
51010,shuffled,0.0,5,0.9639529203717514,0.76,1.0,0
51010,shuffled,0.0,6,0.9639529203717514,0.76,1.0,0
51010,shuffled,0.0,7,0.9639529203717514,0.76,1.0,0
51010,shuffled,0.0,8,0.9639529203717514,0.76,1.0,0
51010,shuffled,0.0,9,0.9639529203717514,0.76,1.0,0
51010,shuffled,0.0,10,0.9639529203717514,0.76,1.0,0
51010,shuffled,0.0,11,0.9639529203717514,0.76,1.0,0
51010,shuffled,0.25,0,0.7816138432687079,0.32,0.6392558860023461,12
51010,shuffled,0.25,1,0.8498316107622726,0.38,0.7247964480211975,12
51010,shuffled,0.25,2,0.8565173677847713,0.3,0.7851626792283675,12
51010,shuffled,0.25,3,0.8920487845386775,0.36,0.7526099651313066,12
51010,shuffled,0.25,4,0.858069405489881,0.34,0.7355174857297893,12
51010,shuffled,0.25,5,0.8170079113974837,0.46,0.7893074394614594,12
51010,shuffled,0.25,6,0.8652827228609751,0.28,0.7587488881086945,12
51010,shuffled,0.25,7,0.8287465071486513,0.4,0.6972675901570211,12
51010,shuffled,0.25,8,0.8539614412864434,0.26,0.7797708272269855,12
51010,shuffled,0.25,9,0.8435555153579749,0.24,0.7199374437361752,12
51010,shuffled,0.25,10,0.8449707911253971,0.42,0.738808642929157,12
51010,shuffled,0.25,11,0.8273076508429088,0.26,0.820753461284353,12
51010,shuffled,0.5,0,0.5672017481610421,0.16,0.5574007873373924,25
51010,shuffled,0.5,1,0.8289705544154772,0.24,0.659256308326711,25
51010,shuffled,0.5,2,0.7037402016986373,0.24,0.5881237065204031,25
51010,shuffled,0.5,3,0.6824439673569855,0.24,0.4913170519833885,25
51010,shuffled,0.5,4,0.6082021149344731,0.18,0.6280935548187988,25
51010,shuffled,0.5,5,0.6419277867826394,0.14,0.5507677036779693,25
51010,shuffled,0.5,6,0.6814668059129105,0.12,0.5540312338432767,25
51010,shuffled,0.5,7,0.7549110069550573,0.22,0.5684912917999214,25
51010,shuffled,0.5,8,0.7108438011337698,0.2,0.5491576209873411,25
51010,shuffled,0.5,9,0.638734107967232,0.14,0.5426562171750926,25
51010,shuffled,0.5,10,0.5869344792956143,0.22,0.4930337201220847,25
51010,shuffled,0.5,11,0.7278013118913753,0.2,0.6007420287251568,25
51010,shuffled,0.75,0,0.38681291026684866,0.02,0.35706482986056653,38
51010,shuffled,0.75,1,0.45086511004035823,0.06,0.39725433055173404,38
51010,shuffled,0.75,2,0.3455686029248203,0.06,0.3614300519837256,38
51010,shuffled,0.75,3,0.5438146963863933,0.1,0.42506547765022307,38
51010,shuffled,0.75,4,0.47133741919062494,0.08,0.44151973570286723,38
51010,shuffled,0.75,5,0.3752010799520211,0.06,0.37665009388504317,38
51010,shuffled,0.75,6,0.45782348388267186,0.1,0.45243055729874065,38
51010,shuffled,0.75,7,0.3754262747258023,0.1,0.3788135833526959,38
51010,shuffled,0.75,8,0.5251258261270391,0.06,0.4240929910609734,38
51010,shuffled,0.75,9,0.4681786780724691,0.06,0.4665584827288624,38
51010,shuffled,0.75,10,0.49010826380102057,0.06,0.4773456703065177,38
51010,shuffled,0.75,11,0.4385283821182291,0.04,0.37696138008208047,38
51010,shuffled,0.9,0,0.38889121839013774,0.02,0.3671205768508894,45
51010,shuffled,0.9,1,0.42033230411695116,0.08,0.4045858727282025,45
51010,shuffled,0.9,2,0.30002491441337137,0.02,0.37565636880103753,45
51010,shuffled,0.9,3,0.24878154591969626,0.0,0.3527008721038733,45
51010,shuffled,0.9,4,0.4361788097110431,0.1,0.35548947186321006,45
51010,shuffled,0.9,5,0.4409381546951239,0.1,0.35744149345338655,45
51010,shuffled,0.9,6,0.42871534350736135,0.06,0.3517109726943824,45
51010,shuffled,0.9,7,0.33836687531499654,0.06,0.3015702101701266,45
51010,shuffled,0.9,8,0.35885762775419844,0.0,0.3198166029370497,45
51010,shuffled,0.9,9,0.37397022264248997,0.04,0.36225687445511234,45
51010,shuffled,0.9,10,0.3685728076895166,0.02,0.39715761182259735,45
51010,shuffled,0.9,11,0.3634274872771436,0.02,0.33577518281316676,45
51010,dense,0.0,0,0.22896974347842722,0.02,0.9999999999999999,0
51010,dense,0.0,1,0.22896974347842722,0.02,0.9999999999999999,0
51010,dense,0.0,2,0.22896974347842722,0.02,0.9999999999999999,0
51010,dense,0.0,3,0.22896974347842722,0.02,0.9999999999999999,0
51010,dense,0.0,4,0.22896974347842722,0.02,0.9999999999999999,0
51010,dense,0.0,5,0.22896974347842722,0.02,0.9999999999999999,0
51010,dense,0.0,6,0.22896974347842722,0.02,0.9999999999999999,0
51010,dense,0.0,7,0.22896974347842722,0.02,0.9999999999999999,0
51010,dense,0.0,8,0.22896974347842722,0.02,0.9999999999999999,0
51010,dense,0.0,9,0.22896974347842722,0.02,0.9999999999999999,0
51010,dense,0.0,10,0.22896974347842722,0.02,0.9999999999999999,0
51010,dense,0.0,11,0.22896974347842722,0.02,0.9999999999999999,0
51010,dense,0.25,0,0.22896974347842722,0.02,0.9999999999999999,12
51010,dense,0.25,1,0.22896974347842722,0.02,0.9999999999999999,12
51010,dense,0.25,2,0.22896974347842722,0.02,0.9999999999999999,12
51010,dense,0.25,3,0.22896974347842722,0.02,0.9999999999999999,12
51010,dense,0.25,4,0.22896974347842722,0.02,0.9999999999999999,12
51010,dense,0.25,5,0.22896974347842722,0.02,0.9999999999999999,12
51010,dense,0.25,6,0.22896974347842722,0.02,0.9999999999999999,12
51010,dense,0.25,7,0.22896974347842722,0.02,0.9999999999999999,12
51010,dense,0.25,8,0.22896974347842722,0.02,0.9999999999999999,12
51010,dense,0.25,9,0.22896974347842722,0.02,0.9999999999999999,12
51010,dense,0.25,10,0.22896974347842722,0.02,0.9999999999999999,12
51010,dense,0.25,11,0.22896974347842722,0.02,0.9999999999999999,12
51010,dense,0.5,0,0.22896974347842722,0.02,0.9999999999999999,25
51010,dense,0.5,1,0.22896974347842722,0.02,0.9999999999999999,25
51010,dense,0.5,2,0.22896974347842722,0.02,0.9999999999999999,25
51010,dense,0.5,3,0.22896974347842722,0.02,0.9999999999999999,25
51010,dense,0.5,4,0.22896974347842722,0.02,0.9999999999999999,25
51010,dense,0.5,5,0.22896974347842722,0.02,0.9999999999999999,25
51010,dense,0.5,6,0.22896974347842722,0.02,0.9999999999999999,25
51010,dense,0.5,7,0.22896974347842722,0.02,0.9999999999999999,25
51010,dense,0.5,8,0.22896974347842722,0.02,0.9999999999999999,25
51010,dense,0.5,9,0.22896974347842722,0.02,0.9999999999999999,25
51010,dense,0.5,10,0.22896974347842722,0.02,0.9999999999999999,25
51010,dense,0.5,11,0.22896974347842722,0.02,0.9999999999999999,25
51010,dense,0.75,0,0.22896974347842722,0.02,0.9999999999999999,38
51010,dense,0.75,1,0.22896974347842722,0.02,0.9999999999999999,38
51010,dense,0.75,2,0.22896974347842722,0.02,0.9999999999999999,38
51010,dense,0.75,3,0.22896974347842722,0.02,0.9999999999999999,38
51010,dense,0.75,4,0.22896974347842722,0.02,0.9999999999999999,38
51010,dense,0.75,5,0.22896974347842722,0.02,0.9999999999999999,38
51010,dense,0.75,6,0.22896974347842722,0.02,0.9999999999999999,38
51010,dense,0.75,7,0.22896974347842722,0.02,0.9999999999999999,38
51010,dense,0.75,8,0.22896974347842722,0.02,0.9999999999999999,38
51010,dense,0.75,9,0.22896974347842722,0.02,0.9999999999999999,38
51010,dense,0.75,10,0.22896974347842722,0.02,0.9999999999999999,38
51010,dense,0.75,11,0.22896974347842722,0.02,0.9999999999999999,38
51010,dense,0.9,0,0.22896974347842722,0.02,0.9999999999999999,45
51010,dense,0.9,1,0.22896974347842722,0.02,0.9999999999999999,45
51010,dense,0.9,2,0.22896974347842722,0.02,0.9999999999999999,45
51010,dense,0.9,3,0.22896974347842722,0.02,0.9999999999999999,45
51010,dense,0.9,4,0.22896974347842722,0.02,0.9999999999999999,45
51010,dense,0.9,5,0.22896974347842722,0.02,0.9999999999999999,45
51010,dense,0.9,6,0.22896974347842722,0.02,0.9999999999999999,45
51010,dense,0.9,7,0.22896974347842722,0.02,0.9999999999999999,45
51010,dense,0.9,8,0.22896974347842722,0.02,0.9999999999999999,45
51010,dense,0.9,9,0.22896974347842722,0.02,0.9999999999999999,45
51010,dense,0.9,10,0.22896974347842722,0.02,0.9999999999999999,45
51010,dense,0.9,11,0.22896974347842722,0.02,0.9999999999999999,45
51010,identity,0.0,0,0.9904028057897111,0.98,1.0,0
51010,identity,0.0,1,0.9904028057897111,0.98,1.0,0
51010,identity,0.0,2,0.9904028057897111,0.98,1.0,0
51010,identity,0.0,3,0.9904028057897111,0.98,1.0,0
51010,identity,0.0,4,0.9904028057897111,0.98,1.0,0
51010,identity,0.0,5,0.9904028057897111,0.98,1.0,0
51010,identity,0.0,6,0.9904028057897111,0.98,1.0,0
51010,identity,0.0,7,0.9904028057897111,0.98,1.0,0
51010,identity,0.0,8,0.9904028057897111,0.98,1.0,0
51010,identity,0.0,9,0.9904028057897111,0.98,1.0,0
51010,identity,0.0,10,0.9904028057897111,0.98,1.0,0
51010,identity,0.0,11,0.9904028057897111,0.98,1.0,0
51010,identity,0.25,0,0.9115116013215794,0.7,0.8945779472127751,12
51010,identity,0.25,1,0.8882919477343333,0.88,0.8867742801951677,12
51010,identity,0.25,2,0.934879344450406,0.88,0.8868044932773508,12
51010,identity,0.25,3,0.9309313359261562,0.74,0.9057996721501332,12
51010,identity,0.25,4,0.8418964145889888,0.76,0.8840022095789185,12
51010,identity,0.25,5,0.9139967668648995,0.78,0.8853777734163552,12
51010,identity,0.25,6,0.877815755830058,0.76,0.8919428018051803,12
51010,identity,0.25,7,0.9275075240440573,0.9,0.8949425582180769,12
51010,identity,0.25,8,0.8601990976298236,0.74,0.8913308470439917,12
51010,identity,0.25,9,0.9097927553487503,0.88,0.8864710669192404,12
51010,identity,0.25,10,0.9236008923692292,0.78,0.892642180816413,12
51010,identity,0.25,11,0.9130501958459621,0.82,0.8833080497501584,12
51010,identity,0.5,0,0.7055525300077641,0.46,0.7593893613303335,25
51010,identity,0.5,1,0.6346860740185647,0.3,0.7254255095498702,25
51010,identity,0.5,2,0.6643967928602466,0.36,0.7302727408023473,25
51010,identity,0.5,3,0.7832625021762609,0.3,0.762854825658018,25
51010,identity,0.5,4,0.6767494397739248,0.38,0.7580172406947072,25
51010,identity,0.5,5,0.6892176907145321,0.38,0.739082333195045,25
51010,identity,0.5,6,0.6383897640270806,0.44,0.7475741741940393,25
51010,identity,0.5,7,0.6783900954334802,0.46,0.7400295405996361,25
51010,identity,0.5,8,0.6586908651396695,0.4,0.7516393702091684,25
51010,identity,0.5,9,0.620815866762519,0.18,0.7622658523760175,25
51010,identity,0.5,10,0.6970799727812446,0.44,0.7512001703954434,25
51010,identity,0.5,11,0.6641345173433593,0.36,0.7575793542377361,25
51010,identity,0.75,0,0.4143884739162951,0.16,0.6208133502894931,38
51010,identity,0.75,1,0.39001797903314994,0.14,0.6123243442850235,38
51010,identity,0.75,2,0.4363277810525639,0.08,0.6294955035363369,38
51010,identity,0.75,3,0.4014181772330324,0.08,0.5906043058941974,38
51010,identity,0.75,4,0.4583322511541836,0.08,0.6219230432705989,38
51010,identity,0.75,5,0.417734683996858,0.08,0.6526637958502114,38
51010,identity,0.75,6,0.4424152770681189,0.1,0.6253201381861274,38
51010,identity,0.75,7,0.42212506775812336,0.06,0.5945830638373516,38
51010,identity,0.75,8,0.3623302102675385,0.1,0.625362817403701,38
51010,identity,0.75,9,0.43056687116151954,0.14,0.6100455136412023,38
51010,identity,0.75,10,0.4403063430565745,0.14,0.6251371319595291,38
51010,identity,0.75,11,0.37997529794821444,0.1,0.6143330889628128,38
51010,identity,0.9,0,0.34151128138253595,0.06,0.6297987648546909,45
51010,identity,0.9,1,0.3266620234588347,0.04,0.6336759233779391,45
51010,identity,0.9,2,0.3502929920297796,0.08,0.6255314826624168,45
51010,identity,0.9,3,0.3515658940521043,0.06,0.6296548323517461,45
51010,identity,0.9,4,0.3927992470413904,0.06,0.6353391255065388,45
51010,identity,0.9,5,0.388115339078702,0.06,0.6333655451237312,45
51010,identity,0.9,6,0.3382868826952432,0.04,0.6526506084569732,45
51010,identity,0.9,7,0.3787402502934578,0.04,0.6280473275867821,45
51010,identity,0.9,8,0.29020769312307204,0.02,0.6370870741813206,45
51010,identity,0.9,9,0.3324857101527287,0.06,0.6363555964219592,45
51010,identity,0.9,10,0.38038133302156524,0.04,0.6190581508340428,45
51010,identity,0.9,11,0.3693359745720059,0.06,0.5984495061154146,45
51011,normal,0.0,0,0.9277180471018162,0.6,1.0,0
51011,normal,0.0,1,0.9277180471018162,0.6,1.0,0
51011,normal,0.0,2,0.9277180471018162,0.6,1.0,0
51011,normal,0.0,3,0.9277180471018162,0.6,1.0,0
51011,normal,0.0,4,0.9277180471018162,0.6,1.0,0
51011,normal,0.0,5,0.9277180471018162,0.6,1.0,0
51011,normal,0.0,6,0.9277180471018162,0.6,1.0,0
51011,normal,0.0,7,0.9277180471018162,0.6,1.0,0
51011,normal,0.0,8,0.9277180471018162,0.6,1.0,0
51011,normal,0.0,9,0.9277180471018162,0.6,1.0,0
51011,normal,0.0,10,0.9277180471018162,0.6,1.0,0
51011,normal,0.0,11,0.9277180471018162,0.6,1.0,0
51011,normal,0.25,0,0.8459842721495373,0.38,0.7098118529628402,12
51011,normal,0.25,1,0.7175891296491169,0.32,0.6717675345580182,12
51011,normal,0.25,2,0.8033430766162415,0.34,0.7053931007257485,12
51011,normal,0.25,3,0.8639646384670888,0.5,0.7741031067208634,12
51011,normal,0.25,4,0.844894232305571,0.3,0.7024732490422665,12
51011,normal,0.25,5,0.829604843813838,0.38,0.7291697805028003,12
51011,normal,0.25,6,0.8306204247418492,0.42,0.7162406020138609,12
51011,normal,0.25,7,0.7775585451044579,0.38,0.6673496555226841,12
51011,normal,0.25,8,0.8613373851384278,0.5,0.723479847416489,12
51011,normal,0.25,9,0.8091059641286334,0.28,0.6559102653305934,12
51011,normal,0.25,10,0.7850635165089943,0.3,0.6692177186678258,12
51011,normal,0.25,11,0.7353268645504342,0.22,0.6926354884683241,12
51011,normal,0.5,0,0.6011862253572295,0.14,0.5699529677263472,25
51011,normal,0.5,1,0.5577303194700063,0.14,0.5106649226042401,25
51011,normal,0.5,2,0.7437846825053405,0.24,0.5600245909914344,25
51011,normal,0.5,3,0.7213964196105641,0.24,0.5631932106422881,25
51011,normal,0.5,4,0.5784846070264684,0.14,0.4805939216893336,25
51011,normal,0.5,5,0.6578171680581981,0.2,0.5578534900128347,25
51011,normal,0.5,6,0.5653228953552084,0.16,0.5524764641190764,25
51011,normal,0.5,7,0.747283395775662,0.36,0.5817103483444386,25
51011,normal,0.5,8,0.733182343978741,0.3,0.6476540448192059,25
51011,normal,0.5,9,0.6694702511026236,0.18,0.5917044233169264,25
51011,normal,0.5,10,0.5759693782583845,0.18,0.5241000152941472,25
51011,normal,0.5,11,0.7246622402240355,0.2,0.48620592919607447,25
51011,normal,0.75,0,0.3613831308672492,0.04,0.40806958860000714,38
51011,normal,0.75,1,0.49242462895167755,0.08,0.48631527614624015,38
51011,normal,0.75,2,0.5526096443288605,0.12,0.4254017125894437,38
51011,normal,0.75,3,0.5755371578719299,0.16,0.4071220829208552,38
51011,normal,0.75,4,0.4964085621203837,0.1,0.4416186734937243,38
51011,normal,0.75,5,0.3206085016249428,0.02,0.3911933511351679,38
51011,normal,0.75,6,0.439918780544426,0.04,0.4356226525862484,38
51011,normal,0.75,7,0.42991621412377307,0.1,0.33279367960975725,38
51011,normal,0.75,8,0.4673601747268068,0.18,0.49861129857970665,38
51011,normal,0.75,9,0.5084321808038508,0.08,0.4307525479829233,38
51011,normal,0.75,10,0.48517853313225706,0.1,0.44319102633334223,38
51011,normal,0.75,11,0.6346204610915815,0.1,0.3862067518504992,38
51011,normal,0.9,0,0.2855545745050169,0.04,0.3737556874658562,45
51011,normal,0.9,1,0.26209578353308255,0.0,0.38763114084192835,45
51011,normal,0.9,2,0.45769045841033545,0.04,0.42312555181564604,45
51011,normal,0.9,3,0.2853023446899158,0.02,0.41542314394296376,45
51011,normal,0.9,4,0.37732804807237535,0.04,0.4350037795796691,45
51011,normal,0.9,5,0.4011785152350177,0.04,0.4161674851473245,45
51011,normal,0.9,6,0.4765842905705332,0.08,0.41830031548246693,45
51011,normal,0.9,7,0.4054676399319439,0.04,0.4185593709566325,45
51011,normal,0.9,8,0.34899606671536804,0.02,0.4376030127340828,45
51011,normal,0.9,9,0.2848923526712845,0.02,0.3793665053606997,45
51011,normal,0.9,10,0.39662262493070954,0.02,0.4248435733995591,45
51011,normal,0.9,11,0.4074542602658349,0.04,0.37955148817507706,45
51011,shuffled,0.0,0,0.9433615457971269,0.76,1.0,0
51011,shuffled,0.0,1,0.9433615457971269,0.76,1.0,0
51011,shuffled,0.0,2,0.9433615457971269,0.76,1.0,0
51011,shuffled,0.0,3,0.9433615457971269,0.76,1.0,0
51011,shuffled,0.0,4,0.9433615457971269,0.76,1.0,0
51011,shuffled,0.0,5,0.9433615457971269,0.76,1.0,0
51011,shuffled,0.0,6,0.9433615457971269,0.76,1.0,0
51011,shuffled,0.0,7,0.9433615457971269,0.76,1.0,0
51011,shuffled,0.0,8,0.9433615457971269,0.76,1.0,0
51011,shuffled,0.0,9,0.9433615457971269,0.76,1.0,0
51011,shuffled,0.0,10,0.9433615457971269,0.76,1.0,0
51011,shuffled,0.0,11,0.9433615457971269,0.76,1.0,0
51011,shuffled,0.25,0,0.8253533194092486,0.4,0.710439217798842,12
51011,shuffled,0.25,1,0.7106060016066194,0.42,0.7703672860742623,12
51011,shuffled,0.25,2,0.8344205145228507,0.44,0.7141664697641679,12
51011,shuffled,0.25,3,0.7523592985747414,0.3,0.7034334884226564,12
51011,shuffled,0.25,4,0.7871843303481042,0.42,0.7619689153116418,12
51011,shuffled,0.25,5,0.7918211902056673,0.36,0.7285474456621883,12
51011,shuffled,0.25,6,0.7976669693066439,0.34,0.7168819333894393,12
51011,shuffled,0.25,7,0.847296607707201,0.3,0.7132388222025307,12
51011,shuffled,0.25,8,0.6887489328240806,0.3,0.7459967279051876,12
51011,shuffled,0.25,9,0.756118774508056,0.36,0.6838849969682035,12
51011,shuffled,0.25,10,0.7753891558490126,0.42,0.7524095581128116,12
51011,shuffled,0.25,11,0.7225063905559381,0.3,0.632362148422575,12
51011,shuffled,0.5,0,0.6265245306883311,0.16,0.5254043052247568,25
51011,shuffled,0.5,1,0.7157578035473408,0.2,0.5949332860027632,25
51011,shuffled,0.5,2,0.6920891851555223,0.22,0.5472624728657169,25
51011,shuffled,0.5,3,0.7758685630036889,0.26,0.5512291740429386,25
51011,shuffled,0.5,4,0.5427976910908708,0.12,0.5543818094853784,25
51011,shuffled,0.5,5,0.6062715019113313,0.06,0.49911049546482167,25
51011,shuffled,0.5,6,0.680998704190064,0.14,0.5189964342755673,25
51011,shuffled,0.5,7,0.5362689944681738,0.16,0.5353098535693659,25
51011,shuffled,0.5,8,0.5243729315852765,0.12,0.4941547679696158,25
51011,shuffled,0.5,9,0.6471099867163,0.2,0.5654003730431859,25
51011,shuffled,0.5,10,0.6517255665509409,0.1,0.4766614357030135,25
51011,shuffled,0.5,11,0.511561837435624,0.24,0.5391698944737149,25
51011,shuffled,0.75,0,0.47558997712724654,0.14,0.4226554509724692,38
51011,shuffled,0.75,1,0.4211957155685356,0.06,0.35666794342666447,38
51011,shuffled,0.75,2,0.4989668301196083,0.12,0.4141760659640532,38
51011,shuffled,0.75,3,0.3864166532549415,0.06,0.4067773197818337,38
51011,shuffled,0.75,4,0.4422074969011902,0.04,0.4015038274189685,38
51011,shuffled,0.75,5,0.38621942373769436,0.04,0.33628696289817017,38
51011,shuffled,0.75,6,0.42467894375486887,0.02,0.4321407857940105,38
51011,shuffled,0.75,7,0.5412420110556562,0.14,0.41260771419829334,38
51011,shuffled,0.75,8,0.5766625307280442,0.14,0.4374178667557188,38
51011,shuffled,0.75,9,0.3360344445893759,0.02,0.37606349559934776,38
51011,shuffled,0.75,10,0.32102260843304586,0.04,0.4547405354788102,38
51011,shuffled,0.75,11,0.3509262100881191,0.04,0.3462658980461562,38
51011,shuffled,0.9,0,0.34254384003107263,0.02,0.3519161955085152,45
51011,shuffled,0.9,1,0.31480916577589885,0.02,0.3591146923168331,45
51011,shuffled,0.9,2,0.4956113775260969,0.06,0.39654224957471407,45
51011,shuffled,0.9,3,0.3453118251816164,0.02,0.3304210863744903,45
51011,shuffled,0.9,4,0.2129176292312506,0.02,0.39141209691653744,45
51011,shuffled,0.9,5,0.35774409696311343,0.04,0.3636454647228418,45
51011,shuffled,0.9,6,0.3451410048297333,0.02,0.38372325048980704,45
51011,shuffled,0.9,7,0.378932084745439,0.04,0.31849533698417587,45
51011,shuffled,0.9,8,0.349098553551889,0.02,0.34310099969678526,45
51011,shuffled,0.9,9,0.34668911664317986,0.02,0.37154912659054057,45
51011,shuffled,0.9,10,0.3487742151421256,0.02,0.4314147053410998,45
51011,shuffled,0.9,11,0.463811386768795,0.04,0.35114430003659186,45
51011,dense,0.0,0,0.24724748633405258,0.02,0.9999999999999999,0
51011,dense,0.0,1,0.24724748633405258,0.02,0.9999999999999999,0
51011,dense,0.0,2,0.24724748633405258,0.02,0.9999999999999999,0
51011,dense,0.0,3,0.24724748633405258,0.02,0.9999999999999999,0
51011,dense,0.0,4,0.24724748633405258,0.02,0.9999999999999999,0
51011,dense,0.0,5,0.24724748633405258,0.02,0.9999999999999999,0
51011,dense,0.0,6,0.24724748633405258,0.02,0.9999999999999999,0
51011,dense,0.0,7,0.24724748633405258,0.02,0.9999999999999999,0
51011,dense,0.0,8,0.24724748633405258,0.02,0.9999999999999999,0
51011,dense,0.0,9,0.24724748633405258,0.02,0.9999999999999999,0
51011,dense,0.0,10,0.24724748633405258,0.02,0.9999999999999999,0
51011,dense,0.0,11,0.24724748633405258,0.02,0.9999999999999999,0
51011,dense,0.25,0,0.24724748633405258,0.02,0.9999999999999999,12
51011,dense,0.25,1,0.24724748633405258,0.02,0.9999999999999999,12
51011,dense,0.25,2,0.24724748633405258,0.02,0.9999999999999999,12
51011,dense,0.25,3,0.24724748633405258,0.02,0.9999999999999999,12
51011,dense,0.25,4,0.24724748633405258,0.02,0.9999999999999999,12
51011,dense,0.25,5,0.24724748633405258,0.02,0.9999999999999999,12
51011,dense,0.25,6,0.24724748633405258,0.02,0.9999999999999999,12
51011,dense,0.25,7,0.24724748633405258,0.02,0.9999999999999999,12
51011,dense,0.25,8,0.24724748633405258,0.02,0.9999999999999999,12
51011,dense,0.25,9,0.24724748633405258,0.02,0.9999999999999999,12
51011,dense,0.25,10,0.24724748633405258,0.02,0.9999999999999999,12
51011,dense,0.25,11,0.24724748633405258,0.02,0.9999999999999999,12
51011,dense,0.5,0,0.24724748633405258,0.02,0.9999999999999999,25
51011,dense,0.5,1,0.24724748633405258,0.02,0.9999999999999999,25
51011,dense,0.5,2,0.24724748633405258,0.02,0.9999999999999999,25
51011,dense,0.5,3,0.24724748633405258,0.02,0.9999999999999999,25
51011,dense,0.5,4,0.24724748633405258,0.02,0.9999999999999999,25
51011,dense,0.5,5,0.24724748633405258,0.02,0.9999999999999999,25
51011,dense,0.5,6,0.24724748633405258,0.02,0.9999999999999999,25
51011,dense,0.5,7,0.24724748633405258,0.02,0.9999999999999999,25
51011,dense,0.5,8,0.24724748633405258,0.02,0.9999999999999999,25
51011,dense,0.5,9,0.24724748633405258,0.02,0.9999999999999999,25
51011,dense,0.5,10,0.24724748633405258,0.02,0.9999999999999999,25
51011,dense,0.5,11,0.24724748633405258,0.02,0.9999999999999999,25
51011,dense,0.75,0,0.24724748633405258,0.02,0.9999999999999999,38
51011,dense,0.75,1,0.24724748633405258,0.02,0.9999999999999999,38
51011,dense,0.75,2,0.24724748633405258,0.02,0.9999999999999999,38
51011,dense,0.75,3,0.24724748633405258,0.02,0.9999999999999999,38
51011,dense,0.75,4,0.24724748633405258,0.02,0.9999999999999999,38
51011,dense,0.75,5,0.24724748633405258,0.02,0.9999999999999999,38
51011,dense,0.75,6,0.24724748633405258,0.02,0.9999999999999999,38
51011,dense,0.75,7,0.24724748633405258,0.02,0.9999999999999999,38
51011,dense,0.75,8,0.24724748633405258,0.02,0.9999999999999999,38
51011,dense,0.75,9,0.24724748633405258,0.02,0.9999999999999999,38
51011,dense,0.75,10,0.24724748633405258,0.02,0.9999999999999999,38
51011,dense,0.75,11,0.24724748633405258,0.02,0.9999999999999999,38
51011,dense,0.9,0,0.24724748633405258,0.02,0.9999999999999999,45
51011,dense,0.9,1,0.24724748633405258,0.02,0.9999999999999999,45
51011,dense,0.9,2,0.24724748633405258,0.02,0.9999999999999999,45
51011,dense,0.9,3,0.24724748633405258,0.02,0.9999999999999999,45
51011,dense,0.9,4,0.24724748633405258,0.02,0.9999999999999999,45
51011,dense,0.9,5,0.24724748633405258,0.02,0.9999999999999999,45
51011,dense,0.9,6,0.24724748633405258,0.02,0.9999999999999999,45
51011,dense,0.9,7,0.24724748633405258,0.02,0.9999999999999999,45
51011,dense,0.9,8,0.24724748633405258,0.02,0.9999999999999999,45
51011,dense,0.9,9,0.24724748633405258,0.02,0.9999999999999999,45
51011,dense,0.9,10,0.24724748633405258,0.02,0.9999999999999999,45
51011,dense,0.9,11,0.24724748633405258,0.02,0.9999999999999999,45
51011,identity,0.0,0,0.9721058984460624,0.9,1.0,0
51011,identity,0.0,1,0.9721058984460624,0.9,1.0,0
51011,identity,0.0,2,0.9721058984460624,0.9,1.0,0
51011,identity,0.0,3,0.9721058984460624,0.9,1.0,0
51011,identity,0.0,4,0.9721058984460624,0.9,1.0,0
51011,identity,0.0,5,0.9721058984460624,0.9,1.0,0
51011,identity,0.0,6,0.9721058984460624,0.9,1.0,0
51011,identity,0.0,7,0.9721058984460624,0.9,1.0,0
51011,identity,0.0,8,0.9721058984460624,0.9,1.0,0
51011,identity,0.0,9,0.9721058984460624,0.9,1.0,0
51011,identity,0.0,10,0.9721058984460624,0.9,1.0,0
51011,identity,0.0,11,0.9721058984460624,0.9,1.0,0
51011,identity,0.25,0,0.917977635308144,0.8,0.8975084983304241,12
51011,identity,0.25,1,0.8634307798637443,0.56,0.883477952820731,12
51011,identity,0.25,2,0.8809468305326728,0.76,0.8829151565072828,12
51011,identity,0.25,3,0.8752490864108489,0.68,0.8778316135045249,12
51011,identity,0.25,4,0.9085796681904749,0.62,0.8971453883384827,12
51011,identity,0.25,5,0.9052886635848034,0.72,0.8874615098281828,12
51011,identity,0.25,6,0.9164756497487397,0.82,0.8977442100929214,12
51011,identity,0.25,7,0.8850794599581233,0.68,0.8889005824927512,12
51011,identity,0.25,8,0.8760442721615241,0.58,0.885110540844435,12
51011,identity,0.25,9,0.8657412317169372,0.7,0.8758360903453734,12
51011,identity,0.25,10,0.8685890296114622,0.7,0.8846726815631247,12
51011,identity,0.25,11,0.8082612874143601,0.58,0.8757707098193411,12
51011,identity,0.5,0,0.7650627504375962,0.54,0.7662009877713912,25
51011,identity,0.5,1,0.7324210752444168,0.34,0.7380472987118306,25
51011,identity,0.5,2,0.7964137274654775,0.52,0.7731208596824318,25
51011,identity,0.5,3,0.6021094495488586,0.18,0.7373580419641592,25
51011,identity,0.5,4,0.7097970108093605,0.34,0.7494001666535434,25
51011,identity,0.5,5,0.7842412932931324,0.48,0.7637717198142598,25
51011,identity,0.5,6,0.7477007409826697,0.38,0.7553141901141649,25
51011,identity,0.5,7,0.7605155512846852,0.36,0.7642831310111279,25
51011,identity,0.5,8,0.7426374053902065,0.38,0.7658015620401383,25
51011,identity,0.5,9,0.6626700022074168,0.18,0.7189036526417532,25
51011,identity,0.5,10,0.8070773860035239,0.46,0.7690196209166362,25
51011,identity,0.5,11,0.7254990984361314,0.22,0.7401350606053932,25
51011,identity,0.75,0,0.49458463240491246,0.18,0.6177530332480405,38
51011,identity,0.75,1,0.4817307370151488,0.16,0.5949867080059664,38
51011,identity,0.75,2,0.4412028937194271,0.12,0.6122174505357559,38
51011,identity,0.75,3,0.5090012881631135,0.2,0.6701566962671253,38
51011,identity,0.75,4,0.5095669502196049,0.12,0.6383547024877896,38
51011,identity,0.75,5,0.526997668012712,0.12,0.6552165784600222,38
51011,identity,0.75,6,0.45752500778466454,0.1,0.618974675450805,38
51011,identity,0.75,7,0.48316674123494224,0.14,0.6407843641421331,38
51011,identity,0.75,8,0.4325592018372002,0.1,0.6305485641042133,38
51011,identity,0.75,9,0.5064863319310278,0.14,0.6097815651079332,38
51011,identity,0.75,10,0.4853236606306824,0.1,0.5925642808852215,38
51011,identity,0.75,11,0.4764875004899368,0.1,0.6125871893422743,38
51011,identity,0.9,0,0.2644939925632395,0.04,0.624772150990151,45
51011,identity,0.9,1,0.36089657352265553,0.08,0.6143491382828189,45
51011,identity,0.9,2,0.3340600302040634,0.06,0.6010903927090354,45
51011,identity,0.9,3,0.2942348605322549,0.02,0.6344782076497805,45
51011,identity,0.9,4,0.3600802137260973,0.08,0.6323322171440915,45
51011,identity,0.9,5,0.24967857106618807,0.02,0.6200595194527367,45
51011,identity,0.9,6,0.3157755677792437,0.02,0.64176774051884,45
51011,identity,0.9,7,0.25494282570180343,0.02,0.631859880322959,45
51011,identity,0.9,8,0.33503914622318365,0.02,0.6263954537566406,45
51011,identity,0.9,9,0.3269052536178173,0.04,0.6369162770475018,45
51011,identity,0.9,10,0.28046107452597857,0.06,0.6245708231872839,45
51011,identity,0.9,11,0.345597759010029,0.06,0.597719014829239,45
51012,normal,0.0,0,0.9493762984600548,0.66,1.0,0
51012,normal,0.0,1,0.9493762984600548,0.66,1.0,0
51012,normal,0.0,2,0.9493762984600548,0.66,1.0,0
51012,normal,0.0,3,0.9493762984600548,0.66,1.0,0
51012,normal,0.0,4,0.9493762984600548,0.66,1.0,0
51012,normal,0.0,5,0.9493762984600548,0.66,1.0,0
51012,normal,0.0,6,0.9493762984600548,0.66,1.0,0
51012,normal,0.0,7,0.9493762984600548,0.66,1.0,0
51012,normal,0.0,8,0.9493762984600548,0.66,1.0,0
51012,normal,0.0,9,0.9493762984600548,0.66,1.0,0
51012,normal,0.0,10,0.9493762984600548,0.66,1.0,0
51012,normal,0.0,11,0.9493762984600548,0.66,1.0,0
51012,normal,0.25,0,0.798341598006322,0.32,0.7257271610938345,12
51012,normal,0.25,1,0.881027741423848,0.38,0.7436866780702023,12
51012,normal,0.25,2,0.8132024331498903,0.36,0.6933994226193463,12
51012,normal,0.25,3,0.8189436420354635,0.44,0.7422268504325211,12
51012,normal,0.25,4,0.789714279169379,0.32,0.6862175432957109,12
51012,normal,0.25,5,0.8545534298222259,0.4,0.7773650001542468,12
51012,normal,0.25,6,0.7865486603710821,0.48,0.7343328760907296,12
51012,normal,0.25,7,0.8443605440730422,0.4,0.7215790819674435,12
51012,normal,0.25,8,0.8184510795195168,0.38,0.7174152738308831,12
51012,normal,0.25,9,0.8191877481712833,0.38,0.6907567194017341,12
51012,normal,0.25,10,0.7978917436943118,0.28,0.7235288060182704,12
51012,normal,0.25,11,0.8072428700826739,0.44,0.7293117724575461,12
51012,normal,0.5,0,0.7543425482260926,0.16,0.5875595410081171,25
51012,normal,0.5,1,0.7133215526768999,0.22,0.46841304595836386,25
51012,normal,0.5,2,0.7818972669664628,0.18,0.6066908182368017,25
51012,normal,0.5,3,0.6204651155998053,0.16,0.4530840651047198,25
51012,normal,0.5,4,0.6638700226186005,0.18,0.48164077437907926,25
51012,normal,0.5,5,0.575157535831015,0.16,0.4773939887656511,25
51012,normal,0.5,6,0.682816441942718,0.14,0.4785368641044876,25
51012,normal,0.5,7,0.6388149436074494,0.24,0.48752295267755186,25
51012,normal,0.5,8,0.6087277027772773,0.16,0.4937418915000923,25
51012,normal,0.5,9,0.6742180709957393,0.34,0.5577358367495734,25
51012,normal,0.5,10,0.7551110274495771,0.26,0.6438464000282386,25
51012,normal,0.5,11,0.6809400519530903,0.2,0.6040573651401453,25
51012,normal,0.75,0,0.6323879275646024,0.1,0.487035361614888,38
51012,normal,0.75,1,0.48572303355404484,0.04,0.3383906523944866,38
51012,normal,0.75,2,0.587267441497808,0.16,0.46330599596586697,38
51012,normal,0.75,3,0.5627237848122372,0.12,0.36040366962919407,38
51012,normal,0.75,4,0.45798094408409434,0.06,0.304387307561529,38
51012,normal,0.75,5,0.5835829450462422,0.08,0.3588347254228061,38
51012,normal,0.75,6,0.502253228239298,0.06,0.3836849924756623,38
51012,normal,0.75,7,0.471476518257786,0.16,0.4158522991843612,38
51012,normal,0.75,8,0.45550273092048504,0.06,0.3800152930662884,38
51012,normal,0.75,9,0.4584193105994479,0.06,0.36303807843005054,38
51012,normal,0.75,10,0.4490651647526379,0.06,0.4798781894667552,38
51012,normal,0.75,11,0.5758564524873311,0.1,0.48313323061864516,38
51012,normal,0.9,0,0.3351171036156188,0.02,0.37647844229717653,45
51012,normal,0.9,1,0.35349335790864045,0.04,0.3123953924108356,45
51012,normal,0.9,2,0.379373723873082,0.06,0.40180568227278984,45
51012,normal,0.9,3,0.35474342851680196,0.02,0.36282339898817,45
51012,normal,0.9,4,0.4136043609968025,0.04,0.3296486419494947,45
51012,normal,0.9,5,0.36136351974177067,0.04,0.3711866197316402,45
51012,normal,0.9,6,0.3642278924773256,0.04,0.3674690993862596,45
51012,normal,0.9,7,0.42605788265877764,0.04,0.380661326293305,45
51012,normal,0.9,8,0.38968445987012873,0.04,0.36299925827408047,45
51012,normal,0.9,9,0.42410217682875717,0.04,0.40250185456371135,45
51012,normal,0.9,10,0.33829845788378227,0.04,0.3373683167555875,45
51012,normal,0.9,11,0.37757401093536197,0.04,0.41452848948221477,45
51012,shuffled,0.0,0,0.939165933274989,0.72,1.0,0
51012,shuffled,0.0,1,0.939165933274989,0.72,1.0,0
51012,shuffled,0.0,2,0.939165933274989,0.72,1.0,0
51012,shuffled,0.0,3,0.939165933274989,0.72,1.0,0
51012,shuffled,0.0,4,0.939165933274989,0.72,1.0,0
51012,shuffled,0.0,5,0.939165933274989,0.72,1.0,0
51012,shuffled,0.0,6,0.939165933274989,0.72,1.0,0
51012,shuffled,0.0,7,0.939165933274989,0.72,1.0,0
51012,shuffled,0.0,8,0.939165933274989,0.72,1.0,0
51012,shuffled,0.0,9,0.939165933274989,0.72,1.0,0
51012,shuffled,0.0,10,0.939165933274989,0.72,1.0,0
51012,shuffled,0.0,11,0.939165933274989,0.72,1.0,0
51012,shuffled,0.25,0,0.8014012932714746,0.36,0.7165430913734835,12
51012,shuffled,0.25,1,0.7513240258926104,0.28,0.6605685880647009,12
51012,shuffled,0.25,2,0.8274343310032589,0.3,0.7156816002231767,12
51012,shuffled,0.25,3,0.8342466639608476,0.32,0.7265351351761877,12
51012,shuffled,0.25,4,0.7947537306209401,0.2,0.6938134420292079,12
51012,shuffled,0.25,5,0.7801322801577322,0.46,0.6881339867423406,12
51012,shuffled,0.25,6,0.8741025445352405,0.42,0.7332403825784318,12
51012,shuffled,0.25,7,0.7637889130930546,0.36,0.689597629904024,12
51012,shuffled,0.25,8,0.7834243033884125,0.24,0.6644783924536602,12
51012,shuffled,0.25,9,0.8473423029196883,0.38,0.7383328523263474,12
51012,shuffled,0.25,10,0.8337091332416005,0.4,0.6405523950560247,12
51012,shuffled,0.25,11,0.7600977677028223,0.28,0.6406278436780548,12
51012,shuffled,0.5,0,0.6809386425321822,0.2,0.5022058570509789,25
51012,shuffled,0.5,1,0.7179334572713306,0.22,0.49486441759149824,25
51012,shuffled,0.5,2,0.6202548513827728,0.18,0.545898810450456,25
51012,shuffled,0.5,3,0.617026808773939,0.24,0.5568682107317476,25
51012,shuffled,0.5,4,0.616994449238573,0.14,0.5276469715138181,25
51012,shuffled,0.5,5,0.6004178912627726,0.18,0.4934827399197882,25
51012,shuffled,0.5,6,0.7575296564977552,0.16,0.5252906549336682,25
51012,shuffled,0.5,7,0.6072416530724987,0.1,0.4486061959178915,25
51012,shuffled,0.5,8,0.6880482194711317,0.2,0.5312487445466625,25
51012,shuffled,0.5,9,0.6693357538874087,0.18,0.4840285372395953,25
51012,shuffled,0.5,10,0.6172791546079587,0.2,0.5079075443569849,25
51012,shuffled,0.5,11,0.6349760563675256,0.2,0.49587308658041196,25
51012,shuffled,0.75,0,0.5105165260097967,0.06,0.35296807179733053,38
51012,shuffled,0.75,1,0.45884518251334666,0.08,0.4120820424163803,38
51012,shuffled,0.75,2,0.49204627332209044,0.1,0.372013875389481,38
51012,shuffled,0.75,3,0.4329121181744462,0.08,0.3331215407039882,38
51012,shuffled,0.75,4,0.3963996395423707,0.1,0.38470507820005145,38
51012,shuffled,0.75,5,0.5219349243469873,0.08,0.3032105750301817,38
51012,shuffled,0.75,6,0.5097630582213799,0.08,0.3981957839565984,38
51012,shuffled,0.75,7,0.45458880888424735,0.06,0.38981258888219267,38
51012,shuffled,0.75,8,0.4787254236580848,0.04,0.3721382913869198,38
51012,shuffled,0.75,9,0.5019731926067198,0.08,0.3980087400965797,38
51012,shuffled,0.75,10,0.5719769614337741,0.14,0.42748662501534673,38
51012,shuffled,0.75,11,0.5489563825008461,0.18,0.4546805905103612,38
51012,shuffled,0.9,0,0.327692480476432,0.02,0.35875143132833026,45
51012,shuffled,0.9,1,0.4736279090635999,0.06,0.3555993377563905,45
51012,shuffled,0.9,2,0.403228870307993,0.06,0.37597355811089783,45
51012,shuffled,0.9,3,0.36687347546611965,0.04,0.39536053385438985,45
51012,shuffled,0.9,4,0.3092169776227574,0.04,0.37472916343424745,45
51012,shuffled,0.9,5,0.4363709660021985,0.04,0.3855080420273251,45
51012,shuffled,0.9,6,0.33806736620720557,0.02,0.35576739078832675,45
51012,shuffled,0.9,7,0.48718352803036324,0.08,0.3986379741733874,45
51012,shuffled,0.9,8,0.426072455690482,0.06,0.3750044088737695,45
51012,shuffled,0.9,9,0.36825893183203795,0.04,0.399687528973413,45
51012,shuffled,0.9,10,0.46063398728775445,0.1,0.356373609961495,45
51012,shuffled,0.9,11,0.38177026750565884,0.0,0.36094854208765303,45
51012,dense,0.0,0,0.26867612040632904,0.02,0.9999999999999999,0
51012,dense,0.0,1,0.26867612040632904,0.02,0.9999999999999999,0
51012,dense,0.0,2,0.26867612040632904,0.02,0.9999999999999999,0
51012,dense,0.0,3,0.26867612040632904,0.02,0.9999999999999999,0
51012,dense,0.0,4,0.26867612040632904,0.02,0.9999999999999999,0
51012,dense,0.0,5,0.26867612040632904,0.02,0.9999999999999999,0
51012,dense,0.0,6,0.26867612040632904,0.02,0.9999999999999999,0
51012,dense,0.0,7,0.26867612040632904,0.02,0.9999999999999999,0
51012,dense,0.0,8,0.26867612040632904,0.02,0.9999999999999999,0
51012,dense,0.0,9,0.26867612040632904,0.02,0.9999999999999999,0
51012,dense,0.0,10,0.26867612040632904,0.02,0.9999999999999999,0
51012,dense,0.0,11,0.26867612040632904,0.02,0.9999999999999999,0
51012,dense,0.25,0,0.26867612040632904,0.02,0.9999999999999999,12
51012,dense,0.25,1,0.26867612040632904,0.02,0.9999999999999999,12
51012,dense,0.25,2,0.26867612040632904,0.02,0.9999999999999999,12
51012,dense,0.25,3,0.26867612040632904,0.02,0.9999999999999999,12
51012,dense,0.25,4,0.26867612040632904,0.02,0.9999999999999999,12
51012,dense,0.25,5,0.26867612040632904,0.02,0.9999999999999999,12
51012,dense,0.25,6,0.26867612040632904,0.02,0.9999999999999999,12
51012,dense,0.25,7,0.26867612040632904,0.02,0.9999999999999999,12
51012,dense,0.25,8,0.26867612040632904,0.02,0.9999999999999999,12
51012,dense,0.25,9,0.26867612040632904,0.02,0.9999999999999999,12
51012,dense,0.25,10,0.26867612040632904,0.02,0.9999999999999999,12
51012,dense,0.25,11,0.26867612040632904,0.02,0.9999999999999999,12
51012,dense,0.5,0,0.26867612040632904,0.02,0.9999999999999999,25
51012,dense,0.5,1,0.26867612040632904,0.02,0.9999999999999999,25
51012,dense,0.5,2,0.26867612040632904,0.02,0.9999999999999999,25
51012,dense,0.5,3,0.26867612040632904,0.02,0.9999999999999999,25
51012,dense,0.5,4,0.26867612040632904,0.02,0.9999999999999999,25
51012,dense,0.5,5,0.26867612040632904,0.02,0.9999999999999999,25
51012,dense,0.5,6,0.26867612040632904,0.02,0.9999999999999999,25
51012,dense,0.5,7,0.26867612040632904,0.02,0.9999999999999999,25
51012,dense,0.5,8,0.26867612040632904,0.02,0.9999999999999999,25
51012,dense,0.5,9,0.26867612040632904,0.02,0.9999999999999999,25
51012,dense,0.5,10,0.26867612040632904,0.02,0.9999999999999999,25
51012,dense,0.5,11,0.26867612040632904,0.02,0.9999999999999999,25
51012,dense,0.75,0,0.26867612040632904,0.02,0.9999999999999999,38
51012,dense,0.75,1,0.26867612040632904,0.02,0.9999999999999999,38
51012,dense,0.75,2,0.26867612040632904,0.02,0.9999999999999999,38
51012,dense,0.75,3,0.26867612040632904,0.02,0.9999999999999999,38
51012,dense,0.75,4,0.26867612040632904,0.02,0.9999999999999999,38
51012,dense,0.75,5,0.26867612040632904,0.02,0.9999999999999999,38
51012,dense,0.75,6,0.26867612040632904,0.02,0.9999999999999999,38
51012,dense,0.75,7,0.26867612040632904,0.02,0.9999999999999999,38
51012,dense,0.75,8,0.26867612040632904,0.02,0.9999999999999999,38
51012,dense,0.75,9,0.26867612040632904,0.02,0.9999999999999999,38
51012,dense,0.75,10,0.26867612040632904,0.02,0.9999999999999999,38
51012,dense,0.75,11,0.26867612040632904,0.02,0.9999999999999999,38
51012,dense,0.9,0,0.26867612040632904,0.02,0.9999999999999999,45
51012,dense,0.9,1,0.26867612040632904,0.02,0.9999999999999999,45
51012,dense,0.9,2,0.26867612040632904,0.02,0.9999999999999999,45
51012,dense,0.9,3,0.26867612040632904,0.02,0.9999999999999999,45
51012,dense,0.9,4,0.26867612040632904,0.02,0.9999999999999999,45
51012,dense,0.9,5,0.26867612040632904,0.02,0.9999999999999999,45
51012,dense,0.9,6,0.26867612040632904,0.02,0.9999999999999999,45
51012,dense,0.9,7,0.26867612040632904,0.02,0.9999999999999999,45
51012,dense,0.9,8,0.26867612040632904,0.02,0.9999999999999999,45
51012,dense,0.9,9,0.26867612040632904,0.02,0.9999999999999999,45
51012,dense,0.9,10,0.26867612040632904,0.02,0.9999999999999999,45
51012,dense,0.9,11,0.26867612040632904,0.02,0.9999999999999999,45
51012,identity,0.0,0,0.9662675483410988,0.82,1.0,0
51012,identity,0.0,1,0.9662675483410988,0.82,1.0,0
51012,identity,0.0,2,0.9662675483410988,0.82,1.0,0
51012,identity,0.0,3,0.9662675483410988,0.82,1.0,0
51012,identity,0.0,4,0.9662675483410988,0.82,1.0,0
51012,identity,0.0,5,0.9662675483410988,0.82,1.0,0
51012,identity,0.0,6,0.9662675483410988,0.82,1.0,0
51012,identity,0.0,7,0.9662675483410988,0.82,1.0,0
51012,identity,0.0,8,0.9662675483410988,0.82,1.0,0
51012,identity,0.0,9,0.9662675483410988,0.82,1.0,0
51012,identity,0.0,10,0.9662675483410988,0.82,1.0,0
51012,identity,0.0,11,0.9662675483410988,0.82,1.0,0
51012,identity,0.25,0,0.9021982843337584,0.72,0.8896593522824804,12
51012,identity,0.25,1,0.9228000126849197,0.86,0.8887400485775712,12
51012,identity,0.25,2,0.8750793277302111,0.68,0.8791908166322431,12
51012,identity,0.25,3,0.8595257923405621,0.7,0.8618889224542372,12
51012,identity,0.25,4,0.9146242924714554,0.84,0.890811080187606,12
51012,identity,0.25,5,0.8828979137162365,0.74,0.8806505921474665,12
51012,identity,0.25,6,0.8934807764725771,0.74,0.8848463457666498,12
51012,identity,0.25,7,0.9325457393807493,0.82,0.9011986143075577,12
51012,identity,0.25,8,0.8485826504580172,0.62,0.8687154907667979,12
51012,identity,0.25,9,0.8896582679556466,0.7,0.891676502715812,12
51012,identity,0.25,10,0.8264895745436385,0.5,0.8690068649384082,12
51012,identity,0.25,11,0.8752505536668654,0.54,0.8757943572286772,12
51012,identity,0.5,0,0.7443549529270501,0.58,0.729332921128335,25
51012,identity,0.5,1,0.695365465104511,0.3,0.7523824802920397,25
51012,identity,0.5,2,0.7512835525034077,0.5,0.7711104756204727,25
51012,identity,0.5,3,0.7481548422933345,0.38,0.7568685470379486,25
51012,identity,0.5,4,0.6531088397392669,0.32,0.7239143602409173,25
51012,identity,0.5,5,0.7664488866353493,0.54,0.752524930510037,25
51012,identity,0.5,6,0.7517160476933584,0.42,0.7525485236478228,25
51012,identity,0.5,7,0.7335519510115696,0.3,0.7521652032563779,25
51012,identity,0.5,8,0.7030293156855258,0.38,0.7461648213453603,25
51012,identity,0.5,9,0.7314946042045826,0.54,0.7411398389587851,25
51012,identity,0.5,10,0.7434224441364234,0.38,0.7458689871411432,25
51012,identity,0.5,11,0.6977561206889323,0.24,0.7327270708588562,25
51012,identity,0.75,0,0.49662224361615465,0.16,0.604788021399632,38
51012,identity,0.75,1,0.4556102468453909,0.14,0.5928897086875916,38
51012,identity,0.75,2,0.4827031072079515,0.1,0.6088064083646979,38
51012,identity,0.75,3,0.5185811072926371,0.12,0.6078706634973755,38
51012,identity,0.75,4,0.48099022621869636,0.1,0.606084669306221,38
51012,identity,0.75,5,0.4366623698285769,0.1,0.6366358015055467,38
51012,identity,0.75,6,0.48333040623071377,0.14,0.6157305897194598,38
51012,identity,0.75,7,0.4662078159079982,0.18,0.6097359500525874,38
51012,identity,0.75,8,0.4843702518992236,0.08,0.6035230937475761,38
51012,identity,0.75,9,0.4623561571609549,0.12,0.6201321877013523,38
51012,identity,0.75,10,0.45739325000733244,0.16,0.6185148763753406,38
51012,identity,0.75,11,0.4792713293261513,0.12,0.5910935273705317,38
51012,identity,0.9,0,0.4010908395671344,0.04,0.623276917885773,45
51012,identity,0.9,1,0.35511400820981703,0.04,0.625010871301158,45
51012,identity,0.9,2,0.3675299088261898,0.04,0.6328118310303265,45
51012,identity,0.9,3,0.3589535811250588,0.06,0.63987820523337,45
51012,identity,0.9,4,0.3345253731585867,0.04,0.6351383598277482,45
51012,identity,0.9,5,0.3405983153941053,0.04,0.6435107374369882,45
51012,identity,0.9,6,0.3188576596753941,0.04,0.6407085806186282,45
51012,identity,0.9,7,0.4073436733500512,0.06,0.6350242021409355,45
51012,identity,0.9,8,0.3871823867001995,0.06,0.6232524576076303,45
51012,identity,0.9,9,0.39326748933170774,0.08,0.6304084654129047,45
51012,identity,0.9,10,0.3265493927710901,0.02,0.6316117664242311,45
51012,identity,0.9,11,0.32503863363971236,0.08,0.6139378232025517,45
51013,normal,0.0,0,0.9421200330326104,0.56,1.0,0
51013,normal,0.0,1,0.9421200330326104,0.56,1.0,0
51013,normal,0.0,2,0.9421200330326104,0.56,1.0,0
51013,normal,0.0,3,0.9421200330326104,0.56,1.0,0
51013,normal,0.0,4,0.9421200330326104,0.56,1.0,0
51013,normal,0.0,5,0.9421200330326104,0.56,1.0,0
51013,normal,0.0,6,0.9421200330326104,0.56,1.0,0
51013,normal,0.0,7,0.9421200330326104,0.56,1.0,0
51013,normal,0.0,8,0.9421200330326104,0.56,1.0,0
51013,normal,0.0,9,0.9421200330326104,0.56,1.0,0
51013,normal,0.0,10,0.9421200330326104,0.56,1.0,0
51013,normal,0.0,11,0.9421200330326104,0.56,1.0,0
51013,normal,0.25,0,0.833544769961674,0.24,0.7637964281559911,12
51013,normal,0.25,1,0.8354104793515832,0.32,0.7636569538971849,12
51013,normal,0.25,2,0.8797133398490229,0.32,0.7694783119627999,12
51013,normal,0.25,3,0.7861687214300735,0.42,0.7421483714267293,12
51013,normal,0.25,4,0.8283709800646781,0.4,0.7160151496082163,12
51013,normal,0.25,5,0.8213084294512304,0.34,0.6784369673711719,12
51013,normal,0.25,6,0.8453691999358294,0.36,0.7190932293192414,12
51013,normal,0.25,7,0.8560907123716157,0.36,0.7631126808935541,12
51013,normal,0.25,8,0.8171565337226141,0.48,0.6899642002329471,12
51013,normal,0.25,9,0.8281394391962564,0.22,0.7198955706924086,12
51013,normal,0.25,10,0.8612880411323612,0.48,0.7891235890415915,12
51013,normal,0.25,11,0.8773554343688841,0.46,0.7307684197597168,12
51013,normal,0.5,0,0.7563514664805124,0.18,0.5788941440042116,25
51013,normal,0.5,1,0.7220097127806874,0.32,0.6315429746522159,25
51013,normal,0.5,2,0.6417716732632976,0.14,0.5681538837630956,25
51013,normal,0.5,3,0.710940835776157,0.16,0.4857222593049155,25
51013,normal,0.5,4,0.6209110921072738,0.24,0.5735102056325334,25
51013,normal,0.5,5,0.6277737226699813,0.16,0.5909771870066964,25
51013,normal,0.5,6,0.7288456819551743,0.22,0.5341134624340408,25
51013,normal,0.5,7,0.7150722538367178,0.32,0.6172511150940576,25
51013,normal,0.5,8,0.6298590501039121,0.12,0.5098844317733578,25
51013,normal,0.5,9,0.7096347769282759,0.32,0.6611128245546735,25
51013,normal,0.5,10,0.6422889081748349,0.22,0.529691236357011,25
51013,normal,0.5,11,0.703679013963049,0.24,0.5610137107166515,25
51013,normal,0.75,0,0.6042700363033485,0.04,0.3927602497963878,38
51013,normal,0.75,1,0.49610440236756564,0.1,0.41968604464756093,38
51013,normal,0.75,2,0.5672333672266038,0.1,0.43404927861553466,38
51013,normal,0.75,3,0.5665269048215942,0.06,0.3634520489418084,38
51013,normal,0.75,4,0.5118548940466385,0.12,0.5174669440289835,38
51013,normal,0.75,5,0.5755962812564687,0.12,0.4896011775706808,38
51013,normal,0.75,6,0.47972310130221374,0.04,0.43458967678082916,38
51013,normal,0.75,7,0.505413010050686,0.16,0.39491106296041034,38
51013,normal,0.75,8,0.5849741000026785,0.1,0.3827527169532484,38
51013,normal,0.75,9,0.5302375656199694,0.12,0.40316115047406353,38
51013,normal,0.75,10,0.5841937437619975,0.06,0.464686754738131,38
51013,normal,0.75,11,0.5040669601011469,0.06,0.4753272101524619,38
51013,normal,0.9,0,0.36602640365854916,0.06,0.39044629871130754,45
51013,normal,0.9,1,0.41518603170163965,0.02,0.4396004943899586,45
51013,normal,0.9,2,0.3282043514335905,0.04,0.33678331213452833,45
51013,normal,0.9,3,0.33919196604039137,0.04,0.3654247910016622,45
51013,normal,0.9,4,0.341295252718405,0.02,0.4134852962081012,45
51013,normal,0.9,5,0.4014219274809777,0.04,0.33207158040034906,45
51013,normal,0.9,6,0.38979857420752134,0.08,0.38723245451444194,45
51013,normal,0.9,7,0.36242797142423844,0.04,0.41424129045840685,45
51013,normal,0.9,8,0.27703521049911906,0.02,0.35313036633074035,45
51013,normal,0.9,9,0.3755680412796925,0.1,0.3861935544450274,45
51013,normal,0.9,10,0.3842666423367625,0.02,0.41601101683097086,45
51013,normal,0.9,11,0.3297236738736369,0.0,0.40992722251983943,45
51013,shuffled,0.0,0,0.9404042442445163,0.64,1.0,0
51013,shuffled,0.0,1,0.9404042442445163,0.64,1.0,0
51013,shuffled,0.0,2,0.9404042442445163,0.64,1.0,0
51013,shuffled,0.0,3,0.9404042442445163,0.64,1.0,0
51013,shuffled,0.0,4,0.9404042442445163,0.64,1.0,0
51013,shuffled,0.0,5,0.9404042442445163,0.64,1.0,0
51013,shuffled,0.0,6,0.9404042442445163,0.64,1.0,0
51013,shuffled,0.0,7,0.9404042442445163,0.64,1.0,0
51013,shuffled,0.0,8,0.9404042442445163,0.64,1.0,0
51013,shuffled,0.0,9,0.9404042442445163,0.64,1.0,0
51013,shuffled,0.0,10,0.9404042442445163,0.64,1.0,0
51013,shuffled,0.0,11,0.9404042442445163,0.64,1.0,0
51013,shuffled,0.25,0,0.8713648932730829,0.38,0.8153875697154445,12
51013,shuffled,0.25,1,0.8555199177265306,0.32,0.7999682925745993,12
51013,shuffled,0.25,2,0.8492274190245372,0.32,0.7394793178066904,12
51013,shuffled,0.25,3,0.8720808984934094,0.54,0.8004565107709802,12
51013,shuffled,0.25,4,0.8067778306393013,0.4,0.7564875800400526,12
51013,shuffled,0.25,5,0.8463315793903357,0.38,0.7985750690796902,12
51013,shuffled,0.25,6,0.8100406651753738,0.36,0.7900821171165126,12
51013,shuffled,0.25,7,0.7806928492522123,0.36,0.7117539879882713,12
51013,shuffled,0.25,8,0.8526130794967436,0.34,0.7822337821193502,12
51013,shuffled,0.25,9,0.8217404359254294,0.44,0.7345220481471038,12
51013,shuffled,0.25,10,0.7531816649076281,0.38,0.7681043294315613,12
51013,shuffled,0.25,11,0.9050820202614501,0.44,0.8386707564482024,12
51013,shuffled,0.5,0,0.7638292541620667,0.18,0.5912241751518889,25
51013,shuffled,0.5,1,0.763839809598926,0.28,0.6478052716673659,25
51013,shuffled,0.5,2,0.48626486060247875,0.08,0.565775462753242,25
51013,shuffled,0.5,3,0.7145852916525883,0.08,0.574666585717781,25
51013,shuffled,0.5,4,0.7470119936873055,0.22,0.5573489625096688,25
51013,shuffled,0.5,5,0.5727893383888678,0.14,0.5384380540410071,25
51013,shuffled,0.5,6,0.7749961086288679,0.26,0.6452566586459629,25
51013,shuffled,0.5,7,0.7647214941505474,0.16,0.5289176247847365,25
51013,shuffled,0.5,8,0.7299667618696125,0.12,0.5416199615722898,25
51013,shuffled,0.5,9,0.7232413863810214,0.26,0.6330084365634565,25
51013,shuffled,0.5,10,0.6437564446334391,0.16,0.4998517043348273,25
51013,shuffled,0.5,11,0.7106947655287368,0.24,0.6409211455669593,25
51013,shuffled,0.75,0,0.6088638005026845,0.1,0.5294971979191156,38
51013,shuffled,0.75,1,0.44009961689750254,0.08,0.4631007444276304,38
51013,shuffled,0.75,2,0.40360106890679703,0.04,0.4016532353878104,38
51013,shuffled,0.75,3,0.6257855848101579,0.1,0.4002795170053699,38
51013,shuffled,0.75,4,0.5522243826783896,0.12,0.48979412141751544,38
51013,shuffled,0.75,5,0.43915134159320807,0.08,0.4286381506818339,38
51013,shuffled,0.75,6,0.40744094710070194,0.06,0.3532085101312978,38
51013,shuffled,0.75,7,0.4691166396108287,0.04,0.47737680851209285,38
51013,shuffled,0.75,8,0.6251177390569138,0.16,0.45844131389073506,38
51013,shuffled,0.75,9,0.5435064020664757,0.04,0.44787753396491153,38
51013,shuffled,0.75,10,0.5560176477658294,0.02,0.5129958158574321,38
51013,shuffled,0.75,11,0.5655086405189731,0.18,0.4374656417837206,38
51013,shuffled,0.9,0,0.31787414652101,0.0,0.3918576276750018,45
51013,shuffled,0.9,1,0.4813143274676964,0.04,0.3840721689449029,45
51013,shuffled,0.9,2,0.4166197657339552,0.04,0.3570022434681738,45
51013,shuffled,0.9,3,0.38312048623324985,0.04,0.41119228108880107,45
51013,shuffled,0.9,4,0.437799590453278,0.1,0.39397960320348746,45
51013,shuffled,0.9,5,0.5851093367117806,0.06,0.40554664474232555,45
51013,shuffled,0.9,6,0.38369712392675515,0.06,0.3500134111946885,45
51013,shuffled,0.9,7,0.4166350406717737,0.02,0.2894549806586969,45
51013,shuffled,0.9,8,0.43902467363212233,0.02,0.39094934448063706,45
51013,shuffled,0.9,9,0.3470184762589614,0.04,0.3355987223824615,45
51013,shuffled,0.9,10,0.3579031250134127,0.04,0.3745610556809237,45
51013,shuffled,0.9,11,0.28577530887587277,0.02,0.4182172612944071,45
51013,dense,0.0,0,0.22804572832950146,0.02,0.9999999999999999,0
51013,dense,0.0,1,0.22804572832950146,0.02,0.9999999999999999,0
51013,dense,0.0,2,0.22804572832950146,0.02,0.9999999999999999,0
51013,dense,0.0,3,0.22804572832950146,0.02,0.9999999999999999,0
51013,dense,0.0,4,0.22804572832950146,0.02,0.9999999999999999,0
51013,dense,0.0,5,0.22804572832950146,0.02,0.9999999999999999,0
51013,dense,0.0,6,0.22804572832950146,0.02,0.9999999999999999,0
51013,dense,0.0,7,0.22804572832950146,0.02,0.9999999999999999,0
51013,dense,0.0,8,0.22804572832950146,0.02,0.9999999999999999,0
51013,dense,0.0,9,0.22804572832950146,0.02,0.9999999999999999,0
51013,dense,0.0,10,0.22804572832950146,0.02,0.9999999999999999,0
51013,dense,0.0,11,0.22804572832950146,0.02,0.9999999999999999,0
51013,dense,0.25,0,0.22804572832950146,0.02,0.9999999999999999,12
51013,dense,0.25,1,0.22804572832950146,0.02,0.9999999999999999,12
51013,dense,0.25,2,0.22804572832950146,0.02,0.9999999999999999,12
51013,dense,0.25,3,0.22804572832950146,0.02,0.9999999999999999,12
51013,dense,0.25,4,0.22804572832950146,0.02,0.9999999999999999,12
51013,dense,0.25,5,0.22804572832950146,0.02,0.9999999999999999,12
51013,dense,0.25,6,0.22804572832950146,0.02,0.9999999999999999,12
51013,dense,0.25,7,0.22804572832950146,0.02,0.9999999999999999,12
51013,dense,0.25,8,0.22804572832950146,0.02,0.9999999999999999,12
51013,dense,0.25,9,0.22804572832950146,0.02,0.9999999999999999,12
51013,dense,0.25,10,0.22804572832950146,0.02,0.9999999999999999,12
51013,dense,0.25,11,0.22804572832950146,0.02,0.9999999999999999,12
51013,dense,0.5,0,0.22804572832950146,0.02,0.9999999999999999,25
51013,dense,0.5,1,0.22804572832950146,0.02,0.9999999999999999,25
51013,dense,0.5,2,0.22804572832950146,0.02,0.9999999999999999,25
51013,dense,0.5,3,0.22804572832950146,0.02,0.9999999999999999,25
51013,dense,0.5,4,0.22804572832950146,0.02,0.9999999999999999,25
51013,dense,0.5,5,0.22804572832950146,0.02,0.9999999999999999,25
51013,dense,0.5,6,0.22804572832950146,0.02,0.9999999999999999,25
51013,dense,0.5,7,0.22804572832950146,0.02,0.9999999999999999,25
51013,dense,0.5,8,0.22804572832950146,0.02,0.9999999999999999,25
51013,dense,0.5,9,0.22804572832950146,0.02,0.9999999999999999,25
51013,dense,0.5,10,0.22804572832950146,0.02,0.9999999999999999,25
51013,dense,0.5,11,0.22804572832950146,0.02,0.9999999999999999,25
51013,dense,0.75,0,0.22804572832950146,0.02,0.9999999999999999,38
51013,dense,0.75,1,0.22804572832950146,0.02,0.9999999999999999,38
51013,dense,0.75,2,0.22804572832950146,0.02,0.9999999999999999,38
51013,dense,0.75,3,0.22804572832950146,0.02,0.9999999999999999,38
51013,dense,0.75,4,0.22804572832950146,0.02,0.9999999999999999,38
51013,dense,0.75,5,0.22804572832950146,0.02,0.9999999999999999,38
51013,dense,0.75,6,0.22804572832950146,0.02,0.9999999999999999,38
51013,dense,0.75,7,0.22804572832950146,0.02,0.9999999999999999,38
51013,dense,0.75,8,0.22804572832950146,0.02,0.9999999999999999,38
51013,dense,0.75,9,0.22804572832950146,0.02,0.9999999999999999,38
51013,dense,0.75,10,0.22804572832950146,0.02,0.9999999999999999,38
51013,dense,0.75,11,0.22804572832950146,0.02,0.9999999999999999,38
51013,dense,0.9,0,0.22804572832950146,0.02,0.9999999999999999,45
51013,dense,0.9,1,0.22804572832950146,0.02,0.9999999999999999,45
51013,dense,0.9,2,0.22804572832950146,0.02,0.9999999999999999,45
51013,dense,0.9,3,0.22804572832950146,0.02,0.9999999999999999,45
51013,dense,0.9,4,0.22804572832950146,0.02,0.9999999999999999,45
51013,dense,0.9,5,0.22804572832950146,0.02,0.9999999999999999,45
51013,dense,0.9,6,0.22804572832950146,0.02,0.9999999999999999,45
51013,dense,0.9,7,0.22804572832950146,0.02,0.9999999999999999,45
51013,dense,0.9,8,0.22804572832950146,0.02,0.9999999999999999,45
51013,dense,0.9,9,0.22804572832950146,0.02,0.9999999999999999,45
51013,dense,0.9,10,0.22804572832950146,0.02,0.9999999999999999,45
51013,dense,0.9,11,0.22804572832950146,0.02,0.9999999999999999,45
51013,identity,0.0,0,0.973393475392984,0.92,1.0,0
51013,identity,0.0,1,0.973393475392984,0.92,1.0,0
51013,identity,0.0,2,0.973393475392984,0.92,1.0,0
51013,identity,0.0,3,0.973393475392984,0.92,1.0,0
51013,identity,0.0,4,0.973393475392984,0.92,1.0,0
51013,identity,0.0,5,0.973393475392984,0.92,1.0,0
51013,identity,0.0,6,0.973393475392984,0.92,1.0,0
51013,identity,0.0,7,0.973393475392984,0.92,1.0,0
51013,identity,0.0,8,0.973393475392984,0.92,1.0,0
51013,identity,0.0,9,0.973393475392984,0.92,1.0,0
51013,identity,0.0,10,0.973393475392984,0.92,1.0,0
51013,identity,0.0,11,0.973393475392984,0.92,1.0,0
51013,identity,0.25,0,0.9104278079815077,0.68,0.8925032172127199,12
51013,identity,0.25,1,0.9288634115809318,0.84,0.8860289892604336,12
51013,identity,0.25,2,0.9155484999775267,0.88,0.8906474323920045,12
51013,identity,0.25,3,0.9359520655320281,0.92,0.8944440716713842,12
51013,identity,0.25,4,0.917465446126074,0.76,0.8876989997234933,12
51013,identity,0.25,5,0.8559823491547859,0.8,0.8641111637120374,12
51013,identity,0.25,6,0.890559770217224,0.64,0.886621164889643,12
51013,identity,0.25,7,0.9260706022436996,0.86,0.8907683334674364,12
51013,identity,0.25,8,0.9047067099343579,0.74,0.8993351300717839,12
51013,identity,0.25,9,0.8824591589301432,0.88,0.8936367538094322,12
51013,identity,0.25,10,0.8775623411623252,0.76,0.8926182893859671,12
51013,identity,0.25,11,0.8887444646801029,0.78,0.8792074359585789,12
51013,identity,0.5,0,0.7376037890038833,0.6,0.736338494273033,25
51013,identity,0.5,1,0.7279048443368982,0.5,0.7537672087042341,25
51013,identity,0.5,2,0.7785050187221995,0.48,0.7487195889818448,25
51013,identity,0.5,3,0.7970107660140845,0.5,0.7650627911742747,25
51013,identity,0.5,4,0.6980828494866469,0.48,0.7774823319332611,25
51013,identity,0.5,5,0.6124886737835701,0.4,0.7287655785577276,25
51013,identity,0.5,6,0.6740195446868346,0.26,0.7498946615986009,25
51013,identity,0.5,7,0.6331746515681297,0.3,0.7249912066579344,25
51013,identity,0.5,8,0.6759761624143203,0.32,0.7334420175312313,25
51013,identity,0.5,9,0.6719599839593946,0.36,0.7176181096351282,25
51013,identity,0.5,10,0.6054447263468625,0.42,0.7363866275947053,25
51013,identity,0.5,11,0.7659521166978844,0.5,0.7611134765086571,25
51013,identity,0.75,0,0.4654118352995143,0.16,0.6100242394411894,38
51013,identity,0.75,1,0.41856454558944634,0.1,0.5967291870766478,38
51013,identity,0.75,2,0.4081692956683866,0.04,0.5913657627478933,38
51013,identity,0.75,3,0.4859336713966315,0.18,0.615138149642955,38
51013,identity,0.75,4,0.5159855359966108,0.22,0.6416251318241878,38
51013,identity,0.75,5,0.4174912476323465,0.12,0.6000421061599485,38
51013,identity,0.75,6,0.4973435929739701,0.18,0.6148771492368603,38
51013,identity,0.75,7,0.4078440812354559,0.06,0.6163112923780593,38
51013,identity,0.75,8,0.5033350262449847,0.14,0.5944188355415726,38
51013,identity,0.75,9,0.523949586497123,0.14,0.5963402165793111,38
51013,identity,0.75,10,0.47740092330631834,0.14,0.6138649959629453,38
51013,identity,0.75,11,0.42212943063219754,0.1,0.6016468809758768,38
51013,identity,0.9,0,0.2546048788750053,0.02,0.62778270904581,45
51013,identity,0.9,1,0.26158346734682053,0.02,0.6303921292310233,45
51013,identity,0.9,2,0.3748912124438935,0.04,0.6233285283320685,45
51013,identity,0.9,3,0.31061408853378114,0.04,0.6363568821444185,45
51013,identity,0.9,4,0.25320654726200353,0.02,0.6299752915455015,45
51013,identity,0.9,5,0.3338986605113785,0.08,0.6200807711630485,45
51013,identity,0.9,6,0.2655253504887567,0.02,0.6286190373502241,45
51013,identity,0.9,7,0.2901585118418102,0.02,0.6307468811621258,45
51013,identity,0.9,8,0.3076402525252205,0.04,0.6304447001257611,45
51013,identity,0.9,9,0.25494988995125994,0.02,0.6269672909862188,45
51013,identity,0.9,10,0.2742329187888265,0.04,0.627416464788196,45
51013,identity,0.9,11,0.31282800958023754,0.06,0.630626806423656,45
51014,normal,0.0,0,0.9574719526113153,0.72,1.0,0
51014,normal,0.0,1,0.9574719526113153,0.72,1.0,0
51014,normal,0.0,2,0.9574719526113153,0.72,1.0,0
51014,normal,0.0,3,0.9574719526113153,0.72,1.0,0
51014,normal,0.0,4,0.9574719526113153,0.72,1.0,0
51014,normal,0.0,5,0.9574719526113153,0.72,1.0,0
51014,normal,0.0,6,0.9574719526113153,0.72,1.0,0
51014,normal,0.0,7,0.9574719526113153,0.72,1.0,0
51014,normal,0.0,8,0.9574719526113153,0.72,1.0,0
51014,normal,0.0,9,0.9574719526113153,0.72,1.0,0
51014,normal,0.0,10,0.9574719526113153,0.72,1.0,0
51014,normal,0.0,11,0.9574719526113153,0.72,1.0,0
51014,normal,0.25,0,0.8625521598012575,0.42,0.7656096567522109,12
51014,normal,0.25,1,0.8011505554677316,0.36,0.6940744488340006,12
51014,normal,0.25,2,0.8106774280421091,0.36,0.6816593972688915,12
51014,normal,0.25,3,0.8235964458523221,0.32,0.7109109993667473,12
51014,normal,0.25,4,0.8614029998806282,0.36,0.7159092557890481,12
51014,normal,0.25,5,0.9068764015887725,0.44,0.8075545015281179,12
51014,normal,0.25,6,0.8182849729681573,0.48,0.670364268403249,12
51014,normal,0.25,7,0.8409227733548883,0.38,0.6727226618670844,12
51014,normal,0.25,8,0.8475508070295948,0.42,0.7555437538773753,12
51014,normal,0.25,9,0.8688418338603122,0.4,0.7412597194825594,12
51014,normal,0.25,10,0.8464991860107837,0.36,0.7426939315378194,12
51014,normal,0.25,11,0.8675441565365333,0.56,0.7173035965363439,12
51014,normal,0.5,0,0.6204381290419766,0.2,0.441770513653073,25
51014,normal,0.5,1,0.7032484065651022,0.2,0.5901411408197246,25
51014,normal,0.5,2,0.7066798435561573,0.24,0.6106675074787202,25
51014,normal,0.5,3,0.7400869419803573,0.2,0.5496433086422745,25
51014,normal,0.5,4,0.7536267612450014,0.28,0.5425843829659518,25
51014,normal,0.5,5,0.7578785733231169,0.14,0.5735981440899515,25
51014,normal,0.5,6,0.747634905844024,0.26,0.5504279802520387,25
51014,normal,0.5,7,0.7123545195543342,0.2,0.5479852549042201,25
51014,normal,0.5,8,0.7449946524609765,0.18,0.48748299817819357,25
51014,normal,0.5,9,0.6670237819304559,0.22,0.4605184979567553,25
51014,normal,0.5,10,0.7157566859470572,0.2,0.5125283411502256,25
51014,normal,0.5,11,0.7254445295147184,0.28,0.5016946937226868,25
51014,normal,0.75,0,0.5460906343024677,0.04,0.4911826384861554,38
51014,normal,0.75,1,0.5716125226252202,0.04,0.47213028437513244,38
51014,normal,0.75,2,0.577192050982428,0.12,0.39415446744058685,38
51014,normal,0.75,3,0.5346840919096814,0.08,0.45401490153009283,38
51014,normal,0.75,4,0.5392142075417447,0.1,0.4416579800357261,38
51014,normal,0.75,5,0.5092781846456409,0.08,0.40134468100965187,38
51014,normal,0.75,6,0.45236220984407105,0.04,0.38197052646797713,38
51014,normal,0.75,7,0.6860728030974171,0.1,0.4772927273667397,38
51014,normal,0.75,8,0.34280587112748767,0.04,0.4255451261899419,38
51014,normal,0.75,9,0.5902316474971766,0.1,0.43290630683465975,38
51014,normal,0.75,10,0.5191844544353704,0.06,0.33886058007665354,38
51014,normal,0.75,11,0.5825203419174002,0.14,0.4251238039990332,38
51014,normal,0.9,0,0.4713029221138692,0.06,0.40644271193104053,45
51014,normal,0.9,1,0.4833299158327836,0.04,0.37592326893827477,45
51014,normal,0.9,2,0.40692754006014026,0.06,0.36677617019388714,45
51014,normal,0.9,3,0.5805633785118117,0.06,0.4389135261701575,45
51014,normal,0.9,4,0.37450598779958255,0.02,0.38464355817372303,45
51014,normal,0.9,5,0.5178658524059082,0.04,0.4407036706575007,45
51014,normal,0.9,6,0.48348080894626944,0.06,0.3792919910940143,45
51014,normal,0.9,7,0.5072563149724728,0.04,0.41109192486167373,45
51014,normal,0.9,8,0.42059899910956994,0.04,0.3567282081805253,45
51014,normal,0.9,9,0.4826163048537662,0.04,0.42719533644967916,45
51014,normal,0.9,10,0.4790790737970838,0.0,0.3705245519127874,45
51014,normal,0.9,11,0.32084830298938316,0.02,0.36731756981147834,45
51014,shuffled,0.0,0,0.9498691444155156,0.58,1.0,0
51014,shuffled,0.0,1,0.9498691444155156,0.58,1.0,0
51014,shuffled,0.0,2,0.9498691444155156,0.58,1.0,0
51014,shuffled,0.0,3,0.9498691444155156,0.58,1.0,0
51014,shuffled,0.0,4,0.9498691444155156,0.58,1.0,0
51014,shuffled,0.0,5,0.9498691444155156,0.58,1.0,0
51014,shuffled,0.0,6,0.9498691444155156,0.58,1.0,0
51014,shuffled,0.0,7,0.9498691444155156,0.58,1.0,0
51014,shuffled,0.0,8,0.9498691444155156,0.58,1.0,0
51014,shuffled,0.0,9,0.9498691444155156,0.58,1.0,0
51014,shuffled,0.0,10,0.9498691444155156,0.58,1.0,0
51014,shuffled,0.0,11,0.9498691444155156,0.58,1.0,0
51014,shuffled,0.25,0,0.8617762312283347,0.44,0.7675721859234815,12
51014,shuffled,0.25,1,0.8495150038363631,0.3,0.7484340740932535,12
51014,shuffled,0.25,2,0.8229558551841919,0.28,0.7282323715534845,12
51014,shuffled,0.25,3,0.842506814926373,0.4,0.7712709087236608,12
51014,shuffled,0.25,4,0.8443917421755037,0.34,0.7797847358646418,12
51014,shuffled,0.25,5,0.8506842821832905,0.34,0.8382530882232229,12
51014,shuffled,0.25,6,0.791995315227293,0.26,0.7363418321913003,12
51014,shuffled,0.25,7,0.8546084223022866,0.32,0.7463263571800383,12
51014,shuffled,0.25,8,0.8804260535934582,0.36,0.7492305973324039,12
51014,shuffled,0.25,9,0.8556947780788424,0.48,0.7282351659489389,12
51014,shuffled,0.25,10,0.8488859610446675,0.38,0.7671957083054162,12
51014,shuffled,0.25,11,0.8801418902947072,0.4,0.7826220504959126,12
51014,shuffled,0.5,0,0.7531617489129926,0.22,0.600799528271292,25
51014,shuffled,0.5,1,0.7433070536459838,0.16,0.6311043422406103,25
51014,shuffled,0.5,2,0.6505871349203959,0.16,0.5608203720576213,25
51014,shuffled,0.5,3,0.7607739314778696,0.16,0.5935840927050888,25
51014,shuffled,0.5,4,0.5696986038545928,0.14,0.4985606584923954,25
51014,shuffled,0.5,5,0.650554532864254,0.14,0.520315612618258,25
51014,shuffled,0.5,6,0.7587782094962553,0.28,0.5977736122241469,25
51014,shuffled,0.5,7,0.7574204112251182,0.2,0.6516385482527858,25
51014,shuffled,0.5,8,0.7595146524500714,0.18,0.5439955287335857,25
51014,shuffled,0.5,9,0.6558457188608723,0.1,0.48519031156552744,25
51014,shuffled,0.5,10,0.7412176449937583,0.24,0.6090431766173909,25
51014,shuffled,0.5,11,0.817541661245875,0.18,0.6072976613167372,25
51014,shuffled,0.75,0,0.3471171708870005,0.04,0.26592188922142646,38
51014,shuffled,0.75,1,0.47744774523701267,0.08,0.3720695495481631,38
51014,shuffled,0.75,2,0.5495275509019929,0.08,0.4353739841862684,38
51014,shuffled,0.75,3,0.6103966887066066,0.12,0.5438309388198855,38
51014,shuffled,0.75,4,0.5579589986758022,0.06,0.4165343150902271,38
51014,shuffled,0.75,5,0.6196383001976928,0.08,0.4555564475961726,38
51014,shuffled,0.75,6,0.5521451216090921,0.02,0.438973744314582,38
51014,shuffled,0.75,7,0.6056776790082496,0.12,0.5044978492454318,38
51014,shuffled,0.75,8,0.5114818763150839,0.08,0.4164598756300779,38
51014,shuffled,0.75,9,0.4941810472826728,0.06,0.42321470730549343,38
51014,shuffled,0.75,10,0.6195549471358556,0.08,0.41647913893837574,38
51014,shuffled,0.75,11,0.5635717438991984,0.14,0.4726021829580755,38
51014,shuffled,0.9,0,0.4112939118452617,0.08,0.3529083553751324,45
51014,shuffled,0.9,1,0.4456182442939336,0.08,0.4410537175650264,45
51014,shuffled,0.9,2,0.36297289769342095,0.02,0.37500756381839895,45
51014,shuffled,0.9,3,0.42870506519318674,0.04,0.3680606289511355,45
51014,shuffled,0.9,4,0.3491483015433265,0.02,0.33699952704280944,45
51014,shuffled,0.9,5,0.32985644308223305,0.02,0.32087750785219354,45
51014,shuffled,0.9,6,0.4505506063003733,0.02,0.43860470563454235,45
51014,shuffled,0.9,7,0.45114113030252645,0.06,0.3942113535637975,45
51014,shuffled,0.9,8,0.2693043712105372,0.02,0.35539978867999805,45
51014,shuffled,0.9,9,0.39067310908099434,0.04,0.40139021233959304,45
51014,shuffled,0.9,10,0.4563491672953381,0.04,0.4044924965692313,45
51014,shuffled,0.9,11,0.45663991021484124,0.08,0.39920896882422924,45
51014,dense,0.0,0,0.26043030137733053,0.02,0.9999999999999999,0
51014,dense,0.0,1,0.26043030137733053,0.02,0.9999999999999999,0
51014,dense,0.0,2,0.26043030137733053,0.02,0.9999999999999999,0
51014,dense,0.0,3,0.26043030137733053,0.02,0.9999999999999999,0
51014,dense,0.0,4,0.26043030137733053,0.02,0.9999999999999999,0
51014,dense,0.0,5,0.26043030137733053,0.02,0.9999999999999999,0
51014,dense,0.0,6,0.26043030137733053,0.02,0.9999999999999999,0
51014,dense,0.0,7,0.26043030137733053,0.02,0.9999999999999999,0
51014,dense,0.0,8,0.26043030137733053,0.02,0.9999999999999999,0
51014,dense,0.0,9,0.26043030137733053,0.02,0.9999999999999999,0
51014,dense,0.0,10,0.26043030137733053,0.02,0.9999999999999999,0
51014,dense,0.0,11,0.26043030137733053,0.02,0.9999999999999999,0
51014,dense,0.25,0,0.26043030137733053,0.02,0.9999999999999999,12
51014,dense,0.25,1,0.26043030137733053,0.02,0.9999999999999999,12
51014,dense,0.25,2,0.26043030137733053,0.02,0.9999999999999999,12
51014,dense,0.25,3,0.26043030137733053,0.02,0.9999999999999999,12
51014,dense,0.25,4,0.26043030137733053,0.02,0.9999999999999999,12
51014,dense,0.25,5,0.26043030137733053,0.02,0.9999999999999999,12
51014,dense,0.25,6,0.26043030137733053,0.02,0.9999999999999999,12
51014,dense,0.25,7,0.26043030137733053,0.02,0.9999999999999999,12
51014,dense,0.25,8,0.26043030137733053,0.02,0.9999999999999999,12
51014,dense,0.25,9,0.26043030137733053,0.02,0.9999999999999999,12
51014,dense,0.25,10,0.26043030137733053,0.02,0.9999999999999999,12
51014,dense,0.25,11,0.26043030137733053,0.02,0.9999999999999999,12
51014,dense,0.5,0,0.26043030137733053,0.02,0.9999999999999999,25
51014,dense,0.5,1,0.26043030137733053,0.02,0.9999999999999999,25
51014,dense,0.5,2,0.26043030137733053,0.02,0.9999999999999999,25
51014,dense,0.5,3,0.26043030137733053,0.02,0.9999999999999999,25
51014,dense,0.5,4,0.26043030137733053,0.02,0.9999999999999999,25
51014,dense,0.5,5,0.26043030137733053,0.02,0.9999999999999999,25
51014,dense,0.5,6,0.26043030137733053,0.02,0.9999999999999999,25
51014,dense,0.5,7,0.26043030137733053,0.02,0.9999999999999999,25
51014,dense,0.5,8,0.26043030137733053,0.02,0.9999999999999999,25
51014,dense,0.5,9,0.26043030137733053,0.02,0.9999999999999999,25
51014,dense,0.5,10,0.26043030137733053,0.02,0.9999999999999999,25
51014,dense,0.5,11,0.26043030137733053,0.02,0.9999999999999999,25
51014,dense,0.75,0,0.26043030137733053,0.02,0.9999999999999999,38
51014,dense,0.75,1,0.26043030137733053,0.02,0.9999999999999999,38
51014,dense,0.75,2,0.26043030137733053,0.02,0.9999999999999999,38
51014,dense,0.75,3,0.26043030137733053,0.02,0.9999999999999999,38
51014,dense,0.75,4,0.26043030137733053,0.02,0.9999999999999999,38
51014,dense,0.75,5,0.26043030137733053,0.02,0.9999999999999999,38
51014,dense,0.75,6,0.26043030137733053,0.02,0.9999999999999999,38
51014,dense,0.75,7,0.26043030137733053,0.02,0.9999999999999999,38
51014,dense,0.75,8,0.26043030137733053,0.02,0.9999999999999999,38
51014,dense,0.75,9,0.26043030137733053,0.02,0.9999999999999999,38
51014,dense,0.75,10,0.26043030137733053,0.02,0.9999999999999999,38
51014,dense,0.75,11,0.26043030137733053,0.02,0.9999999999999999,38
51014,dense,0.9,0,0.26043030137733053,0.02,0.9999999999999999,45
51014,dense,0.9,1,0.26043030137733053,0.02,0.9999999999999999,45
51014,dense,0.9,2,0.26043030137733053,0.02,0.9999999999999999,45
51014,dense,0.9,3,0.26043030137733053,0.02,0.9999999999999999,45
51014,dense,0.9,4,0.26043030137733053,0.02,0.9999999999999999,45
51014,dense,0.9,5,0.26043030137733053,0.02,0.9999999999999999,45
51014,dense,0.9,6,0.26043030137733053,0.02,0.9999999999999999,45
51014,dense,0.9,7,0.26043030137733053,0.02,0.9999999999999999,45
51014,dense,0.9,8,0.26043030137733053,0.02,0.9999999999999999,45
51014,dense,0.9,9,0.26043030137733053,0.02,0.9999999999999999,45
51014,dense,0.9,10,0.26043030137733053,0.02,0.9999999999999999,45
51014,dense,0.9,11,0.26043030137733053,0.02,0.9999999999999999,45
51014,identity,0.0,0,0.9905362166475511,0.94,1.0,0
51014,identity,0.0,1,0.9905362166475511,0.94,1.0,0
51014,identity,0.0,2,0.9905362166475511,0.94,1.0,0
51014,identity,0.0,3,0.9905362166475511,0.94,1.0,0
51014,identity,0.0,4,0.9905362166475511,0.94,1.0,0
51014,identity,0.0,5,0.9905362166475511,0.94,1.0,0
51014,identity,0.0,6,0.9905362166475511,0.94,1.0,0
51014,identity,0.0,7,0.9905362166475511,0.94,1.0,0
51014,identity,0.0,8,0.9905362166475511,0.94,1.0,0
51014,identity,0.0,9,0.9905362166475511,0.94,1.0,0
51014,identity,0.0,10,0.9905362166475511,0.94,1.0,0
51014,identity,0.0,11,0.9905362166475511,0.94,1.0,0
51014,identity,0.25,0,0.926866147639241,0.82,0.9014894760338202,12
51014,identity,0.25,1,0.9222719369376026,0.78,0.9001154352404547,12
51014,identity,0.25,2,0.9033248879570889,0.82,0.8884736450051759,12
51014,identity,0.25,3,0.8625441193080201,0.7,0.8809658210098372,12
51014,identity,0.25,4,0.8653137200628054,0.72,0.8818847399578829,12
51014,identity,0.25,5,0.9087712281262371,0.84,0.8864858427581426,12
51014,identity,0.25,6,0.8609157032997244,0.66,0.8796675175367149,12
51014,identity,0.25,7,0.8854346658552841,0.68,0.8936474289372041,12
51014,identity,0.25,8,0.8781148050702575,0.7,0.8767642363628626,12
51014,identity,0.25,9,0.8896743373459356,0.68,0.8859989908084234,12
51014,identity,0.25,10,0.9265044098899411,0.7,0.9042091371568134,12
51014,identity,0.25,11,0.9454855976993707,0.84,0.9056437399560564,12
51014,identity,0.5,0,0.6919508921403031,0.3,0.7554827780553225,25
51014,identity,0.5,1,0.6387130881001718,0.3,0.7182800587668009,25
51014,identity,0.5,2,0.69130242960146,0.34,0.7443539922602614,25
51014,identity,0.5,3,0.677540911762783,0.22,0.7251070626039083,25
51014,identity,0.5,4,0.6947606073683602,0.34,0.7370601046704176,25
51014,identity,0.5,5,0.6923145167408498,0.32,0.7271068832655267,25
51014,identity,0.5,6,0.7289991814450505,0.28,0.7464247208700142,25
51014,identity,0.5,7,0.6533234523027658,0.32,0.7470980648066472,25
51014,identity,0.5,8,0.7004581659196562,0.42,0.7428842890046172,25
51014,identity,0.5,9,0.7228913981191829,0.26,0.7558186992248268,25
51014,identity,0.5,10,0.7896888974272802,0.48,0.7615394102273728,25
51014,identity,0.5,11,0.6962874682328244,0.36,0.7274583450943801,25
51014,identity,0.75,0,0.49556474893382507,0.18,0.5836037284285767,38
51014,identity,0.75,1,0.513710652076837,0.14,0.6052580769522439,38
51014,identity,0.75,2,0.48267635014286164,0.1,0.5977636428351987,38
51014,identity,0.75,3,0.48357889527921066,0.04,0.578991466847613,38
51014,identity,0.75,4,0.46381450251225476,0.1,0.6333380772411856,38
51014,identity,0.75,5,0.47369834696793917,0.12,0.639930464763028,38
51014,identity,0.75,6,0.4761379606636024,0.16,0.6074014357360926,38
51014,identity,0.75,7,0.4326503625108671,0.06,0.6034857182371306,38
51014,identity,0.75,8,0.4860856526646268,0.1,0.634110856825768,38
51014,identity,0.75,9,0.5256896593180707,0.24,0.6073318087110092,38
51014,identity,0.75,10,0.47895603988738517,0.12,0.5964738019172234,38
51014,identity,0.75,11,0.5153872824760125,0.1,0.6290342823092107,38
51014,identity,0.9,0,0.4114681105353127,0.06,0.628947095101985,45
51014,identity,0.9,1,0.33513126467474896,0.02,0.6350523408106801,45
51014,identity,0.9,2,0.3793352689527182,0.02,0.6215422216294044,45
51014,identity,0.9,3,0.3739032179485164,0.02,0.6625443634877441,45
51014,identity,0.9,4,0.3908722627479434,0.04,0.6128765010419318,45
51014,identity,0.9,5,0.4134099127093328,0.04,0.6302039458223948,45
51014,identity,0.9,6,0.41177386016481315,0.04,0.6293693902830364,45
51014,identity,0.9,7,0.41194435611144037,0.04,0.6262341098797112,45
51014,identity,0.9,8,0.37352983639423065,0.0,0.6198714252401303,45
51014,identity,0.9,9,0.3689745060370946,0.02,0.6004121244827332,45
51014,identity,0.9,10,0.40597496903655533,0.02,0.6290451860712518,45
51014,identity,0.9,11,0.3712098297698181,0.02,0.6255978105190643,45
51015,normal,0.0,0,0.9509550024042701,0.7,1.0,0
51015,normal,0.0,1,0.9509550024042701,0.7,1.0,0
51015,normal,0.0,2,0.9509550024042701,0.7,1.0,0
51015,normal,0.0,3,0.9509550024042701,0.7,1.0,0
51015,normal,0.0,4,0.9509550024042701,0.7,1.0,0
51015,normal,0.0,5,0.9509550024042701,0.7,1.0,0
51015,normal,0.0,6,0.9509550024042701,0.7,1.0,0
51015,normal,0.0,7,0.9509550024042701,0.7,1.0,0
51015,normal,0.0,8,0.9509550024042701,0.7,1.0,0
51015,normal,0.0,9,0.9509550024042701,0.7,1.0,0
51015,normal,0.0,10,0.9509550024042701,0.7,1.0,0
51015,normal,0.0,11,0.9509550024042701,0.7,1.0,0
51015,normal,0.25,0,0.8241398355735454,0.24,0.716363553242043,12
51015,normal,0.25,1,0.8248716767809862,0.34,0.7625274074249226,12
51015,normal,0.25,2,0.8814641109524536,0.38,0.7677893387788792,12
51015,normal,0.25,3,0.8584459190269775,0.42,0.7391843592951429,12
51015,normal,0.25,4,0.8195415206232962,0.32,0.7125341687208183,12
51015,normal,0.25,5,0.8788727515351912,0.4,0.8078868563775019,12
51015,normal,0.25,6,0.8325247946117449,0.32,0.7084750331530585,12
51015,normal,0.25,7,0.8550945214377961,0.28,0.7329205621194965,12
51015,normal,0.25,8,0.858828974873872,0.3,0.7624334331689643,12
51015,normal,0.25,9,0.761242217105078,0.32,0.7323260170557717,12
51015,normal,0.25,10,0.8587789083025104,0.34,0.7810400170875537,12
51015,normal,0.25,11,0.8247233285754255,0.36,0.7102626609079588,12
51015,normal,0.5,0,0.7115061572344986,0.26,0.5345892202203733,25
51015,normal,0.5,1,0.6579931808686414,0.12,0.5071280260209305,25
51015,normal,0.5,2,0.743765365573801,0.12,0.5231291587030055,25
51015,normal,0.5,3,0.6173851909223081,0.12,0.5289375160214176,25
51015,normal,0.5,4,0.7156988273334541,0.1,0.571949838048308,25
51015,normal,0.5,5,0.6715939652607417,0.22,0.54694254273489,25
51015,normal,0.5,6,0.7087312584653948,0.14,0.569979230122123,25
51015,normal,0.5,7,0.7725937132025951,0.22,0.5983494352177565,25
51015,normal,0.5,8,0.6997824646452392,0.14,0.6530774901550703,25
51015,normal,0.5,9,0.7111237174340256,0.22,0.612452527215343,25
51015,normal,0.5,10,0.7408277423253472,0.18,0.557214018656304,25
51015,normal,0.5,11,0.6944830198741276,0.2,0.5599011291871097,25
51015,normal,0.75,0,0.5106886508306296,0.08,0.43895167353330294,38
51015,normal,0.75,1,0.5191656304837331,0.06,0.4239113085054946,38
51015,normal,0.75,2,0.5790521463227688,0.04,0.4237186353637209,38
51015,normal,0.75,3,0.4386721518503214,0.02,0.43189619645776595,38
51015,normal,0.75,4,0.49626955684897617,0.08,0.4734796125055371,38
51015,normal,0.75,5,0.5017257588362652,0.1,0.46012891967469544,38
51015,normal,0.75,6,0.5264503008817155,0.04,0.44857136339917836,38
51015,normal,0.75,7,0.6064790983191451,0.12,0.5243627820596196,38
51015,normal,0.75,8,0.6955659704691571,0.08,0.4695005454506657,38
51015,normal,0.75,9,0.4921811327985358,0.1,0.39188890537167004,38
51015,normal,0.75,10,0.5202762960831124,0.02,0.3676998440639604,38
51015,normal,0.75,11,0.5855583757368198,0.12,0.44300499526357695,38
51015,normal,0.9,0,0.4384638333621533,0.04,0.40818324243829224,45
51015,normal,0.9,1,0.4482518286796689,0.02,0.3909011408120911,45
51015,normal,0.9,2,0.40360136695087656,0.04,0.42775274955766535,45
51015,normal,0.9,3,0.4301560192829365,0.04,0.4127476416383918,45
51015,normal,0.9,4,0.38764141112533507,0.0,0.4150961435503062,45
51015,normal,0.9,5,0.3739313165423785,0.02,0.40375874429619096,45
51015,normal,0.9,6,0.5466212817379844,0.04,0.393821448128563,45
51015,normal,0.9,7,0.40291389748401785,0.04,0.362294883665009,45
51015,normal,0.9,8,0.4393563044144377,0.04,0.3712112344790611,45
51015,normal,0.9,9,0.4862835076830636,0.04,0.42732139825506865,45
51015,normal,0.9,10,0.3744852470966925,0.0,0.3867717094944518,45
51015,normal,0.9,11,0.4272777139203888,0.04,0.4400432249947206,45
51015,shuffled,0.0,0,0.9503148460989821,0.76,1.0,0
51015,shuffled,0.0,1,0.9503148460989821,0.76,1.0,0
51015,shuffled,0.0,2,0.9503148460989821,0.76,1.0,0
51015,shuffled,0.0,3,0.9503148460989821,0.76,1.0,0
51015,shuffled,0.0,4,0.9503148460989821,0.76,1.0,0
51015,shuffled,0.0,5,0.9503148460989821,0.76,1.0,0
51015,shuffled,0.0,6,0.9503148460989821,0.76,1.0,0
51015,shuffled,0.0,7,0.9503148460989821,0.76,1.0,0
51015,shuffled,0.0,8,0.9503148460989821,0.76,1.0,0
51015,shuffled,0.0,9,0.9503148460989821,0.76,1.0,0
51015,shuffled,0.0,10,0.9503148460989821,0.76,1.0,0
51015,shuffled,0.0,11,0.9503148460989821,0.76,1.0,0
51015,shuffled,0.25,0,0.7563720415870568,0.36,0.6986224927957833,12
51015,shuffled,0.25,1,0.8457720001503192,0.34,0.7297105726159708,12
51015,shuffled,0.25,2,0.8198535265543059,0.34,0.6856833450161212,12
51015,shuffled,0.25,3,0.8536640298538096,0.34,0.720380025982023,12
51015,shuffled,0.25,4,0.8363986035366681,0.4,0.8042514655942418,12
51015,shuffled,0.25,5,0.8317124028385774,0.46,0.7555077198605676,12
51015,shuffled,0.25,6,0.8408859482237401,0.32,0.7376151851941687,12
51015,shuffled,0.25,7,0.8862714831285455,0.42,0.7211729714935643,12
51015,shuffled,0.25,8,0.8293233248915496,0.3,0.6925106458902447,12
51015,shuffled,0.25,9,0.8389133935836057,0.3,0.6617249331633336,12
51015,shuffled,0.25,10,0.8439275399453681,0.46,0.7585571121006858,12
51015,shuffled,0.25,11,0.8500911996301221,0.38,0.6941066288304637,12
51015,shuffled,0.5,0,0.6614626476940552,0.14,0.5613687485638795,25
51015,shuffled,0.5,1,0.5330555722023332,0.16,0.5355533803053347,25
51015,shuffled,0.5,2,0.6290344358992799,0.18,0.46591902759581205,25
51015,shuffled,0.5,3,0.8125334553845431,0.14,0.5196256428536397,25
51015,shuffled,0.5,4,0.6259684150636855,0.12,0.49891609568668516,25
51015,shuffled,0.5,5,0.6441524222352534,0.16,0.562637191758755,25
51015,shuffled,0.5,6,0.6930859728161721,0.22,0.596572301749448,25
51015,shuffled,0.5,7,0.6876516928739682,0.18,0.5610232091901421,25
51015,shuffled,0.5,8,0.5771013796970424,0.1,0.42790485463591105,25
51015,shuffled,0.5,9,0.6102689674702105,0.16,0.5151986437826607,25
51015,shuffled,0.5,10,0.7244008351149138,0.28,0.6125275033116858,25
51015,shuffled,0.5,11,0.7170442250563004,0.22,0.54255536358453,25
51015,shuffled,0.75,0,0.4495833351394866,0.06,0.4886248310520265,38
51015,shuffled,0.75,1,0.4453066949297391,0.02,0.4627094518340018,38
51015,shuffled,0.75,2,0.5324137134263546,0.02,0.4739748586471357,38
51015,shuffled,0.75,3,0.533609518496441,0.04,0.3615366883241816,38
51015,shuffled,0.75,4,0.5140768117151591,0.06,0.5110220918201172,38
51015,shuffled,0.75,5,0.6513372971036366,0.08,0.4571655891299569,38
51015,shuffled,0.75,6,0.6616288165183355,0.1,0.41102290225561006,38
51015,shuffled,0.75,7,0.47420183262291293,0.12,0.4754833679639054,38
51015,shuffled,0.75,8,0.6483546472090618,0.16,0.467437023077022,38
51015,shuffled,0.75,9,0.5093871435707364,0.08,0.49469706367481303,38
51015,shuffled,0.75,10,0.6188530901055835,0.06,0.44364163424902175,38
51015,shuffled,0.75,11,0.5579323322267337,0.08,0.47096507427118506,38
51015,shuffled,0.9,0,0.41460868853655986,0.04,0.4063541082016475,45
51015,shuffled,0.9,1,0.3888268405459829,0.0,0.3651085640772188,45
51015,shuffled,0.9,2,0.4872906067809393,0.02,0.35059552985191184,45
51015,shuffled,0.9,3,0.47689450864028954,0.06,0.44869092264762556,45
51015,shuffled,0.9,4,0.3709451245791807,0.0,0.39027656650533293,45
51015,shuffled,0.9,5,0.5258043221780394,0.06,0.3807023950998947,45
51015,shuffled,0.9,6,0.4357766304029829,0.02,0.394304670793672,45
51015,shuffled,0.9,7,0.42158349432254316,0.04,0.36437918927780993,45
51015,shuffled,0.9,8,0.5763511947080634,0.04,0.34134379931584163,45
51015,shuffled,0.9,9,0.5316418183739916,0.04,0.360643906653709,45
51015,shuffled,0.9,10,0.34085112595883194,0.04,0.38569099239578164,45
51015,shuffled,0.9,11,0.4683600793546689,0.02,0.4142559413147129,45
51015,dense,0.0,0,0.2706608140032939,0.02,0.9999999999999999,0
51015,dense,0.0,1,0.2706608140032939,0.02,0.9999999999999999,0
51015,dense,0.0,2,0.2706608140032939,0.02,0.9999999999999999,0
51015,dense,0.0,3,0.2706608140032939,0.02,0.9999999999999999,0
51015,dense,0.0,4,0.2706608140032939,0.02,0.9999999999999999,0
51015,dense,0.0,5,0.2706608140032939,0.02,0.9999999999999999,0
51015,dense,0.0,6,0.2706608140032939,0.02,0.9999999999999999,0
51015,dense,0.0,7,0.2706608140032939,0.02,0.9999999999999999,0
51015,dense,0.0,8,0.2706608140032939,0.02,0.9999999999999999,0
51015,dense,0.0,9,0.2706608140032939,0.02,0.9999999999999999,0
51015,dense,0.0,10,0.2706608140032939,0.02,0.9999999999999999,0
51015,dense,0.0,11,0.2706608140032939,0.02,0.9999999999999999,0
51015,dense,0.25,0,0.2706608140032939,0.02,0.9999999999999999,12
51015,dense,0.25,1,0.2706608140032939,0.02,0.9999999999999999,12
51015,dense,0.25,2,0.2706608140032939,0.02,0.9999999999999999,12
51015,dense,0.25,3,0.2706608140032939,0.02,0.9999999999999999,12
51015,dense,0.25,4,0.2706608140032939,0.02,0.9999999999999999,12
51015,dense,0.25,5,0.2706608140032939,0.02,0.9999999999999999,12
51015,dense,0.25,6,0.2706608140032939,0.02,0.9999999999999999,12
51015,dense,0.25,7,0.2706608140032939,0.02,0.9999999999999999,12
51015,dense,0.25,8,0.2706608140032939,0.02,0.9999999999999999,12
51015,dense,0.25,9,0.2706608140032939,0.02,0.9999999999999999,12
51015,dense,0.25,10,0.2706608140032939,0.02,0.9999999999999999,12
51015,dense,0.25,11,0.2706608140032939,0.02,0.9999999999999999,12
51015,dense,0.5,0,0.2706608140032939,0.02,0.9999999999999999,25
51015,dense,0.5,1,0.2706608140032939,0.02,0.9999999999999999,25
51015,dense,0.5,2,0.2706608140032939,0.02,0.9999999999999999,25
51015,dense,0.5,3,0.2706608140032939,0.02,0.9999999999999999,25
51015,dense,0.5,4,0.2706608140032939,0.02,0.9999999999999999,25
51015,dense,0.5,5,0.2706608140032939,0.02,0.9999999999999999,25
51015,dense,0.5,6,0.2706608140032939,0.02,0.9999999999999999,25
51015,dense,0.5,7,0.2706608140032939,0.02,0.9999999999999999,25
51015,dense,0.5,8,0.2706608140032939,0.02,0.9999999999999999,25
51015,dense,0.5,9,0.2706608140032939,0.02,0.9999999999999999,25
51015,dense,0.5,10,0.2706608140032939,0.02,0.9999999999999999,25
51015,dense,0.5,11,0.2706608140032939,0.02,0.9999999999999999,25
51015,dense,0.75,0,0.2706608140032939,0.02,0.9999999999999999,38
51015,dense,0.75,1,0.2706608140032939,0.02,0.9999999999999999,38
51015,dense,0.75,2,0.2706608140032939,0.02,0.9999999999999999,38
51015,dense,0.75,3,0.2706608140032939,0.02,0.9999999999999999,38
51015,dense,0.75,4,0.2706608140032939,0.02,0.9999999999999999,38
51015,dense,0.75,5,0.2706608140032939,0.02,0.9999999999999999,38
51015,dense,0.75,6,0.2706608140032939,0.02,0.9999999999999999,38
51015,dense,0.75,7,0.2706608140032939,0.02,0.9999999999999999,38
51015,dense,0.75,8,0.2706608140032939,0.02,0.9999999999999999,38
51015,dense,0.75,9,0.2706608140032939,0.02,0.9999999999999999,38
51015,dense,0.75,10,0.2706608140032939,0.02,0.9999999999999999,38
51015,dense,0.75,11,0.2706608140032939,0.02,0.9999999999999999,38
51015,dense,0.9,0,0.2706608140032939,0.02,0.9999999999999999,45
51015,dense,0.9,1,0.2706608140032939,0.02,0.9999999999999999,45
51015,dense,0.9,2,0.2706608140032939,0.02,0.9999999999999999,45
51015,dense,0.9,3,0.2706608140032939,0.02,0.9999999999999999,45
51015,dense,0.9,4,0.2706608140032939,0.02,0.9999999999999999,45
51015,dense,0.9,5,0.2706608140032939,0.02,0.9999999999999999,45
51015,dense,0.9,6,0.2706608140032939,0.02,0.9999999999999999,45
51015,dense,0.9,7,0.2706608140032939,0.02,0.9999999999999999,45
51015,dense,0.9,8,0.2706608140032939,0.02,0.9999999999999999,45
51015,dense,0.9,9,0.2706608140032939,0.02,0.9999999999999999,45
51015,dense,0.9,10,0.2706608140032939,0.02,0.9999999999999999,45
51015,dense,0.9,11,0.2706608140032939,0.02,0.9999999999999999,45
51015,identity,0.0,0,0.9804903958657667,0.96,1.0,0
51015,identity,0.0,1,0.9804903958657667,0.96,1.0,0
51015,identity,0.0,2,0.9804903958657667,0.96,1.0,0
51015,identity,0.0,3,0.9804903958657667,0.96,1.0,0
51015,identity,0.0,4,0.9804903958657667,0.96,1.0,0
51015,identity,0.0,5,0.9804903958657667,0.96,1.0,0
51015,identity,0.0,6,0.9804903958657667,0.96,1.0,0
51015,identity,0.0,7,0.9804903958657667,0.96,1.0,0
51015,identity,0.0,8,0.9804903958657667,0.96,1.0,0
51015,identity,0.0,9,0.9804903958657667,0.96,1.0,0
51015,identity,0.0,10,0.9804903958657667,0.96,1.0,0
51015,identity,0.0,11,0.9804903958657667,0.96,1.0,0
51015,identity,0.25,0,0.9142543186896853,0.76,0.909206705692945,12
51015,identity,0.25,1,0.9194995546058006,0.78,0.9030560745870266,12
51015,identity,0.25,2,0.8919640293747095,0.78,0.8941745192357229,12
51015,identity,0.25,3,0.8923252215029731,0.68,0.8845093159822253,12
51015,identity,0.25,4,0.9065733149444185,0.74,0.8909585147555366,12
51015,identity,0.25,5,0.9219965203147088,0.82,0.9006924817961728,12
51015,identity,0.25,6,0.904290714432593,0.74,0.8924484330299635,12
51015,identity,0.25,7,0.8739665423572515,0.7,0.890223850792513,12
51015,identity,0.25,8,0.8274079326052977,0.48,0.8556037453664667,12
51015,identity,0.25,9,0.8940313332807066,0.78,0.8826249193083515,12
51015,identity,0.25,10,0.8454892943051499,0.62,0.8706110371212182,12
51015,identity,0.25,11,0.9242805604652022,0.8,0.8930859387751962,12
51015,identity,0.5,0,0.7520078005821795,0.32,0.7442781724715016,25
51015,identity,0.5,1,0.7612887293265114,0.46,0.768446082304525,25
51015,identity,0.5,2,0.7292144718026727,0.4,0.752945196836874,25
51015,identity,0.5,3,0.7351888934318379,0.42,0.7250198787040703,25
51015,identity,0.5,4,0.741251869922873,0.38,0.7257266260465475,25
51015,identity,0.5,5,0.7816312949267753,0.5,0.7567835623883045,25
51015,identity,0.5,6,0.7816862536842156,0.36,0.747856140169479,25
51015,identity,0.5,7,0.7848316432316771,0.42,0.7375303890094678,25
51015,identity,0.5,8,0.8017201668788428,0.52,0.765288420876324,25
51015,identity,0.5,9,0.7777489662947461,0.3,0.7424534049711228,25
51015,identity,0.5,10,0.7483924592631429,0.44,0.7360437933595463,25
51015,identity,0.5,11,0.7546572266544628,0.42,0.7479845957811694,25
51015,identity,0.75,0,0.5232915529813416,0.16,0.6386483012679792,38
51015,identity,0.75,1,0.6020899626334514,0.14,0.5994008391780966,38
51015,identity,0.75,2,0.5964959062537437,0.14,0.6256781265698297,38
51015,identity,0.75,3,0.6044069432131202,0.1,0.5841142720761193,38
51015,identity,0.75,4,0.5470401853232459,0.2,0.6431774084821247,38
51015,identity,0.75,5,0.5758709314404369,0.08,0.6275451627457993,38
51015,identity,0.75,6,0.4428115736789779,0.14,0.6422209970753535,38
51015,identity,0.75,7,0.5835856502603562,0.14,0.6163012025655412,38
51015,identity,0.75,8,0.47658248305886025,0.08,0.5928494320301982,38
51015,identity,0.75,9,0.568137123227039,0.12,0.5997298401594303,38
51015,identity,0.75,10,0.5996735817592639,0.12,0.6052065718299999,38
51015,identity,0.75,11,0.5401304299353543,0.1,0.6277234749028733,38
51015,identity,0.9,0,0.3771879539282548,0.02,0.6256494678084656,45
51015,identity,0.9,1,0.3969706434557778,0.02,0.630387147088089,45
51015,identity,0.9,2,0.4584956582456677,0.08,0.624723389403097,45
51015,identity,0.9,3,0.48359454633745036,0.04,0.6162211025810727,45
51015,identity,0.9,4,0.4840981893644519,0.06,0.6206239222571859,45
51015,identity,0.9,5,0.37665242206253724,0.04,0.6469472317440149,45
51015,identity,0.9,6,0.47775789087242465,0.08,0.618892786716988,45
51015,identity,0.9,7,0.48649669623454295,0.08,0.6185085191085636,45
51015,identity,0.9,8,0.36046094338364915,0.04,0.6027074192367983,45
51015,identity,0.9,9,0.3734258847209778,0.04,0.6201866515917139,45
51015,identity,0.9,10,0.3790710828539667,0.04,0.6317497545340501,45
51015,identity,0.9,11,0.3985209352085275,0.02,0.6224243464069046,45
51016,normal,0.0,0,0.9360110636410585,0.52,1.0,0
51016,normal,0.0,1,0.9360110636410585,0.52,1.0,0
51016,normal,0.0,2,0.9360110636410585,0.52,1.0,0
51016,normal,0.0,3,0.9360110636410585,0.52,1.0,0
51016,normal,0.0,4,0.9360110636410585,0.52,1.0,0
51016,normal,0.0,5,0.9360110636410585,0.52,1.0,0
51016,normal,0.0,6,0.9360110636410585,0.52,1.0,0
51016,normal,0.0,7,0.9360110636410585,0.52,1.0,0
51016,normal,0.0,8,0.9360110636410585,0.52,1.0,0
51016,normal,0.0,9,0.9360110636410585,0.52,1.0,0
51016,normal,0.0,10,0.9360110636410585,0.52,1.0,0
51016,normal,0.0,11,0.9360110636410585,0.52,1.0,0
51016,normal,0.25,0,0.8503951362136831,0.28,0.7780769021460973,12
51016,normal,0.25,1,0.7903674124798896,0.34,0.771119188537506,12
51016,normal,0.25,2,0.8164391115411374,0.4,0.7141433920391417,12
51016,normal,0.25,3,0.870156838061609,0.4,0.8032926733026977,12
51016,normal,0.25,4,0.9108461797635347,0.58,0.8036237176011818,12
51016,normal,0.25,5,0.8388358934231576,0.28,0.7547350898645416,12
51016,normal,0.25,6,0.849216437408175,0.4,0.7899728598982658,12
51016,normal,0.25,7,0.8636875398685526,0.4,0.7321085484039602,12
51016,normal,0.25,8,0.8327397757031296,0.3,0.7276114249398222,12
51016,normal,0.25,9,0.8591097261929801,0.38,0.8222250666175311,12
51016,normal,0.25,10,0.8661681970461363,0.3,0.7119412767241865,12
51016,normal,0.25,11,0.862531031160588,0.26,0.758877165312831,12
51016,normal,0.5,0,0.6634925795107932,0.12,0.6008808739270244,25
51016,normal,0.5,1,0.6797883695208715,0.26,0.5619630496731923,25
51016,normal,0.5,2,0.7222755015537641,0.2,0.5365292228410923,25
51016,normal,0.5,3,0.7028290112215285,0.22,0.578853101397822,25
51016,normal,0.5,4,0.7760205691990153,0.18,0.5822512038624715,25
51016,normal,0.5,5,0.7177038438676714,0.14,0.5510534636052884,25
51016,normal,0.5,6,0.7274426715363697,0.14,0.6216369242300115,25
51016,normal,0.5,7,0.6844717714135529,0.12,0.5793042631090846,25
51016,normal,0.5,8,0.6391928546022576,0.2,0.5962739082412797,25
51016,normal,0.5,9,0.615132455578442,0.28,0.4534382217993389,25
51016,normal,0.5,10,0.7779238392113398,0.16,0.577808677088177,25
51016,normal,0.5,11,0.7071183116897802,0.2,0.5835813447401765,25
51016,normal,0.75,0,0.5978067026617037,0.16,0.42304354968197727,38
51016,normal,0.75,1,0.4659193739186193,0.1,0.3356972366828277,38
51016,normal,0.75,2,0.6157747129195368,0.1,0.48168037574240863,38
51016,normal,0.75,3,0.5738524056212216,0.14,0.4835806823022791,38
51016,normal,0.75,4,0.4611166891242801,0.08,0.4348625492733485,38
51016,normal,0.75,5,0.6225632617392326,0.14,0.5023655087533327,38
51016,normal,0.75,6,0.6450385175853118,0.08,0.4299909390349446,38
51016,normal,0.75,7,0.5186763941614515,0.08,0.36786263949838016,38
51016,normal,0.75,8,0.4507412075206787,0.14,0.3727207754215883,38
51016,normal,0.75,9,0.614631686673384,0.04,0.3845277464915406,38
51016,normal,0.75,10,0.3917418570417983,0.0,0.33289558736483477,38
51016,normal,0.75,11,0.4042999409674293,0.06,0.491841617081328,38
51016,normal,0.9,0,0.2914682460642257,0.02,0.38097873713435065,45
51016,normal,0.9,1,0.41825302810615045,0.04,0.3435120029216928,45
51016,normal,0.9,2,0.4249679631151173,0.02,0.3767566341621363,45
51016,normal,0.9,3,0.3306849824482418,0.04,0.376259602457936,45
51016,normal,0.9,4,0.5129755770549222,0.04,0.3630837744135559,45
51016,normal,0.9,5,0.5137942753541725,0.04,0.3744288206289131,45
51016,normal,0.9,6,0.4458173599715502,0.06,0.39063834724581087,45
51016,normal,0.9,7,0.39078324302653056,0.02,0.34171887305337195,45
51016,normal,0.9,8,0.3808291177928985,0.04,0.3713440598534015,45
51016,normal,0.9,9,0.3270440116834774,0.02,0.39219939270078874,45
51016,normal,0.9,10,0.36473112406709407,0.02,0.3802919966537234,45
51016,normal,0.9,11,0.4443188550231552,0.06,0.4307507816198041,45
51016,shuffled,0.0,0,0.9471977901959242,0.68,1.0,0
51016,shuffled,0.0,1,0.9471977901959242,0.68,1.0,0
51016,shuffled,0.0,2,0.9471977901959242,0.68,1.0,0
51016,shuffled,0.0,3,0.9471977901959242,0.68,1.0,0
51016,shuffled,0.0,4,0.9471977901959242,0.68,1.0,0
51016,shuffled,0.0,5,0.9471977901959242,0.68,1.0,0
51016,shuffled,0.0,6,0.9471977901959242,0.68,1.0,0
51016,shuffled,0.0,7,0.9471977901959242,0.68,1.0,0
51016,shuffled,0.0,8,0.9471977901959242,0.68,1.0,0
51016,shuffled,0.0,9,0.9471977901959242,0.68,1.0,0
51016,shuffled,0.0,10,0.9471977901959242,0.68,1.0,0
51016,shuffled,0.0,11,0.9471977901959242,0.68,1.0,0
51016,shuffled,0.25,0,0.8166236972754038,0.32,0.7231535343918216,12
51016,shuffled,0.25,1,0.8479881623646809,0.52,0.7205722889231727,12
51016,shuffled,0.25,2,0.8454542197699318,0.36,0.6999335562537837,12
51016,shuffled,0.25,3,0.845133461953194,0.38,0.6806116044567077,12
51016,shuffled,0.25,4,0.848931990087145,0.36,0.7240596299809751,12
51016,shuffled,0.25,5,0.8269250153363181,0.48,0.7927806230692812,12
51016,shuffled,0.25,6,0.8584348997604827,0.4,0.6718849585207554,12
51016,shuffled,0.25,7,0.8647362556680798,0.4,0.7497839586385051,12
51016,shuffled,0.25,8,0.8422677968461864,0.32,0.722034355109552,12
51016,shuffled,0.25,9,0.8802593563397094,0.36,0.7234640530332906,12
51016,shuffled,0.25,10,0.8409309283903845,0.44,0.7201907094348458,12
51016,shuffled,0.25,11,0.882295267366405,0.54,0.7436880640766402,12
51016,shuffled,0.5,0,0.7626957543676657,0.24,0.514472272215583,25
51016,shuffled,0.5,1,0.6768854988151634,0.16,0.5301388379216063,25
51016,shuffled,0.5,2,0.7293193452663044,0.16,0.5920034307219993,25
51016,shuffled,0.5,3,0.6408670015067642,0.16,0.5033410401785721,25
51016,shuffled,0.5,4,0.7846019435066919,0.32,0.5321547607132631,25
51016,shuffled,0.5,5,0.63345406500179,0.2,0.5764454087135132,25
51016,shuffled,0.5,6,0.7809642255111268,0.22,0.5896423484601844,25
51016,shuffled,0.5,7,0.625235233892068,0.12,0.47277733781304465,25
51016,shuffled,0.5,8,0.7295440736967573,0.22,0.5515731406935239,25
51016,shuffled,0.5,9,0.7337448779385259,0.16,0.4872611353046029,25
51016,shuffled,0.5,10,0.731875156334131,0.26,0.6039978552917483,25
51016,shuffled,0.5,11,0.7851100646834503,0.26,0.5700477490598322,25
51016,shuffled,0.75,0,0.5038035741775981,0.06,0.4410807084675193,38
51016,shuffled,0.75,1,0.5546102512790434,0.12,0.4917841810000623,38
51016,shuffled,0.75,2,0.47308042697109676,0.02,0.4184418587239833,38
51016,shuffled,0.75,3,0.5952530026417286,0.1,0.452312065905595,38
51016,shuffled,0.75,4,0.6754204714889198,0.08,0.4305657029717633,38
51016,shuffled,0.75,5,0.4377501887740345,0.08,0.4294443817771622,38
51016,shuffled,0.75,6,0.5513607788299304,0.1,0.39706451880264204,38
51016,shuffled,0.75,7,0.584970520091005,0.08,0.4497830681751176,38
51016,shuffled,0.75,8,0.6137420430794147,0.06,0.4760904068205631,38
51016,shuffled,0.75,9,0.6068554410966684,0.08,0.40762302733340233,38
51016,shuffled,0.75,10,0.3502683958575449,0.04,0.36549922331494544,38
51016,shuffled,0.75,11,0.6501972409579321,0.12,0.4046203545344847,38
51016,shuffled,0.9,0,0.6418668463613831,0.12,0.35663610581277166,45
51016,shuffled,0.9,1,0.34448666810797823,0.02,0.3920041297514597,45
51016,shuffled,0.9,2,0.6500845190180432,0.04,0.47692996284864075,45
51016,shuffled,0.9,3,0.46474081830528974,0.04,0.39809428999476915,45
51016,shuffled,0.9,4,0.36618435478665645,0.02,0.40998395768258694,45
51016,shuffled,0.9,5,0.4960062794446028,0.02,0.35793900077215524,45
51016,shuffled,0.9,6,0.38676382880404747,0.02,0.3624141257921047,45
51016,shuffled,0.9,7,0.369539608767324,0.04,0.404985495657517,45
51016,shuffled,0.9,8,0.5513479788794418,0.08,0.35772463797273363,45
51016,shuffled,0.9,9,0.5063906403719071,0.04,0.3801804693522471,45
51016,shuffled,0.9,10,0.3237656396614291,0.04,0.3883643151065157,45
51016,shuffled,0.9,11,0.36834271256501944,0.02,0.37259738858876756,45
51016,dense,0.0,0,0.1982884226269811,0.02,0.9999999999999999,0
51016,dense,0.0,1,0.1982884226269811,0.02,0.9999999999999999,0
51016,dense,0.0,2,0.1982884226269811,0.02,0.9999999999999999,0
51016,dense,0.0,3,0.1982884226269811,0.02,0.9999999999999999,0
51016,dense,0.0,4,0.1982884226269811,0.02,0.9999999999999999,0
51016,dense,0.0,5,0.1982884226269811,0.02,0.9999999999999999,0
51016,dense,0.0,6,0.1982884226269811,0.02,0.9999999999999999,0
51016,dense,0.0,7,0.1982884226269811,0.02,0.9999999999999999,0
51016,dense,0.0,8,0.1982884226269811,0.02,0.9999999999999999,0
51016,dense,0.0,9,0.1982884226269811,0.02,0.9999999999999999,0
51016,dense,0.0,10,0.1982884226269811,0.02,0.9999999999999999,0
51016,dense,0.0,11,0.1982884226269811,0.02,0.9999999999999999,0
51016,dense,0.25,0,0.1982884226269811,0.02,0.9999999999999999,12
51016,dense,0.25,1,0.1982884226269811,0.02,0.9999999999999999,12
51016,dense,0.25,2,0.1982884226269811,0.02,0.9999999999999999,12
51016,dense,0.25,3,0.1982884226269811,0.02,0.9999999999999999,12
51016,dense,0.25,4,0.1982884226269811,0.02,0.9999999999999999,12
51016,dense,0.25,5,0.1982884226269811,0.02,0.9999999999999999,12
51016,dense,0.25,6,0.1982884226269811,0.02,0.9999999999999999,12
51016,dense,0.25,7,0.1982884226269811,0.02,0.9999999999999999,12
51016,dense,0.25,8,0.1982884226269811,0.02,0.9999999999999999,12
51016,dense,0.25,9,0.1982884226269811,0.02,0.9999999999999999,12
51016,dense,0.25,10,0.1982884226269811,0.02,0.9999999999999999,12
51016,dense,0.25,11,0.1982884226269811,0.02,0.9999999999999999,12
51016,dense,0.5,0,0.1982884226269811,0.02,0.9999999999999999,25
51016,dense,0.5,1,0.1982884226269811,0.02,0.9999999999999999,25
51016,dense,0.5,2,0.1982884226269811,0.02,0.9999999999999999,25
51016,dense,0.5,3,0.1982884226269811,0.02,0.9999999999999999,25
51016,dense,0.5,4,0.1982884226269811,0.02,0.9999999999999999,25
51016,dense,0.5,5,0.1982884226269811,0.02,0.9999999999999999,25
51016,dense,0.5,6,0.1982884226269811,0.02,0.9999999999999999,25
51016,dense,0.5,7,0.1982884226269811,0.02,0.9999999999999999,25
51016,dense,0.5,8,0.1982884226269811,0.02,0.9999999999999999,25
51016,dense,0.5,9,0.1982884226269811,0.02,0.9999999999999999,25
51016,dense,0.5,10,0.1982884226269811,0.02,0.9999999999999999,25
51016,dense,0.5,11,0.1982884226269811,0.02,0.9999999999999999,25
51016,dense,0.75,0,0.1982884226269811,0.02,0.9999999999999999,38
51016,dense,0.75,1,0.1982884226269811,0.02,0.9999999999999999,38
51016,dense,0.75,2,0.1982884226269811,0.02,0.9999999999999999,38
51016,dense,0.75,3,0.1982884226269811,0.02,0.9999999999999999,38
51016,dense,0.75,4,0.1982884226269811,0.02,0.9999999999999999,38
51016,dense,0.75,5,0.1982884226269811,0.02,0.9999999999999999,38
51016,dense,0.75,6,0.1982884226269811,0.02,0.9999999999999999,38
51016,dense,0.75,7,0.1982884226269811,0.02,0.9999999999999999,38
51016,dense,0.75,8,0.1982884226269811,0.02,0.9999999999999999,38
51016,dense,0.75,9,0.1982884226269811,0.02,0.9999999999999999,38
51016,dense,0.75,10,0.1982884226269811,0.02,0.9999999999999999,38
51016,dense,0.75,11,0.1982884226269811,0.02,0.9999999999999999,38
51016,dense,0.9,0,0.1982884226269811,0.02,0.9999999999999999,45
51016,dense,0.9,1,0.1982884226269811,0.02,0.9999999999999999,45
51016,dense,0.9,2,0.1982884226269811,0.02,0.9999999999999999,45
51016,dense,0.9,3,0.1982884226269811,0.02,0.9999999999999999,45
51016,dense,0.9,4,0.1982884226269811,0.02,0.9999999999999999,45
51016,dense,0.9,5,0.1982884226269811,0.02,0.9999999999999999,45
51016,dense,0.9,6,0.1982884226269811,0.02,0.9999999999999999,45
51016,dense,0.9,7,0.1982884226269811,0.02,0.9999999999999999,45
51016,dense,0.9,8,0.1982884226269811,0.02,0.9999999999999999,45
51016,dense,0.9,9,0.1982884226269811,0.02,0.9999999999999999,45
51016,dense,0.9,10,0.1982884226269811,0.02,0.9999999999999999,45
51016,dense,0.9,11,0.1982884226269811,0.02,0.9999999999999999,45
51016,identity,0.0,0,0.9894152007282753,0.98,1.0,0
51016,identity,0.0,1,0.9894152007282753,0.98,1.0,0
51016,identity,0.0,2,0.9894152007282753,0.98,1.0,0
51016,identity,0.0,3,0.9894152007282753,0.98,1.0,0
51016,identity,0.0,4,0.9894152007282753,0.98,1.0,0
51016,identity,0.0,5,0.9894152007282753,0.98,1.0,0
51016,identity,0.0,6,0.9894152007282753,0.98,1.0,0
51016,identity,0.0,7,0.9894152007282753,0.98,1.0,0
51016,identity,0.0,8,0.9894152007282753,0.98,1.0,0
51016,identity,0.0,9,0.9894152007282753,0.98,1.0,0
51016,identity,0.0,10,0.9894152007282753,0.98,1.0,0
51016,identity,0.0,11,0.9894152007282753,0.98,1.0,0
51016,identity,0.25,0,0.9297654235902263,0.9,0.8739821785321071,12
51016,identity,0.25,1,0.959513555704983,0.86,0.894280837978744,12
51016,identity,0.25,2,0.8697352531204541,0.68,0.8750448880268966,12
51016,identity,0.25,3,0.9265667216733072,0.8,0.8873789169034374,12
51016,identity,0.25,4,0.8830638997857803,0.64,0.8822551740687118,12
51016,identity,0.25,5,0.9073622423964568,0.72,0.8802929527369849,12
51016,identity,0.25,6,0.9026036249783966,0.8,0.8830409802128094,12
51016,identity,0.25,7,0.9072651511288822,0.7,0.898843084708249,12
51016,identity,0.25,8,0.9254438232622119,0.76,0.8717500902038288,12
51016,identity,0.25,9,0.8866523294734812,0.68,0.8903338328313067,12
51016,identity,0.25,10,0.8810040149489297,0.6,0.8720888668026633,12
51016,identity,0.25,11,0.943669126366608,0.86,0.8992133496277109,12
51016,identity,0.5,0,0.7339123974229428,0.44,0.7065336564965189,25
51016,identity,0.5,1,0.7435439414755513,0.44,0.7320749474789927,25
51016,identity,0.5,2,0.7909389655734052,0.48,0.7471858778563365,25
51016,identity,0.5,3,0.7461227177915859,0.34,0.7298667819731725,25
51016,identity,0.5,4,0.8472557942273227,0.7,0.7553251434021206,25
51016,identity,0.5,5,0.8128724462527387,0.48,0.7280795709675866,25
51016,identity,0.5,6,0.7504034075314807,0.44,0.7662186095734598,25
51016,identity,0.5,7,0.7019637402450536,0.48,0.7243689287398335,25
51016,identity,0.5,8,0.7855773743393374,0.52,0.7349727431358453,25
51016,identity,0.5,9,0.7427770386633713,0.5,0.7359970165792997,25
51016,identity,0.5,10,0.8428579095893391,0.72,0.7648829852382357,25
51016,identity,0.5,11,0.794847889581425,0.46,0.7514276063914399,25
51016,identity,0.75,0,0.5150996243496607,0.08,0.5802814676459438,38
51016,identity,0.75,1,0.5259566204098215,0.1,0.5903053168616107,38
51016,identity,0.75,2,0.46827205095790364,0.12,0.6377394155766568,38
51016,identity,0.75,3,0.5643437542373588,0.08,0.5911551428715838,38
51016,identity,0.75,4,0.5793228809152939,0.16,0.6535425430862611,38
51016,identity,0.75,5,0.5441158744934037,0.06,0.6148786747111736,38
51016,identity,0.75,6,0.5935238424418665,0.18,0.6190998044724201,38
51016,identity,0.75,7,0.587397403469094,0.24,0.6594913421340519,38
51016,identity,0.75,8,0.5256077479727008,0.3,0.6196485002881483,38
51016,identity,0.75,9,0.6198908061765208,0.14,0.6316182014642185,38
51016,identity,0.75,10,0.5727404307766863,0.18,0.6291663250491352,38
51016,identity,0.75,11,0.5284255553737395,0.2,0.6284392833480248,38
51016,identity,0.9,0,0.3662309417057372,0.06,0.6248038410658573,45
51016,identity,0.9,1,0.4840515168428432,0.04,0.5894879674878362,45
51016,identity,0.9,2,0.39358521473502533,0.04,0.632742613831195,45
51016,identity,0.9,3,0.37712709370248854,0.04,0.6289906761422285,45
51016,identity,0.9,4,0.3504518773012089,0.04,0.6290273721254593,45
51016,identity,0.9,5,0.42090708252562903,0.08,0.6268021461817149,45
51016,identity,0.9,6,0.4271656818155655,0.12,0.6327662723510643,45
51016,identity,0.9,7,0.38303735482264045,0.04,0.6278609348896123,45
51016,identity,0.9,8,0.35270971186237327,0.02,0.6246373930570609,45
51016,identity,0.9,9,0.35661123243586856,0.02,0.6206056316188269,45
51016,identity,0.9,10,0.38540496716513234,0.06,0.6278832812810031,45
51016,identity,0.9,11,0.3886414486751659,0.06,0.6282167654269659,45
51017,normal,0.0,0,0.9584549352369767,0.78,1.0,0
51017,normal,0.0,1,0.9584549352369767,0.78,1.0,0
51017,normal,0.0,2,0.9584549352369767,0.78,1.0,0
51017,normal,0.0,3,0.9584549352369767,0.78,1.0,0
51017,normal,0.0,4,0.9584549352369767,0.78,1.0,0
51017,normal,0.0,5,0.9584549352369767,0.78,1.0,0
51017,normal,0.0,6,0.9584549352369767,0.78,1.0,0
51017,normal,0.0,7,0.9584549352369767,0.78,1.0,0
51017,normal,0.0,8,0.9584549352369767,0.78,1.0,0
51017,normal,0.0,9,0.9584549352369767,0.78,1.0,0
51017,normal,0.0,10,0.9584549352369767,0.78,1.0,0
51017,normal,0.0,11,0.9584549352369767,0.78,1.0,0
51017,normal,0.25,0,0.8389365789556789,0.46,0.7325737476978611,12
51017,normal,0.25,1,0.7118044612996548,0.32,0.6250770015469768,12
51017,normal,0.25,2,0.8612348418192467,0.32,0.7311455575964072,12
51017,normal,0.25,3,0.8939224884678113,0.4,0.7758418115479111,12
51017,normal,0.25,4,0.8944131638780558,0.54,0.8031182720956574,12
51017,normal,0.25,5,0.8251744096095179,0.46,0.7685001981103221,12
51017,normal,0.25,6,0.7834842237459396,0.42,0.7055101590826812,12
51017,normal,0.25,7,0.7219887860197022,0.28,0.6701025372861688,12
51017,normal,0.25,8,0.8096678436498671,0.42,0.7397228943633106,12
51017,normal,0.25,9,0.8188451126578381,0.46,0.7037221390185929,12
51017,normal,0.25,10,0.8072041684315274,0.38,0.7555825690542004,12
51017,normal,0.25,11,0.7309727615159436,0.32,0.6167002562312716,12
51017,normal,0.5,0,0.8139256617977989,0.3,0.5355568377289809,25
51017,normal,0.5,1,0.606796139617995,0.2,0.5304000698589468,25
51017,normal,0.5,2,0.6827736256553983,0.14,0.512329382603352,25
51017,normal,0.5,3,0.7602451474959753,0.22,0.5250215572231456,25
51017,normal,0.5,4,0.6153731768770982,0.14,0.508394293929499,25
51017,normal,0.5,5,0.6060552216837725,0.18,0.5423700684875231,25
51017,normal,0.5,6,0.6104250324587082,0.24,0.44635356999950426,25
51017,normal,0.5,7,0.589816792020682,0.16,0.590928946299186,25
51017,normal,0.5,8,0.6763613924371173,0.14,0.46850701859178834,25
51017,normal,0.5,9,0.715271642996589,0.28,0.5172153908153106,25
51017,normal,0.5,10,0.7082292941152437,0.24,0.5364421786330303,25
51017,normal,0.5,11,0.5836792348672751,0.18,0.5330325227370194,25
51017,normal,0.75,0,0.42073071693850167,0.06,0.40346082046414744,38
51017,normal,0.75,1,0.38747492207583,0.06,0.38419670956556473,38
51017,normal,0.75,2,0.5383954190762683,0.08,0.38333380417110624,38
51017,normal,0.75,3,0.4282945000704725,0.08,0.4303724784992914,38
51017,normal,0.75,4,0.46642351169332646,0.14,0.4534733500209091,38
51017,normal,0.75,5,0.33345040049088176,0.04,0.3899545877602445,38
51017,normal,0.75,6,0.5143037884214829,0.1,0.4363291709999193,38
51017,normal,0.75,7,0.5094480342971885,0.06,0.4516439498262079,38
51017,normal,0.75,8,0.49715915299933316,0.12,0.38599555222088333,38
51017,normal,0.75,9,0.3625099777624085,0.04,0.4075466558857403,38
51017,normal,0.75,10,0.5164420855102815,0.04,0.4186500126196979,38
51017,normal,0.75,11,0.6172935678086091,0.1,0.4538322724273323,38
51017,normal,0.9,0,0.437593917463317,0.06,0.40649970611918723,45
51017,normal,0.9,1,0.28920572835746416,0.02,0.3167921548623633,45
51017,normal,0.9,2,0.31390221294168064,0.02,0.39153329520912317,45
51017,normal,0.9,3,0.32328280416516675,0.04,0.35448912156429907,45
51017,normal,0.9,4,0.3665792989411764,0.06,0.34615221230220106,45
51017,normal,0.9,5,0.34263498144529975,0.04,0.3606140543243035,45
51017,normal,0.9,6,0.2562771143279251,0.04,0.3398901862280301,45
51017,normal,0.9,7,0.3751289549017933,0.04,0.40830156807511053,45
51017,normal,0.9,8,0.34730664545582257,0.04,0.44342406440173143,45
51017,normal,0.9,9,0.36651891733997316,0.08,0.37314616138706624,45
51017,normal,0.9,10,0.42976297925807294,0.08,0.39297563654188516,45
51017,normal,0.9,11,0.4235419511668347,0.04,0.41687106960361325,45
51017,shuffled,0.0,0,0.9458435435342853,0.68,1.0,0
51017,shuffled,0.0,1,0.9458435435342853,0.68,1.0,0
51017,shuffled,0.0,2,0.9458435435342853,0.68,1.0,0
51017,shuffled,0.0,3,0.9458435435342853,0.68,1.0,0
51017,shuffled,0.0,4,0.9458435435342853,0.68,1.0,0
51017,shuffled,0.0,5,0.9458435435342853,0.68,1.0,0
51017,shuffled,0.0,6,0.9458435435342853,0.68,1.0,0
51017,shuffled,0.0,7,0.9458435435342853,0.68,1.0,0
51017,shuffled,0.0,8,0.9458435435342853,0.68,1.0,0
51017,shuffled,0.0,9,0.9458435435342853,0.68,1.0,0
51017,shuffled,0.0,10,0.9458435435342853,0.68,1.0,0
51017,shuffled,0.0,11,0.9458435435342853,0.68,1.0,0
51017,shuffled,0.25,0,0.6945475152578221,0.36,0.7474377514177719,12
51017,shuffled,0.25,1,0.8803491271925036,0.34,0.7938023913644955,12
51017,shuffled,0.25,2,0.8239812993185447,0.24,0.7877048771861284,12
51017,shuffled,0.25,3,0.836065649145348,0.34,0.7500751990914197,12
51017,shuffled,0.25,4,0.8040331830252359,0.34,0.7122534326873645,12
51017,shuffled,0.25,5,0.8761559735633945,0.38,0.7498127940479187,12
51017,shuffled,0.25,6,0.8340061101748986,0.28,0.6479213097751239,12
51017,shuffled,0.25,7,0.8399688362176204,0.26,0.7549488317147244,12
51017,shuffled,0.25,8,0.8327063659954357,0.32,0.7172788480494592,12
51017,shuffled,0.25,9,0.8903340577236272,0.44,0.8267654839004166,12
51017,shuffled,0.25,10,0.8712399877790287,0.4,0.7844228685880791,12
51017,shuffled,0.25,11,0.7720158415412157,0.36,0.7163440586932548,12
51017,shuffled,0.5,0,0.715043522090967,0.22,0.6044337435872249,25
51017,shuffled,0.5,1,0.6085893049059576,0.14,0.47892235341815664,25
51017,shuffled,0.5,2,0.7121414197764796,0.26,0.6444480283416887,25
51017,shuffled,0.5,3,0.6247706922432159,0.12,0.5332380090993838,25
51017,shuffled,0.5,4,0.6958776889569027,0.1,0.6378981379927959,25
51017,shuffled,0.5,5,0.6890168059361413,0.16,0.5549936815254235,25
51017,shuffled,0.5,6,0.6484104892670014,0.26,0.5028646326042466,25
51017,shuffled,0.5,7,0.6714351750154851,0.14,0.6028206878438186,25
51017,shuffled,0.5,8,0.6319797027609154,0.28,0.5871013526868505,25
51017,shuffled,0.5,9,0.6362202852869611,0.18,0.4947952969641204,25
51017,shuffled,0.5,10,0.5701856262905953,0.22,0.5030404270751225,25
51017,shuffled,0.5,11,0.6710374780554702,0.26,0.5625178652634661,25
51017,shuffled,0.75,0,0.5171923308090746,0.14,0.3801293499224542,38
51017,shuffled,0.75,1,0.3570443962107134,0.06,0.3569276580805949,38
51017,shuffled,0.75,2,0.5099471391209783,0.06,0.38715103374360427,38
51017,shuffled,0.75,3,0.5909388045611186,0.14,0.49639826834092204,38
51017,shuffled,0.75,4,0.4349171575292252,0.06,0.37947411364670464,38
51017,shuffled,0.75,5,0.48472948909446145,0.08,0.45061199217148373,38
51017,shuffled,0.75,6,0.5358582604112694,0.08,0.3901922269428393,38
51017,shuffled,0.75,7,0.46414641977615856,0.06,0.4263833415813673,38
51017,shuffled,0.75,8,0.5684103909935148,0.1,0.5041202702243491,38
51017,shuffled,0.75,9,0.48778217311211863,0.02,0.4060163508395905,38
51017,shuffled,0.75,10,0.568327999757208,0.1,0.44185684278086335,38
51017,shuffled,0.75,11,0.4049953467542642,0.12,0.3633258897966703,38
51017,shuffled,0.9,0,0.4478351126227304,0.1,0.3895180418340236,45
51017,shuffled,0.9,1,0.40212834781044754,0.06,0.3953651008146823,45
51017,shuffled,0.9,2,0.4188069675393282,0.02,0.3651201538085097,45
51017,shuffled,0.9,3,0.34293654555526165,0.04,0.3233631729588457,45
51017,shuffled,0.9,4,0.3694170967106546,0.02,0.35852094857052585,45
51017,shuffled,0.9,5,0.3436690139349883,0.0,0.40006170117252887,45
51017,shuffled,0.9,6,0.37403066284539466,0.02,0.38305093074739716,45
51017,shuffled,0.9,7,0.3424512165833906,0.02,0.4207128997486638,45
51017,shuffled,0.9,8,0.410757763277357,0.06,0.37367847692062256,45
51017,shuffled,0.9,9,0.2841792789662733,0.0,0.3934468793936146,45
51017,shuffled,0.9,10,0.39506671374696906,0.04,0.3920878274391146,45
51017,shuffled,0.9,11,0.408186687000913,0.1,0.3689219048292705,45
51017,dense,0.0,0,0.2571650751031984,0.02,0.9999999999999999,0
51017,dense,0.0,1,0.2571650751031984,0.02,0.9999999999999999,0
51017,dense,0.0,2,0.2571650751031984,0.02,0.9999999999999999,0
51017,dense,0.0,3,0.2571650751031984,0.02,0.9999999999999999,0
51017,dense,0.0,4,0.2571650751031984,0.02,0.9999999999999999,0
51017,dense,0.0,5,0.2571650751031984,0.02,0.9999999999999999,0
51017,dense,0.0,6,0.2571650751031984,0.02,0.9999999999999999,0
51017,dense,0.0,7,0.2571650751031984,0.02,0.9999999999999999,0
51017,dense,0.0,8,0.2571650751031984,0.02,0.9999999999999999,0
51017,dense,0.0,9,0.2571650751031984,0.02,0.9999999999999999,0
51017,dense,0.0,10,0.2571650751031984,0.02,0.9999999999999999,0
51017,dense,0.0,11,0.2571650751031984,0.02,0.9999999999999999,0
51017,dense,0.25,0,0.2571650751031984,0.02,0.9999999999999999,12
51017,dense,0.25,1,0.2571650751031984,0.02,0.9999999999999999,12
51017,dense,0.25,2,0.2571650751031984,0.02,0.9999999999999999,12
51017,dense,0.25,3,0.2571650751031984,0.02,0.9999999999999999,12
51017,dense,0.25,4,0.2571650751031984,0.02,0.9999999999999999,12
51017,dense,0.25,5,0.2571650751031984,0.02,0.9999999999999999,12
51017,dense,0.25,6,0.2571650751031984,0.02,0.9999999999999999,12
51017,dense,0.25,7,0.2571650751031984,0.02,0.9999999999999999,12
51017,dense,0.25,8,0.2571650751031984,0.02,0.9999999999999999,12
51017,dense,0.25,9,0.2571650751031984,0.02,0.9999999999999999,12
51017,dense,0.25,10,0.2571650751031984,0.02,0.9999999999999999,12
51017,dense,0.25,11,0.2571650751031984,0.02,0.9999999999999999,12
51017,dense,0.5,0,0.2571650751031984,0.02,0.9999999999999999,25
51017,dense,0.5,1,0.2571650751031984,0.02,0.9999999999999999,25
51017,dense,0.5,2,0.2571650751031984,0.02,0.9999999999999999,25
51017,dense,0.5,3,0.2571650751031984,0.02,0.9999999999999999,25
51017,dense,0.5,4,0.2571650751031984,0.02,0.9999999999999999,25
51017,dense,0.5,5,0.2571650751031984,0.02,0.9999999999999999,25
51017,dense,0.5,6,0.2571650751031984,0.02,0.9999999999999999,25
51017,dense,0.5,7,0.2571650751031984,0.02,0.9999999999999999,25
51017,dense,0.5,8,0.2571650751031984,0.02,0.9999999999999999,25
51017,dense,0.5,9,0.2571650751031984,0.02,0.9999999999999999,25
51017,dense,0.5,10,0.2571650751031984,0.02,0.9999999999999999,25
51017,dense,0.5,11,0.2571650751031984,0.02,0.9999999999999999,25
51017,dense,0.75,0,0.2571650751031984,0.02,0.9999999999999999,38
51017,dense,0.75,1,0.2571650751031984,0.02,0.9999999999999999,38
51017,dense,0.75,2,0.2571650751031984,0.02,0.9999999999999999,38
51017,dense,0.75,3,0.2571650751031984,0.02,0.9999999999999999,38
51017,dense,0.75,4,0.2571650751031984,0.02,0.9999999999999999,38
51017,dense,0.75,5,0.2571650751031984,0.02,0.9999999999999999,38
51017,dense,0.75,6,0.2571650751031984,0.02,0.9999999999999999,38
51017,dense,0.75,7,0.2571650751031984,0.02,0.9999999999999999,38
51017,dense,0.75,8,0.2571650751031984,0.02,0.9999999999999999,38
51017,dense,0.75,9,0.2571650751031984,0.02,0.9999999999999999,38
51017,dense,0.75,10,0.2571650751031984,0.02,0.9999999999999999,38
51017,dense,0.75,11,0.2571650751031984,0.02,0.9999999999999999,38
51017,dense,0.9,0,0.2571650751031984,0.02,0.9999999999999999,45
51017,dense,0.9,1,0.2571650751031984,0.02,0.9999999999999999,45
51017,dense,0.9,2,0.2571650751031984,0.02,0.9999999999999999,45
51017,dense,0.9,3,0.2571650751031984,0.02,0.9999999999999999,45
51017,dense,0.9,4,0.2571650751031984,0.02,0.9999999999999999,45
51017,dense,0.9,5,0.2571650751031984,0.02,0.9999999999999999,45
51017,dense,0.9,6,0.2571650751031984,0.02,0.9999999999999999,45
51017,dense,0.9,7,0.2571650751031984,0.02,0.9999999999999999,45
51017,dense,0.9,8,0.2571650751031984,0.02,0.9999999999999999,45
51017,dense,0.9,9,0.2571650751031984,0.02,0.9999999999999999,45
51017,dense,0.9,10,0.2571650751031984,0.02,0.9999999999999999,45
51017,dense,0.9,11,0.2571650751031984,0.02,0.9999999999999999,45
51017,identity,0.0,0,0.9900567117182519,0.98,1.0,0
51017,identity,0.0,1,0.9900567117182519,0.98,1.0,0
51017,identity,0.0,2,0.9900567117182519,0.98,1.0,0
51017,identity,0.0,3,0.9900567117182519,0.98,1.0,0
51017,identity,0.0,4,0.9900567117182519,0.98,1.0,0
51017,identity,0.0,5,0.9900567117182519,0.98,1.0,0
51017,identity,0.0,6,0.9900567117182519,0.98,1.0,0
51017,identity,0.0,7,0.9900567117182519,0.98,1.0,0
51017,identity,0.0,8,0.9900567117182519,0.98,1.0,0
51017,identity,0.0,9,0.9900567117182519,0.98,1.0,0
51017,identity,0.0,10,0.9900567117182519,0.98,1.0,0
51017,identity,0.0,11,0.9900567117182519,0.98,1.0,0
51017,identity,0.25,0,0.932595284228763,0.82,0.9048020129861446,12
51017,identity,0.25,1,0.9191190525141347,0.82,0.9018303302981626,12
51017,identity,0.25,2,0.9050996655820243,0.86,0.8871693699266848,12
51017,identity,0.25,3,0.8915627796766161,0.72,0.8726684475625577,12
51017,identity,0.25,4,0.9410486185251713,0.82,0.9017244065289567,12
51017,identity,0.25,5,0.9260028499301761,0.68,0.8967609096775065,12
51017,identity,0.25,6,0.8787373337652526,0.74,0.8853076987360953,12
51017,identity,0.25,7,0.8837978684594926,0.72,0.8848650421968481,12
51017,identity,0.25,8,0.8783233721925806,0.76,0.8820907068903594,12
51017,identity,0.25,9,0.9241453017394176,0.76,0.8910966802486502,12
51017,identity,0.25,10,0.9056233066044603,0.76,0.8883293286855103,12
51017,identity,0.25,11,0.9536178379262804,0.92,0.9063722898373062,12
51017,identity,0.5,0,0.6650928117085955,0.3,0.765088264081497,25
51017,identity,0.5,1,0.735880744823837,0.2,0.7266327906877368,25
51017,identity,0.5,2,0.7744516917343001,0.52,0.7532732945294393,25
51017,identity,0.5,3,0.6919030858024321,0.4,0.7495929439433258,25
51017,identity,0.5,4,0.6669821296927105,0.4,0.7395907385200634,25
51017,identity,0.5,5,0.6571261084094233,0.38,0.7311459235788802,25
51017,identity,0.5,6,0.6528973983931285,0.4,0.7371983476715284,25
51017,identity,0.5,7,0.7927681185594931,0.48,0.7546776139226938,25
51017,identity,0.5,8,0.6567830538603804,0.26,0.752071262875069,25
51017,identity,0.5,9,0.6642426103564715,0.52,0.7377180656108955,25
51017,identity,0.5,10,0.7315948324673394,0.44,0.7596299224783353,25
51017,identity,0.5,11,0.7683786304923292,0.46,0.7381036361773782,25
51017,identity,0.75,0,0.3651343387896923,0.06,0.6216714710746991,38
51017,identity,0.75,1,0.3777153884759094,0.12,0.5983669338338229,38
51017,identity,0.75,2,0.4659547745022666,0.1,0.6116913731527377,38
51017,identity,0.75,3,0.37575582759349657,0.06,0.657697650691874,38
51017,identity,0.75,4,0.41354220589821256,0.1,0.6199292461747714,38
51017,identity,0.75,5,0.4535603323517023,0.2,0.629246593551243,38
51017,identity,0.75,6,0.45270507963830675,0.14,0.6083836835745097,38
51017,identity,0.75,7,0.37310635467233644,0.04,0.6179060685859741,38
51017,identity,0.75,8,0.41689278652556,0.08,0.6423885088682583,38
51017,identity,0.75,9,0.4855540087921839,0.12,0.598386644027367,38
51017,identity,0.75,10,0.43352017242206364,0.2,0.6369311375701545,38
51017,identity,0.75,11,0.4776882878698088,0.12,0.5870245089588834,38
51017,identity,0.9,0,0.36855893006074864,0.08,0.6333683870394166,45
51017,identity,0.9,1,0.3107021458589471,0.02,0.6225569527258502,45
51017,identity,0.9,2,0.40471049690630784,0.08,0.6213942234714566,45
51017,identity,0.9,3,0.3082332772477507,0.02,0.6329607123849922,45
51017,identity,0.9,4,0.3804783388652692,0.04,0.6050669678892259,45
51017,identity,0.9,5,0.3105940842591533,0.06,0.6349024255780914,45
51017,identity,0.9,6,0.33043312892790433,0.02,0.63248196365241,45
51017,identity,0.9,7,0.31400806863985,0.02,0.5911347983073589,45
51017,identity,0.9,8,0.3971529614003802,0.04,0.6083443443260061,45
51017,identity,0.9,9,0.35612378784009846,0.06,0.6180741500861027,45
51017,identity,0.9,10,0.3154855234728487,0.04,0.6316178267630845,45
51017,identity,0.9,11,0.381018678278716,0.06,0.5914879621508993,45
51018,normal,0.0,0,0.9516178468481687,0.74,1.0,0
51018,normal,0.0,1,0.9516178468481687,0.74,1.0,0
51018,normal,0.0,2,0.9516178468481687,0.74,1.0,0
51018,normal,0.0,3,0.9516178468481687,0.74,1.0,0
51018,normal,0.0,4,0.9516178468481687,0.74,1.0,0
51018,normal,0.0,5,0.9516178468481687,0.74,1.0,0
51018,normal,0.0,6,0.9516178468481687,0.74,1.0,0
51018,normal,0.0,7,0.9516178468481687,0.74,1.0,0
51018,normal,0.0,8,0.9516178468481687,0.74,1.0,0
51018,normal,0.0,9,0.9516178468481687,0.74,1.0,0
51018,normal,0.0,10,0.9516178468481687,0.74,1.0,0
51018,normal,0.0,11,0.9516178468481687,0.74,1.0,0
51018,normal,0.25,0,0.8760499130848985,0.32,0.7457095804993398,12
51018,normal,0.25,1,0.831464481478736,0.22,0.6672836491002301,12
51018,normal,0.25,2,0.8597271450134142,0.52,0.7304387964175476,12
51018,normal,0.25,3,0.8937575295075362,0.56,0.7950285589320474,12
51018,normal,0.25,4,0.7515602018771349,0.2,0.6878577197887927,12
51018,normal,0.25,5,0.7242663892447571,0.3,0.744714265082827,12
51018,normal,0.25,6,0.8259968873833219,0.4,0.6843791007890445,12
51018,normal,0.25,7,0.8648415362402322,0.46,0.775912320082198,12
51018,normal,0.25,8,0.8557422520934921,0.48,0.7197852628492802,12
51018,normal,0.25,9,0.8533158441992722,0.36,0.7797039274543323,12
51018,normal,0.25,10,0.819418542756778,0.3,0.6863695309414228,12
51018,normal,0.25,11,0.8940093277502976,0.42,0.7555698871488282,12
51018,normal,0.5,0,0.6515174779158851,0.16,0.4947783362857291,25
51018,normal,0.5,1,0.6116507455479302,0.06,0.5654906835763979,25
51018,normal,0.5,2,0.65428464763365,0.1,0.5391383683172755,25
51018,normal,0.5,3,0.6872427474988809,0.12,0.5019934922886727,25
51018,normal,0.5,4,0.6197456079536027,0.16,0.5936643918162791,25
51018,normal,0.5,5,0.6122525695904462,0.2,0.507176598836275,25
51018,normal,0.5,6,0.7848539307002834,0.16,0.5218255677149339,25
51018,normal,0.5,7,0.6994608849583307,0.16,0.522726132898186,25
51018,normal,0.5,8,0.5468964002672135,0.12,0.5573530510495285,25
51018,normal,0.5,9,0.7084590945890316,0.14,0.46652202293310663,25
51018,normal,0.5,10,0.7171594050418107,0.24,0.5930562020972558,25
51018,normal,0.5,11,0.7658560630841156,0.14,0.5581763999261371,25
51018,normal,0.75,0,0.6350831009011102,0.06,0.41004222228165305,38
51018,normal,0.75,1,0.5023301422908092,0.06,0.5079816380428808,38
51018,normal,0.75,2,0.36968140567733504,0.0,0.3539282535605176,38
51018,normal,0.75,3,0.5016788112686812,0.06,0.40204924733387676,38
51018,normal,0.75,4,0.45105137098776493,0.04,0.46836973570441714,38
51018,normal,0.75,5,0.6084360373667994,0.12,0.35842979903228267,38
51018,normal,0.75,6,0.5311468976202076,0.06,0.37694547151693114,38
51018,normal,0.75,7,0.5293869082789506,0.06,0.4092679319752671,38
51018,normal,0.75,8,0.43599228109615173,0.08,0.45222224889819046,38
51018,normal,0.75,9,0.3967267833823268,0.02,0.4165108238417766,38
51018,normal,0.75,10,0.6292169064436147,0.1,0.4187493080614743,38
51018,normal,0.75,11,0.5247106123244388,0.06,0.38769604097836174,38
51018,normal,0.9,0,0.3513433194756226,0.0,0.4155837417769511,45
51018,normal,0.9,1,0.40189857894712405,0.06,0.38975533583887745,45
51018,normal,0.9,2,0.3715299615102342,0.02,0.33035804811969477,45
51018,normal,0.9,3,0.3785736491972931,0.02,0.41141539058147075,45
51018,normal,0.9,4,0.3699923864963606,0.04,0.34279385118031186,45
51018,normal,0.9,5,0.4123641008031157,0.02,0.3695790448591987,45
51018,normal,0.9,6,0.43951713376360213,0.02,0.40237245044694026,45
51018,normal,0.9,7,0.35185000359524665,0.02,0.36191910577950054,45
51018,normal,0.9,8,0.40476324107563444,0.04,0.37159808799793576,45
51018,normal,0.9,9,0.33951939248351404,0.02,0.38729051335589193,45
51018,normal,0.9,10,0.44072852958768316,0.08,0.40573269223910446,45
51018,normal,0.9,11,0.365860927101871,0.0,0.3494648305890396,45
51018,shuffled,0.0,0,0.9365783002824587,0.56,1.0,0
51018,shuffled,0.0,1,0.9365783002824587,0.56,1.0,0
51018,shuffled,0.0,2,0.9365783002824587,0.56,1.0,0
51018,shuffled,0.0,3,0.9365783002824587,0.56,1.0,0
51018,shuffled,0.0,4,0.9365783002824587,0.56,1.0,0
51018,shuffled,0.0,5,0.9365783002824587,0.56,1.0,0
51018,shuffled,0.0,6,0.9365783002824587,0.56,1.0,0
51018,shuffled,0.0,7,0.9365783002824587,0.56,1.0,0
51018,shuffled,0.0,8,0.9365783002824587,0.56,1.0,0
51018,shuffled,0.0,9,0.9365783002824587,0.56,1.0,0
51018,shuffled,0.0,10,0.9365783002824587,0.56,1.0,0
51018,shuffled,0.0,11,0.9365783002824587,0.56,1.0,0
51018,shuffled,0.25,0,0.8556270765043908,0.4,0.7522416004374236,12
51018,shuffled,0.25,1,0.7688810070016571,0.38,0.7276497312746514,12
51018,shuffled,0.25,2,0.8459745542824564,0.34,0.7652387468430448,12
51018,shuffled,0.25,3,0.8334455709850129,0.36,0.7701354851146618,12
51018,shuffled,0.25,4,0.796891630817415,0.46,0.7455166810914031,12
51018,shuffled,0.25,5,0.8536991102917639,0.34,0.7016122854623025,12
51018,shuffled,0.25,6,0.859374613779142,0.36,0.6462987707379519,12
51018,shuffled,0.25,7,0.8346878337894548,0.28,0.6935406074541245,12
51018,shuffled,0.25,8,0.8666851241796216,0.38,0.6974865355898223,12
51018,shuffled,0.25,9,0.8779981240557093,0.28,0.7658559140532623,12
51018,shuffled,0.25,10,0.8331822119473645,0.34,0.6983227629138452,12
51018,shuffled,0.25,11,0.7815854635218965,0.28,0.7511371069974808,12
51018,shuffled,0.5,0,0.7766552837926285,0.2,0.5420882435974415,25
51018,shuffled,0.5,1,0.6565345822400672,0.16,0.5671178488211739,25
51018,shuffled,0.5,2,0.7694226933464138,0.24,0.5107788500748506,25
51018,shuffled,0.5,3,0.6449527117617427,0.22,0.47134240050904297,25
51018,shuffled,0.5,4,0.7391067393964426,0.1,0.5470603540694016,25
51018,shuffled,0.5,5,0.7732177866850427,0.16,0.4972413102443638,25
51018,shuffled,0.5,6,0.8071684573042323,0.28,0.5408781825282125,25
51018,shuffled,0.5,7,0.8063260556479324,0.3,0.5363359011234475,25
51018,shuffled,0.5,8,0.8124634939602408,0.18,0.5274802935668208,25
51018,shuffled,0.5,9,0.6818190328369802,0.2,0.5357526854663429,25
51018,shuffled,0.5,10,0.8067802659694067,0.22,0.5139347039859987,25
51018,shuffled,0.5,11,0.6809900862761866,0.14,0.5001111276398409,25
51018,shuffled,0.75,0,0.6045829436057136,0.14,0.4220954703886574,38
51018,shuffled,0.75,1,0.4414408884414714,0.02,0.3457258897816294,38
51018,shuffled,0.75,2,0.6800403131651322,0.06,0.4572266002528038,38
51018,shuffled,0.75,3,0.3294803364629444,0.02,0.3449979437002717,38
51018,shuffled,0.75,4,0.529252228997906,0.1,0.38304571523357067,38
51018,shuffled,0.75,5,0.3460538976288649,0.0,0.43803655882374265,38
51018,shuffled,0.75,6,0.5286818277961993,0.14,0.43683235644929047,38
51018,shuffled,0.75,7,0.5965528921706662,0.04,0.42660781009340437,38
51018,shuffled,0.75,8,0.4966092275128524,0.14,0.36380026441961866,38
51018,shuffled,0.75,9,0.4703040395715083,0.06,0.42041778002808505,38
51018,shuffled,0.75,10,0.4913368717606623,0.14,0.40025178488380286,38
51018,shuffled,0.75,11,0.523930002257175,0.08,0.3942787020721131,38
51018,shuffled,0.9,0,0.3875363604665244,0.02,0.2961209010691265,45
51018,shuffled,0.9,1,0.4539912516625699,0.04,0.35883489814555397,45
51018,shuffled,0.9,2,0.6059563276227944,0.06,0.37682205689344916,45
51018,shuffled,0.9,3,0.517016487791176,0.04,0.39050129116297805,45
51018,shuffled,0.9,4,0.44918907720600665,0.04,0.3994416846631546,45
51018,shuffled,0.9,5,0.43506692874578007,0.04,0.38669908237569167,45
51018,shuffled,0.9,6,0.4201580391611033,0.04,0.39478197274920485,45
51018,shuffled,0.9,7,0.43937545275411355,0.02,0.3528961549905273,45
51018,shuffled,0.9,8,0.5122742161751446,0.04,0.36667095336396227,45
51018,shuffled,0.9,9,0.5276176621549064,0.08,0.40561250447479114,45
51018,shuffled,0.9,10,0.48733991472984356,0.04,0.35400659751757,45
51018,shuffled,0.9,11,0.419589716936046,0.02,0.3626429143935059,45
51018,dense,0.0,0,0.2923865307651031,0.02,0.9999999999999999,0
51018,dense,0.0,1,0.2923865307651031,0.02,0.9999999999999999,0
51018,dense,0.0,2,0.2923865307651031,0.02,0.9999999999999999,0
51018,dense,0.0,3,0.2923865307651031,0.02,0.9999999999999999,0
51018,dense,0.0,4,0.2923865307651031,0.02,0.9999999999999999,0
51018,dense,0.0,5,0.2923865307651031,0.02,0.9999999999999999,0
51018,dense,0.0,6,0.2923865307651031,0.02,0.9999999999999999,0
51018,dense,0.0,7,0.2923865307651031,0.02,0.9999999999999999,0
51018,dense,0.0,8,0.2923865307651031,0.02,0.9999999999999999,0
51018,dense,0.0,9,0.2923865307651031,0.02,0.9999999999999999,0
51018,dense,0.0,10,0.2923865307651031,0.02,0.9999999999999999,0
51018,dense,0.0,11,0.2923865307651031,0.02,0.9999999999999999,0
51018,dense,0.25,0,0.2923865307651031,0.02,0.9999999999999999,12
51018,dense,0.25,1,0.2923865307651031,0.02,0.9999999999999999,12
51018,dense,0.25,2,0.2923865307651031,0.02,0.9999999999999999,12
51018,dense,0.25,3,0.2923865307651031,0.02,0.9999999999999999,12
51018,dense,0.25,4,0.2923865307651031,0.02,0.9999999999999999,12
51018,dense,0.25,5,0.2923865307651031,0.02,0.9999999999999999,12
51018,dense,0.25,6,0.2923865307651031,0.02,0.9999999999999999,12
51018,dense,0.25,7,0.2923865307651031,0.02,0.9999999999999999,12
51018,dense,0.25,8,0.2923865307651031,0.02,0.9999999999999999,12
51018,dense,0.25,9,0.2923865307651031,0.02,0.9999999999999999,12
51018,dense,0.25,10,0.2923865307651031,0.02,0.9999999999999999,12
51018,dense,0.25,11,0.2923865307651031,0.02,0.9999999999999999,12
51018,dense,0.5,0,0.2923865307651031,0.02,0.9999999999999999,25
51018,dense,0.5,1,0.2923865307651031,0.02,0.9999999999999999,25
51018,dense,0.5,2,0.2923865307651031,0.02,0.9999999999999999,25
51018,dense,0.5,3,0.2923865307651031,0.02,0.9999999999999999,25
51018,dense,0.5,4,0.2923865307651031,0.02,0.9999999999999999,25
51018,dense,0.5,5,0.2923865307651031,0.02,0.9999999999999999,25
51018,dense,0.5,6,0.2923865307651031,0.02,0.9999999999999999,25
51018,dense,0.5,7,0.2923865307651031,0.02,0.9999999999999999,25
51018,dense,0.5,8,0.2923865307651031,0.02,0.9999999999999999,25
51018,dense,0.5,9,0.2923865307651031,0.02,0.9999999999999999,25
51018,dense,0.5,10,0.2923865307651031,0.02,0.9999999999999999,25
51018,dense,0.5,11,0.2923865307651031,0.02,0.9999999999999999,25
51018,dense,0.75,0,0.2923865307651031,0.02,0.9999999999999999,38
51018,dense,0.75,1,0.2923865307651031,0.02,0.9999999999999999,38
51018,dense,0.75,2,0.2923865307651031,0.02,0.9999999999999999,38
51018,dense,0.75,3,0.2923865307651031,0.02,0.9999999999999999,38
51018,dense,0.75,4,0.2923865307651031,0.02,0.9999999999999999,38
51018,dense,0.75,5,0.2923865307651031,0.02,0.9999999999999999,38
51018,dense,0.75,6,0.2923865307651031,0.02,0.9999999999999999,38
51018,dense,0.75,7,0.2923865307651031,0.02,0.9999999999999999,38
51018,dense,0.75,8,0.2923865307651031,0.02,0.9999999999999999,38
51018,dense,0.75,9,0.2923865307651031,0.02,0.9999999999999999,38
51018,dense,0.75,10,0.2923865307651031,0.02,0.9999999999999999,38
51018,dense,0.75,11,0.2923865307651031,0.02,0.9999999999999999,38
51018,dense,0.9,0,0.2923865307651031,0.02,0.9999999999999999,45
51018,dense,0.9,1,0.2923865307651031,0.02,0.9999999999999999,45
51018,dense,0.9,2,0.2923865307651031,0.02,0.9999999999999999,45
51018,dense,0.9,3,0.2923865307651031,0.02,0.9999999999999999,45
51018,dense,0.9,4,0.2923865307651031,0.02,0.9999999999999999,45
51018,dense,0.9,5,0.2923865307651031,0.02,0.9999999999999999,45
51018,dense,0.9,6,0.2923865307651031,0.02,0.9999999999999999,45
51018,dense,0.9,7,0.2923865307651031,0.02,0.9999999999999999,45
51018,dense,0.9,8,0.2923865307651031,0.02,0.9999999999999999,45
51018,dense,0.9,9,0.2923865307651031,0.02,0.9999999999999999,45
51018,dense,0.9,10,0.2923865307651031,0.02,0.9999999999999999,45
51018,dense,0.9,11,0.2923865307651031,0.02,0.9999999999999999,45
51018,identity,0.0,0,0.9623838633718163,0.92,1.0,0
51018,identity,0.0,1,0.9623838633718163,0.92,1.0,0
51018,identity,0.0,2,0.9623838633718163,0.92,1.0,0
51018,identity,0.0,3,0.9623838633718163,0.92,1.0,0
51018,identity,0.0,4,0.9623838633718163,0.92,1.0,0
51018,identity,0.0,5,0.9623838633718163,0.92,1.0,0
51018,identity,0.0,6,0.9623838633718163,0.92,1.0,0
51018,identity,0.0,7,0.9623838633718163,0.92,1.0,0
51018,identity,0.0,8,0.9623838633718163,0.92,1.0,0
51018,identity,0.0,9,0.9623838633718163,0.92,1.0,0
51018,identity,0.0,10,0.9623838633718163,0.92,1.0,0
51018,identity,0.0,11,0.9623838633718163,0.92,1.0,0
51018,identity,0.25,0,0.9149208623372452,0.78,0.8875199088029422,12
51018,identity,0.25,1,0.9490474877538031,0.8,0.9100280247384269,12
51018,identity,0.25,2,0.9522374805597724,0.9,0.9085762966872672,12
51018,identity,0.25,3,0.8932162283752174,0.62,0.8873602463453412,12
51018,identity,0.25,4,0.8888668770398226,0.68,0.8901875685543494,12
51018,identity,0.25,5,0.8932342956385203,0.72,0.9025816927489929,12
51018,identity,0.25,6,0.8735601679645403,0.66,0.8870498343385488,12
51018,identity,0.25,7,0.9192491976932016,0.76,0.8982882158868577,12
51018,identity,0.25,8,0.9067482591485613,0.68,0.8971946532823678,12
51018,identity,0.25,9,0.9426757129289963,0.86,0.8949026818124944,12
51018,identity,0.25,10,0.9049805705515281,0.68,0.8996940938775027,12
51018,identity,0.25,11,0.8773794804230829,0.66,0.881163667866496,12
51018,identity,0.5,0,0.5947985580501112,0.22,0.737788344784602,25
51018,identity,0.5,1,0.6242735384767786,0.24,0.7354015697706278,25
51018,identity,0.5,2,0.611521446177527,0.24,0.7372265209059495,25
51018,identity,0.5,3,0.6494690003820673,0.3,0.7386994622467894,25
51018,identity,0.5,4,0.7213803822502455,0.4,0.7340446149844994,25
51018,identity,0.5,5,0.6634250599898783,0.34,0.7235679057796438,25
51018,identity,0.5,6,0.6917820258280056,0.5,0.7091481683969686,25
51018,identity,0.5,7,0.8217803297126401,0.54,0.7666535008295603,25
51018,identity,0.5,8,0.7614717609647795,0.44,0.7398621935002551,25
51018,identity,0.5,9,0.710509656387142,0.4,0.753948049626677,25
51018,identity,0.5,10,0.7754105746265924,0.46,0.7674732641756371,25
51018,identity,0.5,11,0.6513159410140217,0.32,0.7622096692981252,25
51018,identity,0.75,0,0.5334565690538189,0.08,0.6105980420394878,38
51018,identity,0.75,1,0.4947627604365881,0.18,0.61697774957807,38
51018,identity,0.75,2,0.4671829234919977,0.08,0.5799290146993257,38
51018,identity,0.75,3,0.5552900221295157,0.22,0.6254140121020753,38
51018,identity,0.75,4,0.5025406825121729,0.08,0.6231778390785108,38
51018,identity,0.75,5,0.5207811248479874,0.14,0.6329570644127238,38
51018,identity,0.75,6,0.4070564505153337,0.04,0.5935911337147343,38
51018,identity,0.75,7,0.5305887285549241,0.12,0.6234424778055817,38
51018,identity,0.75,8,0.4851637266470165,0.08,0.6002997279682225,38
51018,identity,0.75,9,0.3995019044162907,0.06,0.5878465259972363,38
51018,identity,0.75,10,0.3892894450859055,0.04,0.5753839202920683,38
51018,identity,0.75,11,0.4803942075642789,0.06,0.6676041723717034,38
51018,identity,0.9,0,0.42747384159249713,0.06,0.6557672969103333,45
51018,identity,0.9,1,0.3599583278851802,0.02,0.6238841497197214,45
51018,identity,0.9,2,0.39524371462836927,0.06,0.640920104837206,45
51018,identity,0.9,3,0.4145131380503014,0.04,0.6370411287395186,45
51018,identity,0.9,4,0.3679086862511152,0.04,0.6216397752697893,45
51018,identity,0.9,5,0.4042978241627562,0.08,0.6103398950843001,45
51018,identity,0.9,6,0.3890930682971594,0.02,0.6301701655468195,45
51018,identity,0.9,7,0.39878588209052074,0.04,0.6326734997615919,45
51018,identity,0.9,8,0.39274580691224975,0.04,0.6218288134854408,45
51018,identity,0.9,9,0.37677885486542123,0.02,0.63200294358693,45
51018,identity,0.9,10,0.37649956274168983,0.04,0.6267505123232948,45
51018,identity,0.9,11,0.3863734037309069,0.04,0.624300626392256,45
51019,normal,0.0,0,0.9420178838304072,0.72,1.0,0
51019,normal,0.0,1,0.9420178838304072,0.72,1.0,0
51019,normal,0.0,2,0.9420178838304072,0.72,1.0,0
51019,normal,0.0,3,0.9420178838304072,0.72,1.0,0
51019,normal,0.0,4,0.9420178838304072,0.72,1.0,0
51019,normal,0.0,5,0.9420178838304072,0.72,1.0,0
51019,normal,0.0,6,0.9420178838304072,0.72,1.0,0
51019,normal,0.0,7,0.9420178838304072,0.72,1.0,0
51019,normal,0.0,8,0.9420178838304072,0.72,1.0,0
51019,normal,0.0,9,0.9420178838304072,0.72,1.0,0
51019,normal,0.0,10,0.9420178838304072,0.72,1.0,0
51019,normal,0.0,11,0.9420178838304072,0.72,1.0,0
51019,normal,0.25,0,0.8424404617758339,0.4,0.7412895634410992,12
51019,normal,0.25,1,0.835530298091992,0.38,0.6547300815157598,12
51019,normal,0.25,2,0.8684358124173097,0.32,0.779211809314165,12
51019,normal,0.25,3,0.8407532480088338,0.4,0.7756347617518332,12
51019,normal,0.25,4,0.8302499384196128,0.36,0.7064204010287517,12
51019,normal,0.25,5,0.8345185550590623,0.28,0.7227256464554414,12
51019,normal,0.25,6,0.7938015673397905,0.3,0.7650981505588809,12
51019,normal,0.25,7,0.8407055224103328,0.5,0.7822504525286346,12
51019,normal,0.25,8,0.8527985299287466,0.32,0.7568801370453718,12
51019,normal,0.25,9,0.8648104224174865,0.5,0.7468073495429084,12
51019,normal,0.25,10,0.8761796412673465,0.38,0.7500962730410476,12
51019,normal,0.25,11,0.8475147389119075,0.4,0.7267427955592964,12
51019,normal,0.5,0,0.5767600213596673,0.2,0.6021854615940422,25
51019,normal,0.5,1,0.7304242604674832,0.3,0.665826255338163,25
51019,normal,0.5,2,0.7869213621029677,0.16,0.5166097227318724,25
51019,normal,0.5,3,0.7587958206899166,0.28,0.5934715433381957,25
51019,normal,0.5,4,0.6834572345865023,0.2,0.474411925721108,25
51019,normal,0.5,5,0.6455334474440916,0.08,0.4826579285378861,25
51019,normal,0.5,6,0.7431422088363512,0.24,0.6254693912745217,25
51019,normal,0.5,7,0.6825046260514368,0.12,0.5834411025715903,25
51019,normal,0.5,8,0.6244888426567119,0.12,0.542506720403589,25
51019,normal,0.5,9,0.7196097823548603,0.14,0.5356359848144049,25
51019,normal,0.5,10,0.7248107115147316,0.2,0.48017758510466285,25
51019,normal,0.5,11,0.7239778641468433,0.22,0.49185155280584264,25
51019,normal,0.75,0,0.5378482954336256,0.04,0.47011186052828946,38
51019,normal,0.75,1,0.39265912875616465,0.06,0.3649852516895914,38
51019,normal,0.75,2,0.5223797924225302,0.06,0.475352792527316,38
51019,normal,0.75,3,0.5206887820887504,0.08,0.5352262213521551,38
51019,normal,0.75,4,0.624781722007938,0.1,0.412461486607584,38
51019,normal,0.75,5,0.4812469865252844,0.08,0.4407760810389862,38
51019,normal,0.75,6,0.4162662629349868,0.08,0.4445839463115475,38
51019,normal,0.75,7,0.4244695789168818,0.08,0.46769968953396485,38
51019,normal,0.75,8,0.5983406180028678,0.1,0.4527502908379079,38
51019,normal,0.75,9,0.4659727055024158,0.12,0.4218963089540088,38
51019,normal,0.75,10,0.5059281651500017,0.08,0.3865498999688477,38
51019,normal,0.75,11,0.5702142300818067,0.12,0.40992327258679784,38
51019,normal,0.9,0,0.49656588710363403,0.06,0.36035907479400314,45
51019,normal,0.9,1,0.4466002357592816,0.08,0.39716162124640947,45
51019,normal,0.9,2,0.24955660188608886,0.0,0.4087553543732259,45
51019,normal,0.9,3,0.493986261447412,0.02,0.43912371947163176,45
51019,normal,0.9,4,0.5354086368625404,0.1,0.4214619583858798,45
51019,normal,0.9,5,0.5082338647025875,0.08,0.42355050280986356,45
51019,normal,0.9,6,0.44227145006723717,0.02,0.33344769450916656,45
51019,normal,0.9,7,0.40273851938046185,0.02,0.4292733578005788,45
51019,normal,0.9,8,0.5097182857387944,0.04,0.3995277415555272,45
51019,normal,0.9,9,0.5004686392845697,0.06,0.43516881122674145,45
51019,normal,0.9,10,0.4402264596488364,0.06,0.43560195770852744,45
51019,normal,0.9,11,0.5067874661662478,0.06,0.3522241176291923,45
51019,shuffled,0.0,0,0.9331274034368817,0.64,1.0,0
51019,shuffled,0.0,1,0.9331274034368817,0.64,1.0,0
51019,shuffled,0.0,2,0.9331274034368817,0.64,1.0,0
51019,shuffled,0.0,3,0.9331274034368817,0.64,1.0,0
51019,shuffled,0.0,4,0.9331274034368817,0.64,1.0,0
51019,shuffled,0.0,5,0.9331274034368817,0.64,1.0,0
51019,shuffled,0.0,6,0.9331274034368817,0.64,1.0,0
51019,shuffled,0.0,7,0.9331274034368817,0.64,1.0,0
51019,shuffled,0.0,8,0.9331274034368817,0.64,1.0,0
51019,shuffled,0.0,9,0.9331274034368817,0.64,1.0,0
51019,shuffled,0.0,10,0.9331274034368817,0.64,1.0,0
51019,shuffled,0.0,11,0.9331274034368817,0.64,1.0,0
51019,shuffled,0.25,0,0.867678983051594,0.44,0.7679509679216783,12
51019,shuffled,0.25,1,0.8240525579762182,0.38,0.752767302239905,12
51019,shuffled,0.25,2,0.8657674263935423,0.38,0.7089418370808117,12
51019,shuffled,0.25,3,0.8152649051327592,0.3,0.7383329641733244,12
51019,shuffled,0.25,4,0.8020030074633757,0.28,0.7156951402723928,12
51019,shuffled,0.25,5,0.8541197685104859,0.32,0.7236989653693331,12
51019,shuffled,0.25,6,0.7845154465355665,0.44,0.7364521946991617,12
51019,shuffled,0.25,7,0.7769375926127907,0.34,0.7361861070872614,12
51019,shuffled,0.25,8,0.810149589729665,0.38,0.7514518865953534,12
51019,shuffled,0.25,9,0.8234876887894061,0.38,0.7065127001087926,12
51019,shuffled,0.25,10,0.8271233287483962,0.36,0.6909465423089429,12
51019,shuffled,0.25,11,0.808549196823809,0.34,0.7090228905847507,12
51019,shuffled,0.5,0,0.6817651918440799,0.16,0.6009585443470739,25
51019,shuffled,0.5,1,0.7582483061600904,0.24,0.5584645366760014,25
51019,shuffled,0.5,2,0.6591183785026167,0.22,0.5345447520313027,25
51019,shuffled,0.5,3,0.590948112777963,0.2,0.5063861067606967,25
51019,shuffled,0.5,4,0.6673750603340005,0.22,0.5249829143745354,25
51019,shuffled,0.5,5,0.7216915986468925,0.16,0.5399919041391908,25
51019,shuffled,0.5,6,0.7894136283307805,0.2,0.6253168995628671,25
51019,shuffled,0.5,7,0.5738809661965266,0.14,0.4529678720435221,25
51019,shuffled,0.5,8,0.5610677964266825,0.1,0.4801795374157915,25
51019,shuffled,0.5,9,0.6042895488443476,0.16,0.47737319547855883,25
51019,shuffled,0.5,10,0.7182495419338756,0.08,0.5416559031431546,25
51019,shuffled,0.5,11,0.6044452578090579,0.06,0.49598314685365097,25
51019,shuffled,0.75,0,0.4523957761092208,0.02,0.37376925288266777,38
51019,shuffled,0.75,1,0.3847240382672938,0.06,0.42582285055695374,38
51019,shuffled,0.75,2,0.3471970391390172,0.04,0.3564678906102905,38
51019,shuffled,0.75,3,0.38195975362741913,0.06,0.4398732235897529,38
51019,shuffled,0.75,4,0.3938393409886629,0.04,0.43321855335451914,38
51019,shuffled,0.75,5,0.5488072030186734,0.16,0.41586607585816393,38
51019,shuffled,0.75,6,0.3581196671718925,0.06,0.3604018442079553,38
51019,shuffled,0.75,7,0.49455975828348187,0.08,0.3702082253488057,38
51019,shuffled,0.75,8,0.44649241234559783,0.12,0.4122132867060582,38
51019,shuffled,0.75,9,0.4419721675048367,0.06,0.32748393694685374,38
51019,shuffled,0.75,10,0.4484001396511209,0.08,0.37763810490799266,38
51019,shuffled,0.75,11,0.37600146723603073,0.0,0.33028314936630115,38
51019,shuffled,0.9,0,0.45054108921869407,0.06,0.3819993392462483,45
51019,shuffled,0.9,1,0.32549859813222454,0.04,0.3446215089685104,45
51019,shuffled,0.9,2,0.31393587863533934,0.04,0.3691284826756456,45
51019,shuffled,0.9,3,0.49044263354103906,0.08,0.38124370920595874,45
51019,shuffled,0.9,4,0.2997021985402874,0.0,0.3861592649630925,45
51019,shuffled,0.9,5,0.33628641454528874,0.02,0.37547986099737946,45
51019,shuffled,0.9,6,0.4879784087811204,0.04,0.3371122668902304,45
51019,shuffled,0.9,7,0.4159730367189297,0.08,0.3669151486034438,45
51019,shuffled,0.9,8,0.41862274156312096,0.06,0.40647273993420086,45
51019,shuffled,0.9,9,0.4064195774875941,0.04,0.37698954056798506,45
51019,shuffled,0.9,10,0.4109438948080297,0.06,0.4044250902705583,45
51019,shuffled,0.9,11,0.28751773039618506,0.04,0.36066009632435775,45
51019,dense,0.0,0,0.25222178492857217,0.02,0.9999999999999999,0
51019,dense,0.0,1,0.25222178492857217,0.02,0.9999999999999999,0
51019,dense,0.0,2,0.25222178492857217,0.02,0.9999999999999999,0
51019,dense,0.0,3,0.25222178492857217,0.02,0.9999999999999999,0
51019,dense,0.0,4,0.25222178492857217,0.02,0.9999999999999999,0
51019,dense,0.0,5,0.25222178492857217,0.02,0.9999999999999999,0
51019,dense,0.0,6,0.25222178492857217,0.02,0.9999999999999999,0
51019,dense,0.0,7,0.25222178492857217,0.02,0.9999999999999999,0
51019,dense,0.0,8,0.25222178492857217,0.02,0.9999999999999999,0
51019,dense,0.0,9,0.25222178492857217,0.02,0.9999999999999999,0
51019,dense,0.0,10,0.25222178492857217,0.02,0.9999999999999999,0
51019,dense,0.0,11,0.25222178492857217,0.02,0.9999999999999999,0
51019,dense,0.25,0,0.25222178492857217,0.02,0.9999999999999999,12
51019,dense,0.25,1,0.25222178492857217,0.02,0.9999999999999999,12
51019,dense,0.25,2,0.25222178492857217,0.02,0.9999999999999999,12
51019,dense,0.25,3,0.25222178492857217,0.02,0.9999999999999999,12
51019,dense,0.25,4,0.25222178492857217,0.02,0.9999999999999999,12
51019,dense,0.25,5,0.25222178492857217,0.02,0.9999999999999999,12
51019,dense,0.25,6,0.25222178492857217,0.02,0.9999999999999999,12
51019,dense,0.25,7,0.25222178492857217,0.02,0.9999999999999999,12
51019,dense,0.25,8,0.25222178492857217,0.02,0.9999999999999999,12
51019,dense,0.25,9,0.25222178492857217,0.02,0.9999999999999999,12
51019,dense,0.25,10,0.25222178492857217,0.02,0.9999999999999999,12
51019,dense,0.25,11,0.25222178492857217,0.02,0.9999999999999999,12
51019,dense,0.5,0,0.25222178492857217,0.02,0.9999999999999999,25
51019,dense,0.5,1,0.25222178492857217,0.02,0.9999999999999999,25
51019,dense,0.5,2,0.25222178492857217,0.02,0.9999999999999999,25
51019,dense,0.5,3,0.25222178492857217,0.02,0.9999999999999999,25
51019,dense,0.5,4,0.25222178492857217,0.02,0.9999999999999999,25
51019,dense,0.5,5,0.25222178492857217,0.02,0.9999999999999999,25
51019,dense,0.5,6,0.25222178492857217,0.02,0.9999999999999999,25
51019,dense,0.5,7,0.25222178492857217,0.02,0.9999999999999999,25
51019,dense,0.5,8,0.25222178492857217,0.02,0.9999999999999999,25
51019,dense,0.5,9,0.25222178492857217,0.02,0.9999999999999999,25
51019,dense,0.5,10,0.25222178492857217,0.02,0.9999999999999999,25
51019,dense,0.5,11,0.25222178492857217,0.02,0.9999999999999999,25
51019,dense,0.75,0,0.25222178492857217,0.02,0.9999999999999999,38
51019,dense,0.75,1,0.25222178492857217,0.02,0.9999999999999999,38
51019,dense,0.75,2,0.25222178492857217,0.02,0.9999999999999999,38
51019,dense,0.75,3,0.25222178492857217,0.02,0.9999999999999999,38
51019,dense,0.75,4,0.25222178492857217,0.02,0.9999999999999999,38
51019,dense,0.75,5,0.25222178492857217,0.02,0.9999999999999999,38
51019,dense,0.75,6,0.25222178492857217,0.02,0.9999999999999999,38
51019,dense,0.75,7,0.25222178492857217,0.02,0.9999999999999999,38
51019,dense,0.75,8,0.25222178492857217,0.02,0.9999999999999999,38
51019,dense,0.75,9,0.25222178492857217,0.02,0.9999999999999999,38
51019,dense,0.75,10,0.25222178492857217,0.02,0.9999999999999999,38
51019,dense,0.75,11,0.25222178492857217,0.02,0.9999999999999999,38
51019,dense,0.9,0,0.25222178492857217,0.02,0.9999999999999999,45
51019,dense,0.9,1,0.25222178492857217,0.02,0.9999999999999999,45
51019,dense,0.9,2,0.25222178492857217,0.02,0.9999999999999999,45
51019,dense,0.9,3,0.25222178492857217,0.02,0.9999999999999999,45
51019,dense,0.9,4,0.25222178492857217,0.02,0.9999999999999999,45
51019,dense,0.9,5,0.25222178492857217,0.02,0.9999999999999999,45
51019,dense,0.9,6,0.25222178492857217,0.02,0.9999999999999999,45
51019,dense,0.9,7,0.25222178492857217,0.02,0.9999999999999999,45
51019,dense,0.9,8,0.25222178492857217,0.02,0.9999999999999999,45
51019,dense,0.9,9,0.25222178492857217,0.02,0.9999999999999999,45
51019,dense,0.9,10,0.25222178492857217,0.02,0.9999999999999999,45
51019,dense,0.9,11,0.25222178492857217,0.02,0.9999999999999999,45
51019,identity,0.0,0,0.9849449365309974,0.94,1.0,0
51019,identity,0.0,1,0.9849449365309974,0.94,1.0,0
51019,identity,0.0,2,0.9849449365309974,0.94,1.0,0
51019,identity,0.0,3,0.9849449365309974,0.94,1.0,0
51019,identity,0.0,4,0.9849449365309974,0.94,1.0,0
51019,identity,0.0,5,0.9849449365309974,0.94,1.0,0
51019,identity,0.0,6,0.9849449365309974,0.94,1.0,0
51019,identity,0.0,7,0.9849449365309974,0.94,1.0,0
51019,identity,0.0,8,0.9849449365309974,0.94,1.0,0
51019,identity,0.0,9,0.9849449365309974,0.94,1.0,0
51019,identity,0.0,10,0.9849449365309974,0.94,1.0,0
51019,identity,0.0,11,0.9849449365309974,0.94,1.0,0
51019,identity,0.25,0,0.8855398980312834,0.8,0.8786055683517315,12
51019,identity,0.25,1,0.9044308956230844,0.84,0.8776676603950709,12
51019,identity,0.25,2,0.8704674354780011,0.82,0.8729371519738772,12
51019,identity,0.25,3,0.9042788705373848,0.8,0.8731167054016072,12
51019,identity,0.25,4,0.9277735614937356,0.96,0.8822285111610675,12
51019,identity,0.25,5,0.9204981987398441,0.74,0.8949552892030265,12
51019,identity,0.25,6,0.8432573514121726,0.64,0.8641266288847267,12
51019,identity,0.25,7,0.8766999931177055,0.78,0.874551683983185,12
51019,identity,0.25,8,0.9574881448257296,0.9,0.9013446564192429,12
51019,identity,0.25,9,0.9073317451639294,0.74,0.8840432216453123,12
51019,identity,0.25,10,0.9054946585944786,0.84,0.8870757661742517,12
51019,identity,0.25,11,0.8488595794033926,0.74,0.8606908534704856,12
51019,identity,0.5,0,0.7575543148707959,0.48,0.7414517321149922,25
51019,identity,0.5,1,0.7993535848716691,0.52,0.7640873019410502,25
51019,identity,0.5,2,0.6997393725491865,0.54,0.7140555990858409,25
51019,identity,0.5,3,0.728519765874156,0.46,0.7419172339861249,25
51019,identity,0.5,4,0.7376850717948413,0.38,0.7465776505139624,25
51019,identity,0.5,5,0.7958234104988366,0.5,0.7680702120185239,25
51019,identity,0.5,6,0.7378312254533367,0.56,0.7386202480601004,25
51019,identity,0.5,7,0.7415186181648985,0.3,0.759553491736594,25
51019,identity,0.5,8,0.7599251636252191,0.52,0.749030406498538,25
51019,identity,0.5,9,0.7819771945561582,0.56,0.7619663931272052,25
51019,identity,0.5,10,0.7404675517812038,0.42,0.7286107114812067,25
51019,identity,0.5,11,0.7529771554948019,0.5,0.7448398968080925,25
51019,identity,0.75,0,0.5039262824041861,0.24,0.5942992740203807,38
51019,identity,0.75,1,0.5077082178990717,0.24,0.6712884059738315,38
51019,identity,0.75,2,0.46133812707542765,0.1,0.6493536282543141,38
51019,identity,0.75,3,0.5171193297006429,0.22,0.62695089285834,38
51019,identity,0.75,4,0.45678888141038293,0.1,0.6304319210240563,38
51019,identity,0.75,5,0.47563826548416055,0.14,0.62656211083208,38
51019,identity,0.75,6,0.5476547708651444,0.22,0.6612025201446043,38
51019,identity,0.75,7,0.4766864609523243,0.14,0.6220680581339146,38
51019,identity,0.75,8,0.5024234934467335,0.16,0.6287405785001714,38
51019,identity,0.75,9,0.4748706644313956,0.12,0.6346646829399587,38
51019,identity,0.75,10,0.4754022682104335,0.12,0.6274070430692027,38
51019,identity,0.75,11,0.497885904620767,0.2,0.6237859943615198,38
51019,identity,0.9,0,0.3560310223853728,0.02,0.625929198683094,45
51019,identity,0.9,1,0.3891373372286143,0.02,0.6308967409445372,45
51019,identity,0.9,2,0.3873136566201809,0.06,0.6192641378261512,45
51019,identity,0.9,3,0.32866660487340377,0.04,0.595095199288055,45
51019,identity,0.9,4,0.3480302878977226,0.02,0.6284239633270419,45
51019,identity,0.9,5,0.364531741467487,0.02,0.6197282590670611,45
51019,identity,0.9,6,0.35736832676724595,0.02,0.6211039941719495,45
51019,identity,0.9,7,0.3787934308977843,0.04,0.5960174412005972,45
51019,identity,0.9,8,0.41648972057786926,0.06,0.6214694385445412,45
51019,identity,0.9,9,0.3544076487772569,0.02,0.6249807658640607,45
51019,identity,0.9,10,0.3544071427835855,0.02,0.6249807658640607,45
51019,identity,0.9,11,0.3659936033078606,0.04,0.6152282692951833,45
51020,normal,0.0,0,0.9451704358659466,0.7,1.0,0
51020,normal,0.0,1,0.9451704358659466,0.7,1.0,0
51020,normal,0.0,2,0.9451704358659466,0.7,1.0,0
51020,normal,0.0,3,0.9451704358659466,0.7,1.0,0
51020,normal,0.0,4,0.9451704358659466,0.7,1.0,0
51020,normal,0.0,5,0.9451704358659466,0.7,1.0,0
51020,normal,0.0,6,0.9451704358659466,0.7,1.0,0
51020,normal,0.0,7,0.9451704358659466,0.7,1.0,0
51020,normal,0.0,8,0.9451704358659466,0.7,1.0,0
51020,normal,0.0,9,0.9451704358659466,0.7,1.0,0
51020,normal,0.0,10,0.9451704358659466,0.7,1.0,0
51020,normal,0.0,11,0.9451704358659466,0.7,1.0,0
51020,normal,0.25,0,0.8202765417935364,0.3,0.7355190264343873,12
51020,normal,0.25,1,0.7962888316167198,0.4,0.7072589064973626,12
51020,normal,0.25,2,0.7411713976379004,0.28,0.7543805605287125,12
51020,normal,0.25,3,0.8865774981921442,0.48,0.8539831768580635,12
51020,normal,0.25,4,0.7992414959256929,0.34,0.7095065194600026,12
51020,normal,0.25,5,0.8521658754715524,0.46,0.7632009356037586,12
51020,normal,0.25,6,0.8591922118639375,0.42,0.8130582378070919,12
51020,normal,0.25,7,0.8568652139917972,0.32,0.7379399502393066,12
51020,normal,0.25,8,0.8634379820500447,0.42,0.732266365835943,12
51020,normal,0.25,9,0.8675909573441993,0.42,0.7693171989048884,12
51020,normal,0.25,10,0.8001669977410495,0.26,0.7152322954178273,12
51020,normal,0.25,11,0.8648664701600073,0.42,0.7115558407983669,12
51020,normal,0.5,0,0.7260737596669752,0.22,0.59649226857383,25
51020,normal,0.5,1,0.7616373262102241,0.2,0.5740894362393216,25
51020,normal,0.5,2,0.6959290466692432,0.22,0.6284388593750098,25
51020,normal,0.5,3,0.7446478387641368,0.2,0.5855981393970403,25
51020,normal,0.5,4,0.6901460890155114,0.3,0.5844864068697961,25
51020,normal,0.5,5,0.7297748718825398,0.16,0.5435189134298603,25
51020,normal,0.5,6,0.8161968318050823,0.32,0.5451632438484716,25
51020,normal,0.5,7,0.6886820672360494,0.2,0.5478474444204778,25
51020,normal,0.5,8,0.6729919512092956,0.18,0.4706143951210977,25
51020,normal,0.5,9,0.7044463914812141,0.2,0.5939741528288948,25
51020,normal,0.5,10,0.7503845989531903,0.3,0.5597298383193048,25
51020,normal,0.5,11,0.5977984059325658,0.16,0.5902653617015473,25
51020,normal,0.75,0,0.48096119415285776,0.12,0.4398355708168018,38
51020,normal,0.75,1,0.4198495225794703,0.02,0.4024273501630863,38
51020,normal,0.75,2,0.5085856707584546,0.08,0.44104968931825544,38
51020,normal,0.75,3,0.5536330920686173,0.18,0.4389204585091799,38
51020,normal,0.75,4,0.5657650395708924,0.1,0.45142798897441144,38
51020,normal,0.75,5,0.5284475666735552,0.12,0.423781423130733,38
51020,normal,0.75,6,0.5751123884742527,0.08,0.43998514612819484,38
51020,normal,0.75,7,0.5636129474757615,0.1,0.46406244016199266,38
51020,normal,0.75,8,0.47671330051338423,0.02,0.4063910495351088,38
51020,normal,0.75,9,0.6106166061008318,0.18,0.48024819115115214,38
51020,normal,0.75,10,0.5071034202262424,0.08,0.41537964227500423,38
51020,normal,0.75,11,0.4733810181083175,0.08,0.3954863273462837,38
51020,normal,0.9,0,0.3045007719092091,0.0,0.33438562537367483,45
51020,normal,0.9,1,0.42405831492011464,0.04,0.40968709691973976,45
51020,normal,0.9,2,0.4114850013874895,0.04,0.3929904580397824,45
51020,normal,0.9,3,0.4677309098915354,0.06,0.3945892502303219,45
51020,normal,0.9,4,0.41632400065372205,0.04,0.3317855828788632,45
51020,normal,0.9,5,0.41616081400047045,0.02,0.36782684314668834,45
51020,normal,0.9,6,0.3705360496809704,0.02,0.37478311301777595,45
51020,normal,0.9,7,0.43634745990435225,0.04,0.3744765605318207,45
51020,normal,0.9,8,0.3557958836228743,0.04,0.367385432509906,45
51020,normal,0.9,9,0.45158830685478074,0.02,0.41424612481742995,45
51020,normal,0.9,10,0.2987549040681132,0.04,0.32804502730310064,45
51020,normal,0.9,11,0.5036140932879168,0.06,0.40207744576366933,45
51020,shuffled,0.0,0,0.9267131083487468,0.74,1.0,0
51020,shuffled,0.0,1,0.9267131083487468,0.74,1.0,0
51020,shuffled,0.0,2,0.9267131083487468,0.74,1.0,0
51020,shuffled,0.0,3,0.9267131083487468,0.74,1.0,0
51020,shuffled,0.0,4,0.9267131083487468,0.74,1.0,0
51020,shuffled,0.0,5,0.9267131083487468,0.74,1.0,0
51020,shuffled,0.0,6,0.9267131083487468,0.74,1.0,0
51020,shuffled,0.0,7,0.9267131083487468,0.74,1.0,0
51020,shuffled,0.0,8,0.9267131083487468,0.74,1.0,0
51020,shuffled,0.0,9,0.9267131083487468,0.74,1.0,0
51020,shuffled,0.0,10,0.9267131083487468,0.74,1.0,0
51020,shuffled,0.0,11,0.9267131083487468,0.74,1.0,0
51020,shuffled,0.25,0,0.7655920684084359,0.44,0.7025444536416188,12
51020,shuffled,0.25,1,0.7491585482144935,0.38,0.7610025914058599,12
51020,shuffled,0.25,2,0.8024102155573523,0.48,0.6928617111992296,12
51020,shuffled,0.25,3,0.8375150560789599,0.38,0.7577601613384058,12
51020,shuffled,0.25,4,0.8028064512546161,0.42,0.6651607244184464,12
51020,shuffled,0.25,5,0.7693618222171249,0.42,0.7607299293456662,12
51020,shuffled,0.25,6,0.8371684665126954,0.44,0.7414562867673549,12
51020,shuffled,0.25,7,0.837273506028508,0.52,0.7549684111221899,12
51020,shuffled,0.25,8,0.7986705730842384,0.26,0.6934932710412507,12
51020,shuffled,0.25,9,0.8473689926729105,0.36,0.7656508525536222,12
51020,shuffled,0.25,10,0.8392117684251283,0.36,0.7532255538385215,12
51020,shuffled,0.25,11,0.8049116256415835,0.42,0.6503015282332082,12
51020,shuffled,0.5,0,0.7063258073092896,0.26,0.6226023724796576,25
51020,shuffled,0.5,1,0.6336539575765682,0.14,0.5445955671317404,25
51020,shuffled,0.5,2,0.8040181358889087,0.3,0.6291642303289176,25
51020,shuffled,0.5,3,0.6932148418043166,0.16,0.5286546378290761,25
51020,shuffled,0.5,4,0.7078678268110281,0.38,0.6337040453083496,25
51020,shuffled,0.5,5,0.6184800394447765,0.16,0.5133192855411971,25
51020,shuffled,0.5,6,0.7369172187508807,0.24,0.5351050922160625,25
51020,shuffled,0.5,7,0.6759778418319469,0.04,0.5339242239866314,25
51020,shuffled,0.5,8,0.6799328130870458,0.26,0.578843088297631,25
51020,shuffled,0.5,9,0.5355627192955051,0.18,0.507970240357915,25
51020,shuffled,0.5,10,0.621441162057408,0.12,0.4724354963379186,25
51020,shuffled,0.5,11,0.7195898933816971,0.2,0.5478718903282251,25
51020,shuffled,0.75,0,0.512577872932571,0.04,0.4562308844436104,38
51020,shuffled,0.75,1,0.3799104097833972,0.02,0.4373553654287992,38
51020,shuffled,0.75,2,0.609854698533901,0.08,0.5026453186930899,38
51020,shuffled,0.75,3,0.644243402866947,0.1,0.4159081511856238,38
51020,shuffled,0.75,4,0.5842541816741911,0.08,0.4003069553396637,38
51020,shuffled,0.75,5,0.609440193468944,0.1,0.4292580255901451,38
51020,shuffled,0.75,6,0.5467384861415988,0.06,0.4661568193066138,38
51020,shuffled,0.75,7,0.5879316551904128,0.12,0.44741612743619874,38
51020,shuffled,0.75,8,0.599318256189519,0.06,0.45963464161970724,38
51020,shuffled,0.75,9,0.5319026690804199,0.14,0.4440698750229917,38
51020,shuffled,0.75,10,0.46309453251859295,0.08,0.37756235966126306,38
51020,shuffled,0.75,11,0.6643138184271029,0.12,0.47957525209587964,38
51020,shuffled,0.9,0,0.3922207346890931,0.04,0.4330055310377698,45
51020,shuffled,0.9,1,0.35017471777882553,0.02,0.33433741866930006,45
51020,shuffled,0.9,2,0.5227625476386357,0.04,0.4079661730728542,45
51020,shuffled,0.9,3,0.5264172037031473,0.04,0.38451313837524426,45
51020,shuffled,0.9,4,0.4264568800443998,0.04,0.4064220129987862,45
51020,shuffled,0.9,5,0.39107378164584555,0.04,0.34932512380389746,45
51020,shuffled,0.9,6,0.414581832226581,0.04,0.4223135093169262,45
51020,shuffled,0.9,7,0.5115173277678758,0.06,0.35141030756190694,45
51020,shuffled,0.9,8,0.35162215362268223,0.02,0.36323261588444206,45
51020,shuffled,0.9,9,0.41862262311320075,0.06,0.42226380684680953,45
51020,shuffled,0.9,10,0.4621947296158479,0.08,0.41737008672176934,45
51020,shuffled,0.9,11,0.43334144734773594,0.02,0.35580493179439826,45
51020,dense,0.0,0,0.24583838293811258,0.02,0.9999999999999999,0
51020,dense,0.0,1,0.24583838293811258,0.02,0.9999999999999999,0
51020,dense,0.0,2,0.24583838293811258,0.02,0.9999999999999999,0
51020,dense,0.0,3,0.24583838293811258,0.02,0.9999999999999999,0
51020,dense,0.0,4,0.24583838293811258,0.02,0.9999999999999999,0
51020,dense,0.0,5,0.24583838293811258,0.02,0.9999999999999999,0
51020,dense,0.0,6,0.24583838293811258,0.02,0.9999999999999999,0
51020,dense,0.0,7,0.24583838293811258,0.02,0.9999999999999999,0
51020,dense,0.0,8,0.24583838293811258,0.02,0.9999999999999999,0
51020,dense,0.0,9,0.24583838293811258,0.02,0.9999999999999999,0
51020,dense,0.0,10,0.24583838293811258,0.02,0.9999999999999999,0
51020,dense,0.0,11,0.24583838293811258,0.02,0.9999999999999999,0
51020,dense,0.25,0,0.24583838293811258,0.02,0.9999999999999999,12
51020,dense,0.25,1,0.24583838293811258,0.02,0.9999999999999999,12
51020,dense,0.25,2,0.24583838293811258,0.02,0.9999999999999999,12
51020,dense,0.25,3,0.24583838293811258,0.02,0.9999999999999999,12
51020,dense,0.25,4,0.24583838293811258,0.02,0.9999999999999999,12
51020,dense,0.25,5,0.24583838293811258,0.02,0.9999999999999999,12
51020,dense,0.25,6,0.24583838293811258,0.02,0.9999999999999999,12
51020,dense,0.25,7,0.24583838293811258,0.02,0.9999999999999999,12
51020,dense,0.25,8,0.24583838293811258,0.02,0.9999999999999999,12
51020,dense,0.25,9,0.24583838293811258,0.02,0.9999999999999999,12
51020,dense,0.25,10,0.24583838293811258,0.02,0.9999999999999999,12
51020,dense,0.25,11,0.24583838293811258,0.02,0.9999999999999999,12
51020,dense,0.5,0,0.24583838293811258,0.02,0.9999999999999999,25
51020,dense,0.5,1,0.24583838293811258,0.02,0.9999999999999999,25
51020,dense,0.5,2,0.24583838293811258,0.02,0.9999999999999999,25
51020,dense,0.5,3,0.24583838293811258,0.02,0.9999999999999999,25
51020,dense,0.5,4,0.24583838293811258,0.02,0.9999999999999999,25
51020,dense,0.5,5,0.24583838293811258,0.02,0.9999999999999999,25
51020,dense,0.5,6,0.24583838293811258,0.02,0.9999999999999999,25
51020,dense,0.5,7,0.24583838293811258,0.02,0.9999999999999999,25
51020,dense,0.5,8,0.24583838293811258,0.02,0.9999999999999999,25
51020,dense,0.5,9,0.24583838293811258,0.02,0.9999999999999999,25
51020,dense,0.5,10,0.24583838293811258,0.02,0.9999999999999999,25
51020,dense,0.5,11,0.24583838293811258,0.02,0.9999999999999999,25
51020,dense,0.75,0,0.24583838293811258,0.02,0.9999999999999999,38
51020,dense,0.75,1,0.24583838293811258,0.02,0.9999999999999999,38
51020,dense,0.75,2,0.24583838293811258,0.02,0.9999999999999999,38
51020,dense,0.75,3,0.24583838293811258,0.02,0.9999999999999999,38
51020,dense,0.75,4,0.24583838293811258,0.02,0.9999999999999999,38
51020,dense,0.75,5,0.24583838293811258,0.02,0.9999999999999999,38
51020,dense,0.75,6,0.24583838293811258,0.02,0.9999999999999999,38
51020,dense,0.75,7,0.24583838293811258,0.02,0.9999999999999999,38
51020,dense,0.75,8,0.24583838293811258,0.02,0.9999999999999999,38
51020,dense,0.75,9,0.24583838293811258,0.02,0.9999999999999999,38
51020,dense,0.75,10,0.24583838293811258,0.02,0.9999999999999999,38
51020,dense,0.75,11,0.24583838293811258,0.02,0.9999999999999999,38
51020,dense,0.9,0,0.24583838293811258,0.02,0.9999999999999999,45
51020,dense,0.9,1,0.24583838293811258,0.02,0.9999999999999999,45
51020,dense,0.9,2,0.24583838293811258,0.02,0.9999999999999999,45
51020,dense,0.9,3,0.24583838293811258,0.02,0.9999999999999999,45
51020,dense,0.9,4,0.24583838293811258,0.02,0.9999999999999999,45
51020,dense,0.9,5,0.24583838293811258,0.02,0.9999999999999999,45
51020,dense,0.9,6,0.24583838293811258,0.02,0.9999999999999999,45
51020,dense,0.9,7,0.24583838293811258,0.02,0.9999999999999999,45
51020,dense,0.9,8,0.24583838293811258,0.02,0.9999999999999999,45
51020,dense,0.9,9,0.24583838293811258,0.02,0.9999999999999999,45
51020,dense,0.9,10,0.24583838293811258,0.02,0.9999999999999999,45
51020,dense,0.9,11,0.24583838293811258,0.02,0.9999999999999999,45
51020,identity,0.0,0,0.9499335255120352,0.86,1.0,0
51020,identity,0.0,1,0.9499335255120352,0.86,1.0,0
51020,identity,0.0,2,0.9499335255120352,0.86,1.0,0
51020,identity,0.0,3,0.9499335255120352,0.86,1.0,0
51020,identity,0.0,4,0.9499335255120352,0.86,1.0,0
51020,identity,0.0,5,0.9499335255120352,0.86,1.0,0
51020,identity,0.0,6,0.9499335255120352,0.86,1.0,0
51020,identity,0.0,7,0.9499335255120352,0.86,1.0,0
51020,identity,0.0,8,0.9499335255120352,0.86,1.0,0
51020,identity,0.0,9,0.9499335255120352,0.86,1.0,0
51020,identity,0.0,10,0.9499335255120352,0.86,1.0,0
51020,identity,0.0,11,0.9499335255120352,0.86,1.0,0
51020,identity,0.25,0,0.8729293883578828,0.66,0.8751375301173195,12
51020,identity,0.25,1,0.8343085118744136,0.52,0.8693542522109147,12
51020,identity,0.25,2,0.831193687506577,0.54,0.8682483352736696,12
51020,identity,0.25,3,0.8404467200498802,0.62,0.8717578523852887,12
51020,identity,0.25,4,0.9185876870374531,0.74,0.8923376812945414,12
51020,identity,0.25,5,0.9129963822761799,0.78,0.8931764261922066,12
51020,identity,0.25,6,0.8884765884927881,0.74,0.8881545532322487,12
51020,identity,0.25,7,0.8187521498633721,0.64,0.872794161144389,12
51020,identity,0.25,8,0.8403193418610985,0.62,0.8773978550734722,12
51020,identity,0.25,9,0.8180555606524176,0.58,0.8737189697089386,12
51020,identity,0.25,10,0.9322857776214785,0.88,0.9004061647119456,12
51020,identity,0.25,11,0.8715920048461636,0.66,0.8962832048586111,12
51020,identity,0.5,0,0.7494628427893757,0.42,0.7622207588886113,25
51020,identity,0.5,1,0.7867487462964564,0.56,0.7631469876157582,25
51020,identity,0.5,2,0.772533316125278,0.42,0.7595786992737734,25
51020,identity,0.5,3,0.7149364595258382,0.36,0.7281798599040983,25
51020,identity,0.5,4,0.7460486969651418,0.52,0.7531813968906346,25
51020,identity,0.5,5,0.7161490472301595,0.34,0.7389337928488454,25
51020,identity,0.5,6,0.7245614009926784,0.38,0.7446029788229228,25
51020,identity,0.5,7,0.777504630655099,0.52,0.7602748036831645,25
51020,identity,0.5,8,0.7341204361269166,0.46,0.7421580217052264,25
51020,identity,0.5,9,0.7042745189635083,0.36,0.7313938176350547,25
51020,identity,0.5,10,0.7586522272069758,0.36,0.7384053945056871,25
51020,identity,0.5,11,0.722322222877566,0.3,0.7429165615303543,25
51020,identity,0.75,0,0.6066413749332201,0.2,0.6370896677470348,38
51020,identity,0.75,1,0.5015072240623503,0.12,0.630433295599599,38
51020,identity,0.75,2,0.5651596205998154,0.22,0.6444571822060873,38
51020,identity,0.75,3,0.54553394280039,0.22,0.601426034017873,38
51020,identity,0.75,4,0.5105392903124013,0.2,0.6151278144591139,38
51020,identity,0.75,5,0.5153201093442277,0.14,0.626277064707824,38
51020,identity,0.75,6,0.4658681279442654,0.08,0.659264408259572,38
51020,identity,0.75,7,0.5113219398929025,0.08,0.6338255577144989,38
51020,identity,0.75,8,0.6031191781278921,0.24,0.6385789082787935,38
51020,identity,0.75,9,0.5591309674066939,0.18,0.615964112752801,38
51020,identity,0.75,10,0.4958959785808481,0.14,0.6396363483340974,38
51020,identity,0.75,11,0.5507244953828232,0.22,0.5898166702383146,38
51020,identity,0.9,0,0.35176913044262603,0.02,0.6360231253084908,45
51020,identity,0.9,1,0.3834574706939262,0.04,0.633075623481728,45
51020,identity,0.9,2,0.4344051379488773,0.06,0.6191726188625366,45
51020,identity,0.9,3,0.3984545243441775,0.04,0.637187378497885,45
51020,identity,0.9,4,0.3585182709942815,0.02,0.6379833890810229,45
51020,identity,0.9,5,0.35738843605062676,0.04,0.6421778683866485,45
51020,identity,0.9,6,0.36623954368802786,0.02,0.6342491325306858,45
51020,identity,0.9,7,0.4195831573001901,0.06,0.6238238534445883,45
51020,identity,0.9,8,0.3610512149332406,0.02,0.6456998172090661,45
51020,identity,0.9,9,0.3780385850285149,0.02,0.6058190775186908,45
51020,identity,0.9,10,0.3956412010021681,0.04,0.6603297609388709,45
51020,identity,0.9,11,0.388436408236576,0.04,0.6388275607748505,45
