root_seed,key_mode,fraction,mask_index,dropped_lec_units,cue_accuracy,mec_cosine,output_cosine,key_cosine
51001,normal,0.0,0,0,1.0,0.9039511968722554,0.9514526540459769,1.0
51001,normal,0.0,1,0,1.0,0.9039511968722554,0.9514526540459769,1.0
51001,normal,0.0,2,0,1.0,0.9039511968722554,0.9514526540459769,1.0
51001,normal,0.0,3,0,1.0,0.9039511968722554,0.9514526540459769,1.0
51001,normal,0.0,4,0,1.0,0.9039511968722554,0.9514526540459769,1.0
51001,normal,0.0,5,0,1.0,0.9039511968722554,0.9514526540459769,1.0
51001,normal,0.0,6,0,1.0,0.9039511968722554,0.9514526540459769,1.0
51001,normal,0.0,7,0,1.0,0.9039511968722554,0.9514526540459769,1.0
51001,normal,0.0,8,0,1.0,0.9039511968722554,0.9514526540459769,1.0
51001,normal,0.0,9,0,1.0,0.9039511968722554,0.9514526540459769,1.0
51001,normal,0.0,10,0,1.0,0.9039511968722554,0.9514526540459769,1.0
51001,normal,0.0,11,0,1.0,0.9039511968722554,0.9514526540459769,1.0
51001,normal,0.25,0,6,1.0,0.8629608065851333,0.8759099671192176,0.8437866420235806
51001,normal,0.25,1,6,1.0,0.8428023413625203,0.8953602745661905,0.8711056903994039
51001,normal,0.25,2,6,1.0,0.8584173186800205,0.8755074419431655,0.8125847646794532
51001,normal,0.25,3,6,1.0,0.8389512979853874,0.9060793077653017,0.8471155051468549
51001,normal,0.25,4,6,1.0,0.8403706522893009,0.8979473912052139,0.8492965875215333
51001,normal,0.25,5,6,1.0,0.8690312035087661,0.8862181385115829,0.7917794406521748
51001,normal,0.25,6,6,1.0,0.7895573250639103,0.8656332644077203,0.7405740245035272
51001,normal,0.25,7,6,1.0,0.8174200794606121,0.8977864771103629,0.8719279944051636
51001,normal,0.25,8,6,1.0,0.8750241596590347,0.8976920198216817,0.8554700172842239
51001,normal,0.25,9,6,1.0,0.830069589985384,0.9014195591937515,0.8183126223980404
51001,normal,0.25,10,6,1.0,0.8200109332696315,0.8910352471798438,0.840654688139351
51001,normal,0.25,11,6,1.0,0.8267502971918478,0.9155391182477358,0.8808808167491293
51001,normal,0.5,0,12,1.0,0.8146698046168178,0.7913352597838997,0.7432083344531556
51001,normal,0.5,1,12,1.0,0.7509721253563905,0.7871846072006725,0.7703452200605647
51001,normal,0.5,2,12,1.0,0.8079447005073916,0.8682322466187299,0.7014747973121334
51001,normal,0.5,3,12,1.0,0.8042023302365187,0.8420076976834645,0.7011535347812382
51001,normal,0.5,4,12,1.0,0.7690276875768857,0.7808906742587348,0.7212312190358713
51001,normal,0.5,5,12,0.5,0.8320002583438085,0.8190459036586307,0.7107062473204462
51001,normal,0.5,6,12,1.0,0.6898626997284468,0.647352945329244,0.6757486413596494
51001,normal,0.5,7,12,1.0,0.8033751642070394,0.8142583628110746,0.7850190337760634
51001,normal,0.5,8,12,1.0,0.7988379579328635,0.7768516840683614,0.7097246740313078
51001,normal,0.5,9,12,1.0,0.7815996227285289,0.8164290090029696,0.6645123925413431
51001,normal,0.5,10,12,0.5,0.7512170607757824,0.7527797367617203,0.7000809108438051
51001,normal,0.5,11,12,1.0,0.7465214864642286,0.7064769389172977,0.6646408149746657
51001,normal,0.75,0,19,1.0,0.7624614901561262,0.6983008496384291,0.5927935291803729
51001,normal,0.75,1,19,0.5,0.8283935612740398,0.7427621091085108,0.6202035900982448
51001,normal,0.75,2,19,0.5,0.7741177434773021,0.7154669646800397,0.6796746855393323
51001,normal,0.75,3,19,1.0,0.8209815992800555,0.7609111902967558,0.6165489169638108
51001,normal,0.75,4,19,1.0,0.7758661158065319,0.7271084137437236,0.6036724792891005
51001,normal,0.75,5,19,0.5,0.7091036228416661,0.6226640691307086,0.6343447051091534
51001,normal,0.75,6,19,0.5,0.8154265980330999,0.7543585215103996,0.616943909772862
51001,normal,0.75,7,19,1.0,0.7156235538161902,0.6297008589889571,0.5852754325754931
51001,normal,0.75,8,19,0.0,0.7438533137422428,0.6577975464883825,0.6177680974612276
51001,normal,0.75,9,19,1.0,0.7950770396409088,0.7412924283108032,0.5829986413331331
51001,normal,0.75,10,19,1.0,0.7842390776903563,0.7583280118673372,0.6075603004569379
51001,normal,0.75,11,19,0.0,0.7256701299365531,0.6052898631004547,0.6061734783162135
51001,normal,0.9,0,22,0.5,0.7259006131574784,0.5932156961734888,0.5965092023005084
51001,normal,0.9,1,22,0.0,0.7539354801964602,0.6516582188554492,0.5600630985306005
51001,normal,0.9,2,22,0.0,0.7454910757976382,0.6282520438122937,0.6155272491199796
51001,normal,0.9,3,22,0.5,0.7991368488518868,0.6939127603871649,0.6069926167719071
51001,normal,0.9,4,22,0.5,0.8064321943426128,0.7069720563151478,0.5708017316231065
51001,normal,0.9,5,22,0.0,0.7420995662362313,0.6165628466957417,0.5917616048046781
51001,normal,0.9,6,22,0.5,0.8072904140650699,0.6913769669831363,0.5638780262607866
51001,normal,0.9,7,22,0.5,0.768316017334395,0.6604996269232447,0.6406529381148057
51001,normal,0.9,8,22,0.0,0.7653906963879171,0.6214975743637496,0.6043425016589964
51001,normal,0.9,9,22,0.0,0.7332287062902552,0.5837508564041526,0.5970318234196867
51001,normal,0.9,10,22,1.0,0.7730701841695378,0.6773729853826994,0.569530085706337
51001,normal,0.9,11,22,0.5,0.7646487619158572,0.642671443236389,0.5652749403703006
51001,shuffled,0.0,0,0,1.0,0.9028164502938293,0.952995755740707,1.0
51001,shuffled,0.0,1,0,1.0,0.9028164502938293,0.952995755740707,1.0
51001,shuffled,0.0,2,0,1.0,0.9028164502938293,0.952995755740707,1.0
51001,shuffled,0.0,3,0,1.0,0.9028164502938293,0.952995755740707,1.0
51001,shuffled,0.0,4,0,1.0,0.9028164502938293,0.952995755740707,1.0
51001,shuffled,0.0,5,0,1.0,0.9028164502938293,0.952995755740707,1.0
51001,shuffled,0.0,6,0,1.0,0.9028164502938293,0.952995755740707,1.0
51001,shuffled,0.0,7,0,1.0,0.9028164502938293,0.952995755740707,1.0
51001,shuffled,0.0,8,0,1.0,0.9028164502938293,0.952995755740707,1.0
51001,shuffled,0.0,9,0,1.0,0.9028164502938293,0.952995755740707,1.0
51001,shuffled,0.0,10,0,1.0,0.9028164502938293,0.952995755740707,1.0
51001,shuffled,0.0,11,0,1.0,0.9028164502938293,0.952995755740707,1.0
51001,shuffled,0.25,0,6,1.0,0.863500558180327,0.9252821124299002,0.90946922709196
51001,shuffled,0.25,1,6,1.0,0.8508653263557525,0.8964799775716097,0.8976098957607038
51001,shuffled,0.25,2,6,1.0,0.8467685788040278,0.9158123696965157,0.8902408230445201
51001,shuffled,0.25,3,6,1.0,0.8363768496109769,0.8900082084058026,0.8549426340709481
51001,shuffled,0.25,4,6,1.0,0.8138635128544331,0.875999869708262,0.8489149237542865
51001,shuffled,0.25,5,6,1.0,0.8486767259404451,0.9105094741807936,0.871058192063392
51001,shuffled,0.25,6,6,1.0,0.8223065963353168,0.8641240548206376,0.8449325209965178
51001,shuffled,0.25,7,6,1.0,0.8466850822972575,0.8987391564099474,0.8444395023534337
51001,shuffled,0.25,8,6,1.0,0.8538795333342708,0.9223465664060895,0.8329465940618107
51001,shuffled,0.25,9,6,1.0,0.8044919291610648,0.8509653090447942,0.8713903495011158
51001,shuffled,0.25,10,6,1.0,0.8082893896611477,0.8700600634107125,0.8861079215460004
51001,shuffled,0.25,11,6,1.0,0.7894291743657282,0.8827362015917127,0.8712079433278817
51001,shuffled,0.5,0,12,1.0,0.7988144446002079,0.7955698461592938,0.7785320282666427
51001,shuffled,0.5,1,12,1.0,0.8185321650894841,0.8603585336590946,0.8321360866045647
51001,shuffled,0.5,2,12,1.0,0.812900329955318,0.8450602686338093,0.8140570674173161
51001,shuffled,0.5,3,12,1.0,0.7804580751036697,0.8106749598576524,0.7820233232557495
51001,shuffled,0.5,4,12,1.0,0.8252466040224263,0.8691161811625411,0.8538655859228501
51001,shuffled,0.5,5,12,1.0,0.8304559033319898,0.8276976796953618,0.7941410547752902
51001,shuffled,0.5,6,12,1.0,0.6582185509830586,0.6658802519528073,0.7587373826875645
51001,shuffled,0.5,7,12,1.0,0.8037235640970221,0.8266682832022181,0.8342685232635643
51001,shuffled,0.5,8,12,1.0,0.7987005503875058,0.8292686752794437,0.7572690410524274
51001,shuffled,0.5,9,12,1.0,0.775613648400189,0.7665498289509338,0.7441078095505695
51001,shuffled,0.5,10,12,1.0,0.7942269092419835,0.8389608348048602,0.7871450417719302
51001,shuffled,0.5,11,12,1.0,0.782380406103516,0.8278003574520949,0.8045597333537424
51001,shuffled,0.75,0,19,1.0,0.7998714697504049,0.7627623035652766,0.7716039667390302
51001,shuffled,0.75,1,19,1.0,0.7588434802447902,0.7507843722322248,0.7605166335172183
51001,shuffled,0.75,2,19,1.0,0.7609565459777753,0.7350106284562123,0.7883032404570409
51001,shuffled,0.75,3,19,1.0,0.7627913080153291,0.7467305126093161,0.7923229911244811
51001,shuffled,0.75,4,19,1.0,0.8165009699660001,0.7863248825031449,0.7607695076492392
51001,shuffled,0.75,5,19,1.0,0.7686904469112986,0.757232347989766,0.7884452791281903
51001,shuffled,0.75,6,19,1.0,0.8308270475205672,0.7851646302795161,0.7609581156364186
51001,shuffled,0.75,7,19,1.0,0.8072747619948042,0.7479569100123746,0.7193253927544336
51001,shuffled,0.75,8,19,1.0,0.771424819779944,0.7455991970031134,0.7272055184332732
51001,shuffled,0.75,9,19,1.0,0.8101073453759936,0.7826722334098978,0.7861079910237774
51001,shuffled,0.75,10,19,1.0,0.748337327964341,0.6706910031084794,0.7297212660782728
51001,shuffled,0.75,11,19,0.5,0.7979419389982101,0.743814617791145,0.7810456847262013
51001,shuffled,0.9,0,22,1.0,0.7662613317191961,0.7008166625754982,0.7553537185379752
51001,shuffled,0.9,1,22,1.0,0.769554890237832,0.7050804636777745,0.7636735116016644
51001,shuffled,0.9,2,22,1.0,0.7556399369066152,0.6447069967562156,0.7053416875495025
51001,shuffled,0.9,3,22,1.0,0.813415121634608,0.7575608041814852,0.7627295231398007
51001,shuffled,0.9,4,22,1.0,0.7862578504634254,0.7084233720540677,0.7197611733742151
51001,shuffled,0.9,5,22,1.0,0.7947223060164683,0.7435342613044642,0.7524102432847423
51001,shuffled,0.9,6,22,1.0,0.7123516227670863,0.6174285404299248,0.6985966125952929
51001,shuffled,0.9,7,22,1.0,0.7596973622194068,0.6943812471675433,0.7321797581412823
51001,shuffled,0.9,8,22,1.0,0.7951764864448293,0.7495596041226779,0.7683014984493366
51001,shuffled,0.9,9,22,1.0,0.7551520563238171,0.6950894801901264,0.7745177775508482
51001,shuffled,0.9,10,22,0.5,0.7861473817556822,0.7237060520383453,0.7665512885900102
51001,shuffled,0.9,11,22,1.0,0.7904221454794115,0.6853583235955696,0.7148758716450572
51001,dense,0.0,0,0,0.5,0.2586084208914365,0.21727860975099886,0.9999999999999999
51001,dense,0.0,1,0,0.5,0.2586084208914365,0.21727860975099886,0.9999999999999999
51001,dense,0.0,2,0,0.5,0.2586084208914365,0.21727860975099886,0.9999999999999999
51001,dense,0.0,3,0,0.5,0.2586084208914365,0.21727860975099886,0.9999999999999999
51001,dense,0.0,4,0,0.5,0.2586084208914365,0.21727860975099886,0.9999999999999999
51001,dense,0.0,5,0,0.5,0.2586084208914365,0.21727860975099886,0.9999999999999999
51001,dense,0.0,6,0,0.5,0.2586084208914365,0.21727860975099886,0.9999999999999999
51001,dense,0.0,7,0,0.5,0.2586084208914365,0.21727860975099886,0.9999999999999999
51001,dense,0.0,8,0,0.5,0.2586084208914365,0.21727860975099886,0.9999999999999999
51001,dense,0.0,9,0,0.5,0.2586084208914365,0.21727860975099886,0.9999999999999999
51001,dense,0.0,10,0,0.5,0.2586084208914365,0.21727860975099886,0.9999999999999999
51001,dense,0.0,11,0,0.5,0.2586084208914365,0.21727860975099886,0.9999999999999999
51001,dense,0.25,0,6,0.5,0.2586084208914365,0.21727860975099886,0.9999999999999999
51001,dense,0.25,1,6,0.5,0.2586084208914365,0.21727860975099886,0.9999999999999999
51001,dense,0.25,2,6,0.5,0.2586084208914365,0.21727860975099886,0.9999999999999999
51001,dense,0.25,3,6,0.5,0.2586084208914365,0.21727860975099886,0.9999999999999999
51001,dense,0.25,4,6,0.5,0.2586084208914365,0.21727860975099886,0.9999999999999999
51001,dense,0.25,5,6,0.5,0.2586084208914365,0.21727860975099886,0.9999999999999999
51001,dense,0.25,6,6,0.5,0.2586084208914365,0.21727860975099886,0.9999999999999999
51001,dense,0.25,7,6,0.5,0.2586084208914365,0.21727860975099886,0.9999999999999999
51001,dense,0.25,8,6,0.5,0.2586084208914365,0.21727860975099886,0.9999999999999999
51001,dense,0.25,9,6,0.5,0.2586084208914365,0.21727860975099886,0.9999999999999999
51001,dense,0.25,10,6,0.5,0.2586084208914365,0.21727860975099886,0.9999999999999999
51001,dense,0.25,11,6,0.5,0.2586084208914365,0.21727860975099886,0.9999999999999999
51001,dense,0.5,0,12,0.5,0.2586084208914365,0.21727860975099886,0.9999999999999999
51001,dense,0.5,1,12,0.5,0.2586084208914365,0.21727860975099886,0.9999999999999999
51001,dense,0.5,2,12,0.5,0.2586084208914365,0.21727860975099886,0.9999999999999999
51001,dense,0.5,3,12,0.5,0.2586084208914365,0.21727860975099886,0.9999999999999999
51001,dense,0.5,4,12,0.5,0.2586084208914365,0.21727860975099886,0.9999999999999999
51001,dense,0.5,5,12,0.5,0.2586084208914365,0.21727860975099886,0.9999999999999999
51001,dense,0.5,6,12,0.5,0.2586084208914365,0.21727860975099886,0.9999999999999999
51001,dense,0.5,7,12,0.5,0.2586084208914365,0.21727860975099886,0.9999999999999999
51001,dense,0.5,8,12,0.5,0.2586084208914365,0.21727860975099886,0.9999999999999999
51001,dense,0.5,9,12,0.5,0.2586084208914365,0.21727860975099886,0.9999999999999999
51001,dense,0.5,10,12,0.5,0.2586084208914365,0.21727860975099886,0.9999999999999999
51001,dense,0.5,11,12,0.5,0.2586084208914365,0.21727860975099886,0.9999999999999999
51001,dense,0.75,0,19,0.5,0.2586084208914365,0.21727860975099886,0.9999999999999999
51001,dense,0.75,1,19,0.5,0.2586084208914365,0.21727860975099886,0.9999999999999999
51001,dense,0.75,2,19,0.5,0.2586084208914365,0.21727860975099886,0.9999999999999999
51001,dense,0.75,3,19,0.5,0.2586084208914365,0.21727860975099886,0.9999999999999999
51001,dense,0.75,4,19,0.5,0.2586084208914365,0.21727860975099886,0.9999999999999999
51001,dense,0.75,5,19,0.5,0.2586084208914365,0.21727860975099886,0.9999999999999999
51001,dense,0.75,6,19,0.5,0.2586084208914365,0.21727860975099886,0.9999999999999999
51001,dense,0.75,7,19,0.5,0.2586084208914365,0.21727860975099886,0.9999999999999999
51001,dense,0.75,8,19,0.5,0.2586084208914365,0.21727860975099886,0.9999999999999999
51001,dense,0.75,9,19,0.5,0.2586084208914365,0.21727860975099886,0.9999999999999999
51001,dense,0.75,10,19,0.5,0.2586084208914365,0.21727860975099886,0.9999999999999999
51001,dense,0.75,11,19,0.5,0.2586084208914365,0.21727860975099886,0.9999999999999999
51001,dense,0.9,0,22,0.5,0.2586084208914365,0.21727860975099886,0.9999999999999999
51001,dense,0.9,1,22,0.5,0.2586084208914365,0.21727860975099886,0.9999999999999999
51001,dense,0.9,2,22,0.5,0.2586084208914365,0.21727860975099886,0.9999999999999999
51001,dense,0.9,3,22,0.5,0.2586084208914365,0.21727860975099886,0.9999999999999999
51001,dense,0.9,4,22,0.5,0.2586084208914365,0.21727860975099886,0.9999999999999999
51001,dense,0.9,5,22,0.5,0.2586084208914365,0.21727860975099886,0.9999999999999999
51001,dense,0.9,6,22,0.5,0.2586084208914365,0.21727860975099886,0.9999999999999999
51001,dense,0.9,7,22,0.5,0.2586084208914365,0.21727860975099886,0.9999999999999999
51001,dense,0.9,8,22,0.5,0.2586084208914365,0.21727860975099886,0.9999999999999999
51001,dense,0.9,9,22,0.5,0.2586084208914365,0.21727860975099886,0.9999999999999999
51001,dense,0.9,10,22,0.5,0.2586084208914365,0.21727860975099886,0.9999999999999999
51001,dense,0.9,11,22,0.5,0.2586084208914365,0.21727860975099886,0.9999999999999999
51001,identity,0.0,0,0,1.0,0.9395449860476041,0.971398292654658,1.0
51001,identity,0.0,1,0,1.0,0.9395449860476041,0.971398292654658,1.0
51001,identity,0.0,2,0,1.0,0.9395449860476041,0.971398292654658,1.0
51001,identity,0.0,3,0,1.0,0.9395449860476041,0.971398292654658,1.0
51001,identity,0.0,4,0,1.0,0.9395449860476041,0.971398292654658,1.0
51001,identity,0.0,5,0,1.0,0.9395449860476041,0.971398292654658,1.0
51001,identity,0.0,6,0,1.0,0.9395449860476041,0.971398292654658,1.0
51001,identity,0.0,7,0,1.0,0.9395449860476041,0.971398292654658,1.0
51001,identity,0.0,8,0,1.0,0.9395449860476041,0.971398292654658,1.0
51001,identity,0.0,9,0,1.0,0.9395449860476041,0.971398292654658,1.0
51001,identity,0.0,10,0,1.0,0.9395449860476041,0.971398292654658,1.0
51001,identity,0.0,11,0,1.0,0.9395449860476041,0.971398292654658,1.0
51001,identity,0.25,0,6,1.0,0.946625366117012,0.9725843145787212,0.9594275337888462
51001,identity,0.25,1,6,1.0,0.9588550997107693,0.9769743934989346,0.9513238670618317
51001,identity,0.25,2,6,1.0,0.9588550700851735,0.9769743860364484,0.9513238670618317
51001,identity,0.25,3,6,1.0,0.9588550732899808,0.9769743867416136,0.9513238670618317
51001,identity,0.25,4,6,1.0,0.9541871940074254,0.975619719190815,0.9597264673985864
51001,identity,0.25,5,6,1.0,0.9588550461179196,0.9769743782257713,0.9513238670618317
51001,identity,0.25,6,6,1.0,0.9613106920078444,0.977772477705158,0.9509288727110924
51001,identity,0.25,7,6,1.0,0.9588550829366956,0.9769743923947337,0.9513238670618317
51001,identity,0.25,8,6,1.0,0.9616840660131338,0.9775886662477323,0.9500584457782864
51001,identity,0.25,9,6,1.0,0.9436441800402301,0.9672741814226962,0.9506969521561944
51001,identity,0.25,10,6,1.0,0.9466253619744458,0.9725843053160155,0.9594275337888462
51001,identity,0.25,11,6,1.0,0.9530174706570557,0.9745015423720613,0.9512469956296775
51001,identity,0.5,0,12,1.0,0.9577788799781424,0.9704406710940386,0.9073757998755542
51001,identity,0.5,1,12,1.0,0.9554887354550857,0.95901469350895,0.9075617864409629
51001,identity,0.5,2,12,1.0,0.9552383013678059,0.9684802891852285,0.8978726796983074
51001,identity,0.5,3,12,1.0,0.9498643916766568,0.9206570207027768,0.9061739527741343
51001,identity,0.5,4,12,1.0,0.9532951920962107,0.9432681203716183,0.90716294419347
51001,identity,0.5,5,12,1.0,0.9577789306145209,0.9704406809423809,0.9073757998755542
51001,identity,0.5,6,12,1.0,0.9544199319188206,0.9432851894272344,0.8982582630247458
51001,identity,0.5,7,12,1.0,0.9532953088856314,0.9432681301490002,0.90716294419347
51001,identity,0.5,8,12,1.0,0.9554885886906002,0.9590146714094775,0.9075617864409629
51001,identity,0.5,9,12,1.0,0.9553529215528639,0.9583225599468114,0.8983715914194914
51001,identity,0.5,10,12,1.0,0.953295375241145,0.9432681368415929,0.90716294419347
51001,identity,0.5,11,12,1.0,0.9498644437997962,0.9206571086573483,0.9061739527741344
51001,identity,0.75,0,19,1.0,0.9436767154606565,0.8900669981315517,0.8398644223379059
51001,identity,0.75,1,19,1.0,0.9410742180624303,0.9221027448308229,0.83773804177993
51001,identity,0.75,2,19,0.5,0.9421081329036309,0.8743337239581959,0.8294718438011225
51001,identity,0.75,3,19,1.0,0.9436767078559487,0.8900670226922334,0.8398644223379059
51001,identity,0.75,4,19,1.0,0.9436767141359637,0.890067049137027,0.8398644223379059
51001,identity,0.75,5,19,0.5,0.9443898805894843,0.8785584505751438,0.8396989575089535
51001,identity,0.75,6,19,0.5,0.944389958134291,0.8785585228636336,0.8396989575089535
51001,identity,0.75,7,19,1.0,0.9413897370332691,0.8847662417377569,0.829218208595825
51001,identity,0.75,8,19,1.0,0.9436767236665466,0.8900669918007066,0.8398644223379059
51001,identity,0.75,9,19,1.0,0.9426681698855731,0.9059939767831332,0.8392121289417918
51001,identity,0.75,10,19,1.0,0.9436766523271558,0.8900670058104329,0.8398644223379059
51001,identity,0.75,11,19,0.5,0.9443899216416107,0.8785584440519136,0.8396989575089535
51001,identity,0.9,0,22,0.5,0.9381759272467147,0.8580251294588157,0.8079955859927143
51001,identity,0.9,1,22,0.5,0.9381759768606294,0.858025193032233,0.8079955859927143
51001,identity,0.9,2,22,0.5,0.9368818369788795,0.8631001732600194,0.8077194138833224
51001,identity,0.9,3,22,0.5,0.9381758972139866,0.8580252317638236,0.8079955859927143
51001,identity,0.9,4,22,0.5,0.9352366160817538,0.8520923720548206,0.7968893698169953
51001,identity,0.9,5,22,0.5,0.9381760003400856,0.8580252384397921,0.8079955859927143
51001,identity,0.9,6,22,1.0,0.9364017184971667,0.8621732588206937,0.8065114588671666
51001,identity,0.9,7,22,0.5,0.9385320910522879,0.8538087528718136,0.8073398364583084
51001,identity,0.9,8,22,0.5,0.9352365852245614,0.852092372149795,0.7968893698169953
51001,identity,0.9,9,22,0.5,0.9381759821680172,0.8580252152155652,0.8079955859927143
51001,identity,0.9,10,22,0.5,0.9381759925493429,0.8580252873715036,0.8079955859927143
51001,identity,0.9,11,22,0.5,0.9385320957863929,0.8538087770415239,0.8073398364583084
51002,normal,0.0,0,0,1.0,0.8685988141046656,0.9319757934530345,1.0
51002,normal,0.0,1,0,1.0,0.8685988141046656,0.9319757934530345,1.0
51002,normal,0.0,2,0,1.0,0.8685988141046656,0.9319757934530345,1.0
51002,normal,0.0,3,0,1.0,0.8685988141046656,0.9319757934530345,1.0
51002,normal,0.0,4,0,1.0,0.8685988141046656,0.9319757934530345,1.0
51002,normal,0.0,5,0,1.0,0.8685988141046656,0.9319757934530345,1.0
51002,normal,0.0,6,0,1.0,0.8685988141046656,0.9319757934530345,1.0
51002,normal,0.0,7,0,1.0,0.8685988141046656,0.9319757934530345,1.0
51002,normal,0.0,8,0,1.0,0.8685988141046656,0.9319757934530345,1.0
51002,normal,0.0,9,0,1.0,0.8685988141046656,0.9319757934530345,1.0
51002,normal,0.0,10,0,1.0,0.8685988141046656,0.9319757934530345,1.0
51002,normal,0.0,11,0,1.0,0.8685988141046656,0.9319757934530345,1.0
51002,normal,0.25,0,6,1.0,0.8033949751420505,0.8934791829620197,0.828909857753668
51002,normal,0.25,1,6,1.0,0.8165229357098712,0.910434442534078,0.7763528916543113
51002,normal,0.25,2,6,1.0,0.8070169618655423,0.9024848490878088,0.8630601900707029
51002,normal,0.25,3,6,1.0,0.8055316991533865,0.878825283366758,0.8073076153694377
51002,normal,0.25,4,6,1.0,0.8094871327177136,0.883436094896448,0.8132213363611368
51002,normal,0.25,5,6,1.0,0.8315931051004037,0.8926491985591777,0.8540205929894824
51002,normal,0.25,6,6,1.0,0.8258732282660145,0.9124135170210944,0.8316323566070577
51002,normal,0.25,7,6,1.0,0.7926036555002708,0.87221349035093,0.7999720632040712
51002,normal,0.25,8,6,1.0,0.8168614002956616,0.8932418356461708,0.7923435715056368
51002,normal,0.25,9,6,1.0,0.8222866228622734,0.893288717254283,0.8224056395218029
51002,normal,0.25,10,6,1.0,0.7894690748399732,0.9014304435416033,0.7978558306682527
51002,normal,0.25,11,6,1.0,0.7863885322803515,0.8941240894708237,0.8323752137998395
51002,normal,0.5,0,12,1.0,0.7809749748206536,0.8551127097112753,0.7051998040978753
51002,normal,0.5,1,12,1.0,0.8086484335799411,0.9007824703433984,0.8181003221212785
51002,normal,0.5,2,12,1.0,0.8274060537895493,0.8703517424501444,0.7631859860466121
51002,normal,0.5,3,12,1.0,0.7897003118988019,0.8487054276802364,0.6807177493995309
51002,normal,0.5,4,12,1.0,0.7641156501750541,0.7724856049153515,0.6627918789360701
51002,normal,0.5,5,12,1.0,0.8108166762972401,0.8604364666246458,0.7698561890807283
51002,normal,0.5,6,12,1.0,0.7981029790495023,0.8751435589766423,0.7344819498326207
51002,normal,0.5,7,12,1.0,0.8072779542030074,0.8960921153955703,0.7435059063485505
51002,normal,0.5,8,12,1.0,0.7952037747956209,0.8828941285772766,0.7255491972065639
51002,normal,0.5,9,12,1.0,0.7841281602219761,0.8267426772662273,0.6731886420344986
51002,normal,0.5,10,12,1.0,0.7865503211838952,0.8594998857168156,0.7509181638796153
51002,normal,0.5,11,12,1.0,0.771543034587019,0.8332438928599676,0.6927852944400956
51002,normal,0.75,0,19,0.0,0.740286361504628,0.6898543990603789,0.619806611102121
51002,normal,0.75,1,19,0.0,0.7612079960367478,0.7015526028267697,0.5948104109369559
51002,normal,0.75,2,19,0.5,0.7438857402688199,0.7458786981452183,0.6393311592998502
51002,normal,0.75,3,19,1.0,0.7697932691545226,0.7919029051593378,0.6213194290138209
51002,normal,0.75,4,19,1.0,0.8021367220480436,0.8011112928129497,0.6145002796648931
51002,normal,0.75,5,19,1.0,0.7589508730134185,0.7215585141762101,0.6145721020743334
51002,normal,0.75,6,19,1.0,0.7687696770476151,0.8171263039763503,0.6034391051434077
51002,normal,0.75,7,19,0.5,0.7467993161327554,0.6660170700087679,0.6040944152610533
51002,normal,0.75,8,19,1.0,0.7823914659282636,0.7541670898632182,0.662610998333939
51002,normal,0.75,9,19,1.0,0.7681714618936055,0.8278665425585383,0.6438923181112091
51002,normal,0.75,10,19,1.0,0.7800014287948005,0.7796369915252167,0.6228771604567594
51002,normal,0.75,11,19,1.0,0.7746872934138946,0.7420093040277267,0.6306806056474208
51002,normal,0.9,0,22,0.5,0.7921371006554183,0.7221387940135471,0.651582635844331
51002,normal,0.9,1,22,0.5,0.7868289672848897,0.7191221186784348,0.6069609588086038
51002,normal,0.9,2,22,0.5,0.7561944657895657,0.6527170091516988,0.5834588527853799
51002,normal,0.9,3,22,1.0,0.8023733313514461,0.7627239761653739,0.625495728195938
51002,normal,0.9,4,22,1.0,0.7734730214025619,0.7319452836266426,0.613763304355085
51002,normal,0.9,5,22,0.5,0.7769627000689698,0.7111117490735126,0.6416663589970969
51002,normal,0.9,6,22,0.5,0.7398404839817181,0.6249479129255233,0.5599266432012019
51002,normal,0.9,7,22,0.5,0.7854942005922771,0.7222805558819395,0.6094825492655882
51002,normal,0.9,8,22,0.0,0.7243854136825777,0.6121464306564234,0.5507886353723592
51002,normal,0.9,9,22,0.5,0.7893477909288612,0.7384819663607868,0.6302711818589017
51002,normal,0.9,10,22,1.0,0.7756926565084882,0.7189796627251864,0.6140739190538034
51002,normal,0.9,11,22,0.5,0.7503585565093707,0.6325659498451767,0.5554040907323791
51002,shuffled,0.0,0,0,1.0,0.8888642130766953,0.9485103459079941,1.0
51002,shuffled,0.0,1,0,1.0,0.8888642130766953,0.9485103459079941,1.0
51002,shuffled,0.0,2,0,1.0,0.8888642130766953,0.9485103459079941,1.0
51002,shuffled,0.0,3,0,1.0,0.8888642130766953,0.9485103459079941,1.0
51002,shuffled,0.0,4,0,1.0,0.8888642130766953,0.9485103459079941,1.0
51002,shuffled,0.0,5,0,1.0,0.8888642130766953,0.9485103459079941,1.0
51002,shuffled,0.0,6,0,1.0,0.8888642130766953,0.9485103459079941,1.0
51002,shuffled,0.0,7,0,1.0,0.8888642130766953,0.9485103459079941,1.0
51002,shuffled,0.0,8,0,1.0,0.8888642130766953,0.9485103459079941,1.0
51002,shuffled,0.0,9,0,1.0,0.8888642130766953,0.9485103459079941,1.0
51002,shuffled,0.0,10,0,1.0,0.8888642130766953,0.9485103459079941,1.0
51002,shuffled,0.0,11,0,1.0,0.8888642130766953,0.9485103459079941,1.0
51002,shuffled,0.25,0,6,1.0,0.8025202515582385,0.8844465954410619,0.8495405215732811
51002,shuffled,0.25,1,6,1.0,0.8371611422439487,0.912626744598568,0.8408925780744005
51002,shuffled,0.25,2,6,1.0,0.8743447808880164,0.9388023329238239,0.8143615163411863
51002,shuffled,0.25,3,6,1.0,0.8449189552676164,0.9210788566987681,0.8177759097712957
51002,shuffled,0.25,4,6,1.0,0.7880911519076392,0.9064449373075266,0.9126314223230988
51002,shuffled,0.25,5,6,1.0,0.830747972404708,0.9159054064358414,0.8748230756275254
51002,shuffled,0.25,6,6,1.0,0.784410134018541,0.8733888569398561,0.8588910468964971
51002,shuffled,0.25,7,6,1.0,0.8367042140420214,0.9268594119902864,0.8730916556312062
51002,shuffled,0.25,8,6,1.0,0.8523371499527168,0.9197372535323214,0.8667053487058909
51002,shuffled,0.25,9,6,1.0,0.8276935626510532,0.8939655041242865,0.8510429827201068
51002,shuffled,0.25,10,6,1.0,0.8771216432115468,0.9284795659169586,0.9061855129795
51002,shuffled,0.25,11,6,1.0,0.8380249920243812,0.9199874118332615,0.8383265661120174
51002,shuffled,0.5,0,12,1.0,0.8422787168205333,0.9165379989672764,0.7266746230823828
51002,shuffled,0.5,1,12,1.0,0.7886783563097317,0.8878086920518315,0.7388844531869325
51002,shuffled,0.5,2,12,1.0,0.8054220061139513,0.8348273734958452,0.8316237221110307
51002,shuffled,0.5,3,12,1.0,0.7969359178059194,0.8891807755280454,0.7553263110063859
51002,shuffled,0.5,4,12,1.0,0.7955582769419506,0.8730712679915567,0.7757610746066104
51002,shuffled,0.5,5,12,1.0,0.7139336410196983,0.8106601203862867,0.6712943564902446
51002,shuffled,0.5,6,12,1.0,0.8100689464270877,0.8988228303488505,0.7510487176886338
51002,shuffled,0.5,7,12,1.0,0.7826508598192832,0.8914605823365214,0.8187821669073475
51002,shuffled,0.5,8,12,1.0,0.8181092179764491,0.8744113795370047,0.7803527376218645
51002,shuffled,0.5,9,12,1.0,0.8378493057963804,0.8964236800411384,0.7339664436172209
51002,shuffled,0.5,10,12,1.0,0.781585437075419,0.8413969593679611,0.7768943961269309
51002,shuffled,0.5,11,12,1.0,0.7911428628245651,0.8200912962793122,0.718631486926589
51002,shuffled,0.75,0,19,1.0,0.8251797482717409,0.8445966842990358,0.6811346935460101
51002,shuffled,0.75,1,19,1.0,0.8072974095988472,0.8322404193031682,0.6944702221285357
51002,shuffled,0.75,2,19,1.0,0.7994334035439773,0.8507858155564628,0.7036878727666853
51002,shuffled,0.75,3,19,1.0,0.8100751975225016,0.8370265171233569,0.6423178928286843
51002,shuffled,0.75,4,19,1.0,0.7981221803311638,0.77765260834844,0.6508149148339737
51002,shuffled,0.75,5,19,1.0,0.8155184246189355,0.8493251648645601,0.7276359810858114
51002,shuffled,0.75,6,19,1.0,0.7690051999102895,0.7815695462805159,0.6647125453773154
51002,shuffled,0.75,7,19,1.0,0.7786168881109703,0.7560043156198241,0.6704557638346796
51002,shuffled,0.75,8,19,1.0,0.7829202967994204,0.8275214084919029,0.6344580167619883
51002,shuffled,0.75,9,19,1.0,0.7543198394560379,0.7983646708080245,0.6773740562852223
51002,shuffled,0.75,10,19,1.0,0.7872904220654908,0.7986747113526177,0.7142117948738224
51002,shuffled,0.75,11,19,1.0,0.7985736532914594,0.8464328383285484,0.6670974019410535
51002,shuffled,0.9,0,22,1.0,0.7823998086510191,0.7888704547651243,0.633443682086154
51002,shuffled,0.9,1,22,1.0,0.7953236153161971,0.7885557226459566,0.6267902455444339
51002,shuffled,0.9,2,22,1.0,0.8082375749164799,0.7972665323628741,0.6095140127050006
51002,shuffled,0.9,3,22,1.0,0.7997154869173151,0.7941714897135297,0.6683184800553827
51002,shuffled,0.9,4,22,1.0,0.7915186117397325,0.7668983187703349,0.656519076157397
51002,shuffled,0.9,5,22,1.0,0.8232854545469944,0.8195532026279292,0.6332231916382063
51002,shuffled,0.9,6,22,1.0,0.7809600173064937,0.7386130663589964,0.6434129633196737
51002,shuffled,0.9,7,22,1.0,0.8279615497235029,0.8625147324733818,0.6884468569712141
51002,shuffled,0.9,8,22,1.0,0.7959458969558472,0.8032666783227377,0.6789589336533034
51002,shuffled,0.9,9,22,1.0,0.795053462736807,0.8152759793897921,0.6551779074816612
51002,shuffled,0.9,10,22,1.0,0.7940507198775931,0.7696284686073896,0.6689506019182433
51002,shuffled,0.9,11,22,1.0,0.7454920595699837,0.6922954442066973,0.5975542995864037
51002,dense,0.0,0,0,0.5,0.2775542354709246,0.22024913305169608,0.9999999999999999
51002,dense,0.0,1,0,0.5,0.2775542354709246,0.22024913305169608,0.9999999999999999
51002,dense,0.0,2,0,0.5,0.2775542354709246,0.22024913305169608,0.9999999999999999
51002,dense,0.0,3,0,0.5,0.2775542354709246,0.22024913305169608,0.9999999999999999
51002,dense,0.0,4,0,0.5,0.2775542354709246,0.22024913305169608,0.9999999999999999
51002,dense,0.0,5,0,0.5,0.2775542354709246,0.22024913305169608,0.9999999999999999
51002,dense,0.0,6,0,0.5,0.2775542354709246,0.22024913305169608,0.9999999999999999
51002,dense,0.0,7,0,0.5,0.2775542354709246,0.22024913305169608,0.9999999999999999
51002,dense,0.0,8,0,0.5,0.2775542354709246,0.22024913305169608,0.9999999999999999
51002,dense,0.0,9,0,0.5,0.2775542354709246,0.22024913305169608,0.9999999999999999
51002,dense,0.0,10,0,0.5,0.2775542354709246,0.22024913305169608,0.9999999999999999
51002,dense,0.0,11,0,0.5,0.2775542354709246,0.22024913305169608,0.9999999999999999
51002,dense,0.25,0,6,0.5,0.2775542354709246,0.22024913305169608,0.9999999999999999
51002,dense,0.25,1,6,0.5,0.2775542354709246,0.22024913305169608,0.9999999999999999
51002,dense,0.25,2,6,0.5,0.2775542354709246,0.22024913305169608,0.9999999999999999
51002,dense,0.25,3,6,0.5,0.2775542354709246,0.22024913305169608,0.9999999999999999
51002,dense,0.25,4,6,0.5,0.2775542354709246,0.22024913305169608,0.9999999999999999
51002,dense,0.25,5,6,0.5,0.2775542354709246,0.22024913305169608,0.9999999999999999
51002,dense,0.25,6,6,0.5,0.2775542354709246,0.22024913305169608,0.9999999999999999
51002,dense,0.25,7,6,0.5,0.2775542354709246,0.22024913305169608,0.9999999999999999
51002,dense,0.25,8,6,0.5,0.2775542354709246,0.22024913305169608,0.9999999999999999
51002,dense,0.25,9,6,0.5,0.2775542354709246,0.22024913305169608,0.9999999999999999
51002,dense,0.25,10,6,0.5,0.2775542354709246,0.22024913305169608,0.9999999999999999
51002,dense,0.25,11,6,0.5,0.2775542354709246,0.22024913305169608,0.9999999999999999
51002,dense,0.5,0,12,0.5,0.2775542354709246,0.22024913305169608,0.9999999999999999
51002,dense,0.5,1,12,0.5,0.2775542354709246,0.22024913305169608,0.9999999999999999
51002,dense,0.5,2,12,0.5,0.2775542354709246,0.22024913305169608,0.9999999999999999
51002,dense,0.5,3,12,0.5,0.2775542354709246,0.22024913305169608,0.9999999999999999
51002,dense,0.5,4,12,0.5,0.2775542354709246,0.22024913305169608,0.9999999999999999
51002,dense,0.5,5,12,0.5,0.2775542354709246,0.22024913305169608,0.9999999999999999
51002,dense,0.5,6,12,0.5,0.2775542354709246,0.22024913305169608,0.9999999999999999
51002,dense,0.5,7,12,0.5,0.2775542354709246,0.22024913305169608,0.9999999999999999
51002,dense,0.5,8,12,0.5,0.2775542354709246,0.22024913305169608,0.9999999999999999
51002,dense,0.5,9,12,0.5,0.2775542354709246,0.22024913305169608,0.9999999999999999
51002,dense,0.5,10,12,0.5,0.2775542354709246,0.22024913305169608,0.9999999999999999
51002,dense,0.5,11,12,0.5,0.2775542354709246,0.22024913305169608,0.9999999999999999
51002,dense,0.75,0,19,0.5,0.2775542354709246,0.22024913305169608,0.9999999999999999
51002,dense,0.75,1,19,0.5,0.2775542354709246,0.22024913305169608,0.9999999999999999
51002,dense,0.75,2,19,0.5,0.2775542354709246,0.22024913305169608,0.9999999999999999
51002,dense,0.75,3,19,0.5,0.2775542354709246,0.22024913305169608,0.9999999999999999
51002,dense,0.75,4,19,0.5,0.2775542354709246,0.22024913305169608,0.9999999999999999
51002,dense,0.75,5,19,0.5,0.2775542354709246,0.22024913305169608,0.9999999999999999
51002,dense,0.75,6,19,0.5,0.2775542354709246,0.22024913305169608,0.9999999999999999
51002,dense,0.75,7,19,0.5,0.2775542354709246,0.22024913305169608,0.9999999999999999
51002,dense,0.75,8,19,0.5,0.2775542354709246,0.22024913305169608,0.9999999999999999
51002,dense,0.75,9,19,0.5,0.2775542354709246,0.22024913305169608,0.9999999999999999
51002,dense,0.75,10,19,0.5,0.2775542354709246,0.22024913305169608,0.9999999999999999
51002,dense,0.75,11,19,0.5,0.2775542354709246,0.22024913305169608,0.9999999999999999
51002,dense,0.9,0,22,0.5,0.2775542354709246,0.22024913305169608,0.9999999999999999
51002,dense,0.9,1,22,0.5,0.2775542354709246,0.22024913305169608,0.9999999999999999
51002,dense,0.9,2,22,0.5,0.2775542354709246,0.22024913305169608,0.9999999999999999
51002,dense,0.9,3,22,0.5,0.2775542354709246,0.22024913305169608,0.9999999999999999
51002,dense,0.9,4,22,0.5,0.2775542354709246,0.22024913305169608,0.9999999999999999
51002,dense,0.9,5,22,0.5,0.2775542354709246,0.22024913305169608,0.9999999999999999
51002,dense,0.9,6,22,0.5,0.2775542354709246,0.22024913305169608,0.9999999999999999
51002,dense,0.9,7,22,0.5,0.2775542354709246,0.22024913305169608,0.9999999999999999
51002,dense,0.9,8,22,0.5,0.2775542354709246,0.22024913305169608,0.9999999999999999
51002,dense,0.9,9,22,0.5,0.2775542354709246,0.22024913305169608,0.9999999999999999
51002,dense,0.9,10,22,0.5,0.2775542354709246,0.22024913305169608,0.9999999999999999
51002,dense,0.9,11,22,0.5,0.2775542354709246,0.22024913305169608,0.9999999999999999
51002,identity,0.0,0,0,1.0,0.9103745109685,0.9377549113667548,1.0
51002,identity,0.0,1,0,1.0,0.9103745109685,0.9377549113667548,1.0
51002,identity,0.0,2,0,1.0,0.9103745109685,0.9377549113667548,1.0
51002,identity,0.0,3,0,1.0,0.9103745109685,0.9377549113667548,1.0
51002,identity,0.0,4,0,1.0,0.9103745109685,0.9377549113667548,1.0
51002,identity,0.0,5,0,1.0,0.9103745109685,0.9377549113667548,1.0
51002,identity,0.0,6,0,1.0,0.9103745109685,0.9377549113667548,1.0
51002,identity,0.0,7,0,1.0,0.9103745109685,0.9377549113667548,1.0
51002,identity,0.0,8,0,1.0,0.9103745109685,0.9377549113667548,1.0
51002,identity,0.0,9,0,1.0,0.9103745109685,0.9377549113667548,1.0
51002,identity,0.0,10,0,1.0,0.9103745109685,0.9377549113667548,1.0
51002,identity,0.0,11,0,1.0,0.9103745109685,0.9377549113667548,1.0
51002,identity,0.25,0,6,1.0,0.934996388891603,0.9395635060967095,0.9496175264968781
51002,identity,0.25,1,6,1.0,0.9349964777313677,0.9395635480100143,0.9496175264968781
51002,identity,0.25,2,6,1.0,0.9341973568757017,0.9424187570241643,0.950902351165373
51002,identity,0.25,3,6,1.0,0.9317536321129878,0.9434377099274791,0.9517066864869651
51002,identity,0.25,4,6,1.0,0.9323472684318413,0.9387102000224761,0.9572932246717133
51002,identity,0.25,5,6,1.0,0.9349965606900362,0.9395635013637096,0.9496175264968781
51002,identity,0.25,6,6,1.0,0.9317709851659258,0.9416128887187214,0.9587865684759815
51002,identity,0.25,7,6,1.0,0.9341973716606137,0.9424187576452756,0.950902351165373
51002,identity,0.25,8,6,1.0,0.9264672598482663,0.9426733088225907,0.9603860155591056
51002,identity,0.25,9,6,1.0,0.9349964342938587,0.9395635304011851,0.9496175264968781
51002,identity,0.25,10,6,1.0,0.9341975147420662,0.9424188265262227,0.950902351165373
51002,identity,0.25,11,6,1.0,0.9341974774909615,0.9424188319035407,0.950902351165373
51002,identity,0.5,0,12,1.0,0.946341476388031,0.9256800593209933,0.8959948999481245
51002,identity,0.5,1,12,1.0,0.9466343537570607,0.9415018699815869,0.9077258635691734
51002,identity,0.5,2,12,1.0,0.9486382631781193,0.9373288648530234,0.8982800399273938
51002,identity,0.5,3,12,1.0,0.9466343892512609,0.941501876679839,0.9077258635691734
51002,identity,0.5,4,12,1.0,0.9466344372036388,0.9415018947650331,0.9077258635691734
51002,identity,0.5,5,12,1.0,0.9486382172622377,0.9373288026668957,0.8982800399273938
51002,identity,0.5,6,12,1.0,0.9438998536951341,0.9192181938496818,0.8939077366691274
51002,identity,0.5,7,12,1.0,0.9457876053307711,0.9321621558579668,0.9060737774688321
51002,identity,0.5,8,12,1.0,0.9466344903912959,0.941501852427641,0.9077258635691734
51002,identity,0.5,9,12,1.0,0.9474978138308882,0.9318983707333508,0.8974499153003599
51002,identity,0.5,10,12,1.0,0.9486382781513693,0.937328861509555,0.8982800399273938
51002,identity,0.5,11,12,1.0,0.948638194271353,0.9373287543603133,0.8982800399273938
51002,identity,0.75,0,19,1.0,0.9503471399750348,0.9086468324435194,0.8366376871830867
51002,identity,0.75,1,19,1.0,0.9503472204533838,0.9086469288775928,0.8366376871830867
51002,identity,0.75,2,19,1.0,0.9447366673567034,0.9099071695860167,0.8391991289949956
51002,identity,0.75,3,19,1.0,0.9503471813104423,0.9086469399129926,0.8366376871830867
51002,identity,0.75,4,19,1.0,0.9495139242371217,0.8999080959988756,0.8248642069985439
51002,identity,0.75,5,19,1.0,0.9503471654393162,0.9086468325174102,0.8366376871830867
51002,identity,0.75,6,19,1.0,0.9494095416590396,0.911416446839563,0.8383271208536202
51002,identity,0.75,7,19,1.0,0.9503471847812343,0.9086469238297501,0.8366376871830867
51002,identity,0.75,8,19,1.0,0.9494096574053894,0.9114163833315605,0.8383271208536202
51002,identity,0.75,9,19,1.0,0.949409584688833,0.9114164472716488,0.8383271208536202
51002,identity,0.75,10,19,1.0,0.9503472006767767,0.9086469162987207,0.8366376871830867
51002,identity,0.75,11,19,1.0,0.9448314517500717,0.9041068101508101,0.8287562497976683
51002,identity,0.9,0,22,1.0,0.9446687673616887,0.8945079293712097,0.8066246639936672
51002,identity,0.9,1,22,1.0,0.9417703212205154,0.8748748323142681,0.7957367362283386
51002,identity,0.9,2,22,1.0,0.943835447109219,0.8857691400965523,0.7948511838091243
51002,identity,0.9,3,22,1.0,0.9470788932517626,0.8948726352855109,0.8052748392428876
51002,identity,0.9,4,22,1.0,0.9420325185278848,0.8797275551597763,0.8070240037935913
51002,identity,0.9,5,22,1.0,0.9420325934044546,0.8797275021295858,0.8070240037935913
51002,identity,0.9,6,22,1.0,0.9488323147927131,0.8551308711576872,0.8029699482410813
51002,identity,0.9,7,22,1.0,0.9475971801311416,0.852178587820189,0.7929784143801442
51002,identity,0.9,8,22,1.0,0.9438354452736413,0.8857691321073508,0.7948511838091243
51002,identity,0.9,9,22,1.0,0.9446688552758167,0.894508058022974,0.8066246639936672
51002,identity,0.9,10,22,1.0,0.9446688611401101,0.8945081153165079,0.8066246639936672
51002,identity,0.9,11,22,1.0,0.9446688008156103,0.8945079785451874,0.8066246639936672
51003,normal,0.0,0,0,1.0,0.9108238962235259,0.9552521938494665,1.0
51003,normal,0.0,1,0,1.0,0.9108238962235259,0.9552521938494665,1.0
51003,normal,0.0,2,0,1.0,0.9108238962235259,0.9552521938494665,1.0
51003,normal,0.0,3,0,1.0,0.9108238962235259,0.9552521938494665,1.0
51003,normal,0.0,4,0,1.0,0.9108238962235259,0.9552521938494665,1.0
51003,normal,0.0,5,0,1.0,0.9108238962235259,0.9552521938494665,1.0
51003,normal,0.0,6,0,1.0,0.9108238962235259,0.9552521938494665,1.0
51003,normal,0.0,7,0,1.0,0.9108238962235259,0.9552521938494665,1.0
51003,normal,0.0,8,0,1.0,0.9108238962235259,0.9552521938494665,1.0
51003,normal,0.0,9,0,1.0,0.9108238962235259,0.9552521938494665,1.0
51003,normal,0.0,10,0,1.0,0.9108238962235259,0.9552521938494665,1.0
51003,normal,0.0,11,0,1.0,0.9108238962235259,0.9552521938494665,1.0
51003,normal,0.25,0,6,1.0,0.8264517515037432,0.8523417358630989,0.8166998231135011
51003,normal,0.25,1,6,1.0,0.8648454654426949,0.9011118820635875,0.8723457997854515
51003,normal,0.25,2,6,1.0,0.8329069287217213,0.8272016216548885,0.8649890550599788
51003,normal,0.25,3,6,1.0,0.8658986361083031,0.928389995934152,0.886104619523391
51003,normal,0.25,4,6,1.0,0.8612980291749277,0.8849538670336615,0.8727539068291041
51003,normal,0.25,5,6,1.0,0.8515505846719569,0.8690657958790454,0.8684473546744457
51003,normal,0.25,6,6,1.0,0.8241853751758194,0.8927204628302253,0.8729800929107037
51003,normal,0.25,7,6,1.0,0.8193430605014789,0.8551197303993119,0.7893446514966895
51003,normal,0.25,8,6,1.0,0.8106389279456372,0.8842964738395045,0.8267865424525123
51003,normal,0.25,9,6,1.0,0.8440406528688746,0.9109105561032859,0.8816023968093643
51003,normal,0.25,10,6,1.0,0.8264232533786122,0.8592390011881402,0.8269839776472415
51003,normal,0.25,11,6,1.0,0.8327522353541852,0.8598109552343852,0.8149187387997866
51003,normal,0.5,0,12,0.5,0.7786097459220688,0.7358595165508901,0.7945330194636984
51003,normal,0.5,1,12,1.0,0.7941176961660414,0.807204838618217,0.7387869834425027
51003,normal,0.5,2,12,1.0,0.8329872282297454,0.8051128468373487,0.8001505314999298
51003,normal,0.5,3,12,1.0,0.8020861486977107,0.7650093715466924,0.8107979237487509
51003,normal,0.5,4,12,1.0,0.8161037584690572,0.8370521061066818,0.8036690808885577
51003,normal,0.5,5,12,1.0,0.7725270679816046,0.6816577823223003,0.6603342488595401
51003,normal,0.5,6,12,1.0,0.8020721271157387,0.7399862685112621,0.7428620497483962
51003,normal,0.5,7,12,1.0,0.7883952127477213,0.753128280390175,0.8162493219874318
51003,normal,0.5,8,12,1.0,0.8001525283618856,0.8178122374050405,0.8279644991553461
51003,normal,0.5,9,12,1.0,0.7617354324781008,0.7365122470490987,0.7698963545763067
51003,normal,0.5,10,12,1.0,0.7978595862839313,0.751439388081904,0.8123770282235276
51003,normal,0.5,11,12,1.0,0.7691945170482871,0.767684283481412,0.7718282656697787
51003,normal,0.75,0,19,1.0,0.7983245247970995,0.7073699725191699,0.6959132571892197
51003,normal,0.75,1,19,1.0,0.7853861884009476,0.6898921937129294,0.6691579230231575
51003,normal,0.75,2,19,0.5,0.7884642926630312,0.7034296777567468,0.7323556896461519
51003,normal,0.75,3,19,1.0,0.7742829168412533,0.6820236366376432,0.6771131009914529
51003,normal,0.75,4,19,1.0,0.7670471402411113,0.6512348425823415,0.6824179434630449
51003,normal,0.75,5,19,0.5,0.7610720821254131,0.6453471327503967,0.6740488253081725
51003,normal,0.75,6,19,1.0,0.74285378425663,0.6588471001595606,0.7256271436588786
51003,normal,0.75,7,19,1.0,0.7677052080493644,0.6447812232802529,0.7119078274757068
51003,normal,0.75,8,19,1.0,0.774494386866242,0.629491260665183,0.6784511479310299
51003,normal,0.75,9,19,1.0,0.7978021516384967,0.7401154456494474,0.7218034110456282
51003,normal,0.75,10,19,1.0,0.788745988830203,0.6923622769939773,0.699366760221134
51003,normal,0.75,11,19,1.0,0.7790723764339239,0.6652111018350927,0.6873895078587953
51003,normal,0.9,0,22,1.0,0.7630349468910831,0.6430102734768376,0.665496595657109
51003,normal,0.9,1,22,1.0,0.8056284346518335,0.6639550996600595,0.6618908556892273
51003,normal,0.9,2,22,1.0,0.790226524080073,0.6606044031952802,0.6219466842768954
51003,normal,0.9,3,22,1.0,0.7602891108451969,0.6499116502464384,0.6957816512144968
51003,normal,0.9,4,22,1.0,0.7769459807478042,0.6416095367119921,0.66383784232003
51003,normal,0.9,5,22,1.0,0.7997228172576041,0.685819535685071,0.6639585590548964
51003,normal,0.9,6,22,0.5,0.7997452206579371,0.65848157330261,0.6681830020451145
51003,normal,0.9,7,22,1.0,0.770159427949952,0.6355753294732315,0.6520473351812406
51003,normal,0.9,8,22,1.0,0.7824387745804958,0.6740096763575578,0.6805970438593483
51003,normal,0.9,9,22,0.5,0.76110939000419,0.6215138528103713,0.5965264891402496
51003,normal,0.9,10,22,1.0,0.7859134223291765,0.651665146159621,0.6801278488798217
51003,normal,0.9,11,22,1.0,0.7930300900429182,0.6813519861149991,0.6706383244584225
51003,shuffled,0.0,0,0,1.0,0.8960933243235494,0.9532208142804501,1.0
51003,shuffled,0.0,1,0,1.0,0.8960933243235494,0.9532208142804501,1.0
51003,shuffled,0.0,2,0,1.0,0.8960933243235494,0.9532208142804501,1.0
51003,shuffled,0.0,3,0,1.0,0.8960933243235494,0.9532208142804501,1.0
51003,shuffled,0.0,4,0,1.0,0.8960933243235494,0.9532208142804501,1.0
51003,shuffled,0.0,5,0,1.0,0.8960933243235494,0.9532208142804501,1.0
51003,shuffled,0.0,6,0,1.0,0.8960933243235494,0.9532208142804501,1.0
51003,shuffled,0.0,7,0,1.0,0.8960933243235494,0.9532208142804501,1.0
51003,shuffled,0.0,8,0,1.0,0.8960933243235494,0.9532208142804501,1.0
51003,shuffled,0.0,9,0,1.0,0.8960933243235494,0.9532208142804501,1.0
51003,shuffled,0.0,10,0,1.0,0.8960933243235494,0.9532208142804501,1.0
51003,shuffled,0.0,11,0,1.0,0.8960933243235494,0.9532208142804501,1.0
51003,shuffled,0.25,0,6,1.0,0.8309828298753134,0.8890629329711882,0.8938734214711058
51003,shuffled,0.25,1,6,1.0,0.8035893852349139,0.9199927995117559,0.8676312931934447
51003,shuffled,0.25,2,6,1.0,0.8066556774431206,0.7765014447406419,0.8395823875489947
51003,shuffled,0.25,3,6,1.0,0.7422116563031667,0.8047029517225195,0.8182845689576703
51003,shuffled,0.25,4,6,1.0,0.7742434877409287,0.8630391994940817,0.8966453206243069
51003,shuffled,0.25,5,6,1.0,0.780461505089753,0.8211263558316186,0.8832674604288424
51003,shuffled,0.25,6,6,0.5,0.7286516182556473,0.7310989053321023,0.8054259423142162
51003,shuffled,0.25,7,6,1.0,0.8108204053070718,0.8357657333338628,0.8338495794723726
51003,shuffled,0.25,8,6,1.0,0.777668783280591,0.8311494354561435,0.8480109725697705
51003,shuffled,0.25,9,6,1.0,0.7735695641482043,0.8133939012958825,0.8273189192896152
51003,shuffled,0.25,10,6,1.0,0.8215605594508607,0.9053741634973964,0.8566557297922661
51003,shuffled,0.25,11,6,1.0,0.8405139529814928,0.8867903858698373,0.856415925329606
51003,shuffled,0.5,0,12,1.0,0.7454793165612,0.6724940821769155,0.7263919273525152
51003,shuffled,0.5,1,12,1.0,0.7424939002394692,0.7151335794148139,0.7085663176682724
51003,shuffled,0.5,2,12,1.0,0.7826495654233311,0.7420455466181699,0.7276823629620097
51003,shuffled,0.5,3,12,1.0,0.8106297888409185,0.7924209115281677,0.7616259546216371
51003,shuffled,0.5,4,12,1.0,0.7547137287987732,0.7212952522223419,0.7700200943099382
51003,shuffled,0.5,5,12,1.0,0.7795984812625666,0.7307969172181232,0.7232454854431961
51003,shuffled,0.5,6,12,1.0,0.7829199392921712,0.8169815041528676,0.8018127708794993
51003,shuffled,0.5,7,12,1.0,0.7465438812016267,0.762913775823936,0.7305809209262304
51003,shuffled,0.5,8,12,1.0,0.7860295507290023,0.7772822898230877,0.7559947511577634
51003,shuffled,0.5,9,12,1.0,0.8137775726503184,0.8276197912342826,0.8222570455716562
51003,shuffled,0.5,10,12,0.5,0.7143122854069484,0.7008422969585933,0.7621617962826234
51003,shuffled,0.5,11,12,1.0,0.8242748164927519,0.8202564644811022,0.7418964835969176
51003,shuffled,0.75,0,19,1.0,0.7400644235275676,0.6383043565291393,0.674206283074644
51003,shuffled,0.75,1,19,0.5,0.770764964043142,0.6380152661318375,0.6600960401549003
51003,shuffled,0.75,2,19,1.0,0.7560280456964595,0.6351768629325298,0.6894293637790548
51003,shuffled,0.75,3,19,0.5,0.758929972787173,0.6151337288264626,0.6889064240241942
51003,shuffled,0.75,4,19,1.0,0.7295068076313487,0.5858343746090171,0.6197600524239908
51003,shuffled,0.75,5,19,1.0,0.7302153780192024,0.6170505895421983,0.628598909577614
51003,shuffled,0.75,6,19,1.0,0.8081043308423647,0.6591317349894658,0.7242113901062897
51003,shuffled,0.75,7,19,1.0,0.7402417086710035,0.6125308236194007,0.6825151022875839
51003,shuffled,0.75,8,19,1.0,0.7322210330896035,0.6250053046602981,0.6604640138345534
51003,shuffled,0.75,9,19,1.0,0.7752126486096408,0.7141323845691264,0.622799788771415
51003,shuffled,0.75,10,19,1.0,0.7059552210399869,0.5795934096672167,0.5823364410616412
51003,shuffled,0.75,11,19,1.0,0.7623260222675897,0.5992906372418197,0.66207460451485
51003,shuffled,0.9,0,22,1.0,0.8006482080786084,0.6546185745230284,0.6473399166095086
51003,shuffled,0.9,1,22,1.0,0.766353088803863,0.6281425262040155,0.608786331595173
51003,shuffled,0.9,2,22,1.0,0.7584787841499353,0.5908442479450318,0.612780539690809
51003,shuffled,0.9,3,22,1.0,0.734400470229069,0.5982844372950935,0.5729576530660296
51003,shuffled,0.9,4,22,1.0,0.7878439748190753,0.6387929332694617,0.644581030879517
51003,shuffled,0.9,5,22,1.0,0.7575121873800754,0.6111218930597397,0.6192205553558526
51003,shuffled,0.9,6,22,1.0,0.7790945906359208,0.6336042576972122,0.645504540464733
51003,shuffled,0.9,7,22,1.0,0.7919881341504997,0.6584027415145531,0.6806721428723417
51003,shuffled,0.9,8,22,1.0,0.7629388605430052,0.6028291643793134,0.6252896843835875
51003,shuffled,0.9,9,22,1.0,0.7256376913186555,0.5857729446396798,0.6029385281405577
51003,shuffled,0.9,10,22,1.0,0.7570945071222484,0.6199531834111158,0.6601425292059885
51003,shuffled,0.9,11,22,0.5,0.7609499269846763,0.6294588444878582,0.6172812651040178
51003,dense,0.0,0,0,0.5,0.32884408559504696,0.26783774823459683,0.9999999999999999
51003,dense,0.0,1,0,0.5,0.32884408559504696,0.26783774823459683,0.9999999999999999
51003,dense,0.0,2,0,0.5,0.32884408559504696,0.26783774823459683,0.9999999999999999
51003,dense,0.0,3,0,0.5,0.32884408559504696,0.26783774823459683,0.9999999999999999
51003,dense,0.0,4,0,0.5,0.32884408559504696,0.26783774823459683,0.9999999999999999
51003,dense,0.0,5,0,0.5,0.32884408559504696,0.26783774823459683,0.9999999999999999
51003,dense,0.0,6,0,0.5,0.32884408559504696,0.26783774823459683,0.9999999999999999
51003,dense,0.0,7,0,0.5,0.32884408559504696,0.26783774823459683,0.9999999999999999
51003,dense,0.0,8,0,0.5,0.32884408559504696,0.26783774823459683,0.9999999999999999
51003,dense,0.0,9,0,0.5,0.32884408559504696,0.26783774823459683,0.9999999999999999
51003,dense,0.0,10,0,0.5,0.32884408559504696,0.26783774823459683,0.9999999999999999
51003,dense,0.0,11,0,0.5,0.32884408559504696,0.26783774823459683,0.9999999999999999
51003,dense,0.25,0,6,0.5,0.32884408559504696,0.26783774823459683,0.9999999999999999
51003,dense,0.25,1,6,0.5,0.32884408559504696,0.26783774823459683,0.9999999999999999
51003,dense,0.25,2,6,0.5,0.32884408559504696,0.26783774823459683,0.9999999999999999
51003,dense,0.25,3,6,0.5,0.32884408559504696,0.26783774823459683,0.9999999999999999
51003,dense,0.25,4,6,0.5,0.32884408559504696,0.26783774823459683,0.9999999999999999
51003,dense,0.25,5,6,0.5,0.32884408559504696,0.26783774823459683,0.9999999999999999
51003,dense,0.25,6,6,0.5,0.32884408559504696,0.26783774823459683,0.9999999999999999
51003,dense,0.25,7,6,0.5,0.32884408559504696,0.26783774823459683,0.9999999999999999
51003,dense,0.25,8,6,0.5,0.32884408559504696,0.26783774823459683,0.9999999999999999
51003,dense,0.25,9,6,0.5,0.32884408559504696,0.26783774823459683,0.9999999999999999
51003,dense,0.25,10,6,0.5,0.32884408559504696,0.26783774823459683,0.9999999999999999
51003,dense,0.25,11,6,0.5,0.32884408559504696,0.26783774823459683,0.9999999999999999
51003,dense,0.5,0,12,0.5,0.32884408559504696,0.26783774823459683,0.9999999999999999
51003,dense,0.5,1,12,0.5,0.32884408559504696,0.26783774823459683,0.9999999999999999
51003,dense,0.5,2,12,0.5,0.32884408559504696,0.26783774823459683,0.9999999999999999
51003,dense,0.5,3,12,0.5,0.32884408559504696,0.26783774823459683,0.9999999999999999
51003,dense,0.5,4,12,0.5,0.32884408559504696,0.26783774823459683,0.9999999999999999
51003,dense,0.5,5,12,0.5,0.32884408559504696,0.26783774823459683,0.9999999999999999
51003,dense,0.5,6,12,0.5,0.32884408559504696,0.26783774823459683,0.9999999999999999
51003,dense,0.5,7,12,0.5,0.32884408559504696,0.26783774823459683,0.9999999999999999
51003,dense,0.5,8,12,0.5,0.32884408559504696,0.26783774823459683,0.9999999999999999
51003,dense,0.5,9,12,0.5,0.32884408559504696,0.26783774823459683,0.9999999999999999
51003,dense,0.5,10,12,0.5,0.32884408559504696,0.26783774823459683,0.9999999999999999
51003,dense,0.5,11,12,0.5,0.32884408559504696,0.26783774823459683,0.9999999999999999
51003,dense,0.75,0,19,0.5,0.32884408559504696,0.26783774823459683,0.9999999999999999
51003,dense,0.75,1,19,0.5,0.32884408559504696,0.26783774823459683,0.9999999999999999
51003,dense,0.75,2,19,0.5,0.32884408559504696,0.26783774823459683,0.9999999999999999
51003,dense,0.75,3,19,0.5,0.32884408559504696,0.26783774823459683,0.9999999999999999
51003,dense,0.75,4,19,0.5,0.32884408559504696,0.26783774823459683,0.9999999999999999
51003,dense,0.75,5,19,0.5,0.32884408559504696,0.26783774823459683,0.9999999999999999
51003,dense,0.75,6,19,0.5,0.32884408559504696,0.26783774823459683,0.9999999999999999
51003,dense,0.75,7,19,0.5,0.32884408559504696,0.26783774823459683,0.9999999999999999
51003,dense,0.75,8,19,0.5,0.32884408559504696,0.26783774823459683,0.9999999999999999
51003,dense,0.75,9,19,0.5,0.32884408559504696,0.26783774823459683,0.9999999999999999
51003,dense,0.75,10,19,0.5,0.32884408559504696,0.26783774823459683,0.9999999999999999
51003,dense,0.75,11,19,0.5,0.32884408559504696,0.26783774823459683,0.9999999999999999
51003,dense,0.9,0,22,0.5,0.32884408559504696,0.26783774823459683,0.9999999999999999
51003,dense,0.9,1,22,0.5,0.32884408559504696,0.26783774823459683,0.9999999999999999
51003,dense,0.9,2,22,0.5,0.32884408559504696,0.26783774823459683,0.9999999999999999
51003,dense,0.9,3,22,0.5,0.32884408559504696,0.26783774823459683,0.9999999999999999
51003,dense,0.9,4,22,0.5,0.32884408559504696,0.26783774823459683,0.9999999999999999
51003,dense,0.9,5,22,0.5,0.32884408559504696,0.26783774823459683,0.9999999999999999
51003,dense,0.9,6,22,0.5,0.32884408559504696,0.26783774823459683,0.9999999999999999
51003,dense,0.9,7,22,0.5,0.32884408559504696,0.26783774823459683,0.9999999999999999
51003,dense,0.9,8,22,0.5,0.32884408559504696,0.26783774823459683,0.9999999999999999
51003,dense,0.9,9,22,0.5,0.32884408559504696,0.26783774823459683,0.9999999999999999
51003,dense,0.9,10,22,0.5,0.32884408559504696,0.26783774823459683,0.9999999999999999
51003,dense,0.9,11,22,0.5,0.32884408559504696,0.26783774823459683,0.9999999999999999
51003,identity,0.0,0,0,1.0,0.9857316169743143,0.9931951216899124,1.0
51003,identity,0.0,1,0,1.0,0.9857316169743143,0.9931951216899124,1.0
51003,identity,0.0,2,0,1.0,0.9857316169743143,0.9931951216899124,1.0
51003,identity,0.0,3,0,1.0,0.9857316169743143,0.9931951216899124,1.0
51003,identity,0.0,4,0,1.0,0.9857316169743143,0.9931951216899124,1.0
51003,identity,0.0,5,0,1.0,0.9857316169743143,0.9931951216899124,1.0
51003,identity,0.0,6,0,1.0,0.9857316169743143,0.9931951216899124,1.0
51003,identity,0.0,7,0,1.0,0.9857316169743143,0.9931951216899124,1.0
51003,identity,0.0,8,0,1.0,0.9857316169743143,0.9931951216899124,1.0
51003,identity,0.0,9,0,1.0,0.9857316169743143,0.9931951216899124,1.0
51003,identity,0.0,10,0,1.0,0.9857316169743143,0.9931951216899124,1.0
51003,identity,0.0,11,0,1.0,0.9857316169743143,0.9931951216899124,1.0
51003,identity,0.25,0,6,1.0,0.9800928943895448,0.9521804899632196,0.9506136963161232
51003,identity,0.25,1,6,1.0,0.9830831466609428,0.973975053288399,0.9493987071829096
51003,identity,0.25,2,6,1.0,0.9830831465381084,0.9739750415428334,0.9493987071829096
51003,identity,0.25,3,6,1.0,0.9850978409295758,0.9829293447574535,0.9480695225077423
51003,identity,0.25,4,6,1.0,0.9829205037364168,0.975439683489857,0.9584546005337407
51003,identity,0.25,5,6,1.0,0.9800928427826342,0.9521804374383701,0.9506136963161232
51003,identity,0.25,6,6,1.0,0.9818408301011856,0.9654202948598437,0.9590524915366418
51003,identity,0.25,7,6,1.0,0.980092917237183,0.9521805182826089,0.9506136963161232
51003,identity,0.25,8,6,1.0,0.9818076768918622,0.9642046333563695,0.9502453697405655
51003,identity,0.25,9,6,1.0,0.9818077791404378,0.9642046090917303,0.9502453697405655
51003,identity,0.25,10,6,1.0,0.980092824013856,0.9521804805010929,0.9506136963161232
51003,identity,0.25,11,6,1.0,0.9818076354111258,0.9642045885244791,0.9502453697405655
51003,identity,0.5,0,12,1.0,0.9796997897877888,0.926295219574584,0.9051157386718828
51003,identity,0.5,1,12,1.0,0.9792903926001155,0.8881124286598476,0.9058468986018906
51003,identity,0.5,2,12,1.0,0.9799025944608922,0.9072040212402475,0.9057771412636894
51003,identity,0.5,3,12,1.0,0.9792902392811476,0.8881123202807636,0.9058468986018906
51003,identity,0.5,4,12,1.0,0.9797194486078805,0.886218893804622,0.8965207641796047
51003,identity,0.5,5,12,1.0,0.9799029207430207,0.9034305539887102,0.8961562958494573
51003,identity,0.5,6,12,1.0,0.9799028689436906,0.9034305105057457,0.8961562958494573
51003,identity,0.5,7,12,1.0,0.9797349032134015,0.9151220143103812,0.8935621284937324
51003,identity,0.5,8,12,1.0,0.9799029383305892,0.9034304902784039,0.8961562958494573
51003,identity,0.5,9,12,1.0,0.9794126726365827,0.9181016470688514,0.8951722320257122
51003,identity,0.5,10,12,1.0,0.9794126731906807,0.9181017142390664,0.8951722320257122
51003,identity,0.5,11,12,1.0,0.979500627143193,0.8804316893552406,0.8962645633475322
51003,identity,0.75,0,19,1.0,0.9803544451234487,0.8396829883446499,0.8367982415023583
51003,identity,0.75,1,19,1.0,0.9807370256815499,0.8369028851688423,0.8260276710674705
51003,identity,0.75,2,19,1.0,0.9789151625299071,0.807832385192455,0.8364460682616215
51003,identity,0.75,3,19,1.0,0.9803543516822552,0.839682968517631,0.8367982415023583
51003,identity,0.75,4,19,1.0,0.977217273298377,0.7813953175240452,0.8352677789760634
51003,identity,0.75,5,19,1.0,0.9755711033187212,0.7616047253446429,0.8236760223908351
51003,identity,0.75,6,19,1.0,0.9789150937448072,0.807832447502545,0.8364460682616215
51003,identity,0.75,7,19,1.0,0.9772172186340528,0.7813951529636434,0.8352677789760634
51003,identity,0.75,8,19,1.0,0.978915071587154,0.8078324567279579,0.8364460682616215
51003,identity,0.75,9,19,1.0,0.979523980535648,0.8050617504562776,0.8261094808494905
51003,identity,0.75,10,19,1.0,0.9789151098654559,0.8078324894968978,0.8364460682616215
51003,identity,0.75,11,19,1.0,0.978915133380265,0.8078325787914886,0.8364460682616215
51003,identity,0.9,0,22,1.0,0.9742072904331411,0.7451895133391564,0.8016360138178399
51003,identity,0.9,1,22,1.0,0.976912324615217,0.755234155563502,0.8033982532211446
51003,identity,0.9,2,22,1.0,0.9826503542528912,0.8001103630622893,0.8040996962302154
51003,identity,0.9,3,22,1.0,0.9769123464454487,0.7552341065829533,0.8033982532211446
51003,identity,0.9,4,22,1.0,0.9748161085662902,0.7424187158749542,0.7912994264057092
51003,identity,0.9,5,22,1.0,0.9769124180735941,0.7552342205407128,0.8033982532211446
51003,identity,0.9,6,22,1.0,0.9789411928849288,0.7722446388377925,0.804219439371485
51003,identity,0.9,7,22,1.0,0.9789412112464495,0.7722446093206831,0.804219439371485
51003,identity,0.9,8,22,1.0,0.9789410708584836,0.7722444886914275,0.804219439371485
51003,identity,0.9,9,22,1.0,0.9769123494827471,0.7552341169178248,0.8033982532211446
51003,identity,0.9,10,22,1.0,0.9769123439775004,0.7552340845468295,0.8033982532211446
51003,identity,0.9,11,22,1.0,0.9769123906618639,0.7552341954870984,0.8033982532211446
51004,normal,0.0,0,0,1.0,0.8769202565394493,0.9332099080507222,1.0
51004,normal,0.0,1,0,1.0,0.8769202565394493,0.9332099080507222,1.0
51004,normal,0.0,2,0,1.0,0.8769202565394493,0.9332099080507222,1.0
51004,normal,0.0,3,0,1.0,0.8769202565394493,0.9332099080507222,1.0
51004,normal,0.0,4,0,1.0,0.8769202565394493,0.9332099080507222,1.0
51004,normal,0.0,5,0,1.0,0.8769202565394493,0.9332099080507222,1.0
51004,normal,0.0,6,0,1.0,0.8769202565394493,0.9332099080507222,1.0
51004,normal,0.0,7,0,1.0,0.8769202565394493,0.9332099080507222,1.0
51004,normal,0.0,8,0,1.0,0.8769202565394493,0.9332099080507222,1.0
51004,normal,0.0,9,0,1.0,0.8769202565394493,0.9332099080507222,1.0
51004,normal,0.0,10,0,1.0,0.8769202565394493,0.9332099080507222,1.0
51004,normal,0.0,11,0,1.0,0.8769202565394493,0.9332099080507222,1.0
51004,normal,0.25,0,6,1.0,0.8347130930713234,0.8979833082408832,0.8544087051081961
51004,normal,0.25,1,6,1.0,0.831258745414264,0.8887724550352438,0.8727307600311547
51004,normal,0.25,2,6,1.0,0.836648519455203,0.9199188749497182,0.8473541744639703
51004,normal,0.25,3,6,1.0,0.8089061741541077,0.865122679277611,0.8819992369088895
51004,normal,0.25,4,6,1.0,0.8402518691564436,0.9129226117132031,0.7933179140423681
51004,normal,0.25,5,6,1.0,0.8186594083255302,0.8915786899570303,0.804685103635548
51004,normal,0.25,6,6,1.0,0.8283103861005076,0.8733369051773032,0.8761817147277733
51004,normal,0.25,7,6,1.0,0.8224395654321519,0.9100391854346357,0.8530773287026362
51004,normal,0.25,8,6,1.0,0.8205922234996277,0.8998814663441861,0.8164947910940518
51004,normal,0.25,9,6,1.0,0.8415530330154756,0.8941520165637848,0.8268449478411338
51004,normal,0.25,10,6,1.0,0.8257753632459303,0.8980458350606724,0.878437261022383
51004,normal,0.25,11,6,1.0,0.8127825663244529,0.8711950869225715,0.8533548564217932
51004,normal,0.5,0,12,1.0,0.807398070186939,0.8242136307592638,0.7595825055727213
51004,normal,0.5,1,12,0.5,0.7837749798892407,0.7212675483510204,0.6907516365959051
51004,normal,0.5,2,12,1.0,0.8183844735590715,0.8300171874079608,0.7234339617621021
51004,normal,0.5,3,12,1.0,0.7881625756997814,0.8023342816452363,0.7302463624296182
51004,normal,0.5,4,12,1.0,0.833476367543749,0.8999450823631365,0.8097231078366549
51004,normal,0.5,5,12,1.0,0.7665405603236589,0.838087625162596,0.8079749632012377
51004,normal,0.5,6,12,1.0,0.7797270585114688,0.7826854420908466,0.7666312716061752
51004,normal,0.5,7,12,1.0,0.8376606216822339,0.8792623820213784,0.7664060819651604
51004,normal,0.5,8,12,1.0,0.8235551220522623,0.8655009456448686,0.7134629895300639
51004,normal,0.5,9,12,0.5,0.7137661630554991,0.7464945425315932,0.7799934169446601
51004,normal,0.5,10,12,1.0,0.827705824075935,0.8594696683073466,0.7784669337170115
51004,normal,0.5,11,12,1.0,0.8222659273209968,0.84374417594859,0.7509578240503763
51004,normal,0.75,0,19,1.0,0.7604538926557047,0.7002790118156595,0.6530759586568128
51004,normal,0.75,1,19,0.5,0.7171845994112165,0.6955079629765787,0.6791192098889414
51004,normal,0.75,2,19,1.0,0.8052754914665765,0.7806942227421554,0.66478882612307
51004,normal,0.75,3,19,0.5,0.7690490747529508,0.7773160395461046,0.6448478893715364
51004,normal,0.75,4,19,0.5,0.6906746877235477,0.5536514408848547,0.6215536067569609
51004,normal,0.75,5,19,1.0,0.8000371067885415,0.7897080910585771,0.7095488909269756
51004,normal,0.75,6,19,0.0,0.709156569510991,0.6276601662745125,0.6269859550428339
51004,normal,0.75,7,19,1.0,0.7860815033613265,0.7776301653626126,0.6624942173795467
51004,normal,0.75,8,19,1.0,0.8117748105801366,0.7943516413042195,0.6356569408681165
51004,normal,0.75,9,19,1.0,0.7815078724586207,0.7906190599954407,0.6947884526395838
51004,normal,0.75,10,19,0.5,0.6894320323919106,0.6364495864245993,0.6333584791584154
51004,normal,0.75,11,19,0.5,0.7646812279323647,0.6948924940397828,0.6468793489112045
51004,normal,0.9,0,22,1.0,0.7752096755240587,0.6846743264009829,0.6005141773153824
51004,normal,0.9,1,22,0.5,0.7541493513604313,0.6889544195079391,0.665709006672942
51004,normal,0.9,2,22,0.5,0.7628849991770715,0.7448240841489574,0.6606233021572631
51004,normal,0.9,3,22,1.0,0.778595883137561,0.7078188083055369,0.6070091850002316
51004,normal,0.9,4,22,0.5,0.7422441385631964,0.6860361999502352,0.686652159389408
51004,normal,0.9,5,22,0.5,0.7262819140962931,0.6392251081381571,0.5998060853244361
51004,normal,0.9,6,22,1.0,0.7453846729923564,0.6832081204104123,0.6545615618221062
51004,normal,0.9,7,22,0.5,0.7859602366373825,0.7382224499872551,0.6715463741833255
51004,normal,0.9,8,22,0.5,0.7825627867869589,0.6947747890941706,0.5795937483976156
51004,normal,0.9,9,22,0.5,0.7128648408292956,0.6299340832897142,0.6347007371621027
51004,normal,0.9,10,22,0.5,0.7585723634919675,0.7101813753260758,0.6777341554978646
51004,normal,0.9,11,22,0.5,0.7873308608095819,0.69505054320941,0.6213200315166637
51004,shuffled,0.0,0,0,1.0,0.8906302744818797,0.9460094185717012,1.0
51004,shuffled,0.0,1,0,1.0,0.8906302744818797,0.9460094185717012,1.0
51004,shuffled,0.0,2,0,1.0,0.8906302744818797,0.9460094185717012,1.0
51004,shuffled,0.0,3,0,1.0,0.8906302744818797,0.9460094185717012,1.0
51004,shuffled,0.0,4,0,1.0,0.8906302744818797,0.9460094185717012,1.0
51004,shuffled,0.0,5,0,1.0,0.8906302744818797,0.9460094185717012,1.0
51004,shuffled,0.0,6,0,1.0,0.8906302744818797,0.9460094185717012,1.0
51004,shuffled,0.0,7,0,1.0,0.8906302744818797,0.9460094185717012,1.0
51004,shuffled,0.0,8,0,1.0,0.8906302744818797,0.9460094185717012,1.0
51004,shuffled,0.0,9,0,1.0,0.8906302744818797,0.9460094185717012,1.0
51004,shuffled,0.0,10,0,1.0,0.8906302744818797,0.9460094185717012,1.0
51004,shuffled,0.0,11,0,1.0,0.8906302744818797,0.9460094185717012,1.0
51004,shuffled,0.25,0,6,1.0,0.8392975786164731,0.9118824160370924,0.851182913172143
51004,shuffled,0.25,1,6,1.0,0.8225032764861696,0.8817068713590007,0.8559926916948206
51004,shuffled,0.25,2,6,1.0,0.8030086268931541,0.8710720273496593,0.8278704402184848
51004,shuffled,0.25,3,6,1.0,0.8379136199032859,0.8675290397483899,0.879561163473001
51004,shuffled,0.25,4,6,1.0,0.8456804306341336,0.8410561156740265,0.8154528364860871
51004,shuffled,0.25,5,6,1.0,0.8157062105663652,0.8725264722430783,0.8783225697665412
51004,shuffled,0.25,6,6,1.0,0.7653095023916492,0.8004435349732445,0.8002687967914339
51004,shuffled,0.25,7,6,1.0,0.8214649009778401,0.7884697930283882,0.8468840330046824
51004,shuffled,0.25,8,6,1.0,0.8285709219782352,0.8907820828278769,0.8379478763933003
51004,shuffled,0.25,9,6,1.0,0.7861929357548408,0.830673845012354,0.8442824094197945
51004,shuffled,0.25,10,6,1.0,0.816354671207294,0.8625168774784548,0.847659812983718
51004,shuffled,0.25,11,6,1.0,0.8351911274621969,0.9098440020951877,0.8596750147511366
51004,shuffled,0.5,0,12,0.5,0.8007287352106836,0.7975747082781577,0.7419605783394083
51004,shuffled,0.5,1,12,1.0,0.8103573066792739,0.8364655475710698,0.738106017266976
51004,shuffled,0.5,2,12,1.0,0.8309287459302945,0.8077099130192726,0.726238886134999
51004,shuffled,0.5,3,12,0.5,0.795664967001691,0.7994808087937507,0.7401254137894171
51004,shuffled,0.5,4,12,1.0,0.7868851242382797,0.7857672919845105,0.8214820839920622
51004,shuffled,0.5,5,12,1.0,0.8008587195086411,0.7792719362850292,0.734007335637871
51004,shuffled,0.5,6,12,1.0,0.7617240293544288,0.718273882634294,0.7481378968169108
51004,shuffled,0.5,7,12,0.5,0.7559817182038856,0.7232396399792185,0.7673315208497093
51004,shuffled,0.5,8,12,1.0,0.7540396467378279,0.75805328200599,0.6888917940598024
51004,shuffled,0.5,9,12,1.0,0.7705873660282271,0.7367669365877095,0.7287592497625495
51004,shuffled,0.5,10,12,1.0,0.7712079144385136,0.805092477609068,0.7328238197858588
51004,shuffled,0.5,11,12,1.0,0.7953318667778927,0.8513548237984684,0.7775668975871093
51004,shuffled,0.75,0,19,0.5,0.8006222608863104,0.7562613853197796,0.6617561968747547
51004,shuffled,0.75,1,19,1.0,0.7783707541805356,0.6705961718318784,0.6463220021639478
51004,shuffled,0.75,2,19,0.5,0.7921782985314334,0.7247716681899835,0.6351021297178299
51004,shuffled,0.75,3,19,1.0,0.8165641013516353,0.7873325730103814,0.6507870479653494
51004,shuffled,0.75,4,19,1.0,0.819660259069461,0.7448257248120117,0.654581589267778
51004,shuffled,0.75,5,19,0.5,0.7129193796147029,0.5846489677364352,0.5993849506186048
51004,shuffled,0.75,6,19,1.0,0.8147321247810553,0.7876320062180107,0.6365722419106148
51004,shuffled,0.75,7,19,0.5,0.8032392070070955,0.6942403308149601,0.6529028784898678
51004,shuffled,0.75,8,19,1.0,0.7504155624543658,0.7164849215932827,0.6466420168917603
51004,shuffled,0.75,9,19,0.5,0.749726665775876,0.6962337452650637,0.6359545942745354
51004,shuffled,0.75,10,19,0.5,0.7889823364542462,0.7341756945705488,0.6798551322100417
51004,shuffled,0.75,11,19,1.0,0.7916932700857072,0.725154839533932,0.6675944334466695
51004,shuffled,0.9,0,22,1.0,0.8135946575384213,0.7084543770618708,0.6053849196710286
51004,shuffled,0.9,1,22,1.0,0.7612401147970442,0.609736925150575,0.576625780937852
51004,shuffled,0.9,2,22,0.5,0.8364381473489558,0.7743566224625057,0.670952289376419
51004,shuffled,0.9,3,22,0.5,0.8141521816583653,0.7141607316307566,0.667191505087828
51004,shuffled,0.9,4,22,0.5,0.7496621253201939,0.6365083195778459,0.5884367195865575
51004,shuffled,0.9,5,22,1.0,0.8187230694121098,0.7253994403655372,0.6496664409225263
51004,shuffled,0.9,6,22,0.5,0.7657285119562565,0.6318087710338188,0.6289464554327444
51004,shuffled,0.9,7,22,0.5,0.7901198517646476,0.7097195181612946,0.6333571454011363
51004,shuffled,0.9,8,22,0.5,0.8168987206161208,0.6988413533947502,0.618978912457387
51004,shuffled,0.9,9,22,0.5,0.7735830693052057,0.6244444314951404,0.6278589351574524
51004,shuffled,0.9,10,22,0.5,0.8178706708511626,0.7209798510152214,0.6472351336167602
51004,shuffled,0.9,11,22,0.5,0.8245937666334191,0.7203493125628543,0.6179725525471212
51004,dense,0.0,0,0,0.5,0.31676854474601385,0.262855676082813,0.9999999999999999
51004,dense,0.0,1,0,0.5,0.31676854474601385,0.262855676082813,0.9999999999999999
51004,dense,0.0,2,0,0.5,0.31676854474601385,0.262855676082813,0.9999999999999999
51004,dense,0.0,3,0,0.5,0.31676854474601385,0.262855676082813,0.9999999999999999
51004,dense,0.0,4,0,0.5,0.31676854474601385,0.262855676082813,0.9999999999999999
51004,dense,0.0,5,0,0.5,0.31676854474601385,0.262855676082813,0.9999999999999999
51004,dense,0.0,6,0,0.5,0.31676854474601385,0.262855676082813,0.9999999999999999
51004,dense,0.0,7,0,0.5,0.31676854474601385,0.262855676082813,0.9999999999999999
51004,dense,0.0,8,0,0.5,0.31676854474601385,0.262855676082813,0.9999999999999999
51004,dense,0.0,9,0,0.5,0.31676854474601385,0.262855676082813,0.9999999999999999
51004,dense,0.0,10,0,0.5,0.31676854474601385,0.262855676082813,0.9999999999999999
51004,dense,0.0,11,0,0.5,0.31676854474601385,0.262855676082813,0.9999999999999999
51004,dense,0.25,0,6,0.5,0.31676854474601385,0.262855676082813,0.9999999999999999
51004,dense,0.25,1,6,0.5,0.31676854474601385,0.262855676082813,0.9999999999999999
51004,dense,0.25,2,6,0.5,0.31676854474601385,0.262855676082813,0.9999999999999999
51004,dense,0.25,3,6,0.5,0.31676854474601385,0.262855676082813,0.9999999999999999
51004,dense,0.25,4,6,0.5,0.31676854474601385,0.262855676082813,0.9999999999999999
51004,dense,0.25,5,6,0.5,0.31676854474601385,0.262855676082813,0.9999999999999999
51004,dense,0.25,6,6,0.5,0.31676854474601385,0.262855676082813,0.9999999999999999
51004,dense,0.25,7,6,0.5,0.31676854474601385,0.262855676082813,0.9999999999999999
51004,dense,0.25,8,6,0.5,0.31676854474601385,0.262855676082813,0.9999999999999999
51004,dense,0.25,9,6,0.5,0.31676854474601385,0.262855676082813,0.9999999999999999
51004,dense,0.25,10,6,0.5,0.31676854474601385,0.262855676082813,0.9999999999999999
51004,dense,0.25,11,6,0.5,0.31676854474601385,0.262855676082813,0.9999999999999999
51004,dense,0.5,0,12,0.5,0.31676854474601385,0.262855676082813,0.9999999999999999
51004,dense,0.5,1,12,0.5,0.31676854474601385,0.262855676082813,0.9999999999999999
51004,dense,0.5,2,12,0.5,0.31676854474601385,0.262855676082813,0.9999999999999999
51004,dense,0.5,3,12,0.5,0.31676854474601385,0.262855676082813,0.9999999999999999
51004,dense,0.5,4,12,0.5,0.31676854474601385,0.262855676082813,0.9999999999999999
51004,dense,0.5,5,12,0.5,0.31676854474601385,0.262855676082813,0.9999999999999999
51004,dense,0.5,6,12,0.5,0.31676854474601385,0.262855676082813,0.9999999999999999
51004,dense,0.5,7,12,0.5,0.31676854474601385,0.262855676082813,0.9999999999999999
51004,dense,0.5,8,12,0.5,0.31676854474601385,0.262855676082813,0.9999999999999999
51004,dense,0.5,9,12,0.5,0.31676854474601385,0.262855676082813,0.9999999999999999
51004,dense,0.5,10,12,0.5,0.31676854474601385,0.262855676082813,0.9999999999999999
51004,dense,0.5,11,12,0.5,0.31676854474601385,0.262855676082813,0.9999999999999999
51004,dense,0.75,0,19,0.5,0.31676854474601385,0.262855676082813,0.9999999999999999
51004,dense,0.75,1,19,0.5,0.31676854474601385,0.262855676082813,0.9999999999999999
51004,dense,0.75,2,19,0.5,0.31676854474601385,0.262855676082813,0.9999999999999999
51004,dense,0.75,3,19,0.5,0.31676854474601385,0.262855676082813,0.9999999999999999
51004,dense,0.75,4,19,0.5,0.31676854474601385,0.262855676082813,0.9999999999999999
51004,dense,0.75,5,19,0.5,0.31676854474601385,0.262855676082813,0.9999999999999999
51004,dense,0.75,6,19,0.5,0.31676854474601385,0.262855676082813,0.9999999999999999
51004,dense,0.75,7,19,0.5,0.31676854474601385,0.262855676082813,0.9999999999999999
51004,dense,0.75,8,19,0.5,0.31676854474601385,0.262855676082813,0.9999999999999999
51004,dense,0.75,9,19,0.5,0.31676854474601385,0.262855676082813,0.9999999999999999
51004,dense,0.75,10,19,0.5,0.31676854474601385,0.262855676082813,0.9999999999999999
51004,dense,0.75,11,19,0.5,0.31676854474601385,0.262855676082813,0.9999999999999999
51004,dense,0.9,0,22,0.5,0.31676854474601385,0.262855676082813,0.9999999999999999
51004,dense,0.9,1,22,0.5,0.31676854474601385,0.262855676082813,0.9999999999999999
51004,dense,0.9,2,22,0.5,0.31676854474601385,0.262855676082813,0.9999999999999999
51004,dense,0.9,3,22,0.5,0.31676854474601385,0.262855676082813,0.9999999999999999
51004,dense,0.9,4,22,0.5,0.31676854474601385,0.262855676082813,0.9999999999999999
51004,dense,0.9,5,22,0.5,0.31676854474601385,0.262855676082813,0.9999999999999999
51004,dense,0.9,6,22,0.5,0.31676854474601385,0.262855676082813,0.9999999999999999
51004,dense,0.9,7,22,0.5,0.31676854474601385,0.262855676082813,0.9999999999999999
51004,dense,0.9,8,22,0.5,0.31676854474601385,0.262855676082813,0.9999999999999999
51004,dense,0.9,9,22,0.5,0.31676854474601385,0.262855676082813,0.9999999999999999
51004,dense,0.9,10,22,0.5,0.31676854474601385,0.262855676082813,0.9999999999999999
51004,dense,0.9,11,22,0.5,0.31676854474601385,0.262855676082813,0.9999999999999999
51004,identity,0.0,0,0,1.0,0.9308617252334338,0.9473889145578634,1.0
51004,identity,0.0,1,0,1.0,0.9308617252334338,0.9473889145578634,1.0
51004,identity,0.0,2,0,1.0,0.9308617252334338,0.9473889145578634,1.0
51004,identity,0.0,3,0,1.0,0.9308617252334338,0.9473889145578634,1.0
51004,identity,0.0,4,0,1.0,0.9308617252334338,0.9473889145578634,1.0
51004,identity,0.0,5,0,1.0,0.9308617252334338,0.9473889145578634,1.0
51004,identity,0.0,6,0,1.0,0.9308617252334338,0.9473889145578634,1.0
51004,identity,0.0,7,0,1.0,0.9308617252334338,0.9473889145578634,1.0
51004,identity,0.0,8,0,1.0,0.9308617252334338,0.9473889145578634,1.0
51004,identity,0.0,9,0,1.0,0.9308617252334338,0.9473889145578634,1.0
51004,identity,0.0,10,0,1.0,0.9308617252334338,0.9473889145578634,1.0
51004,identity,0.0,11,0,1.0,0.9308617252334338,0.9473889145578634,1.0
51004,identity,0.25,0,6,1.0,0.9411097530279621,0.9489369094910007,0.9478712676126199
51004,identity,0.25,1,6,1.0,0.9426305116455655,0.9433376895969223,0.9594889388636108
51004,identity,0.25,2,6,1.0,0.9411097838912912,0.9489369224072739,0.9478712676126199
51004,identity,0.25,3,6,1.0,0.9446123523937041,0.9397751045712035,0.9512648332442111
51004,identity,0.25,4,6,1.0,0.9439385591321964,0.9437299963084795,0.9506065247838421
51004,identity,0.25,5,6,1.0,0.9418548168745333,0.9467212818744973,0.9586135903261359
51004,identity,0.25,6,6,1.0,0.9446123884260607,0.9397750879263562,0.9512648332442111
51004,identity,0.25,7,6,1.0,0.9418549267068882,0.9467213686878075,0.9586135903261359
51004,identity,0.25,8,6,1.0,0.9439386297389777,0.9437299962753016,0.9506065247838421
51004,identity,0.25,9,6,1.0,0.9423271162431663,0.9331476056660462,0.9514540031682673
51004,identity,0.25,10,6,1.0,0.9446123857528597,0.9397750485329404,0.9512648332442111
51004,identity,0.25,11,6,1.0,0.9428170080198768,0.9469897616509577,0.9494774547308973
51004,identity,0.5,0,12,1.0,0.9450337691789106,0.9217893766964478,0.9066609900400538
51004,identity,0.5,1,12,1.0,0.9485165076978945,0.9349456924185957,0.9056619100441445
51004,identity,0.5,2,12,1.0,0.9505206292140871,0.9412817831466969,0.9040774052144585
51004,identity,0.5,3,12,1.0,0.9462679720941591,0.9221071294643961,0.8969476933369822
51004,identity,0.5,4,12,1.0,0.9485165091166498,0.9349456835756995,0.9056619100441443
51004,identity,0.5,5,12,1.0,0.9392685278741975,0.87097220576568,0.8977838395989747
51004,identity,0.5,6,12,1.0,0.9427679787503547,0.8978365312508838,0.8976685685369307
51004,identity,0.5,7,12,1.0,0.9498751845184732,0.9351855988975492,0.895618376280095
51004,identity,0.5,8,12,1.0,0.9450338256789445,0.9217894128652516,0.9066609900400538
51004,identity,0.5,9,12,1.0,0.9485166067590514,0.9349456874519798,0.9056619100441443
51004,identity,0.5,10,12,1.0,0.9505207270227234,0.9412818340278748,0.9040774052144585
51004,identity,0.5,11,12,1.0,0.9485165617882001,0.9349456836076488,0.9056619100441443
51004,identity,0.75,0,19,1.0,0.9405179447207217,0.8333926491168897,0.8277718537942621
51004,identity,0.75,1,19,1.0,0.9430859279604027,0.8478837972795962,0.8377695838433386
51004,identity,0.75,2,19,1.0,0.9405179055727007,0.833392626275546,0.8277718537942621
51004,identity,0.75,3,19,1.0,0.9430857501542456,0.8478835210548396,0.8377695838433386
51004,identity,0.75,4,19,1.0,0.943085882226738,0.8478836484724265,0.8377695838433386
51004,identity,0.75,5,19,1.0,0.9405179903817817,0.8333926847016783,0.8277718537942621
51004,identity,0.75,6,19,1.0,0.9430858150702741,0.8478837126467768,0.8377695838433386
51004,identity,0.75,7,19,1.0,0.9460960609955396,0.8693468101829075,0.8361503532634751
51004,identity,0.75,8,19,1.0,0.9430859046456587,0.8478837085641702,0.8377695838433386
51004,identity,0.75,9,19,1.0,0.9430858878357232,0.8478837075949877,0.8377695838433386
51004,identity,0.75,10,19,1.0,0.9393630449131709,0.8340536247833588,0.8385796136001258
51004,identity,0.75,11,19,1.0,0.943085845134257,0.8478836544782139,0.8377695838433386
51004,identity,0.9,0,22,0.5,0.9383505665764864,0.821499498392916,0.8061214593113811
51004,identity,0.9,1,22,0.5,0.9363066252858246,0.8161343163558727,0.8065330610594763
51004,identity,0.9,2,22,0.5,0.9381119897413037,0.817793236029256,0.7943872961265817
51004,identity,0.9,3,22,1.0,0.9407813229764389,0.8278192630899123,0.8047877351898842
51004,identity,0.9,4,22,1.0,0.9407814378050887,0.8278193696261532,0.8047877351898842
51004,identity,0.9,5,22,0.5,0.9363066210098943,0.8161343193785193,0.8065330610594763
51004,identity,0.9,6,22,1.0,0.9407814518824346,0.8278193529415205,0.8047877351898842
51004,identity,0.9,7,22,0.5,0.9383506039533158,0.8214995455533664,0.8061214593113811
51004,identity,0.9,8,22,0.5,0.9383506496286859,0.8214995903517877,0.8061214593113811
51004,identity,0.9,9,22,0.5,0.9383505617612984,0.8214995318356033,0.8061214593113811
51004,identity,0.9,10,22,1.0,0.9407813313546001,0.8278192671384907,0.8047877351898842
51004,identity,0.9,11,22,0.5,0.938350564982795,0.82149954135405,0.8061214593113811
51005,normal,0.0,0,0,1.0,0.915605934780135,0.954435613494377,1.0
51005,normal,0.0,1,0,1.0,0.915605934780135,0.954435613494377,1.0
51005,normal,0.0,2,0,1.0,0.915605934780135,0.954435613494377,1.0
51005,normal,0.0,3,0,1.0,0.915605934780135,0.954435613494377,1.0
51005,normal,0.0,4,0,1.0,0.915605934780135,0.954435613494377,1.0
51005,normal,0.0,5,0,1.0,0.915605934780135,0.954435613494377,1.0
51005,normal,0.0,6,0,1.0,0.915605934780135,0.954435613494377,1.0
51005,normal,0.0,7,0,1.0,0.915605934780135,0.954435613494377,1.0
51005,normal,0.0,8,0,1.0,0.915605934780135,0.954435613494377,1.0
51005,normal,0.0,9,0,1.0,0.915605934780135,0.954435613494377,1.0
51005,normal,0.0,10,0,1.0,0.915605934780135,0.954435613494377,1.0
51005,normal,0.0,11,0,1.0,0.915605934780135,0.954435613494377,1.0
51005,normal,0.25,0,6,1.0,0.8353929911102091,0.8239749651461231,0.7963962403869422
51005,normal,0.25,1,6,1.0,0.8466388735351953,0.8853302611786907,0.8042580165134611
51005,normal,0.25,2,6,1.0,0.8754075611497807,0.8986265818138698,0.8004770005080695
51005,normal,0.25,3,6,1.0,0.8750368614502232,0.9114561910250479,0.850981945743219
51005,normal,0.25,4,6,1.0,0.82784533722328,0.8565947634756799,0.7637837018348483
51005,normal,0.25,5,6,1.0,0.8457745289201558,0.8786968387234796,0.8374711870853809
51005,normal,0.25,6,6,1.0,0.7993185356076837,0.8250821456306713,0.770311631266212
51005,normal,0.25,7,6,1.0,0.8595121479204759,0.8967043328983756,0.8199199987421696
51005,normal,0.25,8,6,1.0,0.8337694256755409,0.8786265359199653,0.8100841510929516
51005,normal,0.25,9,6,1.0,0.8712206990747398,0.8702257296765599,0.8712494325303145
51005,normal,0.25,10,6,1.0,0.8683248171365373,0.8927135155972382,0.807771138550057
51005,normal,0.25,11,6,1.0,0.8332830714318403,0.8901185350058702,0.8182046143265852
51005,normal,0.5,0,12,1.0,0.8182215972453888,0.787149693829315,0.6960724317888598
51005,normal,0.5,1,12,1.0,0.8359324043172784,0.8223899298733813,0.7250525930103322
51005,normal,0.5,2,12,1.0,0.7908590379420718,0.7951274045469304,0.7444657030252473
51005,normal,0.5,3,12,1.0,0.8328137845479298,0.8011076240485508,0.715087965758716
51005,normal,0.5,4,12,1.0,0.7524626871725906,0.7349388962964362,0.6941417046623728
51005,normal,0.5,5,12,1.0,0.8009559384302097,0.777051895228275,0.6311374418426711
51005,normal,0.5,6,12,1.0,0.7990724867095149,0.71365756667211,0.678180861369992
51005,normal,0.5,7,12,0.5,0.7633839705167834,0.6880166486978025,0.7021524659787792
51005,normal,0.5,8,12,1.0,0.8089770838708406,0.807002959712203,0.6915980010681136
51005,normal,0.5,9,12,0.5,0.7973054755092973,0.7539050151819278,0.7236507801847847
51005,normal,0.5,10,12,1.0,0.7847211305794305,0.7437895819104396,0.6802744420516494
51005,normal,0.5,11,12,1.0,0.824066915315682,0.764438780893786,0.7394103983772748
51005,normal,0.75,0,19,1.0,0.7985678421513085,0.6806260656410081,0.5980414456287179
51005,normal,0.75,1,19,1.0,0.807744113155703,0.6839764592202789,0.6155793105226812
51005,normal,0.75,2,19,1.0,0.7935319839145402,0.6474189180374487,0.6092308797355428
51005,normal,0.75,3,19,1.0,0.8047304223997016,0.6853373070097704,0.5968511479793562
51005,normal,0.75,4,19,1.0,0.8148104764394501,0.7304857765799478,0.6134083071213762
51005,normal,0.75,5,19,1.0,0.7663073682470839,0.66009879293422,0.6473473511545391
51005,normal,0.75,6,19,1.0,0.7582356843703023,0.6236580804394852,0.5457947481276544
51005,normal,0.75,7,19,1.0,0.8019452087808309,0.7206809361099191,0.6075349553001338
51005,normal,0.75,8,19,1.0,0.7606754672666374,0.6157063719282942,0.532510975844671
51005,normal,0.75,9,19,1.0,0.7802577667088763,0.6885504967896641,0.6106044283997031
51005,normal,0.75,10,19,1.0,0.7996860257073364,0.6982394507245279,0.6588867440259298
51005,normal,0.75,11,19,1.0,0.7950959514181677,0.7118795357437538,0.6390943335477393
51005,normal,0.9,0,22,0.5,0.7768899994208587,0.6244735860099339,0.5731520066355213
51005,normal,0.9,1,22,1.0,0.7609286786603997,0.6503820072734393,0.5694512908780538
51005,normal,0.9,2,22,1.0,0.8009158103641987,0.660310106440733,0.6051041744922443
51005,normal,0.9,3,22,1.0,0.7950271587841936,0.6507657697290579,0.5664083096678487
51005,normal,0.9,4,22,0.5,0.7928183046857948,0.6530439057684393,0.5847201241338069
51005,normal,0.9,5,22,1.0,0.7884014011979578,0.6230640826731186,0.5791732089024905
51005,normal,0.9,6,22,1.0,0.7815868771834935,0.6365850415748502,0.5971113629951752
51005,normal,0.9,7,22,1.0,0.7902892849665731,0.6321867807331101,0.569726063016737
51005,normal,0.9,8,22,1.0,0.7922981685823076,0.6506776390417308,0.6200378440742963
51005,normal,0.9,9,22,1.0,0.7818214102632965,0.6114128980963214,0.5783280990050332
51005,normal,0.9,10,22,1.0,0.7827140616187304,0.6442924164238724,0.595432592581839
51005,normal,0.9,11,22,1.0,0.7808865665042323,0.6099081433617412,0.5578041618242605
51005,shuffled,0.0,0,0,1.0,0.9237991573163076,0.9505566580156128,1.0
51005,shuffled,0.0,1,0,1.0,0.9237991573163076,0.9505566580156128,1.0
51005,shuffled,0.0,2,0,1.0,0.9237991573163076,0.9505566580156128,1.0
51005,shuffled,0.0,3,0,1.0,0.9237991573163076,0.9505566580156128,1.0
51005,shuffled,0.0,4,0,1.0,0.9237991573163076,0.9505566580156128,1.0
51005,shuffled,0.0,5,0,1.0,0.9237991573163076,0.9505566580156128,1.0
51005,shuffled,0.0,6,0,1.0,0.9237991573163076,0.9505566580156128,1.0
51005,shuffled,0.0,7,0,1.0,0.9237991573163076,0.9505566580156128,1.0
51005,shuffled,0.0,8,0,1.0,0.9237991573163076,0.9505566580156128,1.0
51005,shuffled,0.0,9,0,1.0,0.9237991573163076,0.9505566580156128,1.0
51005,shuffled,0.0,10,0,1.0,0.9237991573163076,0.9505566580156128,1.0
51005,shuffled,0.0,11,0,1.0,0.9237991573163076,0.9505566580156128,1.0
51005,shuffled,0.25,0,6,1.0,0.8443065617467188,0.8796803640132707,0.8357095270998469
51005,shuffled,0.25,1,6,1.0,0.8257103641023068,0.8336787113408719,0.8273441065494263
51005,shuffled,0.25,2,6,1.0,0.8622011409579972,0.8946753025462322,0.8561745284096145
51005,shuffled,0.25,3,6,1.0,0.8580168039496034,0.8952683909923665,0.8038598951753889
51005,shuffled,0.25,4,6,1.0,0.8847045540170423,0.9246376117562731,0.8640383826395744
51005,shuffled,0.25,5,6,1.0,0.8474942346042029,0.8736279114222402,0.7777808666516873
51005,shuffled,0.25,6,6,1.0,0.8396956306108306,0.8697054056928318,0.8313263325979215
51005,shuffled,0.25,7,6,1.0,0.8401675920394074,0.9023197423206004,0.8238247783378
51005,shuffled,0.25,8,6,1.0,0.8492077142727639,0.8935894037455877,0.8274118741541616
51005,shuffled,0.25,9,6,1.0,0.8665859540115387,0.9110087649020382,0.8566059700937088
51005,shuffled,0.25,10,6,1.0,0.8652184553240245,0.8888999036443395,0.8534510258985821
51005,shuffled,0.25,11,6,1.0,0.8470240587451623,0.8698905172443051,0.8757247272862796
51005,shuffled,0.5,0,12,1.0,0.8086100134314337,0.8810435932632303,0.7812036037006166
51005,shuffled,0.5,1,12,1.0,0.7826393787624959,0.7580569067734951,0.7672741729532551
51005,shuffled,0.5,2,12,1.0,0.802783236812859,0.7606783510233683,0.7994530123835841
51005,shuffled,0.5,3,12,1.0,0.8465590928356761,0.8440600435619505,0.8428820399832118
51005,shuffled,0.5,4,12,1.0,0.7560839630506285,0.7333651902958194,0.748368723324441
51005,shuffled,0.5,5,12,1.0,0.8112921226366798,0.7987684658800431,0.6852272315185073
51005,shuffled,0.5,6,12,1.0,0.8076541218462836,0.7571119157422094,0.7312377161137033
51005,shuffled,0.5,7,12,1.0,0.7776306566467452,0.771736650416338,0.7267573248304783
51005,shuffled,0.5,8,12,1.0,0.8009082462750253,0.8247031490765246,0.7789315972552108
51005,shuffled,0.5,9,12,1.0,0.8002577266061006,0.7731459039235052,0.7086023830302146
51005,shuffled,0.5,10,12,1.0,0.8033608888511636,0.8130920517609327,0.751149921037217
51005,shuffled,0.5,11,12,1.0,0.7986135236488233,0.7771399099182804,0.8033333902786444
51005,shuffled,0.75,0,19,1.0,0.7756713711993528,0.6943982813483571,0.6893835144063603
51005,shuffled,0.75,1,19,1.0,0.7801586002350227,0.6916369864762493,0.674328725690129
51005,shuffled,0.75,2,19,1.0,0.7934195077981624,0.6986082912950375,0.7412084974283709
51005,shuffled,0.75,3,19,1.0,0.7553528675388468,0.7060066364837909,0.6985154654561238
51005,shuffled,0.75,4,19,1.0,0.7568772162239603,0.6577987871256046,0.6685569379391316
51005,shuffled,0.75,5,19,1.0,0.7456907377263309,0.7299207635018636,0.6944404676550096
51005,shuffled,0.75,6,19,1.0,0.7417333996702662,0.6159744567270861,0.6709427548219017
51005,shuffled,0.75,7,19,1.0,0.7851767336404423,0.7086485508415299,0.6883206195505679
51005,shuffled,0.75,8,19,0.5,0.7747081529118263,0.7215602315446074,0.7535305677103211
51005,shuffled,0.75,9,19,1.0,0.7621904971948719,0.6558008064496559,0.6743735417568162
51005,shuffled,0.75,10,19,1.0,0.804930743267697,0.7129506500719954,0.7367947742025658
51005,shuffled,0.75,11,19,1.0,0.7615751513572796,0.7058686591582517,0.7009243316015962
51005,shuffled,0.9,0,22,1.0,0.7767948862302415,0.6498758742641445,0.6538059381801333
51005,shuffled,0.9,1,22,1.0,0.7087892802002621,0.5996641698358302,0.6724038853985779
51005,shuffled,0.9,2,22,1.0,0.8057924327641918,0.6611776248839655,0.7079450493543462
51005,shuffled,0.9,3,22,1.0,0.755966369921509,0.6082249377946818,0.6588890675112751
51005,shuffled,0.9,4,22,1.0,0.7832059386135641,0.6738975609880599,0.7085673603521926
51005,shuffled,0.9,5,22,1.0,0.7530133460826746,0.6150277927153011,0.594318264999982
51005,shuffled,0.9,6,22,1.0,0.7818004519854089,0.6536783260472246,0.7148678379435274
51005,shuffled,0.9,7,22,1.0,0.7820221581880257,0.6375213767198101,0.6928434040987942
51005,shuffled,0.9,8,22,0.5,0.7177914601289317,0.5681523235530972,0.6481614591318804
51005,shuffled,0.9,9,22,1.0,0.7097518497334427,0.5900549707464761,0.6747674716924635
51005,shuffled,0.9,10,22,1.0,0.7226997469192636,0.5900979308238984,0.640399006693538
51005,shuffled,0.9,11,22,1.0,0.7362484855651603,0.6476584724433444,0.6873576124262357
51005,dense,0.0,0,0,0.5,0.3315176100948535,0.26781525022725833,0.9999999999999999
51005,dense,0.0,1,0,0.5,0.3315176100948535,0.26781525022725833,0.9999999999999999
51005,dense,0.0,2,0,0.5,0.3315176100948535,0.26781525022725833,0.9999999999999999
51005,dense,0.0,3,0,0.5,0.3315176100948535,0.26781525022725833,0.9999999999999999
51005,dense,0.0,4,0,0.5,0.3315176100948535,0.26781525022725833,0.9999999999999999
51005,dense,0.0,5,0,0.5,0.3315176100948535,0.26781525022725833,0.9999999999999999
51005,dense,0.0,6,0,0.5,0.3315176100948535,0.26781525022725833,0.9999999999999999
51005,dense,0.0,7,0,0.5,0.3315176100948535,0.26781525022725833,0.9999999999999999
51005,dense,0.0,8,0,0.5,0.3315176100948535,0.26781525022725833,0.9999999999999999
51005,dense,0.0,9,0,0.5,0.3315176100948535,0.26781525022725833,0.9999999999999999
51005,dense,0.0,10,0,0.5,0.3315176100948535,0.26781525022725833,0.9999999999999999
51005,dense,0.0,11,0,0.5,0.3315176100948535,0.26781525022725833,0.9999999999999999
51005,dense,0.25,0,6,0.5,0.3315176100948535,0.26781525022725833,0.9999999999999999
51005,dense,0.25,1,6,0.5,0.3315176100948535,0.26781525022725833,0.9999999999999999
51005,dense,0.25,2,6,0.5,0.3315176100948535,0.26781525022725833,0.9999999999999999
51005,dense,0.25,3,6,0.5,0.3315176100948535,0.26781525022725833,0.9999999999999999
51005,dense,0.25,4,6,0.5,0.3315176100948535,0.26781525022725833,0.9999999999999999
51005,dense,0.25,5,6,0.5,0.3315176100948535,0.26781525022725833,0.9999999999999999
51005,dense,0.25,6,6,0.5,0.3315176100948535,0.26781525022725833,0.9999999999999999
51005,dense,0.25,7,6,0.5,0.3315176100948535,0.26781525022725833,0.9999999999999999
51005,dense,0.25,8,6,0.5,0.3315176100948535,0.26781525022725833,0.9999999999999999
51005,dense,0.25,9,6,0.5,0.3315176100948535,0.26781525022725833,0.9999999999999999
51005,dense,0.25,10,6,0.5,0.3315176100948535,0.26781525022725833,0.9999999999999999
51005,dense,0.25,11,6,0.5,0.3315176100948535,0.26781525022725833,0.9999999999999999
51005,dense,0.5,0,12,0.5,0.3315176100948535,0.26781525022725833,0.9999999999999999
51005,dense,0.5,1,12,0.5,0.3315176100948535,0.26781525022725833,0.9999999999999999
51005,dense,0.5,2,12,0.5,0.3315176100948535,0.26781525022725833,0.9999999999999999
51005,dense,0.5,3,12,0.5,0.3315176100948535,0.26781525022725833,0.9999999999999999
51005,dense,0.5,4,12,0.5,0.3315176100948535,0.26781525022725833,0.9999999999999999
51005,dense,0.5,5,12,0.5,0.3315176100948535,0.26781525022725833,0.9999999999999999
51005,dense,0.5,6,12,0.5,0.3315176100948535,0.26781525022725833,0.9999999999999999
51005,dense,0.5,7,12,0.5,0.3315176100948535,0.26781525022725833,0.9999999999999999
51005,dense,0.5,8,12,0.5,0.3315176100948535,0.26781525022725833,0.9999999999999999
51005,dense,0.5,9,12,0.5,0.3315176100948535,0.26781525022725833,0.9999999999999999
51005,dense,0.5,10,12,0.5,0.3315176100948535,0.26781525022725833,0.9999999999999999
51005,dense,0.5,11,12,0.5,0.3315176100948535,0.26781525022725833,0.9999999999999999
51005,dense,0.75,0,19,0.5,0.3315176100948535,0.26781525022725833,0.9999999999999999
51005,dense,0.75,1,19,0.5,0.3315176100948535,0.26781525022725833,0.9999999999999999
51005,dense,0.75,2,19,0.5,0.3315176100948535,0.26781525022725833,0.9999999999999999
51005,dense,0.75,3,19,0.5,0.3315176100948535,0.26781525022725833,0.9999999999999999
51005,dense,0.75,4,19,0.5,0.3315176100948535,0.26781525022725833,0.9999999999999999
51005,dense,0.75,5,19,0.5,0.3315176100948535,0.26781525022725833,0.9999999999999999
51005,dense,0.75,6,19,0.5,0.3315176100948535,0.26781525022725833,0.9999999999999999
51005,dense,0.75,7,19,0.5,0.3315176100948535,0.26781525022725833,0.9999999999999999
51005,dense,0.75,8,19,0.5,0.3315176100948535,0.26781525022725833,0.9999999999999999
51005,dense,0.75,9,19,0.5,0.3315176100948535,0.26781525022725833,0.9999999999999999
51005,dense,0.75,10,19,0.5,0.3315176100948535,0.26781525022725833,0.9999999999999999
51005,dense,0.75,11,19,0.5,0.3315176100948535,0.26781525022725833,0.9999999999999999
51005,dense,0.9,0,22,0.5,0.3315176100948535,0.26781525022725833,0.9999999999999999
51005,dense,0.9,1,22,0.5,0.3315176100948535,0.26781525022725833,0.9999999999999999
51005,dense,0.9,2,22,0.5,0.3315176100948535,0.26781525022725833,0.9999999999999999
51005,dense,0.9,3,22,0.5,0.3315176100948535,0.26781525022725833,0.9999999999999999
51005,dense,0.9,4,22,0.5,0.3315176100948535,0.26781525022725833,0.9999999999999999
51005,dense,0.9,5,22,0.5,0.3315176100948535,0.26781525022725833,0.9999999999999999
51005,dense,0.9,6,22,0.5,0.3315176100948535,0.26781525022725833,0.9999999999999999
51005,dense,0.9,7,22,0.5,0.3315176100948535,0.26781525022725833,0.9999999999999999
51005,dense,0.9,8,22,0.5,0.3315176100948535,0.26781525022725833,0.9999999999999999
51005,dense,0.9,9,22,0.5,0.3315176100948535,0.26781525022725833,0.9999999999999999
51005,dense,0.9,10,22,0.5,0.3315176100948535,0.26781525022725833,0.9999999999999999
51005,dense,0.9,11,22,0.5,0.3315176100948535,0.26781525022725833,0.9999999999999999
51005,identity,0.0,0,0,1.0,0.9738025336755334,0.9892052216753158,1.0
51005,identity,0.0,1,0,1.0,0.9738025336755334,0.9892052216753158,1.0
51005,identity,0.0,2,0,1.0,0.9738025336755334,0.9892052216753158,1.0
51005,identity,0.0,3,0,1.0,0.9738025336755334,0.9892052216753158,1.0
51005,identity,0.0,4,0,1.0,0.9738025336755334,0.9892052216753158,1.0
51005,identity,0.0,5,0,1.0,0.9738025336755334,0.9892052216753158,1.0
51005,identity,0.0,6,0,1.0,0.9738025336755334,0.9892052216753158,1.0
51005,identity,0.0,7,0,1.0,0.9738025336755334,0.9892052216753158,1.0
51005,identity,0.0,8,0,1.0,0.9738025336755334,0.9892052216753158,1.0
51005,identity,0.0,9,0,1.0,0.9738025336755334,0.9892052216753158,1.0
51005,identity,0.0,10,0,1.0,0.9738025336755334,0.9892052216753158,1.0
51005,identity,0.0,11,0,1.0,0.9738025336755334,0.9892052216753158,1.0
51005,identity,0.25,0,6,1.0,0.9801474435289618,0.9884725196184729,0.9510063503116984
51005,identity,0.25,1,6,1.0,0.9796711350108634,0.9896786324598281,0.9503085401359787
51005,identity,0.25,2,6,1.0,0.980147544704868,0.9884725466661899,0.9510063503116984
51005,identity,0.25,3,6,1.0,0.9799362440630505,0.9860858891605716,0.9512422872043156
51005,identity,0.25,4,6,1.0,0.9801474129983506,0.9884724967046858,0.9510063503116984
51005,identity,0.25,5,6,1.0,0.979230006329129,0.9881198907058376,0.9596110114417943
51005,identity,0.25,6,6,1.0,0.9796711406423004,0.9896786328982335,0.9503085401359787
51005,identity,0.25,7,6,1.0,0.9801475234662037,0.988472520357709,0.9510063503116984
51005,identity,0.25,8,6,1.0,0.9799363568924473,0.9860859064290115,0.9512422872043157
51005,identity,0.25,9,6,1.0,0.9785092433369765,0.9901836143948256,0.9491455378449865
51005,identity,0.25,10,6,1.0,0.9799363481080589,0.9860858993161251,0.9512422872043156
51005,identity,0.25,11,6,1.0,0.979671157468398,0.9896786468457236,0.9503085401359787
51005,identity,0.5,0,12,1.0,0.9800875370589626,0.9749996390975955,0.8978285354068879
51005,identity,0.5,1,12,1.0,0.9816718573858708,0.9746521281214454,0.8970213806044194
51005,identity,0.5,2,12,1.0,0.9818236413528768,0.981382192072854,0.906705841432826
51005,identity,0.5,3,12,1.0,0.9762636861706089,0.9661423637683921,0.8980406231551098
51005,identity,0.5,4,12,1.0,0.9818236879315488,0.981382184438254,0.906705841432826
51005,identity,0.5,5,12,1.0,0.9818236991277332,0.9813822234161875,0.906705841432826
51005,identity,0.5,6,12,1.0,0.9818236728029658,0.9813821765714065,0.906705841432826
51005,identity,0.5,7,12,1.0,0.9800875994086533,0.9749995991146149,0.8978285354068879
51005,identity,0.5,8,12,1.0,0.9798129685555699,0.9769021099150603,0.9072072878353745
51005,identity,0.5,9,12,1.0,0.9725034340783809,0.9510984935056959,0.9064975921148354
51005,identity,0.5,10,12,1.0,0.9798129951183122,0.9769021035197568,0.9072072878353745
51005,identity,0.5,11,12,1.0,0.9759399742720682,0.9663103152028065,0.9071395433496037
51005,identity,0.75,0,19,1.0,0.9717192298065571,0.9031618099841064,0.8392536673367428
51005,identity,0.75,1,19,1.0,0.9709736450987612,0.8845667869385025,0.8284602104215294
51005,identity,0.75,2,19,1.0,0.9717192402365213,0.9031616998183495,0.8392536673367428
51005,identity,0.75,3,19,1.0,0.9708696858322194,0.8932685873830184,0.8382924556834718
51005,identity,0.75,4,19,1.0,0.9708696037373339,0.8932685108102953,0.8382924556834718
51005,identity,0.75,5,19,1.0,0.9725510546022619,0.8873696623170615,0.8365391252895958
51005,identity,0.75,6,19,1.0,0.9717192606736171,0.9031617242726455,0.8392536673367428
51005,identity,0.75,7,19,1.0,0.9746436056594847,0.9183305555478135,0.8388087813633297
51005,identity,0.75,8,19,1.0,0.9729089330311964,0.9139767115534432,0.8394260073226346
51005,identity,0.75,9,19,1.0,0.9746435840063964,0.918330617793619,0.8388087813633297
51005,identity,0.75,10,19,1.0,0.9709736810994787,0.8845667511983037,0.8284602104215294
51005,identity,0.75,11,19,1.0,0.9708696606380727,0.8932687089119722,0.8382924556834718
51005,identity,0.9,0,22,1.0,0.9701967384568283,0.8570855927651543,0.8070073535969162
51005,identity,0.9,1,22,1.0,0.9719844920543761,0.8690916609101569,0.8076075790171402
51005,identity,0.9,2,22,1.0,0.9719844729362552,0.8690917037160304,0.8076075790171402
51005,identity,0.9,3,22,1.0,0.9652105151916968,0.8392485105824555,0.8077223721849436
51005,identity,0.9,4,22,1.0,0.9701966081822186,0.8570854580323827,0.8070073535969162
51005,identity,0.9,5,22,1.0,0.9652105586580058,0.8392485591613288,0.8077223721849436
51005,identity,0.9,6,22,1.0,0.9701966315819925,0.8570855082843444,0.8070073535969162
51005,identity,0.9,7,22,1.0,0.9719844435681756,0.8690916838466012,0.8076075790171402
51005,identity,0.9,8,22,1.0,0.971984415791434,0.8690916799396612,0.8076075790171402
51005,identity,0.9,9,22,1.0,0.9719844630022143,0.8690916378734755,0.8076075790171402
51005,identity,0.9,10,22,1.0,0.9719844539481399,0.8690916494554046,0.8076075790171402
51005,identity,0.9,11,22,1.0,0.9719844452195425,0.8690917099509278,0.8076075790171402
51006,normal,0.0,0,0,1.0,0.8845116375321034,0.9369560527086378,1.0
51006,normal,0.0,1,0,1.0,0.8845116375321034,0.9369560527086378,1.0
51006,normal,0.0,2,0,1.0,0.8845116375321034,0.9369560527086378,1.0
51006,normal,0.0,3,0,1.0,0.8845116375321034,0.9369560527086378,1.0
51006,normal,0.0,4,0,1.0,0.8845116375321034,0.9369560527086378,1.0
51006,normal,0.0,5,0,1.0,0.8845116375321034,0.9369560527086378,1.0
51006,normal,0.0,6,0,1.0,0.8845116375321034,0.9369560527086378,1.0
51006,normal,0.0,7,0,1.0,0.8845116375321034,0.9369560527086378,1.0
51006,normal,0.0,8,0,1.0,0.8845116375321034,0.9369560527086378,1.0
51006,normal,0.0,9,0,1.0,0.8845116375321034,0.9369560527086378,1.0
51006,normal,0.0,10,0,1.0,0.8845116375321034,0.9369560527086378,1.0
51006,normal,0.0,11,0,1.0,0.8845116375321034,0.9369560527086378,1.0
51006,normal,0.25,0,6,1.0,0.8562463749945367,0.9222114450047937,0.8617689401959459
51006,normal,0.25,1,6,1.0,0.7866114520766594,0.8214351734913401,0.8473690030948462
51006,normal,0.25,2,6,1.0,0.8094820346779903,0.8835915422748761,0.8797668445406481
51006,normal,0.25,3,6,1.0,0.8247025353696646,0.8740224218668778,0.8826640922680591
51006,normal,0.25,4,6,1.0,0.8109259343447975,0.8950736519422301,0.8425589974957558
51006,normal,0.25,5,6,1.0,0.7875581143665136,0.8538929026544281,0.8492561243745175
51006,normal,0.25,6,6,1.0,0.7942823951510154,0.8398686023013892,0.8477254726237179
51006,normal,0.25,7,6,1.0,0.7924611874418066,0.867328249842164,0.8725567015471738
51006,normal,0.25,8,6,1.0,0.8654121273149239,0.9212311254760018,0.8656320918111855
51006,normal,0.25,9,6,1.0,0.8188069249507531,0.8619344502339388,0.8120096663004367
51006,normal,0.25,10,6,1.0,0.8485870116980685,0.9154150451842987,0.8703294849189678
51006,normal,0.25,11,6,1.0,0.8402923497484056,0.8526576875516279,0.8686993365084703
51006,normal,0.5,0,12,1.0,0.7897370031313656,0.7645966055341995,0.7723451018995433
51006,normal,0.5,1,12,1.0,0.7980371687371717,0.8580297400769712,0.7627562136424894
51006,normal,0.5,2,12,1.0,0.7895573801037211,0.8006631100413318,0.8126984717394882
51006,normal,0.5,3,12,0.5,0.8033343285510759,0.8032580583987178,0.7770770050575615
51006,normal,0.5,4,12,1.0,0.7346312019497404,0.7302959483333747,0.688788296108838
51006,normal,0.5,5,12,1.0,0.8141621918047569,0.8475754397361314,0.7911661179868343
51006,normal,0.5,6,12,1.0,0.8112593677132306,0.86539566481944,0.8061369029086495
51006,normal,0.5,7,12,1.0,0.7522614929332595,0.749966072281149,0.702344360755359
51006,normal,0.5,8,12,0.5,0.70955048121569,0.6932461110481856,0.7671578622915799
51006,normal,0.5,9,12,1.0,0.7828452558976494,0.7932139467214404,0.7271835172108843
51006,normal,0.5,10,12,0.5,0.694421601329507,0.6596756197270828,0.7765612201350056
51006,normal,0.5,11,12,1.0,0.8346510518544159,0.8995118126416554,0.8441007019821802
51006,normal,0.75,0,19,0.5,0.7458846051052419,0.649741349703242,0.6793203094228184
51006,normal,0.75,1,19,1.0,0.7853336297597803,0.6442935201012646,0.6008483453210477
51006,normal,0.75,2,19,0.5,0.7089115536531797,0.6662401573871931,0.6286918983050169
51006,normal,0.75,3,19,1.0,0.7793148927181851,0.7140924522232984,0.6337268694697724
51006,normal,0.75,4,19,0.5,0.7207066243294799,0.6466093095059662,0.71511353411971
51006,normal,0.75,5,19,1.0,0.7944095634718495,0.6649673410500853,0.6191013123198336
51006,normal,0.75,6,19,0.5,0.7629039289065885,0.7187755811831354,0.7152139765730258
51006,normal,0.75,7,19,1.0,0.8193124581006889,0.7624256794629102,0.6680844180750338
51006,normal,0.75,8,19,0.5,0.7090737806748588,0.6398122161889123,0.6371050892965124
51006,normal,0.75,9,19,1.0,0.7797733458663855,0.7437671821985181,0.6406043322029005
51006,normal,0.75,10,19,0.5,0.6956302471565751,0.6131618042176685,0.6901410471076429
51006,normal,0.75,11,19,0.5,0.7144416516679344,0.5877712763548291,0.7084873096464941
51006,normal,0.9,0,22,0.5,0.7612109200338637,0.6582953762855834,0.6400875390675762
51006,normal,0.9,1,22,0.5,0.7327862775443073,0.6406076364045424,0.6467353990607551
51006,normal,0.9,2,22,0.5,0.7678619460909382,0.6706591954754724,0.6599483475690466
51006,normal,0.9,3,22,0.5,0.7081047125200881,0.6155296486323265,0.619676416942204
51006,normal,0.9,4,22,0.5,0.7460337399665883,0.6162686047712902,0.6513755885318401
51006,normal,0.9,5,22,0.5,0.7520173183332426,0.660534766630293,0.6423485258168262
51006,normal,0.9,6,22,0.5,0.7808405962701347,0.6727982484973866,0.6646999930924246
51006,normal,0.9,7,22,0.5,0.708817684714694,0.6160770093756297,0.6669849655808366
51006,normal,0.9,8,22,0.5,0.7488853268665074,0.656568888030574,0.6539258455201652
51006,normal,0.9,9,22,0.5,0.7163549772166826,0.6344577521294793,0.6550045882992586
51006,normal,0.9,10,22,1.0,0.7801915248744968,0.6790108031833277,0.6010184496670328
51006,normal,0.9,11,22,0.5,0.7471584419297409,0.6073093545192157,0.5814988646366333
51006,shuffled,0.0,0,0,1.0,0.9037108013055821,0.9426435331724139,1.0
51006,shuffled,0.0,1,0,1.0,0.9037108013055821,0.9426435331724139,1.0
51006,shuffled,0.0,2,0,1.0,0.9037108013055821,0.9426435331724139,1.0
51006,shuffled,0.0,3,0,1.0,0.9037108013055821,0.9426435331724139,1.0
51006,shuffled,0.0,4,0,1.0,0.9037108013055821,0.9426435331724139,1.0
51006,shuffled,0.0,5,0,1.0,0.9037108013055821,0.9426435331724139,1.0
51006,shuffled,0.0,6,0,1.0,0.9037108013055821,0.9426435331724139,1.0
51006,shuffled,0.0,7,0,1.0,0.9037108013055821,0.9426435331724139,1.0
51006,shuffled,0.0,8,0,1.0,0.9037108013055821,0.9426435331724139,1.0
51006,shuffled,0.0,9,0,1.0,0.9037108013055821,0.9426435331724139,1.0
51006,shuffled,0.0,10,0,1.0,0.9037108013055821,0.9426435331724139,1.0
51006,shuffled,0.0,11,0,1.0,0.9037108013055821,0.9426435331724139,1.0
51006,shuffled,0.25,0,6,1.0,0.8634016554404919,0.9175434990892309,0.8675779037095688
51006,shuffled,0.25,1,6,1.0,0.8143191816349626,0.8749682387846405,0.8914596425795414
51006,shuffled,0.25,2,6,1.0,0.8334654026178983,0.91076959993836,0.89172719594716
51006,shuffled,0.25,3,6,1.0,0.850551291605342,0.8943257420569733,0.837657484301165
51006,shuffled,0.25,4,6,1.0,0.8500442238873437,0.9069128073709711,0.8661661061559323
51006,shuffled,0.25,5,6,1.0,0.8349805054628295,0.9024315606038716,0.8771270930910131
51006,shuffled,0.25,6,6,1.0,0.8440841242546456,0.9130445581873602,0.8948684994690304
51006,shuffled,0.25,7,6,1.0,0.8526638307456806,0.9164460774281048,0.857632614064745
51006,shuffled,0.25,8,6,1.0,0.8771290378410755,0.9164261804977335,0.9234991815434174
51006,shuffled,0.25,9,6,1.0,0.8488820157010886,0.9019133225594755,0.8166789441542218
51006,shuffled,0.25,10,6,1.0,0.8627312187992341,0.9226404423406613,0.9156023746278911
51006,shuffled,0.25,11,6,1.0,0.8549825611242305,0.8992224206790149,0.9064369378253991
51006,shuffled,0.5,0,12,1.0,0.8210670524230239,0.8558998093899503,0.7674262726469601
51006,shuffled,0.5,1,12,1.0,0.8393843477678133,0.8683062442482321,0.8208038416634278
51006,shuffled,0.5,2,12,1.0,0.8304047476017447,0.8259363935084878,0.7865436208781408
51006,shuffled,0.5,3,12,1.0,0.8669752629579203,0.875794175057089,0.8180433593268848
51006,shuffled,0.5,4,12,1.0,0.81322494966579,0.867854856489949,0.79625762276563
51006,shuffled,0.5,5,12,1.0,0.8163233436095557,0.8507411286835534,0.816694586119399
51006,shuffled,0.5,6,12,1.0,0.8484777068088932,0.8757147405426964,0.8221087241550126
51006,shuffled,0.5,7,12,1.0,0.858230152737389,0.9105722054522368,0.8490082598250184
51006,shuffled,0.5,8,12,1.0,0.8115351573977666,0.8526842788264691,0.7521056815561897
51006,shuffled,0.5,9,12,1.0,0.8465413533430803,0.8869578061558484,0.7612050167923999
51006,shuffled,0.5,10,12,1.0,0.820201228292201,0.791397737138906,0.7425516365679686
51006,shuffled,0.5,11,12,1.0,0.8331707396511434,0.8554526619346021,0.812582475712467
51006,shuffled,0.75,0,19,1.0,0.8035441839354768,0.7448545690598318,0.6948223623883595
51006,shuffled,0.75,1,19,1.0,0.8440027789684784,0.7712417148704555,0.6958752468697159
51006,shuffled,0.75,2,19,1.0,0.8240389005863226,0.7951219479078473,0.7173293981875392
51006,shuffled,0.75,3,19,1.0,0.80172992320567,0.7180799651475577,0.6540922098760583
51006,shuffled,0.75,4,19,1.0,0.764596569175729,0.6634459282723617,0.7275796083575125
51006,shuffled,0.75,5,19,1.0,0.8196094410790546,0.7783227190402293,0.6989357409583521
51006,shuffled,0.75,6,19,1.0,0.8181233211068569,0.7947189123551027,0.6635726339270187
51006,shuffled,0.75,7,19,1.0,0.8216554572005436,0.7536703788525995,0.665955321637875
51006,shuffled,0.75,8,19,1.0,0.8193394986200768,0.8126221957685112,0.7190040957923478
51006,shuffled,0.75,9,19,1.0,0.839380888060067,0.7557466647136541,0.621901792912579
51006,shuffled,0.75,10,19,1.0,0.8366431805013651,0.8061271494895924,0.6832567526894667
51006,shuffled,0.75,11,19,1.0,0.8270454791997556,0.8302906467264021,0.7459914747760709
51006,shuffled,0.9,0,22,1.0,0.8363502036501749,0.7125511263014889,0.6458227069333166
51006,shuffled,0.9,1,22,1.0,0.825539448449377,0.769003640224482,0.666309144011048
51006,shuffled,0.9,2,22,1.0,0.8095218454213504,0.7093742385455275,0.6490720005166576
51006,shuffled,0.9,3,22,1.0,0.8235851829676161,0.7389998817822384,0.6976674873931711
51006,shuffled,0.9,4,22,1.0,0.7924492038632921,0.6805622300559436,0.6497711780177654
51006,shuffled,0.9,5,22,1.0,0.8271707279882371,0.6991901080299353,0.6371265998524421
51006,shuffled,0.9,6,22,1.0,0.8443955044075038,0.7519304951415663,0.6809205621495642
51006,shuffled,0.9,7,22,1.0,0.8166609765564335,0.6768365294385732,0.6360953661492202
51006,shuffled,0.9,8,22,1.0,0.8410280615935812,0.7635393973296157,0.659178928532911
51006,shuffled,0.9,9,22,1.0,0.7908876934744385,0.6963586472889375,0.7049457987925848
51006,shuffled,0.9,10,22,1.0,0.8011470585696158,0.6802299603420988,0.591266700710598
51006,shuffled,0.9,11,22,1.0,0.8268663506396983,0.7230041952963986,0.6500015897987115
51006,dense,0.0,0,0,0.5,0.34758714356980436,0.316869944825663,0.9999999999999999
51006,dense,0.0,1,0,0.5,0.34758714356980436,0.316869944825663,0.9999999999999999
51006,dense,0.0,2,0,0.5,0.34758714356980436,0.316869944825663,0.9999999999999999
51006,dense,0.0,3,0,0.5,0.34758714356980436,0.316869944825663,0.9999999999999999
51006,dense,0.0,4,0,0.5,0.34758714356980436,0.316869944825663,0.9999999999999999
51006,dense,0.0,5,0,0.5,0.34758714356980436,0.316869944825663,0.9999999999999999
51006,dense,0.0,6,0,0.5,0.34758714356980436,0.316869944825663,0.9999999999999999
51006,dense,0.0,7,0,0.5,0.34758714356980436,0.316869944825663,0.9999999999999999
51006,dense,0.0,8,0,0.5,0.34758714356980436,0.316869944825663,0.9999999999999999
51006,dense,0.0,9,0,0.5,0.34758714356980436,0.316869944825663,0.9999999999999999
51006,dense,0.0,10,0,0.5,0.34758714356980436,0.316869944825663,0.9999999999999999
51006,dense,0.0,11,0,0.5,0.34758714356980436,0.316869944825663,0.9999999999999999
51006,dense,0.25,0,6,0.5,0.34758714356980436,0.316869944825663,0.9999999999999999
51006,dense,0.25,1,6,0.5,0.34758714356980436,0.316869944825663,0.9999999999999999
51006,dense,0.25,2,6,0.5,0.34758714356980436,0.316869944825663,0.9999999999999999
51006,dense,0.25,3,6,0.5,0.34758714356980436,0.316869944825663,0.9999999999999999
51006,dense,0.25,4,6,0.5,0.34758714356980436,0.316869944825663,0.9999999999999999
51006,dense,0.25,5,6,0.5,0.34758714356980436,0.316869944825663,0.9999999999999999
51006,dense,0.25,6,6,0.5,0.34758714356980436,0.316869944825663,0.9999999999999999
51006,dense,0.25,7,6,0.5,0.34758714356980436,0.316869944825663,0.9999999999999999
51006,dense,0.25,8,6,0.5,0.34758714356980436,0.316869944825663,0.9999999999999999
51006,dense,0.25,9,6,0.5,0.34758714356980436,0.316869944825663,0.9999999999999999
51006,dense,0.25,10,6,0.5,0.34758714356980436,0.316869944825663,0.9999999999999999
51006,dense,0.25,11,6,0.5,0.34758714356980436,0.316869944825663,0.9999999999999999
51006,dense,0.5,0,12,0.5,0.34758714356980436,0.316869944825663,0.9999999999999999
51006,dense,0.5,1,12,0.5,0.34758714356980436,0.316869944825663,0.9999999999999999
51006,dense,0.5,2,12,0.5,0.34758714356980436,0.316869944825663,0.9999999999999999
51006,dense,0.5,3,12,0.5,0.34758714356980436,0.316869944825663,0.9999999999999999
51006,dense,0.5,4,12,0.5,0.34758714356980436,0.316869944825663,0.9999999999999999
51006,dense,0.5,5,12,0.5,0.34758714356980436,0.316869944825663,0.9999999999999999
51006,dense,0.5,6,12,0.5,0.34758714356980436,0.316869944825663,0.9999999999999999
51006,dense,0.5,7,12,0.5,0.34758714356980436,0.316869944825663,0.9999999999999999
51006,dense,0.5,8,12,0.5,0.34758714356980436,0.316869944825663,0.9999999999999999
51006,dense,0.5,9,12,0.5,0.34758714356980436,0.316869944825663,0.9999999999999999
51006,dense,0.5,10,12,0.5,0.34758714356980436,0.316869944825663,0.9999999999999999
51006,dense,0.5,11,12,0.5,0.34758714356980436,0.316869944825663,0.9999999999999999
51006,dense,0.75,0,19,0.5,0.34758714356980436,0.316869944825663,0.9999999999999999
51006,dense,0.75,1,19,0.5,0.34758714356980436,0.316869944825663,0.9999999999999999
51006,dense,0.75,2,19,0.5,0.34758714356980436,0.316869944825663,0.9999999999999999
51006,dense,0.75,3,19,0.5,0.34758714356980436,0.316869944825663,0.9999999999999999
51006,dense,0.75,4,19,0.5,0.34758714356980436,0.316869944825663,0.9999999999999999
51006,dense,0.75,5,19,0.5,0.34758714356980436,0.316869944825663,0.9999999999999999
51006,dense,0.75,6,19,0.5,0.34758714356980436,0.316869944825663,0.9999999999999999
51006,dense,0.75,7,19,0.5,0.34758714356980436,0.316869944825663,0.9999999999999999
51006,dense,0.75,8,19,0.5,0.34758714356980436,0.316869944825663,0.9999999999999999
51006,dense,0.75,9,19,0.5,0.34758714356980436,0.316869944825663,0.9999999999999999
51006,dense,0.75,10,19,0.5,0.34758714356980436,0.316869944825663,0.9999999999999999
51006,dense,0.75,11,19,0.5,0.34758714356980436,0.316869944825663,0.9999999999999999
51006,dense,0.9,0,22,0.5,0.34758714356980436,0.316869944825663,0.9999999999999999
51006,dense,0.9,1,22,0.5,0.34758714356980436,0.316869944825663,0.9999999999999999
51006,dense,0.9,2,22,0.5,0.34758714356980436,0.316869944825663,0.9999999999999999
51006,dense,0.9,3,22,0.5,0.34758714356980436,0.316869944825663,0.9999999999999999
51006,dense,0.9,4,22,0.5,0.34758714356980436,0.316869944825663,0.9999999999999999
51006,dense,0.9,5,22,0.5,0.34758714356980436,0.316869944825663,0.9999999999999999
51006,dense,0.9,6,22,0.5,0.34758714356980436,0.316869944825663,0.9999999999999999
51006,dense,0.9,7,22,0.5,0.34758714356980436,0.316869944825663,0.9999999999999999
51006,dense,0.9,8,22,0.5,0.34758714356980436,0.316869944825663,0.9999999999999999
51006,dense,0.9,9,22,0.5,0.34758714356980436,0.316869944825663,0.9999999999999999
51006,dense,0.9,10,22,0.5,0.34758714356980436,0.316869944825663,0.9999999999999999
51006,dense,0.9,11,22,0.5,0.34758714356980436,0.316869944825663,0.9999999999999999
51006,identity,0.0,0,0,1.0,0.9291944274705101,0.9581595956363644,1.0
51006,identity,0.0,1,0,1.0,0.9291944274705101,0.9581595956363644,1.0
51006,identity,0.0,2,0,1.0,0.9291944274705101,0.9581595956363644,1.0
51006,identity,0.0,3,0,1.0,0.9291944274705101,0.9581595956363644,1.0
51006,identity,0.0,4,0,1.0,0.9291944274705101,0.9581595956363644,1.0
51006,identity,0.0,5,0,1.0,0.9291944274705101,0.9581595956363644,1.0
51006,identity,0.0,6,0,1.0,0.9291944274705101,0.9581595956363644,1.0
51006,identity,0.0,7,0,1.0,0.9291944274705101,0.9581595956363644,1.0
51006,identity,0.0,8,0,1.0,0.9291944274705101,0.9581595956363644,1.0
51006,identity,0.0,9,0,1.0,0.9291944274705101,0.9581595956363644,1.0
51006,identity,0.0,10,0,1.0,0.9291944274705101,0.9581595956363644,1.0
51006,identity,0.0,11,0,1.0,0.9291944274705101,0.9581595956363644,1.0
51006,identity,0.25,0,6,1.0,0.9518781006863947,0.9653075429108122,0.9521139088158356
51006,identity,0.25,1,6,1.0,0.9510307405733103,0.963476707205249,0.9526049956867466
51006,identity,0.25,2,6,1.0,0.9474800057154869,0.959674042740202,0.9526507110104854
51006,identity,0.25,3,6,1.0,0.9436073383731179,0.9584181301726252,0.9606681813022981
51006,identity,0.25,4,6,1.0,0.9510306983177382,0.9634766874441607,0.9526049956867466
51006,identity,0.25,5,6,1.0,0.951878075584682,0.9653075188710826,0.9521139088158356
51006,identity,0.25,6,6,1.0,0.9510307755214398,0.9634767272369176,0.9526049956867466
51006,identity,0.25,7,6,1.0,0.9510307309313875,0.9634766993602263,0.9526049956867466
51006,identity,0.25,8,6,1.0,0.951030708202319,0.9634766900224835,0.9526049956867466
51006,identity,0.25,9,6,1.0,0.9510307044980112,0.9634767015568051,0.9526049956867466
51006,identity,0.25,10,6,1.0,0.9474800250120116,0.959674053581394,0.9526507110104854
51006,identity,0.25,11,6,1.0,0.9474800333112686,0.9596740585234176,0.9526507110104854
51006,identity,0.5,0,12,1.0,0.95971495248543,0.9565604282125046,0.9005619945531893
51006,identity,0.5,1,12,1.0,0.9583568202112095,0.9521689097619589,0.9011755357921385
51006,identity,0.5,2,12,1.0,0.9580150894685734,0.9567125132062201,0.9098450193739365
51006,identity,0.5,3,12,1.0,0.9603044926992494,0.9628141270283815,0.9089792961213887
51006,identity,0.5,4,12,1.0,0.9617782073720545,0.9602645584948313,0.8993685907103955
51006,identity,0.5,5,12,1.0,0.9562410879301854,0.9432484675201189,0.901215868942156
51006,identity,0.5,6,12,1.0,0.9597148890490677,0.9565603803579,0.9005619945531893
51006,identity,0.5,7,12,1.0,0.9564150748876643,0.951717431517223,0.9101601030615737
51006,identity,0.5,8,12,1.0,0.9580151195297067,0.956712546227889,0.9098450193739365
51006,identity,0.5,9,12,1.0,0.9513581693024261,0.9322998118062109,0.9091443635931489
51006,identity,0.5,10,12,1.0,0.9580150886161628,0.956712539432299,0.9098450193739365
51006,identity,0.5,11,12,1.0,0.9617782357657234,0.9602646004193695,0.8993685907103955
51006,identity,0.75,0,19,1.0,0.963011283423147,0.9107789141918886,0.8445475092806194
51006,identity,0.75,1,19,1.0,0.9609289263795172,0.9186199885765961,0.8437524137311634
51006,identity,0.75,2,19,1.0,0.960928900794852,0.9186200207134035,0.8437524137311634
51006,identity,0.75,3,19,1.0,0.9630112084079626,0.9107788972452484,0.8445475092806194
51006,identity,0.75,4,19,1.0,0.9613036728788661,0.9022270794118613,0.8341784528184956
51006,identity,0.75,5,19,1.0,0.9622906076881824,0.8983608917245524,0.8445832928237117
51006,identity,0.75,6,19,1.0,0.9589176913979681,0.9141635368685279,0.8421917369100246
51006,identity,0.75,7,19,1.0,0.9630111984034362,0.9107788886695435,0.8445475092806194
51006,identity,0.75,8,19,1.0,0.9589176789025596,0.9141635534892018,0.8421917369100246
51006,identity,0.75,9,19,1.0,0.9630112781627166,0.9107789981281654,0.8445475092806194
51006,identity,0.75,10,19,1.0,0.9622906203854952,0.8983609011413034,0.8445832928237117
51006,identity,0.75,11,19,1.0,0.9630111767288188,0.9107788923205099,0.8445475092806194
51006,identity,0.9,0,22,1.0,0.9597238391926227,0.8589682172562176,0.8135147353510476
51006,identity,0.9,1,22,1.0,0.9612059401892118,0.8708275829194236,0.813910170119135
51006,identity,0.9,2,22,1.0,0.9597238324941797,0.8589682178381469,0.8135147353510476
51006,identity,0.9,3,22,1.0,0.9543192428495696,0.8525347776223444,0.8120974802921203
51006,identity,0.9,4,22,1.0,0.9597238489519644,0.8589681864815968,0.8135147353510476
51006,identity,0.9,5,22,1.0,0.9598518222894584,0.8715261961079942,0.8134374582927556
51006,identity,0.9,6,22,1.0,0.9597238306799522,0.8589682306791007,0.8135147353510476
51006,identity,0.9,7,22,1.0,0.9543192251330511,0.8525349041736707,0.8120974802921203
51006,identity,0.9,8,22,1.0,0.9612059372349442,0.8708275703654808,0.813910170119135
51006,identity,0.9,9,22,1.0,0.959723874214291,0.8589682334011656,0.8135147353510476
51006,identity,0.9,10,22,1.0,0.9597238404440094,0.8589682030343697,0.8135147353510476
51006,identity,0.9,11,22,1.0,0.9612059167930073,0.870827585645781,0.813910170119135
51007,normal,0.0,0,0,1.0,0.9161494187776887,0.9361925961109715,1.0
51007,normal,0.0,1,0,1.0,0.9161494187776887,0.9361925961109715,1.0
51007,normal,0.0,2,0,1.0,0.9161494187776887,0.9361925961109715,1.0
51007,normal,0.0,3,0,1.0,0.9161494187776887,0.9361925961109715,1.0
51007,normal,0.0,4,0,1.0,0.9161494187776887,0.9361925961109715,1.0
51007,normal,0.0,5,0,1.0,0.9161494187776887,0.9361925961109715,1.0
51007,normal,0.0,6,0,1.0,0.9161494187776887,0.9361925961109715,1.0
51007,normal,0.0,7,0,1.0,0.9161494187776887,0.9361925961109715,1.0
51007,normal,0.0,8,0,1.0,0.9161494187776887,0.9361925961109715,1.0
51007,normal,0.0,9,0,1.0,0.9161494187776887,0.9361925961109715,1.0
51007,normal,0.0,10,0,1.0,0.9161494187776887,0.9361925961109715,1.0
51007,normal,0.0,11,0,1.0,0.9161494187776887,0.9361925961109715,1.0
51007,normal,0.25,0,6,1.0,0.8449239693542547,0.9078587788897936,0.8366279582264191
51007,normal,0.25,1,6,1.0,0.8411658939695346,0.8969876957338307,0.8912710232850489
51007,normal,0.25,2,6,1.0,0.839738653315073,0.8792409682855101,0.7970937175484387
51007,normal,0.25,3,6,1.0,0.8085642474767418,0.8734644902701182,0.8359348799430777
51007,normal,0.25,4,6,1.0,0.8265402781528876,0.9024618747676676,0.7643461128479468
51007,normal,0.25,5,6,1.0,0.8550634777064637,0.913298299220685,0.869709549660989
51007,normal,0.25,6,6,1.0,0.8766923778860847,0.9150713690262782,0.8817420421307622
51007,normal,0.25,7,6,1.0,0.8663559545390132,0.9165801943363803,0.8541246462542683
51007,normal,0.25,8,6,1.0,0.8434056946947094,0.9048647908271411,0.874233864276606
51007,normal,0.25,9,6,1.0,0.8756138325802038,0.9199699513422179,0.8850789030803236
51007,normal,0.25,10,6,1.0,0.8392812310653732,0.9010110438430786,0.8348955353379385
51007,normal,0.25,11,6,1.0,0.8231482552761018,0.885980429265585,0.8470844222450878
51007,normal,0.5,0,12,1.0,0.8107693891182602,0.8563356281465887,0.7322579596086335
51007,normal,0.5,1,12,1.0,0.7616268403095156,0.803608462997431,0.7405387785957934
51007,normal,0.5,2,12,1.0,0.7957829535296748,0.8512377799203854,0.8339949043311443
51007,normal,0.5,3,12,1.0,0.7452593739438246,0.7910771705518538,0.7752977473424123
51007,normal,0.5,4,12,1.0,0.806567529565853,0.8347475213862319,0.7824078750460235
51007,normal,0.5,5,12,1.0,0.8162111207497291,0.8769686919835007,0.7702771439354129
51007,normal,0.5,6,12,1.0,0.7473320855615246,0.8020125765972291,0.7620924517723862
51007,normal,0.5,7,12,1.0,0.7623189094043268,0.8128124566783991,0.8249115061914641
51007,normal,0.5,8,12,1.0,0.764589923815892,0.8484588781451606,0.779670664608995
51007,normal,0.5,9,12,1.0,0.805938686170582,0.8646225095306882,0.8171354856486098
51007,normal,0.5,10,12,1.0,0.7708368604189174,0.8364246208951621,0.8031178499681465
51007,normal,0.5,11,12,1.0,0.754766847284866,0.8271553771577307,0.7590384674601564
51007,normal,0.75,0,19,1.0,0.7734952875322293,0.7723739019901497,0.7397691267596082
51007,normal,0.75,1,19,1.0,0.7793989553294398,0.7623563720501384,0.7611354704901281
51007,normal,0.75,2,19,1.0,0.8034658495264473,0.8035295323072789,0.7760541017311983
51007,normal,0.75,3,19,1.0,0.7791106049343348,0.806770203402118,0.763100335198325
51007,normal,0.75,4,19,1.0,0.8022574803697471,0.8142766310414715,0.7511994039049373
51007,normal,0.75,5,19,0.5,0.7799364465399664,0.748841966785037,0.7352460281804878
51007,normal,0.75,6,19,1.0,0.785665728848481,0.7840119948558427,0.71242069421182
51007,normal,0.75,7,19,1.0,0.8203102353499669,0.8000453655773312,0.7853514093512846
51007,normal,0.75,8,19,1.0,0.7996578345338835,0.830145373570209,0.719329227712915
51007,normal,0.75,9,19,1.0,0.7818326170051603,0.8082910916142636,0.7364062837371247
51007,normal,0.75,10,19,1.0,0.7384038613386343,0.7497008629559094,0.7243664167244228
51007,normal,0.75,11,19,0.5,0.7372558143191071,0.7062692890630334,0.6699067209193015
51007,normal,0.9,0,22,1.0,0.7670842780711986,0.714214002343338,0.6542989312753256
51007,normal,0.9,1,22,1.0,0.7840730487524153,0.7402026565319096,0.7255554632697586
51007,normal,0.9,2,22,1.0,0.7846545574598204,0.7286543047608434,0.7030624740427975
51007,normal,0.9,3,22,1.0,0.7632327975576202,0.7847582208626787,0.7241581483632538
51007,normal,0.9,4,22,1.0,0.7798704088905559,0.742868149759966,0.7394682761353133
51007,normal,0.9,5,22,1.0,0.819414469146099,0.8046868361770306,0.7618736301571485
51007,normal,0.9,6,22,1.0,0.7921453673018708,0.7681734243798404,0.7283321962637982
51007,normal,0.9,7,22,1.0,0.811965365849161,0.8004830498206745,0.7006045920950632
51007,normal,0.9,8,22,1.0,0.7850727279263616,0.7304323902816923,0.716674025100181
51007,normal,0.9,9,22,0.5,0.7562722726328532,0.6783008331828593,0.7051605775794844
51007,normal,0.9,10,22,1.0,0.7796944142819889,0.7626085729085753,0.7032954997847958
51007,normal,0.9,11,22,1.0,0.7564145995676158,0.7106557452297948,0.7144129476511106
51007,shuffled,0.0,0,0,1.0,0.8927134177396526,0.9241544343943506,1.0
51007,shuffled,0.0,1,0,1.0,0.8927134177396526,0.9241544343943506,1.0
51007,shuffled,0.0,2,0,1.0,0.8927134177396526,0.9241544343943506,1.0
51007,shuffled,0.0,3,0,1.0,0.8927134177396526,0.9241544343943506,1.0
51007,shuffled,0.0,4,0,1.0,0.8927134177396526,0.9241544343943506,1.0
51007,shuffled,0.0,5,0,1.0,0.8927134177396526,0.9241544343943506,1.0
51007,shuffled,0.0,6,0,1.0,0.8927134177396526,0.9241544343943506,1.0
51007,shuffled,0.0,7,0,1.0,0.8927134177396526,0.9241544343943506,1.0
51007,shuffled,0.0,8,0,1.0,0.8927134177396526,0.9241544343943506,1.0
51007,shuffled,0.0,9,0,1.0,0.8927134177396526,0.9241544343943506,1.0
51007,shuffled,0.0,10,0,1.0,0.8927134177396526,0.9241544343943506,1.0
51007,shuffled,0.0,11,0,1.0,0.8927134177396526,0.9241544343943506,1.0
51007,shuffled,0.25,0,6,1.0,0.764056832752006,0.8763423625955563,0.8740402087596968
51007,shuffled,0.25,1,6,1.0,0.8059073227427689,0.8449818965585982,0.8080424691984892
51007,shuffled,0.25,2,6,1.0,0.8345558640524459,0.893689622110277,0.8259277695213976
51007,shuffled,0.25,3,6,1.0,0.8338656801463077,0.9035332198529281,0.8492034717176555
51007,shuffled,0.25,4,6,1.0,0.8157734268636887,0.8945223012778079,0.8738861638676946
51007,shuffled,0.25,5,6,1.0,0.8253248244742606,0.8859632329673184,0.815345674064536
51007,shuffled,0.25,6,6,1.0,0.8486766037934577,0.9063346193823666,0.8741348060178669
51007,shuffled,0.25,7,6,1.0,0.8477348331121646,0.9038685124489008,0.7683446647372973
51007,shuffled,0.25,8,6,1.0,0.8543649324888437,0.8862481507567243,0.8393615002334843
51007,shuffled,0.25,9,6,1.0,0.8261293941675427,0.8778505250167682,0.8618402624905331
51007,shuffled,0.25,10,6,1.0,0.8380727252174733,0.8864800165112318,0.8154026003128763
51007,shuffled,0.25,11,6,1.0,0.8188442540960733,0.8856837513792495,0.85336366598831
51007,shuffled,0.5,0,12,1.0,0.8299816584616343,0.8422732773639836,0.787879540282385
51007,shuffled,0.5,1,12,1.0,0.7555477152252031,0.8071949865663897,0.6415794601330149
51007,shuffled,0.5,2,12,1.0,0.7569962657811056,0.7474005931004521,0.6503331601625385
51007,shuffled,0.5,3,12,1.0,0.8117343304710576,0.8723413308126626,0.8644559061513561
51007,shuffled,0.5,4,12,1.0,0.7837008498296189,0.8039489093850399,0.6951866819482484
51007,shuffled,0.5,5,12,1.0,0.702670486502004,0.7604508675028867,0.6723582167907679
51007,shuffled,0.5,6,12,1.0,0.7510587376227013,0.8532307537645714,0.7841994073570041
51007,shuffled,0.5,7,12,1.0,0.8166615475767495,0.8690686916330991,0.7755737182956863
51007,shuffled,0.5,8,12,1.0,0.7515561902334298,0.8491099795648472,0.7795143065723269
51007,shuffled,0.5,9,12,1.0,0.8342309487989684,0.8779015356075911,0.7243893382400728
51007,shuffled,0.5,10,12,1.0,0.7846638656323697,0.8322973952235594,0.6662242524304002
51007,shuffled,0.5,11,12,1.0,0.7957081245073249,0.8329346635066899,0.7484783913838187
51007,shuffled,0.75,0,19,1.0,0.7477768932217461,0.7678672792961427,0.59512826735412
51007,shuffled,0.75,1,19,1.0,0.6938592674432479,0.603412737943247,0.5418384685210672
51007,shuffled,0.75,2,19,1.0,0.7441261841020318,0.7295147694143728,0.5859012968452741
51007,shuffled,0.75,3,19,1.0,0.7744207282452014,0.7757803467918921,0.6595980537369043
51007,shuffled,0.75,4,19,1.0,0.7677612284733825,0.7802236287910354,0.649084523092771
51007,shuffled,0.75,5,19,1.0,0.7871166665471232,0.7818400868157878,0.6304867975620614
51007,shuffled,0.75,6,19,1.0,0.7640959131970361,0.7789353190557671,0.6849500319027381
51007,shuffled,0.75,7,19,1.0,0.8064722795439262,0.8160449091997449,0.7262138092935458
51007,shuffled,0.75,8,19,1.0,0.7689952282135954,0.8248423068568674,0.7041349157020059
51007,shuffled,0.75,9,19,1.0,0.7562635647564325,0.7552972971493659,0.6286879079584099
51007,shuffled,0.75,10,19,1.0,0.7826714816743245,0.7826726336416576,0.5945978618889288
51007,shuffled,0.75,11,19,1.0,0.7960568926235763,0.8019242462112782,0.631601925038984
51007,shuffled,0.9,0,22,1.0,0.7586457701150945,0.7111406585615302,0.6293965287345583
51007,shuffled,0.9,1,22,1.0,0.7645470338462491,0.758695266390451,0.6537246647871268
51007,shuffled,0.9,2,22,1.0,0.7887394256138469,0.7574766652834347,0.5846218886295377
51007,shuffled,0.9,3,22,1.0,0.7739180787152294,0.7561794487804767,0.5992072581953646
51007,shuffled,0.9,4,22,1.0,0.7630631232099835,0.7854545898548057,0.6968146450552613
51007,shuffled,0.9,5,22,1.0,0.7535786611866685,0.7548753869933056,0.6753663062166188
51007,shuffled,0.9,6,22,1.0,0.7740462162031037,0.7354483710393781,0.611126705379222
51007,shuffled,0.9,7,22,1.0,0.7723857355260244,0.7723815432166677,0.6744160917891601
51007,shuffled,0.9,8,22,1.0,0.7441422004581346,0.719053845798502,0.6243943510153604
51007,shuffled,0.9,9,22,1.0,0.763998504506223,0.7190169455714982,0.6179193074802427
51007,shuffled,0.9,10,22,1.0,0.7573457687428129,0.7327989999691181,0.684597136814666
51007,shuffled,0.9,11,22,1.0,0.8187581863077541,0.759558806764909,0.6575483224665688
51007,dense,0.0,0,0,0.5,0.257077517788296,0.21372678049557636,0.9999999999999999
51007,dense,0.0,1,0,0.5,0.257077517788296,0.21372678049557636,0.9999999999999999
51007,dense,0.0,2,0,0.5,0.257077517788296,0.21372678049557636,0.9999999999999999
51007,dense,0.0,3,0,0.5,0.257077517788296,0.21372678049557636,0.9999999999999999
51007,dense,0.0,4,0,0.5,0.257077517788296,0.21372678049557636,0.9999999999999999
51007,dense,0.0,5,0,0.5,0.257077517788296,0.21372678049557636,0.9999999999999999
51007,dense,0.0,6,0,0.5,0.257077517788296,0.21372678049557636,0.9999999999999999
51007,dense,0.0,7,0,0.5,0.257077517788296,0.21372678049557636,0.9999999999999999
51007,dense,0.0,8,0,0.5,0.257077517788296,0.21372678049557636,0.9999999999999999
51007,dense,0.0,9,0,0.5,0.257077517788296,0.21372678049557636,0.9999999999999999
51007,dense,0.0,10,0,0.5,0.257077517788296,0.21372678049557636,0.9999999999999999
51007,dense,0.0,11,0,0.5,0.257077517788296,0.21372678049557636,0.9999999999999999
51007,dense,0.25,0,6,0.5,0.257077517788296,0.21372678049557636,0.9999999999999999
51007,dense,0.25,1,6,0.5,0.257077517788296,0.21372678049557636,0.9999999999999999
51007,dense,0.25,2,6,0.5,0.257077517788296,0.21372678049557636,0.9999999999999999
51007,dense,0.25,3,6,0.5,0.257077517788296,0.21372678049557636,0.9999999999999999
51007,dense,0.25,4,6,0.5,0.257077517788296,0.21372678049557636,0.9999999999999999
51007,dense,0.25,5,6,0.5,0.257077517788296,0.21372678049557636,0.9999999999999999
51007,dense,0.25,6,6,0.5,0.257077517788296,0.21372678049557636,0.9999999999999999
51007,dense,0.25,7,6,0.5,0.257077517788296,0.21372678049557636,0.9999999999999999
51007,dense,0.25,8,6,0.5,0.257077517788296,0.21372678049557636,0.9999999999999999
51007,dense,0.25,9,6,0.5,0.257077517788296,0.21372678049557636,0.9999999999999999
51007,dense,0.25,10,6,0.5,0.257077517788296,0.21372678049557636,0.9999999999999999
51007,dense,0.25,11,6,0.5,0.257077517788296,0.21372678049557636,0.9999999999999999
51007,dense,0.5,0,12,0.5,0.257077517788296,0.21372678049557636,0.9999999999999999
51007,dense,0.5,1,12,0.5,0.257077517788296,0.21372678049557636,0.9999999999999999
51007,dense,0.5,2,12,0.5,0.257077517788296,0.21372678049557636,0.9999999999999999
51007,dense,0.5,3,12,0.5,0.257077517788296,0.21372678049557636,0.9999999999999999
51007,dense,0.5,4,12,0.5,0.257077517788296,0.21372678049557636,0.9999999999999999
51007,dense,0.5,5,12,0.5,0.257077517788296,0.21372678049557636,0.9999999999999999
51007,dense,0.5,6,12,0.5,0.257077517788296,0.21372678049557636,0.9999999999999999
51007,dense,0.5,7,12,0.5,0.257077517788296,0.21372678049557636,0.9999999999999999
51007,dense,0.5,8,12,0.5,0.257077517788296,0.21372678049557636,0.9999999999999999
51007,dense,0.5,9,12,0.5,0.257077517788296,0.21372678049557636,0.9999999999999999
51007,dense,0.5,10,12,0.5,0.257077517788296,0.21372678049557636,0.9999999999999999
51007,dense,0.5,11,12,0.5,0.257077517788296,0.21372678049557636,0.9999999999999999
51007,dense,0.75,0,19,0.5,0.257077517788296,0.21372678049557636,0.9999999999999999
51007,dense,0.75,1,19,0.5,0.257077517788296,0.21372678049557636,0.9999999999999999
51007,dense,0.75,2,19,0.5,0.257077517788296,0.21372678049557636,0.9999999999999999
51007,dense,0.75,3,19,0.5,0.257077517788296,0.21372678049557636,0.9999999999999999
51007,dense,0.75,4,19,0.5,0.257077517788296,0.21372678049557636,0.9999999999999999
51007,dense,0.75,5,19,0.5,0.257077517788296,0.21372678049557636,0.9999999999999999
51007,dense,0.75,6,19,0.5,0.257077517788296,0.21372678049557636,0.9999999999999999
51007,dense,0.75,7,19,0.5,0.257077517788296,0.21372678049557636,0.9999999999999999
51007,dense,0.75,8,19,0.5,0.257077517788296,0.21372678049557636,0.9999999999999999
51007,dense,0.75,9,19,0.5,0.257077517788296,0.21372678049557636,0.9999999999999999
51007,dense,0.75,10,19,0.5,0.257077517788296,0.21372678049557636,0.9999999999999999
51007,dense,0.75,11,19,0.5,0.257077517788296,0.21372678049557636,0.9999999999999999
51007,dense,0.9,0,22,0.5,0.257077517788296,0.21372678049557636,0.9999999999999999
51007,dense,0.9,1,22,0.5,0.257077517788296,0.21372678049557636,0.9999999999999999
51007,dense,0.9,2,22,0.5,0.257077517788296,0.21372678049557636,0.9999999999999999
51007,dense,0.9,3,22,0.5,0.257077517788296,0.21372678049557636,0.9999999999999999
51007,dense,0.9,4,22,0.5,0.257077517788296,0.21372678049557636,0.9999999999999999
51007,dense,0.9,5,22,0.5,0.257077517788296,0.21372678049557636,0.9999999999999999
51007,dense,0.9,6,22,0.5,0.257077517788296,0.21372678049557636,0.9999999999999999
51007,dense,0.9,7,22,0.5,0.257077517788296,0.21372678049557636,0.9999999999999999
51007,dense,0.9,8,22,0.5,0.257077517788296,0.21372678049557636,0.9999999999999999
51007,dense,0.9,9,22,0.5,0.257077517788296,0.21372678049557636,0.9999999999999999
51007,dense,0.9,10,22,0.5,0.257077517788296,0.21372678049557636,0.9999999999999999
51007,dense,0.9,11,22,0.5,0.257077517788296,0.21372678049557636,0.9999999999999999
51007,identity,0.0,0,0,1.0,0.8474734627114331,0.9204196738807887,1.0
51007,identity,0.0,1,0,1.0,0.8474734627114331,0.9204196738807887,1.0
51007,identity,0.0,2,0,1.0,0.8474734627114331,0.9204196738807887,1.0
51007,identity,0.0,3,0,1.0,0.8474734627114331,0.9204196738807887,1.0
51007,identity,0.0,4,0,1.0,0.8474734627114331,0.9204196738807887,1.0
51007,identity,0.0,5,0,1.0,0.8474734627114331,0.9204196738807887,1.0
51007,identity,0.0,6,0,1.0,0.8474734627114331,0.9204196738807887,1.0
51007,identity,0.0,7,0,1.0,0.8474734627114331,0.9204196738807887,1.0
51007,identity,0.0,8,0,1.0,0.8474734627114331,0.9204196738807887,1.0
51007,identity,0.0,9,0,1.0,0.8474734627114331,0.9204196738807887,1.0
51007,identity,0.0,10,0,1.0,0.8474734627114331,0.9204196738807887,1.0
51007,identity,0.0,11,0,1.0,0.8474734627114331,0.9204196738807887,1.0
51007,identity,0.25,0,6,1.0,0.8742785684435133,0.9286857931405471,0.951498295068674
51007,identity,0.25,1,6,1.0,0.8658003095642876,0.9228080554677281,0.952811328907714
51007,identity,0.25,2,6,1.0,0.8658002357878688,0.9228080152580053,0.952811328907714
51007,identity,0.25,3,6,1.0,0.8650092954053835,0.9244157348112662,0.9608292865025683
51007,identity,0.25,4,6,1.0,0.8704682872012737,0.9262352061830224,0.9523716744185846
51007,identity,0.25,5,6,1.0,0.8658002768346885,0.9228080280993178,0.952811328907714
51007,identity,0.25,6,6,1.0,0.8689051658870508,0.9269123818946027,0.9601834761814478
51007,identity,0.25,7,6,1.0,0.8613166803297151,0.9212958481474955,0.9610578552814644
51007,identity,0.25,8,6,1.0,0.8619582273062001,0.917977712703208,0.9528172044316101
51007,identity,0.25,9,6,1.0,0.8658002767389748,0.9228080688073753,0.952811328907714
51007,identity,0.25,10,6,1.0,0.8742785405449233,0.9286857889525011,0.951498295068674
51007,identity,0.25,11,6,1.0,0.8658003265299903,0.9228080491307721,0.952811328907714
51007,identity,0.5,0,12,1.0,0.8862927210204665,0.9190730759713189,0.9008159396858886
51007,identity,0.5,1,12,1.0,0.8827107677068967,0.9183831407718513,0.9100145078641327
51007,identity,0.5,2,12,1.0,0.8806870550304255,0.8947397647914234,0.9011701954309338
51007,identity,0.5,3,12,1.0,0.8806870358584782,0.8947397463376642,0.9011701954309338
51007,identity,0.5,4,12,1.0,0.8853280006136149,0.9251918618983292,0.9092979688719572
51007,identity,0.5,5,12,1.0,0.8827107859119288,0.9183830883742062,0.9100145078641327
51007,identity,0.5,6,12,1.0,0.886292563876804,0.919073087447377,0.9008159396858886
51007,identity,0.5,7,12,1.0,0.8842435826838632,0.9090944111893576,0.9012699381619718
51007,identity,0.5,8,12,1.0,0.8862926338177358,0.9190730976056558,0.9008159396858886
51007,identity,0.5,9,12,1.0,0.8862926339179537,0.9190730824391851,0.9008159396858886
51007,identity,0.5,10,12,1.0,0.8853280767296746,0.9251919175788178,0.9092979688719572
51007,identity,0.5,11,12,1.0,0.8797715338582224,0.9076752660162497,0.9102012859728729
51007,identity,0.75,0,19,1.0,0.8955637420046617,0.8829873426892741,0.8430458889018343
51007,identity,0.75,1,19,1.0,0.8924090931165365,0.8605908198821764,0.8447094321969183
51007,identity,0.75,2,19,1.0,0.892409058271354,0.8605908069255445,0.8447094321969183
51007,identity,0.75,3,19,1.0,0.8955637454375028,0.8829873577383122,0.8430458889018343
51007,identity,0.75,4,19,1.0,0.8924090554797699,0.8605908359054958,0.8447094321969183
51007,identity,0.75,5,19,1.0,0.8936594207736127,0.8556838918688432,0.8345526187615678
51007,identity,0.75,6,19,1.0,0.8924090160650918,0.860590701683643,0.8447094321969183
51007,identity,0.75,7,19,1.0,0.8977476949803902,0.8779871503750156,0.8320856283123348
51007,identity,0.75,8,19,1.0,0.8941871362531535,0.8724889091575379,0.8442411794763655
51007,identity,0.75,9,19,1.0,0.8955637442900491,0.882987241805818,0.8430458889018343
51007,identity,0.75,10,19,1.0,0.894187236195141,0.8724887958856707,0.8442411794763655
51007,identity,0.75,11,19,1.0,0.8941871703527413,0.8724888300814244,0.8442411794763655
51007,identity,0.9,0,22,1.0,0.8974499674417921,0.844792037958962,0.8130523701647364
51007,identity,0.9,1,22,1.0,0.8974499488990446,0.844791959901528,0.8130523701647364
51007,identity,0.9,2,22,1.0,0.8929760228866283,0.8293144537726634,0.8140124217542898
51007,identity,0.9,3,22,1.0,0.8974499303789161,0.8447919999513523,0.8130523701647364
51007,identity,0.9,4,22,1.0,0.8970442445602613,0.8301227590040032,0.802987114047529
51007,identity,0.9,5,22,1.0,0.8929760211257377,0.8293144851800416,0.8140124217542898
51007,identity,0.9,6,22,1.0,0.8929760183700067,0.8293144890419712,0.8140124217542898
51007,identity,0.9,7,22,1.0,0.8986790933310661,0.848123258459908,0.8113235023683418
51007,identity,0.9,8,22,1.0,0.8974499171427618,0.8447919581977122,0.8130523701647364
51007,identity,0.9,9,22,1.0,0.8948603147054157,0.8351228356028644,0.8139473746370283
51007,identity,0.9,10,22,1.0,0.898679085467434,0.8481233299251629,0.8113235023683418
51007,identity,0.9,11,22,1.0,0.8948603117100039,0.8351228392595719,0.8139473746370283
51008,normal,0.0,0,0,1.0,0.9034954730493697,0.9462406756817044,1.0
51008,normal,0.0,1,0,1.0,0.9034954730493697,0.9462406756817044,1.0
51008,normal,0.0,2,0,1.0,0.9034954730493697,0.9462406756817044,1.0
51008,normal,0.0,3,0,1.0,0.9034954730493697,0.9462406756817044,1.0
51008,normal,0.0,4,0,1.0,0.9034954730493697,0.9462406756817044,1.0
51008,normal,0.0,5,0,1.0,0.9034954730493697,0.9462406756817044,1.0
51008,normal,0.0,6,0,1.0,0.9034954730493697,0.9462406756817044,1.0
51008,normal,0.0,7,0,1.0,0.9034954730493697,0.9462406756817044,1.0
51008,normal,0.0,8,0,1.0,0.9034954730493697,0.9462406756817044,1.0
51008,normal,0.0,9,0,1.0,0.9034954730493697,0.9462406756817044,1.0
51008,normal,0.0,10,0,1.0,0.9034954730493697,0.9462406756817044,1.0
51008,normal,0.0,11,0,1.0,0.9034954730493697,0.9462406756817044,1.0
51008,normal,0.25,0,6,1.0,0.8413809940648558,0.9081717247492148,0.8263029793863131
51008,normal,0.25,1,6,1.0,0.814656630424616,0.861294916242663,0.8549636245724725
51008,normal,0.25,2,6,1.0,0.856766023742246,0.9210122456404846,0.8712093817105907
51008,normal,0.25,3,6,1.0,0.792119701096217,0.8287427214928441,0.7839118588016619
51008,normal,0.25,4,6,0.5,0.8237258734495501,0.8628540677437583,0.8298405148474555
51008,normal,0.25,5,6,1.0,0.8238850339659275,0.8764843297654135,0.8387280510237168
51008,normal,0.25,6,6,1.0,0.8301370714157464,0.874982703569149,0.8370086476845623
51008,normal,0.25,7,6,1.0,0.8395738803232631,0.9102652486371093,0.8470805874835196
51008,normal,0.25,8,6,1.0,0.8572301570919266,0.9148094043631404,0.8822281910122594
51008,normal,0.25,9,6,1.0,0.8449946345702688,0.9020763392333458,0.8151215724331695
51008,normal,0.25,10,6,1.0,0.808046336352292,0.8424279307301572,0.8008202270043663
51008,normal,0.25,11,6,1.0,0.8349441577931664,0.8694147338713496,0.7859266501730555
51008,normal,0.5,0,12,1.0,0.8359533361196166,0.8389360754248609,0.7935677278439934
51008,normal,0.5,1,12,1.0,0.7734677326780098,0.7688255446270243,0.7187012788136513
51008,normal,0.5,2,12,1.0,0.7623465863633219,0.8000672794968782,0.7331868605185187
51008,normal,0.5,3,12,0.5,0.7848849868778138,0.786353109571136,0.7567177933960035
51008,normal,0.5,4,12,1.0,0.8498887786655464,0.9069475797219405,0.8295865502744113
51008,normal,0.5,5,12,1.0,0.7567631270351852,0.7689951575123821,0.7807024149964543
51008,normal,0.5,6,12,1.0,0.8359579990931987,0.8480657769067694,0.748545365269981
51008,normal,0.5,7,12,1.0,0.7986691996546925,0.7504006702284136,0.6845467874904233
51008,normal,0.5,8,12,1.0,0.8278874379841092,0.833144262170027,0.7296657787602389
51008,normal,0.5,9,12,1.0,0.8440989999811621,0.8706751155111772,0.7023587609894106
51008,normal,0.5,10,12,1.0,0.8314443143063819,0.8432762003594791,0.7548430961920508
51008,normal,0.5,11,12,1.0,0.853651874871098,0.89072017704409,0.7313316406047545
51008,normal,0.75,0,19,0.5,0.7408618975900906,0.6505439565306144,0.6755511626158479
51008,normal,0.75,1,19,1.0,0.7828863974681833,0.7204223512451773,0.6440622681655833
51008,normal,0.75,2,19,1.0,0.8254849581343491,0.7746127767598304,0.7050376097093661
51008,normal,0.75,3,19,1.0,0.8043576318145094,0.7836183166714029,0.7031153753348505
51008,normal,0.75,4,19,0.5,0.81359940749731,0.8037529837407255,0.7187598088854429
51008,normal,0.75,5,19,1.0,0.7526268061484116,0.6933018485934468,0.7240383454077928
51008,normal,0.75,6,19,0.5,0.7640845637575063,0.6887543218610014,0.662164904771698
51008,normal,0.75,7,19,1.0,0.7345949568208691,0.6105896355525153,0.6648297951930027
51008,normal,0.75,8,19,1.0,0.8250722307715003,0.7719595646127543,0.7774655544225507
51008,normal,0.75,9,19,1.0,0.7962202573153264,0.795745823920817,0.7083514394090238
51008,normal,0.75,10,19,0.5,0.7449237961727833,0.6415613406667495,0.6233770740458024
51008,normal,0.75,11,19,0.5,0.7996050871115624,0.7617692541183497,0.6879611265293538
51008,normal,0.9,0,22,0.5,0.7878575763969523,0.7117925915903496,0.6100043371876793
51008,normal,0.9,1,22,0.5,0.7996675851799587,0.6868107786830292,0.6584753987075294
51008,normal,0.9,2,22,0.5,0.8058056955969021,0.7158838328270473,0.6542840769366116
51008,normal,0.9,3,22,0.5,0.7737654100667025,0.6652346982972507,0.6925669378420403
51008,normal,0.9,4,22,0.5,0.7638528748182535,0.6642879176536259,0.6359915642394205
51008,normal,0.9,5,22,1.0,0.7919143390948282,0.6882563714443449,0.6488979005076516
51008,normal,0.9,6,22,0.5,0.7795332298666996,0.7001746214338306,0.6702265339740393
51008,normal,0.9,7,22,0.5,0.7950602768703687,0.6822419170137121,0.6534973211518266
51008,normal,0.9,8,22,1.0,0.7802178928751131,0.671660240949267,0.6112403386745839
51008,normal,0.9,9,22,0.5,0.7830773425272339,0.665819299015882,0.6473203406055295
51008,normal,0.9,10,22,0.5,0.7990275247566315,0.6725974874090221,0.628026791854431
51008,normal,0.9,11,22,1.0,0.7946685103309504,0.7325690684284707,0.683392650877586
51008,shuffled,0.0,0,0,1.0,0.8890708449645168,0.9401498214400864,1.0
51008,shuffled,0.0,1,0,1.0,0.8890708449645168,0.9401498214400864,1.0
51008,shuffled,0.0,2,0,1.0,0.8890708449645168,0.9401498214400864,1.0
51008,shuffled,0.0,3,0,1.0,0.8890708449645168,0.9401498214400864,1.0
51008,shuffled,0.0,4,0,1.0,0.8890708449645168,0.9401498214400864,1.0
51008,shuffled,0.0,5,0,1.0,0.8890708449645168,0.9401498214400864,1.0
51008,shuffled,0.0,6,0,1.0,0.8890708449645168,0.9401498214400864,1.0
51008,shuffled,0.0,7,0,1.0,0.8890708449645168,0.9401498214400864,1.0
51008,shuffled,0.0,8,0,1.0,0.8890708449645168,0.9401498214400864,1.0
51008,shuffled,0.0,9,0,1.0,0.8890708449645168,0.9401498214400864,1.0
51008,shuffled,0.0,10,0,1.0,0.8890708449645168,0.9401498214400864,1.0
51008,shuffled,0.0,11,0,1.0,0.8890708449645168,0.9401498214400864,1.0
51008,shuffled,0.25,0,6,1.0,0.8437772089638483,0.9283516007131928,0.8814342601591473
51008,shuffled,0.25,1,6,1.0,0.8509820773517195,0.8839932760599503,0.871548368928153
51008,shuffled,0.25,2,6,1.0,0.825451564122485,0.8962274339754369,0.8295967660489876
51008,shuffled,0.25,3,6,1.0,0.8487606469736052,0.8950627483523274,0.8365981367387237
51008,shuffled,0.25,4,6,1.0,0.8457238377143957,0.9036463652302953,0.8430339631647635
51008,shuffled,0.25,5,6,1.0,0.872764262334022,0.90176110496737,0.8502733834157149
51008,shuffled,0.25,6,6,1.0,0.8511680450787387,0.9107438409873987,0.8807396570021743
51008,shuffled,0.25,7,6,1.0,0.8142116451105536,0.857880208265812,0.8243886406771693
51008,shuffled,0.25,8,6,1.0,0.8680161036398241,0.8828673141756715,0.8755781990140281
51008,shuffled,0.25,9,6,1.0,0.833577250407836,0.8844649947294595,0.8263911948476195
51008,shuffled,0.25,10,6,1.0,0.8033821913688076,0.8767545503391522,0.810226892381335
51008,shuffled,0.25,11,6,1.0,0.8246322976547428,0.8757922171550184,0.8570540735624388
51008,shuffled,0.5,0,12,1.0,0.7821447281044468,0.7982316794565036,0.7201454151914217
51008,shuffled,0.5,1,12,1.0,0.8363795448506807,0.7629706867427615,0.7303404178228677
51008,shuffled,0.5,2,12,1.0,0.8240122170550265,0.8327925752332991,0.7908699748381076
51008,shuffled,0.5,3,12,1.0,0.7825997759931136,0.7234619919359072,0.6747945887825386
51008,shuffled,0.5,4,12,1.0,0.8028060998485145,0.8109738975757668,0.7311191043500154
51008,shuffled,0.5,5,12,1.0,0.8109909665199092,0.8543529591129309,0.7938766614459222
51008,shuffled,0.5,6,12,1.0,0.8516185524287367,0.9054730104377081,0.8014445011755132
51008,shuffled,0.5,7,12,1.0,0.759963366943488,0.7406885972126166,0.7465915669676224
51008,shuffled,0.5,8,12,1.0,0.8049408793505631,0.7903763509249392,0.7506021963879926
51008,shuffled,0.5,9,12,1.0,0.7958831486460162,0.7903539492396554,0.7784406402365965
51008,shuffled,0.5,10,12,1.0,0.8021952077511156,0.8310528731216472,0.7430524348151053
51008,shuffled,0.5,11,12,1.0,0.8463387534710524,0.8668126925333651,0.7391927707401744
51008,shuffled,0.75,0,19,1.0,0.7861244735611246,0.7462375217241534,0.6667486968463394
51008,shuffled,0.75,1,19,1.0,0.7690290377179696,0.7293689534986275,0.6311854817770588
51008,shuffled,0.75,2,19,1.0,0.799374881968274,0.7215892570745298,0.6513801487766554
51008,shuffled,0.75,3,19,1.0,0.8223575399746528,0.7358718773375423,0.6425465956876397
51008,shuffled,0.75,4,19,1.0,0.8076793420538689,0.7343317416073215,0.6206618841967626
51008,shuffled,0.75,5,19,1.0,0.8268962263780227,0.6957432667417252,0.6274928800717489
51008,shuffled,0.75,6,19,1.0,0.8050498240796777,0.7398616933026777,0.6378017563059738
51008,shuffled,0.75,7,19,1.0,0.8374252342715083,0.7954932126884993,0.6847114990255707
51008,shuffled,0.75,8,19,1.0,0.8208903568549667,0.7201409017451607,0.6669836823046432
51008,shuffled,0.75,9,19,1.0,0.812188669392492,0.7751541058939891,0.6596218744051556
51008,shuffled,0.75,10,19,1.0,0.7741441418250458,0.6830966932867797,0.6299399245938019
51008,shuffled,0.75,11,19,1.0,0.8159724787848474,0.7267568498191882,0.6770255777886441
51008,shuffled,0.9,0,22,1.0,0.8142946596317008,0.6992211882023659,0.6024536259516183
51008,shuffled,0.9,1,22,1.0,0.8199770725751544,0.7423445116987408,0.6093668369060867
51008,shuffled,0.9,2,22,1.0,0.826577333484463,0.6832570674329231,0.6120327325372912
51008,shuffled,0.9,3,22,1.0,0.8217902179169881,0.686141818600873,0.5870809348967296
51008,shuffled,0.9,4,22,1.0,0.7891412411806513,0.6541242362705585,0.6101544596927548
51008,shuffled,0.9,5,22,1.0,0.8076927851001624,0.6574352269440772,0.6026631754113203
51008,shuffled,0.9,6,22,1.0,0.797713678206095,0.6310470651321376,0.5707082852062262
51008,shuffled,0.9,7,22,1.0,0.7936630860762689,0.7172501219952601,0.658947208995298
51008,shuffled,0.9,8,22,1.0,0.7884221988282804,0.6381397700702754,0.5783235641372815
51008,shuffled,0.9,9,22,1.0,0.80268322492521,0.6712837776171987,0.6175538686830608
51008,shuffled,0.9,10,22,1.0,0.8218545244303295,0.7247816504840976,0.6377958849944022
51008,shuffled,0.9,11,22,1.0,0.8170435334347532,0.739992155722647,0.6292142775415558
51008,dense,0.0,0,0,0.5,0.2786966822859501,0.25118807294657197,0.9999999999999999
51008,dense,0.0,1,0,0.5,0.2786966822859501,0.25118807294657197,0.9999999999999999
51008,dense,0.0,2,0,0.5,0.2786966822859501,0.25118807294657197,0.9999999999999999
51008,dense,0.0,3,0,0.5,0.2786966822859501,0.25118807294657197,0.9999999999999999
51008,dense,0.0,4,0,0.5,0.2786966822859501,0.25118807294657197,0.9999999999999999
51008,dense,0.0,5,0,0.5,0.2786966822859501,0.25118807294657197,0.9999999999999999
51008,dense,0.0,6,0,0.5,0.2786966822859501,0.25118807294657197,0.9999999999999999
51008,dense,0.0,7,0,0.5,0.2786966822859501,0.25118807294657197,0.9999999999999999
51008,dense,0.0,8,0,0.5,0.2786966822859501,0.25118807294657197,0.9999999999999999
51008,dense,0.0,9,0,0.5,0.2786966822859501,0.25118807294657197,0.9999999999999999
51008,dense,0.0,10,0,0.5,0.2786966822859501,0.25118807294657197,0.9999999999999999
51008,dense,0.0,11,0,0.5,0.2786966822859501,0.25118807294657197,0.9999999999999999
51008,dense,0.25,0,6,0.5,0.2786966822859501,0.25118807294657197,0.9999999999999999
51008,dense,0.25,1,6,0.5,0.2786966822859501,0.25118807294657197,0.9999999999999999
51008,dense,0.25,2,6,0.5,0.2786966822859501,0.25118807294657197,0.9999999999999999
51008,dense,0.25,3,6,0.5,0.2786966822859501,0.25118807294657197,0.9999999999999999
51008,dense,0.25,4,6,0.5,0.2786966822859501,0.25118807294657197,0.9999999999999999
51008,dense,0.25,5,6,0.5,0.2786966822859501,0.25118807294657197,0.9999999999999999
51008,dense,0.25,6,6,0.5,0.2786966822859501,0.25118807294657197,0.9999999999999999
51008,dense,0.25,7,6,0.5,0.2786966822859501,0.25118807294657197,0.9999999999999999
51008,dense,0.25,8,6,0.5,0.2786966822859501,0.25118807294657197,0.9999999999999999
51008,dense,0.25,9,6,0.5,0.2786966822859501,0.25118807294657197,0.9999999999999999
51008,dense,0.25,10,6,0.5,0.2786966822859501,0.25118807294657197,0.9999999999999999
51008,dense,0.25,11,6,0.5,0.2786966822859501,0.25118807294657197,0.9999999999999999
51008,dense,0.5,0,12,0.5,0.2786966822859501,0.25118807294657197,0.9999999999999999
51008,dense,0.5,1,12,0.5,0.2786966822859501,0.25118807294657197,0.9999999999999999
51008,dense,0.5,2,12,0.5,0.2786966822859501,0.25118807294657197,0.9999999999999999
51008,dense,0.5,3,12,0.5,0.2786966822859501,0.25118807294657197,0.9999999999999999
51008,dense,0.5,4,12,0.5,0.2786966822859501,0.25118807294657197,0.9999999999999999
51008,dense,0.5,5,12,0.5,0.2786966822859501,0.25118807294657197,0.9999999999999999
51008,dense,0.5,6,12,0.5,0.2786966822859501,0.25118807294657197,0.9999999999999999
51008,dense,0.5,7,12,0.5,0.2786966822859501,0.25118807294657197,0.9999999999999999
51008,dense,0.5,8,12,0.5,0.2786966822859501,0.25118807294657197,0.9999999999999999
51008,dense,0.5,9,12,0.5,0.2786966822859501,0.25118807294657197,0.9999999999999999
51008,dense,0.5,10,12,0.5,0.2786966822859501,0.25118807294657197,0.9999999999999999
51008,dense,0.5,11,12,0.5,0.2786966822859501,0.25118807294657197,0.9999999999999999
51008,dense,0.75,0,19,0.5,0.2786966822859501,0.25118807294657197,0.9999999999999999
51008,dense,0.75,1,19,0.5,0.2786966822859501,0.25118807294657197,0.9999999999999999
51008,dense,0.75,2,19,0.5,0.2786966822859501,0.25118807294657197,0.9999999999999999
51008,dense,0.75,3,19,0.5,0.2786966822859501,0.25118807294657197,0.9999999999999999
51008,dense,0.75,4,19,0.5,0.2786966822859501,0.25118807294657197,0.9999999999999999
51008,dense,0.75,5,19,0.5,0.2786966822859501,0.25118807294657197,0.9999999999999999
51008,dense,0.75,6,19,0.5,0.2786966822859501,0.25118807294657197,0.9999999999999999
51008,dense,0.75,7,19,0.5,0.2786966822859501,0.25118807294657197,0.9999999999999999
51008,dense,0.75,8,19,0.5,0.2786966822859501,0.25118807294657197,0.9999999999999999
51008,dense,0.75,9,19,0.5,0.2786966822859501,0.25118807294657197,0.9999999999999999
51008,dense,0.75,10,19,0.5,0.2786966822859501,0.25118807294657197,0.9999999999999999
51008,dense,0.75,11,19,0.5,0.2786966822859501,0.25118807294657197,0.9999999999999999
51008,dense,0.9,0,22,0.5,0.2786966822859501,0.25118807294657197,0.9999999999999999
51008,dense,0.9,1,22,0.5,0.2786966822859501,0.25118807294657197,0.9999999999999999
51008,dense,0.9,2,22,0.5,0.2786966822859501,0.25118807294657197,0.9999999999999999
51008,dense,0.9,3,22,0.5,0.2786966822859501,0.25118807294657197,0.9999999999999999
51008,dense,0.9,4,22,0.5,0.2786966822859501,0.25118807294657197,0.9999999999999999
51008,dense,0.9,5,22,0.5,0.2786966822859501,0.25118807294657197,0.9999999999999999
51008,dense,0.9,6,22,0.5,0.2786966822859501,0.25118807294657197,0.9999999999999999
51008,dense,0.9,7,22,0.5,0.2786966822859501,0.25118807294657197,0.9999999999999999
51008,dense,0.9,8,22,0.5,0.2786966822859501,0.25118807294657197,0.9999999999999999
51008,dense,0.9,9,22,0.5,0.2786966822859501,0.25118807294657197,0.9999999999999999
51008,dense,0.9,10,22,0.5,0.2786966822859501,0.25118807294657197,0.9999999999999999
51008,dense,0.9,11,22,0.5,0.2786966822859501,0.25118807294657197,0.9999999999999999
51008,identity,0.0,0,0,1.0,0.9757975231251389,0.9850656497376176,1.0
51008,identity,0.0,1,0,1.0,0.9757975231251389,0.9850656497376176,1.0
51008,identity,0.0,2,0,1.0,0.9757975231251389,0.9850656497376176,1.0
51008,identity,0.0,3,0,1.0,0.9757975231251389,0.9850656497376176,1.0
51008,identity,0.0,4,0,1.0,0.9757975231251389,0.9850656497376176,1.0
51008,identity,0.0,5,0,1.0,0.9757975231251389,0.9850656497376176,1.0
51008,identity,0.0,6,0,1.0,0.9757975231251389,0.9850656497376176,1.0
51008,identity,0.0,7,0,1.0,0.9757975231251389,0.9850656497376176,1.0
51008,identity,0.0,8,0,1.0,0.9757975231251389,0.9850656497376176,1.0
51008,identity,0.0,9,0,1.0,0.9757975231251389,0.9850656497376176,1.0
51008,identity,0.0,10,0,1.0,0.9757975231251389,0.9850656497376176,1.0
51008,identity,0.0,11,0,1.0,0.9757975231251389,0.9850656497376176,1.0
51008,identity,0.25,0,6,1.0,0.9765500858551037,0.9815230438491206,0.9602443411525203
51008,identity,0.25,1,6,1.0,0.9760257751268953,0.9826830273686086,0.9535338377366921
51008,identity,0.25,2,6,1.0,0.9762448662409859,0.9813467919269678,0.9525945488153604
51008,identity,0.25,3,6,1.0,0.9764075183043505,0.9803396859684645,0.9514557245482241
51008,identity,0.25,4,6,1.0,0.9762446865348844,0.9813466893091156,0.9525945488153604
51008,identity,0.25,5,6,1.0,0.9762453644406658,0.982587502511254,0.9532875228417068
51008,identity,0.25,6,6,1.0,0.9764075818390018,0.9803396774130081,0.9514557245482241
51008,identity,0.25,7,6,1.0,0.9766831340221444,0.9794293821378282,0.9498675010051909
51008,identity,0.25,8,6,1.0,0.9765501947378169,0.981523101802836,0.9602443411525203
51008,identity,0.25,9,6,1.0,0.9762448081640983,0.9813467612450123,0.9525945488153603
51008,identity,0.25,10,6,1.0,0.9762448443991629,0.9813467714486582,0.9525945488153604
51008,identity,0.25,11,6,1.0,0.9762454034644867,0.9825875499352478,0.9532875228417068
51008,identity,0.5,0,12,1.0,0.9764583370078165,0.9728397394257223,0.901150200551685
51008,identity,0.5,1,12,1.0,0.9760831158313582,0.9676362793538505,0.910891242892211
51008,identity,0.5,2,12,1.0,0.9760832344465308,0.9676364055267845,0.910891242892211
51008,identity,0.5,3,12,1.0,0.9762315884806386,0.9742367147126249,0.9104667892869575
51008,identity,0.5,4,12,1.0,0.9762088046504683,0.974569113180417,0.9079690236752327
51008,identity,0.5,5,12,1.0,0.9762315226679215,0.9742366820491717,0.9104667892869575
51008,identity,0.5,6,12,1.0,0.9766587878843777,0.9734213539329708,0.8998766549988478
51008,identity,0.5,7,12,1.0,0.9745994021682505,0.9699893851511666,0.9058859263880376
51008,identity,0.5,8,12,1.0,0.9768013404589824,0.9762796994810998,0.9094932980509597
51008,identity,0.5,9,12,1.0,0.9768013409660924,0.9762797034105485,0.9094932980509597
51008,identity,0.5,10,12,1.0,0.9762315244148185,0.974236669638502,0.9104667892869575
51008,identity,0.5,11,12,1.0,0.9757372110450229,0.9568530721251196,0.9019735193649088
51008,identity,0.75,0,19,1.0,0.9708934824405392,0.9273694477261064,0.8444991672644764
51008,identity,0.75,1,19,1.0,0.9708933401226604,0.9273694546405805,0.8444991672644764
51008,identity,0.75,2,19,1.0,0.9716779041156807,0.9213347587069489,0.8451927037496381
51008,identity,0.75,3,19,1.0,0.9688929872328331,0.9310644672089369,0.8430448881315183
51008,identity,0.75,4,19,1.0,0.9708934678087696,0.9273694496035623,0.8444991672644764
51008,identity,0.75,5,19,1.0,0.9676683972471346,0.9183376972002432,0.8337965093432854
51008,identity,0.75,6,19,1.0,0.9712968523840297,0.9135943791377662,0.8451262110000957
51008,identity,0.75,7,19,1.0,0.9667785948126216,0.930490300912377,0.8408249176739718
51008,identity,0.75,8,19,1.0,0.9695615224289701,0.9147518784338415,0.8348867362604647
51008,identity,0.75,9,19,1.0,0.9667785594545257,0.9304903236008208,0.8408249176739718
51008,identity,0.75,10,19,1.0,0.9695615732440445,0.9147518687993212,0.8348867362604647
51008,identity,0.75,11,19,1.0,0.9676683754063626,0.9183377872383308,0.8337965093432854
51008,identity,0.9,0,22,1.0,0.967036855924589,0.8780811729848736,0.8110499193125051
51008,identity,0.9,1,22,1.0,0.9638760516131625,0.8943627161036016,0.8130463843544251
51008,identity,0.9,2,22,1.0,0.9647593642638728,0.8932157743157947,0.814172398969616
51008,identity,0.9,3,22,1.0,0.9647593147107618,0.8932156925388409,0.814172398969616
51008,identity,0.9,4,22,1.0,0.9617637302154336,0.8691804079841882,0.8037300567539404
51008,identity,0.9,5,22,1.0,0.9622989549921036,0.8818582926532244,0.8030347049847674
51008,identity,0.9,6,22,1.0,0.9647593129858804,0.8932157582176157,0.814172398969616
51008,identity,0.9,7,22,1.0,0.9647592920678454,0.8932157187326382,0.814172398969616
51008,identity,0.9,8,22,1.0,0.9638760295081701,0.8943626596761917,0.8130463843544251
51008,identity,0.9,9,22,1.0,0.9638760805984109,0.8943626859202101,0.8130463843544251
51008,identity,0.9,10,22,1.0,0.964988804103193,0.8782121284626158,0.8144327146751315
51008,identity,0.9,11,22,1.0,0.96703686187779,0.8780812635654667,0.8110499193125051
51009,normal,0.0,0,0,1.0,0.8762725879091724,0.9350287851440704,1.0
51009,normal,0.0,1,0,1.0,0.8762725879091724,0.9350287851440704,1.0
51009,normal,0.0,2,0,1.0,0.8762725879091724,0.9350287851440704,1.0
51009,normal,0.0,3,0,1.0,0.8762725879091724,0.9350287851440704,1.0
51009,normal,0.0,4,0,1.0,0.8762725879091724,0.9350287851440704,1.0
51009,normal,0.0,5,0,1.0,0.8762725879091724,0.9350287851440704,1.0
51009,normal,0.0,6,0,1.0,0.8762725879091724,0.9350287851440704,1.0
51009,normal,0.0,7,0,1.0,0.8762725879091724,0.9350287851440704,1.0
51009,normal,0.0,8,0,1.0,0.8762725879091724,0.9350287851440704,1.0
51009,normal,0.0,9,0,1.0,0.8762725879091724,0.9350287851440704,1.0
51009,normal,0.0,10,0,1.0,0.8762725879091724,0.9350287851440704,1.0
51009,normal,0.0,11,0,1.0,0.8762725879091724,0.9350287851440704,1.0
51009,normal,0.25,0,6,1.0,0.8234365185357033,0.9125677552566467,0.8865703771803173
51009,normal,0.25,1,6,1.0,0.8259135773538553,0.900225338936123,0.8662696975164575
51009,normal,0.25,2,6,1.0,0.7365018861782966,0.8269813311903697,0.8050178393419553
51009,normal,0.25,3,6,1.0,0.7787700380274614,0.8779099940388839,0.8771779125585394
51009,normal,0.25,4,6,1.0,0.8493609478995121,0.9213301670078521,0.91577004933858
51009,normal,0.25,5,6,1.0,0.8184455010377567,0.914433178920067,0.8848594892455424
51009,normal,0.25,6,6,1.0,0.8257627067084407,0.9077643970987568,0.8076053870604466
51009,normal,0.25,7,6,1.0,0.810769990779804,0.9043256342773164,0.8234196219775987
51009,normal,0.25,8,6,1.0,0.8192419557225089,0.9065746404945783,0.8947432252620807
51009,normal,0.25,9,6,1.0,0.8311408964875698,0.9166200718484354,0.9044510646449582
51009,normal,0.25,10,6,1.0,0.8349460670083758,0.9165947982542737,0.8376409114905542
51009,normal,0.25,11,6,1.0,0.8642862950479328,0.9088992898707201,0.8733928383661326
51009,normal,0.5,0,12,1.0,0.7413271982338882,0.6924908172512105,0.6659136348848113
51009,normal,0.5,1,12,0.5,0.6965331535375562,0.7378879852652445,0.8299169055928809
51009,normal,0.5,2,12,1.0,0.7037720221461323,0.6497401980422062,0.6786776271728908
51009,normal,0.5,3,12,1.0,0.7427966374626943,0.8379852863674934,0.7901216092795649
51009,normal,0.5,4,12,1.0,0.7530225934070442,0.8529203434100494,0.7503435231786463
51009,normal,0.5,5,12,1.0,0.7828800967337186,0.8112211661113257,0.8081386345183503
51009,normal,0.5,6,12,1.0,0.7928666071889775,0.8749678734429467,0.8004040587705642
51009,normal,0.5,7,12,1.0,0.7790058209600663,0.8293582094581576,0.80169675440521
51009,normal,0.5,8,12,1.0,0.7995157337571136,0.8330052993054277,0.7124661054429728
51009,normal,0.5,9,12,0.5,0.7451237971601853,0.7452540701277397,0.7364625486517611
51009,normal,0.5,10,12,1.0,0.7754713645435483,0.842909522937825,0.7589924524672174
51009,normal,0.5,11,12,1.0,0.7388709396387999,0.759234629226757,0.7075391929403003
51009,normal,0.75,0,19,1.0,0.74923512471232,0.6447583044673015,0.6080157357492154
51009,normal,0.75,1,19,1.0,0.769484190620849,0.7530985377405058,0.6457092419731205
51009,normal,0.75,2,19,1.0,0.7587663043524118,0.6970403649822225,0.6635395697758003
51009,normal,0.75,3,19,1.0,0.784352472475279,0.7685208340490058,0.6608222057683695
51009,normal,0.75,4,19,1.0,0.7378241741681778,0.7016544911464133,0.6452407365139353
51009,normal,0.75,5,19,1.0,0.7489006588753238,0.7508022154240191,0.6691903675193173
51009,normal,0.75,6,19,1.0,0.7786055099036006,0.7223821380118985,0.6590884542827936
51009,normal,0.75,7,19,1.0,0.7440010423508377,0.6476121704915714,0.5782119182735912
51009,normal,0.75,8,19,1.0,0.7452101488111832,0.7127686467787255,0.6712597108677896
51009,normal,0.75,9,19,1.0,0.7201794138949311,0.6168713866886413,0.5328084860220955
51009,normal,0.75,10,19,1.0,0.7814399638206728,0.7157702159945452,0.6303447080663195
51009,normal,0.75,11,19,1.0,0.7658133814905228,0.7148188431933822,0.6854759870335638
51009,normal,0.9,0,22,1.0,0.7596865120252829,0.6533173938821224,0.5981590139671477
51009,normal,0.9,1,22,1.0,0.7519065188040378,0.6305688491089433,0.57222443978562
51009,normal,0.9,2,22,1.0,0.7752388292444645,0.7085696200400546,0.6095798681228607
51009,normal,0.9,3,22,1.0,0.7348465643148152,0.6097713776123006,0.540729161724755
51009,normal,0.9,4,22,1.0,0.746883043075196,0.6400962844740518,0.5684886810693374
51009,normal,0.9,5,22,1.0,0.7937356897672099,0.7484420299194617,0.6392418745912326
51009,normal,0.9,6,22,1.0,0.7570612225431671,0.6641381290393857,0.5379114436230581
51009,normal,0.9,7,22,1.0,0.7639278695424286,0.6658864916324105,0.6139514677488989
51009,normal,0.9,8,22,1.0,0.7457032801257012,0.6430562267102511,0.526700426491363
51009,normal,0.9,9,22,1.0,0.7570385414599867,0.7124870998192584,0.5797073301511548
51009,normal,0.9,10,22,1.0,0.7388053697888038,0.6649986142375736,0.6127064402472819
51009,normal,0.9,11,22,1.0,0.7517325202341079,0.6545658771110852,0.553815287788626
51009,shuffled,0.0,0,0,1.0,0.8631820050343986,0.9319465896297028,1.0
51009,shuffled,0.0,1,0,1.0,0.8631820050343986,0.9319465896297028,1.0
51009,shuffled,0.0,2,0,1.0,0.8631820050343986,0.9319465896297028,1.0
51009,shuffled,0.0,3,0,1.0,0.8631820050343986,0.9319465896297028,1.0
51009,shuffled,0.0,4,0,1.0,0.8631820050343986,0.9319465896297028,1.0
51009,shuffled,0.0,5,0,1.0,0.8631820050343986,0.9319465896297028,1.0
51009,shuffled,0.0,6,0,1.0,0.8631820050343986,0.9319465896297028,1.0
51009,shuffled,0.0,7,0,1.0,0.8631820050343986,0.9319465896297028,1.0
51009,shuffled,0.0,8,0,1.0,0.8631820050343986,0.9319465896297028,1.0
51009,shuffled,0.0,9,0,1.0,0.8631820050343986,0.9319465896297028,1.0
51009,shuffled,0.0,10,0,1.0,0.8631820050343986,0.9319465896297028,1.0
51009,shuffled,0.0,11,0,1.0,0.8631820050343986,0.9319465896297028,1.0
51009,shuffled,0.25,0,6,1.0,0.7792272072166448,0.8357757113908799,0.8576765324248495
51009,shuffled,0.25,1,6,1.0,0.8012972923506105,0.89818070757656,0.8938059012596029
51009,shuffled,0.25,2,6,1.0,0.7822870522072831,0.8827637657225315,0.8762400168606074
51009,shuffled,0.25,3,6,1.0,0.8029944464920459,0.8829348829131546,0.841584910441445
51009,shuffled,0.25,4,6,1.0,0.7724244406456969,0.8895952951489385,0.820936784151405
51009,shuffled,0.25,5,6,1.0,0.8020309485843461,0.891519307607391,0.8845509439643082
51009,shuffled,0.25,6,6,1.0,0.774998270847901,0.8601266177675002,0.8440856276060655
51009,shuffled,0.25,7,6,1.0,0.786090172012191,0.8566744326882201,0.8933207411357301
51009,shuffled,0.25,8,6,1.0,0.7740361840700462,0.8989173341643795,0.8749310239903211
51009,shuffled,0.25,9,6,1.0,0.774158651066567,0.8891211592632099,0.8795286766696697
51009,shuffled,0.25,10,6,1.0,0.777683096888818,0.8820912192065117,0.8576215836761253
51009,shuffled,0.25,11,6,1.0,0.820817139495661,0.8622964148848609,0.8342348126136762
51009,shuffled,0.5,0,12,1.0,0.7926289900908853,0.8817522591546101,0.818233262866087
51009,shuffled,0.5,1,12,1.0,0.779865259250887,0.8463809360328913,0.7541901774141436
51009,shuffled,0.5,2,12,1.0,0.7678575742387204,0.8628455503379208,0.8089686643245193
51009,shuffled,0.5,3,12,1.0,0.763805037888572,0.8456086513277664,0.741882285298316
51009,shuffled,0.5,4,12,1.0,0.7799234826391401,0.7994763245144207,0.7673775029418303
51009,shuffled,0.5,5,12,1.0,0.7246526845666997,0.8509844623688606,0.7569486460286516
51009,shuffled,0.5,6,12,1.0,0.7759608200476308,0.787114503238849,0.7716763581367193
51009,shuffled,0.5,7,12,1.0,0.7870258702045559,0.8257297021972302,0.7999596787522816
51009,shuffled,0.5,8,12,1.0,0.7546169567413963,0.8061858405042095,0.7933383786601678
51009,shuffled,0.5,9,12,1.0,0.7534775313611907,0.7620022035864422,0.7688667422617373
51009,shuffled,0.5,10,12,1.0,0.7889484627434384,0.8197998305221342,0.810531549725066
51009,shuffled,0.5,11,12,1.0,0.7020488367040935,0.6731213418137315,0.665972526821899
51009,shuffled,0.75,0,19,1.0,0.775390242919338,0.7589199767701406,0.6502173348348009
51009,shuffled,0.75,1,19,0.5,0.7444529494950178,0.7190998057231711,0.5943638086897173
51009,shuffled,0.75,2,19,1.0,0.6886980113605145,0.649940950236104,0.6004813169403797
51009,shuffled,0.75,3,19,1.0,0.7214759436260075,0.6931828778210662,0.6313624059478139
51009,shuffled,0.75,4,19,1.0,0.7245731896033247,0.7183971848852058,0.673176930285345
51009,shuffled,0.75,5,19,1.0,0.7664464728847054,0.7715512658336035,0.6873843124551885
51009,shuffled,0.75,6,19,1.0,0.7266715028223806,0.6680904393318093,0.5376497179187649
51009,shuffled,0.75,7,19,1.0,0.7591889832972356,0.710017239830356,0.592649016897507
51009,shuffled,0.75,8,19,1.0,0.7468711547112414,0.696856791828208,0.6380266592010826
51009,shuffled,0.75,9,19,1.0,0.7624978672978177,0.7868784044931918,0.6577806103783757
51009,shuffled,0.75,10,19,1.0,0.7453837413959442,0.7872042809400311,0.635349707482247
51009,shuffled,0.75,11,19,1.0,0.7746576387871417,0.7357378695312335,0.6439736480265101
51009,shuffled,0.9,0,22,0.0,0.7006969863847077,0.5859621788519671,0.5626331943852176
51009,shuffled,0.9,1,22,1.0,0.7452197170178549,0.6762359635915415,0.6125493896046708
51009,shuffled,0.9,2,22,1.0,0.7382865693059705,0.6389743239513237,0.5468935696578053
51009,shuffled,0.9,3,22,0.5,0.7316449773794008,0.6916400766563346,0.5504599766199901
51009,shuffled,0.9,4,22,1.0,0.7672994953195368,0.7046857593300553,0.5786011376540438
51009,shuffled,0.9,5,22,0.5,0.744197931866919,0.6905626912941658,0.5628549803114324
51009,shuffled,0.9,6,22,1.0,0.7337027028756854,0.6998456381809792,0.5675271100801955
51009,shuffled,0.9,7,22,1.0,0.7409778783662244,0.7007682541151543,0.5992607058258564
51009,shuffled,0.9,8,22,1.0,0.755821443874562,0.6890159045761446,0.6306230240764157
51009,shuffled,0.9,9,22,1.0,0.7357083403186402,0.6373866266110201,0.5422418352970138
51009,shuffled,0.9,10,22,1.0,0.7502286617858787,0.6379119911800881,0.5237791358633046
51009,shuffled,0.9,11,22,1.0,0.7518573438805372,0.6411313530438951,0.517262244081556
51009,dense,0.0,0,0,0.5,0.3081008061743356,0.24247855866476498,0.9999999999999999
51009,dense,0.0,1,0,0.5,0.3081008061743356,0.24247855866476498,0.9999999999999999
51009,dense,0.0,2,0,0.5,0.3081008061743356,0.24247855866476498,0.9999999999999999
51009,dense,0.0,3,0,0.5,0.3081008061743356,0.24247855866476498,0.9999999999999999
51009,dense,0.0,4,0,0.5,0.3081008061743356,0.24247855866476498,0.9999999999999999
51009,dense,0.0,5,0,0.5,0.3081008061743356,0.24247855866476498,0.9999999999999999
51009,dense,0.0,6,0,0.5,0.3081008061743356,0.24247855866476498,0.9999999999999999
51009,dense,0.0,7,0,0.5,0.3081008061743356,0.24247855866476498,0.9999999999999999
51009,dense,0.0,8,0,0.5,0.3081008061743356,0.24247855866476498,0.9999999999999999
51009,dense,0.0,9,0,0.5,0.3081008061743356,0.24247855866476498,0.9999999999999999
51009,dense,0.0,10,0,0.5,0.3081008061743356,0.24247855866476498,0.9999999999999999
51009,dense,0.0,11,0,0.5,0.3081008061743356,0.24247855866476498,0.9999999999999999
51009,dense,0.25,0,6,0.5,0.3081008061743356,0.24247855866476498,0.9999999999999999
51009,dense,0.25,1,6,0.5,0.3081008061743356,0.24247855866476498,0.9999999999999999
51009,dense,0.25,2,6,0.5,0.3081008061743356,0.24247855866476498,0.9999999999999999
51009,dense,0.25,3,6,0.5,0.3081008061743356,0.24247855866476498,0.9999999999999999
51009,dense,0.25,4,6,0.5,0.3081008061743356,0.24247855866476498,0.9999999999999999
51009,dense,0.25,5,6,0.5,0.3081008061743356,0.24247855866476498,0.9999999999999999
51009,dense,0.25,6,6,0.5,0.3081008061743356,0.24247855866476498,0.9999999999999999
51009,dense,0.25,7,6,0.5,0.3081008061743356,0.24247855866476498,0.9999999999999999
51009,dense,0.25,8,6,0.5,0.3081008061743356,0.24247855866476498,0.9999999999999999
51009,dense,0.25,9,6,0.5,0.3081008061743356,0.24247855866476498,0.9999999999999999
51009,dense,0.25,10,6,0.5,0.3081008061743356,0.24247855866476498,0.9999999999999999
51009,dense,0.25,11,6,0.5,0.3081008061743356,0.24247855866476498,0.9999999999999999
51009,dense,0.5,0,12,0.5,0.3081008061743356,0.24247855866476498,0.9999999999999999
51009,dense,0.5,1,12,0.5,0.3081008061743356,0.24247855866476498,0.9999999999999999
51009,dense,0.5,2,12,0.5,0.3081008061743356,0.24247855866476498,0.9999999999999999
51009,dense,0.5,3,12,0.5,0.3081008061743356,0.24247855866476498,0.9999999999999999
51009,dense,0.5,4,12,0.5,0.3081008061743356,0.24247855866476498,0.9999999999999999
51009,dense,0.5,5,12,0.5,0.3081008061743356,0.24247855866476498,0.9999999999999999
51009,dense,0.5,6,12,0.5,0.3081008061743356,0.24247855866476498,0.9999999999999999
51009,dense,0.5,7,12,0.5,0.3081008061743356,0.24247855866476498,0.9999999999999999
51009,dense,0.5,8,12,0.5,0.3081008061743356,0.24247855866476498,0.9999999999999999
51009,dense,0.5,9,12,0.5,0.3081008061743356,0.24247855866476498,0.9999999999999999
51009,dense,0.5,10,12,0.5,0.3081008061743356,0.24247855866476498,0.9999999999999999
51009,dense,0.5,11,12,0.5,0.3081008061743356,0.24247855866476498,0.9999999999999999
51009,dense,0.75,0,19,0.5,0.3081008061743356,0.24247855866476498,0.9999999999999999
51009,dense,0.75,1,19,0.5,0.3081008061743356,0.24247855866476498,0.9999999999999999
51009,dense,0.75,2,19,0.5,0.3081008061743356,0.24247855866476498,0.9999999999999999
51009,dense,0.75,3,19,0.5,0.3081008061743356,0.24247855866476498,0.9999999999999999
51009,dense,0.75,4,19,0.5,0.3081008061743356,0.24247855866476498,0.9999999999999999
51009,dense,0.75,5,19,0.5,0.3081008061743356,0.24247855866476498,0.9999999999999999
51009,dense,0.75,6,19,0.5,0.3081008061743356,0.24247855866476498,0.9999999999999999
51009,dense,0.75,7,19,0.5,0.3081008061743356,0.24247855866476498,0.9999999999999999
51009,dense,0.75,8,19,0.5,0.3081008061743356,0.24247855866476498,0.9999999999999999
51009,dense,0.75,9,19,0.5,0.3081008061743356,0.24247855866476498,0.9999999999999999
51009,dense,0.75,10,19,0.5,0.3081008061743356,0.24247855866476498,0.9999999999999999
51009,dense,0.75,11,19,0.5,0.3081008061743356,0.24247855866476498,0.9999999999999999
51009,dense,0.9,0,22,0.5,0.3081008061743356,0.24247855866476498,0.9999999999999999
51009,dense,0.9,1,22,0.5,0.3081008061743356,0.24247855866476498,0.9999999999999999
51009,dense,0.9,2,22,0.5,0.3081008061743356,0.24247855866476498,0.9999999999999999
51009,dense,0.9,3,22,0.5,0.3081008061743356,0.24247855866476498,0.9999999999999999
51009,dense,0.9,4,22,0.5,0.3081008061743356,0.24247855866476498,0.9999999999999999
51009,dense,0.9,5,22,0.5,0.3081008061743356,0.24247855866476498,0.9999999999999999
51009,dense,0.9,6,22,0.5,0.3081008061743356,0.24247855866476498,0.9999999999999999
51009,dense,0.9,7,22,0.5,0.3081008061743356,0.24247855866476498,0.9999999999999999
51009,dense,0.9,8,22,0.5,0.3081008061743356,0.24247855866476498,0.9999999999999999
51009,dense,0.9,9,22,0.5,0.3081008061743356,0.24247855866476498,0.9999999999999999
51009,dense,0.9,10,22,0.5,0.3081008061743356,0.24247855866476498,0.9999999999999999
51009,dense,0.9,11,22,0.5,0.3081008061743356,0.24247855866476498,0.9999999999999999
51009,identity,0.0,0,0,1.0,0.9299155384257546,0.9576035465563117,1.0
51009,identity,0.0,1,0,1.0,0.9299155384257546,0.9576035465563117,1.0
51009,identity,0.0,2,0,1.0,0.9299155384257546,0.9576035465563117,1.0
51009,identity,0.0,3,0,1.0,0.9299155384257546,0.9576035465563117,1.0
51009,identity,0.0,4,0,1.0,0.9299155384257546,0.9576035465563117,1.0
51009,identity,0.0,5,0,1.0,0.9299155384257546,0.9576035465563117,1.0
51009,identity,0.0,6,0,1.0,0.9299155384257546,0.9576035465563117,1.0
51009,identity,0.0,7,0,1.0,0.9299155384257546,0.9576035465563117,1.0
51009,identity,0.0,8,0,1.0,0.9299155384257546,0.9576035465563117,1.0
51009,identity,0.0,9,0,1.0,0.9299155384257546,0.9576035465563117,1.0
51009,identity,0.0,10,0,1.0,0.9299155384257546,0.9576035465563117,1.0
51009,identity,0.0,11,0,1.0,0.9299155384257546,0.9576035465563117,1.0
51009,identity,0.25,0,6,1.0,0.9327817864954092,0.9554706682948634,0.9492404653959003
51009,identity,0.25,1,6,1.0,0.9320617965697331,0.9572127246481815,0.9493556896657231
51009,identity,0.25,2,6,1.0,0.9320616203575937,0.9572126432852816,0.9493556896657231
51009,identity,0.25,3,6,1.0,0.9320617867784874,0.9572126912770946,0.9493556896657231
51009,identity,0.25,4,6,1.0,0.9333831377889754,0.9577653546169924,0.9580736511727599
51009,identity,0.25,5,6,1.0,0.9289103264348061,0.9566022941754225,0.9489910417050567
51009,identity,0.25,6,6,1.0,0.9289103099754139,0.9566022824767351,0.9489910417050567
51009,identity,0.25,7,6,1.0,0.931607249531875,0.9578306014802129,0.957952620999459
51009,identity,0.25,8,6,1.0,0.9316073452164396,0.9578306314233567,0.957952620999459
51009,identity,0.25,9,6,1.0,0.932781845847606,0.9554707168415151,0.9492404653959003
51009,identity,0.25,10,6,1.0,0.9278979994032123,0.9564637746021033,0.9573692067707569
51009,identity,0.25,11,6,1.0,0.9320617969778026,0.9572126937906639,0.9493556896657231
51009,identity,0.5,0,12,1.0,0.9237349974755865,0.9446724862765685,0.9038779370553204
51009,identity,0.5,1,12,1.0,0.9244194300514665,0.941068629766075,0.894206091231303
51009,identity,0.5,2,12,1.0,0.9244194323938801,0.9410685897811877,0.894206091231303
51009,identity,0.5,3,12,1.0,0.9237348812919182,0.9446724615777898,0.9038779370553204
51009,identity,0.5,4,12,1.0,0.9138241478092088,0.937529011892224,0.8939022632754637
51009,identity,0.5,5,12,1.0,0.9187441881523086,0.9405223694819188,0.8943638052947062
51009,identity,0.5,6,12,1.0,0.9187441165749014,0.9405223559015897,0.8943638052947062
51009,identity,0.5,7,12,1.0,0.928861090328934,0.9435399100003239,0.9034320995488282
51009,identity,0.5,8,12,1.0,0.9237349618566872,0.9446725385295571,0.9038779370553204
51009,identity,0.5,9,12,1.0,0.9190023529882173,0.9439561202637237,0.9037315539478921
51009,identity,0.5,10,12,1.0,0.9094957102265091,0.9321577048339867,0.8928162235973183
51009,identity,0.5,11,12,1.0,0.9187440245461609,0.9405223174215388,0.8943638052947062
51009,identity,0.75,0,19,1.0,0.9096775527637161,0.8937361648522733,0.832495914861463
51009,identity,0.75,1,19,1.0,0.9096774785352896,0.8937361352574161,0.832495914861463
51009,identity,0.75,2,19,1.0,0.9070072589115603,0.8984876230687157,0.8335369689765514
51009,identity,0.75,3,19,1.0,0.9040293710928452,0.8984128873241667,0.8337549948387404
51009,identity,0.75,4,19,1.0,0.909677558493133,0.8937361923661297,0.832495914861463
51009,identity,0.75,5,19,1.0,0.9135621521150948,0.8793899466519717,0.8306295227636944
51009,identity,0.75,6,19,1.0,0.9012281702400388,0.8938641578261621,0.8331507281089793
51009,identity,0.75,7,19,1.0,0.9012282041885552,0.8938642386534492,0.8331507281089793
51009,identity,0.75,8,19,1.0,0.901228263278123,0.8938642694651384,0.8331507281089793
51009,identity,0.75,9,19,1.0,0.9070072906361019,0.8984876334333707,0.8335369689765514
51009,identity,0.75,10,19,1.0,0.9070073187073068,0.8984876699157924,0.8335369689765514
51009,identity,0.75,11,19,1.0,0.8974483359961353,0.8854195724838348,0.8317211910520454
51009,identity,0.9,0,22,1.0,0.896764969138002,0.8627422308465319,0.8007890289580104
51009,identity,0.9,1,22,1.0,0.895471233058525,0.8419688405745341,0.7890933461878137
51009,identity,0.9,2,22,1.0,0.8911186295494867,0.8513619704850619,0.8016311564832909
51009,identity,0.9,3,22,1.0,0.8967649242752422,0.8627421712064298,0.8007890289580104
51009,identity,0.9,4,22,1.0,0.8967649409456004,0.8627421105100717,0.8007890289580104
51009,identity,0.9,5,22,1.0,0.8948623048798133,0.8618992584744573,0.8005707614769116
51009,identity,0.9,6,22,1.0,0.8954712155140977,0.8419688046602866,0.7890933461878137
51009,identity,0.9,7,22,1.0,0.8948623900894845,0.8618993676310199,0.8005707614769116
51009,identity,0.9,8,22,1.0,0.8967648984045467,0.8627421593103756,0.8007890289580104
51009,identity,0.9,9,22,1.0,0.8928755934540965,0.8486643236052461,0.7893544371152481
51009,identity,0.9,10,22,1.0,0.8948623128542598,0.8618992235948503,0.8005707614769116
51009,identity,0.9,11,22,1.0,0.891118625133095,0.8513619303447377,0.8016311564832909
51010,normal,0.0,0,0,1.0,0.9235905667659913,0.9599466499437819,1.0
51010,normal,0.0,1,0,1.0,0.9235905667659913,0.9599466499437819,1.0
51010,normal,0.0,2,0,1.0,0.9235905667659913,0.9599466499437819,1.0
51010,normal,0.0,3,0,1.0,0.9235905667659913,0.9599466499437819,1.0
51010,normal,0.0,4,0,1.0,0.9235905667659913,0.9599466499437819,1.0
51010,normal,0.0,5,0,1.0,0.9235905667659913,0.9599466499437819,1.0
51010,normal,0.0,6,0,1.0,0.9235905667659913,0.9599466499437819,1.0
51010,normal,0.0,7,0,1.0,0.9235905667659913,0.9599466499437819,1.0
51010,normal,0.0,8,0,1.0,0.9235905667659913,0.9599466499437819,1.0
51010,normal,0.0,9,0,1.0,0.9235905667659913,0.9599466499437819,1.0
51010,normal,0.0,10,0,1.0,0.9235905667659913,0.9599466499437819,1.0
51010,normal,0.0,11,0,1.0,0.9235905667659913,0.9599466499437819,1.0
51010,normal,0.25,0,6,1.0,0.8658216875156312,0.8761754258505644,0.879452332556462
51010,normal,0.25,1,6,1.0,0.8467176565550019,0.8166886461884749,0.8323168361515674
51010,normal,0.25,2,6,1.0,0.8660479662161723,0.9192588097750709,0.882075704110382
51010,normal,0.25,3,6,1.0,0.8196020445800681,0.9057790475846659,0.839283764637702
51010,normal,0.25,4,6,1.0,0.8690790512748969,0.9250490434597002,0.8847316231351742
51010,normal,0.25,5,6,1.0,0.8334624892582376,0.8581359698127913,0.8419707548805736
51010,normal,0.25,6,6,1.0,0.8532616659482742,0.9301817787594966,0.894363361135331
51010,normal,0.25,7,6,1.0,0.8067555797107399,0.8713904906728454,0.8729292870339745
51010,normal,0.25,8,6,1.0,0.8728484776157879,0.8979078159977817,0.9005162332531598
51010,normal,0.25,9,6,1.0,0.8675294683026418,0.8210344489293074,0.8647453869713487
51010,normal,0.25,10,6,1.0,0.8089126186443178,0.839955498853607,0.8798805050075973
51010,normal,0.25,11,6,1.0,0.811069021254283,0.8462166648766418,0.8677739260502295
51010,normal,0.5,0,12,0.5,0.7883533045058922,0.7925176859931774,0.8125304177089621
51010,normal,0.5,1,12,1.0,0.8562564029554481,0.8443588871671153,0.7944637304964709
51010,normal,0.5,2,12,1.0,0.8086746760549357,0.8059186993791019,0.806618319933532
51010,normal,0.5,3,12,1.0,0.840407445989218,0.8768354328485976,0.8139805493133987
51010,normal,0.5,4,12,0.5,0.8548887077684176,0.8479316762900965,0.8317307221036937
51010,normal,0.5,5,12,1.0,0.7932103134859123,0.7765886916040887,0.7681925357289683
51010,normal,0.5,6,12,1.0,0.8199588728055929,0.8397775951948171,0.7969450679433769
51010,normal,0.5,7,12,0.5,0.8052721317628638,0.7695635963109271,0.7735150136268457
51010,normal,0.5,8,12,1.0,0.8366941301369346,0.802956587859534,0.8097994345071672
51010,normal,0.5,9,12,1.0,0.7925117838293856,0.7881679470375442,0.8315175046607512
51010,normal,0.5,10,12,1.0,0.8176764754838095,0.776285132160086,0.7569360806526624
51010,normal,0.5,11,12,1.0,0.8090468923000984,0.8079533728236475,0.8440492172167786
51010,normal,0.75,0,19,1.0,0.8195376068433745,0.7694322795817442,0.7741896056442775
51010,normal,0.75,1,19,1.0,0.8070065403853945,0.7050496223485061,0.7426033176228961
51010,normal,0.75,2,19,0.5,0.8057834330727913,0.7175545649777015,0.7159315054827049
51010,normal,0.75,3,19,1.0,0.8042674782740724,0.68944459737962,0.6601429690696362
51010,normal,0.75,4,19,1.0,0.8018383215831202,0.6912329271879907,0.7220609101632948
51010,normal,0.75,5,19,1.0,0.7609880179728552,0.6552993986160591,0.6947195942356877
51010,normal,0.75,6,19,1.0,0.8129441863926047,0.6719855614861376,0.7060488804312363
51010,normal,0.75,7,19,1.0,0.8177768241581831,0.7527667884273037,0.7473988176693951
51010,normal,0.75,8,19,1.0,0.8176512198284515,0.7658583777452275,0.7668008204591965
51010,normal,0.75,9,19,0.5,0.8030086582711645,0.7681160863524306,0.7923930798704348
51010,normal,0.75,10,19,1.0,0.7854583566258853,0.7232618623802479,0.7725193098313136
51010,normal,0.75,11,19,1.0,0.8198176640989638,0.7071833876565424,0.662244062686339
51010,normal,0.9,0,22,1.0,0.8458537052586186,0.7534768213017649,0.7619638057851688
51010,normal,0.9,1,22,1.0,0.813209869009686,0.6828685581919102,0.7034422996464403
51010,normal,0.9,2,22,1.0,0.8414356566887914,0.7789755354944577,0.7360643677077302
51010,normal,0.9,3,22,1.0,0.7942039766314025,0.7297976469162043,0.723035684346448
51010,normal,0.9,4,22,1.0,0.7901722781533798,0.7050411966165043,0.707569896443572
51010,normal,0.9,5,22,1.0,0.8307723812631687,0.6847078040386033,0.7048353392569691
51010,normal,0.9,6,22,1.0,0.7936043797677496,0.7209014968320865,0.7122006692877492
51010,normal,0.9,7,22,1.0,0.8384155974213044,0.7335634747553924,0.6756228186630264
51010,normal,0.9,8,22,1.0,0.8090521065196326,0.7384642631953919,0.7100781045465134
51010,normal,0.9,9,22,1.0,0.8464830840383797,0.7487113122133519,0.7313907769134361
51010,normal,0.9,10,22,1.0,0.8226491149658489,0.7778675512841455,0.7319737616194751
51010,normal,0.9,11,22,1.0,0.8238492284340739,0.7234508371971153,0.6858192515002355
51010,shuffled,0.0,0,0,1.0,0.9264492560600637,0.9639529203717514,1.0
51010,shuffled,0.0,1,0,1.0,0.9264492560600637,0.9639529203717514,1.0
51010,shuffled,0.0,2,0,1.0,0.9264492560600637,0.9639529203717514,1.0
51010,shuffled,0.0,3,0,1.0,0.9264492560600637,0.9639529203717514,1.0
51010,shuffled,0.0,4,0,1.0,0.9264492560600637,0.9639529203717514,1.0
51010,shuffled,0.0,5,0,1.0,0.9264492560600637,0.9639529203717514,1.0
51010,shuffled,0.0,6,0,1.0,0.9264492560600637,0.9639529203717514,1.0
51010,shuffled,0.0,7,0,1.0,0.9264492560600637,0.9639529203717514,1.0
51010,shuffled,0.0,8,0,1.0,0.9264492560600637,0.9639529203717514,1.0
51010,shuffled,0.0,9,0,1.0,0.9264492560600637,0.9639529203717514,1.0
51010,shuffled,0.0,10,0,1.0,0.9264492560600637,0.9639529203717514,1.0
51010,shuffled,0.0,11,0,1.0,0.9264492560600637,0.9639529203717514,1.0
51010,shuffled,0.25,0,6,1.0,0.8775777066939786,0.878463056856816,0.8284070116106912
51010,shuffled,0.25,1,6,1.0,0.865992653395508,0.9298512557086839,0.8272740137399023
51010,shuffled,0.25,2,6,1.0,0.87180572481058,0.9009487710717672,0.8512096690393335
51010,shuffled,0.25,3,6,1.0,0.830193195763481,0.8430196061015076,0.8548434251632693
51010,shuffled,0.25,4,6,1.0,0.848642077483883,0.9281454536573098,0.8660043829668507
51010,shuffled,0.25,5,6,1.0,0.8762372302887708,0.9142565719764549,0.8229488192067604
51010,shuffled,0.25,6,6,1.0,0.8983718626672613,0.9171449254234232,0.883220156855419
51010,shuffled,0.25,7,6,1.0,0.8872699537347181,0.9288884032962652,0.8497946675754571
51010,shuffled,0.25,8,6,1.0,0.8768936483764723,0.9102942402735629,0.8406787054360048
51010,shuffled,0.25,9,6,1.0,0.8653542343585677,0.9117773158438106,0.8707393075242444
51010,shuffled,0.25,10,6,1.0,0.8487670049866645,0.8862695807298704,0.8148018379322085
51010,shuffled,0.25,11,6,1.0,0.9062719188294619,0.9221480132143044,0.8832157407252814
51010,shuffled,0.5,0,12,1.0,0.8636893450709632,0.8448745976295943,0.7175281731418923
51010,shuffled,0.5,1,12,1.0,0.815974437574476,0.7848649569551303,0.7125017370402387
51010,shuffled,0.5,2,12,1.0,0.8178366518507464,0.7627740441613214,0.7569728671459061
51010,shuffled,0.5,3,12,1.0,0.791327256561111,0.7515211172201667,0.7667509149758339
51010,shuffled,0.5,4,12,0.5,0.8234815345326514,0.7150440300076896,0.673645397864883
51010,shuffled,0.5,5,12,1.0,0.833997242553448,0.8065954733792499,0.7385866542108918
51010,shuffled,0.5,6,12,1.0,0.8005165478679895,0.7491639455970698,0.7523016165272548
51010,shuffled,0.5,7,12,1.0,0.7782712655586336,0.7038371421818419,0.6891740112363226
51010,shuffled,0.5,8,12,1.0,0.8297780308116457,0.7691632230828747,0.7409641257332237
51010,shuffled,0.5,9,12,1.0,0.8131893440613264,0.8069246688245942,0.7127271636485466
51010,shuffled,0.5,10,12,1.0,0.7909953429520273,0.7324513801380631,0.7199452890238939
51010,shuffled,0.5,11,12,1.0,0.8658978719746632,0.9095105416547449,0.8033798599280879
51010,shuffled,0.75,0,19,1.0,0.7964990969897515,0.6489258250203386,0.6192920099950323
51010,shuffled,0.75,1,19,1.0,0.7594903133482355,0.6266006538483161,0.6249328862029365
51010,shuffled,0.75,2,19,0.5,0.7941590357722056,0.6766990955816303,0.6763101403168542
51010,shuffled,0.75,3,19,0.5,0.7860549312531872,0.6381187318603222,0.6087247495601081
51010,shuffled,0.75,4,19,0.5,0.7266171225554882,0.5996732196657729,0.6190568381216623
51010,shuffled,0.75,5,19,0.5,0.7786158506045312,0.6341892988634606,0.628266698843233
51010,shuffled,0.75,6,19,1.0,0.8036114702294239,0.6734264651089263,0.6083683117738109
51010,shuffled,0.75,7,19,1.0,0.7920472260459299,0.6618643882030757,0.5623576462501894
51010,shuffled,0.75,8,19,1.0,0.8029539533803365,0.6601796356743297,0.6021247937162312
51010,shuffled,0.75,9,19,1.0,0.7961042159420735,0.6655869187363175,0.6374573042378495
51010,shuffled,0.75,10,19,0.5,0.7659520284396056,0.6326582042503942,0.6675175098487236
51010,shuffled,0.75,11,19,1.0,0.7942292898808617,0.6862576635882983,0.6807573870895139
51010,shuffled,0.9,0,22,0.5,0.7985668150568515,0.6279325451495237,0.5833273188123305
51010,shuffled,0.9,1,22,0.5,0.7373369342701178,0.5859780198022492,0.5576413480313975
51010,shuffled,0.9,2,22,0.5,0.8183303659200318,0.6523572671092783,0.5644631940184764
51010,shuffled,0.9,3,22,1.0,0.7847436709926225,0.6419190640661943,0.5953713926934201
51010,shuffled,0.9,4,22,0.5,0.7583264518774909,0.5976907170681329,0.5606065397192355
51010,shuffled,0.9,5,22,1.0,0.7923457416940262,0.6357929337145974,0.5878850749203144
51010,shuffled,0.9,6,22,1.0,0.8135698370277065,0.6437166423028536,0.5752493858032124
51010,shuffled,0.9,7,22,0.5,0.786882830690259,0.6290063102440405,0.5706414176487599
51010,shuffled,0.9,8,22,1.0,0.7977114844452607,0.6510078567220208,0.5673375707955551
51010,shuffled,0.9,9,22,1.0,0.7860475305893176,0.641015881798198,0.5715791133310584
51010,shuffled,0.9,10,22,1.0,0.789152520768897,0.6137407568517916,0.558916274755292
51010,shuffled,0.9,11,22,0.5,0.6939734784149381,0.5673572913766527,0.5687181642752533
51010,dense,0.0,0,0,0.5,0.2810176418744358,0.22896974347842722,0.9999999999999999
51010,dense,0.0,1,0,0.5,0.2810176418744358,0.22896974347842722,0.9999999999999999
51010,dense,0.0,2,0,0.5,0.2810176418744358,0.22896974347842722,0.9999999999999999
51010,dense,0.0,3,0,0.5,0.2810176418744358,0.22896974347842722,0.9999999999999999
51010,dense,0.0,4,0,0.5,0.2810176418744358,0.22896974347842722,0.9999999999999999
51010,dense,0.0,5,0,0.5,0.2810176418744358,0.22896974347842722,0.9999999999999999
51010,dense,0.0,6,0,0.5,0.2810176418744358,0.22896974347842722,0.9999999999999999
51010,dense,0.0,7,0,0.5,0.2810176418744358,0.22896974347842722,0.9999999999999999
51010,dense,0.0,8,0,0.5,0.2810176418744358,0.22896974347842722,0.9999999999999999
51010,dense,0.0,9,0,0.5,0.2810176418744358,0.22896974347842722,0.9999999999999999
51010,dense,0.0,10,0,0.5,0.2810176418744358,0.22896974347842722,0.9999999999999999
51010,dense,0.0,11,0,0.5,0.2810176418744358,0.22896974347842722,0.9999999999999999
51010,dense,0.25,0,6,0.5,0.2810176418744358,0.22896974347842722,0.9999999999999999
51010,dense,0.25,1,6,0.5,0.2810176418744358,0.22896974347842722,0.9999999999999999
51010,dense,0.25,2,6,0.5,0.2810176418744358,0.22896974347842722,0.9999999999999999
51010,dense,0.25,3,6,0.5,0.2810176418744358,0.22896974347842722,0.9999999999999999
51010,dense,0.25,4,6,0.5,0.2810176418744358,0.22896974347842722,0.9999999999999999
51010,dense,0.25,5,6,0.5,0.2810176418744358,0.22896974347842722,0.9999999999999999
51010,dense,0.25,6,6,0.5,0.2810176418744358,0.22896974347842722,0.9999999999999999
51010,dense,0.25,7,6,0.5,0.2810176418744358,0.22896974347842722,0.9999999999999999
51010,dense,0.25,8,6,0.5,0.2810176418744358,0.22896974347842722,0.9999999999999999
51010,dense,0.25,9,6,0.5,0.2810176418744358,0.22896974347842722,0.9999999999999999
51010,dense,0.25,10,6,0.5,0.2810176418744358,0.22896974347842722,0.9999999999999999
51010,dense,0.25,11,6,0.5,0.2810176418744358,0.22896974347842722,0.9999999999999999
51010,dense,0.5,0,12,0.5,0.2810176418744358,0.22896974347842722,0.9999999999999999
51010,dense,0.5,1,12,0.5,0.2810176418744358,0.22896974347842722,0.9999999999999999
51010,dense,0.5,2,12,0.5,0.2810176418744358,0.22896974347842722,0.9999999999999999
51010,dense,0.5,3,12,0.5,0.2810176418744358,0.22896974347842722,0.9999999999999999
51010,dense,0.5,4,12,0.5,0.2810176418744358,0.22896974347842722,0.9999999999999999
51010,dense,0.5,5,12,0.5,0.2810176418744358,0.22896974347842722,0.9999999999999999
51010,dense,0.5,6,12,0.5,0.2810176418744358,0.22896974347842722,0.9999999999999999
51010,dense,0.5,7,12,0.5,0.2810176418744358,0.22896974347842722,0.9999999999999999
51010,dense,0.5,8,12,0.5,0.2810176418744358,0.22896974347842722,0.9999999999999999
51010,dense,0.5,9,12,0.5,0.2810176418744358,0.22896974347842722,0.9999999999999999
51010,dense,0.5,10,12,0.5,0.2810176418744358,0.22896974347842722,0.9999999999999999
51010,dense,0.5,11,12,0.5,0.2810176418744358,0.22896974347842722,0.9999999999999999
51010,dense,0.75,0,19,0.5,0.2810176418744358,0.22896974347842722,0.9999999999999999
51010,dense,0.75,1,19,0.5,0.2810176418744358,0.22896974347842722,0.9999999999999999
51010,dense,0.75,2,19,0.5,0.2810176418744358,0.22896974347842722,0.9999999999999999
51010,dense,0.75,3,19,0.5,0.2810176418744358,0.22896974347842722,0.9999999999999999
51010,dense,0.75,4,19,0.5,0.2810176418744358,0.22896974347842722,0.9999999999999999
51010,dense,0.75,5,19,0.5,0.2810176418744358,0.22896974347842722,0.9999999999999999
51010,dense,0.75,6,19,0.5,0.2810176418744358,0.22896974347842722,0.9999999999999999
51010,dense,0.75,7,19,0.5,0.2810176418744358,0.22896974347842722,0.9999999999999999
51010,dense,0.75,8,19,0.5,0.2810176418744358,0.22896974347842722,0.9999999999999999
51010,dense,0.75,9,19,0.5,0.2810176418744358,0.22896974347842722,0.9999999999999999
51010,dense,0.75,10,19,0.5,0.2810176418744358,0.22896974347842722,0.9999999999999999
51010,dense,0.75,11,19,0.5,0.2810176418744358,0.22896974347842722,0.9999999999999999
51010,dense,0.9,0,22,0.5,0.2810176418744358,0.22896974347842722,0.9999999999999999
51010,dense,0.9,1,22,0.5,0.2810176418744358,0.22896974347842722,0.9999999999999999
51010,dense,0.9,2,22,0.5,0.2810176418744358,0.22896974347842722,0.9999999999999999
51010,dense,0.9,3,22,0.5,0.2810176418744358,0.22896974347842722,0.9999999999999999
51010,dense,0.9,4,22,0.5,0.2810176418744358,0.22896974347842722,0.9999999999999999
51010,dense,0.9,5,22,0.5,0.2810176418744358,0.22896974347842722,0.9999999999999999
51010,dense,0.9,6,22,0.5,0.2810176418744358,0.22896974347842722,0.9999999999999999
51010,dense,0.9,7,22,0.5,0.2810176418744358,0.22896974347842722,0.9999999999999999
51010,dense,0.9,8,22,0.5,0.2810176418744358,0.22896974347842722,0.9999999999999999
51010,dense,0.9,9,22,0.5,0.2810176418744358,0.22896974347842722,0.9999999999999999
51010,dense,0.9,10,22,0.5,0.2810176418744358,0.22896974347842722,0.9999999999999999
51010,dense,0.9,11,22,0.5,0.2810176418744358,0.22896974347842722,0.9999999999999999
51010,identity,0.0,0,0,1.0,0.9814852190110728,0.9904028057897111,1.0
51010,identity,0.0,1,0,1.0,0.9814852190110728,0.9904028057897111,1.0
51010,identity,0.0,2,0,1.0,0.9814852190110728,0.9904028057897111,1.0
51010,identity,0.0,3,0,1.0,0.9814852190110728,0.9904028057897111,1.0
51010,identity,0.0,4,0,1.0,0.9814852190110728,0.9904028057897111,1.0
51010,identity,0.0,5,0,1.0,0.9814852190110728,0.9904028057897111,1.0
51010,identity,0.0,6,0,1.0,0.9814852190110728,0.9904028057897111,1.0
51010,identity,0.0,7,0,1.0,0.9814852190110728,0.9904028057897111,1.0
51010,identity,0.0,8,0,1.0,0.9814852190110728,0.9904028057897111,1.0
51010,identity,0.0,9,0,1.0,0.9814852190110728,0.9904028057897111,1.0
51010,identity,0.0,10,0,1.0,0.9814852190110728,0.9904028057897111,1.0
51010,identity,0.0,11,0,1.0,0.9814852190110728,0.9904028057897111,1.0
51010,identity,0.25,0,6,1.0,0.9860629689342351,0.9763324414587596,0.9515032843592656
51010,identity,0.25,1,6,1.0,0.9860629626836035,0.9763324992509189,0.9515032843592656
51010,identity,0.25,2,6,1.0,0.9860629270497576,0.9763324868392182,0.9515032843592656
51010,identity,0.25,3,6,1.0,0.9865191676397267,0.9479464766513995,0.958751995844541
51010,identity,0.25,4,6,1.0,0.9835635997348898,0.9878769674722723,0.9516766980747784
51010,identity,0.25,5,6,1.0,0.9865192137034612,0.9479465667245573,0.958751995844541
51010,identity,0.25,6,6,1.0,0.9850376643316514,0.9906285723841113,0.9599949499031187
51010,identity,0.25,7,6,1.0,0.9860629935052792,0.976332506826877,0.9515032843592656
51010,identity,0.25,8,6,1.0,0.9860629811561281,0.9763325924300638,0.9515032843592656
51010,identity,0.25,9,6,1.0,0.9826480157160585,0.9883117805356169,0.9599417027778878
51010,identity,0.25,10,6,1.0,0.9866852652834514,0.9479985681413671,0.9508618868190691
51010,identity,0.25,11,6,1.0,0.9850376695209571,0.9906285929784996,0.9599949499031187
51010,identity,0.5,0,12,1.0,0.9798183519365911,0.8891086877268131,0.9080627568845269
51010,identity,0.5,1,12,1.0,0.9774303422540188,0.8976510640980692,0.898540271772728
51010,identity,0.5,2,12,1.0,0.9798182979522763,0.8891086039691574,0.9080627568845269
51010,identity,0.5,3,12,1.0,0.9833026131826135,0.8759248310444714,0.9065287138380498
51010,identity,0.5,4,12,1.0,0.9796456728648117,0.8665567864513649,0.8987658861903307
51010,identity,0.5,5,12,1.0,0.9796456400258527,0.8665569152043301,0.8987658861903307
51010,identity,0.5,6,12,1.0,0.9778275249245074,0.8726894940129291,0.898955761711424
51010,identity,0.5,7,12,1.0,0.9816855993583289,0.8760770094530059,0.9075869431771452
51010,identity,0.5,8,12,1.0,0.9816855998241713,0.876077058279667,0.9075869431771452
51010,identity,0.5,9,12,1.0,0.9817468538788141,0.8704529252945314,0.897969602936885
51010,identity,0.5,10,12,1.0,0.9817468205569136,0.870452862539946,0.897969602936885
51010,identity,0.5,11,12,1.0,0.9796457576602527,0.8665569971109234,0.8987658861903307
51010,identity,0.75,0,19,1.0,0.9739760853088093,0.7942628215766664,0.8407437410767374
51010,identity,0.75,1,19,1.0,0.9755640015239044,0.8292247592705144,0.8395010168310253
51010,identity,0.75,2,19,1.0,0.9723285628686179,0.7774896633700505,0.8401554330114884
51010,identity,0.75,3,19,1.0,0.9750668748437683,0.8123847629995159,0.8405268703975374
51010,identity,0.75,4,19,1.0,0.9739761024500838,0.7942627895060478,0.8407437410767374
51010,identity,0.75,5,19,1.0,0.973739796008877,0.7947918279666998,0.8303838827056815
51010,identity,0.75,6,19,1.0,0.9750669460940982,0.8123847453382039,0.8405268703975374
51010,identity,0.75,7,19,1.0,0.9737398867008987,0.7947919358050534,0.8303838827056815
51010,identity,0.75,8,19,1.0,0.9760492778061907,0.8438096542818768,0.8376584286889982
51010,identity,0.75,9,19,1.0,0.9755640229755416,0.8292249003844979,0.8395010168310253
51010,identity,0.75,10,19,1.0,0.9739761149940148,0.7942626261454048,0.8407437410767374
51010,identity,0.75,11,19,1.0,0.9723286214858594,0.7774897146743832,0.8401554330114884
51010,identity,0.9,0,22,1.0,0.9715579110138565,0.7779406964954287,0.8090351296981467
51010,identity,0.9,1,22,1.0,0.9706616193344957,0.7767856567043959,0.797772310923519
51010,identity,0.9,2,22,1.0,0.9715578561481657,0.7779407213411131,0.8090351296981467
51010,identity,0.9,3,22,1.0,0.9722000744303244,0.7939425506475785,0.8083308356675473
51010,identity,0.9,4,22,1.0,0.9739536119698049,0.8061608575201198,0.8067034429196843
51010,identity,0.9,5,22,1.0,0.9722001117201399,0.7939424944093671,0.8083308356675473
51010,identity,0.9,6,22,1.0,0.9739535542855373,0.8061608303130886,0.8067034429196843
51010,identity,0.9,7,22,1.0,0.973953562978772,0.8061607822771077,0.8067034429196843
51010,identity,0.9,8,22,1.0,0.9722000287154468,0.7939423777867514,0.8083308356675473
51010,identity,0.9,9,22,1.0,0.9722000587725688,0.793942474559797,0.8083308356675473
51010,identity,0.9,10,22,1.0,0.9711570595429128,0.7586485664749287,0.8088160072869488
51010,identity,0.9,11,22,1.0,0.9715578575710322,0.7779406636448444,0.8090351296981467
51011,normal,0.0,0,0,1.0,0.8803284480035756,0.9277180471018162,1.0
51011,normal,0.0,1,0,1.0,0.8803284480035756,0.9277180471018162,1.0
51011,normal,0.0,2,0,1.0,0.8803284480035756,0.9277180471018162,1.0
51011,normal,0.0,3,0,1.0,0.8803284480035756,0.9277180471018162,1.0
51011,normal,0.0,4,0,1.0,0.8803284480035756,0.9277180471018162,1.0
51011,normal,0.0,5,0,1.0,0.8803284480035756,0.9277180471018162,1.0
51011,normal,0.0,6,0,1.0,0.8803284480035756,0.9277180471018162,1.0
51011,normal,0.0,7,0,1.0,0.8803284480035756,0.9277180471018162,1.0
51011,normal,0.0,8,0,1.0,0.8803284480035756,0.9277180471018162,1.0
51011,normal,0.0,9,0,1.0,0.8803284480035756,0.9277180471018162,1.0
51011,normal,0.0,10,0,1.0,0.8803284480035756,0.9277180471018162,1.0
51011,normal,0.0,11,0,1.0,0.8803284480035756,0.9277180471018162,1.0
51011,normal,0.25,0,6,0.5,0.7580315507833493,0.8430223207257729,0.82277136358238
51011,normal,0.25,1,6,1.0,0.8106418228391878,0.845869883114043,0.8201281325221893
51011,normal,0.25,2,6,1.0,0.7922277049231958,0.888075206729279,0.8245208696386306
51011,normal,0.25,3,6,0.5,0.8055619274455341,0.854786782016109,0.8777057280397815
51011,normal,0.25,4,6,1.0,0.7729367261853484,0.8872166575804608,0.7841262988909861
51011,normal,0.25,5,6,1.0,0.7891991293135102,0.8840239681545742,0.8012410706750019
51011,normal,0.25,6,6,0.5,0.7887271864564179,0.8603741742118567,0.8033371657493995
51011,normal,0.25,7,6,1.0,0.8196567686934965,0.8953392303020405,0.9097579358793301
51011,normal,0.25,8,6,0.5,0.7997135351840572,0.8620078754267155,0.835122331725471
51011,normal,0.25,9,6,1.0,0.7476584585441769,0.815786512324153,0.8510411004900368
51011,normal,0.25,10,6,1.0,0.8101995541513359,0.8806904648050943,0.8951621286079218
51011,normal,0.25,11,6,1.0,0.857735271930839,0.9047214882632778,0.8906047039706959
51011,normal,0.5,0,12,1.0,0.7844062302916712,0.8181481191412313,0.7588348198579706
51011,normal,0.5,1,12,1.0,0.7120162944964297,0.7688188653474595,0.7434423318884193
51011,normal,0.5,2,12,1.0,0.7966862190907856,0.8058353384022121,0.781154380898185
51011,normal,0.5,3,12,0.5,0.8027078129895808,0.7907608576074122,0.8000346987525415
51011,normal,0.5,4,12,1.0,0.7754123721287637,0.8267305500863046,0.741907371826791
51011,normal,0.5,5,12,0.5,0.7975075065463675,0.8234219408892794,0.7700800078197011
51011,normal,0.5,6,12,0.5,0.7306522084814924,0.7771384091120663,0.714208456944831
51011,normal,0.5,7,12,1.0,0.7842176118834239,0.8474994435590902,0.7510568615505627
51011,normal,0.5,8,12,1.0,0.732472820555596,0.7637507570121852,0.7531578497595502
51011,normal,0.5,9,12,1.0,0.8064491392943363,0.8635204457538888,0.7673488142868535
51011,normal,0.5,10,12,1.0,0.8068065116612597,0.862546503041159,0.8100798712376874
51011,normal,0.5,11,12,0.5,0.7882990553609751,0.8020324019579539,0.7948649636245745
51011,normal,0.75,0,19,0.0,0.6732560600666652,0.6306936021874767,0.6782586790841387
51011,normal,0.75,1,19,1.0,0.774260419786902,0.7191837117942399,0.6570903586508383
51011,normal,0.75,2,19,0.5,0.7653390493121757,0.7304680572665575,0.7368914655045978
51011,normal,0.75,3,19,0.5,0.7603058905363053,0.7293460162963608,0.7235524092101513
51011,normal,0.75,4,19,0.5,0.7682177439031913,0.7534618547341231,0.7214417091786768
51011,normal,0.75,5,19,0.5,0.7509726343588643,0.7501798099085051,0.6945459084650597
51011,normal,0.75,6,19,0.5,0.6776474103327864,0.6221581483356985,0.6290838084674923
51011,normal,0.75,7,19,0.5,0.751423131423365,0.6946341569745306,0.7346462310453837
51011,normal,0.75,8,19,0.5,0.7052602668060055,0.709296681614012,0.7467334887148059
51011,normal,0.75,9,19,0.0,0.7766579883015241,0.7516249944638232,0.7370474781642264
51011,normal,0.75,10,19,0.5,0.7807327090599143,0.7218520918649108,0.7115922423103258
51011,normal,0.75,11,19,0.5,0.7841168830889749,0.7474640276651983,0.7559286599183329
51011,normal,0.9,0,22,0.0,0.775006146878889,0.7411942396821991,0.7120157314551667
51011,normal,0.9,1,22,0.5,0.6960054730888143,0.6348787961159817,0.633597832788694
51011,normal,0.9,2,22,0.5,0.7674935259589087,0.7278839281898232,0.6432030746730968
51011,normal,0.9,3,22,0.5,0.7805096214693664,0.730262821431527,0.6586469269873761
51011,normal,0.9,4,22,0.0,0.7259038671507172,0.6479818777123388,0.6640001343712573
51011,normal,0.9,5,22,0.0,0.749484064074198,0.6919103642311016,0.6541015201320793
51011,normal,0.9,6,22,0.0,0.7567312181024896,0.7250445213167694,0.6165757779251928
51011,normal,0.9,7,22,0.0,0.7411494209043831,0.6931699411469299,0.65533117794623
51011,normal,0.9,8,22,0.0,0.7718655022897409,0.7219495814821769,0.6759754077297455
51011,normal,0.9,9,22,0.5,0.6603452828458145,0.5999321054166191,0.641460465585675
51011,normal,0.9,10,22,0.5,0.7350461038726938,0.6934551303490062,0.690696484443537
51011,normal,0.9,11,22,0.0,0.7554474852623188,0.6852438273868295,0.6510018136671916
51011,shuffled,0.0,0,0,1.0,0.8820708163622403,0.9433615457971269,1.0
51011,shuffled,0.0,1,0,1.0,0.8820708163622403,0.9433615457971269,1.0
51011,shuffled,0.0,2,0,1.0,0.8820708163622403,0.9433615457971269,1.0
51011,shuffled,0.0,3,0,1.0,0.8820708163622403,0.9433615457971269,1.0
51011,shuffled,0.0,4,0,1.0,0.8820708163622403,0.9433615457971269,1.0
51011,shuffled,0.0,5,0,1.0,0.8820708163622403,0.9433615457971269,1.0
51011,shuffled,0.0,6,0,1.0,0.8820708163622403,0.9433615457971269,1.0
51011,shuffled,0.0,7,0,1.0,0.8820708163622403,0.9433615457971269,1.0
51011,shuffled,0.0,8,0,1.0,0.8820708163622403,0.9433615457971269,1.0
51011,shuffled,0.0,9,0,1.0,0.8820708163622403,0.9433615457971269,1.0
51011,shuffled,0.0,10,0,1.0,0.8820708163622403,0.9433615457971269,1.0
51011,shuffled,0.0,11,0,1.0,0.8820708163622403,0.9433615457971269,1.0
51011,shuffled,0.25,0,6,1.0,0.7814808925798435,0.8836266783823522,0.907309469728264
51011,shuffled,0.25,1,6,1.0,0.7773789927557968,0.8107668310342406,0.853482228442108
51011,shuffled,0.25,2,6,1.0,0.8143645373665883,0.815235218349658,0.8210581076147817
51011,shuffled,0.25,3,6,1.0,0.7741154365469636,0.8546525079365763,0.8903398306482431
51011,shuffled,0.25,4,6,1.0,0.8017933811757528,0.9109585140777792,0.8469164829701932
51011,shuffled,0.25,5,6,1.0,0.7846825513082452,0.8338836462103119,0.8690966426200434
51011,shuffled,0.25,6,6,1.0,0.8026628076479453,0.891837304570857,0.8835042927149446
51011,shuffled,0.25,7,6,1.0,0.7764342236541956,0.8271423164123557,0.8086521481590517
51011,shuffled,0.25,8,6,1.0,0.7372341566419921,0.7818178364251903,0.8522158011591747
51011,shuffled,0.25,9,6,1.0,0.785601671065847,0.8597264170498328,0.8864471506259217
51011,shuffled,0.25,10,6,1.0,0.8064215138047086,0.8773582157291542,0.8697662940776288
51011,shuffled,0.25,11,6,1.0,0.807278653303492,0.8958755834188358,0.8698019660793301
51011,shuffled,0.5,0,12,1.0,0.7403277021370873,0.8261744713463629,0.8321949801458234
51011,shuffled,0.5,1,12,1.0,0.7464088184430664,0.8191755984008892,0.7042057953636219
51011,shuffled,0.5,2,12,0.5,0.710465149318998,0.7089575173446583,0.7740946532431843
51011,shuffled,0.5,3,12,1.0,0.7124541641814622,0.7124210410151983,0.72226018278424
51011,shuffled,0.5,4,12,1.0,0.7098099724781105,0.6963007130340217,0.7204066329585251
51011,shuffled,0.5,5,12,1.0,0.6988411136270676,0.7604703908879782,0.7569810294391339
51011,shuffled,0.5,6,12,1.0,0.7851399681605353,0.8571869169027779,0.8123353456292193
51011,shuffled,0.5,7,12,1.0,0.804010223170567,0.8346091758418472,0.7830357109475033
51011,shuffled,0.5,8,12,1.0,0.6917235903570222,0.7368618521852365,0.7597964772117004
51011,shuffled,0.5,9,12,1.0,0.7126528319479886,0.7540102227467171,0.7036269440739656
51011,shuffled,0.5,10,12,1.0,0.7165799178035757,0.7668399800680937,0.7376484240737438
51011,shuffled,0.5,11,12,1.0,0.6692987634264703,0.6891731554933466,0.7565308686934986
51011,shuffled,0.75,0,19,1.0,0.6981508607200122,0.6284866605121359,0.5937704991418662
51011,shuffled,0.75,1,19,1.0,0.7522175787196259,0.6653656944080697,0.5925194292885735
51011,shuffled,0.75,2,19,1.0,0.6651948029099768,0.688172437773387,0.6633372133772335
51011,shuffled,0.75,3,19,1.0,0.7132764214146722,0.700413613075081,0.6619134784281073
51011,shuffled,0.75,4,19,1.0,0.7021141297014366,0.687997239079376,0.6180722282687383
51011,shuffled,0.75,5,19,1.0,0.708953416011635,0.7278085721675568,0.741633717397749
51011,shuffled,0.75,6,19,1.0,0.6971991092828371,0.6917523772327416,0.67971721521625
51011,shuffled,0.75,7,19,1.0,0.6935390502656295,0.632989272135401,0.6721204975593704
51011,shuffled,0.75,8,19,1.0,0.6968990821304665,0.6022399643849298,0.6477914740710047
51011,shuffled,0.75,9,19,1.0,0.7220340227466288,0.72494501171886,0.64007217073863
51011,shuffled,0.75,10,19,1.0,0.6825830929907815,0.7248050974372382,0.7090198051714416
51011,shuffled,0.75,11,19,1.0,0.7326473743599601,0.6746751652958413,0.7087401286731054
51011,shuffled,0.9,0,22,1.0,0.7117085901589699,0.61762397428535,0.5969044940433185
51011,shuffled,0.9,1,22,1.0,0.7425581663790776,0.6773381590205035,0.6261643547346697
51011,shuffled,0.9,2,22,1.0,0.7051426045702409,0.6244657102334642,0.6122195724692191
51011,shuffled,0.9,3,22,1.0,0.6736749555919295,0.631466558993201,0.6317465824869941
51011,shuffled,0.9,4,22,1.0,0.7011103863969437,0.676978936026903,0.6658093033265325
51011,shuffled,0.9,5,22,0.5,0.7321422613437976,0.6018225284090725,0.5822064013461744
51011,shuffled,0.9,6,22,1.0,0.681772682261432,0.6147113840158377,0.6190998309360025
51011,shuffled,0.9,7,22,1.0,0.7403930845907278,0.6351501855663488,0.5970611848698585
51011,shuffled,0.9,8,22,1.0,0.7458188704874321,0.6456666953999466,0.6245483095942095
51011,shuffled,0.9,9,22,1.0,0.661381576769315,0.6502801512361893,0.6404219380914814
51011,shuffled,0.9,10,22,1.0,0.7204829300932313,0.6602451621311667,0.6370224436033908
51011,shuffled,0.9,11,22,1.0,0.734834810391559,0.6546522792933532,0.6267338039331323
51011,dense,0.0,0,0,0.5,0.2775791393880586,0.24724748633405258,0.9999999999999999
51011,dense,0.0,1,0,0.5,0.2775791393880586,0.24724748633405258,0.9999999999999999
51011,dense,0.0,2,0,0.5,0.2775791393880586,0.24724748633405258,0.9999999999999999
51011,dense,0.0,3,0,0.5,0.2775791393880586,0.24724748633405258,0.9999999999999999
51011,dense,0.0,4,0,0.5,0.2775791393880586,0.24724748633405258,0.9999999999999999
51011,dense,0.0,5,0,0.5,0.2775791393880586,0.24724748633405258,0.9999999999999999
51011,dense,0.0,6,0,0.5,0.2775791393880586,0.24724748633405258,0.9999999999999999
51011,dense,0.0,7,0,0.5,0.2775791393880586,0.24724748633405258,0.9999999999999999
51011,dense,0.0,8,0,0.5,0.2775791393880586,0.24724748633405258,0.9999999999999999
51011,dense,0.0,9,0,0.5,0.2775791393880586,0.24724748633405258,0.9999999999999999
51011,dense,0.0,10,0,0.5,0.2775791393880586,0.24724748633405258,0.9999999999999999
51011,dense,0.0,11,0,0.5,0.2775791393880586,0.24724748633405258,0.9999999999999999
51011,dense,0.25,0,6,0.5,0.2775791393880586,0.24724748633405258,0.9999999999999999
51011,dense,0.25,1,6,0.5,0.2775791393880586,0.24724748633405258,0.9999999999999999
51011,dense,0.25,2,6,0.5,0.2775791393880586,0.24724748633405258,0.9999999999999999
51011,dense,0.25,3,6,0.5,0.2775791393880586,0.24724748633405258,0.9999999999999999
51011,dense,0.25,4,6,0.5,0.2775791393880586,0.24724748633405258,0.9999999999999999
51011,dense,0.25,5,6,0.5,0.2775791393880586,0.24724748633405258,0.9999999999999999
51011,dense,0.25,6,6,0.5,0.2775791393880586,0.24724748633405258,0.9999999999999999
51011,dense,0.25,7,6,0.5,0.2775791393880586,0.24724748633405258,0.9999999999999999
51011,dense,0.25,8,6,0.5,0.2775791393880586,0.24724748633405258,0.9999999999999999
51011,dense,0.25,9,6,0.5,0.2775791393880586,0.24724748633405258,0.9999999999999999
51011,dense,0.25,10,6,0.5,0.2775791393880586,0.24724748633405258,0.9999999999999999
51011,dense,0.25,11,6,0.5,0.2775791393880586,0.24724748633405258,0.9999999999999999
51011,dense,0.5,0,12,0.5,0.2775791393880586,0.24724748633405258,0.9999999999999999
51011,dense,0.5,1,12,0.5,0.2775791393880586,0.24724748633405258,0.9999999999999999
51011,dense,0.5,2,12,0.5,0.2775791393880586,0.24724748633405258,0.9999999999999999
51011,dense,0.5,3,12,0.5,0.2775791393880586,0.24724748633405258,0.9999999999999999
51011,dense,0.5,4,12,0.5,0.2775791393880586,0.24724748633405258,0.9999999999999999
51011,dense,0.5,5,12,0.5,0.2775791393880586,0.24724748633405258,0.9999999999999999
51011,dense,0.5,6,12,0.5,0.2775791393880586,0.24724748633405258,0.9999999999999999
51011,dense,0.5,7,12,0.5,0.2775791393880586,0.24724748633405258,0.9999999999999999
51011,dense,0.5,8,12,0.5,0.2775791393880586,0.24724748633405258,0.9999999999999999
51011,dense,0.5,9,12,0.5,0.2775791393880586,0.24724748633405258,0.9999999999999999
51011,dense,0.5,10,12,0.5,0.2775791393880586,0.24724748633405258,0.9999999999999999
51011,dense,0.5,11,12,0.5,0.2775791393880586,0.24724748633405258,0.9999999999999999
51011,dense,0.75,0,19,0.5,0.2775791393880586,0.24724748633405258,0.9999999999999999
51011,dense,0.75,1,19,0.5,0.2775791393880586,0.24724748633405258,0.9999999999999999
51011,dense,0.75,2,19,0.5,0.2775791393880586,0.24724748633405258,0.9999999999999999
51011,dense,0.75,3,19,0.5,0.2775791393880586,0.24724748633405258,0.9999999999999999
51011,dense,0.75,4,19,0.5,0.2775791393880586,0.24724748633405258,0.9999999999999999
51011,dense,0.75,5,19,0.5,0.2775791393880586,0.24724748633405258,0.9999999999999999
51011,dense,0.75,6,19,0.5,0.2775791393880586,0.24724748633405258,0.9999999999999999
51011,dense,0.75,7,19,0.5,0.2775791393880586,0.24724748633405258,0.9999999999999999
51011,dense,0.75,8,19,0.5,0.2775791393880586,0.24724748633405258,0.9999999999999999
51011,dense,0.75,9,19,0.5,0.2775791393880586,0.24724748633405258,0.9999999999999999
51011,dense,0.75,10,19,0.5,0.2775791393880586,0.24724748633405258,0.9999999999999999
51011,dense,0.75,11,19,0.5,0.2775791393880586,0.24724748633405258,0.9999999999999999
51011,dense,0.9,0,22,0.5,0.2775791393880586,0.24724748633405258,0.9999999999999999
51011,dense,0.9,1,22,0.5,0.2775791393880586,0.24724748633405258,0.9999999999999999
51011,dense,0.9,2,22,0.5,0.2775791393880586,0.24724748633405258,0.9999999999999999
51011,dense,0.9,3,22,0.5,0.2775791393880586,0.24724748633405258,0.9999999999999999
51011,dense,0.9,4,22,0.5,0.2775791393880586,0.24724748633405258,0.9999999999999999
51011,dense,0.9,5,22,0.5,0.2775791393880586,0.24724748633405258,0.9999999999999999
51011,dense,0.9,6,22,0.5,0.2775791393880586,0.24724748633405258,0.9999999999999999
51011,dense,0.9,7,22,0.5,0.2775791393880586,0.24724748633405258,0.9999999999999999
51011,dense,0.9,8,22,0.5,0.2775791393880586,0.24724748633405258,0.9999999999999999
51011,dense,0.9,9,22,0.5,0.2775791393880586,0.24724748633405258,0.9999999999999999
51011,dense,0.9,10,22,0.5,0.2775791393880586,0.24724748633405258,0.9999999999999999
51011,dense,0.9,11,22,0.5,0.2775791393880586,0.24724748633405258,0.9999999999999999
51011,identity,0.0,0,0,1.0,0.9380659486765873,0.9721058984460624,1.0
51011,identity,0.0,1,0,1.0,0.9380659486765873,0.9721058984460624,1.0
51011,identity,0.0,2,0,1.0,0.9380659486765873,0.9721058984460624,1.0
51011,identity,0.0,3,0,1.0,0.9380659486765873,0.9721058984460624,1.0
51011,identity,0.0,4,0,1.0,0.9380659486765873,0.9721058984460624,1.0
51011,identity,0.0,5,0,1.0,0.9380659486765873,0.9721058984460624,1.0
51011,identity,0.0,6,0,1.0,0.9380659486765873,0.9721058984460624,1.0
51011,identity,0.0,7,0,1.0,0.9380659486765873,0.9721058984460624,1.0
51011,identity,0.0,8,0,1.0,0.9380659486765873,0.9721058984460624,1.0
51011,identity,0.0,9,0,1.0,0.9380659486765873,0.9721058984460624,1.0
51011,identity,0.0,10,0,1.0,0.9380659486765873,0.9721058984460624,1.0
51011,identity,0.0,11,0,1.0,0.9380659486765873,0.9721058984460624,1.0
51011,identity,0.25,0,6,1.0,0.951155761260789,0.9709179468942335,0.9514055170197625
51011,identity,0.25,1,6,1.0,0.951139034514428,0.9712227206588744,0.9505300199234145
51011,identity,0.25,2,6,1.0,0.9511556989367581,0.9709178909817201,0.9514055170197625
51011,identity,0.25,3,6,1.0,0.9511387829362999,0.9712226266383033,0.9505300199234145
51011,identity,0.25,4,6,1.0,0.9496838092537311,0.9710306641616646,0.9512033998661628
51011,identity,0.25,5,6,1.0,0.9511556129443881,0.9709179200673422,0.9514055170197625
51011,identity,0.25,6,6,1.0,0.9498461581456397,0.9725528542400778,0.9597319059603961
51011,identity,0.25,7,6,1.0,0.9496838740082842,0.9710307255175233,0.9512033998661629
51011,identity,0.25,8,6,1.0,0.951155366351985,0.9709177817914086,0.9514055170197625
51011,identity,0.25,9,6,1.0,0.9382624627910384,0.9458965368673039,0.9491819630491775
51011,identity,0.25,10,6,1.0,0.9486003786790671,0.9704703726488164,0.959700408090238
51011,identity,0.25,11,6,1.0,0.9511556935570463,0.9709178855607312,0.9514055170197625
51011,identity,0.5,0,12,1.0,0.9504065872906357,0.9412791017145579,0.8985603507991782
51011,identity,0.5,1,12,1.0,0.9533593313552874,0.9493560094526567,0.8982958147385088
51011,identity,0.5,2,12,1.0,0.9505818868574935,0.9455463248233903,0.9076189167303701
51011,identity,0.5,3,12,1.0,0.9504064898393664,0.9412789821323186,0.8985603507991782
51011,identity,0.5,4,12,1.0,0.9504067201224669,0.9412791847749098,0.8985603507991782
51011,identity,0.5,5,12,1.0,0.9504066449346936,0.941279149334682,0.8985603507991782
51011,identity,0.5,6,12,1.0,0.9533594465707859,0.9493560809806277,0.8982958147385088
51011,identity,0.5,7,12,1.0,0.9504065653032666,0.9412790268018573,0.8985603507991782
51011,identity,0.5,8,12,1.0,0.9522665909772522,0.9528892694219151,0.9076568053909793
51011,identity,0.5,9,12,1.0,0.9565062192891264,0.9547106618068798,0.8974203730145592
51011,identity,0.5,10,12,1.0,0.947542995714583,0.9398938842550366,0.9069994298317593
51011,identity,0.5,11,12,1.0,0.9504064280306233,0.9412790386950287,0.8985603507991782
51011,identity,0.75,0,19,1.0,0.9443047850986487,0.9080695767129693,0.8384806221699559
51011,identity,0.75,1,19,1.0,0.9555906769789548,0.9165204623897192,0.839847213378805
51011,identity,0.75,2,19,1.0,0.9502633492401397,0.9091053226837345,0.8296895091016865
51011,identity,0.75,3,19,1.0,0.9502633194830399,0.9091053143607293,0.8296895091016865
51011,identity,0.75,4,19,1.0,0.9502633278583449,0.9091053409859106,0.8296895091016865
51011,identity,0.75,5,19,1.0,0.955590667497027,0.9165204550481444,0.839847213378805
51011,identity,0.75,6,19,1.0,0.9540356285533597,0.911353949260753,0.82974105122111
51011,identity,0.75,7,19,1.0,0.9512447784734561,0.9143840174543638,0.8402028944043216
51011,identity,0.75,8,19,1.0,0.954035664996085,0.911353863564064,0.82974105122111
51011,identity,0.75,9,19,1.0,0.951244870951906,0.9143840869817772,0.8402028944043216
51011,identity,0.75,10,19,1.0,0.9466877334263001,0.9055953952713115,0.8287875560382659
51011,identity,0.75,11,19,1.0,0.957450944547734,0.907935321038269,0.8289426789550504
51011,identity,0.9,0,22,1.0,0.9519134824916796,0.9004695576595954,0.8082669599324109
51011,identity,0.9,1,22,1.0,0.9519135142926453,0.9004695211125104,0.8082669599324109
51011,identity,0.9,2,22,1.0,0.9549143781334725,0.8974899410206848,0.8083231314947201
51011,identity,0.9,3,22,1.0,0.9519135200439802,0.9004695254800201,0.8082669599324109
51011,identity,0.9,4,22,1.0,0.9537738575439032,0.891884344150254,0.7973624255086562
51011,identity,0.9,5,22,1.0,0.9549143529093524,0.897489978073287,0.8083231314947201
51011,identity,0.9,6,22,1.0,0.9519134897547187,0.9004695103681968,0.8082669599324109
51011,identity,0.9,7,22,1.0,0.9614677783966212,0.8829349779553839,0.8074532509894837
51011,identity,0.9,8,22,1.0,0.954914321448129,0.8974898603730724,0.8083231314947201
51011,identity,0.9,9,22,1.0,0.9519134806058944,0.9004695119664896,0.8082669599324109
51011,identity,0.9,10,22,1.0,0.9549143596819014,0.8974899286092244,0.8083231314947201
51011,identity,0.9,11,22,1.0,0.9519134846122482,0.9004695699239149,0.8082669599324109
51012,normal,0.0,0,0,1.0,0.8944571459203035,0.9493762984600548,1.0
51012,normal,0.0,1,0,1.0,0.8944571459203035,0.9493762984600548,1.0
51012,normal,0.0,2,0,1.0,0.8944571459203035,0.9493762984600548,1.0
51012,normal,0.0,3,0,1.0,0.8944571459203035,0.9493762984600548,1.0
51012,normal,0.0,4,0,1.0,0.8944571459203035,0.9493762984600548,1.0
51012,normal,0.0,5,0,1.0,0.8944571459203035,0.9493762984600548,1.0
51012,normal,0.0,6,0,1.0,0.8944571459203035,0.9493762984600548,1.0
51012,normal,0.0,7,0,1.0,0.8944571459203035,0.9493762984600548,1.0
51012,normal,0.0,8,0,1.0,0.8944571459203035,0.9493762984600548,1.0
51012,normal,0.0,9,0,1.0,0.8944571459203035,0.9493762984600548,1.0
51012,normal,0.0,10,0,1.0,0.8944571459203035,0.9493762984600548,1.0
51012,normal,0.0,11,0,1.0,0.8944571459203035,0.9493762984600548,1.0
51012,normal,0.25,0,6,1.0,0.8472487657323383,0.8844997096132328,0.8230017884909647
51012,normal,0.25,1,6,1.0,0.81397195848773,0.8553588079301611,0.7866695488142375
51012,normal,0.25,2,6,1.0,0.851914457764848,0.8918849929641144,0.8415598018022109
51012,normal,0.25,3,6,1.0,0.8537372929074987,0.9211837383674191,0.8707698694302699
51012,normal,0.25,4,6,1.0,0.8471733136865193,0.923555366690811,0.86972649363548
51012,normal,0.25,5,6,1.0,0.8328832348570004,0.8313178959907623,0.8399377359159227
51012,normal,0.25,6,6,1.0,0.8493095367491175,0.9022162371281698,0.8672408179462026
51012,normal,0.25,7,6,1.0,0.8417638670087148,0.9077289956317699,0.8109129746306458
51012,normal,0.25,8,6,1.0,0.8405926287897618,0.9218525404244409,0.8603120504384405
51012,normal,0.25,9,6,1.0,0.8485994925377031,0.9139857548164108,0.8478792557674091
51012,normal,0.25,10,6,1.0,0.8342041234223277,0.896564698672295,0.8313904246299006
51012,normal,0.25,11,6,1.0,0.8372474011911839,0.9126450948118939,0.8409277137064035
51012,normal,0.5,0,12,1.0,0.8242239418454831,0.8445795239463664,0.7708671416123309
51012,normal,0.5,1,12,1.0,0.8231009713368594,0.8335120191900396,0.7688462405318728
51012,normal,0.5,2,12,1.0,0.7785267843834675,0.7869415104531836,0.7862121129202577
51012,normal,0.5,3,12,1.0,0.8295356360233289,0.8093995049350724,0.7967967520575523
51012,normal,0.5,4,12,1.0,0.7360190273108729,0.7383993337893442,0.7194332429108763
51012,normal,0.5,5,12,1.0,0.812198304994337,0.8840627194672704,0.7647678046867934
51012,normal,0.5,6,12,1.0,0.8035103223283504,0.7310171894732435,0.6737145284143345
51012,normal,0.5,7,12,1.0,0.8183976334239894,0.8209317309642183,0.7062384720996809
51012,normal,0.5,8,12,1.0,0.7728714513822418,0.7665228705875754,0.7570223163667221
51012,normal,0.5,9,12,1.0,0.7847963265985927,0.7741583475084712,0.7413305679910701
51012,normal,0.5,10,12,1.0,0.8635264972019183,0.8816376426157894,0.6671519768358829
51012,normal,0.5,11,12,1.0,0.8472970073206922,0.881139340326076,0.7564728478205263
51012,normal,0.75,0,19,1.0,0.8005316593606595,0.6709843520056193,0.5926786196785067
51012,normal,0.75,1,19,1.0,0.808164009744083,0.6754110093800327,0.5990377714203212
51012,normal,0.75,2,19,1.0,0.7665983469673087,0.6463334793413543,0.5901552394243629
51012,normal,0.75,3,19,1.0,0.7858089392007789,0.685568913120199,0.640388728372063
51012,normal,0.75,4,19,1.0,0.7476283523885872,0.692138082261397,0.6190997878443146
51012,normal,0.75,5,19,0.5,0.7376720221387726,0.640399741837317,0.6152984263880203
51012,normal,0.75,6,19,1.0,0.7832861303536592,0.6677110990486699,0.605525609585452
51012,normal,0.75,7,19,1.0,0.7577456322283633,0.6347383953939969,0.6043640605820828
51012,normal,0.75,8,19,1.0,0.7743086829797161,0.7299602053263803,0.6334647995219952
51012,normal,0.75,9,19,0.5,0.74953904040416,0.6961864474584314,0.6089694186636269
51012,normal,0.75,10,19,1.0,0.8059759157847769,0.7039138328826653,0.5923441744696106
51012,normal,0.75,11,19,1.0,0.8429885841279028,0.7836889589674179,0.662652618194144
51012,normal,0.9,0,22,1.0,0.8352100499650335,0.7578282437369492,0.616482229246574
51012,normal,0.9,1,22,1.0,0.8070369454629289,0.6838311112577273,0.5660963045637705
51012,normal,0.9,2,22,1.0,0.7581241476933606,0.6282401477793347,0.5877551414633101
51012,normal,0.9,3,22,1.0,0.8302890086672475,0.705306505380466,0.5865785283693434
51012,normal,0.9,4,22,1.0,0.839866910925926,0.7034763037917976,0.5831590769648901
51012,normal,0.9,5,22,1.0,0.7851611045654476,0.6555082117083849,0.5911894371518449
51012,normal,0.9,6,22,1.0,0.7809189624037555,0.6890829651908192,0.5562277264612026
51012,normal,0.9,7,22,1.0,0.8398796552440677,0.6890950296722983,0.5924615140784762
51012,normal,0.9,8,22,1.0,0.7538374992237958,0.5968003682450655,0.5036952236903854
51012,normal,0.9,9,22,1.0,0.7819135311546471,0.6684885251251247,0.5404422291897885
51012,normal,0.9,10,22,1.0,0.7902610965019019,0.6668661070063814,0.6355915183730697
51012,normal,0.9,11,22,1.0,0.7776393761106324,0.6540229946848899,0.6224491641630049
51012,shuffled,0.0,0,0,1.0,0.9107707792514076,0.939165933274989,1.0
51012,shuffled,0.0,1,0,1.0,0.9107707792514076,0.939165933274989,1.0
51012,shuffled,0.0,2,0,1.0,0.9107707792514076,0.939165933274989,1.0
51012,shuffled,0.0,3,0,1.0,0.9107707792514076,0.939165933274989,1.0
51012,shuffled,0.0,4,0,1.0,0.9107707792514076,0.939165933274989,1.0
51012,shuffled,0.0,5,0,1.0,0.9107707792514076,0.939165933274989,1.0
51012,shuffled,0.0,6,0,1.0,0.9107707792514076,0.939165933274989,1.0
51012,shuffled,0.0,7,0,1.0,0.9107707792514076,0.939165933274989,1.0
51012,shuffled,0.0,8,0,1.0,0.9107707792514076,0.939165933274989,1.0
51012,shuffled,0.0,9,0,1.0,0.9107707792514076,0.939165933274989,1.0
51012,shuffled,0.0,10,0,1.0,0.9107707792514076,0.939165933274989,1.0
51012,shuffled,0.0,11,0,1.0,0.9107707792514076,0.939165933274989,1.0
51012,shuffled,0.25,0,6,1.0,0.8186952347216517,0.8868711997488444,0.8606236958346685
51012,shuffled,0.25,1,6,1.0,0.800645486592559,0.8729356769926545,0.8687922993175172
51012,shuffled,0.25,2,6,1.0,0.8247061815608547,0.8350560900632581,0.82735953063155
51012,shuffled,0.25,3,6,1.0,0.8310203090213996,0.8699494376302228,0.805339720499433
51012,shuffled,0.25,4,6,1.0,0.843814669566044,0.9009882408471757,0.792301805963401
51012,shuffled,0.25,5,6,1.0,0.8508210056024255,0.8812025242134257,0.8282201466395449
51012,shuffled,0.25,6,6,1.0,0.8206478077819357,0.8904721647524076,0.8325078675856394
51012,shuffled,0.25,7,6,1.0,0.8560274665827323,0.9080102869329773,0.8305152551079489
51012,shuffled,0.25,8,6,1.0,0.8420978878635158,0.8785714693627936,0.7961314746363225
51012,shuffled,0.25,9,6,1.0,0.826740119709646,0.903281651220065,0.7770064624894516
51012,shuffled,0.25,10,6,1.0,0.8577779944006743,0.862413597419164,0.8385092854454504
51012,shuffled,0.25,11,6,1.0,0.8274604216975233,0.8979945811015401,0.8357271060860475
51012,shuffled,0.5,0,12,1.0,0.8266806214140157,0.8587504611709454,0.7639985267380084
51012,shuffled,0.5,1,12,1.0,0.7752030585465398,0.7765218899530592,0.7113836174497592
51012,shuffled,0.5,2,12,1.0,0.7969613815326294,0.8213240640425659,0.7343464602245368
51012,shuffled,0.5,3,12,1.0,0.7653576155516946,0.815602037754755,0.6860048817290414
51012,shuffled,0.5,4,12,1.0,0.8084802562691107,0.8434274359699288,0.7373554337329316
51012,shuffled,0.5,5,12,1.0,0.8287762637117108,0.8006332368224202,0.7047329664905055
51012,shuffled,0.5,6,12,1.0,0.770482212753466,0.7478126891708098,0.7123651114993277
51012,shuffled,0.5,7,12,1.0,0.8174527678201958,0.814458602173882,0.7504405799140105
51012,shuffled,0.5,8,12,1.0,0.8436037763886702,0.8574884282325138,0.7271258089877557
51012,shuffled,0.5,9,12,1.0,0.7428699881039136,0.7319624562372512,0.779352090499976
51012,shuffled,0.5,10,12,1.0,0.7897923807280621,0.8082642470998596,0.76572546849452
51012,shuffled,0.5,11,12,0.5,0.7852335730706049,0.7566306279819582,0.7324498529537641
51012,shuffled,0.75,0,19,1.0,0.7565049972278637,0.7121401374544765,0.6431580521642088
51012,shuffled,0.75,1,19,1.0,0.7758797651039895,0.7233041296628864,0.6971001861067029
51012,shuffled,0.75,2,19,1.0,0.8068356920987092,0.7029811853511907,0.6528816615657775
51012,shuffled,0.75,3,19,1.0,0.8077190690117798,0.6644671326814379,0.5990139414771938
51012,shuffled,0.75,4,19,0.5,0.7733416260302556,0.6771062097459825,0.609366446918679
51012,shuffled,0.75,5,19,0.5,0.7558713413272865,0.6946963640730133,0.6810818759657647
51012,shuffled,0.75,6,19,0.5,0.7768805351876666,0.692753594290809,0.6647320374306729
51012,shuffled,0.75,7,19,1.0,0.7836258762641397,0.7042895879809948,0.647344514849794
51012,shuffled,0.75,8,19,0.5,0.8040209097333019,0.7100192401646901,0.6665272639177522
51012,shuffled,0.75,9,19,1.0,0.7863452651958671,0.7159762685369896,0.6361747752056036
51012,shuffled,0.75,10,19,0.5,0.8151323670203747,0.7246743745133248,0.6543375923934033
51012,shuffled,0.75,11,19,1.0,0.8255964897112641,0.7405859468855412,0.6250773269962512
51012,shuffled,0.9,0,22,0.5,0.7505740902675566,0.6763515421213383,0.6371494589602577
51012,shuffled,0.9,1,22,1.0,0.7775994449640224,0.6986463418490108,0.574354373842462
51012,shuffled,0.9,2,22,0.5,0.7528121382510933,0.6639226320610806,0.621720966005483
51012,shuffled,0.9,3,22,0.5,0.7480430163017742,0.6473371092443942,0.6114500346634686
51012,shuffled,0.9,4,22,0.5,0.7439905074743876,0.647637585172517,0.6047771441631125
51012,shuffled,0.9,5,22,1.0,0.7595613809569857,0.6997025110528091,0.6108111012586148
51012,shuffled,0.9,6,22,0.5,0.804717041384849,0.7000799141848669,0.6060054061272934
51012,shuffled,0.9,7,22,1.0,0.800608772356296,0.6987352229278103,0.6147852089032959
51012,shuffled,0.9,8,22,0.5,0.7978827127662855,0.7134201914833292,0.6240981139566262
51012,shuffled,0.9,9,22,1.0,0.803744057857569,0.6870697242235955,0.6340038266669397
51012,shuffled,0.9,10,22,1.0,0.7785995158892776,0.7042891978938022,0.6185654385562185
51012,shuffled,0.9,11,22,0.0,0.7718519647041395,0.6543122694889537,0.6098621466674081
51012,dense,0.0,0,0,0.5,0.324315783579263,0.26867612040632904,0.9999999999999999
51012,dense,0.0,1,0,0.5,0.324315783579263,0.26867612040632904,0.9999999999999999
51012,dense,0.0,2,0,0.5,0.324315783579263,0.26867612040632904,0.9999999999999999
51012,dense,0.0,3,0,0.5,0.324315783579263,0.26867612040632904,0.9999999999999999
51012,dense,0.0,4,0,0.5,0.324315783579263,0.26867612040632904,0.9999999999999999
51012,dense,0.0,5,0,0.5,0.324315783579263,0.26867612040632904,0.9999999999999999
51012,dense,0.0,6,0,0.5,0.324315783579263,0.26867612040632904,0.9999999999999999
51012,dense,0.0,7,0,0.5,0.324315783579263,0.26867612040632904,0.9999999999999999
51012,dense,0.0,8,0,0.5,0.324315783579263,0.26867612040632904,0.9999999999999999
51012,dense,0.0,9,0,0.5,0.324315783579263,0.26867612040632904,0.9999999999999999
51012,dense,0.0,10,0,0.5,0.324315783579263,0.26867612040632904,0.9999999999999999
51012,dense,0.0,11,0,0.5,0.324315783579263,0.26867612040632904,0.9999999999999999
51012,dense,0.25,0,6,0.5,0.324315783579263,0.26867612040632904,0.9999999999999999
51012,dense,0.25,1,6,0.5,0.324315783579263,0.26867612040632904,0.9999999999999999
51012,dense,0.25,2,6,0.5,0.324315783579263,0.26867612040632904,0.9999999999999999
51012,dense,0.25,3,6,0.5,0.324315783579263,0.26867612040632904,0.9999999999999999
51012,dense,0.25,4,6,0.5,0.324315783579263,0.26867612040632904,0.9999999999999999
51012,dense,0.25,5,6,0.5,0.324315783579263,0.26867612040632904,0.9999999999999999
51012,dense,0.25,6,6,0.5,0.324315783579263,0.26867612040632904,0.9999999999999999
51012,dense,0.25,7,6,0.5,0.324315783579263,0.26867612040632904,0.9999999999999999
51012,dense,0.25,8,6,0.5,0.324315783579263,0.26867612040632904,0.9999999999999999
51012,dense,0.25,9,6,0.5,0.324315783579263,0.26867612040632904,0.9999999999999999
51012,dense,0.25,10,6,0.5,0.324315783579263,0.26867612040632904,0.9999999999999999
51012,dense,0.25,11,6,0.5,0.324315783579263,0.26867612040632904,0.9999999999999999
51012,dense,0.5,0,12,0.5,0.324315783579263,0.26867612040632904,0.9999999999999999
51012,dense,0.5,1,12,0.5,0.324315783579263,0.26867612040632904,0.9999999999999999
51012,dense,0.5,2,12,0.5,0.324315783579263,0.26867612040632904,0.9999999999999999
51012,dense,0.5,3,12,0.5,0.324315783579263,0.26867612040632904,0.9999999999999999
51012,dense,0.5,4,12,0.5,0.324315783579263,0.26867612040632904,0.9999999999999999
51012,dense,0.5,5,12,0.5,0.324315783579263,0.26867612040632904,0.9999999999999999
51012,dense,0.5,6,12,0.5,0.324315783579263,0.26867612040632904,0.9999999999999999
51012,dense,0.5,7,12,0.5,0.324315783579263,0.26867612040632904,0.9999999999999999
51012,dense,0.5,8,12,0.5,0.324315783579263,0.26867612040632904,0.9999999999999999
51012,dense,0.5,9,12,0.5,0.324315783579263,0.26867612040632904,0.9999999999999999
51012,dense,0.5,10,12,0.5,0.324315783579263,0.26867612040632904,0.9999999999999999
51012,dense,0.5,11,12,0.5,0.324315783579263,0.26867612040632904,0.9999999999999999
51012,dense,0.75,0,19,0.5,0.324315783579263,0.26867612040632904,0.9999999999999999
51012,dense,0.75,1,19,0.5,0.324315783579263,0.26867612040632904,0.9999999999999999
51012,dense,0.75,2,19,0.5,0.324315783579263,0.26867612040632904,0.9999999999999999
51012,dense,0.75,3,19,0.5,0.324315783579263,0.26867612040632904,0.9999999999999999
51012,dense,0.75,4,19,0.5,0.324315783579263,0.26867612040632904,0.9999999999999999
51012,dense,0.75,5,19,0.5,0.324315783579263,0.26867612040632904,0.9999999999999999
51012,dense,0.75,6,19,0.5,0.324315783579263,0.26867612040632904,0.9999999999999999
51012,dense,0.75,7,19,0.5,0.324315783579263,0.26867612040632904,0.9999999999999999
51012,dense,0.75,8,19,0.5,0.324315783579263,0.26867612040632904,0.9999999999999999
51012,dense,0.75,9,19,0.5,0.324315783579263,0.26867612040632904,0.9999999999999999
51012,dense,0.75,10,19,0.5,0.324315783579263,0.26867612040632904,0.9999999999999999
51012,dense,0.75,11,19,0.5,0.324315783579263,0.26867612040632904,0.9999999999999999
51012,dense,0.9,0,22,0.5,0.324315783579263,0.26867612040632904,0.9999999999999999
51012,dense,0.9,1,22,0.5,0.324315783579263,0.26867612040632904,0.9999999999999999
51012,dense,0.9,2,22,0.5,0.324315783579263,0.26867612040632904,0.9999999999999999
51012,dense,0.9,3,22,0.5,0.324315783579263,0.26867612040632904,0.9999999999999999
51012,dense,0.9,4,22,0.5,0.324315783579263,0.26867612040632904,0.9999999999999999
51012,dense,0.9,5,22,0.5,0.324315783579263,0.26867612040632904,0.9999999999999999
51012,dense,0.9,6,22,0.5,0.324315783579263,0.26867612040632904,0.9999999999999999
51012,dense,0.9,7,22,0.5,0.324315783579263,0.26867612040632904,0.9999999999999999
51012,dense,0.9,8,22,0.5,0.324315783579263,0.26867612040632904,0.9999999999999999
51012,dense,0.9,9,22,0.5,0.324315783579263,0.26867612040632904,0.9999999999999999
51012,dense,0.9,10,22,0.5,0.324315783579263,0.26867612040632904,0.9999999999999999
51012,dense,0.9,11,22,0.5,0.324315783579263,0.26867612040632904,0.9999999999999999
51012,identity,0.0,0,0,1.0,0.9346723938930714,0.9662675483410988,1.0
51012,identity,0.0,1,0,1.0,0.9346723938930714,0.9662675483410988,1.0
51012,identity,0.0,2,0,1.0,0.9346723938930714,0.9662675483410988,1.0
51012,identity,0.0,3,0,1.0,0.9346723938930714,0.9662675483410988,1.0
51012,identity,0.0,4,0,1.0,0.9346723938930714,0.9662675483410988,1.0
51012,identity,0.0,5,0,1.0,0.9346723938930714,0.9662675483410988,1.0
51012,identity,0.0,6,0,1.0,0.9346723938930714,0.9662675483410988,1.0
51012,identity,0.0,7,0,1.0,0.9346723938930714,0.9662675483410988,1.0
51012,identity,0.0,8,0,1.0,0.9346723938930714,0.9662675483410988,1.0
51012,identity,0.0,9,0,1.0,0.9346723938930714,0.9662675483410988,1.0
51012,identity,0.0,10,0,1.0,0.9346723938930714,0.9662675483410988,1.0
51012,identity,0.0,11,0,1.0,0.9346723938930714,0.9662675483410988,1.0
51012,identity,0.25,0,6,1.0,0.9502043509768647,0.9683898978078181,0.949982308653728
51012,identity,0.25,1,6,1.0,0.9531086407187144,0.9673442007857601,0.9487101571754039
51012,identity,0.25,2,6,1.0,0.9484083981663776,0.9668477773742823,0.9583248349559192
51012,identity,0.25,3,6,1.0,0.951031494278204,0.9706088952324698,0.9495813026776352
51012,identity,0.25,4,6,1.0,0.9502043779527405,0.9683898957292372,0.9499823086537282
51012,identity,0.25,5,6,1.0,0.949908374506185,0.9672918488943988,0.9499166500607008
51012,identity,0.25,6,6,1.0,0.950204457912704,0.9683899352802132,0.949982308653728
51012,identity,0.25,7,6,1.0,0.9502044462141215,0.9683899217195944,0.949982308653728
51012,identity,0.25,8,6,1.0,0.9478323216806263,0.967889184341771,0.958611037195004
51012,identity,0.25,9,6,1.0,0.9478322806504558,0.9678891649466397,0.9586110371950037
51012,identity,0.25,10,6,1.0,0.9502044497627621,0.9683899400319855,0.949982308653728
51012,identity,0.25,11,6,1.0,0.9502043589959639,0.9683898882822887,0.949982308653728
51012,identity,0.5,0,12,1.0,0.9615325520848235,0.9320461906876232,0.9041752783283059
51012,identity,0.5,1,12,1.0,0.9624266104894683,0.9453535073889919,0.895641690919511
51012,identity,0.5,2,12,1.0,0.9630077776840507,0.9304328981397522,0.8952337504379596
51012,identity,0.5,3,12,1.0,0.9625274163829345,0.9571515856045393,0.9051441139086092
51012,identity,0.5,4,12,1.0,0.9639063536980674,0.9420404672034077,0.8957375678716548
51012,identity,0.5,5,12,1.0,0.9612765607003736,0.9153265585260684,0.894124753863027
51012,identity,0.5,6,12,1.0,0.9639064666597345,0.9420405345629324,0.8957375678716548
51012,identity,0.5,7,12,1.0,0.9630077365384762,0.9304329178758975,0.8952337504379596
51012,identity,0.5,8,12,1.0,0.9639064969232894,0.9420405081274407,0.8957375678716548
51012,identity,0.5,9,12,1.0,0.9592004968629365,0.9159239575706724,0.9028191409973303
51012,identity,0.5,10,12,1.0,0.9567008468805984,0.9361053827579414,0.8949447210873683
51012,identity,0.5,11,12,1.0,0.9567008830597039,0.9361053684246373,0.8949447210873683
51012,identity,0.75,0,19,1.0,0.9610450087561512,0.8443038892213981,0.8252260497576759
51012,identity,0.75,1,19,1.0,0.9627017396104972,0.8546277721521142,0.8353992725836241
51012,identity,0.75,2,19,1.0,0.9605312191916049,0.8566856356111892,0.8360544916705173
51012,identity,0.75,3,19,1.0,0.9605311961897391,0.8566856563242582,0.8360544916705173
51012,identity,0.75,4,19,1.0,0.9568409933697601,0.8696527728618356,0.834986124412857
51012,identity,0.75,5,19,1.0,0.9643203884472581,0.8573630251115055,0.8339460842524269
51012,identity,0.75,6,19,1.0,0.9610449981884679,0.8443038968980123,0.8252260497576759
51012,identity,0.75,7,19,1.0,0.9589587556705997,0.8639398880548673,0.8359166913335184
51012,identity,0.75,8,19,1.0,0.9605312039266114,0.8566857132992315,0.8360544916705173
51012,identity,0.75,9,19,1.0,0.9627017014827716,0.8546277878170544,0.8353992725836241
51012,identity,0.75,10,19,1.0,0.9605312655877886,0.8566858489801992,0.8360544916705173
51012,identity,0.75,11,19,1.0,0.9605313448006332,0.856685745533445,0.8360544916705173
51012,identity,0.9,0,22,1.0,0.9595585661745194,0.8263105533262278,0.8033918856649103
51012,identity,0.9,1,22,1.0,0.956409068323086,0.8244043671089757,0.8036863149719706
51012,identity,0.9,2,22,1.0,0.9630720710014,0.8270919250333555,0.8021919085472083
51012,identity,0.9,3,22,1.0,0.9564090864159982,0.824404359269641,0.8036863149719706
51012,identity,0.9,4,22,1.0,0.955785918381822,0.8201687527435996,0.80307570772566
51012,identity,0.9,5,22,1.0,0.9564091438818447,0.8244043686432225,0.8036863149719706
51012,identity,0.9,6,22,1.0,0.9595585368622408,0.8263105628303253,0.8033918856649103
51012,identity,0.9,7,22,1.0,0.9630721480284921,0.8270919359975163,0.8021919085472083
51012,identity,0.9,8,22,1.0,0.9595585601979069,0.8263105123473298,0.8033918856649103
51012,identity,0.9,9,22,1.0,0.9564091092043752,0.8244043226218768,0.8036863149719706
51012,identity,0.9,10,22,1.0,0.9595585428242912,0.8263104687203225,0.8033918856649103
51012,identity,0.9,11,22,1.0,0.9595586255917443,0.8263105667317483,0.8033918856649103
51013,normal,0.0,0,0,1.0,0.8889006288751647,0.9421200330326104,1.0
51013,normal,0.0,1,0,1.0,0.8889006288751647,0.9421200330326104,1.0
51013,normal,0.0,2,0,1.0,0.8889006288751647,0.9421200330326104,1.0
51013,normal,0.0,3,0,1.0,0.8889006288751647,0.9421200330326104,1.0
51013,normal,0.0,4,0,1.0,0.8889006288751647,0.9421200330326104,1.0
51013,normal,0.0,5,0,1.0,0.8889006288751647,0.9421200330326104,1.0
51013,normal,0.0,6,0,1.0,0.8889006288751647,0.9421200330326104,1.0
51013,normal,0.0,7,0,1.0,0.8889006288751647,0.9421200330326104,1.0
51013,normal,0.0,8,0,1.0,0.8889006288751647,0.9421200330326104,1.0
51013,normal,0.0,9,0,1.0,0.8889006288751647,0.9421200330326104,1.0
51013,normal,0.0,10,0,1.0,0.8889006288751647,0.9421200330326104,1.0
51013,normal,0.0,11,0,1.0,0.8889006288751647,0.9421200330326104,1.0
51013,normal,0.25,0,6,1.0,0.8367741781887347,0.8823712457522724,0.8570824655427157
51013,normal,0.25,1,6,1.0,0.8475393994511804,0.886601209949412,0.8543494157440867
51013,normal,0.25,2,6,1.0,0.8426273483767632,0.9149153128379401,0.8722679070776231
51013,normal,0.25,3,6,1.0,0.8473343165009992,0.9163121879958547,0.8484496197320365
51013,normal,0.25,4,6,1.0,0.7725806332101057,0.7755517466431919,0.8242068374699143
51013,normal,0.25,5,6,1.0,0.8662688889276928,0.900994441030589,0.8559296841206896
51013,normal,0.25,6,6,1.0,0.8340707836941327,0.9096628219659373,0.8616463154761473
51013,normal,0.25,7,6,1.0,0.8304182192743425,0.8905175257612704,0.82923892840417
51013,normal,0.25,8,6,1.0,0.8304501886641873,0.8905653432872705,0.8762011503195999
51013,normal,0.25,9,6,1.0,0.8136216211991699,0.880607406897272,0.8810231388474752
51013,normal,0.25,10,6,1.0,0.8518092508145895,0.9055431824813405,0.865796337932027
51013,normal,0.25,11,6,1.0,0.772287016968623,0.8885495988795497,0.8445556675507152
51013,normal,0.5,0,12,1.0,0.8662696461166648,0.9096175025018371,0.8662063348810041
51013,normal,0.5,1,12,1.0,0.7981344566171482,0.7863402280680822,0.8044822587920354
51013,normal,0.5,2,12,1.0,0.8012322859217879,0.8079401169826617,0.799381993861969
51013,normal,0.5,3,12,1.0,0.7930534643969669,0.7644446585689633,0.6947309264989506
51013,normal,0.5,4,12,1.0,0.8328408207672318,0.8225903659610886,0.753693359660225
51013,normal,0.5,5,12,1.0,0.8399052407578474,0.9016435747006346,0.8504751458987989
51013,normal,0.5,6,12,1.0,0.7842906269521727,0.772801119843952,0.8032555500860318
51013,normal,0.5,7,12,1.0,0.8130442039675324,0.8485629193923999,0.8109157185531117
51013,normal,0.5,8,12,1.0,0.7197451657837718,0.7436514889337925,0.7902037020803402
51013,normal,0.5,9,12,1.0,0.8312079125350603,0.8228726683272158,0.7798426615552749
51013,normal,0.5,10,12,1.0,0.7667518497705812,0.7368734482929529,0.7524393146962547
51013,normal,0.5,11,12,1.0,0.8007196938762,0.7582218507605257,0.7572231651679471
51013,normal,0.75,0,19,1.0,0.7921266115905904,0.7486002842770456,0.6823437175785549
51013,normal,0.75,1,19,1.0,0.7934979893910294,0.6659655020328842,0.6646710961499118
51013,normal,0.75,2,19,0.5,0.7438649837119358,0.6497312687209488,0.679152132474568
51013,normal,0.75,3,19,1.0,0.7952372598027084,0.7285750047657628,0.7206670623328523
51013,normal,0.75,4,19,1.0,0.7770074042394729,0.6564598083268245,0.6234731267207647
51013,normal,0.75,5,19,1.0,0.7863041673984603,0.6851052847022748,0.6515716522463069
51013,normal,0.75,6,19,1.0,0.7954558119388931,0.745520284126473,0.6933977781576768
51013,normal,0.75,7,19,0.5,0.788438597366599,0.7077649235652613,0.6257693889523119
51013,normal,0.75,8,19,1.0,0.7924943037602675,0.7158236825156632,0.6843424514673706
51013,normal,0.75,9,19,0.5,0.7650548133199713,0.6877373424640177,0.6143547231681522
51013,normal,0.75,10,19,1.0,0.7140651742098566,0.5949276039342749,0.623804480122742
51013,normal,0.75,11,19,1.0,0.7484748070652699,0.7004647852314473,0.7318272616248466
51013,normal,0.9,0,22,1.0,0.7892188110687784,0.6761594149291662,0.6851220235142068
51013,normal,0.9,1,22,0.5,0.768768116062714,0.6467951154546765,0.6129856275623563
51013,normal,0.9,2,22,1.0,0.7779076461869711,0.6716186084401943,0.6278010701135263
51013,normal,0.9,3,22,0.5,0.7421889257279475,0.6221192031409057,0.6626461189878087
51013,normal,0.9,4,22,0.5,0.7171592476838827,0.6049015972829239,0.629906510851402
51013,normal,0.9,5,22,1.0,0.7725642633736908,0.6564966025396207,0.6445032154531363
51013,normal,0.9,6,22,0.5,0.7707510563456687,0.6570913412229145,0.6187300456546521
51013,normal,0.9,7,22,1.0,0.7736604385871185,0.6489765748615542,0.6732193929985959
51013,normal,0.9,8,22,1.0,0.7672238797364257,0.6176658816264268,0.6319046142431639
51013,normal,0.9,9,22,1.0,0.7353434659528783,0.5894880580020279,0.6382842645028863
51013,normal,0.9,10,22,0.5,0.7780565156832343,0.6733586553270867,0.6157056322723702
51013,normal,0.9,11,22,0.5,0.7585897056725132,0.6166859449641331,0.625507358720994
51013,shuffled,0.0,0,0,1.0,0.8879333852101016,0.9404042442445163,1.0
51013,shuffled,0.0,1,0,1.0,0.8879333852101016,0.9404042442445163,1.0
51013,shuffled,0.0,2,0,1.0,0.8879333852101016,0.9404042442445163,1.0
51013,shuffled,0.0,3,0,1.0,0.8879333852101016,0.9404042442445163,1.0
51013,shuffled,0.0,4,0,1.0,0.8879333852101016,0.9404042442445163,1.0
51013,shuffled,0.0,5,0,1.0,0.8879333852101016,0.9404042442445163,1.0
51013,shuffled,0.0,6,0,1.0,0.8879333852101016,0.9404042442445163,1.0
51013,shuffled,0.0,7,0,1.0,0.8879333852101016,0.9404042442445163,1.0
51013,shuffled,0.0,8,0,1.0,0.8879333852101016,0.9404042442445163,1.0
51013,shuffled,0.0,9,0,1.0,0.8879333852101016,0.9404042442445163,1.0
51013,shuffled,0.0,10,0,1.0,0.8879333852101016,0.9404042442445163,1.0
51013,shuffled,0.0,11,0,1.0,0.8879333852101016,0.9404042442445163,1.0
51013,shuffled,0.25,0,6,1.0,0.8386616556439261,0.8875059975071125,0.8956026746350435
51013,shuffled,0.25,1,6,1.0,0.8561328231263541,0.8994792578434795,0.9106797705097438
51013,shuffled,0.25,2,6,1.0,0.8432576438556053,0.8663037978384551,0.8531833613894577
51013,shuffled,0.25,3,6,1.0,0.8783316628427817,0.9075253596688867,0.9331905387210366
51013,shuffled,0.25,4,6,1.0,0.8474636150857435,0.8705227065655317,0.8678118912786499
51013,shuffled,0.25,5,6,1.0,0.8067838266540833,0.8634150344715624,0.8245924229521008
51013,shuffled,0.25,6,6,1.0,0.8413525745473228,0.9136410693297075,0.9182384375837409
51013,shuffled,0.25,7,6,1.0,0.8380878235479083,0.884668963068732,0.8728576982471821
51013,shuffled,0.25,8,6,1.0,0.8164580647761386,0.8760511913700714,0.8410476618083341
51013,shuffled,0.25,9,6,1.0,0.844496891966234,0.8840775261145495,0.8699175829953457
51013,shuffled,0.25,10,6,1.0,0.8573339057556804,0.8704314376819033,0.8729754072626977
51013,shuffled,0.25,11,6,1.0,0.8365905122540563,0.9002011777691135,0.888022756384428
51013,shuffled,0.5,0,12,0.5,0.7812836306602048,0.7247722943957305,0.7208672732893393
51013,shuffled,0.5,1,12,1.0,0.8125206566133,0.7684416911154456,0.7895791272196411
51013,shuffled,0.5,2,12,1.0,0.8248519105034893,0.8089643055164538,0.7917427245064026
51013,shuffled,0.5,3,12,1.0,0.8434861892913009,0.8582681689096674,0.8648297088949011
51013,shuffled,0.5,4,12,1.0,0.7979509192898925,0.8086920139317552,0.7249476649362028
51013,shuffled,0.5,5,12,1.0,0.8351496069141655,0.8851533848065714,0.8907037855685896
51013,shuffled,0.5,6,12,1.0,0.8130249597680422,0.7786308822722832,0.8286981202338825
51013,shuffled,0.5,7,12,1.0,0.8281368965201065,0.8377534062765448,0.8350210752339197
51013,shuffled,0.5,8,12,1.0,0.839493311302625,0.8490073180357984,0.7957405075579405
51013,shuffled,0.5,9,12,1.0,0.8012676196892617,0.8365886231395031,0.7770755615486016
51013,shuffled,0.5,10,12,1.0,0.8144980414659692,0.8277842532927652,0.8247180273515805
51013,shuffled,0.5,11,12,0.5,0.7547497300146307,0.7261643858249512,0.6764426782884705
51013,shuffled,0.75,0,19,1.0,0.7735238745772745,0.7010211526303604,0.6922058789070832
51013,shuffled,0.75,1,19,1.0,0.7956517732768306,0.7118130596865945,0.7523875253560428
51013,shuffled,0.75,2,19,1.0,0.790626202005297,0.7257847527514252,0.7275444158568124
51013,shuffled,0.75,3,19,1.0,0.789279867361763,0.7080005188832648,0.6241438936016249
51013,shuffled,0.75,4,19,0.5,0.7845494381347757,0.7153789287703589,0.7115284957547778
51013,shuffled,0.75,5,19,1.0,0.7879454111548987,0.6897700010879535,0.6688044388740657
51013,shuffled,0.75,6,19,1.0,0.7909907378478553,0.7230395889564734,0.784096612548008
51013,shuffled,0.75,7,19,1.0,0.7769499268228351,0.674579304158512,0.6884364690902999
51013,shuffled,0.75,8,19,1.0,0.7768440491541478,0.6867663028581381,0.6544145036740777
51013,shuffled,0.75,9,19,1.0,0.768472324541342,0.6753391633547939,0.7029569101168889
51013,shuffled,0.75,10,19,0.5,0.763552798627089,0.693714504023309,0.72145185843809
51013,shuffled,0.75,11,19,1.0,0.7544289595669176,0.6611179656164522,0.6380124533661538
51013,shuffled,0.9,0,22,1.0,0.7781312626083706,0.6408449822859436,0.6157531628250965
51013,shuffled,0.9,1,22,0.5,0.7770019976397836,0.6426147616468951,0.5808116714328918
51013,shuffled,0.9,2,22,1.0,0.780580237983467,0.6483330914668641,0.6553213647095117
51013,shuffled,0.9,3,22,1.0,0.7545853263602659,0.6278556810942502,0.6806286249109708
51013,shuffled,0.9,4,22,0.0,0.7523944298616204,0.6079860021166924,0.6000785714602797
51013,shuffled,0.9,5,22,1.0,0.7810877182982665,0.6742948440577843,0.714104513470233
51013,shuffled,0.9,6,22,1.0,0.7629388930029404,0.6543829507700467,0.6920855657860028
51013,shuffled,0.9,7,22,1.0,0.7627127135894906,0.6347767230169189,0.5860247053886696
51013,shuffled,0.9,8,22,0.5,0.7703346633481439,0.6401209386600217,0.6534753127579467
51013,shuffled,0.9,9,22,1.0,0.7720440646158241,0.6572418528887602,0.6634900098526023
51013,shuffled,0.9,10,22,1.0,0.7531850694151767,0.6294766305653393,0.6298103767066219
51013,shuffled,0.9,11,22,1.0,0.8086741778160629,0.7396542691624082,0.7098474953770045
51013,dense,0.0,0,0,0.5,0.2738555550020591,0.22804572832950146,0.9999999999999999
51013,dense,0.0,1,0,0.5,0.2738555550020591,0.22804572832950146,0.9999999999999999
51013,dense,0.0,2,0,0.5,0.2738555550020591,0.22804572832950146,0.9999999999999999
51013,dense,0.0,3,0,0.5,0.2738555550020591,0.22804572832950146,0.9999999999999999
51013,dense,0.0,4,0,0.5,0.2738555550020591,0.22804572832950146,0.9999999999999999
51013,dense,0.0,5,0,0.5,0.2738555550020591,0.22804572832950146,0.9999999999999999
51013,dense,0.0,6,0,0.5,0.2738555550020591,0.22804572832950146,0.9999999999999999
51013,dense,0.0,7,0,0.5,0.2738555550020591,0.22804572832950146,0.9999999999999999
51013,dense,0.0,8,0,0.5,0.2738555550020591,0.22804572832950146,0.9999999999999999
51013,dense,0.0,9,0,0.5,0.2738555550020591,0.22804572832950146,0.9999999999999999
51013,dense,0.0,10,0,0.5,0.2738555550020591,0.22804572832950146,0.9999999999999999
51013,dense,0.0,11,0,0.5,0.2738555550020591,0.22804572832950146,0.9999999999999999
51013,dense,0.25,0,6,0.5,0.2738555550020591,0.22804572832950146,0.9999999999999999
51013,dense,0.25,1,6,0.5,0.2738555550020591,0.22804572832950146,0.9999999999999999
51013,dense,0.25,2,6,0.5,0.2738555550020591,0.22804572832950146,0.9999999999999999
51013,dense,0.25,3,6,0.5,0.2738555550020591,0.22804572832950146,0.9999999999999999
51013,dense,0.25,4,6,0.5,0.2738555550020591,0.22804572832950146,0.9999999999999999
51013,dense,0.25,5,6,0.5,0.2738555550020591,0.22804572832950146,0.9999999999999999
51013,dense,0.25,6,6,0.5,0.2738555550020591,0.22804572832950146,0.9999999999999999
51013,dense,0.25,7,6,0.5,0.2738555550020591,0.22804572832950146,0.9999999999999999
51013,dense,0.25,8,6,0.5,0.2738555550020591,0.22804572832950146,0.9999999999999999
51013,dense,0.25,9,6,0.5,0.2738555550020591,0.22804572832950146,0.9999999999999999
51013,dense,0.25,10,6,0.5,0.2738555550020591,0.22804572832950146,0.9999999999999999
51013,dense,0.25,11,6,0.5,0.2738555550020591,0.22804572832950146,0.9999999999999999
51013,dense,0.5,0,12,0.5,0.2738555550020591,0.22804572832950146,0.9999999999999999
51013,dense,0.5,1,12,0.5,0.2738555550020591,0.22804572832950146,0.9999999999999999
51013,dense,0.5,2,12,0.5,0.2738555550020591,0.22804572832950146,0.9999999999999999
51013,dense,0.5,3,12,0.5,0.2738555550020591,0.22804572832950146,0.9999999999999999
51013,dense,0.5,4,12,0.5,0.2738555550020591,0.22804572832950146,0.9999999999999999
51013,dense,0.5,5,12,0.5,0.2738555550020591,0.22804572832950146,0.9999999999999999
51013,dense,0.5,6,12,0.5,0.2738555550020591,0.22804572832950146,0.9999999999999999
51013,dense,0.5,7,12,0.5,0.2738555550020591,0.22804572832950146,0.9999999999999999
51013,dense,0.5,8,12,0.5,0.2738555550020591,0.22804572832950146,0.9999999999999999
51013,dense,0.5,9,12,0.5,0.2738555550020591,0.22804572832950146,0.9999999999999999
51013,dense,0.5,10,12,0.5,0.2738555550020591,0.22804572832950146,0.9999999999999999
51013,dense,0.5,11,12,0.5,0.2738555550020591,0.22804572832950146,0.9999999999999999
51013,dense,0.75,0,19,0.5,0.2738555550020591,0.22804572832950146,0.9999999999999999
51013,dense,0.75,1,19,0.5,0.2738555550020591,0.22804572832950146,0.9999999999999999
51013,dense,0.75,2,19,0.5,0.2738555550020591,0.22804572832950146,0.9999999999999999
51013,dense,0.75,3,19,0.5,0.2738555550020591,0.22804572832950146,0.9999999999999999
51013,dense,0.75,4,19,0.5,0.2738555550020591,0.22804572832950146,0.9999999999999999
51013,dense,0.75,5,19,0.5,0.2738555550020591,0.22804572832950146,0.9999999999999999
51013,dense,0.75,6,19,0.5,0.2738555550020591,0.22804572832950146,0.9999999999999999
51013,dense,0.75,7,19,0.5,0.2738555550020591,0.22804572832950146,0.9999999999999999
51013,dense,0.75,8,19,0.5,0.2738555550020591,0.22804572832950146,0.9999999999999999
51013,dense,0.75,9,19,0.5,0.2738555550020591,0.22804572832950146,0.9999999999999999
51013,dense,0.75,10,19,0.5,0.2738555550020591,0.22804572832950146,0.9999999999999999
51013,dense,0.75,11,19,0.5,0.2738555550020591,0.22804572832950146,0.9999999999999999
51013,dense,0.9,0,22,0.5,0.2738555550020591,0.22804572832950146,0.9999999999999999
51013,dense,0.9,1,22,0.5,0.2738555550020591,0.22804572832950146,0.9999999999999999
51013,dense,0.9,2,22,0.5,0.2738555550020591,0.22804572832950146,0.9999999999999999
51013,dense,0.9,3,22,0.5,0.2738555550020591,0.22804572832950146,0.9999999999999999
51013,dense,0.9,4,22,0.5,0.2738555550020591,0.22804572832950146,0.9999999999999999
51013,dense,0.9,5,22,0.5,0.2738555550020591,0.22804572832950146,0.9999999999999999
51013,dense,0.9,6,22,0.5,0.2738555550020591,0.22804572832950146,0.9999999999999999
51013,dense,0.9,7,22,0.5,0.2738555550020591,0.22804572832950146,0.9999999999999999
51013,dense,0.9,8,22,0.5,0.2738555550020591,0.22804572832950146,0.9999999999999999
51013,dense,0.9,9,22,0.5,0.2738555550020591,0.22804572832950146,0.9999999999999999
51013,dense,0.9,10,22,0.5,0.2738555550020591,0.22804572832950146,0.9999999999999999
51013,dense,0.9,11,22,0.5,0.2738555550020591,0.22804572832950146,0.9999999999999999
51013,identity,0.0,0,0,1.0,0.9506633192553351,0.973393475392984,1.0
51013,identity,0.0,1,0,1.0,0.9506633192553351,0.973393475392984,1.0
51013,identity,0.0,2,0,1.0,0.9506633192553351,0.973393475392984,1.0
51013,identity,0.0,3,0,1.0,0.9506633192553351,0.973393475392984,1.0
51013,identity,0.0,4,0,1.0,0.9506633192553351,0.973393475392984,1.0
51013,identity,0.0,5,0,1.0,0.9506633192553351,0.973393475392984,1.0
51013,identity,0.0,6,0,1.0,0.9506633192553351,0.973393475392984,1.0
51013,identity,0.0,7,0,1.0,0.9506633192553351,0.973393475392984,1.0
51013,identity,0.0,8,0,1.0,0.9506633192553351,0.973393475392984,1.0
51013,identity,0.0,9,0,1.0,0.9506633192553351,0.973393475392984,1.0
51013,identity,0.0,10,0,1.0,0.9506633192553351,0.973393475392984,1.0
51013,identity,0.0,11,0,1.0,0.9506633192553351,0.973393475392984,1.0
51013,identity,0.25,0,6,1.0,0.9669960676560716,0.9774050747914305,0.9490743365296896
51013,identity,0.25,1,6,1.0,0.9578750238935916,0.9716681129129924,0.9502269421461653
51013,identity,0.25,2,6,1.0,0.9636599454173865,0.976511848479991,0.9498940368662545
51013,identity,0.25,3,6,1.0,0.96048617871276,0.9760764342322331,0.9587482659395006
51013,identity,0.25,4,6,1.0,0.9578750661256707,0.9716681202583657,0.9502269421461653
51013,identity,0.25,5,6,1.0,0.9644070600933411,0.977178437137472,0.9581803837422765
51013,identity,0.25,6,6,1.0,0.9544350510272173,0.9618490257929042,0.9500718523173759
51013,identity,0.25,7,6,1.0,0.9669960960419918,0.977405092738402,0.9490743365296896
51013,identity,0.25,8,6,1.0,0.9537286783711774,0.970317094333747,0.9588486086581992
51013,identity,0.25,9,6,1.0,0.9644070694016985,0.9771784476968172,0.9581803837422765
51013,identity,0.25,10,6,1.0,0.9644070670057958,0.9771784326588377,0.9581803837422765
51013,identity,0.25,11,6,1.0,0.957874992074464,0.971668131643719,0.9502269421461653
51013,identity,0.5,0,12,1.0,0.9637486529794772,0.9184002626740753,0.8956935921133882
51013,identity,0.5,1,12,1.0,0.9657159499581356,0.9426260590923309,0.8953762097768889
51013,identity,0.5,2,12,1.0,0.9645359375877688,0.9458540468166752,0.9050546215306958
51013,identity,0.5,3,12,1.0,0.9675829889628237,0.9599302248687644,0.904431748494959
51013,identity,0.5,4,12,1.0,0.9657159285545065,0.9426260766049882,0.8953762097768889
51013,identity,0.5,5,12,1.0,0.9616900833148669,0.9191042855719241,0.9050733413841311
51013,identity,0.5,6,12,1.0,0.9645359121682132,0.9458540173118435,0.9050546215306958
51013,identity,0.5,7,12,1.0,0.9679197522678551,0.9551477476651395,0.89442614296624
51013,identity,0.5,8,12,1.0,0.9616902042962892,0.9191041977814287,0.9050733413841311
51013,identity,0.5,9,12,1.0,0.9645360375157863,0.9458541056814689,0.9050546215306958
51013,identity,0.5,10,12,1.0,0.9637486808999204,0.9184001071288328,0.8956935921133882
51013,identity,0.5,11,12,1.0,0.9679198070173767,0.9551477920245209,0.8944261429662401
51013,identity,0.75,0,19,1.0,0.961273457079909,0.8448204400097334,0.8351175262221296
51013,identity,0.75,1,19,1.0,0.9612735232849413,0.8448203858544951,0.8351175262221296
51013,identity,0.75,2,19,1.0,0.9612734639799787,0.844820391593184,0.8351175262221296
51013,identity,0.75,3,19,1.0,0.9621676151401293,0.8530337208289289,0.8339852805710479
51013,identity,0.75,4,19,1.0,0.9584675315447235,0.8389436647442069,0.8348464068191592
51013,identity,0.75,5,19,1.0,0.9612733963677554,0.8448203749437433,0.8351175262221296
51013,identity,0.75,6,19,1.0,0.9597357225728237,0.840675259286861,0.8354036552450123
51013,identity,0.75,7,19,1.0,0.9580179282849528,0.8305335887159623,0.8244810223993483
51013,identity,0.75,8,19,1.0,0.9612734051717733,0.8448204715666787,0.8351175262221296
51013,identity,0.75,9,19,1.0,0.9597357449739463,0.8406752500391851,0.8354036552450123
51013,identity,0.75,10,19,1.0,0.9621675348004293,0.8530336820619011,0.8339852805710479
51013,identity,0.75,11,19,1.0,0.9612734620641032,0.8448203876192268,0.8351175262221296
51013,identity,0.9,0,22,1.0,0.9565771266458696,0.8041249128773295,0.801761645147925
51013,identity,0.9,1,22,1.0,0.9565771432355247,0.8041249177729104,0.801761645147925
51013,identity,0.9,2,22,1.0,0.9566523197395408,0.7992139331565398,0.8000409555492359
51013,identity,0.9,3,22,1.0,0.956177840120585,0.8085348147939889,0.8025191375410822
51013,identity,0.9,4,22,1.0,0.9561778210000998,0.8085348731005552,0.8025191375410822
51013,identity,0.9,5,22,1.0,0.9566523210233651,0.7992138882679246,0.8000409555492359
51013,identity,0.9,6,22,1.0,0.956577176972552,0.8041248423395776,0.801761645147925
51013,identity,0.9,7,22,1.0,0.9527207416557398,0.8117599434327307,0.8045342662985148
51013,identity,0.9,8,22,1.0,0.9561778846590008,0.8085348054705414,0.8025191375410822
51013,identity,0.9,9,22,1.0,0.9561778239808909,0.8085347943014769,0.8025191375410822
51013,identity,0.9,10,22,1.0,0.9565771871359151,0.8041248476578974,0.801761645147925
51013,identity,0.9,11,22,1.0,0.9561778594191703,0.8085348575254296,0.8025191375410822
51014,normal,0.0,0,0,1.0,0.9135001430061945,0.9574719526113153,1.0
51014,normal,0.0,1,0,1.0,0.9135001430061945,0.9574719526113153,1.0
51014,normal,0.0,2,0,1.0,0.9135001430061945,0.9574719526113153,1.0
51014,normal,0.0,3,0,1.0,0.9135001430061945,0.9574719526113153,1.0
51014,normal,0.0,4,0,1.0,0.9135001430061945,0.9574719526113153,1.0
51014,normal,0.0,5,0,1.0,0.9135001430061945,0.9574719526113153,1.0
51014,normal,0.0,6,0,1.0,0.9135001430061945,0.9574719526113153,1.0
51014,normal,0.0,7,0,1.0,0.9135001430061945,0.9574719526113153,1.0
51014,normal,0.0,8,0,1.0,0.9135001430061945,0.9574719526113153,1.0
51014,normal,0.0,9,0,1.0,0.9135001430061945,0.9574719526113153,1.0
51014,normal,0.0,10,0,1.0,0.9135001430061945,0.9574719526113153,1.0
51014,normal,0.0,11,0,1.0,0.9135001430061945,0.9574719526113153,1.0
51014,normal,0.25,0,6,1.0,0.8603288359307606,0.9291210547412484,0.8702091368210421
51014,normal,0.25,1,6,1.0,0.8849792308291947,0.9413054977582647,0.9113964650086233
51014,normal,0.25,2,6,1.0,0.8674517157534218,0.9224660987507366,0.9039287509643041
51014,normal,0.25,3,6,1.0,0.8534471492627511,0.9368794927584123,0.8694038136729165
51014,normal,0.25,4,6,1.0,0.8404023525684572,0.891654452066966,0.8602645578995837
51014,normal,0.25,5,6,1.0,0.863132278359939,0.9284663114322202,0.8328338266341155
51014,normal,0.25,6,6,1.0,0.879217777686303,0.9307636398506227,0.8580682375057771
51014,normal,0.25,7,6,1.0,0.8899840946516355,0.9405903289999142,0.8402205258341157
51014,normal,0.25,8,6,1.0,0.8576367345169814,0.9214443145834669,0.8277306260947427
51014,normal,0.25,9,6,1.0,0.8470272570447256,0.8999433533902443,0.8057541658158774
51014,normal,0.25,10,6,1.0,0.8684247995874957,0.9234761227051564,0.8201750223993066
51014,normal,0.25,11,6,1.0,0.8424434680148417,0.9109888114307929,0.8774132245870451
51014,normal,0.5,0,12,1.0,0.850161907661535,0.906533399689719,0.7948313327271577
51014,normal,0.5,1,12,1.0,0.8564790423811864,0.9004823604924987,0.7430134605743397
51014,normal,0.5,2,12,1.0,0.8241456670438632,0.8891258171702257,0.7902970504115391
51014,normal,0.5,3,12,1.0,0.865430248172902,0.9260460357033218,0.8040669514645328
51014,normal,0.5,4,12,1.0,0.8815309018978766,0.9359471335923385,0.7621164125730201
51014,normal,0.5,5,12,1.0,0.836835416095355,0.8619796845745669,0.8161694184213124
51014,normal,0.5,6,12,1.0,0.7903898176491535,0.8345453729021791,0.7321794260154756
51014,normal,0.5,7,12,1.0,0.8006315184862813,0.8383661782388099,0.7037675126340397
51014,normal,0.5,8,12,1.0,0.8239603724224941,0.9208833165411928,0.778728712616956
51014,normal,0.5,9,12,1.0,0.8462920204519878,0.904603283347711,0.7872397484389342
51014,normal,0.5,10,12,1.0,0.7973485047996166,0.7886037531190624,0.6942355636851866
51014,normal,0.5,11,12,1.0,0.8272400307005426,0.8630521457030708,0.7161722421579861
51014,normal,0.75,0,19,1.0,0.853211913098303,0.872834221563648,0.7443442913039465
51014,normal,0.75,1,19,1.0,0.7889870782795217,0.8092174356675056,0.7089047261218875
51014,normal,0.75,2,19,1.0,0.8055494034496866,0.7622110382938041,0.652417543902099
51014,normal,0.75,3,19,1.0,0.8513215715998598,0.8905175649612593,0.717459718303451
51014,normal,0.75,4,19,1.0,0.7749142556541577,0.7534654793959785,0.733390994753153
51014,normal,0.75,5,19,1.0,0.7734379716750336,0.7583985580544479,0.6625697662021419
51014,normal,0.75,6,19,1.0,0.7589432433771871,0.7819582101174486,0.6709402283913736
51014,normal,0.75,7,19,1.0,0.8081529379029859,0.793357437098395,0.6950304313560761
51014,normal,0.75,8,19,1.0,0.8289583854524756,0.8187437974050974,0.6970006758011169
51014,normal,0.75,9,19,1.0,0.7412015001340785,0.7311647551093539,0.6256032362022177
51014,normal,0.75,10,19,1.0,0.8025541368848578,0.7823935706952452,0.6830131044104044
51014,normal,0.75,11,19,1.0,0.7914705571825326,0.7841608529674494,0.7114153318503119
51014,normal,0.9,0,22,1.0,0.8325555174036572,0.7492972047870975,0.6755072914126746
51014,normal,0.9,1,22,1.0,0.7898465068406045,0.7238470942612113,0.6183468169527749
51014,normal,0.9,2,22,1.0,0.8007857450981776,0.7391140915345611,0.6695460067115369
51014,normal,0.9,3,22,1.0,0.7696839998167152,0.7634873816482113,0.647956084548679
51014,normal,0.9,4,22,1.0,0.761527481486279,0.705308545250966,0.6155757541462304
51014,normal,0.9,5,22,1.0,0.8174383664552411,0.7726467259462353,0.6735245911588151
51014,normal,0.9,6,22,1.0,0.8269347384250674,0.8208439643903366,0.6762814137866505
51014,normal,0.9,7,22,1.0,0.8251073626452795,0.7781511277619663,0.6928476728107664
51014,normal,0.9,8,22,1.0,0.8177691025657728,0.7766670201576082,0.6639860489225723
51014,normal,0.9,9,22,1.0,0.8108890830339887,0.7870165485961701,0.7003860231518564
51014,normal,0.9,10,22,1.0,0.8039103461414342,0.7562076053907905,0.6187380388818119
51014,normal,0.9,11,22,1.0,0.7925257051944751,0.7851685400778967,0.6409436085010826
51014,shuffled,0.0,0,0,1.0,0.9107292028248808,0.9498691444155156,1.0
51014,shuffled,0.0,1,0,1.0,0.9107292028248808,0.9498691444155156,1.0
51014,shuffled,0.0,2,0,1.0,0.9107292028248808,0.9498691444155156,1.0
51014,shuffled,0.0,3,0,1.0,0.9107292028248808,0.9498691444155156,1.0
51014,shuffled,0.0,4,0,1.0,0.9107292028248808,0.9498691444155156,1.0
51014,shuffled,0.0,5,0,1.0,0.9107292028248808,0.9498691444155156,1.0
51014,shuffled,0.0,6,0,1.0,0.9107292028248808,0.9498691444155156,1.0
51014,shuffled,0.0,7,0,1.0,0.9107292028248808,0.9498691444155156,1.0
51014,shuffled,0.0,8,0,1.0,0.9107292028248808,0.9498691444155156,1.0
51014,shuffled,0.0,9,0,1.0,0.9107292028248808,0.9498691444155156,1.0
51014,shuffled,0.0,10,0,1.0,0.9107292028248808,0.9498691444155156,1.0
51014,shuffled,0.0,11,0,1.0,0.9107292028248808,0.9498691444155156,1.0
51014,shuffled,0.25,0,6,1.0,0.7894993197680402,0.9103715162859862,0.8959862078623647
51014,shuffled,0.25,1,6,1.0,0.8828126968897746,0.9351185460402983,0.8959845272782982
51014,shuffled,0.25,2,6,1.0,0.8681799301766046,0.9285026375447305,0.8968602970143857
51014,shuffled,0.25,3,6,1.0,0.7968064180500483,0.9034533283700077,0.8964684456460421
51014,shuffled,0.25,4,6,1.0,0.8534437508856256,0.918458242637779,0.8865503907429207
51014,shuffled,0.25,5,6,1.0,0.8145107067813132,0.9126867872478186,0.8541853643070066
51014,shuffled,0.25,6,6,1.0,0.8619285364027429,0.9278495827469339,0.8564588257920189
51014,shuffled,0.25,7,6,1.0,0.8333874039694957,0.9197807910291149,0.8561041404650157
51014,shuffled,0.25,8,6,1.0,0.8236774928691746,0.8909574621953442,0.8939198235079551
51014,shuffled,0.25,9,6,1.0,0.8402954373887899,0.9197561727628241,0.9088702335468289
51014,shuffled,0.25,10,6,1.0,0.8811392610004396,0.933645527195678,0.9430035149905578
51014,shuffled,0.25,11,6,1.0,0.8192124150808517,0.9160779430886072,0.9032347030121619
51014,shuffled,0.5,0,12,1.0,0.7882897542218212,0.8679578636557272,0.7966909977707153
51014,shuffled,0.5,1,12,1.0,0.7574855315189296,0.8281823068747207,0.746254502622931
51014,shuffled,0.5,2,12,1.0,0.8315814947839131,0.9019450728361664,0.8143210638637544
51014,shuffled,0.5,3,12,1.0,0.7706009585731358,0.8210234103675487,0.7331295938566176
51014,shuffled,0.5,4,12,1.0,0.8294927804611884,0.9057589126032429,0.865934585605083
51014,shuffled,0.5,5,12,1.0,0.7271197711339907,0.759808679116052,0.69981037350799
51014,shuffled,0.5,6,12,1.0,0.8241970974355989,0.886288207263025,0.8507506614113577
51014,shuffled,0.5,7,12,1.0,0.7492266333573834,0.8150673285537005,0.746594862335445
51014,shuffled,0.5,8,12,1.0,0.8188042223657394,0.9018565712464734,0.7595913011819875
51014,shuffled,0.5,9,12,1.0,0.7319179973066166,0.803333573511193,0.7439997524399482
51014,shuffled,0.5,10,12,1.0,0.8068828042812131,0.8783737281519436,0.8257706673900241
51014,shuffled,0.5,11,12,1.0,0.8771667151322471,0.9298802000690546,0.9365479715259727
51014,shuffled,0.75,0,19,0.5,0.7128689522725246,0.7067912667829817,0.6483783117852204
51014,shuffled,0.75,1,19,1.0,0.7951123199366886,0.7907007402483228,0.7412379994362697
51014,shuffled,0.75,2,19,1.0,0.7335286649711683,0.7506523579069202,0.6568987454961633
51014,shuffled,0.75,3,19,1.0,0.7825502977792225,0.7791742681888024,0.6676638768924312
51014,shuffled,0.75,4,19,1.0,0.793226967794819,0.8230663311681515,0.7089866804080074
51014,shuffled,0.75,5,19,1.0,0.7929220622689855,0.8069764539435954,0.6367791278660464
51014,shuffled,0.75,6,19,1.0,0.7972138684295114,0.7670032815371726,0.6678719978681721
51014,shuffled,0.75,7,19,1.0,0.7655751726903337,0.771988061926375,0.7167718640069739
51014,shuffled,0.75,8,19,1.0,0.7884472928598385,0.8081338155314927,0.7325481221651803
51014,shuffled,0.75,9,19,1.0,0.7552502328510269,0.8107852368475753,0.8039684874762514
51014,shuffled,0.75,10,19,0.5,0.7351913314261286,0.7324296146063547,0.711823963111418
51014,shuffled,0.75,11,19,0.5,0.7399431668985165,0.7048790392260034,0.6417448401529541
51014,shuffled,0.9,0,22,0.5,0.7462197761066618,0.6883047999846411,0.5894992061908875
51014,shuffled,0.9,1,22,1.0,0.7367514762135781,0.7107033972075075,0.6211802972024018
51014,shuffled,0.9,2,22,1.0,0.7943280959841768,0.706307589553584,0.6181292758372166
51014,shuffled,0.9,3,22,1.0,0.767681279614531,0.7136788428751308,0.6475089798967361
51014,shuffled,0.9,4,22,1.0,0.7522144213005497,0.6898304035741498,0.6291628150227724
51014,shuffled,0.9,5,22,1.0,0.780253191571859,0.710795302809394,0.5977465677305626
51014,shuffled,0.9,6,22,1.0,0.7811855564752408,0.7027173258554026,0.5710787905365855
51014,shuffled,0.9,7,22,0.5,0.7154705083429495,0.6798682190876372,0.6201615656524819
51014,shuffled,0.9,8,22,1.0,0.7815682279053376,0.6716754640191845,0.5665702190881273
51014,shuffled,0.9,9,22,0.5,0.7570278118702567,0.702754567618189,0.6135432593868184
51014,shuffled,0.9,10,22,1.0,0.8069984837920134,0.7197738608731086,0.6153866384497356
51014,shuffled,0.9,11,22,0.5,0.7270296902544722,0.6450032734886387,0.5574225497074486
51014,dense,0.0,0,0,0.5,0.2851798169155252,0.26043030137733053,0.9999999999999999
51014,dense,0.0,1,0,0.5,0.2851798169155252,0.26043030137733053,0.9999999999999999
51014,dense,0.0,2,0,0.5,0.2851798169155252,0.26043030137733053,0.9999999999999999
51014,dense,0.0,3,0,0.5,0.2851798169155252,0.26043030137733053,0.9999999999999999
51014,dense,0.0,4,0,0.5,0.2851798169155252,0.26043030137733053,0.9999999999999999
51014,dense,0.0,5,0,0.5,0.2851798169155252,0.26043030137733053,0.9999999999999999
51014,dense,0.0,6,0,0.5,0.2851798169155252,0.26043030137733053,0.9999999999999999
51014,dense,0.0,7,0,0.5,0.2851798169155252,0.26043030137733053,0.9999999999999999
51014,dense,0.0,8,0,0.5,0.2851798169155252,0.26043030137733053,0.9999999999999999
51014,dense,0.0,9,0,0.5,0.2851798169155252,0.26043030137733053,0.9999999999999999
51014,dense,0.0,10,0,0.5,0.2851798169155252,0.26043030137733053,0.9999999999999999
51014,dense,0.0,11,0,0.5,0.2851798169155252,0.26043030137733053,0.9999999999999999
51014,dense,0.25,0,6,0.5,0.2851798169155252,0.26043030137733053,0.9999999999999999
51014,dense,0.25,1,6,0.5,0.2851798169155252,0.26043030137733053,0.9999999999999999
51014,dense,0.25,2,6,0.5,0.2851798169155252,0.26043030137733053,0.9999999999999999
51014,dense,0.25,3,6,0.5,0.2851798169155252,0.26043030137733053,0.9999999999999999
51014,dense,0.25,4,6,0.5,0.2851798169155252,0.26043030137733053,0.9999999999999999
51014,dense,0.25,5,6,0.5,0.2851798169155252,0.26043030137733053,0.9999999999999999
51014,dense,0.25,6,6,0.5,0.2851798169155252,0.26043030137733053,0.9999999999999999
51014,dense,0.25,7,6,0.5,0.2851798169155252,0.26043030137733053,0.9999999999999999
51014,dense,0.25,8,6,0.5,0.2851798169155252,0.26043030137733053,0.9999999999999999
51014,dense,0.25,9,6,0.5,0.2851798169155252,0.26043030137733053,0.9999999999999999
51014,dense,0.25,10,6,0.5,0.2851798169155252,0.26043030137733053,0.9999999999999999
51014,dense,0.25,11,6,0.5,0.2851798169155252,0.26043030137733053,0.9999999999999999
51014,dense,0.5,0,12,0.5,0.2851798169155252,0.26043030137733053,0.9999999999999999
51014,dense,0.5,1,12,0.5,0.2851798169155252,0.26043030137733053,0.9999999999999999
51014,dense,0.5,2,12,0.5,0.2851798169155252,0.26043030137733053,0.9999999999999999
51014,dense,0.5,3,12,0.5,0.2851798169155252,0.26043030137733053,0.9999999999999999
51014,dense,0.5,4,12,0.5,0.2851798169155252,0.26043030137733053,0.9999999999999999
51014,dense,0.5,5,12,0.5,0.2851798169155252,0.26043030137733053,0.9999999999999999
51014,dense,0.5,6,12,0.5,0.2851798169155252,0.26043030137733053,0.9999999999999999
51014,dense,0.5,7,12,0.5,0.2851798169155252,0.26043030137733053,0.9999999999999999
51014,dense,0.5,8,12,0.5,0.2851798169155252,0.26043030137733053,0.9999999999999999
51014,dense,0.5,9,12,0.5,0.2851798169155252,0.26043030137733053,0.9999999999999999
51014,dense,0.5,10,12,0.5,0.2851798169155252,0.26043030137733053,0.9999999999999999
51014,dense,0.5,11,12,0.5,0.2851798169155252,0.26043030137733053,0.9999999999999999
51014,dense,0.75,0,19,0.5,0.2851798169155252,0.26043030137733053,0.9999999999999999
51014,dense,0.75,1,19,0.5,0.2851798169155252,0.26043030137733053,0.9999999999999999
51014,dense,0.75,2,19,0.5,0.2851798169155252,0.26043030137733053,0.9999999999999999
51014,dense,0.75,3,19,0.5,0.2851798169155252,0.26043030137733053,0.9999999999999999
51014,dense,0.75,4,19,0.5,0.2851798169155252,0.26043030137733053,0.9999999999999999
51014,dense,0.75,5,19,0.5,0.2851798169155252,0.26043030137733053,0.9999999999999999
51014,dense,0.75,6,19,0.5,0.2851798169155252,0.26043030137733053,0.9999999999999999
51014,dense,0.75,7,19,0.5,0.2851798169155252,0.26043030137733053,0.9999999999999999
51014,dense,0.75,8,19,0.5,0.2851798169155252,0.26043030137733053,0.9999999999999999
51014,dense,0.75,9,19,0.5,0.2851798169155252,0.26043030137733053,0.9999999999999999
51014,dense,0.75,10,19,0.5,0.2851798169155252,0.26043030137733053,0.9999999999999999
51014,dense,0.75,11,19,0.5,0.2851798169155252,0.26043030137733053,0.9999999999999999
51014,dense,0.9,0,22,0.5,0.2851798169155252,0.26043030137733053,0.9999999999999999
51014,dense,0.9,1,22,0.5,0.2851798169155252,0.26043030137733053,0.9999999999999999
51014,dense,0.9,2,22,0.5,0.2851798169155252,0.26043030137733053,0.9999999999999999
51014,dense,0.9,3,22,0.5,0.2851798169155252,0.26043030137733053,0.9999999999999999
51014,dense,0.9,4,22,0.5,0.2851798169155252,0.26043030137733053,0.9999999999999999
51014,dense,0.9,5,22,0.5,0.2851798169155252,0.26043030137733053,0.9999999999999999
51014,dense,0.9,6,22,0.5,0.2851798169155252,0.26043030137733053,0.9999999999999999
51014,dense,0.9,7,22,0.5,0.2851798169155252,0.26043030137733053,0.9999999999999999
51014,dense,0.9,8,22,0.5,0.2851798169155252,0.26043030137733053,0.9999999999999999
51014,dense,0.9,9,22,0.5,0.2851798169155252,0.26043030137733053,0.9999999999999999
51014,dense,0.9,10,22,0.5,0.2851798169155252,0.26043030137733053,0.9999999999999999
51014,dense,0.9,11,22,0.5,0.2851798169155252,0.26043030137733053,0.9999999999999999
51014,identity,0.0,0,0,1.0,0.9833663698953474,0.9905362166475511,1.0
51014,identity,0.0,1,0,1.0,0.9833663698953474,0.9905362166475511,1.0
51014,identity,0.0,2,0,1.0,0.9833663698953474,0.9905362166475511,1.0
51014,identity,0.0,3,0,1.0,0.9833663698953474,0.9905362166475511,1.0
51014,identity,0.0,4,0,1.0,0.9833663698953474,0.9905362166475511,1.0
51014,identity,0.0,5,0,1.0,0.9833663698953474,0.9905362166475511,1.0
51014,identity,0.0,6,0,1.0,0.9833663698953474,0.9905362166475511,1.0
51014,identity,0.0,7,0,1.0,0.9833663698953474,0.9905362166475511,1.0
51014,identity,0.0,8,0,1.0,0.9833663698953474,0.9905362166475511,1.0
51014,identity,0.0,9,0,1.0,0.9833663698953474,0.9905362166475511,1.0
51014,identity,0.0,10,0,1.0,0.9833663698953474,0.9905362166475511,1.0
51014,identity,0.0,11,0,1.0,0.9833663698953474,0.9905362166475511,1.0
51014,identity,0.25,0,6,1.0,0.9865780378034188,0.9916107498916895,0.9612759564102923
51014,identity,0.25,1,6,1.0,0.9859813581509917,0.991335911030953,0.9538213474797246
51014,identity,0.25,2,6,1.0,0.9856435287265571,0.9911163826973742,0.9528921521951902
51014,identity,0.25,3,6,1.0,0.9856436113964193,0.9911164078995914,0.9528921521951902
51014,identity,0.25,4,6,1.0,0.9856435784812231,0.9911163960648354,0.9528921521951904
51014,identity,0.25,5,6,1.0,0.9826707216087301,0.9888188307670898,0.9530411588538434
51014,identity,0.25,6,6,1.0,0.986642602699248,0.9916317210698837,0.9535703320595661
51014,identity,0.25,7,6,1.0,0.9856435837050802,0.9911163985071879,0.9528921521951902
51014,identity,0.25,8,6,1.0,0.9866427063027,0.9916317549328972,0.9535703320595661
51014,identity,0.25,9,6,1.0,0.9859813995098362,0.991335926489415,0.9538213474797246
51014,identity,0.25,10,6,1.0,0.9856434930859227,0.991116369523917,0.9528921521951904
51014,identity,0.25,11,6,1.0,0.985981370526325,0.9913359204811938,0.9538213474797246
51014,identity,0.5,0,12,1.0,0.9768255723274243,0.9793203363234635,0.9024441313379097
51014,identity,0.5,1,12,1.0,0.9834852038722017,0.9867952342075991,0.9121813923009313
51014,identity,0.5,2,12,1.0,0.9825545737975466,0.987578544431416,0.9121675912927959
51014,identity,0.5,3,12,1.0,0.9755764810636677,0.9734609083212423,0.9010614241118869
51014,identity,0.5,4,12,1.0,0.9838067130531403,0.9831896479604013,0.9116710996743924
51014,identity,0.5,5,12,1.0,0.9819536570299965,0.9852932608072092,0.9035525110168848
51014,identity,0.5,6,12,1.0,0.979824301138212,0.9850292184949471,0.9116312324202047
51014,identity,0.5,7,12,1.0,0.9825546253434694,0.9875785609552206,0.9121675912927959
51014,identity,0.5,8,12,1.0,0.9819536711244072,0.985293265607347,0.9035525110168848
51014,identity,0.5,9,12,1.0,0.9798244449719736,0.985029291276178,0.9116312324202046
51014,identity,0.5,10,12,1.0,0.9772142114060874,0.9799405021156908,0.9105681147493098
51014,identity,0.5,11,12,1.0,0.9798243188350096,0.9850292204174618,0.9116312324202047
51014,identity,0.75,0,19,1.0,0.9703499007745748,0.9488246679718446,0.847943051561598
51014,identity,0.75,1,19,1.0,0.972078679729018,0.9459780856771575,0.8469658017502522
51014,identity,0.75,2,19,1.0,0.972078669707944,0.9459781091768993,0.8469658017502522
51014,identity,0.75,3,19,1.0,0.9720521210611313,0.9308509696377816,0.8362962020235851
51014,identity,0.75,4,19,1.0,0.9713358648533469,0.9508737810819848,0.8480115288516044
51014,identity,0.75,5,19,1.0,0.971335847569341,0.9508737665391698,0.8480115288516044
51014,identity,0.75,6,19,1.0,0.9713358097078296,0.9508737423228592,0.8480115288516044
51014,identity,0.75,7,19,1.0,0.9710226795845875,0.9395063090944545,0.8377664870601444
51014,identity,0.75,8,19,1.0,0.9713358384378656,0.9508736840764449,0.8480115288516044
51014,identity,0.75,9,19,1.0,0.971335810408076,0.950873676809726,0.8480115288516044
51014,identity,0.75,10,19,1.0,0.9703499717102023,0.9488246528209807,0.847943051561598
51014,identity,0.75,11,19,1.0,0.9703498712442594,0.9488246153543217,0.847943051561598
51014,identity,0.9,0,22,1.0,0.9697833773717841,0.9165670605084391,0.8175631598749638
51014,identity,0.9,1,22,1.0,0.9697833989219632,0.9165670929599464,0.8175631598749638
51014,identity,0.9,2,22,1.0,0.9655355174918049,0.9100328598297674,0.8080370440816107
51014,identity,0.9,3,22,1.0,0.9678305290427489,0.9231256475823555,0.8183331814382448
51014,identity,0.9,4,22,1.0,0.96978340802578,0.9165671225055825,0.8175631598749638
51014,identity,0.9,5,22,1.0,0.9697833425130196,0.9165670668011581,0.8175631598749638
51014,identity,0.9,6,22,1.0,0.9678305746056026,0.9231256484113943,0.8183331814382448
51014,identity,0.9,7,22,1.0,0.9697834066971484,0.9165670536467998,0.8175631598749638
51014,identity,0.9,8,22,1.0,0.9655355115302925,0.9100328533080166,0.8080370440816107
51014,identity,0.9,9,22,1.0,0.9678305511594667,0.9231255622954955,0.8183331814382448
51014,identity,0.9,10,22,1.0,0.9697834065427375,0.9165670637080652,0.8175631598749638
51014,identity,0.9,11,22,1.0,0.9697833918098671,0.9165670559444412,0.8175631598749638
51015,normal,0.0,0,0,1.0,0.903508833736295,0.9509550024042701,1.0
51015,normal,0.0,1,0,1.0,0.903508833736295,0.9509550024042701,1.0
51015,normal,0.0,2,0,1.0,0.903508833736295,0.9509550024042701,1.0
51015,normal,0.0,3,0,1.0,0.903508833736295,0.9509550024042701,1.0
51015,normal,0.0,4,0,1.0,0.903508833736295,0.9509550024042701,1.0
51015,normal,0.0,5,0,1.0,0.903508833736295,0.9509550024042701,1.0
51015,normal,0.0,6,0,1.0,0.903508833736295,0.9509550024042701,1.0
51015,normal,0.0,7,0,1.0,0.903508833736295,0.9509550024042701,1.0
51015,normal,0.0,8,0,1.0,0.903508833736295,0.9509550024042701,1.0
51015,normal,0.0,9,0,1.0,0.903508833736295,0.9509550024042701,1.0
51015,normal,0.0,10,0,1.0,0.903508833736295,0.9509550024042701,1.0
51015,normal,0.0,11,0,1.0,0.903508833736295,0.9509550024042701,1.0
51015,normal,0.25,0,6,1.0,0.7955184252027891,0.8729698510853897,0.7872241522526159
51015,normal,0.25,1,6,1.0,0.8497376847362992,0.9223566962076964,0.8613936128692689
51015,normal,0.25,2,6,1.0,0.8381646935962528,0.9251786123139526,0.8832224294724326
51015,normal,0.25,3,6,0.5,0.8145702821824216,0.8908426964083348,0.8692492779622168
51015,normal,0.25,4,6,1.0,0.868189467531908,0.9320263283972763,0.8689521243688794
51015,normal,0.25,5,6,1.0,0.8279391385185613,0.8845854018624637,0.8679825888115676
51015,normal,0.25,6,6,1.0,0.8136849372872473,0.9084748458637142,0.8843395204285828
51015,normal,0.25,7,6,1.0,0.8199833445970677,0.88723345637665,0.8136938066117113
51015,normal,0.25,8,6,1.0,0.835318357179988,0.9056778200805609,0.7975722686745192
51015,normal,0.25,9,6,1.0,0.8695082135350234,0.9311154614504086,0.8576974921762047
51015,normal,0.25,10,6,1.0,0.8504728043439889,0.9172744011134732,0.8445634107854306
51015,normal,0.25,11,6,1.0,0.8227562950833436,0.8698736737706525,0.8341411688029112
51015,normal,0.5,0,12,1.0,0.8162406525602887,0.8814227000422009,0.7463146479243352
51015,normal,0.5,1,12,1.0,0.863543809941202,0.9032887468208558,0.8176803867417297
51015,normal,0.5,2,12,1.0,0.7598689772286378,0.808527426638356,0.8053386884890611
51015,normal,0.5,3,12,0.5,0.7081457467420875,0.718888696030768,0.7189565752427073
51015,normal,0.5,4,12,1.0,0.8342199271708782,0.8828621161231324,0.8127218839195518
51015,normal,0.5,5,12,1.0,0.8165629625560805,0.8694235292361907,0.7832007440017441
51015,normal,0.5,6,12,1.0,0.8193729170427448,0.8480595949795959,0.7322035315527117
51015,normal,0.5,7,12,1.0,0.844156134220126,0.8679083847889263,0.7830084830031159
51015,normal,0.5,8,12,1.0,0.76863358930489,0.82727358703796,0.7465589795764438
51015,normal,0.5,9,12,1.0,0.8179802454568571,0.8634613135463972,0.7492327720450698
51015,normal,0.5,10,12,1.0,0.8142988596396955,0.83546734881049,0.7975430590860281
51015,normal,0.5,11,12,1.0,0.8419739778285966,0.844101434679947,0.8209458044279739
51015,normal,0.75,0,19,1.0,0.728215258182353,0.6847804091362475,0.7086051363552963
51015,normal,0.75,1,19,0.5,0.7409410016063108,0.6673308916281201,0.6589299312541839
51015,normal,0.75,2,19,0.5,0.755529048220568,0.6916773579502629,0.7044282838670917
51015,normal,0.75,3,19,0.5,0.8026204099499625,0.7735375431998396,0.7289954293904661
51015,normal,0.75,4,19,0.0,0.7732705235678563,0.6622669376747051,0.650779001990704
51015,normal,0.75,5,19,1.0,0.806682893095024,0.7626006004837024,0.6863586211668234
51015,normal,0.75,6,19,1.0,0.8339303506467585,0.8014503682631936,0.7474581465788971
51015,normal,0.75,7,19,0.5,0.7939617039715904,0.746089518987594,0.6426275374300352
51015,normal,0.75,8,19,0.5,0.7438788472239685,0.6786342130651044,0.6366239221047758
51015,normal,0.75,9,19,0.5,0.7662859641421863,0.7145126570220368,0.7049242709926691
51015,normal,0.75,10,19,0.5,0.787735271947088,0.7173875503549089,0.6189256991800471
51015,normal,0.75,11,19,1.0,0.7951125237292948,0.7543180451899846,0.6915616338239535
51015,normal,0.9,0,22,0.0,0.7576774645230293,0.6440140040315221,0.6006227077465006
51015,normal,0.9,1,22,1.0,0.7592472587007325,0.6468579585796579,0.6268854001358894
51015,normal,0.9,2,22,0.0,0.7473109632375977,0.6295198027372265,0.629999274018981
51015,normal,0.9,3,22,0.5,0.7586323946611089,0.6558204041202411,0.6494246727360619
51015,normal,0.9,4,22,0.0,0.7276289162220664,0.6177335391180566,0.6201835065263377
51015,normal,0.9,5,22,0.5,0.7797394151151417,0.6758140564296986,0.6349890916930088
51015,normal,0.9,6,22,0.5,0.7511673588369163,0.678462077128045,0.6135892027011163
51015,normal,0.9,7,22,0.5,0.7691889894170265,0.6688368300517482,0.6515934776271459
51015,normal,0.9,8,22,0.5,0.7363010592392933,0.655888413434392,0.569988881928588
51015,normal,0.9,9,22,0.5,0.7923720557870522,0.7252372023041854,0.688044857025921
51015,normal,0.9,10,22,0.0,0.7333714344538578,0.6101138334540213,0.5981404596960034
51015,normal,0.9,11,22,0.5,0.7540284626161073,0.6534610465658384,0.6248288760152491
51015,shuffled,0.0,0,0,1.0,0.9071028770165155,0.9503148460989821,1.0
51015,shuffled,0.0,1,0,1.0,0.9071028770165155,0.9503148460989821,1.0
51015,shuffled,0.0,2,0,1.0,0.9071028770165155,0.9503148460989821,1.0
51015,shuffled,0.0,3,0,1.0,0.9071028770165155,0.9503148460989821,1.0
51015,shuffled,0.0,4,0,1.0,0.9071028770165155,0.9503148460989821,1.0
51015,shuffled,0.0,5,0,1.0,0.9071028770165155,0.9503148460989821,1.0
51015,shuffled,0.0,6,0,1.0,0.9071028770165155,0.9503148460989821,1.0
51015,shuffled,0.0,7,0,1.0,0.9071028770165155,0.9503148460989821,1.0
51015,shuffled,0.0,8,0,1.0,0.9071028770165155,0.9503148460989821,1.0
51015,shuffled,0.0,9,0,1.0,0.9071028770165155,0.9503148460989821,1.0
51015,shuffled,0.0,10,0,1.0,0.9071028770165155,0.9503148460989821,1.0
51015,shuffled,0.0,11,0,1.0,0.9071028770165155,0.9503148460989821,1.0
51015,shuffled,0.25,0,6,1.0,0.8082445750375734,0.8675955919398839,0.8292294186673574
51015,shuffled,0.25,1,6,1.0,0.8073074063638495,0.8462240334127082,0.8631991328988994
51015,shuffled,0.25,2,6,1.0,0.8432692285703766,0.8856250180277745,0.8799048873516199
51015,shuffled,0.25,3,6,1.0,0.8236588284905066,0.8870729625364882,0.8343052259527542
51015,shuffled,0.25,4,6,1.0,0.8409119569345063,0.9224364537070595,0.9115898692609136
51015,shuffled,0.25,5,6,1.0,0.8433104034908021,0.9099147622857702,0.8259782466538739
51015,shuffled,0.25,6,6,1.0,0.8188047286548836,0.8520629720343176,0.877323114709541
51015,shuffled,0.25,7,6,1.0,0.8577900250818246,0.8859885458896454,0.8519057325104404
51015,shuffled,0.25,8,6,1.0,0.8368402006590443,0.8669527327949632,0.8478846529543634
51015,shuffled,0.25,9,6,1.0,0.8251591828930032,0.8513272573394909,0.8462921453811417
51015,shuffled,0.25,10,6,1.0,0.8741242597077218,0.9199339712766904,0.8741300454670504
51015,shuffled,0.25,11,6,1.0,0.8418543656910916,0.8854860767496383,0.807104872750723
51015,shuffled,0.5,0,12,1.0,0.8111869515129818,0.8578913003966652,0.7313138664567016
51015,shuffled,0.5,1,12,1.0,0.810870224192407,0.8337332168391082,0.7502528128630501
51015,shuffled,0.5,2,12,1.0,0.7956397179988258,0.8232316504699638,0.7211090335318494
51015,shuffled,0.5,3,12,1.0,0.8084441774481949,0.8220949356645086,0.7594542231756785
51015,shuffled,0.5,4,12,1.0,0.7628121500086356,0.8249799656180232,0.7774370856778486
51015,shuffled,0.5,5,12,1.0,0.8348706580643693,0.8768929545690939,0.7538330059841505
51015,shuffled,0.5,6,12,1.0,0.7836517071372949,0.8253850534734782,0.7848515021679886
51015,shuffled,0.5,7,12,1.0,0.7859852001237647,0.8146588746917958,0.7646178867459557
51015,shuffled,0.5,8,12,1.0,0.7867982010285814,0.7743480347765193,0.7097839901220848
51015,shuffled,0.5,9,12,1.0,0.802415610183333,0.8321890090739145,0.8342147544934474
51015,shuffled,0.5,10,12,1.0,0.82695266994398,0.8871413696288741,0.7931931360540453
51015,shuffled,0.5,11,12,1.0,0.8440038669452798,0.872577594888455,0.7550889283758907
51015,shuffled,0.75,0,19,1.0,0.8041171917594403,0.8015494109963036,0.7502710605009345
51015,shuffled,0.75,1,19,1.0,0.7754492240623856,0.7430921320008204,0.6980376710674537
51015,shuffled,0.75,2,19,1.0,0.7923453891990309,0.7803437093899355,0.7373755209028835
51015,shuffled,0.75,3,19,1.0,0.7794535987990382,0.7309136906101296,0.726395582371756
51015,shuffled,0.75,4,19,1.0,0.7644237929027402,0.7488942961477482,0.732360586758675
51015,shuffled,0.75,5,19,1.0,0.7865863071893017,0.7574055315535118,0.6780226833364815
51015,shuffled,0.75,6,19,1.0,0.6921725913875201,0.7026142780542349,0.673991301610316
51015,shuffled,0.75,7,19,1.0,0.8139530855153473,0.8166463474194104,0.7415871575078024
51015,shuffled,0.75,8,19,1.0,0.7714654149233661,0.6972206560667037,0.6387244272872395
51015,shuffled,0.75,9,19,1.0,0.7595189573037371,0.7363167726796017,0.710376143103776
51015,shuffled,0.75,10,19,1.0,0.7979110245538584,0.7924390487174529,0.7280917128702145
51015,shuffled,0.75,11,19,1.0,0.7520530327675791,0.7051879022265435,0.6676142953252713
51015,shuffled,0.9,0,22,1.0,0.7610900434362636,0.6687944926894727,0.694851968008751
51015,shuffled,0.9,1,22,1.0,0.7824135393616316,0.7047846754419059,0.6885605237908926
51015,shuffled,0.9,2,22,1.0,0.7680305165267359,0.736882742107297,0.6718675254700502
51015,shuffled,0.9,3,22,1.0,0.7656830065217339,0.6910349534737712,0.6966485916095975
51015,shuffled,0.9,4,22,1.0,0.7554520519156668,0.7154054839105646,0.6962272015969273
51015,shuffled,0.9,5,22,1.0,0.7789055188014155,0.7492354888212901,0.7056961516573204
51015,shuffled,0.9,6,22,1.0,0.7727642173432394,0.718653702962702,0.6571758655557808
51015,shuffled,0.9,7,22,1.0,0.7985818380300114,0.708190605630647,0.6643390238554373
51015,shuffled,0.9,8,22,1.0,0.781303105075819,0.7404036923394574,0.7225200848626042
51015,shuffled,0.9,9,22,1.0,0.7543406675491902,0.6809277711749515,0.6781311558310253
51015,shuffled,0.9,10,22,1.0,0.7877469712739728,0.7179869406122854,0.6407511789027674
51015,shuffled,0.9,11,22,1.0,0.7866224718319355,0.7176933618453818,0.6619734339671862
51015,dense,0.0,0,0,0.5,0.3250599173520421,0.2706608140032939,0.9999999999999999
51015,dense,0.0,1,0,0.5,0.3250599173520421,0.2706608140032939,0.9999999999999999
51015,dense,0.0,2,0,0.5,0.3250599173520421,0.2706608140032939,0.9999999999999999
51015,dense,0.0,3,0,0.5,0.3250599173520421,0.2706608140032939,0.9999999999999999
51015,dense,0.0,4,0,0.5,0.3250599173520421,0.2706608140032939,0.9999999999999999
51015,dense,0.0,5,0,0.5,0.3250599173520421,0.2706608140032939,0.9999999999999999
51015,dense,0.0,6,0,0.5,0.3250599173520421,0.2706608140032939,0.9999999999999999
51015,dense,0.0,7,0,0.5,0.3250599173520421,0.2706608140032939,0.9999999999999999
51015,dense,0.0,8,0,0.5,0.3250599173520421,0.2706608140032939,0.9999999999999999
51015,dense,0.0,9,0,0.5,0.3250599173520421,0.2706608140032939,0.9999999999999999
51015,dense,0.0,10,0,0.5,0.3250599173520421,0.2706608140032939,0.9999999999999999
51015,dense,0.0,11,0,0.5,0.3250599173520421,0.2706608140032939,0.9999999999999999
51015,dense,0.25,0,6,0.5,0.3250599173520421,0.2706608140032939,0.9999999999999999
51015,dense,0.25,1,6,0.5,0.3250599173520421,0.2706608140032939,0.9999999999999999
51015,dense,0.25,2,6,0.5,0.3250599173520421,0.2706608140032939,0.9999999999999999
51015,dense,0.25,3,6,0.5,0.3250599173520421,0.2706608140032939,0.9999999999999999
51015,dense,0.25,4,6,0.5,0.3250599173520421,0.2706608140032939,0.9999999999999999
51015,dense,0.25,5,6,0.5,0.3250599173520421,0.2706608140032939,0.9999999999999999
51015,dense,0.25,6,6,0.5,0.3250599173520421,0.2706608140032939,0.9999999999999999
51015,dense,0.25,7,6,0.5,0.3250599173520421,0.2706608140032939,0.9999999999999999
51015,dense,0.25,8,6,0.5,0.3250599173520421,0.2706608140032939,0.9999999999999999
51015,dense,0.25,9,6,0.5,0.3250599173520421,0.2706608140032939,0.9999999999999999
51015,dense,0.25,10,6,0.5,0.3250599173520421,0.2706608140032939,0.9999999999999999
51015,dense,0.25,11,6,0.5,0.3250599173520421,0.2706608140032939,0.9999999999999999
51015,dense,0.5,0,12,0.5,0.3250599173520421,0.2706608140032939,0.9999999999999999
51015,dense,0.5,1,12,0.5,0.3250599173520421,0.2706608140032939,0.9999999999999999
51015,dense,0.5,2,12,0.5,0.3250599173520421,0.2706608140032939,0.9999999999999999
51015,dense,0.5,3,12,0.5,0.3250599173520421,0.2706608140032939,0.9999999999999999
51015,dense,0.5,4,12,0.5,0.3250599173520421,0.2706608140032939,0.9999999999999999
51015,dense,0.5,5,12,0.5,0.3250599173520421,0.2706608140032939,0.9999999999999999
51015,dense,0.5,6,12,0.5,0.3250599173520421,0.2706608140032939,0.9999999999999999
51015,dense,0.5,7,12,0.5,0.3250599173520421,0.2706608140032939,0.9999999999999999
51015,dense,0.5,8,12,0.5,0.3250599173520421,0.2706608140032939,0.9999999999999999
51015,dense,0.5,9,12,0.5,0.3250599173520421,0.2706608140032939,0.9999999999999999
51015,dense,0.5,10,12,0.5,0.3250599173520421,0.2706608140032939,0.9999999999999999
51015,dense,0.5,11,12,0.5,0.3250599173520421,0.2706608140032939,0.9999999999999999
51015,dense,0.75,0,19,0.5,0.3250599173520421,0.2706608140032939,0.9999999999999999
51015,dense,0.75,1,19,0.5,0.3250599173520421,0.2706608140032939,0.9999999999999999
51015,dense,0.75,2,19,0.5,0.3250599173520421,0.2706608140032939,0.9999999999999999
51015,dense,0.75,3,19,0.5,0.3250599173520421,0.2706608140032939,0.9999999999999999
51015,dense,0.75,4,19,0.5,0.3250599173520421,0.2706608140032939,0.9999999999999999
51015,dense,0.75,5,19,0.5,0.3250599173520421,0.2706608140032939,0.9999999999999999
51015,dense,0.75,6,19,0.5,0.3250599173520421,0.2706608140032939,0.9999999999999999
51015,dense,0.75,7,19,0.5,0.3250599173520421,0.2706608140032939,0.9999999999999999
51015,dense,0.75,8,19,0.5,0.3250599173520421,0.2706608140032939,0.9999999999999999
51015,dense,0.75,9,19,0.5,0.3250599173520421,0.2706608140032939,0.9999999999999999
51015,dense,0.75,10,19,0.5,0.3250599173520421,0.2706608140032939,0.9999999999999999
51015,dense,0.75,11,19,0.5,0.3250599173520421,0.2706608140032939,0.9999999999999999
51015,dense,0.9,0,22,0.5,0.3250599173520421,0.2706608140032939,0.9999999999999999
51015,dense,0.9,1,22,0.5,0.3250599173520421,0.2706608140032939,0.9999999999999999
51015,dense,0.9,2,22,0.5,0.3250599173520421,0.2706608140032939,0.9999999999999999
51015,dense,0.9,3,22,0.5,0.3250599173520421,0.2706608140032939,0.9999999999999999
51015,dense,0.9,4,22,0.5,0.3250599173520421,0.2706608140032939,0.9999999999999999
51015,dense,0.9,5,22,0.5,0.3250599173520421,0.2706608140032939,0.9999999999999999
51015,dense,0.9,6,22,0.5,0.3250599173520421,0.2706608140032939,0.9999999999999999
51015,dense,0.9,7,22,0.5,0.3250599173520421,0.2706608140032939,0.9999999999999999
51015,dense,0.9,8,22,0.5,0.3250599173520421,0.2706608140032939,0.9999999999999999
51015,dense,0.9,9,22,0.5,0.3250599173520421,0.2706608140032939,0.9999999999999999
51015,dense,0.9,10,22,0.5,0.3250599173520421,0.2706608140032939,0.9999999999999999
51015,dense,0.9,11,22,0.5,0.3250599173520421,0.2706608140032939,0.9999999999999999
51015,identity,0.0,0,0,1.0,0.962061134145938,0.9804903958657667,1.0
51015,identity,0.0,1,0,1.0,0.962061134145938,0.9804903958657667,1.0
51015,identity,0.0,2,0,1.0,0.962061134145938,0.9804903958657667,1.0
51015,identity,0.0,3,0,1.0,0.962061134145938,0.9804903958657667,1.0
51015,identity,0.0,4,0,1.0,0.962061134145938,0.9804903958657667,1.0
51015,identity,0.0,5,0,1.0,0.962061134145938,0.9804903958657667,1.0
51015,identity,0.0,6,0,1.0,0.962061134145938,0.9804903958657667,1.0
51015,identity,0.0,7,0,1.0,0.962061134145938,0.9804903958657667,1.0
51015,identity,0.0,8,0,1.0,0.962061134145938,0.9804903958657667,1.0
51015,identity,0.0,9,0,1.0,0.962061134145938,0.9804903958657667,1.0
51015,identity,0.0,10,0,1.0,0.962061134145938,0.9804903958657667,1.0
51015,identity,0.0,11,0,1.0,0.962061134145938,0.9804903958657667,1.0
51015,identity,0.25,0,6,1.0,0.9617261099148614,0.9691642284886981,0.9505587520661998
51015,identity,0.25,1,6,1.0,0.9694608637091798,0.9809088647383125,0.9602467009517929
51015,identity,0.25,2,6,1.0,0.9751714047721306,0.9832404905866473,0.9524741574349659
51015,identity,0.25,3,6,1.0,0.972691905481972,0.9817410201279455,0.9522899884991485
51015,identity,0.25,4,6,1.0,0.9694610339835427,0.9809089205854366,0.9602467009517929
51015,identity,0.25,5,6,1.0,0.9726918635484835,0.9817409871864495,0.9522899884991485
51015,identity,0.25,6,6,1.0,0.9679199262814697,0.9776571913808688,0.9516532236547012
51015,identity,0.25,7,6,1.0,0.9726920019181279,0.9817410411985078,0.9522899884991485
51015,identity,0.25,8,6,1.0,0.9694609691800323,0.9809088926172669,0.9602467009517929
51015,identity,0.25,9,6,1.0,0.9751713225919337,0.9832404529204664,0.9524741574349659
51015,identity,0.25,10,6,1.0,0.9726918171742289,0.9817409737552283,0.9522899884991483
51015,identity,0.25,11,6,1.0,0.972691870795204,0.9817409907752829,0.9522899884991483
51015,identity,0.5,0,12,1.0,0.9703701141021641,0.9556030448899452,0.8996908556252439
51015,identity,0.5,1,12,1.0,0.9702552315340536,0.9636423436057189,0.9091349585113825
51015,identity,0.5,2,12,1.0,0.9702552640814004,0.9636423600210834,0.9091349585113826
51015,identity,0.5,3,12,1.0,0.9717318385121391,0.9720057222029826,0.9003053902162762
51015,identity,0.5,4,12,1.0,0.9708811149209811,0.9698273602840333,0.9096141599995576
51015,identity,0.5,5,12,1.0,0.9704648409530127,0.9678929193462991,0.9006839065533896
51015,identity,0.5,6,12,1.0,0.9703700409230407,0.9556030885653805,0.8996908556252439
51015,identity,0.5,7,12,1.0,0.9699354745529297,0.9465899011412721,0.8983098537566354
51015,identity,0.5,8,12,1.0,0.9708810378318309,0.9698273640055645,0.9096141599995576
51015,identity,0.5,9,12,1.0,0.9702552860579726,0.9636423753975418,0.9091349585113826
51015,identity,0.5,10,12,1.0,0.9683538749563436,0.9464401098645895,0.9064810879249433
51015,identity,0.5,11,12,1.0,0.970881072857631,0.9698273311943599,0.9096141599995576
51015,identity,0.75,0,19,1.0,0.9678644801597504,0.9266669185035787,0.8433699101613261
51015,identity,0.75,1,19,1.0,0.967974304074097,0.93082827887552,0.8436070306193046
51015,identity,0.75,2,19,1.0,0.9659974378546149,0.9192024014864884,0.8423566492949608
51015,identity,0.75,3,19,1.0,0.9678645049443284,0.9266668055055932,0.8433699101613261
51015,identity,0.75,4,19,1.0,0.9633243557666529,0.9071091194533828,0.8405591864748956
51015,identity,0.75,5,19,1.0,0.9672710362212379,0.9215465464520908,0.8334473997729072
51015,identity,0.75,6,19,1.0,0.9678644542729888,0.9266669070193363,0.8433699101613261
51015,identity,0.75,7,19,1.0,0.9678644897047574,0.9266668770353224,0.8433699101613261
51015,identity,0.75,8,19,1.0,0.967974327087594,0.9308282411020998,0.8436070306193046
51015,identity,0.75,9,19,1.0,0.9654541040898628,0.9251821715372479,0.8417669055600113
51015,identity,0.75,10,19,1.0,0.9678644721531543,0.9266669231417949,0.8433699101613261
51015,identity,0.75,11,19,1.0,0.9679743655740239,0.9308282027307767,0.8436070306193046
51015,identity,0.9,0,22,1.0,0.964605301738111,0.8983317933050702,0.8123787954996072
51015,identity,0.9,1,22,1.0,0.9619824394946858,0.8949764735164336,0.811845469021477
51015,identity,0.9,2,22,1.0,0.9641897611013175,0.9024158912771826,0.8125543836869232
51015,identity,0.9,3,22,1.0,0.9619824411033645,0.8949765061890129,0.811845469021477
51015,identity,0.9,4,22,1.0,0.9619824380530997,0.8949765004785816,0.811845469021477
51015,identity,0.9,5,22,1.0,0.9611351970413794,0.8873183531116369,0.8015261397332974
51015,identity,0.9,6,22,1.0,0.9619824505340654,0.894976543884495,0.811845469021477
51015,identity,0.9,7,22,1.0,0.9610456157237638,0.8832627359994827,0.8102505060194712
51015,identity,0.9,8,22,1.0,0.961135170935208,0.8873184268390425,0.8015261397332974
51015,identity,0.9,9,22,1.0,0.9619824121161323,0.8949764678038697,0.811845469021477
51015,identity,0.9,10,22,1.0,0.9641897566196012,0.9024160769299165,0.8125543836869232
51015,identity,0.9,11,22,1.0,0.9610456430454437,0.8832627835567705,0.8102505060194712
51016,normal,0.0,0,0,1.0,0.8676376624125175,0.9360110636410585,1.0
51016,normal,0.0,1,0,1.0,0.8676376624125175,0.9360110636410585,1.0
51016,normal,0.0,2,0,1.0,0.8676376624125175,0.9360110636410585,1.0
51016,normal,0.0,3,0,1.0,0.8676376624125175,0.9360110636410585,1.0
51016,normal,0.0,4,0,1.0,0.8676376624125175,0.9360110636410585,1.0
51016,normal,0.0,5,0,1.0,0.8676376624125175,0.9360110636410585,1.0
51016,normal,0.0,6,0,1.0,0.8676376624125175,0.9360110636410585,1.0
51016,normal,0.0,7,0,1.0,0.8676376624125175,0.9360110636410585,1.0
51016,normal,0.0,8,0,1.0,0.8676376624125175,0.9360110636410585,1.0
51016,normal,0.0,9,0,1.0,0.8676376624125175,0.9360110636410585,1.0
51016,normal,0.0,10,0,1.0,0.8676376624125175,0.9360110636410585,1.0
51016,normal,0.0,11,0,1.0,0.8676376624125175,0.9360110636410585,1.0
51016,normal,0.25,0,6,1.0,0.8388906571420048,0.9226967163345638,0.9155743602849126
51016,normal,0.25,1,6,1.0,0.8526576953940418,0.9148000426115608,0.8464733203935101
51016,normal,0.25,2,6,1.0,0.8095397157852128,0.9112324989218966,0.8894349313369978
51016,normal,0.25,3,6,1.0,0.8234431514313735,0.9122793337197385,0.8627665422355455
51016,normal,0.25,4,6,1.0,0.8194745212476903,0.9183373652381025,0.8610977086436301
51016,normal,0.25,5,6,1.0,0.8139410801537919,0.9070969754362317,0.8849757616776747
51016,normal,0.25,6,6,1.0,0.8272651074566997,0.9202606245021461,0.8736647255126961
51016,normal,0.25,7,6,1.0,0.8360082982791838,0.91203542004868,0.875097350070925
51016,normal,0.25,8,6,1.0,0.8440327289196674,0.9201161618057447,0.8542403769414428
51016,normal,0.25,9,6,1.0,0.8353694165382354,0.9211496058332016,0.8294135240096442
51016,normal,0.25,10,6,1.0,0.8458846420431384,0.9235629909883569,0.903011732136321
51016,normal,0.25,11,6,1.0,0.8389655017836535,0.9145256790697808,0.8299002018293149
51016,normal,0.5,0,12,1.0,0.8025207182872883,0.8677981592012219,0.7778096211292836
51016,normal,0.5,1,12,1.0,0.8053959652039048,0.9050103653536717,0.8000480658252787
51016,normal,0.5,2,12,1.0,0.7719133116250961,0.8444883133971959,0.8407975726865612
51016,normal,0.5,3,12,1.0,0.8010639232776375,0.803385590825106,0.8522124981649983
51016,normal,0.5,4,12,1.0,0.7697081217248167,0.869666447385266,0.8106764639870424
51016,normal,0.5,5,12,1.0,0.8200472268411566,0.8953627725460978,0.7764595883368205
51016,normal,0.5,6,12,1.0,0.790646706959388,0.7939960057319639,0.7788513055291877
51016,normal,0.5,7,12,1.0,0.8171671439033323,0.8678680693771144,0.7930424873109413
51016,normal,0.5,8,12,1.0,0.7879936964382185,0.8703903434319803,0.7305070615137066
51016,normal,0.5,9,12,1.0,0.7976024912351443,0.8084658065776159,0.7671838252076654
51016,normal,0.5,10,12,1.0,0.7925854779168027,0.8420919361221978,0.7458287353002657
51016,normal,0.5,11,12,1.0,0.7944694280349198,0.8178443853236504,0.7157033289215636
51016,normal,0.75,0,19,1.0,0.7801282827258486,0.8005254783471685,0.7175973155368325
51016,normal,0.75,1,19,1.0,0.8263440969742564,0.8739130245154196,0.7549020754354561
51016,normal,0.75,2,19,1.0,0.8284038653164173,0.7649060581199144,0.6723687430857168
51016,normal,0.75,3,19,1.0,0.7790242017915335,0.7845056865677708,0.798011749628275
51016,normal,0.75,4,19,1.0,0.7786881092881692,0.7206416163750471,0.6564173875857
51016,normal,0.75,5,19,1.0,0.8142463091376801,0.8164277509270031,0.7540163429337815
51016,normal,0.75,6,19,1.0,0.7800738342271797,0.7467388176255015,0.7207262343610015
51016,normal,0.75,7,19,1.0,0.8122552523724446,0.8025070182743061,0.7230271407305938
51016,normal,0.75,8,19,1.0,0.8066230639335299,0.7737354397813189,0.7186634370952735
51016,normal,0.75,9,19,1.0,0.7542505183361042,0.718607338211037,0.7137053943454031
51016,normal,0.75,10,19,1.0,0.7969467655290801,0.7945178914201055,0.6807210187614211
51016,normal,0.75,11,19,1.0,0.776292298960543,0.7826285985547404,0.7654449664577888
51016,normal,0.9,0,22,1.0,0.7523911435957393,0.6849502916730438,0.6339495191609543
51016,normal,0.9,1,22,1.0,0.7915992005265023,0.7329965995482353,0.6920628418484067
51016,normal,0.9,2,22,1.0,0.7757713689144409,0.7340088231280794,0.729686209347513
51016,normal,0.9,3,22,1.0,0.7914402005334686,0.7488066419163393,0.6631977176346049
51016,normal,0.9,4,22,1.0,0.7903182948923463,0.7357335783186191,0.6819665088104643
51016,normal,0.9,5,22,1.0,0.7889966196831187,0.6737222865458152,0.64702226293935
51016,normal,0.9,6,22,1.0,0.7843730460599007,0.7522456709311334,0.7785563011068161
51016,normal,0.9,7,22,1.0,0.7751784144816741,0.7311927431356008,0.7176787706288407
51016,normal,0.9,8,22,1.0,0.7827727570130955,0.7457284599569861,0.6945033801182683
51016,normal,0.9,9,22,1.0,0.7939831100695167,0.7303080872770455,0.722083845390008
51016,normal,0.9,10,22,1.0,0.7622629771900616,0.6514411563939053,0.6175595333657771
51016,normal,0.9,11,22,1.0,0.7926200889511463,0.6930682392868305,0.6210483293893191
51016,shuffled,0.0,0,0,1.0,0.9024529192839791,0.9471977901959242,1.0
51016,shuffled,0.0,1,0,1.0,0.9024529192839791,0.9471977901959242,1.0
51016,shuffled,0.0,2,0,1.0,0.9024529192839791,0.9471977901959242,1.0
51016,shuffled,0.0,3,0,1.0,0.9024529192839791,0.9471977901959242,1.0
51016,shuffled,0.0,4,0,1.0,0.9024529192839791,0.9471977901959242,1.0
51016,shuffled,0.0,5,0,1.0,0.9024529192839791,0.9471977901959242,1.0
51016,shuffled,0.0,6,0,1.0,0.9024529192839791,0.9471977901959242,1.0
51016,shuffled,0.0,7,0,1.0,0.9024529192839791,0.9471977901959242,1.0
51016,shuffled,0.0,8,0,1.0,0.9024529192839791,0.9471977901959242,1.0
51016,shuffled,0.0,9,0,1.0,0.9024529192839791,0.9471977901959242,1.0
51016,shuffled,0.0,10,0,1.0,0.9024529192839791,0.9471977901959242,1.0
51016,shuffled,0.0,11,0,1.0,0.9024529192839791,0.9471977901959242,1.0
51016,shuffled,0.25,0,6,1.0,0.8094661126520661,0.8971229418650095,0.8769639251372733
51016,shuffled,0.25,1,6,1.0,0.8359865340438241,0.9031651874757809,0.7710137330129411
51016,shuffled,0.25,2,6,1.0,0.8701330462293057,0.9291414481135929,0.8202051715204459
51016,shuffled,0.25,3,6,1.0,0.7939468181268806,0.8917753008708295,0.8377736226416649
51016,shuffled,0.25,4,6,1.0,0.838475123805751,0.8968785747460604,0.8138355142529471
51016,shuffled,0.25,5,6,1.0,0.8104766214846896,0.8823140131848781,0.7753471663534434
51016,shuffled,0.25,6,6,1.0,0.8053234625469885,0.8865022186945946,0.8401263304162362
51016,shuffled,0.25,7,6,1.0,0.7692931756972509,0.8804285726941682,0.8451379452352316
51016,shuffled,0.25,8,6,1.0,0.8724523563316147,0.9299504034746523,0.8765563447594574
51016,shuffled,0.25,9,6,1.0,0.8106120083246505,0.8893136242301019,0.8518540715058757
51016,shuffled,0.25,10,6,1.0,0.8486484769170469,0.9115534076699787,0.8604762662545806
51016,shuffled,0.25,11,6,1.0,0.8782147780331304,0.9295466343658124,0.8524733903875706
51016,shuffled,0.5,0,12,1.0,0.8500484064230176,0.896885164678021,0.7639861248594076
51016,shuffled,0.5,1,12,1.0,0.8174348739567213,0.8721288357459993,0.7762650588058005
51016,shuffled,0.5,2,12,1.0,0.8182727748163888,0.7965779181167568,0.6794651725867709
51016,shuffled,0.5,3,12,1.0,0.7983625840962951,0.8421144157706231,0.736355625336359
51016,shuffled,0.5,4,12,1.0,0.8542418820310645,0.8681627646868718,0.7877572832998456
51016,shuffled,0.5,5,12,1.0,0.8280150692312876,0.862854192263024,0.7314632286496854
51016,shuffled,0.5,6,12,1.0,0.8463113008324812,0.8347240419615757,0.763347810553936
51016,shuffled,0.5,7,12,1.0,0.7990148399754401,0.8277850464440114,0.6833585080499057
51016,shuffled,0.5,8,12,1.0,0.819951132590613,0.8505088616984083,0.6938912411503995
51016,shuffled,0.5,9,12,1.0,0.7746419859768752,0.8353657418172223,0.7344902033965727
51016,shuffled,0.5,10,12,1.0,0.7920327627670183,0.8149588954422912,0.745655651342824
51016,shuffled,0.5,11,12,1.0,0.8144858463305279,0.8306960500894023,0.8028525122905404
51016,shuffled,0.75,0,19,1.0,0.827244707053574,0.8346803659020233,0.6724145414343765
51016,shuffled,0.75,1,19,1.0,0.7821749352239512,0.7069483697747039,0.6539297016775707
51016,shuffled,0.75,2,19,1.0,0.8008879166990437,0.7364280910040587,0.6378468600767258
51016,shuffled,0.75,3,19,1.0,0.8446057224080988,0.7935940313992229,0.6967670884835045
51016,shuffled,0.75,4,19,1.0,0.6920253045189929,0.6553315964708526,0.6438329905316081
51016,shuffled,0.75,5,19,1.0,0.7825226358332393,0.7383498101741701,0.6437634845292252
51016,shuffled,0.75,6,19,1.0,0.7942986955583136,0.7800779251140862,0.6496452671954499
51016,shuffled,0.75,7,19,1.0,0.8102131421883512,0.7528109494261795,0.6137137729088973
51016,shuffled,0.75,8,19,1.0,0.8296496968078858,0.7801532943335681,0.6886951579667681
51016,shuffled,0.75,9,19,1.0,0.8028395518625756,0.7109015271246553,0.616177999955866
51016,shuffled,0.75,10,19,1.0,0.7499018672359309,0.7723444918921761,0.6547236533608214
51016,shuffled,0.75,11,19,0.5,0.8009306852049566,0.740527601610359,0.6239579565104414
51016,shuffled,0.9,0,22,1.0,0.8226136674943179,0.7013595929777303,0.5876729933557867
51016,shuffled,0.9,1,22,1.0,0.8164215652532717,0.6899419399108472,0.6143655657591238
51016,shuffled,0.9,2,22,1.0,0.7953235412828681,0.6946459869218887,0.5920830083377127
51016,shuffled,0.9,3,22,1.0,0.8255906625735788,0.7254305703052354,0.6101631098664168
51016,shuffled,0.9,4,22,1.0,0.8224131009217378,0.7550779139975775,0.6441684133404258
51016,shuffled,0.9,5,22,1.0,0.7654043998759981,0.6519988865342884,0.5991440086446302
51016,shuffled,0.9,6,22,1.0,0.7823914989689921,0.6992613679881059,0.584101215883242
51016,shuffled,0.9,7,22,1.0,0.8240353481214967,0.738025218558873,0.6477444707720719
51016,shuffled,0.9,8,22,1.0,0.8130388877631405,0.712091096116849,0.6002180111487477
51016,shuffled,0.9,9,22,1.0,0.7978435848700879,0.7117991286029816,0.602909566670015
51016,shuffled,0.9,10,22,1.0,0.8293482721147472,0.7346143512815745,0.6058000539593009
51016,shuffled,0.9,11,22,0.5,0.8032649634931016,0.6945023208352816,0.6296782554171417
51016,dense,0.0,0,0,0.5,0.2519177700351054,0.1982884226269811,0.9999999999999999
51016,dense,0.0,1,0,0.5,0.2519177700351054,0.1982884226269811,0.9999999999999999
51016,dense,0.0,2,0,0.5,0.2519177700351054,0.1982884226269811,0.9999999999999999
51016,dense,0.0,3,0,0.5,0.2519177700351054,0.1982884226269811,0.9999999999999999
51016,dense,0.0,4,0,0.5,0.2519177700351054,0.1982884226269811,0.9999999999999999
51016,dense,0.0,5,0,0.5,0.2519177700351054,0.1982884226269811,0.9999999999999999
51016,dense,0.0,6,0,0.5,0.2519177700351054,0.1982884226269811,0.9999999999999999
51016,dense,0.0,7,0,0.5,0.2519177700351054,0.1982884226269811,0.9999999999999999
51016,dense,0.0,8,0,0.5,0.2519177700351054,0.1982884226269811,0.9999999999999999
51016,dense,0.0,9,0,0.5,0.2519177700351054,0.1982884226269811,0.9999999999999999
51016,dense,0.0,10,0,0.5,0.2519177700351054,0.1982884226269811,0.9999999999999999
51016,dense,0.0,11,0,0.5,0.2519177700351054,0.1982884226269811,0.9999999999999999
51016,dense,0.25,0,6,0.5,0.2519177700351054,0.1982884226269811,0.9999999999999999
51016,dense,0.25,1,6,0.5,0.2519177700351054,0.1982884226269811,0.9999999999999999
51016,dense,0.25,2,6,0.5,0.2519177700351054,0.1982884226269811,0.9999999999999999
51016,dense,0.25,3,6,0.5,0.2519177700351054,0.1982884226269811,0.9999999999999999
51016,dense,0.25,4,6,0.5,0.2519177700351054,0.1982884226269811,0.9999999999999999
51016,dense,0.25,5,6,0.5,0.2519177700351054,0.1982884226269811,0.9999999999999999
51016,dense,0.25,6,6,0.5,0.2519177700351054,0.1982884226269811,0.9999999999999999
51016,dense,0.25,7,6,0.5,0.2519177700351054,0.1982884226269811,0.9999999999999999
51016,dense,0.25,8,6,0.5,0.2519177700351054,0.1982884226269811,0.9999999999999999
51016,dense,0.25,9,6,0.5,0.2519177700351054,0.1982884226269811,0.9999999999999999
51016,dense,0.25,10,6,0.5,0.2519177700351054,0.1982884226269811,0.9999999999999999
51016,dense,0.25,11,6,0.5,0.2519177700351054,0.1982884226269811,0.9999999999999999
51016,dense,0.5,0,12,0.5,0.2519177700351054,0.1982884226269811,0.9999999999999999
51016,dense,0.5,1,12,0.5,0.2519177700351054,0.1982884226269811,0.9999999999999999
51016,dense,0.5,2,12,0.5,0.2519177700351054,0.1982884226269811,0.9999999999999999
51016,dense,0.5,3,12,0.5,0.2519177700351054,0.1982884226269811,0.9999999999999999
51016,dense,0.5,4,12,0.5,0.2519177700351054,0.1982884226269811,0.9999999999999999
51016,dense,0.5,5,12,0.5,0.2519177700351054,0.1982884226269811,0.9999999999999999
51016,dense,0.5,6,12,0.5,0.2519177700351054,0.1982884226269811,0.9999999999999999
51016,dense,0.5,7,12,0.5,0.2519177700351054,0.1982884226269811,0.9999999999999999
51016,dense,0.5,8,12,0.5,0.2519177700351054,0.1982884226269811,0.9999999999999999
51016,dense,0.5,9,12,0.5,0.2519177700351054,0.1982884226269811,0.9999999999999999
51016,dense,0.5,10,12,0.5,0.2519177700351054,0.1982884226269811,0.9999999999999999
51016,dense,0.5,11,12,0.5,0.2519177700351054,0.1982884226269811,0.9999999999999999
51016,dense,0.75,0,19,0.5,0.2519177700351054,0.1982884226269811,0.9999999999999999
51016,dense,0.75,1,19,0.5,0.2519177700351054,0.1982884226269811,0.9999999999999999
51016,dense,0.75,2,19,0.5,0.2519177700351054,0.1982884226269811,0.9999999999999999
51016,dense,0.75,3,19,0.5,0.2519177700351054,0.1982884226269811,0.9999999999999999
51016,dense,0.75,4,19,0.5,0.2519177700351054,0.1982884226269811,0.9999999999999999
51016,dense,0.75,5,19,0.5,0.2519177700351054,0.1982884226269811,0.9999999999999999
51016,dense,0.75,6,19,0.5,0.2519177700351054,0.1982884226269811,0.9999999999999999
51016,dense,0.75,7,19,0.5,0.2519177700351054,0.1982884226269811,0.9999999999999999
51016,dense,0.75,8,19,0.5,0.2519177700351054,0.1982884226269811,0.9999999999999999
51016,dense,0.75,9,19,0.5,0.2519177700351054,0.1982884226269811,0.9999999999999999
51016,dense,0.75,10,19,0.5,0.2519177700351054,0.1982884226269811,0.9999999999999999
51016,dense,0.75,11,19,0.5,0.2519177700351054,0.1982884226269811,0.9999999999999999
51016,dense,0.9,0,22,0.5,0.2519177700351054,0.1982884226269811,0.9999999999999999
51016,dense,0.9,1,22,0.5,0.2519177700351054,0.1982884226269811,0.9999999999999999
51016,dense,0.9,2,22,0.5,0.2519177700351054,0.1982884226269811,0.9999999999999999
51016,dense,0.9,3,22,0.5,0.2519177700351054,0.1982884226269811,0.9999999999999999
51016,dense,0.9,4,22,0.5,0.2519177700351054,0.1982884226269811,0.9999999999999999
51016,dense,0.9,5,22,0.5,0.2519177700351054,0.1982884226269811,0.9999999999999999
51016,dense,0.9,6,22,0.5,0.2519177700351054,0.1982884226269811,0.9999999999999999
51016,dense,0.9,7,22,0.5,0.2519177700351054,0.1982884226269811,0.9999999999999999
51016,dense,0.9,8,22,0.5,0.2519177700351054,0.1982884226269811,0.9999999999999999
51016,dense,0.9,9,22,0.5,0.2519177700351054,0.1982884226269811,0.9999999999999999
51016,dense,0.9,10,22,0.5,0.2519177700351054,0.1982884226269811,0.9999999999999999
51016,dense,0.9,11,22,0.5,0.2519177700351054,0.1982884226269811,0.9999999999999999
51016,identity,0.0,0,0,1.0,0.9786787424250666,0.9894152007282753,1.0
51016,identity,0.0,1,0,1.0,0.9786787424250666,0.9894152007282753,1.0
51016,identity,0.0,2,0,1.0,0.9786787424250666,0.9894152007282753,1.0
51016,identity,0.0,3,0,1.0,0.9786787424250666,0.9894152007282753,1.0
51016,identity,0.0,4,0,1.0,0.9786787424250666,0.9894152007282753,1.0
51016,identity,0.0,5,0,1.0,0.9786787424250666,0.9894152007282753,1.0
51016,identity,0.0,6,0,1.0,0.9786787424250666,0.9894152007282753,1.0
51016,identity,0.0,7,0,1.0,0.9786787424250666,0.9894152007282753,1.0
51016,identity,0.0,8,0,1.0,0.9786787424250666,0.9894152007282753,1.0
51016,identity,0.0,9,0,1.0,0.9786787424250666,0.9894152007282753,1.0
51016,identity,0.0,10,0,1.0,0.9786787424250666,0.9894152007282753,1.0
51016,identity,0.0,11,0,1.0,0.9786787424250666,0.9894152007282753,1.0
51016,identity,0.25,0,6,1.0,0.9875639543035771,0.9914858624923069,0.9504057223308733
51016,identity,0.25,1,6,1.0,0.987564006263711,0.991485877123882,0.9504057223308733
51016,identity,0.25,2,6,1.0,0.9877874775259986,0.9922043724377919,0.9501203262466303
51016,identity,0.25,3,6,1.0,0.9862470269371465,0.991754148480102,0.9589088039835261
51016,identity,0.25,4,6,1.0,0.9868701494806106,0.9919839185905269,0.9574112635230944
51016,identity,0.25,5,6,1.0,0.9877874453383552,0.9922043605374913,0.9501203262466303
51016,identity,0.25,6,6,1.0,0.9875638887797745,0.9914858586293228,0.9504057223308733
51016,identity,0.25,7,6,1.0,0.986246894370265,0.9917541085313334,0.9589088039835261
51016,identity,0.25,8,6,1.0,0.9862470365250732,0.9917541519772033,0.9589088039835261
51016,identity,0.25,9,6,1.0,0.9873815814152307,0.9920988727792772,0.9493554911560949
51016,identity,0.25,10,6,1.0,0.9873816019596966,0.9920988810574611,0.9493554911560949
51016,identity,0.25,11,6,1.0,0.9867971914438277,0.9919719672382189,0.9583909824766306
51016,identity,0.5,0,12,1.0,0.987939584472081,0.9782758977503636,0.9054647702135606
51016,identity,0.5,1,12,1.0,0.9886998617481223,0.9900181113427218,0.9037666100209258
51016,identity,0.5,2,12,1.0,0.9879395761369147,0.9782758861016093,0.9054647702135605
51016,identity,0.5,3,12,1.0,0.9881705946185219,0.9782554892264056,0.8961611161421301
51016,identity,0.5,4,12,1.0,0.9881705977958697,0.9782554777474712,0.8961611161421301
51016,identity,0.5,5,12,1.0,0.987939550993407,0.9782758577015036,0.9054647702135605
51016,identity,0.5,6,12,1.0,0.9893125640396314,0.9864711980297962,0.905492313754878
51016,identity,0.5,7,12,1.0,0.9886998649537275,0.9900181121567587,0.9037666100209258
51016,identity,0.5,8,12,1.0,0.9859245510976341,0.9683744305526798,0.9048387778201399
51016,identity,0.5,9,12,1.0,0.9888268417079444,0.9860031301032397,0.8958964217582002
51016,identity,0.5,10,12,1.0,0.988551614367041,0.988473028770768,0.8950112047212073
51016,identity,0.5,11,12,1.0,0.9892859834999297,0.9900295640566603,0.904926801905615
51016,identity,0.75,0,19,1.0,0.9830250664581552,0.9432828476634755,0.8360432137159279
51016,identity,0.75,1,19,1.0,0.9830250442621633,0.9432829237942097,0.8360432137159279
51016,identity,0.75,2,19,1.0,0.9830250562339816,0.943282808295235,0.8360432137159279
51016,identity,0.75,3,19,1.0,0.9822941322092124,0.940583771915233,0.8331040658299631
51016,identity,0.75,4,19,1.0,0.9828520414705687,0.9436784235893415,0.8349892595481785
51016,identity,0.75,5,19,1.0,0.9815382279223103,0.9280355892794117,0.8303838574855635
51016,identity,0.75,6,19,1.0,0.9813158277875622,0.9285446953446751,0.8256172714808335
51016,identity,0.75,7,19,1.0,0.9822750929294302,0.9361450112283173,0.8362704160117386
51016,identity,0.75,8,19,1.0,0.9822941144373749,0.9405837539735444,0.8331040658299631
51016,identity,0.75,9,19,1.0,0.9830250947066992,0.9432830141931564,0.8360432137159279
51016,identity,0.75,10,19,1.0,0.9830251303662421,0.9432830407604748,0.8360432137159279
51016,identity,0.75,11,19,1.0,0.9830251293359504,0.943283069819476,0.8360432137159279
51016,identity,0.9,0,22,1.0,0.9772958251029954,0.8981635886737809,0.8013660153209335
51016,identity,0.9,1,22,1.0,0.977893956864389,0.9008164901059706,0.8036723474623861
51016,identity,0.9,2,22,1.0,0.9774843090254598,0.9041889299283399,0.8029914790429871
51016,identity,0.9,3,22,1.0,0.9755865256463097,0.8834252523500998,0.7909400730858394
51016,identity,0.9,4,22,1.0,0.9778939563047766,0.9008164498173652,0.8036723474623861
51016,identity,0.9,5,22,1.0,0.9774843623038479,0.9041890573837748,0.8029914790429871
51016,identity,0.9,6,22,1.0,0.9778939460367598,0.90081644837823,0.8036723474623861
51016,identity,0.9,7,22,1.0,0.9785541984453374,0.8911474654286101,0.8034109912279095
51016,identity,0.9,8,22,1.0,0.9778939060128898,0.9008163847840512,0.8036723474623861
51016,identity,0.9,9,22,1.0,0.9755865615577102,0.8834252169137025,0.7909400730858394
51016,identity,0.9,10,22,1.0,0.975905359623989,0.8879470793376005,0.7921256700302141
51016,identity,0.9,11,22,1.0,0.9774842954599595,0.90418905851215,0.8029914790429871
51017,normal,0.0,0,0,1.0,0.9266521429803497,0.9584549352369767,1.0
51017,normal,0.0,1,0,1.0,0.9266521429803497,0.9584549352369767,1.0
51017,normal,0.0,2,0,1.0,0.9266521429803497,0.9584549352369767,1.0
51017,normal,0.0,3,0,1.0,0.9266521429803497,0.9584549352369767,1.0
51017,normal,0.0,4,0,1.0,0.9266521429803497,0.9584549352369767,1.0
51017,normal,0.0,5,0,1.0,0.9266521429803497,0.9584549352369767,1.0
51017,normal,0.0,6,0,1.0,0.9266521429803497,0.9584549352369767,1.0
51017,normal,0.0,7,0,1.0,0.9266521429803497,0.9584549352369767,1.0
51017,normal,0.0,8,0,1.0,0.9266521429803497,0.9584549352369767,1.0
51017,normal,0.0,9,0,1.0,0.9266521429803497,0.9584549352369767,1.0
51017,normal,0.0,10,0,1.0,0.9266521429803497,0.9584549352369767,1.0
51017,normal,0.0,11,0,1.0,0.9266521429803497,0.9584549352369767,1.0
51017,normal,0.25,0,6,1.0,0.8520441150405311,0.9094871951011031,0.8462536854400733
51017,normal,0.25,1,6,1.0,0.8763955964889064,0.9309396759289278,0.8182893955174569
51017,normal,0.25,2,6,1.0,0.8193695771709245,0.9009226915987933,0.8324967109233695
51017,normal,0.25,3,6,1.0,0.8751600618408429,0.833839371489707,0.857424284331578
51017,normal,0.25,4,6,1.0,0.8103034605602398,0.7636120077250503,0.7754879722391863
51017,normal,0.25,5,6,1.0,0.8522740718991706,0.8959418428800073,0.8766378761460385
51017,normal,0.25,6,6,1.0,0.7988572652933176,0.8537555225624179,0.8138734082935255
51017,normal,0.25,7,6,1.0,0.8554970101161419,0.9171610139948395,0.8541638413857316
51017,normal,0.25,8,6,1.0,0.8900748532757935,0.8768909146450754,0.8196633802235861
51017,normal,0.25,9,6,1.0,0.8510726694517227,0.8896426115169505,0.831026735101361
51017,normal,0.25,10,6,1.0,0.8399599752951379,0.8804797837356263,0.8284153133189233
51017,normal,0.25,11,6,1.0,0.7292664865869068,0.7976417767270125,0.8007839564436126
51017,normal,0.5,0,12,1.0,0.8261615031668207,0.790957050242574,0.6831288344459082
51017,normal,0.5,1,12,1.0,0.837414307646776,0.7916747514356801,0.6365666792978886
51017,normal,0.5,2,12,1.0,0.8126416864958343,0.7547233240857197,0.7064937093974476
51017,normal,0.5,3,12,1.0,0.7784440440068068,0.7519433065439908,0.6706760008427451
51017,normal,0.5,4,12,0.5,0.7987515925095788,0.7554214319753159,0.6612472919410923
51017,normal,0.5,5,12,1.0,0.8095315330916746,0.8536863841586008,0.726879144521612
51017,normal,0.5,6,12,1.0,0.7963607372635606,0.7747192609729073,0.7057121694982231
51017,normal,0.5,7,12,0.5,0.7632310786492295,0.7081824541824925,0.6530813779648307
51017,normal,0.5,8,12,1.0,0.7090352344847823,0.7152702873253709,0.622212307620059
51017,normal,0.5,9,12,1.0,0.7185951813267226,0.6231535944150893,0.6876828538557738
51017,normal,0.5,10,12,1.0,0.7402242640904884,0.6930423163678415,0.6250560465403221
51017,normal,0.5,11,12,1.0,0.767441699431979,0.7473354008657658,0.7544723220696075
51017,normal,0.75,0,19,1.0,0.8074611749833024,0.703737325161098,0.620616325920692
51017,normal,0.75,1,19,0.5,0.7337238617057288,0.6545356333683872,0.5562515619289838
51017,normal,0.75,2,19,0.5,0.7868016722736947,0.7299897648249599,0.6349826961354331
51017,normal,0.75,3,19,0.5,0.7325684029392447,0.6149536324756025,0.592435840619324
51017,normal,0.75,4,19,0.5,0.7492583080099594,0.6804481647502272,0.6477615356219352
51017,normal,0.75,5,19,1.0,0.7785500514051849,0.6430215541249461,0.5751805563428508
51017,normal,0.75,6,19,1.0,0.8090490357639178,0.7215955893775593,0.6077375089102756
51017,normal,0.75,7,19,0.5,0.8316829680717565,0.7283746611007321,0.642864995410454
51017,normal,0.75,8,19,1.0,0.7815813268750601,0.6600122345570709,0.6435870931807979
51017,normal,0.75,9,19,0.5,0.7751256897864081,0.6651334074026013,0.6002584444096162
51017,normal,0.75,10,19,1.0,0.7868396672176204,0.6783055856730127,0.5808988760553288
51017,normal,0.75,11,19,0.5,0.7470717592808519,0.6304734496796736,0.5355488021492133
51017,normal,0.9,0,22,0.5,0.7714290190891044,0.6178419573570054,0.5810886764678233
51017,normal,0.9,1,22,0.5,0.7595889524226201,0.6546631011897674,0.5696067721734913
51017,normal,0.9,2,22,0.5,0.7653625831116322,0.6256553944755514,0.55738667003859
51017,normal,0.9,3,22,0.5,0.8097499508624532,0.6957800650367737,0.59457069584622
51017,normal,0.9,4,22,0.5,0.7882207397987362,0.6961167251760431,0.6036908485625883
51017,normal,0.9,5,22,0.5,0.7740066658047052,0.6357614670372276,0.5870442350728358
51017,normal,0.9,6,22,1.0,0.7920566962864445,0.6789085453534048,0.6128937910629054
51017,normal,0.9,7,22,0.5,0.7967560782178839,0.6487285722916453,0.5950126911036506
51017,normal,0.9,8,22,0.5,0.778697366953893,0.6635288549075895,0.6073186061288202
51017,normal,0.9,9,22,0.5,0.8178398253838064,0.7212772094536986,0.6296939045427737
51017,normal,0.9,10,22,0.5,0.7645480063837324,0.6425499900368298,0.5688884961485943
51017,normal,0.9,11,22,1.0,0.7793566893390019,0.6402913470759092,0.5731263406942463
51017,shuffled,0.0,0,0,1.0,0.9075595522582225,0.9458435435342853,1.0
51017,shuffled,0.0,1,0,1.0,0.9075595522582225,0.9458435435342853,1.0
51017,shuffled,0.0,2,0,1.0,0.9075595522582225,0.9458435435342853,1.0
51017,shuffled,0.0,3,0,1.0,0.9075595522582225,0.9458435435342853,1.0
51017,shuffled,0.0,4,0,1.0,0.9075595522582225,0.9458435435342853,1.0
51017,shuffled,0.0,5,0,1.0,0.9075595522582225,0.9458435435342853,1.0
51017,shuffled,0.0,6,0,1.0,0.9075595522582225,0.9458435435342853,1.0
51017,shuffled,0.0,7,0,1.0,0.9075595522582225,0.9458435435342853,1.0
51017,shuffled,0.0,8,0,1.0,0.9075595522582225,0.9458435435342853,1.0
51017,shuffled,0.0,9,0,1.0,0.9075595522582225,0.9458435435342853,1.0
51017,shuffled,0.0,10,0,1.0,0.9075595522582225,0.9458435435342853,1.0
51017,shuffled,0.0,11,0,1.0,0.9075595522582225,0.9458435435342853,1.0
51017,shuffled,0.25,0,6,1.0,0.8350447954736916,0.8730956249316171,0.8587990037306432
51017,shuffled,0.25,1,6,1.0,0.8439339943097253,0.8395435426333677,0.8554320206939985
51017,shuffled,0.25,2,6,1.0,0.8605216536339455,0.8551683985459015,0.8622758449059308
51017,shuffled,0.25,3,6,1.0,0.8387893594128586,0.8365399244860705,0.8422786172063175
51017,shuffled,0.25,4,6,1.0,0.8561456885845202,0.855387389929334,0.8371678261328163
51017,shuffled,0.25,5,6,1.0,0.8651539586339142,0.8969251858746179,0.8303160230051945
51017,shuffled,0.25,6,6,1.0,0.8614387622115086,0.9106455975573836,0.8621554096253077
51017,shuffled,0.25,7,6,1.0,0.8718366857997281,0.8589246131065933,0.8740400213665624
51017,shuffled,0.25,8,6,1.0,0.8685912890290336,0.9229935008456297,0.8625987068925641
51017,shuffled,0.25,9,6,0.5,0.8600121262606507,0.8326122915022803,0.8501335198179325
51017,shuffled,0.25,10,6,1.0,0.8588361515620214,0.8931351114919841,0.8169712950468276
51017,shuffled,0.25,11,6,1.0,0.8526869911811603,0.8814237794828955,0.8327786352953259
51017,shuffled,0.5,0,12,0.5,0.7981336549969587,0.7260027090135721,0.7282921825593738
51017,shuffled,0.5,1,12,1.0,0.7867249742090131,0.7547908813300361,0.7257742381672037
51017,shuffled,0.5,2,12,0.5,0.8097191804969113,0.7555483942171866,0.7225315300101081
51017,shuffled,0.5,3,12,1.0,0.7953724589686503,0.7401480020258898,0.6874118198696234
51017,shuffled,0.5,4,12,0.5,0.7593389187970603,0.6885222061414251,0.6990879183150036
51017,shuffled,0.5,5,12,1.0,0.7755934806991036,0.7429271060911913,0.7010893271940826
51017,shuffled,0.5,6,12,1.0,0.815763001410363,0.7962878659144613,0.764590978178421
51017,shuffled,0.5,7,12,0.5,0.812430054885319,0.7651608583965798,0.7092486339198294
51017,shuffled,0.5,8,12,1.0,0.8136269741607406,0.7886737874320656,0.7775845542837253
51017,shuffled,0.5,9,12,0.5,0.7835076792798881,0.7542887687319688,0.7350977273829158
51017,shuffled,0.5,10,12,1.0,0.8469452660032357,0.8723730775568999,0.7703928639954869
51017,shuffled,0.5,11,12,0.5,0.8256580772614632,0.8146290322229394,0.7715425556320006
51017,shuffled,0.75,0,19,1.0,0.805141008451742,0.7489342855249609,0.6485973392644037
51017,shuffled,0.75,1,19,1.0,0.7623194092764742,0.6829653293268074,0.6215036956306769
51017,shuffled,0.75,2,19,1.0,0.7494279082690892,0.6809006162882888,0.626840632674915
51017,shuffled,0.75,3,19,1.0,0.834582816352906,0.7789102569291793,0.6770748716660852
51017,shuffled,0.75,4,19,0.5,0.7914216049700125,0.6952607226660654,0.613230232707052
51017,shuffled,0.75,5,19,0.5,0.7867699892009261,0.7081135875900992,0.5964001013718448
51017,shuffled,0.75,6,19,1.0,0.8025589098340745,0.6814851866139068,0.6085033865928092
51017,shuffled,0.75,7,19,0.5,0.757526699368912,0.7051285025790375,0.6356468920613179
51017,shuffled,0.75,8,19,1.0,0.7635861979637045,0.6669521493869908,0.6357648184584089
51017,shuffled,0.75,9,19,1.0,0.8147919772235784,0.6913200464106031,0.5682706775297021
51017,shuffled,0.75,10,19,1.0,0.7838662081490897,0.7012703008318419,0.5720000500875826
51017,shuffled,0.75,11,19,0.5,0.7688254762831203,0.6516328085832729,0.5741801102520263
51017,shuffled,0.9,0,22,1.0,0.7848491988197764,0.6608977182820399,0.5425034462241419
51017,shuffled,0.9,1,22,1.0,0.7760450102647244,0.657352096433261,0.5930755012715034
51017,shuffled,0.9,2,22,0.5,0.7812532940555781,0.6581348440542972,0.5871068244299871
51017,shuffled,0.9,3,22,1.0,0.7559432514626423,0.6622615907238356,0.5584361202081345
51017,shuffled,0.9,4,22,0.5,0.7942888227682274,0.716147580020914,0.601684518420475
51017,shuffled,0.9,5,22,0.5,0.7701410797555457,0.6519086403114339,0.5755203659350463
51017,shuffled,0.9,6,22,1.0,0.7806930407480673,0.6663482202955122,0.6004244992562812
51017,shuffled,0.9,7,22,1.0,0.7634723890847686,0.6694601220369577,0.6078518013466213
51017,shuffled,0.9,8,22,1.0,0.7687298378182432,0.6666548383520837,0.5992562106619799
51017,shuffled,0.9,9,22,0.5,0.775353780218663,0.6554710049477401,0.602976933524132
51017,shuffled,0.9,10,22,1.0,0.7928429537878455,0.6697605165395315,0.5812096698925028
51017,shuffled,0.9,11,22,1.0,0.776084859768604,0.6595569390495488,0.5794517860375439
51017,dense,0.0,0,0,0.5,0.28747810195867834,0.2571650751031984,0.9999999999999999
51017,dense,0.0,1,0,0.5,0.28747810195867834,0.2571650751031984,0.9999999999999999
51017,dense,0.0,2,0,0.5,0.28747810195867834,0.2571650751031984,0.9999999999999999
51017,dense,0.0,3,0,0.5,0.28747810195867834,0.2571650751031984,0.9999999999999999
51017,dense,0.0,4,0,0.5,0.28747810195867834,0.2571650751031984,0.9999999999999999
51017,dense,0.0,5,0,0.5,0.28747810195867834,0.2571650751031984,0.9999999999999999
51017,dense,0.0,6,0,0.5,0.28747810195867834,0.2571650751031984,0.9999999999999999
51017,dense,0.0,7,0,0.5,0.28747810195867834,0.2571650751031984,0.9999999999999999
51017,dense,0.0,8,0,0.5,0.28747810195867834,0.2571650751031984,0.9999999999999999
51017,dense,0.0,9,0,0.5,0.28747810195867834,0.2571650751031984,0.9999999999999999
51017,dense,0.0,10,0,0.5,0.28747810195867834,0.2571650751031984,0.9999999999999999
51017,dense,0.0,11,0,0.5,0.28747810195867834,0.2571650751031984,0.9999999999999999
51017,dense,0.25,0,6,0.5,0.28747810195867834,0.2571650751031984,0.9999999999999999
51017,dense,0.25,1,6,0.5,0.28747810195867834,0.2571650751031984,0.9999999999999999
51017,dense,0.25,2,6,0.5,0.28747810195867834,0.2571650751031984,0.9999999999999999
51017,dense,0.25,3,6,0.5,0.28747810195867834,0.2571650751031984,0.9999999999999999
51017,dense,0.25,4,6,0.5,0.28747810195867834,0.2571650751031984,0.9999999999999999
51017,dense,0.25,5,6,0.5,0.28747810195867834,0.2571650751031984,0.9999999999999999
51017,dense,0.25,6,6,0.5,0.28747810195867834,0.2571650751031984,0.9999999999999999
51017,dense,0.25,7,6,0.5,0.28747810195867834,0.2571650751031984,0.9999999999999999
51017,dense,0.25,8,6,0.5,0.28747810195867834,0.2571650751031984,0.9999999999999999
51017,dense,0.25,9,6,0.5,0.28747810195867834,0.2571650751031984,0.9999999999999999
51017,dense,0.25,10,6,0.5,0.28747810195867834,0.2571650751031984,0.9999999999999999
51017,dense,0.25,11,6,0.5,0.28747810195867834,0.2571650751031984,0.9999999999999999
51017,dense,0.5,0,12,0.5,0.28747810195867834,0.2571650751031984,0.9999999999999999
51017,dense,0.5,1,12,0.5,0.28747810195867834,0.2571650751031984,0.9999999999999999
51017,dense,0.5,2,12,0.5,0.28747810195867834,0.2571650751031984,0.9999999999999999
51017,dense,0.5,3,12,0.5,0.28747810195867834,0.2571650751031984,0.9999999999999999
51017,dense,0.5,4,12,0.5,0.28747810195867834,0.2571650751031984,0.9999999999999999
51017,dense,0.5,5,12,0.5,0.28747810195867834,0.2571650751031984,0.9999999999999999
51017,dense,0.5,6,12,0.5,0.28747810195867834,0.2571650751031984,0.9999999999999999
51017,dense,0.5,7,12,0.5,0.28747810195867834,0.2571650751031984,0.9999999999999999
51017,dense,0.5,8,12,0.5,0.28747810195867834,0.2571650751031984,0.9999999999999999
51017,dense,0.5,9,12,0.5,0.28747810195867834,0.2571650751031984,0.9999999999999999
51017,dense,0.5,10,12,0.5,0.28747810195867834,0.2571650751031984,0.9999999999999999
51017,dense,0.5,11,12,0.5,0.28747810195867834,0.2571650751031984,0.9999999999999999
51017,dense,0.75,0,19,0.5,0.28747810195867834,0.2571650751031984,0.9999999999999999
51017,dense,0.75,1,19,0.5,0.28747810195867834,0.2571650751031984,0.9999999999999999
51017,dense,0.75,2,19,0.5,0.28747810195867834,0.2571650751031984,0.9999999999999999
51017,dense,0.75,3,19,0.5,0.28747810195867834,0.2571650751031984,0.9999999999999999
51017,dense,0.75,4,19,0.5,0.28747810195867834,0.2571650751031984,0.9999999999999999
51017,dense,0.75,5,19,0.5,0.28747810195867834,0.2571650751031984,0.9999999999999999
51017,dense,0.75,6,19,0.5,0.28747810195867834,0.2571650751031984,0.9999999999999999
51017,dense,0.75,7,19,0.5,0.28747810195867834,0.2571650751031984,0.9999999999999999
51017,dense,0.75,8,19,0.5,0.28747810195867834,0.2571650751031984,0.9999999999999999
51017,dense,0.75,9,19,0.5,0.28747810195867834,0.2571650751031984,0.9999999999999999
51017,dense,0.75,10,19,0.5,0.28747810195867834,0.2571650751031984,0.9999999999999999
51017,dense,0.75,11,19,0.5,0.28747810195867834,0.2571650751031984,0.9999999999999999
51017,dense,0.9,0,22,0.5,0.28747810195867834,0.2571650751031984,0.9999999999999999
51017,dense,0.9,1,22,0.5,0.28747810195867834,0.2571650751031984,0.9999999999999999
51017,dense,0.9,2,22,0.5,0.28747810195867834,0.2571650751031984,0.9999999999999999
51017,dense,0.9,3,22,0.5,0.28747810195867834,0.2571650751031984,0.9999999999999999
51017,dense,0.9,4,22,0.5,0.28747810195867834,0.2571650751031984,0.9999999999999999
51017,dense,0.9,5,22,0.5,0.28747810195867834,0.2571650751031984,0.9999999999999999
51017,dense,0.9,6,22,0.5,0.28747810195867834,0.2571650751031984,0.9999999999999999
51017,dense,0.9,7,22,0.5,0.28747810195867834,0.2571650751031984,0.9999999999999999
51017,dense,0.9,8,22,0.5,0.28747810195867834,0.2571650751031984,0.9999999999999999
51017,dense,0.9,9,22,0.5,0.28747810195867834,0.2571650751031984,0.9999999999999999
51017,dense,0.9,10,22,0.5,0.28747810195867834,0.2571650751031984,0.9999999999999999
51017,dense,0.9,11,22,0.5,0.28747810195867834,0.2571650751031984,0.9999999999999999
51017,identity,0.0,0,0,1.0,0.9782599772607287,0.9900567117182519,1.0
51017,identity,0.0,1,0,1.0,0.9782599772607287,0.9900567117182519,1.0
51017,identity,0.0,2,0,1.0,0.9782599772607287,0.9900567117182519,1.0
51017,identity,0.0,3,0,1.0,0.9782599772607287,0.9900567117182519,1.0
51017,identity,0.0,4,0,1.0,0.9782599772607287,0.9900567117182519,1.0
51017,identity,0.0,5,0,1.0,0.9782599772607287,0.9900567117182519,1.0
51017,identity,0.0,6,0,1.0,0.9782599772607287,0.9900567117182519,1.0
51017,identity,0.0,7,0,1.0,0.9782599772607287,0.9900567117182519,1.0
51017,identity,0.0,8,0,1.0,0.9782599772607287,0.9900567117182519,1.0
51017,identity,0.0,9,0,1.0,0.9782599772607287,0.9900567117182519,1.0
51017,identity,0.0,10,0,1.0,0.9782599772607287,0.9900567117182519,1.0
51017,identity,0.0,11,0,1.0,0.9782599772607287,0.9900567117182519,1.0
51017,identity,0.25,0,6,1.0,0.9817313818820836,0.9880010622334332,0.9520654402364527
51017,identity,0.25,1,6,1.0,0.9823674237946897,0.9842203249769795,0.9519889045728951
51017,identity,0.25,2,6,1.0,0.9823674213003454,0.9842203216272594,0.9519889045728951
51017,identity,0.25,3,6,1.0,0.976850367502406,0.9823964489093991,0.9503228123856883
51017,identity,0.25,4,6,1.0,0.9823674683839129,0.9842202778094641,0.9519889045728951
51017,identity,0.25,5,6,1.0,0.9823674226586974,0.9842203056018434,0.9519889045728951
51017,identity,0.25,6,6,1.0,0.9815472118463836,0.9687556548895047,0.9512704058195948
51017,identity,0.25,7,6,1.0,0.9823673344904954,0.9842203065387655,0.9519889045728951
51017,identity,0.25,8,6,1.0,0.9823673724955176,0.9842202859851497,0.9519889045728951
51017,identity,0.25,9,6,1.0,0.9817314016141196,0.9880010543653944,0.9520654402364527
51017,identity,0.25,10,6,1.0,0.9822046057459254,0.9880864110180378,0.9603964941011404
51017,identity,0.25,11,6,1.0,0.9817313924070739,0.9880010515257043,0.9520654402364527
51017,identity,0.5,0,12,1.0,0.9766347645085968,0.9022933143280212,0.9000747343331852
51017,identity,0.5,1,12,1.0,0.9760315679460189,0.9697884953873104,0.9088235877901208
51017,identity,0.5,2,12,1.0,0.9787504595391829,0.9606375256088379,0.9093353899784858
51017,identity,0.5,3,12,1.0,0.9766347220301174,0.9022931670511032,0.9000747343331852
51017,identity,0.5,4,12,1.0,0.9696209218293597,0.9613050658458978,0.9077485327575292
51017,identity,0.5,5,12,1.0,0.9789653118579671,0.9372457262591034,0.9092898125334699
51017,identity,0.5,6,12,1.0,0.975744775978941,0.8805636877042766,0.8991499143989228
51017,identity,0.5,7,12,1.0,0.9771485336625243,0.9336872694486767,0.9004133275112676
51017,identity,0.5,8,12,1.0,0.969783741534255,0.9574389253949437,0.8993409432292839
51017,identity,0.5,9,12,1.0,0.9787504479819326,0.9606374791820538,0.9093353899784858
51017,identity,0.5,10,12,1.0,0.9756745488760294,0.954418403154889,0.9001696749729462
51017,identity,0.5,11,12,1.0,0.9787504389393491,0.9606375222506556,0.9093353899784858
51017,identity,0.75,0,19,1.0,0.9586747659017198,0.8282414491056316,0.8321389157086707
51017,identity,0.75,1,19,1.0,0.9566414498599441,0.8290956181594912,0.8432927018281526
51017,identity,0.75,2,19,1.0,0.9553280512803967,0.8368483513606578,0.8429682583109707
51017,identity,0.75,3,19,1.0,0.9533657155728686,0.8220281432017977,0.8330784343765345
51017,identity,0.75,4,19,1.0,0.9599155139785301,0.8326935289576615,0.8428447374774217
51017,identity,0.75,5,19,1.0,0.9553279961545443,0.836848310691184,0.8429682583109707
51017,identity,0.75,6,19,1.0,0.9533656996559355,0.8220281116690726,0.8330784343765345
51017,identity,0.75,7,19,1.0,0.9566415113808172,0.829095599016489,0.8432927018281526
51017,identity,0.75,8,19,1.0,0.9566414696063759,0.8290955475727988,0.8432927018281526
51017,identity,0.75,9,19,1.0,0.9553280256100881,0.8368482739521075,0.8429682583109707
51017,identity,0.75,10,19,1.0,0.9599155163241154,0.8326936008824016,0.8428447374774217
51017,identity,0.75,11,19,1.0,0.9533657275113712,0.8220281168816662,0.8330784343765345
51017,identity,0.9,0,22,1.0,0.9531697759904769,0.8024246263496078,0.8113510526218684
51017,identity,0.9,1,22,1.0,0.9519939017233794,0.8132489573378546,0.811140684354717
51017,identity,0.9,2,22,1.0,0.950423946994981,0.8088462694300353,0.8120936991152422
51017,identity,0.9,3,22,1.0,0.9531697505577956,0.8024245573204903,0.8113510526218684
51017,identity,0.9,4,22,1.0,0.9504239148679038,0.8088461985405747,0.8120936991152422
51017,identity,0.9,5,22,1.0,0.9470361578101462,0.8040007326512962,0.8014585345955916
51017,identity,0.9,6,22,1.0,0.9504239235503992,0.8088461945561456,0.8120936991152422
51017,identity,0.9,7,22,1.0,0.9504239173200064,0.8088462825008544,0.8120936991152422
51017,identity,0.9,8,22,1.0,0.953169774265637,0.8024246033295063,0.8113510526218684
51017,identity,0.9,9,22,1.0,0.950423918284185,0.8088462344292207,0.8120936991152422
51017,identity,0.9,10,22,1.0,0.9531697563743486,0.8024245747119378,0.8113510526218684
51017,identity,0.9,11,22,1.0,0.9519939394426635,0.8132489586536796,0.811140684354717
51018,normal,0.0,0,0,1.0,0.9237716705825723,0.9516178468481687,1.0
51018,normal,0.0,1,0,1.0,0.9237716705825723,0.9516178468481687,1.0
51018,normal,0.0,2,0,1.0,0.9237716705825723,0.9516178468481687,1.0
51018,normal,0.0,3,0,1.0,0.9237716705825723,0.9516178468481687,1.0
51018,normal,0.0,4,0,1.0,0.9237716705825723,0.9516178468481687,1.0
51018,normal,0.0,5,0,1.0,0.9237716705825723,0.9516178468481687,1.0
51018,normal,0.0,6,0,1.0,0.9237716705825723,0.9516178468481687,1.0
51018,normal,0.0,7,0,1.0,0.9237716705825723,0.9516178468481687,1.0
51018,normal,0.0,8,0,1.0,0.9237716705825723,0.9516178468481687,1.0
51018,normal,0.0,9,0,1.0,0.9237716705825723,0.9516178468481687,1.0
51018,normal,0.0,10,0,1.0,0.9237716705825723,0.9516178468481687,1.0
51018,normal,0.0,11,0,1.0,0.9237716705825723,0.9516178468481687,1.0
51018,normal,0.25,0,6,1.0,0.86542355872159,0.8914593804170096,0.8653992343000589
51018,normal,0.25,1,6,1.0,0.856207201917988,0.9083219898271275,0.8247655343448048
51018,normal,0.25,2,6,1.0,0.8601759629654471,0.9236796019106527,0.8269022150225718
51018,normal,0.25,3,6,1.0,0.8626160962452382,0.9221534422519844,0.8179225604637235
51018,normal,0.25,4,6,1.0,0.8747464698237458,0.9165804734410341,0.8673037559385754
51018,normal,0.25,5,6,1.0,0.8653243669226681,0.9154938407839359,0.8456524290338535
51018,normal,0.25,6,6,1.0,0.8547752605470584,0.8920245039850947,0.8768659648577883
51018,normal,0.25,7,6,1.0,0.8717274040319214,0.909141622436597,0.8783428640649933
51018,normal,0.25,8,6,1.0,0.8228907051097447,0.8888198002424039,0.8508099964065329
51018,normal,0.25,9,6,1.0,0.866887054854699,0.9210326329803162,0.8060495625230599
51018,normal,0.25,10,6,1.0,0.8515508648725788,0.917986206751452,0.8405221688461931
51018,normal,0.25,11,6,1.0,0.8581299478731331,0.8938655084703647,0.8753763152677883
51018,normal,0.5,0,12,1.0,0.838000844773391,0.8371115892172692,0.7086648815178381
51018,normal,0.5,1,12,1.0,0.7964147030286561,0.7528988374452414,0.7255201148990801
51018,normal,0.5,2,12,1.0,0.8191380142969209,0.7971466608442467,0.7060919585021742
51018,normal,0.5,3,12,1.0,0.7864566492939342,0.7894517510719097,0.7102442881051232
51018,normal,0.5,4,12,1.0,0.7956541533869267,0.821458710585369,0.7262323831178132
51018,normal,0.5,5,12,1.0,0.7922608871244147,0.8254698700263012,0.735219647769296
51018,normal,0.5,6,12,1.0,0.8166815849125193,0.831458314610477,0.710147896865299
51018,normal,0.5,7,12,1.0,0.8231888717722261,0.8813258066853362,0.7486988651594885
51018,normal,0.5,8,12,1.0,0.8115139152708644,0.8038254205965236,0.7620364003486302
51018,normal,0.5,9,12,1.0,0.7839574111459576,0.8207212149964787,0.7171791776564106
51018,normal,0.5,10,12,1.0,0.819917739938492,0.8813169811586973,0.7333766818430186
51018,normal,0.5,11,12,1.0,0.8116032032052526,0.8617362823675103,0.7129913772663505
51018,normal,0.75,0,19,1.0,0.7810038234963876,0.7343098397962496,0.6115682514897602
51018,normal,0.75,1,19,1.0,0.8216525571083779,0.8572876913744958,0.6940986838618728
51018,normal,0.75,2,19,1.0,0.8145070054103504,0.7641618265124716,0.6539709072637797
51018,normal,0.75,3,19,1.0,0.8209685972800658,0.7693822098190006,0.6590232125972645
51018,normal,0.75,4,19,1.0,0.7880111670317278,0.7945146645961048,0.6144970184149624
51018,normal,0.75,5,19,1.0,0.756210990198684,0.7260828136734202,0.6499254960337342
51018,normal,0.75,6,19,1.0,0.797411915553202,0.7784659240087594,0.6668715153476819
51018,normal,0.75,7,19,1.0,0.7704346722011504,0.7395462356080084,0.6338549289914935
51018,normal,0.75,8,19,1.0,0.7338670611872093,0.6703697707292418,0.675864094902144
51018,normal,0.75,9,19,1.0,0.7976548306843354,0.8133519911648526,0.6405036239139534
51018,normal,0.75,10,19,1.0,0.7639287401200728,0.737320807523218,0.6537821199091283
51018,normal,0.75,11,19,1.0,0.7717307653890205,0.7325024052950537,0.6715280244972138
51018,normal,0.9,0,22,1.0,0.7791402579831942,0.7368217639826689,0.6639056918435554
51018,normal,0.9,1,22,1.0,0.7732392038097256,0.7484385862211863,0.6324827801567962
51018,normal,0.9,2,22,1.0,0.7577425100275217,0.6960480482243038,0.6245313116459208
51018,normal,0.9,3,22,1.0,0.7779302234905492,0.7114830640000785,0.639147687539367
51018,normal,0.9,4,22,1.0,0.7569154172691561,0.6916145778712669,0.6417179883390258
51018,normal,0.9,5,22,1.0,0.7913631010169554,0.7347934092778768,0.6384075690241524
51018,normal,0.9,6,22,0.5,0.7517205001829862,0.7340323976399717,0.6297276472467632
51018,normal,0.9,7,22,1.0,0.7873977987010964,0.7556546785811585,0.6634737471074013
51018,normal,0.9,8,22,1.0,0.7579681337111662,0.6710958287234763,0.6062476942884273
51018,normal,0.9,9,22,1.0,0.785105385023362,0.7495621708048025,0.6374376595485758
51018,normal,0.9,10,22,1.0,0.7944689113899592,0.7777687901451054,0.6556129912086384
51018,normal,0.9,11,22,1.0,0.7737573092553501,0.6975315891402053,0.6250532447527888
51018,shuffled,0.0,0,0,1.0,0.8938280435273875,0.9365783002824587,1.0
51018,shuffled,0.0,1,0,1.0,0.8938280435273875,0.9365783002824587,1.0
51018,shuffled,0.0,2,0,1.0,0.8938280435273875,0.9365783002824587,1.0
51018,shuffled,0.0,3,0,1.0,0.8938280435273875,0.9365783002824587,1.0
51018,shuffled,0.0,4,0,1.0,0.8938280435273875,0.9365783002824587,1.0
51018,shuffled,0.0,5,0,1.0,0.8938280435273875,0.9365783002824587,1.0
51018,shuffled,0.0,6,0,1.0,0.8938280435273875,0.9365783002824587,1.0
51018,shuffled,0.0,7,0,1.0,0.8938280435273875,0.9365783002824587,1.0
51018,shuffled,0.0,8,0,1.0,0.8938280435273875,0.9365783002824587,1.0
51018,shuffled,0.0,9,0,1.0,0.8938280435273875,0.9365783002824587,1.0
51018,shuffled,0.0,10,0,1.0,0.8938280435273875,0.9365783002824587,1.0
51018,shuffled,0.0,11,0,1.0,0.8938280435273875,0.9365783002824587,1.0
51018,shuffled,0.25,0,6,1.0,0.8398106879663917,0.9168990055799756,0.8409462571909425
51018,shuffled,0.25,1,6,1.0,0.851618443189351,0.9173290181287509,0.8332940317852171
51018,shuffled,0.25,2,6,1.0,0.8072068885497345,0.8924806006289905,0.7781561031328579
51018,shuffled,0.25,3,6,1.0,0.8248180377039341,0.8599674094080855,0.8058969896616344
51018,shuffled,0.25,4,6,1.0,0.8580853356810669,0.9228811004304421,0.8742966494857503
51018,shuffled,0.25,5,6,1.0,0.7998870280288825,0.865305726635776,0.8245671030458734
51018,shuffled,0.25,6,6,1.0,0.8141614275384391,0.8874505840490784,0.8724425209243105
51018,shuffled,0.25,7,6,1.0,0.804467386907061,0.858026930812552,0.8567938840811358
51018,shuffled,0.25,8,6,1.0,0.8134021455621259,0.883049183099941,0.8046684795622038
51018,shuffled,0.25,9,6,1.0,0.823905845762135,0.9121355298229554,0.8470558524557705
51018,shuffled,0.25,10,6,1.0,0.8672100260150443,0.9235446977117187,0.9080238248850396
51018,shuffled,0.25,11,6,1.0,0.8298525243835168,0.9087704268513883,0.7759076419624736
51018,shuffled,0.5,0,12,1.0,0.8128345286754646,0.8696987475179135,0.8123557867223445
51018,shuffled,0.5,1,12,1.0,0.8183360968770831,0.8718868398078717,0.7544335240922783
51018,shuffled,0.5,2,12,1.0,0.7982637273939287,0.8394661049796406,0.6518236122039939
51018,shuffled,0.5,3,12,1.0,0.7051717655371423,0.7248481266849461,0.6758681556925522
51018,shuffled,0.5,4,12,1.0,0.8307060393469929,0.8981484734676778,0.819260315485044
51018,shuffled,0.5,5,12,1.0,0.8137510353941175,0.8747969464942341,0.77772655914899
51018,shuffled,0.5,6,12,1.0,0.7975606424282424,0.8290098617035099,0.7554575926536637
51018,shuffled,0.5,7,12,1.0,0.7886689650043303,0.8566341345932962,0.7599082572801009
51018,shuffled,0.5,8,12,1.0,0.7912748585083565,0.855579143661995,0.7699054057095027
51018,shuffled,0.5,9,12,1.0,0.7659442762495857,0.8070822892063058,0.666992932020055
51018,shuffled,0.5,10,12,1.0,0.7838642085688157,0.8477522992445146,0.7320650793985014
51018,shuffled,0.5,11,12,1.0,0.8179822764070481,0.8605254230561371,0.7945666959895112
51018,shuffled,0.75,0,19,1.0,0.7921297630704222,0.7790454929860937,0.6744739565251209
51018,shuffled,0.75,1,19,1.0,0.7555752409726698,0.6962166265353297,0.649499108508422
51018,shuffled,0.75,2,19,1.0,0.8147715382368744,0.8196936739838767,0.7050370684632441
51018,shuffled,0.75,3,19,1.0,0.808754530737603,0.80801620410763,0.6971420630822331
51018,shuffled,0.75,4,19,1.0,0.8284467178134582,0.8647482695309432,0.7193735823871407
51018,shuffled,0.75,5,19,1.0,0.7829672712566171,0.8072098099693292,0.6654255565386478
51018,shuffled,0.75,6,19,1.0,0.7665708673597237,0.7470381773800315,0.612537567990237
51018,shuffled,0.75,7,19,1.0,0.7726656838453053,0.8159036996149266,0.673705532809127
51018,shuffled,0.75,8,19,1.0,0.7699985654157646,0.7665223075824966,0.6017408595801994
51018,shuffled,0.75,9,19,1.0,0.8033345531493004,0.8007175188069487,0.6762636324444387
51018,shuffled,0.75,10,19,1.0,0.7794610992869738,0.783240273292904,0.6839212411578686
51018,shuffled,0.75,11,19,1.0,0.7867154025759797,0.8095298429908433,0.6258623834412893
51018,shuffled,0.9,0,22,0.5,0.7698699002256575,0.6782253419387807,0.5644389644681053
51018,shuffled,0.9,1,22,0.5,0.7470760178289677,0.6432603138597751,0.5380506473612489
51018,shuffled,0.9,2,22,1.0,0.769244376570729,0.7374513065024764,0.6022693205983651
51018,shuffled,0.9,3,22,1.0,0.7915021805988404,0.7916976185885859,0.6459415714389034
51018,shuffled,0.9,4,22,1.0,0.8038031383314084,0.7568356249536095,0.5919878554868894
51018,shuffled,0.9,5,22,1.0,0.7731948702855178,0.7282369101375308,0.6022992213411219
51018,shuffled,0.9,6,22,1.0,0.803755578878372,0.7352893463165051,0.579722799961152
51018,shuffled,0.9,7,22,1.0,0.7980360160272343,0.7153087443972264,0.6533925962170797
51018,shuffled,0.9,8,22,1.0,0.7818381753154644,0.7682943687001875,0.5840337298827908
51018,shuffled,0.9,9,22,0.5,0.7244170827415712,0.6450612377620715,0.5850339282074587
51018,shuffled,0.9,10,22,1.0,0.7731948702855178,0.7282369101375308,0.6022992213411219
51018,shuffled,0.9,11,22,1.0,0.8174453469620662,0.8172235214371488,0.6485526741045023
51018,dense,0.0,0,0,0.5,0.32390993073752355,0.2923865307651031,0.9999999999999999
51018,dense,0.0,1,0,0.5,0.32390993073752355,0.2923865307651031,0.9999999999999999
51018,dense,0.0,2,0,0.5,0.32390993073752355,0.2923865307651031,0.9999999999999999
51018,dense,0.0,3,0,0.5,0.32390993073752355,0.2923865307651031,0.9999999999999999
51018,dense,0.0,4,0,0.5,0.32390993073752355,0.2923865307651031,0.9999999999999999
51018,dense,0.0,5,0,0.5,0.32390993073752355,0.2923865307651031,0.9999999999999999
51018,dense,0.0,6,0,0.5,0.32390993073752355,0.2923865307651031,0.9999999999999999
51018,dense,0.0,7,0,0.5,0.32390993073752355,0.2923865307651031,0.9999999999999999
51018,dense,0.0,8,0,0.5,0.32390993073752355,0.2923865307651031,0.9999999999999999
51018,dense,0.0,9,0,0.5,0.32390993073752355,0.2923865307651031,0.9999999999999999
51018,dense,0.0,10,0,0.5,0.32390993073752355,0.2923865307651031,0.9999999999999999
51018,dense,0.0,11,0,0.5,0.32390993073752355,0.2923865307651031,0.9999999999999999
51018,dense,0.25,0,6,0.5,0.32390993073752355,0.2923865307651031,0.9999999999999999
51018,dense,0.25,1,6,0.5,0.32390993073752355,0.2923865307651031,0.9999999999999999
51018,dense,0.25,2,6,0.5,0.32390993073752355,0.2923865307651031,0.9999999999999999
51018,dense,0.25,3,6,0.5,0.32390993073752355,0.2923865307651031,0.9999999999999999
51018,dense,0.25,4,6,0.5,0.32390993073752355,0.2923865307651031,0.9999999999999999
51018,dense,0.25,5,6,0.5,0.32390993073752355,0.2923865307651031,0.9999999999999999
51018,dense,0.25,6,6,0.5,0.32390993073752355,0.2923865307651031,0.9999999999999999
51018,dense,0.25,7,6,0.5,0.32390993073752355,0.2923865307651031,0.9999999999999999
51018,dense,0.25,8,6,0.5,0.32390993073752355,0.2923865307651031,0.9999999999999999
51018,dense,0.25,9,6,0.5,0.32390993073752355,0.2923865307651031,0.9999999999999999
51018,dense,0.25,10,6,0.5,0.32390993073752355,0.2923865307651031,0.9999999999999999
51018,dense,0.25,11,6,0.5,0.32390993073752355,0.2923865307651031,0.9999999999999999
51018,dense,0.5,0,12,0.5,0.32390993073752355,0.2923865307651031,0.9999999999999999
51018,dense,0.5,1,12,0.5,0.32390993073752355,0.2923865307651031,0.9999999999999999
51018,dense,0.5,2,12,0.5,0.32390993073752355,0.2923865307651031,0.9999999999999999
51018,dense,0.5,3,12,0.5,0.32390993073752355,0.2923865307651031,0.9999999999999999
51018,dense,0.5,4,12,0.5,0.32390993073752355,0.2923865307651031,0.9999999999999999
51018,dense,0.5,5,12,0.5,0.32390993073752355,0.2923865307651031,0.9999999999999999
51018,dense,0.5,6,12,0.5,0.32390993073752355,0.2923865307651031,0.9999999999999999
51018,dense,0.5,7,12,0.5,0.32390993073752355,0.2923865307651031,0.9999999999999999
51018,dense,0.5,8,12,0.5,0.32390993073752355,0.2923865307651031,0.9999999999999999
51018,dense,0.5,9,12,0.5,0.32390993073752355,0.2923865307651031,0.9999999999999999
51018,dense,0.5,10,12,0.5,0.32390993073752355,0.2923865307651031,0.9999999999999999
51018,dense,0.5,11,12,0.5,0.32390993073752355,0.2923865307651031,0.9999999999999999
51018,dense,0.75,0,19,0.5,0.32390993073752355,0.2923865307651031,0.9999999999999999
51018,dense,0.75,1,19,0.5,0.32390993073752355,0.2923865307651031,0.9999999999999999
51018,dense,0.75,2,19,0.5,0.32390993073752355,0.2923865307651031,0.9999999999999999
51018,dense,0.75,3,19,0.5,0.32390993073752355,0.2923865307651031,0.9999999999999999
51018,dense,0.75,4,19,0.5,0.32390993073752355,0.2923865307651031,0.9999999999999999
51018,dense,0.75,5,19,0.5,0.32390993073752355,0.2923865307651031,0.9999999999999999
51018,dense,0.75,6,19,0.5,0.32390993073752355,0.2923865307651031,0.9999999999999999
51018,dense,0.75,7,19,0.5,0.32390993073752355,0.2923865307651031,0.9999999999999999
51018,dense,0.75,8,19,0.5,0.32390993073752355,0.2923865307651031,0.9999999999999999
51018,dense,0.75,9,19,0.5,0.32390993073752355,0.2923865307651031,0.9999999999999999
51018,dense,0.75,10,19,0.5,0.32390993073752355,0.2923865307651031,0.9999999999999999
51018,dense,0.75,11,19,0.5,0.32390993073752355,0.2923865307651031,0.9999999999999999
51018,dense,0.9,0,22,0.5,0.32390993073752355,0.2923865307651031,0.9999999999999999
51018,dense,0.9,1,22,0.5,0.32390993073752355,0.2923865307651031,0.9999999999999999
51018,dense,0.9,2,22,0.5,0.32390993073752355,0.2923865307651031,0.9999999999999999
51018,dense,0.9,3,22,0.5,0.32390993073752355,0.2923865307651031,0.9999999999999999
51018,dense,0.9,4,22,0.5,0.32390993073752355,0.2923865307651031,0.9999999999999999
51018,dense,0.9,5,22,0.5,0.32390993073752355,0.2923865307651031,0.9999999999999999
51018,dense,0.9,6,22,0.5,0.32390993073752355,0.2923865307651031,0.9999999999999999
51018,dense,0.9,7,22,0.5,0.32390993073752355,0.2923865307651031,0.9999999999999999
51018,dense,0.9,8,22,0.5,0.32390993073752355,0.2923865307651031,0.9999999999999999
51018,dense,0.9,9,22,0.5,0.32390993073752355,0.2923865307651031,0.9999999999999999
51018,dense,0.9,10,22,0.5,0.32390993073752355,0.2923865307651031,0.9999999999999999
51018,dense,0.9,11,22,0.5,0.32390993073752355,0.2923865307651031,0.9999999999999999
51018,identity,0.0,0,0,1.0,0.9536340304933809,0.9623838633718163,1.0
51018,identity,0.0,1,0,1.0,0.9536340304933809,0.9623838633718163,1.0
51018,identity,0.0,2,0,1.0,0.9536340304933809,0.9623838633718163,1.0
51018,identity,0.0,3,0,1.0,0.9536340304933809,0.9623838633718163,1.0
51018,identity,0.0,4,0,1.0,0.9536340304933809,0.9623838633718163,1.0
51018,identity,0.0,5,0,1.0,0.9536340304933809,0.9623838633718163,1.0
51018,identity,0.0,6,0,1.0,0.9536340304933809,0.9623838633718163,1.0
51018,identity,0.0,7,0,1.0,0.9536340304933809,0.9623838633718163,1.0
51018,identity,0.0,8,0,1.0,0.9536340304933809,0.9623838633718163,1.0
51018,identity,0.0,9,0,1.0,0.9536340304933809,0.9623838633718163,1.0
51018,identity,0.0,10,0,1.0,0.9536340304933809,0.9623838633718163,1.0
51018,identity,0.0,11,0,1.0,0.9536340304933809,0.9623838633718163,1.0
51018,identity,0.25,0,6,1.0,0.9634638216946008,0.9594451860250658,0.9488841435868736
51018,identity,0.25,1,6,1.0,0.9632872518583969,0.9635526417077622,0.9504196454814268
51018,identity,0.25,2,6,1.0,0.9627926283507702,0.9636481092300684,0.9580955609104623
51018,identity,0.25,3,6,1.0,0.9632870733985287,0.9635525411155313,0.9504196454814268
51018,identity,0.25,4,6,1.0,0.9564624924397503,0.9622467578205164,0.960605549286542
51018,identity,0.25,5,6,1.0,0.9611618842491108,0.963927924541064,0.9514977010730001
51018,identity,0.25,6,6,1.0,0.9606118847110686,0.9640229502078467,0.9593680439424779
51018,identity,0.25,7,6,1.0,0.9611619927100566,0.9639279705129866,0.9514977010730001
51018,identity,0.25,8,6,1.0,0.9611620702888275,0.9639279888262192,0.9514977010730001
51018,identity,0.25,9,6,1.0,0.9635401801811629,0.9519680834999804,0.9468811732672815
51018,identity,0.25,10,6,1.0,0.9611621336454081,0.963928019542295,0.9514977010730001
51018,identity,0.25,11,6,1.0,0.960611760594858,0.9640229237270358,0.9593680439424779
51018,identity,0.5,0,12,1.0,0.961848773454588,0.9612155485356744,0.9087923701745844
51018,identity,0.5,1,12,1.0,0.962519918224326,0.9570126831114942,0.8995809528509957
51018,identity,0.5,2,12,1.0,0.9635406864970248,0.9578241246500334,0.9084000602148532
51018,identity,0.5,3,12,1.0,0.9635407045732641,0.9578240961239771,0.9084000602148532
51018,identity,0.5,4,12,1.0,0.9653550193659963,0.9386744103036747,0.905949260826257
51018,identity,0.5,5,12,1.0,0.9654487019350678,0.924255222979827,0.8957947599430071
51018,identity,0.5,6,12,1.0,0.9652949585949269,0.9245127031231709,0.9038745667402666
51018,identity,0.5,7,12,1.0,0.9618488638761856,0.9612156643398043,0.9087923701745844
51018,identity,0.5,8,12,1.0,0.9653550579225815,0.9386744222756167,0.905949260826257
51018,identity,0.5,9,12,1.0,0.9640668800008608,0.9502326485572681,0.8989022115743268
51018,identity,0.5,10,12,1.0,0.9649768599568641,0.9381793452296046,0.8976430415890286
51018,identity,0.5,11,12,1.0,0.9635407179972035,0.9578240998154942,0.9084000602148532
51018,identity,0.75,0,19,1.0,0.9587956014340943,0.9194329689296361,0.8417939077058628
51018,identity,0.75,1,19,1.0,0.9579350383422726,0.882034169853325,0.837231061044411
51018,identity,0.75,2,19,1.0,0.9596660336489187,0.9061367605275467,0.8410432336016086
51018,identity,0.75,3,19,1.0,0.9579350622860031,0.8820341918964797,0.837231061044411
51018,identity,0.75,4,19,1.0,0.9587955522011303,0.919432962394551,0.8417939077058627
51018,identity,0.75,5,19,1.0,0.957777071487457,0.8925919844916439,0.8300945070593879
51018,identity,0.75,6,19,1.0,0.9579641029266309,0.9051506706717879,0.8312614325559885
51018,identity,0.75,7,19,1.0,0.9596661031705206,0.9061368362504737,0.8410432336016086
51018,identity,0.75,8,19,1.0,0.9596660562029398,0.906136782353922,0.8410432336016086
51018,identity,0.75,9,19,1.0,0.9596659978914757,0.9061367856783352,0.8410432336016086
51018,identity,0.75,10,19,1.0,0.9596659922655932,0.9061368081283055,0.8410432336016086
51018,identity,0.75,11,19,1.0,0.9593032495194778,0.893550700087421,0.8395253733718836
51018,identity,0.9,0,22,1.0,0.9521347506718648,0.8664032242275969,0.8067908619448179
51018,identity,0.9,1,22,1.0,0.9534242391048882,0.8791964015640338,0.808907334447372
51018,identity,0.9,2,22,1.0,0.9521347675105953,0.8664032538021457,0.8067908619448179
51018,identity,0.9,3,22,1.0,0.9534242549214861,0.8791964859718447,0.808907334447372
51018,identity,0.9,4,22,1.0,0.9555906654315994,0.8909279440035658,0.8101462018882372
51018,identity,0.9,5,22,1.0,0.9534242941314794,0.8791965190298876,0.808907334447372
51018,identity,0.9,6,22,1.0,0.952134796987108,0.866403262900115,0.8067908619448179
51018,identity,0.9,7,22,1.0,0.9555906902127619,0.8909279315822161,0.8101462018882372
51018,identity,0.9,8,22,1.0,0.9504327602707974,0.8654170808067667,0.7970090608991977
51018,identity,0.9,9,22,1.0,0.9534242186737701,0.8791964087147872,0.808907334447372
51018,identity,0.9,10,22,1.0,0.9504327287528141,0.8654170651978649,0.7970090608991977
51018,identity,0.9,11,22,1.0,0.9521348101324669,0.8664032846634353,0.8067908619448179
51019,normal,0.0,0,0,1.0,0.9009922461158969,0.9420178838304072,1.0
51019,normal,0.0,1,0,1.0,0.9009922461158969,0.9420178838304072,1.0
51019,normal,0.0,2,0,1.0,0.9009922461158969,0.9420178838304072,1.0
51019,normal,0.0,3,0,1.0,0.9009922461158969,0.9420178838304072,1.0
51019,normal,0.0,4,0,1.0,0.9009922461158969,0.9420178838304072,1.0
51019,normal,0.0,5,0,1.0,0.9009922461158969,0.9420178838304072,1.0
51019,normal,0.0,6,0,1.0,0.9009922461158969,0.9420178838304072,1.0
51019,normal,0.0,7,0,1.0,0.9009922461158969,0.9420178838304072,1.0
51019,normal,0.0,8,0,1.0,0.9009922461158969,0.9420178838304072,1.0
51019,normal,0.0,9,0,1.0,0.9009922461158969,0.9420178838304072,1.0
51019,normal,0.0,10,0,1.0,0.9009922461158969,0.9420178838304072,1.0
51019,normal,0.0,11,0,1.0,0.9009922461158969,0.9420178838304072,1.0
51019,normal,0.25,0,6,1.0,0.8306684323199169,0.9136849243995837,0.8370248839539229
51019,normal,0.25,1,6,1.0,0.8233238280753348,0.8922020188924401,0.8722461992170883
51019,normal,0.25,2,6,1.0,0.7998695432793231,0.8731368120131648,0.8183695340649015
51019,normal,0.25,3,6,1.0,0.8149616713157816,0.9097937177847188,0.8063148974835247
51019,normal,0.25,4,6,1.0,0.8063200994301929,0.8949047617540241,0.8529939992853192
51019,normal,0.25,5,6,1.0,0.8438339655624085,0.9207954087405139,0.8571941252248874
51019,normal,0.25,6,6,1.0,0.8642976730503268,0.9166913042082839,0.8607879701866727
51019,normal,0.25,7,6,1.0,0.8132716490079552,0.8879715626871544,0.8488812628296573
51019,normal,0.25,8,6,1.0,0.8555732676781622,0.9167961429704131,0.8509215382181567
51019,normal,0.25,9,6,1.0,0.8137270155413258,0.8964495244968902,0.8534312262113736
51019,normal,0.25,10,6,1.0,0.8579830997068707,0.9233713358200001,0.8807520058200261
51019,normal,0.25,11,6,1.0,0.8104539346097321,0.8939523594925143,0.858848043842509
51019,normal,0.5,0,12,1.0,0.7695303159210342,0.8322758619277641,0.7377243911479096
51019,normal,0.5,1,12,1.0,0.7118271932253376,0.7450489773495294,0.6990498187390017
51019,normal,0.5,2,12,1.0,0.8000449804767759,0.863786531925341,0.7867735990909918
51019,normal,0.5,3,12,1.0,0.7766085806976,0.8315585884243384,0.7875293418166177
51019,normal,0.5,4,12,1.0,0.790970214295737,0.8501542931740932,0.7855924724547495
51019,normal,0.5,5,12,1.0,0.7792438185883457,0.8039886267279303,0.746172260851901
51019,normal,0.5,6,12,1.0,0.7896358921710367,0.8840446336526303,0.7255252844065747
51019,normal,0.5,7,12,1.0,0.8111412802665936,0.8912683225935899,0.7657133399576002
51019,normal,0.5,8,12,1.0,0.7975079793196052,0.8844504162143642,0.7937910757262475
51019,normal,0.5,9,12,1.0,0.7926446390776557,0.8517339940087265,0.7272210713578176
51019,normal,0.5,10,12,1.0,0.7809562872593186,0.8695735577325933,0.754679450500382
51019,normal,0.5,11,12,1.0,0.7611692692934359,0.8275936638732021,0.7636230945274223
51019,normal,0.75,0,19,0.5,0.7536492190558208,0.7472263978260105,0.6267769501094714
51019,normal,0.75,1,19,0.5,0.7637517194718115,0.7797394250298987,0.706887909174585
51019,normal,0.75,2,19,1.0,0.8123002202750379,0.8240419815310392,0.7158425925118095
51019,normal,0.75,3,19,1.0,0.7658767024970762,0.7973580260968949,0.6650869720952222
51019,normal,0.75,4,19,0.5,0.7346130620348099,0.7518741626692157,0.678121361757666
51019,normal,0.75,5,19,1.0,0.7923590392618349,0.795752091762258,0.7188578040771454
51019,normal,0.75,6,19,1.0,0.790762784065457,0.761635614807045,0.7009471870928057
51019,normal,0.75,7,19,1.0,0.7733179704215789,0.7575390474754659,0.6581181042506146
51019,normal,0.75,8,19,1.0,0.7958063873295849,0.8245770969478241,0.6722951681608085
51019,normal,0.75,9,19,1.0,0.7708218024406237,0.8172084941580221,0.686432886466706
51019,normal,0.75,10,19,1.0,0.7596114832267544,0.7695254826206116,0.689611976028608
51019,normal,0.75,11,19,1.0,0.7480068023611163,0.7399157647713007,0.6908155286428986
51019,normal,0.9,0,22,0.5,0.7910228597035939,0.7968776409299869,0.6716081548645318
51019,normal,0.9,1,22,1.0,0.7991303514462845,0.7964364862893433,0.653479860335815
51019,normal,0.9,2,22,0.5,0.7451805702722784,0.7257080700690196,0.6014847002137595
51019,normal,0.9,3,22,0.5,0.7530161797091881,0.7153378946090092,0.657696621167044
51019,normal,0.9,4,22,1.0,0.7559400557814235,0.76098600990314,0.6355436635369711
51019,normal,0.9,5,22,0.5,0.7225099808808403,0.7036784646704122,0.6215113071221999
51019,normal,0.9,6,22,1.0,0.7908624786464266,0.7109595055549278,0.662948947125332
51019,normal,0.9,7,22,0.5,0.7696787103012265,0.7169052379428339,0.6151354722433606
51019,normal,0.9,8,22,1.0,0.7842748966347252,0.7536979724209377,0.6320158125835704
51019,normal,0.9,9,22,0.5,0.7954439810134708,0.801577000817876,0.6498539455335071
51019,normal,0.9,10,22,1.0,0.7819192981284085,0.7912703394313596,0.6651918180345429
51019,normal,0.9,11,22,1.0,0.7527390939102587,0.7294585159938766,0.6235252135452433
51019,shuffled,0.0,0,0,1.0,0.8708391359219833,0.9331274034368817,1.0
51019,shuffled,0.0,1,0,1.0,0.8708391359219833,0.9331274034368817,1.0
51019,shuffled,0.0,2,0,1.0,0.8708391359219833,0.9331274034368817,1.0
51019,shuffled,0.0,3,0,1.0,0.8708391359219833,0.9331274034368817,1.0
51019,shuffled,0.0,4,0,1.0,0.8708391359219833,0.9331274034368817,1.0
51019,shuffled,0.0,5,0,1.0,0.8708391359219833,0.9331274034368817,1.0
51019,shuffled,0.0,6,0,1.0,0.8708391359219833,0.9331274034368817,1.0
51019,shuffled,0.0,7,0,1.0,0.8708391359219833,0.9331274034368817,1.0
51019,shuffled,0.0,8,0,1.0,0.8708391359219833,0.9331274034368817,1.0
51019,shuffled,0.0,9,0,1.0,0.8708391359219833,0.9331274034368817,1.0
51019,shuffled,0.0,10,0,1.0,0.8708391359219833,0.9331274034368817,1.0
51019,shuffled,0.0,11,0,1.0,0.8708391359219833,0.9331274034368817,1.0
51019,shuffled,0.25,0,6,1.0,0.869785842271405,0.9221445616321182,0.8875016922532757
51019,shuffled,0.25,1,6,1.0,0.7982878936484874,0.8107706411153779,0.8178070861346335
51019,shuffled,0.25,2,6,1.0,0.8126341970969763,0.9030462352094354,0.8577220648970727
51019,shuffled,0.25,3,6,1.0,0.792309606204229,0.8545227679914005,0.8460338009991807
51019,shuffled,0.25,4,6,1.0,0.8350633664564178,0.909841390396088,0.8965165844460082
51019,shuffled,0.25,5,6,1.0,0.801735603701144,0.8972046586950065,0.885380659670968
51019,shuffled,0.25,6,6,0.5,0.8402526584186115,0.890265579011125,0.8686274436893336
51019,shuffled,0.25,7,6,1.0,0.7943954851681538,0.8754787806107487,0.8681829562243027
51019,shuffled,0.25,8,6,0.5,0.8180855820523069,0.7967415403164846,0.8204321420470422
51019,shuffled,0.25,9,6,1.0,0.8175455459734782,0.8638366483435618,0.8639485946910207
51019,shuffled,0.25,10,6,1.0,0.8299030834792531,0.913847505924017,0.8237240286069307
51019,shuffled,0.25,11,6,1.0,0.8504034859516645,0.9146216181484818,0.8802415293534108
51019,shuffled,0.5,0,12,1.0,0.7442881344837561,0.7204120754239692,0.7607481971561109
51019,shuffled,0.5,1,12,1.0,0.7787493795599234,0.8020318797700134,0.7872910479204296
51019,shuffled,0.5,2,12,1.0,0.7868570048535715,0.8284849977011289,0.7204596284462526
51019,shuffled,0.5,3,12,1.0,0.7587511362997226,0.8179283257810593,0.7878968079540303
51019,shuffled,0.5,4,12,0.5,0.7769104712060211,0.7438789572598052,0.7485811816245282
51019,shuffled,0.5,5,12,0.5,0.8171028706206909,0.8446141223057757,0.7920945496281807
51019,shuffled,0.5,6,12,1.0,0.787162575699099,0.7950719367111931,0.7706161469181753
51019,shuffled,0.5,7,12,1.0,0.7969526779684659,0.8186109192175663,0.7754559465686093
51019,shuffled,0.5,8,12,1.0,0.7462977146227964,0.7170731090812561,0.7144380548299218
51019,shuffled,0.5,9,12,1.0,0.7296546729338957,0.7537517765925889,0.6992969785989751
51019,shuffled,0.5,10,12,1.0,0.8230205324028614,0.8383569565584961,0.7728216494547145
51019,shuffled,0.5,11,12,0.5,0.7636900732704093,0.7601061552900972,0.7586045570460186
51019,shuffled,0.75,0,19,0.5,0.7528772832564379,0.6717884313534374,0.7221964189450412
51019,shuffled,0.75,1,19,0.5,0.8037398657534244,0.7243838199976537,0.6778075256660473
51019,shuffled,0.75,2,19,0.5,0.7636185484486218,0.7297186741996563,0.735612902248032
51019,shuffled,0.75,3,19,0.5,0.7752551874133223,0.716533782252244,0.6747174310985866
51019,shuffled,0.75,4,19,0.5,0.7389162193776427,0.6637318938838304,0.6603773961897801
51019,shuffled,0.75,5,19,0.5,0.7637520939193552,0.6857035603249895,0.6525757242076743
51019,shuffled,0.75,6,19,0.5,0.7571147697142131,0.6607741969443198,0.6397959107512382
51019,shuffled,0.75,7,19,0.5,0.7432614680207122,0.7223736597067517,0.6878915836334424
51019,shuffled,0.75,8,19,0.5,0.7662185512759724,0.6784368196533773,0.6312900860527365
51019,shuffled,0.75,9,19,1.0,0.7226698036991506,0.6555952774732043,0.632862298948495
51019,shuffled,0.75,10,19,1.0,0.7859534058602705,0.7279981050945149,0.711550698254413
51019,shuffled,0.75,11,19,0.5,0.7564541336168914,0.7082958086233853,0.6887350327434306
51019,shuffled,0.9,0,22,0.5,0.7476212737325958,0.6623346048319363,0.681249968497963
51019,shuffled,0.9,1,22,0.5,0.7823579623448346,0.7297825345865782,0.68664754903917
51019,shuffled,0.9,2,22,0.5,0.7759240571486674,0.6709287073300406,0.6356760777765822
51019,shuffled,0.9,3,22,0.5,0.7853477742709793,0.687435838426779,0.6802799300006259
51019,shuffled,0.9,4,22,0.5,0.7973915351968769,0.7156394440709489,0.6599153033624302
51019,shuffled,0.9,5,22,0.5,0.7711955342244792,0.6919530293984741,0.6646098720405138
51019,shuffled,0.9,6,22,0.5,0.7652948460043199,0.6617513120464154,0.6513721025008924
51019,shuffled,0.9,7,22,1.0,0.7470661688959175,0.6306378501985958,0.6427623507278228
51019,shuffled,0.9,8,22,0.5,0.7281497531470243,0.6034203572913502,0.6213914084025938
51019,shuffled,0.9,9,22,0.5,0.7662740998599227,0.6841279243496337,0.6370697271464368
51019,shuffled,0.9,10,22,0.5,0.7960155990688362,0.7131557335504339,0.660848293857672
51019,shuffled,0.9,11,22,0.5,0.7461024297936375,0.6292427629831314,0.6410858176758072
51019,dense,0.0,0,0,0.5,0.2834727189168274,0.25222178492857217,0.9999999999999999
51019,dense,0.0,1,0,0.5,0.2834727189168274,0.25222178492857217,0.9999999999999999
51019,dense,0.0,2,0,0.5,0.2834727189168274,0.25222178492857217,0.9999999999999999
51019,dense,0.0,3,0,0.5,0.2834727189168274,0.25222178492857217,0.9999999999999999
51019,dense,0.0,4,0,0.5,0.2834727189168274,0.25222178492857217,0.9999999999999999
51019,dense,0.0,5,0,0.5,0.2834727189168274,0.25222178492857217,0.9999999999999999
51019,dense,0.0,6,0,0.5,0.2834727189168274,0.25222178492857217,0.9999999999999999
51019,dense,0.0,7,0,0.5,0.2834727189168274,0.25222178492857217,0.9999999999999999
51019,dense,0.0,8,0,0.5,0.2834727189168274,0.25222178492857217,0.9999999999999999
51019,dense,0.0,9,0,0.5,0.2834727189168274,0.25222178492857217,0.9999999999999999
51019,dense,0.0,10,0,0.5,0.2834727189168274,0.25222178492857217,0.9999999999999999
51019,dense,0.0,11,0,0.5,0.2834727189168274,0.25222178492857217,0.9999999999999999
51019,dense,0.25,0,6,0.5,0.2834727189168274,0.25222178492857217,0.9999999999999999
51019,dense,0.25,1,6,0.5,0.2834727189168274,0.25222178492857217,0.9999999999999999
51019,dense,0.25,2,6,0.5,0.2834727189168274,0.25222178492857217,0.9999999999999999
51019,dense,0.25,3,6,0.5,0.2834727189168274,0.25222178492857217,0.9999999999999999
51019,dense,0.25,4,6,0.5,0.2834727189168274,0.25222178492857217,0.9999999999999999
51019,dense,0.25,5,6,0.5,0.2834727189168274,0.25222178492857217,0.9999999999999999
51019,dense,0.25,6,6,0.5,0.2834727189168274,0.25222178492857217,0.9999999999999999
51019,dense,0.25,7,6,0.5,0.2834727189168274,0.25222178492857217,0.9999999999999999
51019,dense,0.25,8,6,0.5,0.2834727189168274,0.25222178492857217,0.9999999999999999
51019,dense,0.25,9,6,0.5,0.2834727189168274,0.25222178492857217,0.9999999999999999
51019,dense,0.25,10,6,0.5,0.2834727189168274,0.25222178492857217,0.9999999999999999
51019,dense,0.25,11,6,0.5,0.2834727189168274,0.25222178492857217,0.9999999999999999
51019,dense,0.5,0,12,0.5,0.2834727189168274,0.25222178492857217,0.9999999999999999
51019,dense,0.5,1,12,0.5,0.2834727189168274,0.25222178492857217,0.9999999999999999
51019,dense,0.5,2,12,0.5,0.2834727189168274,0.25222178492857217,0.9999999999999999
51019,dense,0.5,3,12,0.5,0.2834727189168274,0.25222178492857217,0.9999999999999999
51019,dense,0.5,4,12,0.5,0.2834727189168274,0.25222178492857217,0.9999999999999999
51019,dense,0.5,5,12,0.5,0.2834727189168274,0.25222178492857217,0.9999999999999999
51019,dense,0.5,6,12,0.5,0.2834727189168274,0.25222178492857217,0.9999999999999999
51019,dense,0.5,7,12,0.5,0.2834727189168274,0.25222178492857217,0.9999999999999999
51019,dense,0.5,8,12,0.5,0.2834727189168274,0.25222178492857217,0.9999999999999999
51019,dense,0.5,9,12,0.5,0.2834727189168274,0.25222178492857217,0.9999999999999999
51019,dense,0.5,10,12,0.5,0.2834727189168274,0.25222178492857217,0.9999999999999999
51019,dense,0.5,11,12,0.5,0.2834727189168274,0.25222178492857217,0.9999999999999999
51019,dense,0.75,0,19,0.5,0.2834727189168274,0.25222178492857217,0.9999999999999999
51019,dense,0.75,1,19,0.5,0.2834727189168274,0.25222178492857217,0.9999999999999999
51019,dense,0.75,2,19,0.5,0.2834727189168274,0.25222178492857217,0.9999999999999999
51019,dense,0.75,3,19,0.5,0.2834727189168274,0.25222178492857217,0.9999999999999999
51019,dense,0.75,4,19,0.5,0.2834727189168274,0.25222178492857217,0.9999999999999999
51019,dense,0.75,5,19,0.5,0.2834727189168274,0.25222178492857217,0.9999999999999999
51019,dense,0.75,6,19,0.5,0.2834727189168274,0.25222178492857217,0.9999999999999999
51019,dense,0.75,7,19,0.5,0.2834727189168274,0.25222178492857217,0.9999999999999999
51019,dense,0.75,8,19,0.5,0.2834727189168274,0.25222178492857217,0.9999999999999999
51019,dense,0.75,9,19,0.5,0.2834727189168274,0.25222178492857217,0.9999999999999999
51019,dense,0.75,10,19,0.5,0.2834727189168274,0.25222178492857217,0.9999999999999999
51019,dense,0.75,11,19,0.5,0.2834727189168274,0.25222178492857217,0.9999999999999999
51019,dense,0.9,0,22,0.5,0.2834727189168274,0.25222178492857217,0.9999999999999999
51019,dense,0.9,1,22,0.5,0.2834727189168274,0.25222178492857217,0.9999999999999999
51019,dense,0.9,2,22,0.5,0.2834727189168274,0.25222178492857217,0.9999999999999999
51019,dense,0.9,3,22,0.5,0.2834727189168274,0.25222178492857217,0.9999999999999999
51019,dense,0.9,4,22,0.5,0.2834727189168274,0.25222178492857217,0.9999999999999999
51019,dense,0.9,5,22,0.5,0.2834727189168274,0.25222178492857217,0.9999999999999999
51019,dense,0.9,6,22,0.5,0.2834727189168274,0.25222178492857217,0.9999999999999999
51019,dense,0.9,7,22,0.5,0.2834727189168274,0.25222178492857217,0.9999999999999999
51019,dense,0.9,8,22,0.5,0.2834727189168274,0.25222178492857217,0.9999999999999999
51019,dense,0.9,9,22,0.5,0.2834727189168274,0.25222178492857217,0.9999999999999999
51019,dense,0.9,10,22,0.5,0.2834727189168274,0.25222178492857217,0.9999999999999999
51019,dense,0.9,11,22,0.5,0.2834727189168274,0.25222178492857217,0.9999999999999999
51019,identity,0.0,0,0,1.0,0.9678939004552078,0.9849449365309974,1.0
51019,identity,0.0,1,0,1.0,0.9678939004552078,0.9849449365309974,1.0
51019,identity,0.0,2,0,1.0,0.9678939004552078,0.9849449365309974,1.0
51019,identity,0.0,3,0,1.0,0.9678939004552078,0.9849449365309974,1.0
51019,identity,0.0,4,0,1.0,0.9678939004552078,0.9849449365309974,1.0
51019,identity,0.0,5,0,1.0,0.9678939004552078,0.9849449365309974,1.0
51019,identity,0.0,6,0,1.0,0.9678939004552078,0.9849449365309974,1.0
51019,identity,0.0,7,0,1.0,0.9678939004552078,0.9849449365309974,1.0
51019,identity,0.0,8,0,1.0,0.9678939004552078,0.9849449365309974,1.0
51019,identity,0.0,9,0,1.0,0.9678939004552078,0.9849449365309974,1.0
51019,identity,0.0,10,0,1.0,0.9678939004552078,0.9849449365309974,1.0
51019,identity,0.0,11,0,1.0,0.9678939004552078,0.9849449365309974,1.0
51019,identity,0.25,0,6,1.0,0.9793398067417006,0.9872178005045076,0.9514814778260317
51019,identity,0.25,1,6,1.0,0.975958130099768,0.9858457169006547,0.9503408030429746
51019,identity,0.25,2,6,1.0,0.9793397007436008,0.9872177766349388,0.9514814778260317
51019,identity,0.25,3,6,1.0,0.9793397331493325,0.9872177681369176,0.9514814778260317
51019,identity,0.25,4,6,1.0,0.9720559336851976,0.9815286252734786,0.9490122622383739
51019,identity,0.25,5,6,1.0,0.9755834019004292,0.9869566324816779,0.9591903714023334
51019,identity,0.25,6,6,1.0,0.9759581626270805,0.985845722877934,0.9503408030429745
51019,identity,0.25,7,6,1.0,0.9786511754605052,0.9873751814081454,0.951569402184825
51019,identity,0.25,8,6,1.0,0.9775853443632369,0.9872476120886351,0.9511903673432823
51019,identity,0.25,9,6,1.0,0.9786512407600937,0.9873752129930468,0.951569402184825
51019,identity,0.25,10,6,1.0,0.9786511312733297,0.9873751726032703,0.951569402184825
51019,identity,0.25,11,6,1.0,0.9768649964680525,0.9872928006330031,0.9597812179708289
51019,identity,0.5,0,12,1.0,0.9791756713077622,0.9802031205887681,0.8989073797629854
51019,identity,0.5,1,12,1.0,0.9798049500992569,0.9834674216604442,0.9080393116529082
51019,identity,0.5,2,12,1.0,0.9806527986068286,0.9819630057336801,0.9078670813342902
51019,identity,0.5,3,12,1.0,0.9774065738029261,0.9802901218860098,0.8987838988352529
51019,identity,0.5,4,12,1.0,0.9791757851726635,0.9802032001062985,0.8989073797629854
51019,identity,0.5,5,12,1.0,0.976716829207894,0.9516909485110031,0.8973333241066831
51019,identity,0.5,6,12,1.0,0.9798050727999236,0.9834674409882375,0.9080393116529082
51019,identity,0.5,7,12,1.0,0.9796092011985514,0.9747688313842144,0.8984257495073962
51019,identity,0.5,8,12,1.0,0.973716805368447,0.9759663712202427,0.898053631649721
51019,identity,0.5,9,12,1.0,0.9791759475236519,0.9802032383016998,0.8989073797629854
51019,identity,0.5,10,12,1.0,0.9752655503475082,0.9517872519792461,0.9057741060142248
51019,identity,0.5,11,12,1.0,0.9774066206556161,0.9802901637574284,0.8987838988352529
51019,identity,0.75,0,19,1.0,0.9620932150949624,0.898259516047724,0.830184617513115
51019,identity,0.75,1,19,1.0,0.9607633691201738,0.901347842003299,0.830425559525869
51019,identity,0.75,2,19,1.0,0.9634041350447561,0.911351885810259,0.8407555071350634
51019,identity,0.75,3,19,1.0,0.965097440384407,0.9056939982732674,0.8401214049345955
51019,identity,0.75,4,19,1.0,0.963404201128627,0.9113517693380788,0.8407555071350634
51019,identity,0.75,5,19,1.0,0.9633420935976146,0.9339634394694127,0.8396025283074485
51019,identity,0.75,6,19,1.0,0.9634039840834363,0.9113517256629651,0.8407555071350634
51019,identity,0.75,7,19,1.0,0.9650972766060788,0.905693853099675,0.8401214049345955
51019,identity,0.75,8,19,1.0,0.9634041344687226,0.9113518332200833,0.8407555071350634
51019,identity,0.75,9,19,1.0,0.9639660125611185,0.9229854872583921,0.8405824510759925
51019,identity,0.75,10,19,1.0,0.9671374477352636,0.8995267119388579,0.8386763168664825
51019,identity,0.75,11,19,1.0,0.9639660537500064,0.9229853499212965,0.8405824510759925
51019,identity,0.9,0,22,1.0,0.9560207568083731,0.8752603750462444,0.8090931336684989
51019,identity,0.9,1,22,1.0,0.9536010322991041,0.8562550069272296,0.8084355609621631
51019,identity,0.9,2,22,1.0,0.9560208013498361,0.8752603718842638,0.8090931336684989
51019,identity,0.9,3,22,1.0,0.9536010261525176,0.8562550499753893,0.8084355609621631
51019,identity,0.9,4,22,1.0,0.9581774217675643,0.8766538002321628,0.8088297462909168
51019,identity,0.9,5,22,1.0,0.9581774732281484,0.8766537205145296,0.8088297462909168
51019,identity,0.9,6,22,1.0,0.9560207776854353,0.8752603583262898,0.8090931336684989
51019,identity,0.9,7,22,1.0,0.9590044911669087,0.8678562680017302,0.8076479845821531
51019,identity,0.9,8,22,1.0,0.9581774331680621,0.87665370599079,0.8088297462909168
51019,identity,0.9,9,22,1.0,0.958177469556367,0.8766538378461759,0.8088297462909168
51019,identity,0.9,10,22,1.0,0.9560207807744722,0.8752603459415313,0.8090931336684989
51019,identity,0.9,11,22,1.0,0.9581774900565599,0.8766538084069653,0.8088297462909168
51020,normal,0.0,0,0,1.0,0.9023116511713645,0.9451704358659466,1.0
51020,normal,0.0,1,0,1.0,0.9023116511713645,0.9451704358659466,1.0
51020,normal,0.0,2,0,1.0,0.9023116511713645,0.9451704358659466,1.0
51020,normal,0.0,3,0,1.0,0.9023116511713645,0.9451704358659466,1.0
51020,normal,0.0,4,0,1.0,0.9023116511713645,0.9451704358659466,1.0
51020,normal,0.0,5,0,1.0,0.9023116511713645,0.9451704358659466,1.0
51020,normal,0.0,6,0,1.0,0.9023116511713645,0.9451704358659466,1.0
51020,normal,0.0,7,0,1.0,0.9023116511713645,0.9451704358659466,1.0
51020,normal,0.0,8,0,1.0,0.9023116511713645,0.9451704358659466,1.0
51020,normal,0.0,9,0,1.0,0.9023116511713645,0.9451704358659466,1.0
51020,normal,0.0,10,0,1.0,0.9023116511713645,0.9451704358659466,1.0
51020,normal,0.0,11,0,1.0,0.9023116511713645,0.9451704358659466,1.0
51020,normal,0.25,0,6,1.0,0.8515202146078913,0.907121617386287,0.8405618568521828
51020,normal,0.25,1,6,1.0,0.8745656680663054,0.9350120621215673,0.8778251481533783
51020,normal,0.25,2,6,1.0,0.8716421312488406,0.924258640898327,0.885091949336983
51020,normal,0.25,3,6,1.0,0.870848400457874,0.9161300117330717,0.8867904575993386
51020,normal,0.25,4,6,1.0,0.8527016223717432,0.9024882640328166,0.9027496989477529
51020,normal,0.25,5,6,1.0,0.8387161283695522,0.9165686107455153,0.8339041768380059
51020,normal,0.25,6,6,1.0,0.8794921108125878,0.9338598761639944,0.8726841809385738
51020,normal,0.25,7,6,1.0,0.881949511692736,0.9341158892324265,0.8605462390197846
51020,normal,0.25,8,6,1.0,0.8430130086308946,0.9066078109509706,0.8673672332456122
51020,normal,0.25,9,6,1.0,0.8187370741286988,0.8839276347927005,0.8001382355446534
51020,normal,0.25,10,6,1.0,0.8752683211706729,0.9293575177522081,0.9127434122026996
51020,normal,0.25,11,6,1.0,0.8509904632473609,0.9078486133024225,0.8390766084520308
51020,normal,0.5,0,12,1.0,0.8378527981558191,0.919615555334795,0.8240324754302621
51020,normal,0.5,1,12,1.0,0.8456876446687407,0.9088759498999908,0.8316735845931856
51020,normal,0.5,2,12,1.0,0.8194249711002355,0.8726710614557376,0.8167655880184677
51020,normal,0.5,3,12,1.0,0.8335811924516827,0.8280417269457218,0.800569303682221
51020,normal,0.5,4,12,1.0,0.8400339895870128,0.9133123050206344,0.8671300177090123
51020,normal,0.5,5,12,1.0,0.8338919849292755,0.8869339204603978,0.8120605884812582
51020,normal,0.5,6,12,1.0,0.8311082135977579,0.8726722762360994,0.8209776740992613
51020,normal,0.5,7,12,1.0,0.8499443887666338,0.8728945623474261,0.8043481601102562
51020,normal,0.5,8,12,1.0,0.7882863326753803,0.8390022291078563,0.7866645162846598
51020,normal,0.5,9,12,1.0,0.818554589386651,0.8797390758548942,0.7781561870070035
51020,normal,0.5,10,12,1.0,0.8262675792033904,0.8637758235818231,0.7170251671266544
51020,normal,0.5,11,12,1.0,0.8286203658556256,0.8452295549570452,0.7566208833688401
51020,normal,0.75,0,19,1.0,0.7913460273311042,0.7973334269820398,0.7168801852193838
51020,normal,0.75,1,19,1.0,0.8249027934494729,0.8096048616973383,0.690748358189764
51020,normal,0.75,2,19,1.0,0.7812384933633677,0.7694381767500329,0.7523633796298913
51020,normal,0.75,3,19,0.5,0.7770328514901861,0.736838470174047,0.6802634167696539
51020,normal,0.75,4,19,1.0,0.8113034868916382,0.7758510920867527,0.6451783602197865
51020,normal,0.75,5,19,1.0,0.7893044066120951,0.7717820433008814,0.7373650062261285
51020,normal,0.75,6,19,1.0,0.8340767442131413,0.7997056885229152,0.7094103146798052
51020,normal,0.75,7,19,1.0,0.8144417686888685,0.8055580213844974,0.6716149002161445
51020,normal,0.75,8,19,1.0,0.8043972680733584,0.7988250982451877,0.7445694156460801
51020,normal,0.75,9,19,0.5,0.7813321659252968,0.7591569497515606,0.6471776043846218
51020,normal,0.75,10,19,1.0,0.8264600438159526,0.8320396825375843,0.7244272884401542
51020,normal,0.75,11,19,1.0,0.8451966060693169,0.8455481562191375,0.8044171433372665
51020,normal,0.9,0,22,1.0,0.818431907294393,0.7564717315697699,0.6857142122919013
51020,normal,0.9,1,22,1.0,0.7950225355426521,0.711052206153419,0.6797294385699382
51020,normal,0.9,2,22,1.0,0.8133364626472178,0.7862794057050094,0.6683606658277976
51020,normal,0.9,3,22,1.0,0.8036331343900264,0.7642666430720471,0.6602942728209201
51020,normal,0.9,4,22,1.0,0.8080717904786936,0.791803257395483,0.7080268101198033
51020,normal,0.9,5,22,1.0,0.7812158016039996,0.6843341495841117,0.6508165443044088
51020,normal,0.9,6,22,1.0,0.804077051275496,0.7871072016503833,0.7021149659014888
51020,normal,0.9,7,22,1.0,0.8063788504646804,0.7636764802542418,0.6850925069476925
51020,normal,0.9,8,22,1.0,0.7695750738870286,0.7182523043481246,0.6540179973821896
51020,normal,0.9,9,22,1.0,0.7849572748709969,0.7420354613692156,0.6753647076414082
51020,normal,0.9,10,22,1.0,0.7697742824350048,0.6973120189817889,0.6137754351557365
51020,normal,0.9,11,22,1.0,0.7927372363975742,0.71179367052726,0.6426907509766534
51020,shuffled,0.0,0,0,1.0,0.9004711586934242,0.9267131083487468,1.0
51020,shuffled,0.0,1,0,1.0,0.9004711586934242,0.9267131083487468,1.0
51020,shuffled,0.0,2,0,1.0,0.9004711586934242,0.9267131083487468,1.0
51020,shuffled,0.0,3,0,1.0,0.9004711586934242,0.9267131083487468,1.0
51020,shuffled,0.0,4,0,1.0,0.9004711586934242,0.9267131083487468,1.0
51020,shuffled,0.0,5,0,1.0,0.9004711586934242,0.9267131083487468,1.0
51020,shuffled,0.0,6,0,1.0,0.9004711586934242,0.9267131083487468,1.0
51020,shuffled,0.0,7,0,1.0,0.9004711586934242,0.9267131083487468,1.0
51020,shuffled,0.0,8,0,1.0,0.9004711586934242,0.9267131083487468,1.0
51020,shuffled,0.0,9,0,1.0,0.9004711586934242,0.9267131083487468,1.0
51020,shuffled,0.0,10,0,1.0,0.9004711586934242,0.9267131083487468,1.0
51020,shuffled,0.0,11,0,1.0,0.9004711586934242,0.9267131083487468,1.0
51020,shuffled,0.25,0,6,1.0,0.8113567452371444,0.870898590349218,0.7995417074436975
51020,shuffled,0.25,1,6,1.0,0.8083134314107496,0.8887121635249318,0.8349938738613486
51020,shuffled,0.25,2,6,1.0,0.8353129826364863,0.8908492879976037,0.842985299419184
51020,shuffled,0.25,3,6,1.0,0.8319188725300526,0.8930632999381518,0.8423416125656018
51020,shuffled,0.25,4,6,1.0,0.8190227380228743,0.8853768176683274,0.8301245725783075
51020,shuffled,0.25,5,6,1.0,0.8241196294952737,0.8954636596733317,0.8510182471244498
51020,shuffled,0.25,6,6,1.0,0.8346105991068157,0.8803127564254102,0.8295648633799817
51020,shuffled,0.25,7,6,1.0,0.8326536148833561,0.8357534675182982,0.8445363303815943
51020,shuffled,0.25,8,6,1.0,0.851145540370823,0.897315475809028,0.87330139382171
51020,shuffled,0.25,9,6,1.0,0.8518312387800634,0.9001482974391297,0.8643049417009442
51020,shuffled,0.25,10,6,1.0,0.8362428774954032,0.9025401638987208,0.8424464997044393
51020,shuffled,0.25,11,6,1.0,0.8503274071794097,0.9092777713903927,0.8406625465175562
51020,shuffled,0.5,0,12,1.0,0.8336543158036204,0.886893767171812,0.7940694043977627
51020,shuffled,0.5,1,12,1.0,0.8145899044699496,0.8415491962556274,0.7528397872724909
51020,shuffled,0.5,2,12,1.0,0.8521800476756104,0.8867384826415585,0.7902547254538337
51020,shuffled,0.5,3,12,1.0,0.8244199490501836,0.8627379278477502,0.7760462565929451
51020,shuffled,0.5,4,12,1.0,0.8059889942831157,0.8521907151240162,0.7543925976535959
51020,shuffled,0.5,5,12,1.0,0.839258747199767,0.875351730755045,0.7170369890051238
51020,shuffled,0.5,6,12,1.0,0.8466779246348753,0.8755134146988632,0.7819811469382099
51020,shuffled,0.5,7,12,1.0,0.8373310755888972,0.9019968296577552,0.7807842035844758
51020,shuffled,0.5,8,12,1.0,0.800453308803184,0.8624286671557067,0.8058875395796525
51020,shuffled,0.5,9,12,1.0,0.764005290767829,0.7869787410015627,0.6968180013311975
51020,shuffled,0.5,10,12,0.5,0.7912873026233737,0.8061199405838141,0.6947378775261874
51020,shuffled,0.5,11,12,1.0,0.8252647057310676,0.880802763042027,0.7371996487452299
51020,shuffled,0.75,0,19,1.0,0.7550686252871069,0.7683966027554638,0.6218026302607638
51020,shuffled,0.75,1,19,1.0,0.7543183696938438,0.793766466383093,0.6751525574443549
51020,shuffled,0.75,2,19,1.0,0.805411982797373,0.8148326195554373,0.7214169437684135
51020,shuffled,0.75,3,19,1.0,0.7511668119551855,0.719220774236294,0.6812326171058775
51020,shuffled,0.75,4,19,1.0,0.7948788541303026,0.7388413373926904,0.6730079604925442
51020,shuffled,0.75,5,19,1.0,0.7815351620150744,0.7570887525952543,0.6790780906334126
51020,shuffled,0.75,6,19,1.0,0.786048840995646,0.7363030148702597,0.6071165856555939
51020,shuffled,0.75,7,19,0.5,0.8106531607499116,0.8074352479898702,0.6967298408592129
51020,shuffled,0.75,8,19,1.0,0.771017129393528,0.7807939317106277,0.6769442970727282
51020,shuffled,0.75,9,19,1.0,0.8126602888383073,0.7651491457882862,0.6987084880718055
51020,shuffled,0.75,10,19,1.0,0.79159188193067,0.7368663947966776,0.6943096449584152
51020,shuffled,0.75,11,19,0.5,0.7660155027979292,0.7072876924953586,0.6555478989318588
51020,shuffled,0.9,0,22,1.0,0.8169448334096657,0.7645318266923488,0.6406726591227303
51020,shuffled,0.9,1,22,1.0,0.8059202676931838,0.7742346534768291,0.6216560511991763
51020,shuffled,0.9,2,22,0.5,0.8186806083782068,0.7498459030172319,0.6763261258343911
51020,shuffled,0.9,3,22,0.5,0.8166183769534502,0.7147317925976185,0.6302380588584019
51020,shuffled,0.9,4,22,1.0,0.7675757197627342,0.6792912498774978,0.6467446093730732
51020,shuffled,0.9,5,22,1.0,0.8056898528504162,0.7455948729496262,0.6635968063842712
51020,shuffled,0.9,6,22,1.0,0.8204288493255412,0.7402229370009499,0.6366456634627672
51020,shuffled,0.9,7,22,0.5,0.7709235514499094,0.724281817153069,0.5924912499429064
51020,shuffled,0.9,8,22,1.0,0.826921814812519,0.7896770253910946,0.6556895163133606
51020,shuffled,0.9,9,22,1.0,0.8106230324768947,0.7400138366213784,0.6498007901949664
51020,shuffled,0.9,10,22,1.0,0.8127946147227715,0.7482492747261008,0.6001061467283618
51020,shuffled,0.9,11,22,1.0,0.8317479110788127,0.8051817111165291,0.6452584279957547
51020,dense,0.0,0,0,0.5,0.3026768467621937,0.24583838293811258,0.9999999999999999
51020,dense,0.0,1,0,0.5,0.3026768467621937,0.24583838293811258,0.9999999999999999
51020,dense,0.0,2,0,0.5,0.3026768467621937,0.24583838293811258,0.9999999999999999
51020,dense,0.0,3,0,0.5,0.3026768467621937,0.24583838293811258,0.9999999999999999
51020,dense,0.0,4,0,0.5,0.3026768467621937,0.24583838293811258,0.9999999999999999
51020,dense,0.0,5,0,0.5,0.3026768467621937,0.24583838293811258,0.9999999999999999
51020,dense,0.0,6,0,0.5,0.3026768467621937,0.24583838293811258,0.9999999999999999
51020,dense,0.0,7,0,0.5,0.3026768467621937,0.24583838293811258,0.9999999999999999
51020,dense,0.0,8,0,0.5,0.3026768467621937,0.24583838293811258,0.9999999999999999
51020,dense,0.0,9,0,0.5,0.3026768467621937,0.24583838293811258,0.9999999999999999
51020,dense,0.0,10,0,0.5,0.3026768467621937,0.24583838293811258,0.9999999999999999
51020,dense,0.0,11,0,0.5,0.3026768467621937,0.24583838293811258,0.9999999999999999
51020,dense,0.25,0,6,0.5,0.3026768467621937,0.24583838293811258,0.9999999999999999
51020,dense,0.25,1,6,0.5,0.3026768467621937,0.24583838293811258,0.9999999999999999
51020,dense,0.25,2,6,0.5,0.3026768467621937,0.24583838293811258,0.9999999999999999
51020,dense,0.25,3,6,0.5,0.3026768467621937,0.24583838293811258,0.9999999999999999
51020,dense,0.25,4,6,0.5,0.3026768467621937,0.24583838293811258,0.9999999999999999
51020,dense,0.25,5,6,0.5,0.3026768467621937,0.24583838293811258,0.9999999999999999
51020,dense,0.25,6,6,0.5,0.3026768467621937,0.24583838293811258,0.9999999999999999
51020,dense,0.25,7,6,0.5,0.3026768467621937,0.24583838293811258,0.9999999999999999
51020,dense,0.25,8,6,0.5,0.3026768467621937,0.24583838293811258,0.9999999999999999
51020,dense,0.25,9,6,0.5,0.3026768467621937,0.24583838293811258,0.9999999999999999
51020,dense,0.25,10,6,0.5,0.3026768467621937,0.24583838293811258,0.9999999999999999
51020,dense,0.25,11,6,0.5,0.3026768467621937,0.24583838293811258,0.9999999999999999
51020,dense,0.5,0,12,0.5,0.3026768467621937,0.24583838293811258,0.9999999999999999
51020,dense,0.5,1,12,0.5,0.3026768467621937,0.24583838293811258,0.9999999999999999
51020,dense,0.5,2,12,0.5,0.3026768467621937,0.24583838293811258,0.9999999999999999
51020,dense,0.5,3,12,0.5,0.3026768467621937,0.24583838293811258,0.9999999999999999
51020,dense,0.5,4,12,0.5,0.3026768467621937,0.24583838293811258,0.9999999999999999
51020,dense,0.5,5,12,0.5,0.3026768467621937,0.24583838293811258,0.9999999999999999
51020,dense,0.5,6,12,0.5,0.3026768467621937,0.24583838293811258,0.9999999999999999
51020,dense,0.5,7,12,0.5,0.3026768467621937,0.24583838293811258,0.9999999999999999
51020,dense,0.5,8,12,0.5,0.3026768467621937,0.24583838293811258,0.9999999999999999
51020,dense,0.5,9,12,0.5,0.3026768467621937,0.24583838293811258,0.9999999999999999
51020,dense,0.5,10,12,0.5,0.3026768467621937,0.24583838293811258,0.9999999999999999
51020,dense,0.5,11,12,0.5,0.3026768467621937,0.24583838293811258,0.9999999999999999
51020,dense,0.75,0,19,0.5,0.3026768467621937,0.24583838293811258,0.9999999999999999
51020,dense,0.75,1,19,0.5,0.3026768467621937,0.24583838293811258,0.9999999999999999
51020,dense,0.75,2,19,0.5,0.3026768467621937,0.24583838293811258,0.9999999999999999
51020,dense,0.75,3,19,0.5,0.3026768467621937,0.24583838293811258,0.9999999999999999
51020,dense,0.75,4,19,0.5,0.3026768467621937,0.24583838293811258,0.9999999999999999
51020,dense,0.75,5,19,0.5,0.3026768467621937,0.24583838293811258,0.9999999999999999
51020,dense,0.75,6,19,0.5,0.3026768467621937,0.24583838293811258,0.9999999999999999
51020,dense,0.75,7,19,0.5,0.3026768467621937,0.24583838293811258,0.9999999999999999
51020,dense,0.75,8,19,0.5,0.3026768467621937,0.24583838293811258,0.9999999999999999
51020,dense,0.75,9,19,0.5,0.3026768467621937,0.24583838293811258,0.9999999999999999
51020,dense,0.75,10,19,0.5,0.3026768467621937,0.24583838293811258,0.9999999999999999
51020,dense,0.75,11,19,0.5,0.3026768467621937,0.24583838293811258,0.9999999999999999
51020,dense,0.9,0,22,0.5,0.3026768467621937,0.24583838293811258,0.9999999999999999
51020,dense,0.9,1,22,0.5,0.3026768467621937,0.24583838293811258,0.9999999999999999
51020,dense,0.9,2,22,0.5,0.3026768467621937,0.24583838293811258,0.9999999999999999
51020,dense,0.9,3,22,0.5,0.3026768467621937,0.24583838293811258,0.9999999999999999
51020,dense,0.9,4,22,0.5,0.3026768467621937,0.24583838293811258,0.9999999999999999
51020,dense,0.9,5,22,0.5,0.3026768467621937,0.24583838293811258,0.9999999999999999
51020,dense,0.9,6,22,0.5,0.3026768467621937,0.24583838293811258,0.9999999999999999
51020,dense,0.9,7,22,0.5,0.3026768467621937,0.24583838293811258,0.9999999999999999
51020,dense,0.9,8,22,0.5,0.3026768467621937,0.24583838293811258,0.9999999999999999
51020,dense,0.9,9,22,0.5,0.3026768467621937,0.24583838293811258,0.9999999999999999
51020,dense,0.9,10,22,0.5,0.3026768467621937,0.24583838293811258,0.9999999999999999
51020,dense,0.9,11,22,0.5,0.3026768467621937,0.24583838293811258,0.9999999999999999
51020,identity,0.0,0,0,1.0,0.9279524352200768,0.9499335255120352,1.0
51020,identity,0.0,1,0,1.0,0.9279524352200768,0.9499335255120352,1.0
51020,identity,0.0,2,0,1.0,0.9279524352200768,0.9499335255120352,1.0
51020,identity,0.0,3,0,1.0,0.9279524352200768,0.9499335255120352,1.0
51020,identity,0.0,4,0,1.0,0.9279524352200768,0.9499335255120352,1.0
51020,identity,0.0,5,0,1.0,0.9279524352200768,0.9499335255120352,1.0
51020,identity,0.0,6,0,1.0,0.9279524352200768,0.9499335255120352,1.0
51020,identity,0.0,7,0,1.0,0.9279524352200768,0.9499335255120352,1.0
51020,identity,0.0,8,0,1.0,0.9279524352200768,0.9499335255120352,1.0
51020,identity,0.0,9,0,1.0,0.9279524352200768,0.9499335255120352,1.0
51020,identity,0.0,10,0,1.0,0.9279524352200768,0.9499335255120352,1.0
51020,identity,0.0,11,0,1.0,0.9279524352200768,0.9499335255120352,1.0
51020,identity,0.25,0,6,1.0,0.9447955514786162,0.9555883218321891,0.9612560978005118
51020,identity,0.25,1,6,1.0,0.948971349045795,0.9570465251095922,0.9532424808163401
51020,identity,0.25,2,6,1.0,0.9489714428513993,0.9570465591524999,0.9532424808163401
51020,identity,0.25,3,6,1.0,0.9457686778578238,0.9558413654242544,0.9530750154013424
51020,identity,0.25,4,6,1.0,0.9407612423449245,0.9536270459709444,0.9524715957099468
51020,identity,0.25,5,6,1.0,0.9489713203741701,0.9570465107713205,0.9532424808163401
51020,identity,0.25,6,6,1.0,0.9457686941947611,0.9558413733474431,0.9530750154013424
51020,identity,0.25,7,6,1.0,0.9489713739001143,0.9570465327901019,0.9532424808163401
51020,identity,0.25,8,6,1.0,0.9447956303365698,0.955588347220314,0.9612560978005118
51020,identity,0.25,9,6,1.0,0.9496285959975513,0.9572884082892681,0.9529760793180337
51020,identity,0.25,10,6,1.0,0.9457686623032606,0.9558413576797702,0.9530750154013424
51020,identity,0.25,11,6,1.0,0.9489713372507304,0.9570465251405054,0.9532424808163401
51020,identity,0.5,0,12,1.0,0.9546973641575949,0.9573174685414174,0.911277950194308
51020,identity,0.5,1,12,1.0,0.9544663071690703,0.9549615360662029,0.9023299565760836
51020,identity,0.5,2,12,1.0,0.9544662656496676,0.9549615212074879,0.9023299565760836
51020,identity,0.5,3,12,1.0,0.9572756303580772,0.9592877901681285,0.9112251259197212
51020,identity,0.5,4,12,1.0,0.9516772434842893,0.9540211605363622,0.9107968082877858
51020,identity,0.5,5,12,1.0,0.9567244866300277,0.9579923604656031,0.9025551011705722
51020,identity,0.5,6,12,1.0,0.954697385117788,0.9573174845768778,0.9112779501943079
51020,identity,0.5,7,12,1.0,0.9585268215235219,0.9601800610990893,0.910638442045778
51020,identity,0.5,8,12,1.0,0.9572755981982094,0.9592877867143672,0.9112251259197212
51020,identity,0.5,9,12,1.0,0.9581644783744041,0.9595784662618715,0.9022231125136743
51020,identity,0.5,10,12,1.0,0.9572839926433931,0.9597983602428046,0.9095120166401355
51020,identity,0.5,11,12,1.0,0.9572756052757557,0.9592877908059116,0.9112251259197212
51020,identity,0.75,0,19,1.0,0.9538820488923991,0.9505172710920387,0.8463909949729075
51020,identity,0.75,1,19,1.0,0.9532980892323007,0.9432930103678888,0.8468155733723696
51020,identity,0.75,2,19,1.0,0.9533039965169269,0.9322602879883003,0.8465042249241912
51020,identity,0.75,3,19,1.0,0.9532980493039708,0.9432930101872371,0.8468155733723696
51020,identity,0.75,4,19,1.0,0.9538820554206134,0.9505172823217238,0.8463909949729075
51020,identity,0.75,5,19,1.0,0.9538820493889872,0.9505172811696387,0.8463909949729075
51020,identity,0.75,6,19,1.0,0.953298091875904,0.9432929983346677,0.8468155733723696
51020,identity,0.75,7,19,1.0,0.9533039729362157,0.9322602265282224,0.8465042249241912
51020,identity,0.75,8,19,1.0,0.9525128979692156,0.9494266209823142,0.8359752591764724
51020,identity,0.75,9,19,1.0,0.9532981184132521,0.9432930533768679,0.8468155733723696
51020,identity,0.75,10,19,1.0,0.9533040355331525,0.9322602818171205,0.8465042249241912
51020,identity,0.75,11,19,1.0,0.9518980855044193,0.9206947332003134,0.8454560505282879
51020,identity,0.9,0,22,1.0,0.9494935309554435,0.9193996028395854,0.8164943864945183
51020,identity,0.9,1,22,1.0,0.9485725299505599,0.9183600663125823,0.8155334133195967
51020,identity,0.9,2,22,1.0,0.9494935304442843,0.9193996172433303,0.8164943864945183
51020,identity,0.9,3,22,1.0,0.9485725639766877,0.9183600874900075,0.8155334133195967
51020,identity,0.9,4,22,1.0,0.9498000672443581,0.930003174474976,0.8164343328987986
51020,identity,0.9,5,22,1.0,0.9471851337247615,0.9024206507315666,0.8179324308413419
51020,identity,0.9,6,22,1.0,0.9494935166079997,0.9193995940445366,0.8164943864945183
51020,identity,0.9,7,22,1.0,0.9494935255774815,0.9193996176800664,0.8164943864945183
51020,identity,0.9,8,22,1.0,0.9498000685186386,0.9300031816953113,0.8164343328987986
51020,identity,0.9,9,22,1.0,0.9471851149379392,0.9024206463698237,0.8179324308413419
51020,identity,0.9,10,22,1.0,0.9494935029761732,0.9193995994992459,0.8164943864945183
51020,identity,0.9,11,22,1.0,0.9494935309186787,0.919399601995235,0.8164943864945183
