rule,seed,capacity,plasticity_label,ae_validation_mse,clean_pair_accuracy,degraded_pair_accuracy,collision_rate,recruitment_fraction,fraction_spatial,fraction_cue-general,fraction_cue-specific,fraction_mixed,fraction_neutral
base,53001,1,Instructive-driven,4.324848479342336e-09,1.0,1.0,0.0,0.04,0.62,0.0,0.0,0.16,0.22
base,53001,2,Instructive-driven,4.324848479342336e-09,1.0,0.875,0.0,0.06,0.68,0.0,0.0,0.26,0.06
base,53001,3,Instructive-driven,4.324848479342336e-09,1.0,0.9166666666666666,0.0,0.1,0.94,0.0,0.0,0.06,0.0
base,53001,4,Instructive-driven,4.324848479342336e-09,1.0,0.5625,0.0,0.1,0.86,0.0,0.0,0.14,0.0
base,53001,5,Instructive-driven,4.324848479342336e-09,1.0,0.3,0.0,0.12,0.9,0.0,0.0,0.1,0.0
base,53001,6,Instructive-driven,4.324848479342336e-09,1.0,0.25,0.0,0.14,0.88,0.0,0.0,0.12,0.0
base,53001,7,Instructive-driven,4.324848479342336e-09,0.8571428571428571,0.17857142857142858,0.0,0.16,0.9,0.0,0.0,0.1,0.0
base,53001,8,Instructive-driven,4.324848479342336e-09,0.75,0.15625,0.0,0.18,0.88,0.0,0.0,0.12,0.0
base,53001,9,Instructive-driven,4.324848479342336e-09,0.7777777777777778,0.08333333333333333,0.0,0.2,0.88,0.0,0.0,0.12,0.0
base,53001,10,Instructive-driven,4.324848479342336e-09,0.9,0.275,0.0,0.22,0.88,0.0,0.0,0.12,0.0
base,53001,11,Instructive-driven,4.324848479342336e-09,0.7272727272727273,0.2727272727272727,0.0,0.24,0.88,0.0,0.0,0.12,0.0
base,53001,12,Instructive-driven,4.324848479342336e-09,0.5,0.14583333333333334,0.0,0.26,0.88,0.0,0.0,0.12,0.0
base,53001,13,Instructive-driven,4.324848479342336e-09,0.6153846153846154,0.25,0.0,0.28,0.86,0.0,0.0,0.14,0.0
base,53001,14,Instructive-driven,4.324848479342336e-09,0.5714285714285714,0.23214285714285715,0.0,0.28,0.88,0.0,0.0,0.12,0.0
base,53001,15,Instructive-driven,4.324848479342336e-09,0.5333333333333333,0.18333333333333332,0.06666666666666665,0.28,0.88,0.0,0.0,0.12,0.0
base,53001,16,Instructive-driven,4.324848479342336e-09,0.625,0.21875,0.0625,0.3,0.86,0.0,0.0,0.14,0.0
base,53001,17,Instructive-driven,4.324848479342336e-09,0.5882352941176471,0.2647058823529412,0.11764705882352944,0.3,0.86,0.0,0.0,0.12,0.02
base,53001,18,Instructive-driven,4.324848479342336e-09,0.5,0.1388888888888889,0.16666666666666663,0.3,0.86,0.0,0.0,0.12,0.02
base,53001,19,Instructive-driven,4.324848479342336e-09,0.6842105263157895,0.10526315789473684,0.1578947368421053,0.32,0.86,0.0,0.0,0.14,0.0
base,53001,20,Instructive-driven,4.324848479342336e-09,0.8,0.1625,0.19999999999999996,0.32,0.86,0.0,0.0,0.12,0.02
base,53001,21,Instructive-driven,4.324848479342336e-09,0.7142857142857143,0.19047619047619047,0.23809523809523814,0.32,0.86,0.0,0.0,0.12,0.02
base,53001,22,Instructive-driven,4.324848479342336e-09,0.45454545454545453,0.09090909090909091,0.2727272727272727,0.32,0.86,0.0,0.0,0.14,0.0
base,53001,23,Instructive-driven,4.324848479342336e-09,0.43478260869565216,0.08695652173913043,0.30434782608695654,0.32,0.86,0.0,0.0,0.14,0.0
base,53001,24,Instructive-driven,4.324848479342336e-09,0.625,0.14583333333333334,0.33333333333333337,0.32,0.86,0.0,0.0,0.12,0.02
base,53001,25,Instructive-driven,4.324848479342336e-09,0.48,0.09,0.31999999999999995,0.34,0.86,0.0,0.0,0.12,0.02
base,53001,26,Instructive-driven,4.324848479342336e-09,0.46153846153846156,0.125,0.3076923076923077,0.34,0.86,0.0,0.0,0.12,0.02
base,53001,27,Instructive-driven,4.324848479342336e-09,0.48148148148148145,0.1111111111111111,0.2962962962962963,0.36,0.86,0.0,0.0,0.14,0.0
base,53001,28,Instructive-driven,4.324848479342336e-09,0.2857142857142857,0.14285714285714285,0.3214285714285714,0.36,0.86,0.0,0.0,0.14,0.0
base,53001,29,Instructive-driven,4.324848479342336e-09,0.41379310344827586,0.14655172413793102,0.3448275862068966,0.36,0.86,0.0,0.0,0.14,0.0
base,53001,30,Instructive-driven,4.324848479342336e-09,0.3333333333333333,0.15,0.3666666666666667,0.36,0.86,0.0,0.0,0.14,0.0
base,53001,31,Instructive-driven,4.324848479342336e-09,0.3225806451612903,0.08870967741935484,0.3548387096774194,0.38,0.86,0.0,0.0,0.14,0.0
base,53001,32,Instructive-driven,4.324848479342336e-09,0.34375,0.125,0.375,0.38,0.86,0.0,0.0,0.14,0.0
base,53001,33,Instructive-driven,4.324848479342336e-09,0.3333333333333333,0.15151515151515152,0.3939393939393939,0.38,0.86,0.0,0.0,0.14,0.0
base,53001,34,Instructive-driven,4.324848479342336e-09,0.5294117647058824,0.19117647058823528,0.4117647058823529,0.38,0.86,0.0,0.0,0.14,0.0
base,53001,35,Instructive-driven,4.324848479342336e-09,0.3142857142857143,0.09285714285714286,0.4285714285714286,0.38,0.86,0.0,0.0,0.14,0.0
base,53001,36,Instructive-driven,4.324848479342336e-09,0.2777777777777778,0.0763888888888889,0.4444444444444444,0.38,0.86,0.0,0.0,0.14,0.0
base,53001,37,Instructive-driven,4.324848479342336e-09,0.43243243243243246,0.16891891891891891,0.45945945945945943,0.38,0.86,0.0,0.0,0.14,0.0
base,53001,38,Instructive-driven,4.324848479342336e-09,0.3157894736842105,0.11842105263157894,0.4736842105263158,0.38,0.86,0.0,0.0,0.14,0.0
base,53001,39,Instructive-driven,4.324848479342336e-09,0.41025641025641024,0.1282051282051282,0.4871794871794872,0.38,0.86,0.0,0.0,0.12,0.02
base,53001,40,Instructive-driven,4.324848479342336e-09,0.15,0.0625,0.5,0.38,0.86,0.0,0.0,0.14,0.0
base,53001,41,Instructive-driven,4.324848479342336e-09,0.36585365853658536,0.15853658536585366,0.5121951219512195,0.38,0.86,0.0,0.0,0.14,0.0
base,53001,42,Instructive-driven,4.324848479342336e-09,0.3333333333333333,0.1130952380952381,0.5238095238095238,0.38,0.86,0.0,0.0,0.12,0.02
base,53001,43,Instructive-driven,4.324848479342336e-09,0.4186046511627907,0.1511627906976744,0.5348837209302326,0.38,0.86,0.0,0.0,0.12,0.02
base,53001,44,Instructive-driven,4.324848479342336e-09,0.38636363636363635,0.09659090909090909,0.5227272727272727,0.4,0.86,0.0,0.0,0.12,0.02
base,53001,45,Instructive-driven,4.324848479342336e-09,0.37777777777777777,0.11666666666666667,0.5333333333333333,0.4,0.86,0.0,0.0,0.14,0.0
base,53001,46,Instructive-driven,4.324848479342336e-09,0.41304347826086957,0.11413043478260869,0.5217391304347826,0.42,0.86,0.0,0.0,0.14,0.0
base,53001,47,Instructive-driven,4.324848479342336e-09,0.3191489361702128,0.09042553191489362,0.5319148936170213,0.42,0.86,0.0,0.0,0.14,0.0
base,53001,48,Instructive-driven,4.324848479342336e-09,0.375,0.13020833333333334,0.5416666666666667,0.42,0.88,0.0,0.0,0.12,0.0
base,53001,49,Instructive-driven,4.324848479342336e-09,0.24489795918367346,0.05612244897959184,0.5510204081632653,0.42,0.86,0.0,0.0,0.14,0.0
base,53001,50,Instructive-driven,4.324848479342336e-09,0.14,0.07,0.56,0.42,0.86,0.0,0.0,0.14,0.0
base,53001,51,Instructive-driven,4.324848479342336e-09,0.29411764705882354,0.12254901960784313,0.5686274509803921,0.42,0.86,0.0,0.0,0.14,0.0
base,53001,52,Instructive-driven,4.324848479342336e-09,0.28846153846153844,0.09134615384615384,0.5769230769230769,0.42,0.86,0.0,0.0,0.14,0.0
base,53001,53,Instructive-driven,4.324848479342336e-09,0.18867924528301888,0.08490566037735849,0.5849056603773585,0.42,0.86,0.0,0.0,0.14,0.0
base,53001,54,Instructive-driven,4.324848479342336e-09,0.24074074074074073,0.1388888888888889,0.5925925925925926,0.42,0.86,0.0,0.0,0.14,0.0
base,53001,55,Instructive-driven,4.324848479342336e-09,0.4727272727272727,0.13636363636363635,0.6,0.42,0.86,0.0,0.0,0.12,0.02
base,53001,56,Instructive-driven,4.324848479342336e-09,0.30357142857142855,0.08928571428571429,0.6071428571428572,0.42,0.86,0.0,0.0,0.14,0.0
base,53001,57,Instructive-driven,4.324848479342336e-09,0.2982456140350877,0.07456140350877193,0.6140350877192983,0.42,0.86,0.0,0.0,0.14,0.0
base,53001,58,Instructive-driven,4.324848479342336e-09,0.1724137931034483,0.0603448275862069,0.6206896551724138,0.42,0.86,0.0,0.0,0.12,0.02
base,53001,59,Instructive-driven,4.324848479342336e-09,0.2033898305084746,0.08050847457627118,0.6271186440677966,0.42,0.86,0.0,0.0,0.14,0.0
base,53001,60,Instructive-driven,4.324848479342336e-09,0.26666666666666666,0.10416666666666667,0.6333333333333333,0.42,0.88,0.0,0.0,0.12,0.0
base,53001,61,Instructive-driven,4.324848479342336e-09,0.39344262295081966,0.16393442622950818,0.639344262295082,0.42,0.88,0.0,0.0,0.12,0.0
base,53001,62,Instructive-driven,4.324848479342336e-09,0.27419354838709675,0.12096774193548387,0.6451612903225806,0.42,0.88,0.0,0.0,0.12,0.0
base,53001,63,Instructive-driven,4.324848479342336e-09,0.2698412698412698,0.1111111111111111,0.6507936507936508,0.42,0.88,0.0,0.0,0.12,0.0
base,53001,64,Instructive-driven,4.324848479342336e-09,0.359375,0.15234375,0.640625,0.42,0.88,0.0,0.0,0.12,0.0
base,53001,65,Instructive-driven,4.324848479342336e-09,0.3076923076923077,0.11923076923076924,0.6461538461538461,0.42,0.88,0.0,0.0,0.12,0.0
base,53001,66,Instructive-driven,4.324848479342336e-09,0.21212121212121213,0.07575757575757576,0.6515151515151515,0.42,0.86,0.0,0.0,0.14,0.0
base,53001,67,Instructive-driven,4.324848479342336e-09,0.26865671641791045,0.08955223880597014,0.6567164179104478,0.42,0.86,0.0,0.0,0.14,0.0
base,53001,68,Instructive-driven,4.324848479342336e-09,0.16176470588235295,0.05514705882352941,0.6617647058823529,0.42,0.86,0.0,0.0,0.14,0.0
base,53001,69,Instructive-driven,4.324848479342336e-09,0.18840579710144928,0.06159420289855073,0.6666666666666667,0.42,0.86,0.0,0.0,0.14,0.0
base,53001,70,Instructive-driven,4.324848479342336e-09,0.17142857142857143,0.060714285714285714,0.6714285714285715,0.42,0.86,0.0,0.0,0.14,0.0
base,53001,71,Instructive-driven,4.324848479342336e-09,0.18309859154929578,0.06338028169014084,0.676056338028169,0.42,0.86,0.0,0.0,0.14,0.0
base,53001,72,Instructive-driven,4.324848479342336e-09,0.1527777777777778,0.052083333333333336,0.6805555555555556,0.42,0.86,0.0,0.0,0.14,0.0
base,53001,73,Instructive-driven,4.324848479342336e-09,0.136986301369863,0.06164383561643835,0.6849315068493151,0.42,0.86,0.0,0.0,0.14,0.0
base,53001,74,Instructive-driven,4.324848479342336e-09,0.0945945945945946,0.04054054054054054,0.6891891891891893,0.42,0.86,0.0,0.0,0.14,0.0
base,53001,75,Instructive-driven,4.324848479342336e-09,0.08,0.02,0.6933333333333334,0.42,0.86,0.0,0.0,0.14,0.0
base,53001,76,Instructive-driven,4.324848479342336e-09,0.07894736842105263,0.019736842105263157,0.6973684210526316,0.42,0.86,0.0,0.0,0.14,0.0
base,53001,77,Instructive-driven,4.324848479342336e-09,0.1038961038961039,0.025974025974025976,0.7012987012987013,0.42,0.86,0.0,0.0,0.14,0.0
base,53001,78,Instructive-driven,4.324848479342336e-09,0.08974358974358974,0.022435897435897436,0.7051282051282051,0.42,0.86,0.0,0.0,0.14,0.0
base,53001,79,Instructive-driven,4.324848479342336e-09,0.06329113924050633,0.0189873417721519,0.7088607594936709,0.42,0.86,0.0,0.0,0.14,0.0
base,53001,80,Instructive-driven,4.324848479342336e-09,0.0625,0.01875,0.7125,0.42,0.86,0.0,0.0,0.14,0.0
base,53001,81,Instructive-driven,4.324848479342336e-09,0.06172839506172839,0.018518518518518517,0.7160493827160495,0.42,0.86,0.0,0.0,0.14,0.0
base,53001,82,Instructive-driven,4.324848479342336e-09,0.06097560975609756,0.018292682926829267,0.7195121951219512,0.42,0.86,0.0,0.0,0.14,0.0
base,53001,83,Instructive-driven,4.324848479342336e-09,0.060240963855421686,0.018072289156626505,0.7228915662650602,0.42,0.86,0.0,0.0,0.14,0.0
base,53001,84,Instructive-driven,4.324848479342336e-09,0.05952380952380952,0.017857142857142856,0.7261904761904762,0.42,0.86,0.0,0.0,0.14,0.0
base,53001,85,Instructive-driven,4.324848479342336e-09,0.058823529411764705,0.01764705882352941,0.7294117647058824,0.42,0.86,0.0,0.0,0.14,0.0
base,53001,86,Instructive-driven,4.324848479342336e-09,0.05813953488372093,0.01744186046511628,0.7325581395348837,0.42,0.86,0.0,0.0,0.14,0.0
base,53001,87,Instructive-driven,4.324848479342336e-09,0.05747126436781609,0.017241379310344827,0.735632183908046,0.42,0.86,0.0,0.0,0.14,0.0
base,53001,88,Instructive-driven,4.324848479342336e-09,0.056818181818181816,0.022727272727272728,0.7272727272727273,0.44,0.86,0.0,0.0,0.14,0.0
base,53001,89,Instructive-driven,4.324848479342336e-09,0.06741573033707865,0.025280898876404494,0.7303370786516854,0.44,0.84,0.0,0.0,0.16,0.0
base,53001,90,Instructive-driven,4.324848479342336e-09,0.06666666666666667,0.025,0.7333333333333334,0.44,0.84,0.0,0.0,0.16,0.0
base,53002,1,Instructive-driven,4.053712387985797e-08,1.0,1.0,0.0,0.04,0.64,0.0,0.0,0.16,0.2
base,53002,2,Instructive-driven,4.053712387985797e-08,1.0,0.875,0.0,0.06,0.88,0.0,0.0,0.02,0.1
base,53002,3,Instructive-driven,4.053712387985797e-08,1.0,0.5833333333333334,0.0,0.08,0.92,0.0,0.0,0.02,0.06
base,53002,4,Instructive-driven,4.053712387985797e-08,1.0,0.375,0.25,0.08,0.9,0.0,0.0,0.06,0.04
base,53002,5,Instructive-driven,4.053712387985797e-08,1.0,0.4,0.19999999999999996,0.1,0.92,0.0,0.0,0.06,0.02
base,53002,6,Instructive-driven,4.053712387985797e-08,1.0,0.25,0.16666666666666663,0.14,0.9,0.0,0.0,0.08,0.02
base,53002,7,Instructive-driven,4.053712387985797e-08,1.0,0.32142857142857145,0.2857142857142857,0.14,0.92,0.0,0.0,0.06,0.02
base,53002,8,Instructive-driven,4.053712387985797e-08,0.75,0.1875,0.25,0.14,0.9,0.0,0.0,0.1,0.0
base,53002,9,Instructive-driven,4.053712387985797e-08,0.7777777777777778,0.4166666666666667,0.33333333333333337,0.14,0.88,0.0,0.0,0.12,0.0
base,53002,10,Instructive-driven,4.053712387985797e-08,0.8,0.45,0.30000000000000004,0.16,0.86,0.0,0.0,0.14,0.0
base,53002,11,Instructive-driven,4.053712387985797e-08,0.6363636363636364,0.18181818181818182,0.36363636363636365,0.16,0.86,0.0,0.0,0.14,0.0
base,53002,12,Instructive-driven,4.053712387985797e-08,0.5833333333333334,0.1875,0.41666666666666663,0.16,0.86,0.0,0.0,0.12,0.02
base,53002,13,Instructive-driven,4.053712387985797e-08,0.46153846153846156,0.21153846153846154,0.46153846153846156,0.16,0.88,0.0,0.0,0.12,0.0
base,53002,14,Instructive-driven,4.053712387985797e-08,0.5,0.2857142857142857,0.5,0.16,0.86,0.0,0.0,0.14,0.0
base,53002,15,Instructive-driven,4.053712387985797e-08,0.6,0.25,0.5333333333333333,0.16,0.86,0.0,0.0,0.14,0.0
base,53002,16,Instructive-driven,4.053712387985797e-08,0.4375,0.21875,0.5625,0.16,0.86,0.0,0.0,0.14,0.0
base,53002,17,Instructive-driven,4.053712387985797e-08,0.5882352941176471,0.29411764705882354,0.5294117647058824,0.16,0.88,0.0,0.0,0.12,0.0
base,53002,18,Instructive-driven,4.053712387985797e-08,0.6666666666666666,0.2777777777777778,0.5,0.16,0.88,0.0,0.0,0.12,0.0
base,53002,19,Instructive-driven,4.053712387985797e-08,0.7368421052631579,0.21052631578947367,0.5263157894736843,0.16,0.86,0.0,0.0,0.14,0.0
base,53002,20,Instructive-driven,4.053712387985797e-08,0.75,0.275,0.55,0.16,0.88,0.0,0.0,0.12,0.0
base,53002,21,Instructive-driven,4.053712387985797e-08,0.8571428571428571,0.27380952380952384,0.5714285714285714,0.16,0.86,0.0,0.0,0.14,0.0
base,53002,22,Instructive-driven,4.053712387985797e-08,0.8181818181818182,0.32954545454545453,0.5909090909090908,0.16,0.86,0.0,0.0,0.14,0.0
base,53002,23,Instructive-driven,4.053712387985797e-08,0.6086956521739131,0.32608695652173914,0.6086956521739131,0.16,0.86,0.0,0.0,0.14,0.0
base,53002,24,Instructive-driven,4.053712387985797e-08,0.20833333333333334,0.09375,0.625,0.16,0.86,0.0,0.0,0.14,0.0
base,53002,25,Instructive-driven,4.053712387985797e-08,0.32,0.07,0.6,0.18,0.88,0.0,0.0,0.12,0.0
base,53002,26,Instructive-driven,4.053712387985797e-08,0.3076923076923077,0.0673076923076923,0.6153846153846154,0.18,0.86,0.0,0.0,0.14,0.0
base,53002,27,Instructive-driven,4.053712387985797e-08,0.2962962962962963,0.05555555555555555,0.6296296296296297,0.18,0.86,0.0,0.0,0.14,0.0
base,53002,28,Instructive-driven,4.053712387985797e-08,0.5,0.09821428571428571,0.6428571428571428,0.18,0.88,0.0,0.0,0.12,0.0
base,53002,29,Instructive-driven,4.053712387985797e-08,0.3103448275862069,0.13793103448275862,0.6206896551724138,0.2,0.86,0.0,0.0,0.12,0.02
base,53002,30,Instructive-driven,4.053712387985797e-08,0.26666666666666666,0.11666666666666667,0.6333333333333333,0.2,0.86,0.0,0.0,0.12,0.02
base,53002,31,Instructive-driven,4.053712387985797e-08,0.3870967741935484,0.10483870967741936,0.6451612903225806,0.2,0.86,0.0,0.0,0.14,0.0
base,53002,32,Instructive-driven,4.053712387985797e-08,0.4375,0.1015625,0.65625,0.2,0.88,0.0,0.0,0.12,0.0
base,53002,33,Instructive-driven,4.053712387985797e-08,0.42424242424242425,0.09848484848484848,0.6666666666666667,0.2,0.88,0.0,0.0,0.12,0.0
base,53002,34,Instructive-driven,4.053712387985797e-08,0.2647058823529412,0.058823529411764705,0.6764705882352942,0.2,0.86,0.0,0.0,0.14,0.0
base,53002,35,Instructive-driven,4.053712387985797e-08,0.3142857142857143,0.08571428571428572,0.6857142857142857,0.2,0.86,0.0,0.0,0.14,0.0
base,53002,36,Instructive-driven,4.053712387985797e-08,0.3888888888888889,0.0763888888888889,0.6666666666666667,0.22,0.88,0.0,0.0,0.1,0.02
base,53002,37,Instructive-driven,4.053712387985797e-08,0.35135135135135137,0.08108108108108109,0.6756756756756757,0.22,0.84,0.0,0.0,0.16,0.0
base,53002,38,Instructive-driven,4.053712387985797e-08,0.23684210526315788,0.06578947368421052,0.6842105263157895,0.22,0.86,0.0,0.0,0.14,0.0
base,53002,39,Instructive-driven,4.053712387985797e-08,0.2564102564102564,0.08333333333333333,0.6923076923076923,0.22,0.84,0.0,0.0,0.16,0.0
base,53002,40,Instructive-driven,4.053712387985797e-08,0.35,0.0875,0.7,0.22,0.84,0.0,0.0,0.16,0.0
base,53002,41,Instructive-driven,4.053712387985797e-08,0.17073170731707318,0.07926829268292683,0.7073170731707317,0.22,0.86,0.0,0.0,0.14,0.0
base,53002,42,Instructive-driven,4.053712387985797e-08,0.16666666666666666,0.05357142857142857,0.7142857142857143,0.22,0.84,0.0,0.0,0.16,0.0
base,53002,43,Instructive-driven,4.053712387985797e-08,0.32558139534883723,0.0755813953488372,0.7209302325581395,0.22,0.82,0.0,0.0,0.18,0.0
base,53002,44,Instructive-driven,4.053712387985797e-08,0.2727272727272727,0.07386363636363637,0.7045454545454546,0.22,0.84,0.0,0.0,0.16,0.0
base,53002,45,Instructive-driven,4.053712387985797e-08,0.24444444444444444,0.08888888888888889,0.7111111111111111,0.22,0.84,0.0,0.0,0.16,0.0
base,53002,46,Instructive-driven,4.053712387985797e-08,0.2826086956521739,0.10869565217391304,0.7173913043478262,0.22,0.86,0.0,0.0,0.14,0.0
base,53002,47,Instructive-driven,4.053712387985797e-08,0.1702127659574468,0.06914893617021277,0.7021276595744681,0.24,0.86,0.0,0.0,0.14,0.0
base,53002,48,Instructive-driven,4.053712387985797e-08,0.2708333333333333,0.08333333333333333,0.7083333333333333,0.24,0.86,0.0,0.0,0.14,0.0
base,53002,49,Instructive-driven,4.053712387985797e-08,0.22448979591836735,0.09183673469387756,0.7142857142857143,0.24,0.84,0.0,0.0,0.16,0.0
base,53002,50,Instructive-driven,4.053712387985797e-08,0.24,0.065,0.72,0.24,0.84,0.0,0.0,0.16,0.0
base,53002,51,Instructive-driven,4.053712387985797e-08,0.17647058823529413,0.058823529411764705,0.7254901960784313,0.24,0.86,0.0,0.0,0.14,0.0
base,53002,52,Instructive-driven,4.053712387985797e-08,0.23076923076923078,0.0673076923076923,0.7307692307692308,0.24,0.84,0.0,0.0,0.16,0.0
base,53002,53,Instructive-driven,4.053712387985797e-08,0.2641509433962264,0.07075471698113207,0.7358490566037736,0.24,0.84,0.0,0.0,0.16,0.0
base,53002,54,Instructive-driven,4.053712387985797e-08,0.24074074074074073,0.06481481481481481,0.7407407407407407,0.24,0.84,0.0,0.0,0.16,0.0
base,53002,55,Instructive-driven,4.053712387985797e-08,0.2727272727272727,0.05454545454545454,0.7454545454545455,0.24,0.82,0.0,0.0,0.18,0.0
base,53002,56,Instructive-driven,4.053712387985797e-08,0.21428571428571427,0.05357142857142857,0.75,0.24,0.9,0.0,0.0,0.1,0.0
base,53002,57,Instructive-driven,4.053712387985797e-08,0.19298245614035087,0.043859649122807015,0.7543859649122807,0.24,0.86,0.0,0.0,0.14,0.0
base,53002,58,Instructive-driven,4.053712387985797e-08,0.1896551724137931,0.05172413793103448,0.7586206896551724,0.24,0.86,0.0,0.0,0.14,0.0
base,53002,59,Instructive-driven,4.053712387985797e-08,0.1864406779661017,0.05084745762711865,0.7627118644067796,0.24,0.86,0.0,0.0,0.14,0.0
base,53002,60,Instructive-driven,4.053712387985797e-08,0.4166666666666667,0.12083333333333333,0.7666666666666666,0.24,0.84,0.0,0.0,0.16,0.0
base,53002,61,Instructive-driven,4.053712387985797e-08,0.4098360655737705,0.11475409836065574,0.7704918032786885,0.24,0.84,0.0,0.0,0.16,0.0
base,53002,62,Instructive-driven,4.053712387985797e-08,0.5967741935483871,0.17338709677419356,0.7741935483870968,0.24,0.84,0.0,0.0,0.16,0.0
base,53002,63,Instructive-driven,4.053712387985797e-08,0.47619047619047616,0.09126984126984126,0.7777777777777778,0.24,0.84,0.0,0.0,0.16,0.0
base,53002,64,Instructive-driven,4.053712387985797e-08,0.4375,0.109375,0.78125,0.24,0.86,0.0,0.0,0.14,0.0
base,53002,65,Instructive-driven,4.053712387985797e-08,0.49230769230769234,0.1576923076923077,0.7692307692307692,0.24,0.88,0.0,0.0,0.12,0.0
base,53002,66,Instructive-driven,4.053712387985797e-08,0.2727272727272727,0.09090909090909091,0.7727272727272727,0.24,0.82,0.0,0.0,0.18,0.0
base,53002,67,Instructive-driven,4.053712387985797e-08,0.26865671641791045,0.08955223880597014,0.7611940298507462,0.24,0.88,0.0,0.0,0.12,0.0
base,53002,68,Instructive-driven,4.053712387985797e-08,0.16176470588235295,0.05514705882352941,0.7647058823529411,0.24,0.92,0.0,0.0,0.08,0.0
base,53002,69,Instructive-driven,4.053712387985797e-08,0.14492753623188406,0.06521739130434782,0.7681159420289855,0.24,0.9,0.0,0.0,0.1,0.0
base,53002,70,Instructive-driven,4.053712387985797e-08,0.17142857142857143,0.06785714285714285,0.7714285714285715,0.24,0.9,0.0,0.0,0.1,0.0
base,53002,71,Instructive-driven,4.053712387985797e-08,0.19718309859154928,0.08098591549295775,0.7746478873239436,0.24,0.88,0.0,0.0,0.12,0.0
base,53002,72,Instructive-driven,4.053712387985797e-08,0.18055555555555555,0.06944444444444445,0.7638888888888888,0.26,0.9,0.0,0.0,0.1,0.0
base,53002,73,Instructive-driven,4.053712387985797e-08,0.1780821917808219,0.06506849315068493,0.7671232876712328,0.26,0.86,0.0,0.0,0.14,0.0
base,53002,74,Instructive-driven,4.053712387985797e-08,0.3108108108108108,0.0777027027027027,0.7702702702702703,0.26,0.88,0.0,0.0,0.12,0.0
base,53002,75,Instructive-driven,4.053712387985797e-08,0.2,0.07666666666666666,0.7733333333333333,0.26,0.88,0.0,0.0,0.12,0.0
base,53002,76,Instructive-driven,4.053712387985797e-08,0.2236842105263158,0.09210526315789473,0.7763157894736842,0.26,0.88,0.0,0.0,0.12,0.0
base,53002,77,Instructive-driven,4.053712387985797e-08,0.3116883116883117,0.11038961038961038,0.7792207792207793,0.26,0.86,0.0,0.0,0.14,0.0
base,53002,78,Instructive-driven,4.053712387985797e-08,0.23076923076923078,0.08333333333333333,0.782051282051282,0.26,0.88,0.0,0.0,0.12,0.0
base,53002,79,Instructive-driven,4.053712387985797e-08,0.12658227848101267,0.06329113924050633,0.7848101265822784,0.26,0.9,0.0,0.0,0.1,0.0
base,53002,80,Instructive-driven,4.053712387985797e-08,0.4375,0.1625,0.7875,0.26,0.86,0.0,0.0,0.14,0.0
base,53002,81,Instructive-driven,4.053712387985797e-08,0.38271604938271603,0.14814814814814814,0.7901234567901234,0.26,0.86,0.0,0.0,0.14,0.0
base,53002,82,Instructive-driven,4.053712387985797e-08,0.524390243902439,0.18902439024390244,0.7926829268292683,0.26,0.88,0.0,0.0,0.12,0.0
base,53002,83,Instructive-driven,4.053712387985797e-08,0.4457831325301205,0.1536144578313253,0.7951807228915663,0.26,0.88,0.0,0.0,0.12,0.0
base,53002,84,Instructive-driven,4.053712387985797e-08,0.5357142857142857,0.19940476190476192,0.7976190476190477,0.26,0.86,0.0,0.0,0.14,0.0
base,53002,85,Instructive-driven,4.053712387985797e-08,0.4823529411764706,0.17647058823529413,0.8,0.26,0.86,0.0,0.0,0.14,0.0
base,53002,86,Instructive-driven,4.053712387985797e-08,0.5581395348837209,0.1744186046511628,0.8023255813953488,0.26,0.84,0.0,0.0,0.16,0.0
base,53002,87,Instructive-driven,4.053712387985797e-08,0.4942528735632184,0.16666666666666666,0.8045977011494253,0.26,0.86,0.0,0.0,0.14,0.0
base,53002,88,Instructive-driven,4.053712387985797e-08,0.5454545454545454,0.16193181818181818,0.8068181818181819,0.26,0.88,0.0,0.0,0.12,0.0
base,53002,89,Instructive-driven,4.053712387985797e-08,0.3258426966292135,0.1404494382022472,0.8089887640449438,0.26,0.86,0.0,0.0,0.14,0.0
base,53002,90,Instructive-driven,4.053712387985797e-08,0.36666666666666664,0.14722222222222223,0.8111111111111111,0.26,0.86,0.0,0.0,0.14,0.0
base,53003,1,Instructive-driven,6.4993934678625465e-09,1.0,1.0,0.0,0.04,0.58,0.0,0.0,0.26,0.16
base,53003,2,Instructive-driven,6.4993934678625465e-09,1.0,0.5,0.0,0.06,0.82,0.0,0.0,0.18,0.0
base,53003,3,Instructive-driven,6.4993934678625465e-09,1.0,0.4166666666666667,0.33333333333333337,0.06,0.98,0.0,0.0,0.02,0.0
base,53003,4,Instructive-driven,6.4993934678625465e-09,1.0,0.5,0.25,0.08,0.98,0.0,0.0,0.02,0.0
base,53003,5,Instructive-driven,6.4993934678625465e-09,0.8,0.3,0.19999999999999996,0.1,0.98,0.0,0.0,0.02,0.0
base,53003,6,Instructive-driven,6.4993934678625465e-09,0.8333333333333334,0.20833333333333334,0.16666666666666663,0.1,0.98,0.0,0.0,0.02,0.0
base,53003,7,Instructive-driven,6.4993934678625465e-09,0.5714285714285714,0.21428571428571427,0.2857142857142857,0.1,0.98,0.0,0.0,0.02,0.0
base,53003,8,Instructive-driven,6.4993934678625465e-09,0.875,0.21875,0.375,0.1,0.96,0.0,0.0,0.04,0.0
base,53003,9,Instructive-driven,6.4993934678625465e-09,0.8888888888888888,0.3611111111111111,0.4444444444444444,0.1,0.96,0.0,0.0,0.04,0.0
base,53003,10,Instructive-driven,6.4993934678625465e-09,0.9,0.375,0.5,0.1,0.98,0.0,0.0,0.02,0.0
base,53003,11,Instructive-driven,6.4993934678625465e-09,0.36363636363636365,0.11363636363636363,0.5454545454545454,0.1,0.96,0.0,0.0,0.04,0.0
base,53003,12,Instructive-driven,6.4993934678625465e-09,0.25,0.125,0.5,0.12,0.96,0.0,0.0,0.04,0.0
base,53003,13,Instructive-driven,6.4993934678625465e-09,0.23076923076923078,0.11538461538461539,0.5384615384615384,0.12,0.92,0.0,0.0,0.08,0.0
base,53003,14,Instructive-driven,6.4993934678625465e-09,0.42857142857142855,0.125,0.5714285714285714,0.12,0.9,0.0,0.0,0.1,0.0
base,53003,15,Instructive-driven,6.4993934678625465e-09,0.4666666666666667,0.1,0.6,0.12,0.92,0.0,0.0,0.08,0.0
base,53003,16,Instructive-driven,6.4993934678625465e-09,0.3125,0.109375,0.625,0.12,0.92,0.0,0.0,0.08,0.0
base,53003,17,Instructive-driven,6.4993934678625465e-09,0.47058823529411764,0.10294117647058823,0.6470588235294117,0.12,0.92,0.0,0.0,0.08,0.0
base,53003,18,Instructive-driven,6.4993934678625465e-09,0.4444444444444444,0.18055555555555555,0.6111111111111112,0.14,0.92,0.0,0.0,0.08,0.0
base,53003,19,Instructive-driven,6.4993934678625465e-09,0.3684210526315789,0.09210526315789473,0.631578947368421,0.14,0.9,0.0,0.0,0.1,0.0
base,53003,20,Instructive-driven,6.4993934678625465e-09,0.5,0.1375,0.6,0.16,0.9,0.0,0.0,0.1,0.0
base,53003,21,Instructive-driven,6.4993934678625465e-09,0.38095238095238093,0.15476190476190477,0.6190476190476191,0.16,0.92,0.0,0.0,0.08,0.0
base,53003,22,Instructive-driven,6.4993934678625465e-09,0.22727272727272727,0.09090909090909091,0.6363636363636364,0.16,0.9,0.0,0.0,0.1,0.0
base,53003,23,Instructive-driven,6.4993934678625465e-09,0.2608695652173913,0.07608695652173914,0.6086956521739131,0.2,0.92,0.0,0.0,0.08,0.0
base,53003,24,Instructive-driven,6.4993934678625465e-09,0.20833333333333334,0.0625,0.5833333333333333,0.22,0.9,0.0,0.0,0.1,0.0
base,53003,25,Instructive-driven,6.4993934678625465e-09,0.28,0.09,0.56,0.24,0.88,0.0,0.0,0.12,0.0
base,53003,26,Instructive-driven,6.4993934678625465e-09,0.23076923076923078,0.07692307692307693,0.5384615384615384,0.24,0.9,0.0,0.0,0.1,0.0
base,53003,27,Instructive-driven,6.4993934678625465e-09,0.18518518518518517,0.05555555555555555,0.5185185185185186,0.26,0.9,0.0,0.0,0.1,0.0
base,53003,28,Instructive-driven,6.4993934678625465e-09,0.17857142857142858,0.07142857142857142,0.5357142857142857,0.26,0.94,0.0,0.0,0.06,0.0
base,53003,29,Instructive-driven,6.4993934678625465e-09,0.27586206896551724,0.06896551724137931,0.5517241379310345,0.26,0.94,0.0,0.0,0.06,0.0
base,53003,30,Instructive-driven,6.4993934678625465e-09,0.26666666666666666,0.09166666666666666,0.5666666666666667,0.26,0.9,0.0,0.0,0.1,0.0
base,53003,31,Instructive-driven,6.4993934678625465e-09,0.2903225806451613,0.08870967741935484,0.5806451612903225,0.26,0.9,0.0,0.0,0.1,0.0
base,53003,32,Instructive-driven,6.4993934678625465e-09,0.25,0.109375,0.59375,0.26,0.92,0.0,0.0,0.08,0.0
base,53003,33,Instructive-driven,6.4993934678625465e-09,0.3939393939393939,0.10606060606060606,0.6060606060606061,0.26,0.9,0.0,0.0,0.1,0.0
base,53003,34,Instructive-driven,6.4993934678625465e-09,0.5588235294117647,0.18382352941176472,0.6176470588235294,0.26,0.92,0.0,0.0,0.08,0.0
base,53003,35,Instructive-driven,6.4993934678625465e-09,0.5142857142857142,0.1357142857142857,0.6285714285714286,0.26,0.88,0.0,0.0,0.12,0.0
base,53003,36,Instructive-driven,6.4993934678625465e-09,0.2777777777777778,0.1388888888888889,0.6388888888888888,0.26,0.9,0.0,0.0,0.1,0.0
base,53003,37,Instructive-driven,6.4993934678625465e-09,0.4594594594594595,0.14864864864864866,0.6486486486486487,0.26,0.88,0.0,0.0,0.12,0.0
base,53003,38,Instructive-driven,6.4993934678625465e-09,0.47368421052631576,0.1118421052631579,0.6578947368421053,0.26,0.9,0.0,0.0,0.1,0.0
base,53003,39,Instructive-driven,6.4993934678625465e-09,0.46153846153846156,0.10897435897435898,0.6666666666666667,0.26,0.9,0.0,0.0,0.1,0.0
base,53003,40,Instructive-driven,6.4993934678625465e-09,0.375,0.08125,0.675,0.26,0.94,0.0,0.0,0.06,0.0
base,53003,41,Instructive-driven,6.4993934678625465e-09,0.24390243902439024,0.07317073170731707,0.6829268292682926,0.26,0.92,0.0,0.0,0.08,0.0
base,53003,42,Instructive-driven,6.4993934678625465e-09,0.2619047619047619,0.05357142857142857,0.6904761904761905,0.26,0.92,0.0,0.0,0.08,0.0
base,53003,43,Instructive-driven,6.4993934678625465e-09,0.3953488372093023,0.13953488372093023,0.6976744186046512,0.26,0.9,0.0,0.0,0.1,0.0
base,53003,44,Instructive-driven,6.4993934678625465e-09,0.22727272727272727,0.0625,0.7045454545454546,0.26,0.9,0.0,0.0,0.1,0.0
base,53003,45,Instructive-driven,6.4993934678625465e-09,0.28888888888888886,0.05,0.7111111111111111,0.26,0.92,0.0,0.0,0.08,0.0
base,53003,46,Instructive-driven,6.4993934678625465e-09,0.32608695652173914,0.08152173913043478,0.7173913043478262,0.26,0.92,0.0,0.0,0.08,0.0
base,53003,47,Instructive-driven,6.4993934678625465e-09,0.2978723404255319,0.06382978723404255,0.7234042553191489,0.26,0.92,0.0,0.0,0.08,0.0
base,53003,48,Instructive-driven,6.4993934678625465e-09,0.2916666666666667,0.057291666666666664,0.7291666666666667,0.26,0.9,0.0,0.0,0.1,0.0
base,53003,49,Instructive-driven,6.4993934678625465e-09,0.42857142857142855,0.10714285714285714,0.7142857142857143,0.28,0.94,0.0,0.0,0.06,0.0
base,53003,50,Instructive-driven,6.4993934678625465e-09,0.36,0.085,0.72,0.28,0.92,0.0,0.0,0.08,0.0
base,53003,51,Instructive-driven,6.4993934678625465e-09,0.39215686274509803,0.10784313725490197,0.7254901960784313,0.28,0.92,0.0,0.0,0.08,0.0
base,53003,52,Instructive-driven,6.4993934678625465e-09,0.3269230769230769,0.08173076923076923,0.7307692307692308,0.28,0.9,0.0,0.0,0.1,0.0
base,53003,53,Instructive-driven,6.4993934678625465e-09,0.3018867924528302,0.09433962264150944,0.7358490566037736,0.28,0.9,0.0,0.0,0.1,0.0
base,53003,54,Instructive-driven,6.4993934678625465e-09,0.4444444444444444,0.09259259259259259,0.7222222222222222,0.3,0.9,0.0,0.0,0.1,0.0
base,53003,55,Instructive-driven,6.4993934678625465e-09,0.509090909090909,0.1409090909090909,0.7272727272727273,0.3,0.9,0.0,0.0,0.1,0.0
base,53003,56,Instructive-driven,6.4993934678625465e-09,0.44642857142857145,0.125,0.7321428571428572,0.3,0.9,0.0,0.0,0.1,0.0
base,53003,57,Instructive-driven,6.4993934678625465e-09,0.5087719298245614,0.12280701754385964,0.736842105263158,0.3,0.9,0.0,0.0,0.1,0.0
base,53003,58,Instructive-driven,6.4993934678625465e-09,0.5172413793103449,0.14655172413793102,0.7413793103448276,0.3,0.9,0.0,0.0,0.1,0.0
base,53003,59,Instructive-driven,6.4993934678625465e-09,0.423728813559322,0.1271186440677966,0.7457627118644068,0.3,0.9,0.0,0.0,0.1,0.0
base,53003,60,Instructive-driven,6.4993934678625465e-09,0.3333333333333333,0.09166666666666666,0.75,0.3,0.88,0.0,0.0,0.12,0.0
base,53003,61,Instructive-driven,6.4993934678625465e-09,0.3770491803278688,0.09836065573770492,0.7540983606557377,0.3,0.88,0.0,0.0,0.12,0.0
base,53003,62,Instructive-driven,6.4993934678625465e-09,0.3387096774193548,0.0846774193548387,0.7580645161290323,0.3,0.88,0.0,0.0,0.12,0.0
base,53003,63,Instructive-driven,6.4993934678625465e-09,0.2857142857142857,0.08333333333333333,0.7619047619047619,0.3,0.88,0.0,0.0,0.12,0.0
base,53003,64,Instructive-driven,6.4993934678625465e-09,0.34375,0.07421875,0.765625,0.3,0.88,0.0,0.0,0.12,0.0
base,53003,65,Instructive-driven,6.4993934678625465e-09,0.23076923076923078,0.07692307692307693,0.7692307692307692,0.3,0.88,0.0,0.0,0.12,0.0
base,53003,66,Instructive-driven,6.4993934678625465e-09,0.22727272727272727,0.07575757575757576,0.7727272727272727,0.3,0.9,0.0,0.0,0.1,0.0
base,53003,67,Instructive-driven,6.4993934678625465e-09,0.3283582089552239,0.09701492537313433,0.7761194029850746,0.3,0.9,0.0,0.0,0.1,0.0
base,53003,68,Instructive-driven,6.4993934678625465e-09,0.3088235294117647,0.09926470588235294,0.7647058823529411,0.32,0.88,0.0,0.0,0.12,0.0
base,53003,69,Instructive-driven,6.4993934678625465e-09,0.36231884057971014,0.08333333333333333,0.7681159420289855,0.32,0.94,0.0,0.0,0.06,0.0
base,53003,70,Instructive-driven,6.4993934678625465e-09,0.2857142857142857,0.08214285714285714,0.7714285714285715,0.32,0.92,0.0,0.0,0.08,0.0
base,53003,71,Instructive-driven,6.4993934678625465e-09,0.19718309859154928,0.06690140845070422,0.7746478873239436,0.32,0.92,0.0,0.0,0.08,0.0
base,53003,72,Instructive-driven,6.4993934678625465e-09,0.20833333333333334,0.0625,0.7638888888888888,0.32,0.92,0.0,0.0,0.08,0.0
base,53003,73,Instructive-driven,6.4993934678625465e-09,0.3835616438356164,0.0684931506849315,0.7671232876712328,0.32,0.92,0.0,0.0,0.08,0.0
base,53003,74,Instructive-driven,6.4993934678625465e-09,0.36486486486486486,0.07094594594594594,0.7567567567567568,0.34,0.92,0.0,0.0,0.08,0.0
base,53003,75,Instructive-driven,6.4993934678625465e-09,0.3333333333333333,0.11,0.76,0.34,0.92,0.0,0.0,0.08,0.0
base,53003,76,Instructive-driven,6.4993934678625465e-09,0.2894736842105263,0.0625,0.7631578947368421,0.34,0.92,0.0,0.0,0.08,0.0
base,53003,77,Instructive-driven,6.4993934678625465e-09,0.23376623376623376,0.06168831168831169,0.7532467532467533,0.36,0.9,0.0,0.0,0.1,0.0
base,53003,78,Instructive-driven,6.4993934678625465e-09,0.358974358974359,0.10897435897435898,0.7564102564102564,0.36,0.9,0.0,0.0,0.1,0.0
base,53003,79,Instructive-driven,6.4993934678625465e-09,0.24050632911392406,0.06962025316455696,0.759493670886076,0.36,0.92,0.0,0.0,0.08,0.0
base,53003,80,Instructive-driven,6.4993934678625465e-09,0.2,0.053125,0.7625,0.36,0.92,0.0,0.0,0.08,0.0
base,53003,81,Instructive-driven,6.4993934678625465e-09,0.2716049382716049,0.06481481481481481,0.7654320987654322,0.36,0.9,0.0,0.0,0.1,0.0
base,53003,82,Instructive-driven,6.4993934678625465e-09,0.24390243902439024,0.08231707317073171,0.7682926829268293,0.36,0.94,0.0,0.0,0.06,0.0
base,53003,83,Instructive-driven,6.4993934678625465e-09,0.30120481927710846,0.0963855421686747,0.7710843373493976,0.36,0.88,0.0,0.0,0.12,0.0
base,53003,84,Instructive-driven,6.4993934678625465e-09,0.2976190476190476,0.07142857142857142,0.7738095238095238,0.36,0.92,0.0,0.0,0.08,0.0
base,53003,85,Instructive-driven,6.4993934678625465e-09,0.2823529411764706,0.08823529411764706,0.7764705882352941,0.36,0.9,0.0,0.0,0.1,0.0
base,53003,86,Instructive-driven,6.4993934678625465e-09,0.36046511627906974,0.06686046511627906,0.7790697674418605,0.36,0.92,0.0,0.0,0.08,0.0
base,53003,87,Instructive-driven,6.4993934678625465e-09,0.1839080459770115,0.05172413793103448,0.7816091954022988,0.36,0.92,0.0,0.0,0.08,0.0
base,53003,88,Instructive-driven,6.4993934678625465e-09,0.29545454545454547,0.09090909090909091,0.7840909090909091,0.36,0.94,0.0,0.0,0.06,0.0
base,53003,89,Instructive-driven,6.4993934678625465e-09,0.2247191011235955,0.08146067415730338,0.7865168539325843,0.36,0.92,0.0,0.0,0.08,0.0
base,53003,90,Instructive-driven,6.4993934678625465e-09,0.2222222222222222,0.05555555555555555,0.7888888888888889,0.36,0.92,0.0,0.0,0.08,0.0
base,53004,1,Instructive-driven,1.302424124105528e-07,1.0,1.0,0.0,0.04,0.42,0.0,0.0,0.36,0.22
base,53004,2,Instructive-driven,1.302424124105528e-07,1.0,0.625,0.0,0.06,0.74,0.02,0.0,0.2,0.04
base,53004,3,Instructive-driven,1.302424124105528e-07,1.0,0.5,0.0,0.1,0.92,0.0,0.0,0.06,0.02
base,53004,4,Instructive-driven,1.302424124105528e-07,1.0,0.5625,0.0,0.12,0.88,0.0,0.0,0.12,0.0
base,53004,5,Instructive-driven,1.302424124105528e-07,1.0,0.55,0.0,0.12,0.9,0.0,0.0,0.1,0.0
base,53004,6,Instructive-driven,1.302424124105528e-07,0.8333333333333334,0.375,0.0,0.16,0.94,0.0,0.0,0.06,0.0
base,53004,7,Instructive-driven,1.302424124105528e-07,1.0,0.21428571428571427,0.0,0.18,0.94,0.0,0.0,0.06,0.0
base,53004,8,Instructive-driven,1.302424124105528e-07,1.0,0.25,0.0,0.22,0.94,0.0,0.0,0.06,0.0
base,53004,9,Instructive-driven,1.302424124105528e-07,1.0,0.3888888888888889,0.0,0.22,0.98,0.0,0.0,0.02,0.0
base,53004,10,Instructive-driven,1.302424124105528e-07,0.9,0.35,0.0,0.24,0.98,0.0,0.0,0.02,0.0
base,53004,11,Instructive-driven,1.302424124105528e-07,0.9090909090909091,0.36363636363636365,0.0,0.24,0.96,0.0,0.0,0.04,0.0
base,53004,12,Instructive-driven,1.302424124105528e-07,0.5833333333333334,0.1875,0.0,0.26,0.94,0.0,0.0,0.06,0.0
base,53004,13,Instructive-driven,1.302424124105528e-07,0.7692307692307693,0.28846153846153844,0.07692307692307687,0.26,0.96,0.0,0.0,0.04,0.0
base,53004,14,Instructive-driven,1.302424124105528e-07,0.8571428571428571,0.21428571428571427,0.0714285714285714,0.28,0.96,0.0,0.0,0.04,0.0
base,53004,15,Instructive-driven,1.302424124105528e-07,0.8,0.31666666666666665,0.06666666666666665,0.3,0.96,0.0,0.0,0.04,0.0
base,53004,16,Instructive-driven,1.302424124105528e-07,0.9375,0.3125,0.0625,0.32,0.94,0.0,0.0,0.06,0.0
base,53004,17,Instructive-driven,1.302424124105528e-07,0.9411764705882353,0.3088235294117647,0.05882352941176472,0.32,0.96,0.0,0.0,0.04,0.0
base,53004,18,Instructive-driven,1.302424124105528e-07,0.6666666666666666,0.3333333333333333,0.11111111111111116,0.32,0.94,0.0,0.0,0.06,0.0
base,53004,19,Instructive-driven,1.302424124105528e-07,0.6842105263157895,0.3157894736842105,0.10526315789473684,0.34,0.94,0.0,0.0,0.06,0.0
base,53004,20,Instructive-driven,1.302424124105528e-07,0.8,0.3375,0.09999999999999998,0.36,0.94,0.0,0.0,0.06,0.0
base,53004,21,Instructive-driven,1.302424124105528e-07,0.8095238095238095,0.34523809523809523,0.09523809523809523,0.36,0.96,0.0,0.0,0.04,0.0
base,53004,22,Instructive-driven,1.302424124105528e-07,0.6818181818181818,0.14772727272727273,0.09090909090909094,0.36,0.96,0.0,0.0,0.04,0.0
base,53004,23,Instructive-driven,1.302424124105528e-07,0.6956521739130435,0.2608695652173913,0.08695652173913049,0.36,0.96,0.0,0.0,0.04,0.0
base,53004,24,Instructive-driven,1.302424124105528e-07,0.4583333333333333,0.13541666666666666,0.08333333333333337,0.36,0.96,0.0,0.0,0.04,0.0
base,53004,25,Instructive-driven,1.302424124105528e-07,0.56,0.14,0.12,0.36,0.96,0.0,0.0,0.04,0.0
base,53004,26,Instructive-driven,1.302424124105528e-07,0.46153846153846156,0.10576923076923077,0.11538461538461542,0.36,0.96,0.0,0.0,0.04,0.0
base,53004,27,Instructive-driven,1.302424124105528e-07,0.48148148148148145,0.12037037037037036,0.14814814814814814,0.36,0.96,0.0,0.0,0.04,0.0
base,53004,28,Instructive-driven,1.302424124105528e-07,0.5357142857142857,0.19642857142857142,0.1428571428571429,0.38,0.96,0.0,0.0,0.04,0.0
base,53004,29,Instructive-driven,1.302424124105528e-07,0.5172413793103449,0.13793103448275862,0.13793103448275867,0.38,0.96,0.0,0.0,0.04,0.0
base,53004,30,Instructive-driven,1.302424124105528e-07,0.5333333333333333,0.16666666666666666,0.1333333333333333,0.4,0.96,0.0,0.0,0.04,0.0
base,53004,31,Instructive-driven,1.302424124105528e-07,0.4838709677419355,0.1532258064516129,0.12903225806451613,0.4,0.96,0.0,0.0,0.04,0.0
base,53004,32,Instructive-driven,1.302424124105528e-07,0.5,0.1796875,0.125,0.4,0.96,0.0,0.0,0.04,0.0
base,53004,33,Instructive-driven,1.302424124105528e-07,0.18181818181818182,0.09848484848484848,0.12121212121212122,0.4,0.98,0.0,0.0,0.02,0.0
base,53004,34,Instructive-driven,1.302424124105528e-07,0.23529411764705882,0.11764705882352941,0.1470588235294118,0.4,0.98,0.0,0.0,0.02,0.0
base,53004,35,Instructive-driven,1.302424124105528e-07,0.37142857142857144,0.2,0.1428571428571429,0.4,0.96,0.0,0.0,0.04,0.0
base,53004,36,Instructive-driven,1.302424124105528e-07,0.3888888888888889,0.14583333333333334,0.13888888888888884,0.4,0.98,0.0,0.0,0.02,0.0
base,53004,37,Instructive-driven,1.302424124105528e-07,0.3783783783783784,0.12162162162162163,0.1351351351351351,0.42,0.98,0.0,0.0,0.02,0.0
base,53004,38,Instructive-driven,1.302424124105528e-07,0.34210526315789475,0.09210526315789473,0.1578947368421053,0.42,0.98,0.0,0.0,0.02,0.0
base,53004,39,Instructive-driven,1.302424124105528e-07,0.41025641025641024,0.15384615384615385,0.17948717948717952,0.42,0.96,0.0,0.0,0.04,0.0
base,53004,40,Instructive-driven,1.302424124105528e-07,0.425,0.14375,0.17500000000000004,0.42,0.96,0.0,0.0,0.04,0.0
base,53004,41,Instructive-driven,1.302424124105528e-07,0.34146341463414637,0.12195121951219512,0.1707317073170732,0.42,0.96,0.0,0.0,0.04,0.0
base,53004,42,Instructive-driven,1.302424124105528e-07,0.23809523809523808,0.15476190476190477,0.16666666666666663,0.42,0.98,0.0,0.0,0.02,0.0
base,53004,43,Instructive-driven,1.302424124105528e-07,0.2558139534883721,0.09883720930232558,0.16279069767441856,0.44,0.98,0.0,0.0,0.02,0.0
base,53004,44,Instructive-driven,1.302424124105528e-07,0.20454545454545456,0.09659090909090909,0.18181818181818177,0.44,0.96,0.0,0.0,0.04,0.0
base,53004,45,Instructive-driven,1.302424124105528e-07,0.28888888888888886,0.13333333333333333,0.1777777777777778,0.44,0.96,0.0,0.0,0.04,0.0
base,53004,46,Instructive-driven,1.302424124105528e-07,0.2391304347826087,0.10869565217391304,0.17391304347826086,0.44,0.98,0.0,0.0,0.02,0.0
base,53004,47,Instructive-driven,1.302424124105528e-07,0.2765957446808511,0.11702127659574468,0.19148936170212771,0.44,0.94,0.0,0.0,0.06,0.0
base,53004,48,Instructive-driven,1.302424124105528e-07,0.3125,0.140625,0.1875,0.44,0.94,0.0,0.0,0.06,0.0
base,53004,49,Instructive-driven,1.302424124105528e-07,0.30612244897959184,0.12244897959183673,0.20408163265306123,0.44,0.96,0.0,0.0,0.04,0.0
base,53004,50,Instructive-driven,1.302424124105528e-07,0.28,0.09,0.19999999999999996,0.44,1.0,0.0,0.0,0.0,0.0
base,53004,51,Instructive-driven,1.302424124105528e-07,0.19607843137254902,0.05392156862745098,0.21568627450980393,0.44,1.0,0.0,0.0,0.0,0.0
base,53004,52,Instructive-driven,1.302424124105528e-07,0.21153846153846154,0.038461538461538464,0.23076923076923073,0.44,1.0,0.0,0.0,0.0,0.0
base,53004,53,Instructive-driven,1.302424124105528e-07,0.24528301886792453,0.07075471698113207,0.2264150943396226,0.44,1.0,0.0,0.0,0.0,0.0
base,53004,54,Instructive-driven,1.302424124105528e-07,0.24074074074074073,0.05555555555555555,0.2407407407407407,0.44,1.0,0.0,0.0,0.0,0.0
base,53004,55,Instructive-driven,1.302424124105528e-07,0.23636363636363636,0.06818181818181818,0.23636363636363633,0.46,1.0,0.0,0.0,0.0,0.0
base,53004,56,Instructive-driven,1.302424124105528e-07,0.21428571428571427,0.05803571428571429,0.2321428571428571,0.46,1.0,0.0,0.0,0.0,0.0
base,53004,57,Instructive-driven,1.302424124105528e-07,0.21052631578947367,0.03070175438596491,0.22807017543859653,0.46,1.0,0.0,0.0,0.0,0.0
base,53004,58,Instructive-driven,1.302424124105528e-07,0.20689655172413793,0.02586206896551724,0.22413793103448276,0.46,0.98,0.0,0.0,0.02,0.0
base,53004,59,Instructive-driven,1.302424124105528e-07,0.2542372881355932,0.038135593220338986,0.22033898305084743,0.46,0.98,0.0,0.0,0.02,0.0
base,53004,60,Instructive-driven,1.302424124105528e-07,0.26666666666666666,0.020833333333333332,0.23333333333333328,0.46,0.98,0.0,0.0,0.02,0.0
base,53004,61,Instructive-driven,1.302424124105528e-07,0.22950819672131148,0.036885245901639344,0.24590163934426235,0.46,0.98,0.0,0.0,0.02,0.0
base,53004,62,Instructive-driven,1.302424124105528e-07,0.24193548387096775,0.020161290322580645,0.24193548387096775,0.48,0.98,0.0,0.0,0.02,0.0
base,53004,63,Instructive-driven,1.302424124105528e-07,0.23809523809523808,0.031746031746031744,0.23809523809523814,0.48,0.98,0.0,0.0,0.02,0.0
base,53004,64,Instructive-driven,1.302424124105528e-07,0.25,0.0234375,0.234375,0.48,0.98,0.0,0.0,0.02,0.0
base,53004,65,Instructive-driven,1.302424124105528e-07,0.2,0.019230769230769232,0.23076923076923073,0.48,0.98,0.0,0.0,0.02,0.0
base,53004,66,Instructive-driven,1.302424124105528e-07,0.21212121212121213,0.056818181818181816,0.2272727272727273,0.48,0.94,0.0,0.0,0.06,0.0
base,53004,67,Instructive-driven,1.302424124105528e-07,0.16417910447761194,0.041044776119402986,0.23880597014925375,0.48,0.96,0.0,0.0,0.04,0.0
base,53004,68,Instructive-driven,1.302424124105528e-07,0.16176470588235295,0.04044117647058824,0.25,0.48,0.96,0.0,0.0,0.04,0.0
base,53004,69,Instructive-driven,1.302424124105528e-07,0.10144927536231885,0.028985507246376812,0.26086956521739135,0.48,0.96,0.0,0.0,0.04,0.0
base,53004,70,Instructive-driven,1.302424124105528e-07,0.11428571428571428,0.03571428571428571,0.27142857142857146,0.48,0.96,0.0,0.0,0.04,0.0
base,53004,71,Instructive-driven,1.302424124105528e-07,0.08450704225352113,0.02464788732394366,0.2676056338028169,0.48,0.94,0.0,0.0,0.06,0.0
base,53004,72,Instructive-driven,1.302424124105528e-07,0.09722222222222222,0.027777777777777776,0.2777777777777778,0.48,0.94,0.0,0.0,0.06,0.0
base,53004,73,Instructive-driven,1.302424124105528e-07,0.1232876712328767,0.0273972602739726,0.28767123287671237,0.48,0.92,0.0,0.0,0.08,0.0
base,53004,74,Instructive-driven,1.302424124105528e-07,0.12162162162162163,0.030405405405405407,0.29729729729729726,0.48,0.92,0.0,0.0,0.08,0.0
base,53004,75,Instructive-driven,1.302424124105528e-07,0.08,0.02666666666666667,0.30666666666666664,0.48,0.92,0.0,0.0,0.08,0.0
base,53004,76,Instructive-driven,1.302424124105528e-07,0.09210526315789473,0.02631578947368421,0.3026315789473685,0.5,0.92,0.0,0.0,0.08,0.0
base,53004,77,Instructive-driven,1.302424124105528e-07,0.09090909090909091,0.025974025974025976,0.3116883116883117,0.5,0.92,0.0,0.0,0.08,0.0
base,53004,78,Instructive-driven,1.302424124105528e-07,0.10256410256410256,0.02564102564102564,0.3205128205128205,0.5,0.92,0.0,0.0,0.08,0.0
base,53004,79,Instructive-driven,1.302424124105528e-07,0.0759493670886076,0.02531645569620253,0.3291139240506329,0.5,0.94,0.0,0.0,0.06,0.0
base,53004,80,Instructive-driven,1.302424124105528e-07,0.1,0.025,0.3375,0.5,0.92,0.0,0.0,0.08,0.0
base,53004,81,Instructive-driven,1.302424124105528e-07,0.13580246913580246,0.024691358024691357,0.33333333333333337,0.5,0.94,0.0,0.0,0.06,0.0
base,53004,82,Instructive-driven,1.302424124105528e-07,0.0975609756097561,0.018292682926829267,0.3292682926829268,0.5,0.96,0.0,0.0,0.04,0.0
base,53004,83,Instructive-driven,1.302424124105528e-07,0.13253012048192772,0.02108433734939759,0.3373493975903614,0.5,0.94,0.0,0.0,0.06,0.0
base,53004,84,Instructive-driven,1.302424124105528e-07,0.15476190476190477,0.023809523809523808,0.34523809523809523,0.5,0.92,0.0,0.0,0.08,0.0
base,53004,85,Instructive-driven,1.302424124105528e-07,0.1411764705882353,0.023529411764705882,0.3529411764705882,0.5,0.94,0.0,0.0,0.06,0.0
base,53004,86,Instructive-driven,1.302424124105528e-07,0.1511627906976744,0.023255813953488372,0.34883720930232553,0.5,0.94,0.0,0.0,0.06,0.0
base,53004,87,Instructive-driven,1.302424124105528e-07,0.13793103448275862,0.022988505747126436,0.3448275862068966,0.5,0.94,0.0,0.0,0.06,0.0
base,53004,88,Instructive-driven,1.302424124105528e-07,0.14772727272727273,0.03409090909090909,0.3522727272727273,0.5,0.94,0.0,0.0,0.06,0.0
base,53004,89,Instructive-driven,1.302424124105528e-07,0.15730337078651685,0.033707865168539325,0.348314606741573,0.5,0.94,0.0,0.0,0.06,0.0
base,53004,90,Instructive-driven,1.302424124105528e-07,0.15555555555555556,0.03333333333333333,0.3555555555555555,0.5,0.94,0.0,0.0,0.06,0.0
base,53005,1,Instructive-driven,1.9144694718420396e-09,1.0,1.0,0.0,0.04,0.56,0.0,0.0,0.22,0.22
base,53005,2,Instructive-driven,1.9144694718420396e-09,1.0,0.625,0.0,0.06,0.7,0.0,0.0,0.2,0.1
base,53005,3,Instructive-driven,1.9144694718420396e-09,1.0,0.5,0.33333333333333337,0.06,0.8,0.0,0.0,0.1,0.1
base,53005,4,Instructive-driven,1.9144694718420396e-09,1.0,0.4375,0.5,0.06,0.82,0.0,0.0,0.12,0.06
base,53005,5,Instructive-driven,1.9144694718420396e-09,1.0,0.45,0.6,0.06,0.84,0.0,0.0,0.08,0.08
base,53005,6,Instructive-driven,1.9144694718420396e-09,1.0,0.375,0.5,0.06,0.84,0.0,0.0,0.14,0.02
base,53005,7,Instructive-driven,1.9144694718420396e-09,0.7142857142857143,0.2857142857142857,0.5714285714285714,0.06,0.82,0.0,0.0,0.18,0.0
base,53005,8,Instructive-driven,1.9144694718420396e-09,0.875,0.3125,0.625,0.06,0.82,0.0,0.0,0.16,0.02
base,53005,9,Instructive-driven,1.9144694718420396e-09,0.8888888888888888,0.3611111111111111,0.6666666666666667,0.06,0.84,0.0,0.0,0.14,0.02
base,53005,10,Instructive-driven,1.9144694718420396e-09,0.9,0.325,0.7,0.06,0.84,0.0,0.0,0.12,0.04
base,53005,11,Instructive-driven,1.9144694718420396e-09,0.36363636363636365,0.11363636363636363,0.7272727272727273,0.06,0.88,0.0,0.0,0.08,0.04
base,53005,12,Instructive-driven,1.9144694718420396e-09,0.5,0.16666666666666666,0.75,0.06,0.86,0.0,0.0,0.1,0.04
base,53005,13,Instructive-driven,1.9144694718420396e-09,0.46153846153846156,0.15384615384615385,0.7692307692307692,0.06,0.84,0.0,0.0,0.1,0.06
base,53005,14,Instructive-driven,1.9144694718420396e-09,0.5,0.23214285714285715,0.7857142857142857,0.06,0.86,0.0,0.0,0.1,0.04
base,53005,15,Instructive-driven,1.9144694718420396e-09,0.6,0.21666666666666667,0.8,0.06,0.86,0.0,0.0,0.08,0.06
base,53005,16,Instructive-driven,1.9144694718420396e-09,0.625,0.21875,0.8125,0.06,0.84,0.0,0.0,0.1,0.06
base,53005,17,Instructive-driven,1.9144694718420396e-09,0.5882352941176471,0.23529411764705882,0.8235294117647058,0.06,0.84,0.0,0.0,0.12,0.04
base,53005,18,Instructive-driven,1.9144694718420396e-09,0.7222222222222222,0.2222222222222222,0.8333333333333334,0.06,0.82,0.0,0.0,0.12,0.06
base,53005,19,Instructive-driven,1.9144694718420396e-09,0.8421052631578947,0.39473684210526316,0.8421052631578947,0.06,0.8,0.0,0.0,0.14,0.06
base,53005,20,Instructive-driven,1.9144694718420396e-09,0.9,0.2875,0.85,0.06,0.84,0.0,0.0,0.12,0.04
base,53005,21,Instructive-driven,1.9144694718420396e-09,0.7619047619047619,0.2619047619047619,0.8571428571428572,0.06,0.82,0.0,0.0,0.16,0.02
base,53005,22,Instructive-driven,1.9144694718420396e-09,0.7272727272727273,0.2159090909090909,0.8636363636363636,0.06,0.88,0.0,0.0,0.08,0.04
base,53005,23,Instructive-driven,1.9144694718420396e-09,0.4782608695652174,0.15217391304347827,0.8695652173913043,0.06,0.84,0.0,0.0,0.12,0.04
base,53005,24,Instructive-driven,1.9144694718420396e-09,0.4583333333333333,0.16666666666666666,0.875,0.06,0.82,0.0,0.0,0.12,0.06
base,53005,25,Instructive-driven,1.9144694718420396e-09,0.68,0.35,0.88,0.06,0.84,0.0,0.0,0.1,0.06
base,53005,26,Instructive-driven,1.9144694718420396e-09,0.46153846153846156,0.17307692307692307,0.8846153846153846,0.06,0.84,0.0,0.0,0.1,0.06
base,53005,27,Instructive-driven,1.9144694718420396e-09,0.8518518518518519,0.25,0.8888888888888888,0.06,0.84,0.0,0.0,0.12,0.04
base,53005,28,Instructive-driven,1.9144694718420396e-09,0.5714285714285714,0.23214285714285715,0.8928571428571429,0.06,0.82,0.0,0.0,0.14,0.04
base,53005,29,Instructive-driven,1.9144694718420396e-09,0.7241379310344828,0.20689655172413793,0.896551724137931,0.06,0.82,0.0,0.0,0.16,0.02
base,53005,30,Instructive-driven,1.9144694718420396e-09,0.5333333333333333,0.19166666666666668,0.9,0.06,0.84,0.0,0.0,0.12,0.04
base,53005,31,Instructive-driven,1.9144694718420396e-09,0.4838709677419355,0.1774193548387097,0.9032258064516129,0.06,0.84,0.0,0.0,0.12,0.04
base,53005,32,Instructive-driven,1.9144694718420396e-09,0.59375,0.2109375,0.90625,0.06,0.84,0.0,0.0,0.1,0.06
base,53005,33,Instructive-driven,1.9144694718420396e-09,0.5454545454545454,0.18181818181818182,0.9090909090909091,0.06,0.88,0.0,0.0,0.06,0.06
base,53005,34,Instructive-driven,1.9144694718420396e-09,0.6470588235294118,0.22794117647058823,0.9117647058823529,0.06,0.88,0.0,0.0,0.08,0.04
base,53005,35,Instructive-driven,1.9144694718420396e-09,0.7428571428571429,0.37857142857142856,0.9142857142857143,0.06,0.84,0.0,0.0,0.1,0.06
base,53005,36,Instructive-driven,1.9144694718420396e-09,0.7777777777777778,0.4097222222222222,0.9166666666666666,0.06,0.84,0.0,0.0,0.1,0.06
base,53005,37,Instructive-driven,1.9144694718420396e-09,0.7297297297297297,0.30405405405405406,0.9189189189189189,0.06,0.82,0.0,0.0,0.12,0.06
base,53005,38,Instructive-driven,1.9144694718420396e-09,0.6842105263157895,0.3157894736842105,0.9210526315789473,0.06,0.84,0.0,0.0,0.1,0.06
base,53005,39,Instructive-driven,1.9144694718420396e-09,0.7948717948717948,0.3141025641025641,0.9230769230769231,0.06,0.82,0.0,0.0,0.14,0.04
base,53005,40,Instructive-driven,1.9144694718420396e-09,0.65,0.275,0.925,0.06,0.82,0.0,0.0,0.14,0.04
base,53005,41,Instructive-driven,1.9144694718420396e-09,0.6585365853658537,0.1524390243902439,0.926829268292683,0.06,0.84,0.0,0.0,0.12,0.04
base,53005,42,Instructive-driven,1.9144694718420396e-09,0.40476190476190477,0.10119047619047619,0.9285714285714286,0.06,0.86,0.0,0.0,0.1,0.04
base,53005,43,Instructive-driven,1.9144694718420396e-09,0.4418604651162791,0.11627906976744186,0.9302325581395349,0.06,0.86,0.0,0.0,0.08,0.06
base,53005,44,Instructive-driven,1.9144694718420396e-09,0.5,0.10227272727272728,0.9318181818181819,0.06,0.88,0.0,0.0,0.08,0.04
base,53005,45,Instructive-driven,1.9144694718420396e-09,0.4666666666666667,0.12222222222222222,0.9333333333333333,0.06,0.82,0.0,0.0,0.12,0.06
base,53005,46,Instructive-driven,1.9144694718420396e-09,0.5217391304347826,0.15217391304347827,0.9347826086956522,0.06,0.86,0.0,0.0,0.1,0.04
base,53005,47,Instructive-driven,1.9144694718420396e-09,0.2765957446808511,0.05851063829787234,0.9361702127659575,0.06,0.9,0.0,0.0,0.06,0.04
base,53005,48,Instructive-driven,1.9144694718420396e-09,0.5625,0.057291666666666664,0.9375,0.06,0.86,0.0,0.0,0.06,0.08
base,53005,49,Instructive-driven,1.9144694718420396e-09,0.3877551020408163,0.11224489795918367,0.9387755102040817,0.06,0.84,0.0,0.0,0.12,0.04
base,53005,50,Instructive-driven,1.9144694718420396e-09,0.16,0.025,0.92,0.08,0.88,0.0,0.0,0.08,0.04
base,53005,51,Instructive-driven,1.9144694718420396e-09,0.39215686274509803,0.06862745098039216,0.9215686274509804,0.08,0.88,0.0,0.0,0.08,0.04
base,53005,52,Instructive-driven,1.9144694718420396e-09,0.5384615384615384,0.14903846153846154,0.9230769230769231,0.08,0.84,0.0,0.0,0.1,0.06
base,53005,53,Instructive-driven,1.9144694718420396e-09,0.3018867924528302,0.08018867924528301,0.9245283018867925,0.08,0.86,0.0,0.0,0.1,0.04
base,53005,54,Instructive-driven,1.9144694718420396e-09,0.46296296296296297,0.05092592592592592,0.9259259259259259,0.08,0.88,0.0,0.0,0.08,0.04
base,53005,55,Instructive-driven,1.9144694718420396e-09,0.34545454545454546,0.06818181818181818,0.9272727272727272,0.08,0.86,0.0,0.0,0.08,0.06
base,53005,56,Instructive-driven,1.9144694718420396e-09,0.39285714285714285,0.06696428571428571,0.9285714285714286,0.08,0.88,0.0,0.0,0.08,0.04
base,53005,57,Instructive-driven,1.9144694718420396e-09,0.21052631578947367,0.043859649122807015,0.9298245614035088,0.08,0.88,0.0,0.0,0.08,0.04
base,53005,58,Instructive-driven,1.9144694718420396e-09,0.08620689655172414,0.01293103448275862,0.9310344827586207,0.08,0.86,0.0,0.0,0.08,0.06
base,53005,59,Instructive-driven,1.9144694718420396e-09,0.423728813559322,0.05084745762711865,0.9322033898305084,0.08,0.9,0.0,0.0,0.02,0.08
base,53005,60,Instructive-driven,1.9144694718420396e-09,0.21666666666666667,0.041666666666666664,0.9333333333333333,0.08,0.84,0.0,0.0,0.12,0.04
base,53005,61,Instructive-driven,1.9144694718420396e-09,0.45901639344262296,0.1680327868852459,0.9344262295081968,0.08,0.84,0.0,0.0,0.1,0.06
base,53005,62,Instructive-driven,1.9144694718420396e-09,0.1935483870967742,0.024193548387096774,0.935483870967742,0.08,0.86,0.0,0.0,0.1,0.04
base,53005,63,Instructive-driven,1.9144694718420396e-09,0.09523809523809523,0.01984126984126984,0.9365079365079365,0.08,0.86,0.0,0.0,0.1,0.04
base,53005,64,Instructive-driven,1.9144694718420396e-09,0.140625,0.03515625,0.9375,0.08,0.86,0.0,0.0,0.1,0.04
base,53005,65,Instructive-driven,1.9144694718420396e-09,0.07692307692307693,0.023076923076923078,0.9384615384615385,0.08,0.92,0.0,0.0,0.02,0.06
base,53005,66,Instructive-driven,1.9144694718420396e-09,0.3787878787878788,0.07196969696969698,0.9393939393939394,0.08,0.88,0.0,0.0,0.06,0.06
base,53005,67,Instructive-driven,1.9144694718420396e-09,0.3283582089552239,0.11194029850746269,0.9402985074626866,0.08,0.88,0.0,0.0,0.04,0.08
base,53005,68,Instructive-driven,1.9144694718420396e-09,0.3235294117647059,0.13602941176470587,0.9411764705882353,0.08,0.86,0.0,0.0,0.08,0.06
base,53005,69,Instructive-driven,1.9144694718420396e-09,0.463768115942029,0.16666666666666666,0.9420289855072463,0.08,0.84,0.0,0.0,0.1,0.06
base,53005,70,Instructive-driven,1.9144694718420396e-09,0.4,0.15357142857142858,0.9428571428571428,0.08,0.84,0.0,0.0,0.1,0.06
base,53005,71,Instructive-driven,1.9144694718420396e-09,0.4507042253521127,0.15492957746478872,0.9436619718309859,0.08,0.86,0.0,0.0,0.08,0.06
base,53005,72,Instructive-driven,1.9144694718420396e-09,0.4027777777777778,0.1388888888888889,0.9444444444444444,0.08,0.86,0.0,0.0,0.06,0.08
base,53005,73,Instructive-driven,1.9144694718420396e-09,0.4246575342465753,0.13356164383561644,0.9452054794520548,0.08,0.84,0.0,0.0,0.08,0.08
base,53005,74,Instructive-driven,1.9144694718420396e-09,0.32432432432432434,0.0945945945945946,0.9459459459459459,0.08,0.88,0.0,0.0,0.04,0.08
base,53005,75,Instructive-driven,1.9144694718420396e-09,0.28,0.06666666666666667,0.9466666666666667,0.08,0.88,0.0,0.0,0.04,0.08
base,53005,76,Instructive-driven,1.9144694718420396e-09,0.42105263157894735,0.11513157894736842,0.9473684210526316,0.08,0.88,0.0,0.0,0.04,0.08
base,53005,77,Instructive-driven,1.9144694718420396e-09,0.36363636363636365,0.09090909090909091,0.948051948051948,0.08,0.86,0.0,0.0,0.08,0.06
base,53005,78,Instructive-driven,1.9144694718420396e-09,0.1794871794871795,0.0641025641025641,0.9487179487179487,0.08,0.88,0.0,0.0,0.08,0.04
base,53005,79,Instructive-driven,1.9144694718420396e-09,0.17721518987341772,0.056962025316455694,0.9493670886075949,0.08,0.88,0.0,0.0,0.06,0.06
base,53005,80,Instructive-driven,1.9144694718420396e-09,0.2,0.0625,0.95,0.08,0.88,0.0,0.0,0.06,0.06
base,53005,81,Instructive-driven,1.9144694718420396e-09,0.25925925925925924,0.06481481481481481,0.9506172839506173,0.08,0.88,0.0,0.0,0.06,0.06
base,53005,82,Instructive-driven,1.9144694718420396e-09,0.24390243902439024,0.06097560975609756,0.9512195121951219,0.08,0.88,0.0,0.0,0.08,0.04
base,53005,83,Instructive-driven,1.9144694718420396e-09,0.2891566265060241,0.08433734939759036,0.9518072289156626,0.08,0.88,0.0,0.0,0.06,0.06
base,53005,84,Instructive-driven,1.9144694718420396e-09,0.36904761904761907,0.08630952380952381,0.9523809523809523,0.08,0.88,0.0,0.0,0.08,0.04
base,53005,85,Instructive-driven,1.9144694718420396e-09,0.2823529411764706,0.052941176470588235,0.9529411764705882,0.08,0.88,0.0,0.0,0.04,0.08
base,53005,86,Instructive-driven,1.9144694718420396e-09,0.16279069767441862,0.046511627906976744,0.9534883720930233,0.08,0.88,0.0,0.0,0.04,0.08
base,53005,87,Instructive-driven,1.9144694718420396e-09,0.19540229885057472,0.05747126436781609,0.9540229885057472,0.08,0.88,0.0,0.0,0.06,0.06
base,53005,88,Instructive-driven,1.9144694718420396e-09,0.18181818181818182,0.056818181818181816,0.9545454545454546,0.08,0.88,0.0,0.0,0.06,0.06
base,53005,89,Instructive-driven,1.9144694718420396e-09,0.19101123595505617,0.06460674157303371,0.9438202247191011,0.1,0.88,0.0,0.0,0.06,0.06
base,53005,90,Instructive-driven,1.9144694718420396e-09,0.25555555555555554,0.06944444444444445,0.9444444444444444,0.1,0.88,0.0,0.0,0.06,0.06
base,53006,1,Instructive-driven,4.943428777437475e-08,1.0,1.0,0.0,0.04,0.44,0.0,0.0,0.32,0.24
base,53006,2,Instructive-driven,4.943428777437475e-08,1.0,0.875,0.0,0.08,0.72,0.0,0.0,0.18,0.1
base,53006,3,Instructive-driven,4.943428777437475e-08,1.0,0.8333333333333334,0.0,0.1,0.9,0.0,0.0,0.1,0.0
base,53006,4,Instructive-driven,4.943428777437475e-08,1.0,0.6875,0.0,0.1,0.9,0.0,0.0,0.1,0.0
base,53006,5,Instructive-driven,4.943428777437475e-08,1.0,0.45,0.0,0.12,0.9,0.0,0.0,0.1,0.0
base,53006,6,Instructive-driven,4.943428777437475e-08,1.0,0.4583333333333333,0.16666666666666663,0.12,0.88,0.0,0.0,0.12,0.0
base,53006,7,Instructive-driven,4.943428777437475e-08,1.0,0.39285714285714285,0.1428571428571429,0.14,0.86,0.0,0.0,0.12,0.02
base,53006,8,Instructive-driven,4.943428777437475e-08,1.0,0.4375,0.125,0.14,0.92,0.0,0.0,0.04,0.04
base,53006,9,Instructive-driven,4.943428777437475e-08,1.0,0.6111111111111112,0.2222222222222222,0.14,0.94,0.0,0.0,0.06,0.0
base,53006,10,Instructive-driven,4.943428777437475e-08,0.9,0.525,0.30000000000000004,0.14,0.92,0.0,0.0,0.06,0.02
base,53006,11,Instructive-driven,4.943428777437475e-08,0.7272727272727273,0.18181818181818182,0.36363636363636365,0.14,0.9,0.0,0.0,0.1,0.0
base,53006,12,Instructive-driven,4.943428777437475e-08,0.4166666666666667,0.14583333333333334,0.41666666666666663,0.14,0.92,0.0,0.0,0.06,0.02
base,53006,13,Instructive-driven,4.943428777437475e-08,0.6923076923076923,0.11538461538461539,0.46153846153846156,0.14,0.9,0.0,0.0,0.08,0.02
base,53006,14,Instructive-driven,4.943428777437475e-08,0.5714285714285714,0.05357142857142857,0.5,0.14,0.92,0.0,0.0,0.06,0.02
base,53006,15,Instructive-driven,4.943428777437475e-08,0.7333333333333333,0.21666666666666667,0.5333333333333333,0.14,0.92,0.0,0.0,0.08,0.0
base,53006,16,Instructive-driven,4.943428777437475e-08,0.625,0.15625,0.5625,0.14,0.94,0.0,0.0,0.04,0.02
base,53006,17,Instructive-driven,4.943428777437475e-08,0.6470588235294118,0.27941176470588236,0.5294117647058824,0.14,0.92,0.0,0.0,0.08,0.0
base,53006,18,Instructive-driven,4.943428777437475e-08,0.7777777777777778,0.1388888888888889,0.5555555555555556,0.14,0.92,0.0,0.0,0.08,0.0
base,53006,19,Instructive-driven,4.943428777437475e-08,0.5789473684210527,0.18421052631578946,0.5789473684210527,0.14,0.94,0.0,0.0,0.06,0.0
base,53006,20,Instructive-driven,4.943428777437475e-08,0.7,0.1875,0.55,0.16,0.94,0.0,0.0,0.04,0.02
base,53006,21,Instructive-driven,4.943428777437475e-08,0.42857142857142855,0.2261904761904762,0.5714285714285714,0.16,0.94,0.0,0.0,0.04,0.02
base,53006,22,Instructive-driven,4.943428777437475e-08,0.3181818181818182,0.1590909090909091,0.5909090909090908,0.16,0.92,0.0,0.0,0.04,0.04
base,53006,23,Instructive-driven,4.943428777437475e-08,0.17391304347826086,0.08695652173913043,0.6086956521739131,0.16,0.94,0.0,0.0,0.06,0.0
base,53006,24,Instructive-driven,4.943428777437475e-08,0.25,0.11458333333333333,0.625,0.16,0.94,0.0,0.0,0.06,0.0
base,53006,25,Instructive-driven,4.943428777437475e-08,0.4,0.13,0.64,0.16,0.94,0.0,0.0,0.04,0.02
base,53006,26,Instructive-driven,4.943428777437475e-08,0.23076923076923078,0.08653846153846154,0.6153846153846154,0.16,0.94,0.0,0.0,0.04,0.02
base,53006,27,Instructive-driven,4.943428777437475e-08,0.25925925925925924,0.1111111111111111,0.6296296296296297,0.16,0.94,0.0,0.0,0.04,0.02
base,53006,28,Instructive-driven,4.943428777437475e-08,0.42857142857142855,0.09821428571428571,0.6428571428571428,0.16,0.94,0.0,0.0,0.04,0.02
base,53006,29,Instructive-driven,4.943428777437475e-08,0.2413793103448276,0.1206896551724138,0.6206896551724138,0.16,0.94,0.0,0.0,0.04,0.02
base,53006,30,Instructive-driven,4.943428777437475e-08,0.3333333333333333,0.08333333333333333,0.6333333333333333,0.16,0.94,0.0,0.0,0.02,0.04
base,53006,31,Instructive-driven,4.943428777437475e-08,0.2903225806451613,0.08064516129032258,0.6129032258064516,0.18,0.92,0.0,0.0,0.06,0.02
base,53006,32,Instructive-driven,4.943428777437475e-08,0.21875,0.0859375,0.625,0.18,0.94,0.0,0.0,0.06,0.0
base,53006,33,Instructive-driven,4.943428777437475e-08,0.30303030303030304,0.08333333333333333,0.6060606060606061,0.2,0.94,0.0,0.0,0.04,0.02
base,53006,34,Instructive-driven,4.943428777437475e-08,0.8235294117647058,0.2867647058823529,0.6176470588235294,0.2,0.88,0.0,0.0,0.1,0.02
base,53006,35,Instructive-driven,4.943428777437475e-08,0.8857142857142857,0.32142857142857145,0.6285714285714286,0.2,0.92,0.0,0.0,0.06,0.02
base,53006,36,Instructive-driven,4.943428777437475e-08,0.6388888888888888,0.1875,0.6388888888888888,0.2,0.9,0.0,0.0,0.1,0.0
base,53006,37,Instructive-driven,4.943428777437475e-08,0.4864864864864865,0.16216216216216217,0.6486486486486487,0.2,0.92,0.0,0.0,0.06,0.02
base,53006,38,Instructive-driven,4.943428777437475e-08,0.47368421052631576,0.125,0.6578947368421053,0.2,0.92,0.0,0.0,0.08,0.0
base,53006,39,Instructive-driven,4.943428777437475e-08,0.358974358974359,0.08974358974358974,0.6666666666666667,0.2,0.92,0.0,0.0,0.08,0.0
base,53006,40,Instructive-driven,4.943428777437475e-08,0.25,0.06875,0.675,0.2,0.94,0.0,0.0,0.04,0.02
base,53006,41,Instructive-driven,4.943428777437475e-08,0.2926829268292683,0.13414634146341464,0.6829268292682926,0.2,0.92,0.0,0.0,0.06,0.02
base,53006,42,Instructive-driven,4.943428777437475e-08,0.3333333333333333,0.06547619047619048,0.6904761904761905,0.2,0.94,0.0,0.0,0.04,0.02
base,53006,43,Instructive-driven,4.943428777437475e-08,0.32558139534883723,0.06395348837209303,0.6976744186046512,0.2,0.94,0.0,0.0,0.02,0.04
base,53006,44,Instructive-driven,4.943428777437475e-08,0.2727272727272727,0.11931818181818182,0.7045454545454546,0.2,0.94,0.0,0.0,0.06,0.0
base,53006,45,Instructive-driven,4.943428777437475e-08,0.28888888888888886,0.1,0.7111111111111111,0.2,0.94,0.0,0.0,0.06,0.0
base,53006,46,Instructive-driven,4.943428777437475e-08,0.32608695652173914,0.11413043478260869,0.7173913043478262,0.2,0.94,0.0,0.0,0.06,0.0
base,53006,47,Instructive-driven,4.943428777437475e-08,0.5319148936170213,0.13829787234042554,0.7021276595744681,0.2,0.92,0.0,0.0,0.08,0.0
base,53006,48,Instructive-driven,4.943428777437475e-08,0.4583333333333333,0.08854166666666667,0.7083333333333333,0.2,0.92,0.0,0.0,0.08,0.0
base,53006,49,Instructive-driven,4.943428777437475e-08,0.42857142857142855,0.10204081632653061,0.6938775510204082,0.22,0.9,0.0,0.0,0.1,0.0
base,53006,50,Instructive-driven,4.943428777437475e-08,0.48,0.1,0.7,0.22,0.92,0.0,0.0,0.08,0.0
base,53006,51,Instructive-driven,4.943428777437475e-08,0.2549019607843137,0.10294117647058823,0.7058823529411764,0.22,0.92,0.0,0.0,0.08,0.0
base,53006,52,Instructive-driven,4.943428777437475e-08,0.2692307692307692,0.11538461538461539,0.7115384615384616,0.22,0.94,0.0,0.0,0.06,0.0
base,53006,53,Instructive-driven,4.943428777437475e-08,0.18867924528301888,0.07075471698113207,0.7169811320754718,0.22,0.94,0.0,0.0,0.04,0.02
base,53006,54,Instructive-driven,4.943428777437475e-08,0.16666666666666666,0.08333333333333333,0.7222222222222222,0.22,0.94,0.0,0.0,0.06,0.0
base,53006,55,Instructive-driven,4.943428777437475e-08,0.23636363636363636,0.07272727272727272,0.7272727272727273,0.22,0.88,0.0,0.0,0.12,0.0
base,53006,56,Instructive-driven,4.943428777437475e-08,0.35714285714285715,0.12946428571428573,0.7321428571428572,0.22,0.94,0.0,0.0,0.06,0.0
base,53006,57,Instructive-driven,4.943428777437475e-08,0.2807017543859649,0.08771929824561403,0.736842105263158,0.22,0.94,0.0,0.0,0.06,0.0
base,53006,58,Instructive-driven,4.943428777437475e-08,0.22413793103448276,0.0603448275862069,0.7241379310344828,0.22,0.94,0.0,0.0,0.04,0.02
base,53006,59,Instructive-driven,4.943428777437475e-08,0.1864406779661017,0.059322033898305086,0.728813559322034,0.22,0.94,0.0,0.0,0.06,0.0
base,53006,60,Instructive-driven,4.943428777437475e-08,0.4666666666666667,0.1375,0.7333333333333334,0.22,0.94,0.0,0.0,0.06,0.0
base,53006,61,Instructive-driven,4.943428777437475e-08,0.19672131147540983,0.08196721311475409,0.7377049180327868,0.22,0.94,0.0,0.0,0.06,0.0
base,53006,62,Instructive-driven,4.943428777437475e-08,0.1935483870967742,0.07661290322580645,0.7419354838709677,0.22,0.9,0.0,0.0,0.1,0.0
base,53006,63,Instructive-driven,4.943428777437475e-08,0.20634920634920634,0.0873015873015873,0.746031746031746,0.22,0.94,0.0,0.0,0.06,0.0
base,53006,64,Instructive-driven,4.943428777437475e-08,0.171875,0.0546875,0.75,0.22,0.92,0.0,0.0,0.08,0.0
base,53006,65,Instructive-driven,4.943428777437475e-08,0.26153846153846155,0.12692307692307692,0.7538461538461538,0.22,0.9,0.0,0.0,0.1,0.0
base,53006,66,Instructive-driven,4.943428777437475e-08,0.3484848484848485,0.19318181818181818,0.7424242424242424,0.24,0.92,0.0,0.0,0.08,0.0
base,53006,67,Instructive-driven,4.943428777437475e-08,0.16417910447761194,0.041044776119402986,0.7462686567164178,0.24,0.92,0.0,0.0,0.08,0.0
base,53006,68,Instructive-driven,4.943428777437475e-08,0.3088235294117647,0.10294117647058823,0.75,0.24,0.92,0.0,0.0,0.08,0.0
base,53006,69,Instructive-driven,4.943428777437475e-08,0.3188405797101449,0.11594202898550725,0.7536231884057971,0.24,0.9,0.0,0.0,0.1,0.0
base,53006,70,Instructive-driven,4.943428777437475e-08,0.2714285714285714,0.08928571428571429,0.7571428571428571,0.24,0.88,0.0,0.0,0.12,0.0
base,53006,71,Instructive-driven,4.943428777437475e-08,0.2535211267605634,0.10915492957746478,0.7605633802816901,0.24,0.88,0.0,0.0,0.12,0.0
base,53006,72,Instructive-driven,4.943428777437475e-08,0.16666666666666666,0.08680555555555555,0.7638888888888888,0.24,0.88,0.0,0.0,0.12,0.0
base,53006,73,Instructive-driven,4.943428777437475e-08,0.2328767123287671,0.11986301369863013,0.7671232876712328,0.24,0.94,0.0,0.0,0.06,0.0
base,53006,74,Instructive-driven,4.943428777437475e-08,0.2702702702702703,0.09121621621621621,0.7702702702702703,0.24,0.94,0.0,0.0,0.06,0.0
base,53006,75,Instructive-driven,4.943428777437475e-08,0.2,0.09666666666666666,0.76,0.26,0.9,0.0,0.0,0.1,0.0
base,53006,76,Instructive-driven,4.943428777437475e-08,0.18421052631578946,0.06578947368421052,0.7631578947368421,0.26,0.9,0.0,0.0,0.1,0.0
base,53006,77,Instructive-driven,4.943428777437475e-08,0.3246753246753247,0.16883116883116883,0.7662337662337663,0.26,0.9,0.0,0.0,0.1,0.0
base,53006,78,Instructive-driven,4.943428777437475e-08,0.28205128205128205,0.11858974358974358,0.7692307692307692,0.26,0.9,0.0,0.0,0.1,0.0
base,53006,79,Instructive-driven,4.943428777437475e-08,0.27848101265822783,0.10126582278481013,0.7721518987341772,0.26,0.92,0.0,0.0,0.08,0.0
base,53006,80,Instructive-driven,4.943428777437475e-08,0.2,0.059375,0.7625,0.26,0.9,0.0,0.0,0.1,0.0
base,53006,81,Instructive-driven,4.943428777437475e-08,0.2716049382716049,0.11419753086419752,0.7654320987654322,0.26,0.98,0.0,0.0,0.02,0.0
base,53006,82,Instructive-driven,4.943428777437475e-08,0.12195121951219512,0.06097560975609756,0.7682926829268293,0.26,0.88,0.0,0.0,0.12,0.0
base,53006,83,Instructive-driven,4.943428777437475e-08,0.20481927710843373,0.0783132530120482,0.7710843373493976,0.26,0.9,0.0,0.0,0.1,0.0
base,53006,84,Instructive-driven,4.943428777437475e-08,0.27380952380952384,0.08035714285714286,0.7738095238095238,0.26,0.92,0.0,0.0,0.08,0.0
base,53006,85,Instructive-driven,4.943428777437475e-08,0.24705882352941178,0.09411764705882353,0.7764705882352941,0.26,0.9,0.0,0.0,0.1,0.0
base,53006,86,Instructive-driven,4.943428777437475e-08,0.4069767441860465,0.12790697674418605,0.7790697674418605,0.26,0.88,0.0,0.0,0.12,0.0
base,53006,87,Instructive-driven,4.943428777437475e-08,0.26436781609195403,0.09770114942528736,0.7816091954022988,0.26,0.9,0.0,0.0,0.1,0.0
base,53006,88,Instructive-driven,4.943428777437475e-08,0.2727272727272727,0.07102272727272728,0.7840909090909091,0.26,0.9,0.0,0.0,0.1,0.0
base,53006,89,Instructive-driven,4.943428777437475e-08,0.38202247191011235,0.14325842696629212,0.7865168539325843,0.26,0.92,0.0,0.0,0.08,0.0
base,53006,90,Instructive-driven,4.943428777437475e-08,0.28888888888888886,0.08333333333333333,0.7888888888888889,0.26,0.9,0.0,0.0,0.1,0.0
base,53007,1,Instructive-driven,1.523302017858441e-08,1.0,1.0,0.0,0.04,0.5,0.0,0.0,0.32,0.18
base,53007,2,Instructive-driven,1.523302017858441e-08,1.0,0.5,0.5,0.04,0.88,0.0,0.0,0.1,0.02
base,53007,3,Instructive-driven,1.523302017858441e-08,1.0,0.3333333333333333,0.33333333333333337,0.06,0.96,0.0,0.0,0.02,0.02
base,53007,4,Instructive-driven,1.523302017858441e-08,1.0,0.375,0.25,0.08,0.94,0.0,0.0,0.06,0.0
base,53007,5,Instructive-driven,1.523302017858441e-08,1.0,0.25,0.19999999999999996,0.1,0.9,0.0,0.0,0.1,0.0
base,53007,6,Instructive-driven,1.523302017858441e-08,0.8333333333333334,0.20833333333333334,0.16666666666666663,0.12,0.88,0.0,0.0,0.12,0.0
base,53007,7,Instructive-driven,1.523302017858441e-08,0.7142857142857143,0.17857142857142858,0.1428571428571429,0.14,0.92,0.0,0.0,0.08,0.0
base,53007,8,Instructive-driven,1.523302017858441e-08,0.75,0.15625,0.125,0.16,0.9,0.0,0.0,0.1,0.0
base,53007,9,Instructive-driven,1.523302017858441e-08,0.7777777777777778,0.25,0.2222222222222222,0.16,0.9,0.0,0.0,0.1,0.0
base,53007,10,Instructive-driven,1.523302017858441e-08,0.8,0.225,0.30000000000000004,0.16,0.92,0.0,0.0,0.08,0.0
base,53007,11,Instructive-driven,1.523302017858441e-08,0.8181818181818182,0.22727272727272727,0.36363636363636365,0.16,0.9,0.0,0.0,0.1,0.0
base,53007,12,Instructive-driven,1.523302017858441e-08,0.5833333333333334,0.3333333333333333,0.33333333333333337,0.18,0.92,0.0,0.0,0.08,0.0
base,53007,13,Instructive-driven,1.523302017858441e-08,0.6153846153846154,0.17307692307692307,0.3076923076923077,0.2,0.92,0.0,0.0,0.08,0.0
base,53007,14,Instructive-driven,1.523302017858441e-08,0.5714285714285714,0.14285714285714285,0.2857142857142857,0.22,0.9,0.0,0.0,0.1,0.0
base,53007,15,Instructive-driven,1.523302017858441e-08,0.6,0.2,0.33333333333333337,0.22,0.88,0.0,0.0,0.12,0.0
base,53007,16,Instructive-driven,1.523302017858441e-08,0.3125,0.125,0.375,0.22,0.92,0.0,0.0,0.08,0.0
base,53007,17,Instructive-driven,1.523302017858441e-08,0.5294117647058824,0.10294117647058823,0.4117647058823529,0.22,0.88,0.0,0.0,0.12,0.0
base,53007,18,Instructive-driven,1.523302017858441e-08,0.3333333333333333,0.125,0.4444444444444444,0.22,0.92,0.0,0.0,0.08,0.0
base,53007,19,Instructive-driven,1.523302017858441e-08,0.3684210526315789,0.07894736842105263,0.4736842105263158,0.22,0.9,0.0,0.0,0.1,0.0
base,53007,20,Instructive-driven,1.523302017858441e-08,0.35,0.1375,0.5,0.22,0.84,0.0,0.0,0.16,0.0
base,53007,21,Instructive-driven,1.523302017858441e-08,0.3333333333333333,0.11904761904761904,0.5238095238095238,0.22,0.88,0.0,0.0,0.12,0.0
base,53007,22,Instructive-driven,1.523302017858441e-08,0.3181818181818182,0.10227272727272728,0.5454545454545454,0.22,0.9,0.0,0.0,0.1,0.0
base,53007,23,Instructive-driven,1.523302017858441e-08,0.34782608695652173,0.16304347826086957,0.5652173913043479,0.22,0.88,0.0,0.0,0.12,0.0
base,53007,24,Instructive-driven,1.523302017858441e-08,0.3333333333333333,0.09375,0.5833333333333333,0.22,0.86,0.0,0.0,0.14,0.0
base,53007,25,Instructive-driven,1.523302017858441e-08,0.44,0.1,0.6,0.22,0.88,0.0,0.0,0.12,0.0
base,53007,26,Instructive-driven,1.523302017858441e-08,0.2692307692307692,0.16346153846153846,0.6153846153846154,0.22,0.86,0.0,0.0,0.14,0.0
base,53007,27,Instructive-driven,1.523302017858441e-08,0.48148148148148145,0.21296296296296297,0.6296296296296297,0.22,0.86,0.0,0.0,0.14,0.0
base,53007,28,Instructive-driven,1.523302017858441e-08,0.2857142857142857,0.08928571428571429,0.6428571428571428,0.22,0.9,0.0,0.0,0.1,0.0
base,53007,29,Instructive-driven,1.523302017858441e-08,0.41379310344827586,0.1810344827586207,0.6551724137931034,0.22,0.92,0.0,0.0,0.08,0.0
base,53007,30,Instructive-driven,1.523302017858441e-08,0.36666666666666664,0.175,0.6666666666666667,0.22,0.88,0.0,0.0,0.12,0.0
base,53007,31,Instructive-driven,1.523302017858441e-08,0.4838709677419355,0.12903225806451613,0.6774193548387097,0.22,0.88,0.0,0.0,0.12,0.0
base,53007,32,Instructive-driven,1.523302017858441e-08,0.0625,0.0546875,0.65625,0.24,0.9,0.0,0.0,0.1,0.0
base,53007,33,Instructive-driven,1.523302017858441e-08,0.6060606060606061,0.1893939393939394,0.6666666666666667,0.24,0.9,0.0,0.0,0.1,0.0
base,53007,34,Instructive-driven,1.523302017858441e-08,0.7058823529411765,0.2426470588235294,0.6470588235294117,0.26,0.9,0.0,0.0,0.1,0.0
base,53007,35,Instructive-driven,1.523302017858441e-08,0.6285714285714286,0.2714285714285714,0.6571428571428571,0.26,0.88,0.0,0.0,0.12,0.0
base,53007,36,Instructive-driven,1.523302017858441e-08,0.6111111111111112,0.2847222222222222,0.6666666666666667,0.26,0.86,0.0,0.0,0.14,0.0
base,53007,37,Instructive-driven,1.523302017858441e-08,0.3783783783783784,0.16216216216216217,0.6756756756756757,0.26,0.88,0.0,0.0,0.12,0.0
base,53007,38,Instructive-driven,1.523302017858441e-08,0.5,0.19078947368421054,0.6842105263157895,0.26,0.88,0.0,0.0,0.12,0.0
base,53007,39,Instructive-driven,1.523302017858441e-08,0.3333333333333333,0.1346153846153846,0.6923076923076923,0.26,0.88,0.0,0.0,0.12,0.0
base,53007,40,Instructive-driven,1.523302017858441e-08,0.325,0.175,0.7,0.26,0.88,0.0,0.0,0.12,0.0
base,53007,41,Instructive-driven,1.523302017858441e-08,0.4634146341463415,0.15853658536585366,0.7073170731707317,0.26,0.86,0.0,0.0,0.14,0.0
base,53007,42,Instructive-driven,1.523302017858441e-08,0.42857142857142855,0.18452380952380953,0.7142857142857143,0.26,0.88,0.0,0.0,0.12,0.0
base,53007,43,Instructive-driven,1.523302017858441e-08,0.32558139534883723,0.1686046511627907,0.7209302325581395,0.26,0.86,0.0,0.0,0.14,0.0
base,53007,44,Instructive-driven,1.523302017858441e-08,0.36363636363636365,0.17045454545454544,0.7045454545454546,0.28,0.86,0.0,0.0,0.14,0.0
base,53007,45,Instructive-driven,1.523302017858441e-08,0.3333333333333333,0.17777777777777778,0.7111111111111111,0.28,0.88,0.0,0.0,0.12,0.0
base,53007,46,Instructive-driven,1.523302017858441e-08,0.3695652173913043,0.15760869565217392,0.7173913043478262,0.28,0.88,0.0,0.0,0.12,0.0
base,53007,47,Instructive-driven,1.523302017858441e-08,0.3617021276595745,0.1702127659574468,0.7234042553191489,0.28,0.86,0.0,0.0,0.14,0.0
base,53007,48,Instructive-driven,1.523302017858441e-08,0.2916666666666667,0.15104166666666666,0.7291666666666667,0.28,0.88,0.0,0.0,0.12,0.0
base,53007,49,Instructive-driven,1.523302017858441e-08,0.32653061224489793,0.17346938775510204,0.7346938775510203,0.28,0.86,0.0,0.0,0.14,0.0
base,53007,50,Instructive-driven,1.523302017858441e-08,0.38,0.175,0.74,0.28,0.86,0.0,0.0,0.14,0.0
base,53007,51,Instructive-driven,1.523302017858441e-08,0.35294117647058826,0.16176470588235295,0.7450980392156863,0.28,0.84,0.0,0.0,0.16,0.0
base,53007,52,Instructive-driven,1.523302017858441e-08,0.3269230769230769,0.16346153846153846,0.75,0.28,0.86,0.0,0.0,0.14,0.0
base,53007,53,Instructive-driven,1.523302017858441e-08,0.32075471698113206,0.15566037735849056,0.7547169811320755,0.28,0.84,0.0,0.0,0.16,0.0
base,53007,54,Instructive-driven,1.523302017858441e-08,0.3148148148148148,0.1712962962962963,0.7592592592592593,0.28,0.84,0.0,0.0,0.16,0.0
base,53007,55,Instructive-driven,1.523302017858441e-08,0.38181818181818183,0.17727272727272728,0.7636363636363637,0.28,0.86,0.0,0.0,0.14,0.0
base,53007,56,Instructive-driven,1.523302017858441e-08,0.32142857142857145,0.16517857142857142,0.7678571428571428,0.28,0.86,0.0,0.0,0.14,0.0
base,53007,57,Instructive-driven,1.523302017858441e-08,0.3333333333333333,0.15789473684210525,0.7719298245614035,0.28,0.86,0.0,0.0,0.14,0.0
base,53007,58,Instructive-driven,1.523302017858441e-08,0.3103448275862069,0.15086206896551724,0.7758620689655172,0.28,0.86,0.0,0.0,0.14,0.0
base,53007,59,Instructive-driven,1.523302017858441e-08,0.3559322033898305,0.15254237288135594,0.7796610169491526,0.28,0.86,0.0,0.0,0.14,0.0
base,53007,60,Instructive-driven,1.523302017858441e-08,0.36666666666666664,0.16666666666666666,0.7833333333333333,0.28,0.88,0.0,0.0,0.12,0.0
base,53007,61,Instructive-driven,1.523302017858441e-08,0.36065573770491804,0.16393442622950818,0.7868852459016393,0.28,0.86,0.0,0.0,0.14,0.0
base,53007,62,Instructive-driven,1.523302017858441e-08,0.3548387096774194,0.16532258064516128,0.7903225806451613,0.28,0.86,0.0,0.0,0.14,0.0
base,53007,63,Instructive-driven,1.523302017858441e-08,0.3492063492063492,0.17063492063492064,0.7777777777777778,0.3,0.84,0.0,0.0,0.16,0.0
base,53007,64,Instructive-driven,1.523302017858441e-08,0.15625,0.078125,0.78125,0.3,0.86,0.0,0.0,0.14,0.0
base,53007,65,Instructive-driven,1.523302017858441e-08,0.09230769230769231,0.06153846153846154,0.7846153846153846,0.3,0.84,0.0,0.0,0.16,0.0
base,53007,66,Instructive-driven,1.523302017858441e-08,0.12121212121212122,0.07575757575757576,0.7878787878787878,0.3,0.86,0.0,0.0,0.14,0.0
base,53007,67,Instructive-driven,1.523302017858441e-08,0.11940298507462686,0.0708955223880597,0.791044776119403,0.3,0.86,0.0,0.0,0.14,0.0
base,53007,68,Instructive-driven,1.523302017858441e-08,0.11764705882352941,0.06985294117647059,0.7941176470588236,0.3,0.84,0.0,0.0,0.16,0.0
base,53007,69,Instructive-driven,1.523302017858441e-08,0.10144927536231885,0.050724637681159424,0.7971014492753623,0.3,0.84,0.0,0.0,0.16,0.0
base,53007,70,Instructive-driven,1.523302017858441e-08,0.1,0.05,0.8,0.3,0.84,0.0,0.0,0.16,0.0
base,53007,71,Instructive-driven,1.523302017858441e-08,0.11267605633802817,0.0528169014084507,0.8028169014084507,0.3,0.84,0.0,0.0,0.16,0.0
base,53007,72,Instructive-driven,1.523302017858441e-08,0.1111111111111111,0.052083333333333336,0.8055555555555556,0.3,0.84,0.0,0.0,0.16,0.0
base,53007,73,Instructive-driven,1.523302017858441e-08,0.2328767123287671,0.1095890410958904,0.8082191780821918,0.3,0.84,0.0,0.0,0.16,0.0
base,53007,74,Instructive-driven,1.523302017858441e-08,0.21621621621621623,0.10135135135135136,0.8108108108108107,0.3,0.84,0.0,0.0,0.16,0.0
base,53007,75,Instructive-driven,1.523302017858441e-08,0.25333333333333335,0.09666666666666666,0.8133333333333334,0.3,0.84,0.0,0.0,0.16,0.0
base,53007,76,Instructive-driven,1.523302017858441e-08,0.19736842105263158,0.08223684210526316,0.8157894736842105,0.3,0.84,0.0,0.0,0.16,0.0
base,53007,77,Instructive-driven,1.523302017858441e-08,0.2597402597402597,0.09090909090909091,0.8181818181818181,0.3,0.84,0.0,0.0,0.16,0.0
base,53007,78,Instructive-driven,1.523302017858441e-08,0.2692307692307692,0.11217948717948718,0.8205128205128205,0.3,0.84,0.0,0.0,0.16,0.0
base,53007,79,Instructive-driven,1.523302017858441e-08,0.3924050632911392,0.12658227848101267,0.8227848101265822,0.3,0.84,0.0,0.0,0.16,0.0
base,53007,80,Instructive-driven,1.523302017858441e-08,0.4,0.13125,0.825,0.3,0.84,0.0,0.0,0.16,0.0
base,53007,81,Instructive-driven,1.523302017858441e-08,0.32098765432098764,0.08333333333333333,0.8271604938271605,0.3,0.84,0.0,0.0,0.16,0.0
base,53007,82,Instructive-driven,1.523302017858441e-08,0.2682926829268293,0.08231707317073171,0.8170731707317074,0.32,0.84,0.0,0.0,0.16,0.0
base,53007,83,Instructive-driven,1.523302017858441e-08,0.27710843373493976,0.09337349397590361,0.8192771084337349,0.32,0.82,0.0,0.0,0.18,0.0
base,53007,84,Instructive-driven,1.523302017858441e-08,0.2976190476190476,0.09523809523809523,0.8095238095238095,0.34,0.82,0.0,0.0,0.18,0.0
base,53007,85,Instructive-driven,1.523302017858441e-08,0.3058823529411765,0.09411764705882353,0.8117647058823529,0.34,0.82,0.0,0.0,0.18,0.0
base,53007,86,Instructive-driven,1.523302017858441e-08,0.29069767441860467,0.08430232558139535,0.813953488372093,0.34,0.82,0.0,0.0,0.18,0.0
base,53007,87,Instructive-driven,1.523302017858441e-08,0.28735632183908044,0.09195402298850575,0.8160919540229885,0.34,0.84,0.0,0.0,0.16,0.0
base,53007,88,Instructive-driven,1.523302017858441e-08,0.29545454545454547,0.09659090909090909,0.8181818181818181,0.34,0.82,0.0,0.0,0.18,0.0
base,53007,89,Instructive-driven,1.523302017858441e-08,0.29213483146067415,0.0898876404494382,0.8202247191011236,0.34,0.84,0.0,0.0,0.16,0.0
base,53007,90,Instructive-driven,1.523302017858441e-08,0.2777777777777778,0.09166666666666666,0.8222222222222222,0.34,0.82,0.0,0.0,0.18,0.0
base,53008,1,Instructive-driven,3.0185463018028713e-09,1.0,1.0,0.0,0.04,0.46,0.0,0.0,0.36,0.18
base,53008,2,Instructive-driven,3.0185463018028713e-09,1.0,0.875,0.0,0.08,0.94,0.0,0.0,0.02,0.04
base,53008,3,Instructive-driven,3.0185463018028713e-09,1.0,0.8333333333333334,0.0,0.1,0.96,0.0,0.0,0.02,0.02
base,53008,4,Instructive-driven,3.0185463018028713e-09,1.0,0.8125,0.0,0.12,0.92,0.0,0.0,0.08,0.0
base,53008,5,Instructive-driven,3.0185463018028713e-09,1.0,0.45,0.19999999999999996,0.12,0.92,0.0,0.0,0.06,0.02
base,53008,6,Instructive-driven,3.0185463018028713e-09,1.0,0.4166666666666667,0.33333333333333337,0.12,0.92,0.0,0.0,0.08,0.0
base,53008,7,Instructive-driven,3.0185463018028713e-09,1.0,0.39285714285714285,0.2857142857142857,0.14,0.92,0.0,0.0,0.04,0.04
base,53008,8,Instructive-driven,3.0185463018028713e-09,1.0,0.34375,0.25,0.18,0.94,0.0,0.0,0.04,0.02
base,53008,9,Instructive-driven,3.0185463018028713e-09,0.6666666666666666,0.2222222222222222,0.33333333333333337,0.18,0.92,0.0,0.0,0.06,0.02
base,53008,10,Instructive-driven,3.0185463018028713e-09,0.6,0.225,0.4,0.18,0.94,0.0,0.0,0.04,0.02
base,53008,11,Instructive-driven,3.0185463018028713e-09,0.2727272727272727,0.20454545454545456,0.36363636363636365,0.2,0.92,0.0,0.0,0.08,0.0
base,53008,12,Instructive-driven,3.0185463018028713e-09,0.25,0.1875,0.41666666666666663,0.2,0.92,0.0,0.0,0.08,0.0
base,53008,13,Instructive-driven,3.0185463018028713e-09,0.6153846153846154,0.19230769230769232,0.46153846153846156,0.2,0.94,0.0,0.0,0.06,0.0
base,53008,14,Instructive-driven,3.0185463018028713e-09,0.5714285714285714,0.17857142857142858,0.4285714285714286,0.2,0.92,0.0,0.0,0.08,0.0
base,53008,15,Instructive-driven,3.0185463018028713e-09,0.2,0.1,0.4,0.2,0.9,0.0,0.0,0.1,0.0
base,53008,16,Instructive-driven,3.0185463018028713e-09,0.25,0.09375,0.4375,0.2,0.9,0.0,0.0,0.1,0.0
base,53008,17,Instructive-driven,3.0185463018028713e-09,0.4117647058823529,0.08823529411764706,0.47058823529411764,0.2,0.9,0.0,0.0,0.08,0.02
base,53008,18,Instructive-driven,3.0185463018028713e-09,0.5,0.20833333333333334,0.5,0.2,0.9,0.0,0.0,0.08,0.02
base,53008,19,Instructive-driven,3.0185463018028713e-09,0.5789473684210527,0.21052631578947367,0.5263157894736843,0.2,0.92,0.0,0.0,0.06,0.02
base,53008,20,Instructive-driven,3.0185463018028713e-09,0.6,0.2625,0.5,0.24,0.9,0.0,0.0,0.08,0.02
base,53008,21,Instructive-driven,3.0185463018028713e-09,0.6190476190476191,0.17857142857142858,0.5238095238095238,0.24,0.9,0.0,0.0,0.08,0.02
base,53008,22,Instructive-driven,3.0185463018028713e-09,0.5454545454545454,0.17045454545454544,0.5,0.24,0.92,0.0,0.0,0.06,0.02
base,53008,23,Instructive-driven,3.0185463018028713e-09,0.43478260869565216,0.18478260869565216,0.5217391304347826,0.24,0.9,0.0,0.0,0.08,0.02
base,53008,24,Instructive-driven,3.0185463018028713e-09,0.4166666666666667,0.14583333333333334,0.5416666666666667,0.24,0.92,0.0,0.0,0.06,0.02
base,53008,25,Instructive-driven,3.0185463018028713e-09,0.48,0.2,0.56,0.24,0.9,0.0,0.0,0.1,0.0
base,53008,26,Instructive-driven,3.0185463018028713e-09,0.4230769230769231,0.15384615384615385,0.5384615384615384,0.26,0.9,0.0,0.0,0.08,0.02
base,53008,27,Instructive-driven,3.0185463018028713e-09,0.4074074074074074,0.1388888888888889,0.5185185185185186,0.28,0.9,0.0,0.0,0.08,0.02
base,53008,28,Instructive-driven,3.0185463018028713e-09,0.39285714285714285,0.125,0.5,0.3,0.9,0.0,0.0,0.08,0.02
base,53008,29,Instructive-driven,3.0185463018028713e-09,0.41379310344827586,0.14655172413793102,0.48275862068965514,0.32,0.9,0.0,0.0,0.08,0.02
base,53008,30,Instructive-driven,3.0185463018028713e-09,0.5333333333333333,0.20833333333333334,0.4666666666666667,0.34,0.92,0.0,0.0,0.06,0.02
base,53008,31,Instructive-driven,3.0185463018028713e-09,0.3870967741935484,0.11290322580645161,0.4838709677419355,0.34,0.92,0.0,0.0,0.06,0.02
base,53008,32,Instructive-driven,3.0185463018028713e-09,0.3125,0.109375,0.5,0.34,0.92,0.0,0.0,0.06,0.02
base,53008,33,Instructive-driven,3.0185463018028713e-09,0.36363636363636365,0.13636363636363635,0.5151515151515151,0.34,0.9,0.0,0.0,0.08,0.02
base,53008,34,Instructive-driven,3.0185463018028713e-09,0.38235294117647056,0.1323529411764706,0.5294117647058824,0.34,0.92,0.0,0.0,0.06,0.02
base,53008,35,Instructive-driven,3.0185463018028713e-09,0.5142857142857142,0.22142857142857142,0.5428571428571429,0.34,0.9,0.0,0.0,0.08,0.02
base,53008,36,Instructive-driven,3.0185463018028713e-09,0.2777777777777778,0.0625,0.5277777777777778,0.36,0.92,0.0,0.0,0.06,0.02
base,53008,37,Instructive-driven,3.0185463018028713e-09,0.21621621621621623,0.060810810810810814,0.5405405405405406,0.36,0.92,0.0,0.0,0.06,0.02
base,53008,38,Instructive-driven,3.0185463018028713e-09,0.21052631578947367,0.07236842105263158,0.5263157894736843,0.38,0.92,0.0,0.0,0.06,0.02
base,53008,39,Instructive-driven,3.0185463018028713e-09,0.2564102564102564,0.12179487179487179,0.5384615384615384,0.38,0.92,0.0,0.0,0.06,0.02
base,53008,40,Instructive-driven,3.0185463018028713e-09,0.25,0.13125,0.55,0.38,0.92,0.0,0.0,0.06,0.02
base,53008,41,Instructive-driven,3.0185463018028713e-09,0.21951219512195122,0.08536585365853659,0.5365853658536586,0.4,0.92,0.0,0.0,0.06,0.02
base,53008,42,Instructive-driven,3.0185463018028713e-09,0.16666666666666666,0.06547619047619048,0.5238095238095238,0.4,0.92,0.0,0.0,0.06,0.02
base,53008,43,Instructive-driven,3.0185463018028713e-09,0.13953488372093023,0.046511627906976744,0.5116279069767442,0.4,0.92,0.0,0.0,0.08,0.0
base,53008,44,Instructive-driven,3.0185463018028713e-09,0.18181818181818182,0.05113636363636364,0.5,0.4,0.92,0.0,0.0,0.06,0.02
base,53008,45,Instructive-driven,3.0185463018028713e-09,0.2222222222222222,0.08333333333333333,0.48888888888888893,0.4,0.92,0.0,0.0,0.06,0.02
base,53008,46,Instructive-driven,3.0185463018028713e-09,0.2391304347826087,0.08695652173913043,0.5,0.4,0.92,0.0,0.0,0.06,0.02
base,53008,47,Instructive-driven,3.0185463018028713e-09,0.1702127659574468,0.05851063829787234,0.5106382978723405,0.4,0.94,0.0,0.0,0.04,0.02
base,53008,48,Instructive-driven,3.0185463018028713e-09,0.1875,0.06770833333333333,0.5,0.4,0.92,0.0,0.0,0.06,0.02
base,53008,49,Instructive-driven,3.0185463018028713e-09,0.2857142857142857,0.10204081632653061,0.4897959183673469,0.4,0.92,0.0,0.0,0.06,0.02
base,53008,50,Instructive-driven,3.0185463018028713e-09,0.22,0.075,0.48,0.42,0.92,0.0,0.0,0.06,0.02
base,53008,51,Instructive-driven,3.0185463018028713e-09,0.21568627450980393,0.09803921568627451,0.4901960784313726,0.42,0.92,0.0,0.0,0.06,0.02
base,53008,52,Instructive-driven,3.0185463018028713e-09,0.21153846153846154,0.08653846153846154,0.5,0.42,0.92,0.0,0.0,0.06,0.02
base,53008,53,Instructive-driven,3.0185463018028713e-09,0.24528301886792453,0.09433962264150944,0.49056603773584906,0.46,0.92,0.0,0.0,0.06,0.02
base,53008,54,Instructive-driven,3.0185463018028713e-09,0.16666666666666666,0.08333333333333333,0.5,0.46,0.92,0.0,0.0,0.06,0.02
base,53008,55,Instructive-driven,3.0185463018028713e-09,0.3090909090909091,0.10909090909090909,0.49090909090909096,0.46,0.92,0.0,0.0,0.06,0.02
base,53008,56,Instructive-driven,3.0185463018028713e-09,0.35714285714285715,0.13392857142857142,0.4821428571428571,0.46,0.92,0.0,0.0,0.06,0.02
base,53008,57,Instructive-driven,3.0185463018028713e-09,0.22807017543859648,0.09649122807017543,0.4736842105263158,0.46,0.94,0.0,0.0,0.04,0.02
base,53008,58,Instructive-driven,3.0185463018028713e-09,0.1896551724137931,0.08620689655172414,0.48275862068965514,0.46,0.94,0.0,0.0,0.04,0.02
base,53008,59,Instructive-driven,3.0185463018028713e-09,0.1864406779661017,0.08898305084745763,0.47457627118644063,0.46,0.92,0.0,0.0,0.06,0.02
base,53008,60,Instructive-driven,3.0185463018028713e-09,0.3333333333333333,0.10833333333333334,0.4666666666666667,0.48,0.92,0.0,0.0,0.06,0.02
base,53008,61,Instructive-driven,3.0185463018028713e-09,0.2459016393442623,0.11065573770491803,0.47540983606557374,0.48,0.92,0.0,0.0,0.06,0.02
base,53008,62,Instructive-driven,3.0185463018028713e-09,0.4032258064516129,0.14919354838709678,0.467741935483871,0.48,0.92,0.0,0.0,0.08,0.0
base,53008,63,Instructive-driven,3.0185463018028713e-09,0.2857142857142857,0.1111111111111111,0.46031746031746035,0.5,0.92,0.0,0.0,0.08,0.0
base,53008,64,Instructive-driven,3.0185463018028713e-09,0.421875,0.1328125,0.46875,0.5,0.92,0.0,0.0,0.06,0.02
base,53008,65,Instructive-driven,3.0185463018028713e-09,0.09230769230769231,0.057692307692307696,0.46153846153846156,0.5,0.9,0.0,0.0,0.1,0.0
base,53008,66,Instructive-driven,3.0185463018028713e-09,0.21212121212121213,0.06818181818181818,0.4696969696969697,0.5,0.92,0.0,0.0,0.08,0.0
base,53008,67,Instructive-driven,3.0185463018028713e-09,0.26865671641791045,0.0708955223880597,0.4776119402985075,0.5,0.9,0.0,0.0,0.1,0.0
base,53008,68,Instructive-driven,3.0185463018028713e-09,0.27941176470588236,0.07720588235294118,0.4852941176470589,0.5,0.92,0.0,0.0,0.08,0.0
base,53008,69,Instructive-driven,3.0185463018028713e-09,0.21739130434782608,0.09420289855072464,0.49275362318840576,0.5,0.92,0.0,0.0,0.08,0.0
base,53008,70,Instructive-driven,3.0185463018028713e-09,0.35714285714285715,0.14642857142857144,0.48571428571428577,0.5,0.9,0.0,0.0,0.1,0.0
base,53008,71,Instructive-driven,3.0185463018028713e-09,0.28169014084507044,0.08098591549295775,0.49295774647887325,0.5,0.9,0.0,0.0,0.1,0.0
base,53008,72,Instructive-driven,3.0185463018028713e-09,0.2361111111111111,0.0763888888888889,0.48611111111111116,0.5,0.92,0.0,0.0,0.08,0.0
base,53008,73,Instructive-driven,3.0185463018028713e-09,0.2465753424657534,0.0821917808219178,0.4931506849315068,0.5,0.92,0.0,0.0,0.08,0.0
base,53008,74,Instructive-driven,3.0185463018028713e-09,0.21621621621621623,0.08445945945945946,0.5,0.5,0.92,0.0,0.0,0.08,0.0
base,53008,75,Instructive-driven,3.0185463018028713e-09,0.21333333333333335,0.06333333333333334,0.4933333333333333,0.5,0.9,0.0,0.0,0.1,0.0
base,53008,76,Instructive-driven,3.0185463018028713e-09,0.19736842105263158,0.05592105263157895,0.48684210526315785,0.5,0.9,0.0,0.0,0.1,0.0
base,53008,77,Instructive-driven,3.0185463018028713e-09,0.23376623376623376,0.10064935064935066,0.48051948051948057,0.5,0.9,0.0,0.0,0.1,0.0
base,53008,78,Instructive-driven,3.0185463018028713e-09,0.2692307692307692,0.10897435897435898,0.4871794871794872,0.5,0.92,0.0,0.0,0.08,0.0
base,53008,79,Instructive-driven,3.0185463018028713e-09,0.27848101265822783,0.09177215189873418,0.49367088607594933,0.5,0.92,0.0,0.0,0.08,0.0
base,53008,80,Instructive-driven,3.0185463018028713e-09,0.2375,0.078125,0.5,0.5,0.92,0.0,0.0,0.08,0.0
base,53008,81,Instructive-driven,3.0185463018028713e-09,0.2839506172839506,0.10185185185185185,0.5061728395061729,0.5,0.92,0.0,0.0,0.08,0.0
base,53008,82,Instructive-driven,3.0185463018028713e-09,0.1951219512195122,0.06707317073170732,0.5121951219512195,0.5,0.92,0.0,0.0,0.08,0.0
base,53008,83,Instructive-driven,3.0185463018028713e-09,0.1566265060240964,0.045180722891566265,0.5180722891566265,0.5,0.92,0.0,0.0,0.08,0.0
base,53008,84,Instructive-driven,3.0185463018028713e-09,0.25,0.08630952380952381,0.5238095238095238,0.5,0.92,0.0,0.0,0.08,0.0
base,53008,85,Instructive-driven,3.0185463018028713e-09,0.23529411764705882,0.07647058823529412,0.5294117647058824,0.5,0.9,0.0,0.0,0.1,0.0
base,53008,86,Instructive-driven,3.0185463018028713e-09,0.313953488372093,0.09302325581395349,0.5348837209302326,0.5,0.9,0.0,0.0,0.1,0.0
base,53008,87,Instructive-driven,3.0185463018028713e-09,0.2988505747126437,0.12643678160919541,0.5402298850574713,0.5,0.9,0.0,0.0,0.1,0.0
base,53008,88,Instructive-driven,3.0185463018028713e-09,0.18181818181818182,0.09375,0.5454545454545454,0.5,0.9,0.0,0.0,0.1,0.0
base,53008,89,Instructive-driven,3.0185463018028713e-09,0.2247191011235955,0.08707865168539326,0.5393258426966292,0.5,0.9,0.0,0.0,0.1,0.0
base,53008,90,Instructive-driven,3.0185463018028713e-09,0.2222222222222222,0.075,0.5444444444444445,0.5,0.9,0.0,0.0,0.1,0.0
base,53009,1,Instructive-driven,2.7569411642502928e-08,1.0,1.0,0.0,0.04,0.64,0.0,0.0,0.22,0.14
base,53009,2,Instructive-driven,2.7569411642502928e-08,1.0,1.0,0.0,0.06,0.9,0.0,0.0,0.04,0.06
base,53009,3,Instructive-driven,2.7569411642502928e-08,1.0,0.5833333333333334,0.33333333333333337,0.06,0.94,0.0,0.0,0.02,0.04
base,53009,4,Instructive-driven,2.7569411642502928e-08,1.0,0.8125,0.25,0.08,0.92,0.0,0.0,0.04,0.04
base,53009,5,Instructive-driven,2.7569411642502928e-08,0.8,0.65,0.4,0.08,0.92,0.0,0.0,0.04,0.04
base,53009,6,Instructive-driven,2.7569411642502928e-08,1.0,0.5833333333333334,0.33333333333333337,0.1,0.94,0.0,0.0,0.04,0.02
base,53009,7,Instructive-driven,2.7569411642502928e-08,1.0,0.5714285714285714,0.2857142857142857,0.12,0.9,0.0,0.0,0.08,0.02
base,53009,8,Instructive-driven,2.7569411642502928e-08,0.875,0.46875,0.25,0.14,0.9,0.0,0.0,0.08,0.02
base,53009,9,Instructive-driven,2.7569411642502928e-08,0.8888888888888888,0.4444444444444444,0.2222222222222222,0.16,0.94,0.0,0.0,0.04,0.02
base,53009,10,Instructive-driven,2.7569411642502928e-08,0.9,0.525,0.19999999999999996,0.18,0.94,0.0,0.0,0.04,0.02
base,53009,11,Instructive-driven,2.7569411642502928e-08,0.9090909090909091,0.5909090909090909,0.2727272727272727,0.18,0.96,0.0,0.0,0.02,0.02
base,53009,12,Instructive-driven,2.7569411642502928e-08,0.9166666666666666,0.375,0.25,0.2,0.92,0.0,0.0,0.06,0.02
base,53009,13,Instructive-driven,2.7569411642502928e-08,0.8461538461538461,0.5192307692307693,0.3076923076923077,0.2,0.92,0.0,0.0,0.06,0.02
base,53009,14,Instructive-driven,2.7569411642502928e-08,1.0,0.5535714285714286,0.3571428571428571,0.2,0.9,0.0,0.0,0.08,0.02
base,53009,15,Instructive-driven,2.7569411642502928e-08,1.0,0.4166666666666667,0.4,0.2,0.9,0.0,0.0,0.08,0.02
base,53009,16,Instructive-driven,2.7569411642502928e-08,0.9375,0.328125,0.4375,0.2,0.9,0.0,0.0,0.08,0.02
base,53009,17,Instructive-driven,2.7569411642502928e-08,0.8235294117647058,0.2647058823529412,0.47058823529411764,0.2,0.9,0.0,0.0,0.08,0.02
base,53009,18,Instructive-driven,2.7569411642502928e-08,0.9444444444444444,0.3472222222222222,0.5,0.2,0.94,0.0,0.0,0.04,0.02
base,53009,19,Instructive-driven,2.7569411642502928e-08,0.7368421052631579,0.2631578947368421,0.5263157894736843,0.2,0.92,0.0,0.0,0.08,0.0
base,53009,20,Instructive-driven,2.7569411642502928e-08,0.5,0.2,0.55,0.2,0.94,0.0,0.0,0.06,0.0
base,53009,21,Instructive-driven,2.7569411642502928e-08,0.5714285714285714,0.17857142857142858,0.5714285714285714,0.2,0.9,0.0,0.0,0.1,0.0
base,53009,22,Instructive-driven,2.7569411642502928e-08,0.7727272727272727,0.2727272727272727,0.5454545454545454,0.22,0.88,0.0,0.0,0.12,0.0
base,53009,23,Instructive-driven,2.7569411642502928e-08,0.5652173913043478,0.25,0.5652173913043479,0.22,0.88,0.0,0.0,0.12,0.0
base,53009,24,Instructive-driven,2.7569411642502928e-08,0.6666666666666666,0.21875,0.5833333333333333,0.22,0.88,0.0,0.0,0.12,0.0
base,53009,25,Instructive-driven,2.7569411642502928e-08,0.68,0.3,0.6,0.22,0.88,0.0,0.0,0.12,0.0
base,53009,26,Instructive-driven,2.7569411642502928e-08,0.6153846153846154,0.3269230769230769,0.6153846153846154,0.22,0.86,0.0,0.0,0.14,0.0
base,53009,27,Instructive-driven,2.7569411642502928e-08,0.6296296296296297,0.2222222222222222,0.6296296296296297,0.22,0.88,0.0,0.0,0.12,0.0
base,53009,28,Instructive-driven,2.7569411642502928e-08,0.5357142857142857,0.22321428571428573,0.6428571428571428,0.22,0.88,0.0,0.0,0.12,0.0
base,53009,29,Instructive-driven,2.7569411642502928e-08,0.5517241379310345,0.29310344827586204,0.6551724137931034,0.22,0.86,0.0,0.0,0.14,0.0
base,53009,30,Instructive-driven,2.7569411642502928e-08,0.4666666666666667,0.2,0.6666666666666667,0.22,0.86,0.0,0.0,0.14,0.0
base,53009,31,Instructive-driven,2.7569411642502928e-08,0.6129032258064516,0.24193548387096775,0.6774193548387097,0.22,0.86,0.0,0.0,0.14,0.0
base,53009,32,Instructive-driven,2.7569411642502928e-08,0.34375,0.140625,0.6875,0.22,0.82,0.0,0.0,0.18,0.0
base,53009,33,Instructive-driven,2.7569411642502928e-08,0.5151515151515151,0.19696969696969696,0.696969696969697,0.22,0.88,0.0,0.0,0.12,0.0
base,53009,34,Instructive-driven,2.7569411642502928e-08,0.4117647058823529,0.11764705882352941,0.7058823529411764,0.22,0.86,0.0,0.0,0.14,0.0
base,53009,35,Instructive-driven,2.7569411642502928e-08,0.4,0.15,0.7142857142857143,0.22,0.9,0.0,0.0,0.1,0.0
base,53009,36,Instructive-driven,2.7569411642502928e-08,0.4444444444444444,0.1111111111111111,0.7222222222222222,0.22,0.92,0.0,0.0,0.06,0.02
base,53009,37,Instructive-driven,2.7569411642502928e-08,0.35135135135135137,0.10810810810810811,0.7297297297297297,0.22,0.9,0.0,0.0,0.1,0.0
base,53009,38,Instructive-driven,2.7569411642502928e-08,0.4473684210526316,0.125,0.736842105263158,0.22,0.9,0.0,0.0,0.08,0.02
base,53009,39,Instructive-driven,2.7569411642502928e-08,0.4358974358974359,0.14743589743589744,0.7435897435897436,0.22,0.9,0.0,0.0,0.08,0.02
base,53009,40,Instructive-driven,2.7569411642502928e-08,0.375,0.1375,0.75,0.22,0.9,0.0,0.0,0.08,0.02
base,53009,41,Instructive-driven,2.7569411642502928e-08,0.5853658536585366,0.2073170731707317,0.7560975609756098,0.22,0.9,0.0,0.0,0.08,0.02
base,53009,42,Instructive-driven,2.7569411642502928e-08,0.5952380952380952,0.19047619047619047,0.7619047619047619,0.22,0.9,0.0,0.0,0.08,0.02
base,53009,43,Instructive-driven,2.7569411642502928e-08,0.6976744186046512,0.23255813953488372,0.7674418604651163,0.22,0.9,0.0,0.0,0.08,0.02
base,53009,44,Instructive-driven,2.7569411642502928e-08,0.36363636363636365,0.17045454545454544,0.7727272727272727,0.22,0.94,0.0,0.0,0.04,0.02
base,53009,45,Instructive-driven,2.7569411642502928e-08,0.7333333333333333,0.3111111111111111,0.7777777777777778,0.22,0.9,0.0,0.0,0.08,0.02
base,53009,46,Instructive-driven,2.7569411642502928e-08,0.5652173913043478,0.20108695652173914,0.782608695652174,0.22,0.88,0.0,0.0,0.1,0.02
base,53009,47,Instructive-driven,2.7569411642502928e-08,0.3829787234042553,0.10638297872340426,0.7872340425531915,0.22,0.92,0.0,0.0,0.06,0.02
base,53009,48,Instructive-driven,2.7569411642502928e-08,0.4375,0.140625,0.7916666666666666,0.22,0.9,0.0,0.0,0.08,0.02
base,53009,49,Instructive-driven,2.7569411642502928e-08,0.46938775510204084,0.1683673469387755,0.7959183673469388,0.22,0.9,0.0,0.0,0.08,0.02
base,53009,50,Instructive-driven,2.7569411642502928e-08,0.54,0.175,0.8,0.22,0.92,0.0,0.0,0.06,0.02
base,53009,51,Instructive-driven,2.7569411642502928e-08,0.49019607843137253,0.21568627450980393,0.803921568627451,0.22,0.9,0.0,0.0,0.08,0.02
base,53009,52,Instructive-driven,2.7569411642502928e-08,0.28846153846153844,0.11057692307692307,0.8076923076923077,0.22,0.92,0.0,0.0,0.06,0.02
base,53009,53,Instructive-driven,2.7569411642502928e-08,0.3018867924528302,0.16037735849056603,0.8113207547169812,0.22,0.92,0.0,0.0,0.06,0.02
base,53009,54,Instructive-driven,2.7569411642502928e-08,0.3333333333333333,0.16203703703703703,0.8148148148148149,0.22,0.92,0.0,0.0,0.08,0.0
base,53009,55,Instructive-driven,2.7569411642502928e-08,0.38181818181818183,0.16818181818181818,0.8181818181818181,0.22,0.86,0.0,0.0,0.12,0.02
base,53009,56,Instructive-driven,2.7569411642502928e-08,0.5357142857142857,0.20535714285714285,0.8214285714285714,0.22,0.86,0.0,0.0,0.14,0.0
base,53009,57,Instructive-driven,2.7569411642502928e-08,0.2982456140350877,0.12280701754385964,0.8245614035087719,0.22,0.88,0.0,0.0,0.1,0.02
base,53009,58,Instructive-driven,2.7569411642502928e-08,0.41379310344827586,0.1939655172413793,0.8275862068965517,0.22,0.88,0.0,0.0,0.1,0.02
base,53009,59,Instructive-driven,2.7569411642502928e-08,0.5254237288135594,0.19491525423728814,0.8305084745762712,0.22,0.88,0.0,0.0,0.1,0.02
base,53009,60,Instructive-driven,2.7569411642502928e-08,0.43333333333333335,0.1875,0.8333333333333334,0.22,0.88,0.0,0.0,0.12,0.0
base,53009,61,Instructive-driven,2.7569411642502928e-08,0.5245901639344263,0.19262295081967212,0.8360655737704918,0.22,0.88,0.0,0.0,0.1,0.02
base,53009,62,Instructive-driven,2.7569411642502928e-08,0.6290322580645161,0.2217741935483871,0.8387096774193549,0.22,0.88,0.0,0.0,0.1,0.02
base,53009,63,Instructive-driven,2.7569411642502928e-08,0.2857142857142857,0.16666666666666666,0.8412698412698413,0.22,0.86,0.0,0.0,0.12,0.02
base,53009,64,Instructive-driven,2.7569411642502928e-08,0.25,0.16796875,0.84375,0.22,0.86,0.0,0.0,0.12,0.02
base,53009,65,Instructive-driven,2.7569411642502928e-08,0.36923076923076925,0.14615384615384616,0.8461538461538461,0.22,0.9,0.0,0.0,0.08,0.02
base,53009,66,Instructive-driven,2.7569411642502928e-08,0.2878787878787879,0.12878787878787878,0.8484848484848485,0.22,0.9,0.0,0.0,0.08,0.02
base,53009,67,Instructive-driven,2.7569411642502928e-08,0.29850746268656714,0.12313432835820895,0.8507462686567164,0.22,0.88,0.0,0.0,0.1,0.02
base,53009,68,Instructive-driven,2.7569411642502928e-08,0.39705882352941174,0.17279411764705882,0.8529411764705882,0.22,0.9,0.0,0.0,0.08,0.02
base,53009,69,Instructive-driven,2.7569411642502928e-08,0.4782608695652174,0.15217391304347827,0.855072463768116,0.22,0.88,0.0,0.0,0.1,0.02
base,53009,70,Instructive-driven,2.7569411642502928e-08,0.4857142857142857,0.17857142857142858,0.8571428571428572,0.22,0.86,0.0,0.0,0.14,0.0
base,53009,71,Instructive-driven,2.7569411642502928e-08,0.38028169014084506,0.15492957746478872,0.8591549295774648,0.22,0.88,0.0,0.0,0.12,0.0
base,53009,72,Instructive-driven,2.7569411642502928e-08,0.4583333333333333,0.1875,0.8611111111111112,0.22,0.88,0.0,0.0,0.12,0.0
base,53009,73,Instructive-driven,2.7569411642502928e-08,0.3972602739726027,0.17123287671232876,0.863013698630137,0.22,0.88,0.0,0.0,0.12,0.0
base,53009,74,Instructive-driven,2.7569411642502928e-08,0.40540540540540543,0.1858108108108108,0.8648648648648649,0.22,0.88,0.0,0.0,0.12,0.0
base,53009,75,Instructive-driven,2.7569411642502928e-08,0.4533333333333333,0.16,0.8666666666666667,0.22,0.88,0.0,0.0,0.12,0.0
base,53009,76,Instructive-driven,2.7569411642502928e-08,0.34210526315789475,0.11842105263157894,0.868421052631579,0.22,0.88,0.0,0.0,0.12,0.0
base,53009,77,Instructive-driven,2.7569411642502928e-08,0.36363636363636365,0.1590909090909091,0.8701298701298701,0.22,0.88,0.0,0.0,0.1,0.02
base,53009,78,Instructive-driven,2.7569411642502928e-08,0.38461538461538464,0.15064102564102563,0.8717948717948718,0.22,0.88,0.0,0.0,0.12,0.0
base,53009,79,Instructive-driven,2.7569411642502928e-08,0.31645569620253167,0.08860759493670886,0.8734177215189873,0.22,0.88,0.0,0.0,0.12,0.0
base,53009,80,Instructive-driven,2.7569411642502928e-08,0.325,0.078125,0.875,0.22,0.88,0.0,0.0,0.12,0.0
base,53009,81,Instructive-driven,2.7569411642502928e-08,0.32098765432098764,0.09259259259259259,0.8765432098765432,0.22,0.88,0.0,0.0,0.12,0.0
base,53009,82,Instructive-driven,2.7569411642502928e-08,0.3048780487804878,0.11585365853658537,0.8780487804878049,0.22,0.88,0.0,0.0,0.12,0.0
base,53009,83,Instructive-driven,2.7569411642502928e-08,0.3132530120481928,0.08433734939759036,0.8795180722891567,0.22,0.88,0.0,0.0,0.12,0.0
base,53009,84,Instructive-driven,2.7569411642502928e-08,0.30952380952380953,0.07142857142857142,0.8809523809523809,0.22,0.88,0.0,0.0,0.12,0.0
base,53009,85,Instructive-driven,2.7569411642502928e-08,0.35294117647058826,0.11176470588235295,0.8823529411764706,0.22,0.88,0.0,0.0,0.12,0.0
base,53009,86,Instructive-driven,2.7569411642502928e-08,0.32558139534883723,0.11627906976744186,0.8837209302325582,0.22,0.88,0.0,0.0,0.12,0.0
base,53009,87,Instructive-driven,2.7569411642502928e-08,0.26436781609195403,0.09482758620689655,0.8850574712643678,0.22,0.88,0.0,0.0,0.12,0.0
base,53009,88,Instructive-driven,2.7569411642502928e-08,0.26136363636363635,0.09375,0.8863636363636364,0.22,0.88,0.0,0.0,0.12,0.0
base,53009,89,Instructive-driven,2.7569411642502928e-08,0.1797752808988764,0.09269662921348315,0.8876404494382022,0.22,0.88,0.0,0.0,0.1,0.02
base,53009,90,Instructive-driven,2.7569411642502928e-08,0.2777777777777778,0.10555555555555556,0.8888888888888888,0.22,0.88,0.0,0.0,0.12,0.0
base,53010,1,Instructive-driven,7.76252093714902e-08,1.0,1.0,0.0,0.04,0.46,0.0,0.0,0.4,0.14
base,53010,2,Instructive-driven,7.76252093714902e-08,1.0,0.875,0.0,0.06,0.64,0.0,0.0,0.24,0.12
base,53010,3,Instructive-driven,7.76252093714902e-08,1.0,0.75,0.0,0.08,0.86,0.0,0.0,0.08,0.06
base,53010,4,Instructive-driven,7.76252093714902e-08,1.0,0.4375,0.0,0.12,0.9,0.0,0.0,0.08,0.02
base,53010,5,Instructive-driven,7.76252093714902e-08,1.0,0.4,0.0,0.14,0.9,0.0,0.0,0.08,0.02
base,53010,6,Instructive-driven,7.76252093714902e-08,1.0,0.2916666666666667,0.0,0.16,0.84,0.0,0.0,0.12,0.04
base,53010,7,Instructive-driven,7.76252093714902e-08,1.0,0.21428571428571427,0.0,0.18,0.86,0.0,0.0,0.12,0.02
base,53010,8,Instructive-driven,7.76252093714902e-08,0.875,0.21875,0.0,0.18,0.84,0.0,0.0,0.14,0.02
base,53010,9,Instructive-driven,7.76252093714902e-08,0.8888888888888888,0.2222222222222222,0.0,0.18,0.84,0.0,0.0,0.12,0.04
base,53010,10,Instructive-driven,7.76252093714902e-08,0.7,0.2,0.0,0.2,0.84,0.0,0.0,0.14,0.02
base,53010,11,Instructive-driven,7.76252093714902e-08,0.9090909090909091,0.3181818181818182,0.0,0.22,0.86,0.0,0.0,0.12,0.02
base,53010,12,Instructive-driven,7.76252093714902e-08,0.6666666666666666,0.25,0.0,0.24,0.86,0.0,0.0,0.12,0.02
base,53010,13,Instructive-driven,7.76252093714902e-08,0.6153846153846154,0.15384615384615385,0.0,0.26,0.88,0.0,0.0,0.12,0.0
base,53010,14,Instructive-driven,7.76252093714902e-08,0.5,0.19642857142857142,0.0,0.28,0.88,0.0,0.0,0.12,0.0
base,53010,15,Instructive-driven,7.76252093714902e-08,0.6666666666666666,0.16666666666666666,0.0,0.3,0.88,0.0,0.0,0.12,0.0
base,53010,16,Instructive-driven,7.76252093714902e-08,0.875,0.265625,0.0,0.32,0.86,0.0,0.0,0.12,0.02
base,53010,17,Instructive-driven,7.76252093714902e-08,0.8823529411764706,0.3382352941176471,0.05882352941176472,0.32,0.86,0.0,0.0,0.14,0.0
base,53010,18,Instructive-driven,7.76252093714902e-08,0.7777777777777778,0.2361111111111111,0.11111111111111116,0.32,0.86,0.0,0.0,0.14,0.0
base,53010,19,Instructive-driven,7.76252093714902e-08,0.631578947368421,0.23684210526315788,0.10526315789473684,0.32,0.86,0.0,0.0,0.14,0.0
base,53010,20,Instructive-driven,7.76252093714902e-08,0.5,0.125,0.15000000000000002,0.32,0.88,0.0,0.0,0.12,0.0
base,53010,21,Instructive-driven,7.76252093714902e-08,0.42857142857142855,0.15476190476190477,0.1428571428571429,0.32,0.88,0.0,0.0,0.1,0.02
base,53010,22,Instructive-driven,7.76252093714902e-08,0.36363636363636365,0.125,0.13636363636363635,0.34,0.92,0.0,0.0,0.06,0.02
base,53010,23,Instructive-driven,7.76252093714902e-08,0.6956521739130435,0.17391304347826086,0.13043478260869568,0.34,0.86,0.0,0.0,0.14,0.0
base,53010,24,Instructive-driven,7.76252093714902e-08,0.4583333333333333,0.16666666666666666,0.125,0.36,0.86,0.0,0.0,0.12,0.02
base,53010,25,Instructive-driven,7.76252093714902e-08,0.44,0.17,0.12,0.38,0.86,0.0,0.0,0.12,0.02
base,53010,26,Instructive-driven,7.76252093714902e-08,0.5769230769230769,0.19230769230769232,0.11538461538461542,0.4,0.86,0.0,0.0,0.14,0.0
base,53010,27,Instructive-driven,7.76252093714902e-08,0.48148148148148145,0.21296296296296297,0.14814814814814814,0.4,0.86,0.0,0.0,0.12,0.02
base,53010,28,Instructive-driven,7.76252093714902e-08,0.4642857142857143,0.22321428571428573,0.1428571428571429,0.4,0.86,0.0,0.0,0.14,0.0
base,53010,29,Instructive-driven,7.76252093714902e-08,0.5517241379310345,0.27586206896551724,0.1724137931034483,0.4,0.86,0.0,0.0,0.14,0.0
base,53010,30,Instructive-driven,7.76252093714902e-08,0.4,0.15833333333333333,0.19999999999999996,0.4,0.86,0.0,0.0,0.14,0.0
base,53010,31,Instructive-driven,7.76252093714902e-08,0.3870967741935484,0.1693548387096774,0.22580645161290325,0.4,0.84,0.0,0.0,0.16,0.0
base,53010,32,Instructive-driven,7.76252093714902e-08,0.53125,0.1796875,0.25,0.4,0.82,0.0,0.0,0.18,0.0
base,53010,33,Instructive-driven,7.76252093714902e-08,0.42424242424242425,0.1590909090909091,0.2727272727272727,0.4,0.84,0.0,0.0,0.16,0.0
base,53010,34,Instructive-driven,7.76252093714902e-08,0.4411764705882353,0.16911764705882354,0.2941176470588235,0.4,0.82,0.0,0.0,0.18,0.0
base,53010,35,Instructive-driven,7.76252093714902e-08,0.5142857142857142,0.3,0.3142857142857143,0.4,0.84,0.0,0.0,0.16,0.0
base,53010,36,Instructive-driven,7.76252093714902e-08,0.5277777777777778,0.24305555555555555,0.33333333333333337,0.4,0.8,0.0,0.0,0.2,0.0
base,53010,37,Instructive-driven,7.76252093714902e-08,0.35135135135135137,0.10135135135135136,0.32432432432432434,0.4,0.82,0.0,0.0,0.18,0.0
base,53010,38,Instructive-driven,7.76252093714902e-08,0.42105263157894735,0.09868421052631579,0.3157894736842105,0.4,0.82,0.0,0.0,0.18,0.0
base,53010,39,Instructive-driven,7.76252093714902e-08,0.358974358974359,0.08333333333333333,0.3076923076923077,0.4,0.84,0.0,0.0,0.16,0.0
base,53010,40,Instructive-driven,7.76252093714902e-08,0.35,0.0875,0.32499999999999996,0.4,0.84,0.0,0.0,0.16,0.0
base,53010,41,Instructive-driven,7.76252093714902e-08,0.5121951219512195,0.09146341463414634,0.3414634146341463,0.4,0.82,0.0,0.0,0.18,0.0
base,53010,42,Instructive-driven,7.76252093714902e-08,0.42857142857142855,0.11904761904761904,0.3571428571428571,0.4,0.82,0.0,0.0,0.18,0.0
base,53010,43,Instructive-driven,7.76252093714902e-08,0.3953488372093023,0.12790697674418605,0.34883720930232553,0.42,0.82,0.0,0.0,0.18,0.0
base,53010,44,Instructive-driven,7.76252093714902e-08,0.4318181818181818,0.13636363636363635,0.34090909090909094,0.42,0.84,0.0,0.0,0.16,0.0
base,53010,45,Instructive-driven,7.76252093714902e-08,0.3111111111111111,0.03333333333333333,0.3555555555555555,0.42,0.86,0.0,0.0,0.14,0.0
base,53010,46,Instructive-driven,7.76252093714902e-08,0.2826086956521739,0.03804347826086957,0.3695652173913043,0.42,0.84,0.0,0.0,0.16,0.0
base,53010,47,Instructive-driven,7.76252093714902e-08,0.2553191489361702,0.047872340425531915,0.3829787234042553,0.42,0.86,0.0,0.0,0.14,0.0
base,53010,48,Instructive-driven,7.76252093714902e-08,0.3333333333333333,0.09375,0.39583333333333337,0.42,0.86,0.0,0.0,0.14,0.0
base,53010,49,Instructive-driven,7.76252093714902e-08,0.32653061224489793,0.11224489795918367,0.40816326530612246,0.42,0.86,0.0,0.0,0.14,0.0
base,53010,50,Instructive-driven,7.76252093714902e-08,0.26,0.08,0.42000000000000004,0.42,0.84,0.0,0.0,0.16,0.0
base,53010,51,Instructive-driven,7.76252093714902e-08,0.23529411764705882,0.03431372549019608,0.4117647058823529,0.42,0.86,0.0,0.0,0.14,0.0
base,53010,52,Instructive-driven,7.76252093714902e-08,0.28846153846153844,0.057692307692307696,0.40384615384615385,0.42,0.86,0.0,0.0,0.14,0.0
base,53010,53,Instructive-driven,7.76252093714902e-08,0.2830188679245283,0.07547169811320754,0.39622641509433965,0.42,0.86,0.0,0.0,0.14,0.0
base,53010,54,Instructive-driven,7.76252093714902e-08,0.35185185185185186,0.06481481481481481,0.38888888888888884,0.42,0.86,0.0,0.0,0.14,0.0
base,53010,55,Instructive-driven,7.76252093714902e-08,0.32727272727272727,0.05909090909090909,0.4,0.42,0.82,0.0,0.0,0.18,0.0
base,53010,56,Instructive-driven,7.76252093714902e-08,0.4107142857142857,0.07589285714285714,0.4107142857142857,0.42,0.86,0.0,0.0,0.14,0.0
base,53010,57,Instructive-driven,7.76252093714902e-08,0.5964912280701754,0.14035087719298245,0.42105263157894735,0.42,0.82,0.0,0.0,0.18,0.0
base,53010,58,Instructive-driven,7.76252093714902e-08,0.43103448275862066,0.08620689655172414,0.4137931034482759,0.42,0.82,0.0,0.0,0.18,0.0
base,53010,59,Instructive-driven,7.76252093714902e-08,0.559322033898305,0.13559322033898305,0.423728813559322,0.42,0.82,0.0,0.0,0.18,0.0
base,53010,60,Instructive-driven,7.76252093714902e-08,0.48333333333333334,0.12083333333333333,0.41666666666666663,0.42,0.82,0.0,0.0,0.18,0.0
base,53010,61,Instructive-driven,7.76252093714902e-08,0.5081967213114754,0.13114754098360656,0.42622950819672134,0.42,0.82,0.0,0.0,0.18,0.0
base,53010,62,Instructive-driven,7.76252093714902e-08,0.6290322580645161,0.16129032258064516,0.4193548387096774,0.42,0.84,0.0,0.0,0.16,0.0
base,53010,63,Instructive-driven,7.76252093714902e-08,0.6825396825396826,0.1626984126984127,0.4285714285714286,0.42,0.82,0.0,0.0,0.18,0.0
base,53010,64,Instructive-driven,7.76252093714902e-08,0.578125,0.1171875,0.421875,0.42,0.82,0.0,0.0,0.18,0.0
base,53010,65,Instructive-driven,7.76252093714902e-08,0.5846153846153846,0.23076923076923078,0.41538461538461535,0.42,0.82,0.0,0.0,0.18,0.0
base,53010,66,Instructive-driven,7.76252093714902e-08,0.6818181818181818,0.22727272727272727,0.40909090909090906,0.44,0.84,0.0,0.0,0.16,0.0
base,53010,67,Instructive-driven,7.76252093714902e-08,0.6417910447761194,0.2835820895522388,0.4029850746268657,0.44,0.84,0.0,0.0,0.16,0.0
base,53010,68,Instructive-driven,7.76252093714902e-08,0.5147058823529411,0.16544117647058823,0.4117647058823529,0.44,0.84,0.0,0.0,0.16,0.0
base,53010,69,Instructive-driven,7.76252093714902e-08,0.391304347826087,0.15217391304347827,0.42028985507246375,0.44,0.86,0.0,0.0,0.12,0.02
base,53010,70,Instructive-driven,7.76252093714902e-08,0.4142857142857143,0.10714285714285714,0.4285714285714286,0.44,0.86,0.0,0.0,0.14,0.0
base,53010,71,Instructive-driven,7.76252093714902e-08,0.4084507042253521,0.13380281690140844,0.43661971830985913,0.44,0.84,0.0,0.0,0.16,0.0
base,53010,72,Instructive-driven,7.76252093714902e-08,0.2916666666666667,0.08333333333333333,0.4444444444444444,0.44,0.84,0.0,0.0,0.16,0.0
base,53010,73,Instructive-driven,7.76252093714902e-08,0.2054794520547945,0.0684931506849315,0.452054794520548,0.44,0.86,0.0,0.0,0.14,0.0
base,53010,74,Instructive-driven,7.76252093714902e-08,0.20270270270270271,0.07432432432432433,0.45945945945945943,0.44,0.84,0.0,0.0,0.16,0.0
base,53010,75,Instructive-driven,7.76252093714902e-08,0.21333333333333335,0.06666666666666667,0.4666666666666667,0.44,0.84,0.0,0.0,0.16,0.0
base,53010,76,Instructive-driven,7.76252093714902e-08,0.2236842105263158,0.07894736842105263,0.4736842105263158,0.44,0.84,0.0,0.0,0.16,0.0
base,53010,77,Instructive-driven,7.76252093714902e-08,0.2077922077922078,0.07467532467532467,0.4675324675324676,0.46,0.86,0.0,0.0,0.14,0.0
base,53010,78,Instructive-driven,7.76252093714902e-08,0.19230769230769232,0.05128205128205128,0.47435897435897434,0.46,0.86,0.0,0.0,0.14,0.0
base,53010,79,Instructive-driven,7.76252093714902e-08,0.17721518987341772,0.03481012658227848,0.4683544303797469,0.46,0.86,0.0,0.0,0.14,0.0
base,53010,80,Instructive-driven,7.76252093714902e-08,0.25,0.078125,0.475,0.46,0.86,0.0,0.0,0.14,0.0
base,53010,81,Instructive-driven,7.76252093714902e-08,0.2839506172839506,0.09567901234567901,0.4814814814814815,0.46,0.86,0.0,0.0,0.14,0.0
base,53010,82,Instructive-driven,7.76252093714902e-08,0.32926829268292684,0.09451219512195122,0.4878048780487805,0.46,0.86,0.0,0.0,0.14,0.0
base,53010,83,Instructive-driven,7.76252093714902e-08,0.24096385542168675,0.08734939759036145,0.49397590361445787,0.46,0.86,0.0,0.0,0.14,0.0
base,53010,84,Instructive-driven,7.76252093714902e-08,0.25,0.08035714285714286,0.5,0.46,0.86,0.0,0.0,0.14,0.0
base,53010,85,Instructive-driven,7.76252093714902e-08,0.21176470588235294,0.07058823529411765,0.5058823529411764,0.46,0.86,0.0,0.0,0.14,0.0
base,53010,86,Instructive-driven,7.76252093714902e-08,0.19767441860465115,0.07267441860465117,0.5116279069767442,0.46,0.86,0.0,0.0,0.14,0.0
base,53010,87,Instructive-driven,7.76252093714902e-08,0.12643678160919541,0.04885057471264368,0.5172413793103448,0.46,0.86,0.0,0.0,0.14,0.0
base,53010,88,Instructive-driven,7.76252093714902e-08,0.09090909090909091,0.05113636363636364,0.5227272727272727,0.46,0.84,0.0,0.0,0.16,0.0
base,53010,89,Instructive-driven,7.76252093714902e-08,0.12359550561797752,0.047752808988764044,0.5280898876404494,0.46,0.86,0.0,0.0,0.14,0.0
base,53010,90,Instructive-driven,7.76252093714902e-08,0.1,0.041666666666666664,0.5222222222222221,0.48,0.86,0.0,0.0,0.14,0.0
err2,53001,1,Error-driven,4.324848479342336e-09,1.0,1.0,0.0,0.16,0.88,0.0,0.0,0.12,0.0
err2,53001,2,Error-driven,4.324848479342336e-09,1.0,0.875,0.0,0.28,0.86,0.0,0.0,0.14,0.0
err2,53001,3,Error-driven,4.324848479342336e-09,1.0,0.5833333333333334,0.0,0.4,0.6,0.0,0.0,0.4,0.0
err2,53001,4,Error-driven,4.324848479342336e-09,0.75,0.3125,0.0,0.42,0.46,0.0,0.0,0.54,0.0
err2,53001,5,Error-driven,4.324848479342336e-09,0.8,0.6,0.0,0.46,0.3,0.0,0.0,0.7,0.0
err2,53001,6,Error-driven,4.324848479342336e-09,0.5,0.20833333333333334,0.0,0.5,0.3,0.0,0.0,0.7,0.0
err2,53001,7,Error-driven,4.324848479342336e-09,0.8571428571428571,0.10714285714285714,0.0,0.56,0.22,0.0,0.0,0.78,0.0
err2,53001,8,Error-driven,4.324848479342336e-09,0.625,0.0625,0.0,0.62,0.16,0.0,0.0,0.84,0.0
err2,53001,9,Error-driven,4.324848479342336e-09,0.7777777777777778,0.2222222222222222,0.0,0.62,0.18,0.0,0.0,0.82,0.0
err2,53001,10,Error-driven,4.324848479342336e-09,0.8,0.05,0.0,0.62,0.16,0.0,0.0,0.84,0.0
err2,53001,11,Error-driven,4.324848479342336e-09,0.6363636363636364,0.1590909090909091,0.0,0.66,0.18,0.0,0.0,0.82,0.0
err2,53001,12,Error-driven,4.324848479342336e-09,0.75,0.08333333333333333,0.0,0.68,0.18,0.0,0.0,0.82,0.0
err2,53001,13,Error-driven,4.324848479342336e-09,0.6923076923076923,0.057692307692307696,0.0,0.68,0.14,0.0,0.0,0.86,0.0
err2,53001,14,Error-driven,4.324848479342336e-09,0.5,0.03571428571428571,0.0,0.7,0.14,0.0,0.0,0.86,0.0
err2,53001,15,Error-driven,4.324848479342336e-09,0.6,0.05,0.0,0.72,0.16,0.0,0.0,0.84,0.0
err2,53001,16,Error-driven,4.324848479342336e-09,0.4375,0.046875,0.0,0.72,0.14,0.0,0.0,0.86,0.0
err2,53001,17,Error-driven,4.324848479342336e-09,0.9411764705882353,0.27941176470588236,0.0,0.72,0.12,0.0,0.0,0.88,0.0
err2,53001,18,Error-driven,4.324848479342336e-09,0.8333333333333334,0.3055555555555556,0.0,0.72,0.12,0.0,0.0,0.88,0.0
err2,53001,19,Error-driven,4.324848479342336e-09,0.8947368421052632,0.2631578947368421,0.0,0.74,0.1,0.0,0.0,0.9,0.0
err2,53001,20,Error-driven,4.324848479342336e-09,0.9,0.2,0.0,0.76,0.1,0.0,0.0,0.9,0.0
err2,53001,21,Error-driven,4.324848479342336e-09,0.8571428571428571,0.2857142857142857,0.0,0.76,0.12,0.0,0.0,0.88,0.0
err2,53001,22,Error-driven,4.324848479342336e-09,0.8636363636363636,0.36363636363636365,0.0,0.76,0.1,0.0,0.0,0.9,0.0
err2,53001,23,Error-driven,4.324848479342336e-09,0.8695652173913043,0.32608695652173914,0.0,0.76,0.1,0.0,0.0,0.9,0.0
err2,53001,24,Error-driven,4.324848479342336e-09,0.9583333333333334,0.3020833333333333,0.0,0.76,0.14,0.0,0.0,0.86,0.0
err2,53001,25,Error-driven,4.324848479342336e-09,0.72,0.27,0.0,0.76,0.1,0.0,0.0,0.9,0.0
err2,53001,26,Error-driven,4.324848479342336e-09,0.8076923076923077,0.2980769230769231,0.0,0.76,0.12,0.0,0.0,0.88,0.0
err2,53001,27,Error-driven,4.324848479342336e-09,0.9259259259259259,0.28703703703703703,0.0,0.76,0.12,0.0,0.0,0.88,0.0
err2,53001,28,Error-driven,4.324848479342336e-09,0.8928571428571429,0.29464285714285715,0.0,0.76,0.12,0.0,0.0,0.88,0.0
err2,53001,29,Error-driven,4.324848479342336e-09,0.9655172413793104,0.2672413793103448,0.0,0.76,0.12,0.0,0.0,0.88,0.0
err2,53001,30,Error-driven,4.324848479342336e-09,0.8666666666666667,0.25833333333333336,0.0,0.76,0.12,0.0,0.0,0.88,0.0
err2,53001,31,Error-driven,4.324848479342336e-09,0.967741935483871,0.28225806451612906,0.0,0.76,0.12,0.0,0.0,0.88,0.0
err2,53001,32,Error-driven,4.324848479342336e-09,0.875,0.25,0.0,0.78,0.12,0.0,0.0,0.88,0.0
err2,53001,33,Error-driven,4.324848479342336e-09,0.9090909090909091,0.30303030303030304,0.0,0.78,0.14,0.0,0.0,0.86,0.0
err2,53001,34,Error-driven,4.324848479342336e-09,0.9705882352941176,0.33088235294117646,0.0,0.78,0.06,0.0,0.0,0.94,0.0
err2,53001,35,Error-driven,4.324848479342336e-09,0.8,0.22857142857142856,0.0,0.78,0.12,0.0,0.0,0.88,0.0
err2,53001,36,Error-driven,4.324848479342336e-09,1.0,0.3263888888888889,0.0,0.78,0.06,0.0,0.0,0.94,0.0
err2,53001,37,Error-driven,4.324848479342336e-09,0.972972972972973,0.33783783783783783,0.0,0.78,0.1,0.0,0.0,0.9,0.0
err2,53001,38,Error-driven,4.324848479342336e-09,0.9736842105263158,0.2631578947368421,0.0,0.8,0.06,0.0,0.0,0.94,0.0
err2,53001,39,Error-driven,4.324848479342336e-09,0.9743589743589743,0.26282051282051283,0.0,0.82,0.12,0.0,0.0,0.88,0.0
err2,53001,40,Error-driven,4.324848479342336e-09,0.95,0.25625,0.0,0.82,0.16,0.0,0.0,0.84,0.0
err2,53001,41,Error-driven,4.324848479342336e-09,0.926829268292683,0.29878048780487804,0.0,0.82,0.04,0.0,0.0,0.96,0.0
err2,53001,42,Error-driven,4.324848479342336e-09,0.6666666666666666,0.18452380952380953,0.0,0.82,0.14,0.0,0.0,0.86,0.0
err2,53001,43,Error-driven,4.324848479342336e-09,0.9069767441860465,0.27906976744186046,0.0,0.82,0.1,0.0,0.0,0.9,0.0
err2,53001,44,Error-driven,4.324848479342336e-09,0.8636363636363636,0.26136363636363635,0.0,0.84,0.1,0.0,0.0,0.9,0.0
err2,53001,45,Error-driven,4.324848479342336e-09,0.9111111111111111,0.2777777777777778,0.0,0.84,0.08,0.0,0.0,0.92,0.0
err2,53001,46,Error-driven,4.324848479342336e-09,0.9130434782608695,0.33152173913043476,0.0,0.84,0.14,0.0,0.0,0.86,0.0
err2,53001,47,Error-driven,4.324848479342336e-09,0.8723404255319149,0.30319148936170215,0.0,0.84,0.12,0.0,0.0,0.88,0.0
err2,53001,48,Error-driven,4.324848479342336e-09,0.8541666666666666,0.2604166666666667,0.0,0.84,0.1,0.0,0.0,0.9,0.0
err2,53001,49,Error-driven,4.324848479342336e-09,0.9591836734693877,0.3163265306122449,0.0,0.84,0.1,0.0,0.0,0.9,0.0
err2,53001,50,Error-driven,4.324848479342336e-09,0.86,0.295,0.0,0.84,0.1,0.0,0.0,0.9,0.0
err2,53001,51,Error-driven,4.324848479342336e-09,0.8823529411764706,0.29901960784313725,0.0,0.84,0.12,0.0,0.0,0.88,0.0
err2,53001,52,Error-driven,4.324848479342336e-09,0.75,0.2403846153846154,0.0,0.84,0.12,0.0,0.0,0.88,0.0
err2,53001,53,Error-driven,4.324848479342336e-09,0.8301886792452831,0.25,0.0,0.84,0.16,0.0,0.0,0.84,0.0
err2,53001,54,Error-driven,4.324848479342336e-09,0.8148148148148148,0.25462962962962965,0.0,0.84,0.12,0.0,0.0,0.88,0.0
err2,53001,55,Error-driven,4.324848479342336e-09,0.7636363636363637,0.25,0.0,0.84,0.1,0.0,0.0,0.9,0.0
err2,53001,56,Error-driven,4.324848479342336e-09,0.8392857142857143,0.2544642857142857,0.0,0.84,0.08,0.0,0.0,0.92,0.0
err2,53001,57,Error-driven,4.324848479342336e-09,0.7192982456140351,0.20175438596491227,0.0,0.84,0.1,0.0,0.0,0.9,0.0
err2,53001,58,Error-driven,4.324848479342336e-09,0.7413793103448276,0.2629310344827586,0.0,0.84,0.14,0.0,0.0,0.86,0.0
err2,53001,59,Error-driven,4.324848479342336e-09,0.864406779661017,0.288135593220339,0.0,0.84,0.06,0.0,0.0,0.94,0.0
err2,53001,60,Error-driven,4.324848479342336e-09,0.7833333333333333,0.2625,0.0,0.84,0.08,0.0,0.0,0.92,0.0
err2,53001,61,Error-driven,4.324848479342336e-09,0.7704918032786885,0.1885245901639344,0.0,0.84,0.12,0.0,0.0,0.88,0.0
err2,53001,62,Error-driven,4.324848479342336e-09,0.7580645161290323,0.1975806451612903,0.0,0.84,0.1,0.0,0.0,0.9,0.0
err2,53001,63,Error-driven,4.324848479342336e-09,0.6666666666666666,0.19047619047619047,0.0,0.84,0.14,0.0,0.0,0.86,0.0
err2,53001,64,Error-driven,4.324848479342336e-09,0.765625,0.234375,0.0,0.84,0.12,0.0,0.0,0.88,0.0
err2,53001,65,Error-driven,4.324848479342336e-09,0.7076923076923077,0.21923076923076923,0.0,0.86,0.1,0.0,0.0,0.9,0.0
err2,53001,66,Error-driven,4.324848479342336e-09,0.6515151515151515,0.19318181818181818,0.0,0.86,0.1,0.0,0.0,0.9,0.0
err2,53001,67,Error-driven,4.324848479342336e-09,0.7164179104477612,0.20149253731343283,0.0,0.86,0.1,0.0,0.0,0.9,0.0
err2,53001,68,Error-driven,4.324848479342336e-09,0.6176470588235294,0.19117647058823528,0.0,0.86,0.12,0.0,0.0,0.88,0.0
err2,53001,69,Error-driven,4.324848479342336e-09,0.6521739130434783,0.20652173913043478,0.0,0.86,0.14,0.0,0.0,0.86,0.0
err2,53001,70,Error-driven,4.324848479342336e-09,0.6714285714285714,0.17857142857142858,0.0,0.86,0.14,0.0,0.0,0.86,0.0
err2,53001,71,Error-driven,4.324848479342336e-09,0.676056338028169,0.16549295774647887,0.0,0.86,0.16,0.0,0.0,0.84,0.0
err2,53001,72,Error-driven,4.324848479342336e-09,0.6805555555555556,0.19791666666666666,0.0,0.86,0.16,0.0,0.0,0.84,0.0
err2,53001,73,Error-driven,4.324848479342336e-09,0.726027397260274,0.2054794520547945,0.0,0.86,0.16,0.0,0.0,0.84,0.0
err2,53001,74,Error-driven,4.324848479342336e-09,0.6756756756756757,0.19932432432432431,0.0,0.86,0.14,0.0,0.0,0.86,0.0
err2,53001,75,Error-driven,4.324848479342336e-09,0.76,0.17666666666666667,0.0,0.86,0.12,0.0,0.0,0.88,0.0
err2,53001,76,Error-driven,4.324848479342336e-09,0.7236842105263158,0.17105263157894737,0.0,0.86,0.14,0.0,0.0,0.86,0.0
err2,53001,77,Error-driven,4.324848479342336e-09,0.7272727272727273,0.18181818181818182,0.0,0.86,0.12,0.0,0.0,0.88,0.0
err2,53001,78,Error-driven,4.324848479342336e-09,0.6923076923076923,0.16666666666666666,0.0,0.86,0.14,0.0,0.0,0.86,0.0
err2,53001,79,Error-driven,4.324848479342336e-09,0.6582278481012658,0.16455696202531644,0.0,0.86,0.12,0.0,0.0,0.88,0.0
err2,53001,80,Error-driven,4.324848479342336e-09,0.675,0.159375,0.0,0.86,0.12,0.0,0.0,0.88,0.0
err2,53001,81,Error-driven,4.324848479342336e-09,0.691358024691358,0.16666666666666666,0.0,0.86,0.12,0.0,0.0,0.88,0.0
err2,53001,82,Error-driven,4.324848479342336e-09,0.6707317073170732,0.15853658536585366,0.0,0.86,0.12,0.0,0.0,0.88,0.0
err2,53001,83,Error-driven,4.324848479342336e-09,0.6746987951807228,0.15963855421686746,0.0,0.86,0.12,0.0,0.0,0.88,0.0
err2,53001,84,Error-driven,4.324848479342336e-09,0.6904761904761905,0.16666666666666666,0.0,0.86,0.12,0.0,0.0,0.88,0.0
err2,53001,85,Error-driven,4.324848479342336e-09,0.7058823529411765,0.17058823529411765,0.0,0.86,0.12,0.0,0.0,0.88,0.0
err2,53001,86,Error-driven,4.324848479342336e-09,0.7325581395348837,0.17151162790697674,0.0,0.86,0.12,0.0,0.0,0.88,0.0
err2,53001,87,Error-driven,4.324848479342336e-09,0.7126436781609196,0.16954022988505746,0.0,0.86,0.12,0.0,0.0,0.88,0.0
err2,53001,88,Error-driven,4.324848479342336e-09,0.7386363636363636,0.19886363636363635,0.0,0.86,0.12,0.0,0.0,0.88,0.0
err2,53001,89,Error-driven,4.324848479342336e-09,0.7865168539325843,0.20786516853932585,0.0,0.86,0.12,0.0,0.0,0.88,0.0
err2,53001,90,Error-driven,4.324848479342336e-09,0.7666666666666667,0.20833333333333334,0.0,0.86,0.12,0.0,0.0,0.88,0.0
err2,53002,1,Error-driven,4.053712387985797e-08,0.0,0.0,0.0,0.16,0.82,0.02,0.0,0.16,0.0
err2,53002,2,Error-driven,4.053712387985797e-08,1.0,0.25,0.0,0.28,0.62,0.0,0.02,0.36,0.0
err2,53002,3,Error-driven,4.053712387985797e-08,0.6666666666666666,0.4166666666666667,0.0,0.38,0.54,0.0,0.02,0.44,0.0
err2,53002,4,Error-driven,4.053712387985797e-08,0.5,0.25,0.0,0.46,0.46,0.0,0.0,0.54,0.0
err2,53002,5,Error-driven,4.053712387985797e-08,1.0,0.5,0.0,0.5,0.32,0.0,0.0,0.68,0.0
err2,53002,6,Error-driven,4.053712387985797e-08,1.0,0.5,0.0,0.54,0.24,0.0,0.0,0.76,0.0
err2,53002,7,Error-driven,4.053712387985797e-08,1.0,0.32142857142857145,0.0,0.58,0.2,0.0,0.0,0.8,0.0
err2,53002,8,Error-driven,4.053712387985797e-08,0.75,0.28125,0.0,0.6,0.2,0.0,0.0,0.8,0.0
err2,53002,9,Error-driven,4.053712387985797e-08,1.0,0.3055555555555556,0.0,0.64,0.2,0.0,0.0,0.8,0.0
err2,53002,10,Error-driven,4.053712387985797e-08,0.7,0.2,0.0,0.68,0.16,0.0,0.0,0.84,0.0
err2,53002,11,Error-driven,4.053712387985797e-08,0.8181818181818182,0.22727272727272727,0.0,0.72,0.16,0.0,0.0,0.84,0.0
err2,53002,12,Error-driven,4.053712387985797e-08,0.75,0.3333333333333333,0.0,0.72,0.14,0.0,0.0,0.86,0.0
err2,53002,13,Error-driven,4.053712387985797e-08,0.6153846153846154,0.2692307692307692,0.0,0.74,0.12,0.0,0.0,0.88,0.0
err2,53002,14,Error-driven,4.053712387985797e-08,0.6428571428571429,0.30357142857142855,0.0,0.76,0.1,0.0,0.0,0.9,0.0
err2,53002,15,Error-driven,4.053712387985797e-08,0.6,0.2833333333333333,0.0,0.78,0.12,0.0,0.0,0.88,0.0
err2,53002,16,Error-driven,4.053712387985797e-08,0.75,0.375,0.0,0.78,0.1,0.0,0.0,0.9,0.0
err2,53002,17,Error-driven,4.053712387985797e-08,0.6470588235294118,0.27941176470588236,0.0,0.78,0.12,0.0,0.0,0.88,0.0
err2,53002,18,Error-driven,4.053712387985797e-08,0.7222222222222222,0.3611111111111111,0.0,0.78,0.12,0.0,0.0,0.88,0.0
err2,53002,19,Error-driven,4.053712387985797e-08,0.7368421052631579,0.3684210526315789,0.0,0.78,0.12,0.0,0.0,0.88,0.0
err2,53002,20,Error-driven,4.053712387985797e-08,0.9,0.4,0.0,0.8,0.12,0.0,0.0,0.88,0.0
err2,53002,21,Error-driven,4.053712387985797e-08,0.8571428571428571,0.30952380952380953,0.0,0.8,0.1,0.0,0.0,0.9,0.0
err2,53002,22,Error-driven,4.053712387985797e-08,0.8636363636363636,0.375,0.0,0.84,0.16,0.0,0.0,0.84,0.0
err2,53002,23,Error-driven,4.053712387985797e-08,0.9130434782608695,0.3804347826086957,0.0,0.84,0.14,0.0,0.0,0.86,0.0
err2,53002,24,Error-driven,4.053712387985797e-08,0.7916666666666666,0.2916666666666667,0.0,0.84,0.1,0.0,0.0,0.9,0.0
err2,53002,25,Error-driven,4.053712387985797e-08,0.72,0.23,0.0,0.84,0.06,0.0,0.0,0.94,0.0
err2,53002,26,Error-driven,4.053712387985797e-08,0.6923076923076923,0.25,0.0,0.84,0.04,0.0,0.0,0.96,0.0
err2,53002,27,Error-driven,4.053712387985797e-08,0.8148148148148148,0.25925925925925924,0.0,0.84,0.08,0.0,0.0,0.92,0.0
err2,53002,28,Error-driven,4.053712387985797e-08,0.8928571428571429,0.2857142857142857,0.0,0.86,0.06,0.0,0.0,0.94,0.0
err2,53002,29,Error-driven,4.053712387985797e-08,0.7586206896551724,0.21551724137931033,0.0,0.86,0.06,0.0,0.0,0.94,0.0
err2,53002,30,Error-driven,4.053712387985797e-08,0.7,0.19166666666666668,0.0,0.86,0.04,0.0,0.0,0.96,0.0
err2,53002,31,Error-driven,4.053712387985797e-08,0.8064516129032258,0.1935483870967742,0.0,0.88,0.06,0.0,0.0,0.94,0.0
err2,53002,32,Error-driven,4.053712387985797e-08,0.78125,0.203125,0.0,0.88,0.04,0.0,0.0,0.96,0.0
err2,53002,33,Error-driven,4.053712387985797e-08,0.8181818181818182,0.24242424242424243,0.0,0.88,0.06,0.0,0.0,0.94,0.0
err2,53002,34,Error-driven,4.053712387985797e-08,0.7941176470588235,0.20588235294117646,0.0,0.9,0.06,0.0,0.0,0.94,0.0
err2,53002,35,Error-driven,4.053712387985797e-08,0.7714285714285715,0.20714285714285716,0.0,0.9,0.06,0.0,0.0,0.94,0.0
err2,53002,36,Error-driven,4.053712387985797e-08,0.7777777777777778,0.19444444444444445,0.0,0.9,0.06,0.0,0.0,0.94,0.0
err2,53002,37,Error-driven,4.053712387985797e-08,0.6756756756756757,0.1891891891891892,0.0,0.9,0.06,0.0,0.0,0.94,0.0
err2,53002,38,Error-driven,4.053712387985797e-08,0.7894736842105263,0.2236842105263158,0.0,0.9,0.06,0.0,0.0,0.94,0.0
err2,53002,39,Error-driven,4.053712387985797e-08,0.7435897435897436,0.21153846153846154,0.0,0.9,0.04,0.0,0.0,0.96,0.0
err2,53002,40,Error-driven,4.053712387985797e-08,0.725,0.225,0.0,0.9,0.06,0.0,0.0,0.94,0.0
err2,53002,41,Error-driven,4.053712387985797e-08,0.7560975609756098,0.25609756097560976,0.0,0.92,0.04,0.0,0.0,0.96,0.0
err2,53002,42,Error-driven,4.053712387985797e-08,0.6666666666666666,0.17857142857142858,0.0,0.92,0.08,0.0,0.0,0.92,0.0
err2,53002,43,Error-driven,4.053712387985797e-08,0.6511627906976745,0.18604651162790697,0.0,0.92,0.06,0.0,0.0,0.94,0.0
err2,53002,44,Error-driven,4.053712387985797e-08,0.7272727272727273,0.20454545454545456,0.0,0.94,0.08,0.0,0.0,0.92,0.0
err2,53002,45,Error-driven,4.053712387985797e-08,0.7777777777777778,0.26666666666666666,0.0,0.94,0.08,0.0,0.0,0.92,0.0
err2,53002,46,Error-driven,4.053712387985797e-08,0.8043478260869565,0.2608695652173913,0.0,0.94,0.06,0.0,0.0,0.94,0.0
err2,53002,47,Error-driven,4.053712387985797e-08,0.8297872340425532,0.2712765957446808,0.0,0.94,0.04,0.0,0.0,0.96,0.0
err2,53002,48,Error-driven,4.053712387985797e-08,0.7916666666666666,0.2708333333333333,0.0,0.94,0.06,0.0,0.0,0.94,0.0
err2,53002,49,Error-driven,4.053712387985797e-08,0.7142857142857143,0.22448979591836735,0.0,0.94,0.06,0.0,0.0,0.94,0.0
err2,53002,50,Error-driven,4.053712387985797e-08,0.74,0.255,0.0,0.94,0.06,0.0,0.0,0.94,0.0
err2,53002,51,Error-driven,4.053712387985797e-08,0.7647058823529411,0.24019607843137256,0.0,0.94,0.06,0.0,0.0,0.94,0.0
err2,53002,52,Error-driven,4.053712387985797e-08,0.75,0.22115384615384615,0.0,0.94,0.06,0.0,0.0,0.94,0.0
err2,53002,53,Error-driven,4.053712387985797e-08,0.7735849056603774,0.24056603773584906,0.0,0.94,0.06,0.0,0.0,0.94,0.0
err2,53002,54,Error-driven,4.053712387985797e-08,0.8148148148148148,0.25925925925925924,0.0,0.94,0.06,0.0,0.0,0.94,0.0
err2,53002,55,Error-driven,4.053712387985797e-08,0.7636363636363637,0.23636363636363636,0.0,0.94,0.06,0.0,0.0,0.94,0.0
err2,53002,56,Error-driven,4.053712387985797e-08,0.8035714285714286,0.27232142857142855,0.0,0.94,0.08,0.0,0.0,0.92,0.0
err2,53002,57,Error-driven,4.053712387985797e-08,0.8070175438596491,0.2675438596491228,0.0,0.94,0.08,0.0,0.0,0.92,0.0
err2,53002,58,Error-driven,4.053712387985797e-08,0.7758620689655172,0.25,0.0,0.94,0.06,0.0,0.0,0.94,0.0
err2,53002,59,Error-driven,4.053712387985797e-08,0.847457627118644,0.2711864406779661,0.0,0.94,0.06,0.0,0.0,0.94,0.0
err2,53002,60,Error-driven,4.053712387985797e-08,1.0,0.43333333333333335,0.0,0.94,0.08,0.0,0.0,0.92,0.0
err2,53002,61,Error-driven,4.053712387985797e-08,0.9672131147540983,0.4180327868852459,0.0,0.94,0.08,0.0,0.0,0.92,0.0
err2,53002,62,Error-driven,4.053712387985797e-08,0.967741935483871,0.41935483870967744,0.0,0.94,0.08,0.0,0.0,0.92,0.0
err2,53002,63,Error-driven,4.053712387985797e-08,0.9841269841269841,0.45634920634920634,0.0,0.94,0.1,0.0,0.0,0.9,0.0
err2,53002,64,Error-driven,4.053712387985797e-08,0.984375,0.44140625,0.0,0.96,0.08,0.0,0.0,0.92,0.0
err2,53002,65,Error-driven,4.053712387985797e-08,0.9230769230769231,0.29615384615384616,0.0,0.96,0.1,0.0,0.0,0.9,0.0
err2,53002,66,Error-driven,4.053712387985797e-08,0.8484848484848485,0.2537878787878788,0.0,0.96,0.12,0.0,0.0,0.88,0.0
err2,53002,67,Error-driven,4.053712387985797e-08,0.746268656716418,0.19776119402985073,0.0,0.96,0.14,0.0,0.0,0.86,0.0
err2,53002,68,Error-driven,4.053712387985797e-08,0.8529411764705882,0.27941176470588236,0.0,0.96,0.12,0.0,0.0,0.88,0.0
err2,53002,69,Error-driven,4.053712387985797e-08,0.855072463768116,0.2644927536231884,0.0,0.96,0.1,0.0,0.0,0.9,0.0
err2,53002,70,Error-driven,4.053712387985797e-08,0.8428571428571429,0.25357142857142856,0.0,0.96,0.14,0.0,0.0,0.86,0.0
err2,53002,71,Error-driven,4.053712387985797e-08,0.8591549295774648,0.25,0.0,0.96,0.1,0.0,0.0,0.9,0.0
err2,53002,72,Error-driven,4.053712387985797e-08,0.8333333333333334,0.2638888888888889,0.0,0.96,0.1,0.0,0.0,0.9,0.0
err2,53002,73,Error-driven,4.053712387985797e-08,0.863013698630137,0.25,0.0,0.96,0.1,0.0,0.0,0.9,0.0
err2,53002,74,Error-driven,4.053712387985797e-08,0.7972972972972973,0.23986486486486486,0.0,0.96,0.12,0.0,0.0,0.88,0.0
err2,53002,75,Error-driven,4.053712387985797e-08,0.8533333333333334,0.25666666666666665,0.0,0.96,0.1,0.0,0.0,0.9,0.0
err2,53002,76,Error-driven,4.053712387985797e-08,0.8421052631578947,0.25,0.0,0.96,0.1,0.0,0.0,0.9,0.0
err2,53002,77,Error-driven,4.053712387985797e-08,0.8441558441558441,0.24025974025974026,0.0,0.96,0.1,0.0,0.0,0.9,0.0
err2,53002,78,Error-driven,4.053712387985797e-08,0.6923076923076923,0.19230769230769232,0.0,0.96,0.08,0.0,0.0,0.92,0.0
err2,53002,79,Error-driven,4.053712387985797e-08,0.6455696202531646,0.189873417721519,0.0,0.96,0.08,0.0,0.0,0.92,0.0
err2,53002,80,Error-driven,4.053712387985797e-08,0.975,0.35625,0.0,0.96,0.1,0.0,0.0,0.9,0.0
err2,53002,81,Error-driven,4.053712387985797e-08,0.9506172839506173,0.3425925925925926,0.0,0.96,0.1,0.0,0.0,0.9,0.0
err2,53002,82,Error-driven,4.053712387985797e-08,0.9512195121951219,0.35365853658536583,0.0,0.96,0.1,0.0,0.0,0.9,0.0
err2,53002,83,Error-driven,4.053712387985797e-08,0.9518072289156626,0.3674698795180723,0.0,0.96,0.1,0.0,0.0,0.9,0.0
err2,53002,84,Error-driven,4.053712387985797e-08,0.9523809523809523,0.36607142857142855,0.0,0.96,0.1,0.0,0.0,0.9,0.0
err2,53002,85,Error-driven,4.053712387985797e-08,0.9647058823529412,0.37058823529411766,0.0,0.96,0.1,0.0,0.0,0.9,0.0
err2,53002,86,Error-driven,4.053712387985797e-08,0.9534883720930233,0.36046511627906974,0.0,0.96,0.1,0.0,0.0,0.9,0.0
err2,53002,87,Error-driven,4.053712387985797e-08,0.9425287356321839,0.34770114942528735,0.0,0.96,0.1,0.0,0.0,0.9,0.0
err2,53002,88,Error-driven,4.053712387985797e-08,0.9431818181818182,0.3494318181818182,0.0,0.96,0.1,0.0,0.0,0.9,0.0
err2,53002,89,Error-driven,4.053712387985797e-08,0.898876404494382,0.32303370786516855,0.0,0.96,0.12,0.0,0.0,0.88,0.0
err2,53002,90,Error-driven,4.053712387985797e-08,0.8888888888888888,0.3194444444444444,0.0,0.96,0.14,0.0,0.0,0.86,0.0
err2,53003,1,Error-driven,6.4993934678625465e-09,1.0,1.0,0.0,0.16,0.9,0.0,0.0,0.1,0.0
err2,53003,2,Error-driven,6.4993934678625465e-09,1.0,0.5,0.0,0.26,0.8,0.0,0.0,0.2,0.0
err2,53003,3,Error-driven,6.4993934678625465e-09,0.6666666666666666,0.16666666666666666,0.0,0.36,0.6,0.0,0.0,0.4,0.0
err2,53003,4,Error-driven,6.4993934678625465e-09,1.0,0.3125,0.0,0.44,0.48,0.0,0.0,0.52,0.0
err2,53003,5,Error-driven,6.4993934678625465e-09,0.8,0.15,0.0,0.5,0.38,0.0,0.0,0.62,0.0
err2,53003,6,Error-driven,6.4993934678625465e-09,0.5,0.08333333333333333,0.0,0.58,0.24,0.0,0.0,0.76,0.0
err2,53003,7,Error-driven,6.4993934678625465e-09,0.42857142857142855,0.10714285714285714,0.0,0.62,0.22,0.0,0.0,0.78,0.0
err2,53003,8,Error-driven,6.4993934678625465e-09,0.5,0.1875,0.0,0.62,0.26,0.0,0.0,0.74,0.0
err2,53003,9,Error-driven,6.4993934678625465e-09,0.3333333333333333,0.08333333333333333,0.0,0.68,0.24,0.0,0.0,0.76,0.0
err2,53003,10,Error-driven,6.4993934678625465e-09,0.5,0.15,0.0,0.68,0.18,0.0,0.0,0.82,0.0
err2,53003,11,Error-driven,6.4993934678625465e-09,0.45454545454545453,0.20454545454545456,0.0,0.68,0.14,0.0,0.0,0.86,0.0
err2,53003,12,Error-driven,6.4993934678625465e-09,0.5833333333333334,0.20833333333333334,0.0,0.68,0.18,0.0,0.0,0.82,0.0
err2,53003,13,Error-driven,6.4993934678625465e-09,0.5384615384615384,0.19230769230769232,0.0,0.7,0.16,0.0,0.0,0.84,0.0
err2,53003,14,Error-driven,6.4993934678625465e-09,0.7857142857142857,0.16071428571428573,0.0,0.72,0.18,0.0,0.0,0.82,0.0
err2,53003,15,Error-driven,6.4993934678625465e-09,0.6666666666666666,0.2,0.0,0.74,0.14,0.0,0.0,0.86,0.0
err2,53003,16,Error-driven,6.4993934678625465e-09,0.5625,0.21875,0.0,0.76,0.16,0.0,0.0,0.84,0.0
err2,53003,17,Error-driven,6.4993934678625465e-09,0.5882352941176471,0.16176470588235295,0.0,0.76,0.14,0.0,0.0,0.86,0.0
err2,53003,18,Error-driven,6.4993934678625465e-09,0.5555555555555556,0.16666666666666666,0.0,0.76,0.16,0.0,0.0,0.84,0.0
err2,53003,19,Error-driven,6.4993934678625465e-09,0.5789473684210527,0.15789473684210525,0.0,0.76,0.18,0.0,0.0,0.82,0.0
err2,53003,20,Error-driven,6.4993934678625465e-09,0.6,0.2,0.0,0.76,0.16,0.0,0.0,0.84,0.0
err2,53003,21,Error-driven,6.4993934678625465e-09,0.6666666666666666,0.15476190476190477,0.0,0.76,0.16,0.0,0.0,0.84,0.0
err2,53003,22,Error-driven,6.4993934678625465e-09,0.5454545454545454,0.125,0.0,0.76,0.18,0.0,0.0,0.82,0.0
err2,53003,23,Error-driven,6.4993934678625465e-09,0.5652173913043478,0.18478260869565216,0.0,0.76,0.18,0.0,0.0,0.82,0.0
err2,53003,24,Error-driven,6.4993934678625465e-09,0.5416666666666666,0.16666666666666666,0.0,0.76,0.18,0.0,0.0,0.82,0.0
err2,53003,25,Error-driven,6.4993934678625465e-09,0.52,0.2,0.0,0.76,0.18,0.0,0.0,0.82,0.0
err2,53003,26,Error-driven,6.4993934678625465e-09,0.5384615384615384,0.16346153846153846,0.0,0.78,0.18,0.0,0.0,0.82,0.0
err2,53003,27,Error-driven,6.4993934678625465e-09,0.6296296296296297,0.2037037037037037,0.0,0.78,0.18,0.0,0.0,0.82,0.0
err2,53003,28,Error-driven,6.4993934678625465e-09,0.6428571428571429,0.16964285714285715,0.0,0.78,0.16,0.0,0.0,0.84,0.0
err2,53003,29,Error-driven,6.4993934678625465e-09,0.5862068965517241,0.13793103448275862,0.0,0.78,0.14,0.0,0.0,0.86,0.0
err2,53003,30,Error-driven,6.4993934678625465e-09,0.4666666666666667,0.13333333333333333,0.0,0.82,0.16,0.0,0.0,0.84,0.0
err2,53003,31,Error-driven,6.4993934678625465e-09,0.5161290322580645,0.1532258064516129,0.0,0.82,0.16,0.0,0.0,0.84,0.0
err2,53003,32,Error-driven,6.4993934678625465e-09,0.625,0.1328125,0.0,0.82,0.16,0.0,0.0,0.84,0.0
err2,53003,33,Error-driven,6.4993934678625465e-09,0.696969696969697,0.16666666666666666,0.0,0.82,0.1,0.0,0.0,0.9,0.0
err2,53003,34,Error-driven,6.4993934678625465e-09,0.7058823529411765,0.17647058823529413,0.0,0.84,0.12,0.0,0.0,0.88,0.0
err2,53003,35,Error-driven,6.4993934678625465e-09,0.37142857142857144,0.11428571428571428,0.0,0.84,0.12,0.0,0.0,0.88,0.0
err2,53003,36,Error-driven,6.4993934678625465e-09,0.4722222222222222,0.09027777777777778,0.0,0.86,0.1,0.0,0.0,0.9,0.0
err2,53003,37,Error-driven,6.4993934678625465e-09,0.6486486486486487,0.16891891891891891,0.0,0.86,0.12,0.0,0.0,0.88,0.0
err2,53003,38,Error-driven,6.4993934678625465e-09,0.5263157894736842,0.17105263157894737,0.0,0.86,0.12,0.0,0.0,0.88,0.0
err2,53003,39,Error-driven,6.4993934678625465e-09,0.4358974358974359,0.10256410256410256,0.0,0.86,0.12,0.0,0.0,0.88,0.0
err2,53003,40,Error-driven,6.4993934678625465e-09,0.45,0.1125,0.0,0.86,0.12,0.0,0.0,0.88,0.0
err2,53003,41,Error-driven,6.4993934678625465e-09,0.4878048780487805,0.12195121951219512,0.0,0.88,0.12,0.0,0.0,0.88,0.0
err2,53003,42,Error-driven,6.4993934678625465e-09,0.40476190476190477,0.09523809523809523,0.0,0.88,0.12,0.0,0.0,0.88,0.0
err2,53003,43,Error-driven,6.4993934678625465e-09,0.8372093023255814,0.19186046511627908,0.0,0.88,0.12,0.0,0.0,0.88,0.0
err2,53003,44,Error-driven,6.4993934678625465e-09,0.6363636363636364,0.17613636363636365,0.0,0.88,0.1,0.0,0.0,0.9,0.0
err2,53003,45,Error-driven,6.4993934678625465e-09,0.6888888888888889,0.17222222222222222,0.0,0.88,0.1,0.0,0.0,0.9,0.0
err2,53003,46,Error-driven,6.4993934678625465e-09,0.6956521739130435,0.18478260869565216,0.0,0.88,0.1,0.0,0.0,0.9,0.0
err2,53003,47,Error-driven,6.4993934678625465e-09,0.7021276595744681,0.18617021276595744,0.0,0.88,0.1,0.0,0.0,0.9,0.0
err2,53003,48,Error-driven,6.4993934678625465e-09,0.6666666666666666,0.19270833333333334,0.0,0.88,0.1,0.0,0.0,0.9,0.0
err2,53003,49,Error-driven,6.4993934678625465e-09,0.5714285714285714,0.19387755102040816,0.0,0.9,0.1,0.0,0.0,0.9,0.0
err2,53003,50,Error-driven,6.4993934678625465e-09,0.58,0.195,0.0,0.9,0.1,0.0,0.0,0.9,0.0
err2,53003,51,Error-driven,6.4993934678625465e-09,0.49019607843137253,0.19607843137254902,0.0,0.9,0.1,0.0,0.0,0.9,0.0
err2,53003,52,Error-driven,6.4993934678625465e-09,0.4807692307692308,0.15865384615384615,0.0,0.9,0.1,0.0,0.0,0.9,0.0
err2,53003,53,Error-driven,6.4993934678625465e-09,0.49056603773584906,0.17452830188679244,0.0,0.9,0.1,0.0,0.0,0.9,0.0
err2,53003,54,Error-driven,6.4993934678625465e-09,0.5185185185185185,0.19907407407407407,0.0,0.9,0.1,0.0,0.0,0.9,0.0
err2,53003,55,Error-driven,6.4993934678625465e-09,0.6909090909090909,0.20454545454545456,0.0,0.9,0.12,0.0,0.0,0.88,0.0
err2,53003,56,Error-driven,6.4993934678625465e-09,0.7142857142857143,0.22767857142857142,0.0,0.9,0.12,0.0,0.0,0.88,0.0
err2,53003,57,Error-driven,6.4993934678625465e-09,0.6842105263157895,0.20614035087719298,0.0,0.9,0.1,0.0,0.0,0.9,0.0
err2,53003,58,Error-driven,6.4993934678625465e-09,0.7068965517241379,0.20689655172413793,0.0,0.9,0.1,0.0,0.0,0.9,0.0
err2,53003,59,Error-driven,6.4993934678625465e-09,0.6779661016949152,0.2245762711864407,0.0,0.9,0.1,0.0,0.0,0.9,0.0
err2,53003,60,Error-driven,6.4993934678625465e-09,0.5666666666666667,0.125,0.0,0.9,0.1,0.0,0.0,0.9,0.0
err2,53003,61,Error-driven,6.4993934678625465e-09,0.5573770491803278,0.11475409836065574,0.0,0.9,0.1,0.0,0.0,0.9,0.0
err2,53003,62,Error-driven,6.4993934678625465e-09,0.5806451612903226,0.12903225806451613,0.0,0.9,0.1,0.0,0.0,0.9,0.0
err2,53003,63,Error-driven,6.4993934678625465e-09,0.5873015873015873,0.12698412698412698,0.0,0.92,0.1,0.0,0.0,0.9,0.0
err2,53003,64,Error-driven,6.4993934678625465e-09,0.609375,0.1328125,0.0,0.92,0.1,0.0,0.0,0.9,0.0
err2,53003,65,Error-driven,6.4993934678625465e-09,0.5846153846153846,0.14615384615384616,0.0,0.92,0.1,0.0,0.0,0.9,0.0
err2,53003,66,Error-driven,6.4993934678625465e-09,0.5606060606060606,0.13636363636363635,0.0,0.92,0.1,0.0,0.0,0.9,0.0
err2,53003,67,Error-driven,6.4993934678625465e-09,0.7611940298507462,0.208955223880597,0.0,0.92,0.1,0.0,0.0,0.9,0.0
err2,53003,68,Error-driven,6.4993934678625465e-09,0.7352941176470589,0.20588235294117646,0.0,0.92,0.1,0.0,0.0,0.9,0.0
err2,53003,69,Error-driven,6.4993934678625465e-09,0.7101449275362319,0.20652173913043478,0.0,0.92,0.1,0.0,0.0,0.9,0.0
err2,53003,70,Error-driven,6.4993934678625465e-09,0.6571428571428571,0.2,0.0,0.92,0.1,0.0,0.0,0.9,0.0
err2,53003,71,Error-driven,6.4993934678625465e-09,0.647887323943662,0.1795774647887324,0.0,0.92,0.1,0.0,0.0,0.9,0.0
err2,53003,72,Error-driven,6.4993934678625465e-09,0.6527777777777778,0.2013888888888889,0.0,0.92,0.1,0.0,0.0,0.9,0.0
err2,53003,73,Error-driven,6.4993934678625465e-09,0.7534246575342466,0.2363013698630137,0.0,0.92,0.1,0.0,0.0,0.9,0.0
err2,53003,74,Error-driven,6.4993934678625465e-09,0.6621621621621622,0.20270270270270271,0.0,0.92,0.1,0.0,0.0,0.9,0.0
err2,53003,75,Error-driven,6.4993934678625465e-09,0.6933333333333334,0.19666666666666666,0.0,0.92,0.1,0.0,0.0,0.9,0.0
err2,53003,76,Error-driven,6.4993934678625465e-09,0.7236842105263158,0.20065789473684212,0.0,0.92,0.1,0.0,0.0,0.9,0.0
err2,53003,77,Error-driven,6.4993934678625465e-09,0.6623376623376623,0.18181818181818182,0.0,0.92,0.1,0.0,0.0,0.9,0.0
err2,53003,78,Error-driven,6.4993934678625465e-09,0.717948717948718,0.22115384615384615,0.0,0.94,0.1,0.0,0.0,0.9,0.0
err2,53003,79,Error-driven,6.4993934678625465e-09,0.6962025316455697,0.18670886075949367,0.0,0.94,0.1,0.0,0.0,0.9,0.0
err2,53003,80,Error-driven,6.4993934678625465e-09,0.6875,0.190625,0.0,0.94,0.1,0.0,0.0,0.9,0.0
err2,53003,81,Error-driven,6.4993934678625465e-09,0.6790123456790124,0.19444444444444445,0.0,0.94,0.1,0.0,0.0,0.9,0.0
err2,53003,82,Error-driven,6.4993934678625465e-09,0.6219512195121951,0.16158536585365854,0.0,0.94,0.1,0.0,0.0,0.9,0.0
err2,53003,83,Error-driven,6.4993934678625465e-09,0.6506024096385542,0.1746987951807229,0.0,0.94,0.1,0.0,0.0,0.9,0.0
err2,53003,84,Error-driven,6.4993934678625465e-09,0.6428571428571429,0.18154761904761904,0.0,0.96,0.1,0.0,0.0,0.9,0.0
err2,53003,85,Error-driven,6.4993934678625465e-09,0.6470588235294118,0.18823529411764706,0.0,0.96,0.1,0.0,0.0,0.9,0.0
err2,53003,86,Error-driven,6.4993934678625465e-09,0.6162790697674418,0.2005813953488372,0.0,0.96,0.1,0.0,0.0,0.9,0.0
err2,53003,87,Error-driven,6.4993934678625465e-09,0.5977011494252874,0.16666666666666666,0.0,0.96,0.1,0.0,0.0,0.9,0.0
err2,53003,88,Error-driven,6.4993934678625465e-09,0.7045454545454546,0.20454545454545456,0.0,0.96,0.1,0.0,0.0,0.9,0.0
err2,53003,89,Error-driven,6.4993934678625465e-09,0.5730337078651685,0.16573033707865167,0.0,0.96,0.1,0.0,0.0,0.9,0.0
err2,53003,90,Error-driven,6.4993934678625465e-09,0.6111111111111112,0.18055555555555555,0.0,0.96,0.1,0.0,0.0,0.9,0.0
err2,53004,1,Error-driven,1.302424124105528e-07,1.0,0.25,0.0,0.16,0.46,0.0,0.0,0.54,0.0
err2,53004,2,Error-driven,1.302424124105528e-07,1.0,0.125,0.0,0.28,0.5,0.0,0.1,0.4,0.0
err2,53004,3,Error-driven,1.302424124105528e-07,0.3333333333333333,0.3333333333333333,0.0,0.4,0.44,0.0,0.0,0.56,0.0
err2,53004,4,Error-driven,1.302424124105528e-07,0.75,0.125,0.0,0.48,0.32,0.0,0.02,0.66,0.0
err2,53004,5,Error-driven,1.302424124105528e-07,1.0,0.25,0.0,0.54,0.26,0.0,0.0,0.74,0.0
err2,53004,6,Error-driven,1.302424124105528e-07,0.6666666666666666,0.20833333333333334,0.0,0.58,0.2,0.0,0.0,0.8,0.0
err2,53004,7,Error-driven,1.302424124105528e-07,0.8571428571428571,0.17857142857142858,0.0,0.62,0.22,0.0,0.0,0.78,0.0
err2,53004,8,Error-driven,1.302424124105528e-07,0.625,0.15625,0.0,0.68,0.18,0.0,0.0,0.82,0.0
err2,53004,9,Error-driven,1.302424124105528e-07,0.7777777777777778,0.19444444444444445,0.0,0.7,0.16,0.0,0.0,0.84,0.0
err2,53004,10,Error-driven,1.302424124105528e-07,0.9,0.275,0.0,0.72,0.18,0.0,0.0,0.82,0.0
err2,53004,11,Error-driven,1.302424124105528e-07,0.9090909090909091,0.29545454545454547,0.0,0.72,0.16,0.0,0.0,0.84,0.0
err2,53004,12,Error-driven,1.302424124105528e-07,0.75,0.3333333333333333,0.0,0.72,0.16,0.0,0.0,0.84,0.0
err2,53004,13,Error-driven,1.302424124105528e-07,0.8461538461538461,0.28846153846153844,0.0,0.72,0.12,0.0,0.0,0.88,0.0
err2,53004,14,Error-driven,1.302424124105528e-07,0.7142857142857143,0.2857142857142857,0.0,0.72,0.14,0.0,0.0,0.86,0.0
err2,53004,15,Error-driven,1.302424124105528e-07,0.6666666666666666,0.25,0.0,0.72,0.12,0.0,0.0,0.88,0.0
err2,53004,16,Error-driven,1.302424124105528e-07,0.75,0.3125,0.0,0.74,0.1,0.0,0.0,0.9,0.0
err2,53004,17,Error-driven,1.302424124105528e-07,0.7647058823529411,0.3088235294117647,0.0,0.74,0.1,0.0,0.0,0.9,0.0
err2,53004,18,Error-driven,1.302424124105528e-07,0.6666666666666666,0.2638888888888889,0.0,0.76,0.1,0.0,0.0,0.9,0.0
err2,53004,19,Error-driven,1.302424124105528e-07,0.8421052631578947,0.25,0.0,0.76,0.14,0.0,0.0,0.86,0.0
err2,53004,20,Error-driven,1.302424124105528e-07,0.85,0.2375,0.0,0.76,0.1,0.0,0.0,0.9,0.0
err2,53004,21,Error-driven,1.302424124105528e-07,1.0,0.38095238095238093,0.0,0.76,0.12,0.0,0.0,0.88,0.0
err2,53004,22,Error-driven,1.302424124105528e-07,1.0,0.3522727272727273,0.0,0.76,0.1,0.0,0.0,0.9,0.0
err2,53004,23,Error-driven,1.302424124105528e-07,0.8260869565217391,0.2826086956521739,0.0,0.76,0.14,0.0,0.0,0.86,0.0
err2,53004,24,Error-driven,1.302424124105528e-07,0.8333333333333334,0.2916666666666667,0.0,0.76,0.12,0.0,0.0,0.88,0.0
err2,53004,25,Error-driven,1.302424124105528e-07,0.84,0.33,0.0,0.78,0.1,0.0,0.0,0.9,0.0
err2,53004,26,Error-driven,1.302424124105528e-07,0.8461538461538461,0.3173076923076923,0.0,0.8,0.1,0.0,0.0,0.9,0.0
err2,53004,27,Error-driven,1.302424124105528e-07,0.8888888888888888,0.2962962962962963,0.0,0.8,0.1,0.0,0.0,0.9,0.0
err2,53004,28,Error-driven,1.302424124105528e-07,0.8928571428571429,0.33035714285714285,0.0,0.8,0.1,0.0,0.0,0.9,0.0
err2,53004,29,Error-driven,1.302424124105528e-07,0.8275862068965517,0.3017241379310345,0.0,0.8,0.1,0.0,0.0,0.9,0.0
err2,53004,30,Error-driven,1.302424124105528e-07,0.8666666666666667,0.31666666666666665,0.0,0.8,0.1,0.0,0.0,0.9,0.0
err2,53004,31,Error-driven,1.302424124105528e-07,0.8064516129032258,0.3064516129032258,0.0,0.84,0.1,0.0,0.0,0.9,0.0
err2,53004,32,Error-driven,1.302424124105528e-07,0.875,0.296875,0.0,0.84,0.1,0.0,0.0,0.9,0.0
err2,53004,33,Error-driven,1.302424124105528e-07,0.6666666666666666,0.1893939393939394,0.0,0.84,0.1,0.0,0.0,0.9,0.0
err2,53004,34,Error-driven,1.302424124105528e-07,0.5588235294117647,0.19852941176470587,0.0,0.84,0.12,0.0,0.0,0.88,0.0
err2,53004,35,Error-driven,1.302424124105528e-07,0.7428571428571429,0.25,0.0,0.84,0.1,0.0,0.0,0.9,0.0
err2,53004,36,Error-driven,1.302424124105528e-07,0.6944444444444444,0.25,0.0,0.84,0.1,0.0,0.0,0.9,0.0
err2,53004,37,Error-driven,1.302424124105528e-07,0.7297297297297297,0.2635135135135135,0.0,0.84,0.1,0.0,0.0,0.9,0.0
err2,53004,38,Error-driven,1.302424124105528e-07,0.7368421052631579,0.25,0.0,0.84,0.1,0.0,0.0,0.9,0.0
err2,53004,39,Error-driven,1.302424124105528e-07,0.5897435897435898,0.1858974358974359,0.0,0.84,0.1,0.0,0.0,0.9,0.0
err2,53004,40,Error-driven,1.302424124105528e-07,0.625,0.19375,0.0,0.84,0.1,0.0,0.0,0.9,0.0
err2,53004,41,Error-driven,1.302424124105528e-07,0.6585365853658537,0.21951219512195122,0.0,0.84,0.1,0.0,0.0,0.9,0.0
err2,53004,42,Error-driven,1.302424124105528e-07,0.6190476190476191,0.21428571428571427,0.0,0.86,0.1,0.0,0.0,0.9,0.0
err2,53004,43,Error-driven,1.302424124105528e-07,0.6511627906976745,0.22093023255813954,0.0,0.9,0.1,0.0,0.0,0.9,0.0
err2,53004,44,Error-driven,1.302424124105528e-07,0.4772727272727273,0.1534090909090909,0.0,0.9,0.1,0.0,0.0,0.9,0.0
err2,53004,45,Error-driven,1.302424124105528e-07,0.4222222222222222,0.15,0.0,0.92,0.1,0.0,0.0,0.9,0.0
err2,53004,46,Error-driven,1.302424124105528e-07,0.4782608695652174,0.14130434782608695,0.0,0.92,0.1,0.0,0.0,0.9,0.0
err2,53004,47,Error-driven,1.302424124105528e-07,0.5106382978723404,0.14893617021276595,0.0,0.94,0.1,0.0,0.0,0.9,0.0
err2,53004,48,Error-driven,1.302424124105528e-07,0.5,0.15104166666666666,0.0,0.94,0.1,0.0,0.0,0.9,0.0
err2,53004,49,Error-driven,1.302424124105528e-07,0.40816326530612246,0.1326530612244898,0.0,0.94,0.1,0.0,0.0,0.9,0.0
err2,53004,50,Error-driven,1.302424124105528e-07,0.32,0.115,0.0,0.94,0.1,0.0,0.0,0.9,0.0
err2,53004,51,Error-driven,1.302424124105528e-07,0.3333333333333333,0.11274509803921569,0.0,0.94,0.1,0.0,0.0,0.9,0.0
err2,53004,52,Error-driven,1.302424124105528e-07,0.4230769230769231,0.125,0.0,0.94,0.1,0.0,0.0,0.9,0.0
err2,53004,53,Error-driven,1.302424124105528e-07,0.41509433962264153,0.12264150943396226,0.0,0.94,0.1,0.0,0.0,0.9,0.0
err2,53004,54,Error-driven,1.302424124105528e-07,0.5555555555555556,0.14814814814814814,0.0,0.94,0.1,0.0,0.0,0.9,0.0
err2,53004,55,Error-driven,1.302424124105528e-07,0.5454545454545454,0.15,0.0,0.94,0.1,0.0,0.0,0.9,0.0
err2,53004,56,Error-driven,1.302424124105528e-07,0.5,0.13839285714285715,0.0,0.94,0.1,0.0,0.0,0.9,0.0
err2,53004,57,Error-driven,1.302424124105528e-07,0.7368421052631579,0.17982456140350878,0.0,0.94,0.1,0.0,0.0,0.9,0.0
err2,53004,58,Error-driven,1.302424124105528e-07,0.6896551724137931,0.15086206896551724,0.0,0.94,0.08,0.0,0.0,0.92,0.0
err2,53004,59,Error-driven,1.302424124105528e-07,0.6610169491525424,0.1652542372881356,0.0,0.96,0.08,0.0,0.0,0.92,0.0
err2,53004,60,Error-driven,1.302424124105528e-07,0.7,0.1625,0.0,0.96,0.08,0.0,0.0,0.92,0.0
err2,53004,61,Error-driven,1.302424124105528e-07,0.6721311475409836,0.1557377049180328,0.0,0.96,0.08,0.0,0.0,0.92,0.0
err2,53004,62,Error-driven,1.302424124105528e-07,0.7419354838709677,0.1693548387096774,0.0,0.96,0.08,0.0,0.0,0.92,0.0
err2,53004,63,Error-driven,1.302424124105528e-07,0.6666666666666666,0.14285714285714285,0.0,0.96,0.08,0.0,0.0,0.92,0.0
err2,53004,64,Error-driven,1.302424124105528e-07,0.71875,0.1796875,0.0,0.96,0.08,0.0,0.0,0.92,0.0
err2,53004,65,Error-driven,1.302424124105528e-07,0.7230769230769231,0.17692307692307693,0.0,0.98,0.08,0.0,0.0,0.92,0.0
err2,53004,66,Error-driven,1.302424124105528e-07,0.6363636363636364,0.19696969696969696,0.0,0.98,0.12,0.0,0.0,0.88,0.0
err2,53004,67,Error-driven,1.302424124105528e-07,0.4626865671641791,0.10820895522388059,0.0,0.98,0.08,0.0,0.0,0.92,0.0
err2,53004,68,Error-driven,1.302424124105528e-07,0.45588235294117646,0.10661764705882353,0.0,0.98,0.08,0.0,0.0,0.92,0.0
err2,53004,69,Error-driven,1.302424124105528e-07,0.4057971014492754,0.10507246376811594,0.0,0.98,0.14,0.0,0.0,0.86,0.0
err2,53004,70,Error-driven,1.302424124105528e-07,0.4,0.10357142857142858,0.0,0.98,0.14,0.0,0.0,0.86,0.0
err2,53004,71,Error-driven,1.302424124105528e-07,0.4084507042253521,0.11971830985915492,0.0,0.98,0.14,0.0,0.0,0.86,0.0
err2,53004,72,Error-driven,1.302424124105528e-07,0.3888888888888889,0.11805555555555555,0.0,0.98,0.14,0.0,0.0,0.86,0.0
err2,53004,73,Error-driven,1.302424124105528e-07,0.4246575342465753,0.136986301369863,0.0,0.98,0.14,0.0,0.0,0.86,0.0
err2,53004,74,Error-driven,1.302424124105528e-07,0.4189189189189189,0.12837837837837837,0.0,0.98,0.14,0.0,0.0,0.86,0.0
err2,53004,75,Error-driven,1.302424124105528e-07,0.4533333333333333,0.13666666666666666,0.0,0.98,0.14,0.0,0.0,0.86,0.0
err2,53004,76,Error-driven,1.302424124105528e-07,0.4605263157894737,0.13486842105263158,0.0,0.98,0.14,0.0,0.0,0.86,0.0
err2,53004,77,Error-driven,1.302424124105528e-07,0.45454545454545453,0.13636363636363635,0.012987012987012991,0.98,0.14,0.0,0.0,0.86,0.0
err2,53004,78,Error-driven,1.302424124105528e-07,0.44871794871794873,0.13141025641025642,0.012820512820512775,0.98,0.14,0.0,0.0,0.86,0.0
err2,53004,79,Error-driven,1.302424124105528e-07,0.4430379746835443,0.12974683544303797,0.012658227848101222,0.98,0.14,0.0,0.0,0.86,0.0
err2,53004,80,Error-driven,1.302424124105528e-07,0.425,0.1375,0.012499999999999956,0.98,0.14,0.0,0.0,0.86,0.0
err2,53004,81,Error-driven,1.302424124105528e-07,0.43209876543209874,0.1419753086419753,0.012345679012345734,0.98,0.12,0.0,0.0,0.88,0.0
err2,53004,82,Error-driven,1.302424124105528e-07,0.4634146341463415,0.14634146341463414,0.012195121951219523,0.98,0.12,0.0,0.0,0.88,0.0
err2,53004,83,Error-driven,1.302424124105528e-07,0.4457831325301205,0.15060240963855423,0.012048192771084376,0.98,0.14,0.0,0.0,0.86,0.0
err2,53004,84,Error-driven,1.302424124105528e-07,0.4642857142857143,0.15178571428571427,0.011904761904761862,0.98,0.14,0.0,0.0,0.86,0.0
err2,53004,85,Error-driven,1.302424124105528e-07,0.4588235294117647,0.14411764705882352,0.0117647058823529,0.98,0.14,0.0,0.0,0.86,0.0
err2,53004,86,Error-driven,1.302424124105528e-07,0.46511627906976744,0.12790697674418605,0.011627906976744207,0.98,0.14,0.0,0.0,0.86,0.0
err2,53004,87,Error-driven,1.302424124105528e-07,0.4482758620689655,0.13793103448275862,0.011494252873563204,0.98,0.12,0.0,0.0,0.88,0.0
err2,53004,88,Error-driven,1.302424124105528e-07,0.45454545454545453,0.14204545454545456,0.011363636363636354,0.98,0.14,0.0,0.0,0.86,0.0
err2,53004,89,Error-driven,1.302424124105528e-07,0.43820224719101125,0.1348314606741573,0.011235955056179803,0.98,0.14,0.0,0.0,0.86,0.0
err2,53004,90,Error-driven,1.302424124105528e-07,0.45555555555555555,0.15833333333333333,0.011111111111111072,0.98,0.12,0.0,0.0,0.88,0.0
err2,53005,1,Error-driven,1.9144694718420396e-09,1.0,0.5,0.0,0.16,0.66,0.02,0.0,0.32,0.0
err2,53005,2,Error-driven,1.9144694718420396e-09,1.0,1.0,0.0,0.24,0.66,0.0,0.0,0.34,0.0
err2,53005,3,Error-driven,1.9144694718420396e-09,1.0,0.6666666666666666,0.0,0.36,0.46,0.0,0.0,0.54,0.0
err2,53005,4,Error-driven,1.9144694718420396e-09,0.5,0.1875,0.0,0.44,0.46,0.0,0.0,0.54,0.0
err2,53005,5,Error-driven,1.9144694718420396e-09,0.4,0.1,0.0,0.48,0.32,0.0,0.0,0.68,0.0
err2,53005,6,Error-driven,1.9144694718420396e-09,0.6666666666666666,0.125,0.0,0.54,0.2,0.0,0.0,0.8,0.0
err2,53005,7,Error-driven,1.9144694718420396e-09,0.2857142857142857,0.03571428571428571,0.0,0.58,0.2,0.0,0.0,0.8,0.0
err2,53005,8,Error-driven,1.9144694718420396e-09,0.375,0.03125,0.0,0.66,0.2,0.0,0.0,0.8,0.0
err2,53005,9,Error-driven,1.9144694718420396e-09,0.3333333333333333,0.05555555555555555,0.0,0.68,0.18,0.0,0.0,0.82,0.0
err2,53005,10,Error-driven,1.9144694718420396e-09,0.3,0.05,0.0,0.74,0.22,0.0,0.0,0.78,0.0
err2,53005,11,Error-driven,1.9144694718420396e-09,0.45454545454545453,0.1590909090909091,0.0,0.76,0.2,0.0,0.0,0.8,0.0
err2,53005,12,Error-driven,1.9144694718420396e-09,0.6666666666666666,0.25,0.0,0.76,0.2,0.0,0.0,0.8,0.0
err2,53005,13,Error-driven,1.9144694718420396e-09,0.5384615384615384,0.15384615384615385,0.0,0.78,0.22,0.0,0.0,0.78,0.0
err2,53005,14,Error-driven,1.9144694718420396e-09,0.5,0.19642857142857142,0.0,0.8,0.2,0.0,0.0,0.8,0.0
err2,53005,15,Error-driven,1.9144694718420396e-09,0.6,0.16666666666666666,0.0,0.82,0.18,0.0,0.0,0.82,0.0
err2,53005,16,Error-driven,1.9144694718420396e-09,0.625,0.1875,0.0,0.84,0.16,0.0,0.0,0.84,0.0
err2,53005,17,Error-driven,1.9144694718420396e-09,0.6470588235294118,0.17647058823529413,0.0,0.86,0.14,0.0,0.0,0.86,0.0
err2,53005,18,Error-driven,1.9144694718420396e-09,0.6666666666666666,0.16666666666666666,0.0,0.86,0.18,0.0,0.0,0.82,0.0
err2,53005,19,Error-driven,1.9144694718420396e-09,0.7894736842105263,0.18421052631578946,0.0,0.88,0.12,0.0,0.0,0.88,0.0
err2,53005,20,Error-driven,1.9144694718420396e-09,0.45,0.1375,0.0,0.88,0.16,0.0,0.0,0.84,0.0
err2,53005,21,Error-driven,1.9144694718420396e-09,0.5714285714285714,0.15476190476190477,0.0,0.88,0.16,0.0,0.0,0.84,0.0
err2,53005,22,Error-driven,1.9144694718420396e-09,0.7272727272727273,0.1590909090909091,0.0,0.9,0.14,0.0,0.0,0.86,0.0
err2,53005,23,Error-driven,1.9144694718420396e-09,0.782608695652174,0.13043478260869565,0.0,0.9,0.16,0.0,0.0,0.84,0.0
err2,53005,24,Error-driven,1.9144694718420396e-09,0.5,0.10416666666666667,0.0,0.9,0.16,0.0,0.0,0.84,0.0
err2,53005,25,Error-driven,1.9144694718420396e-09,0.56,0.15,0.0,0.9,0.14,0.0,0.0,0.86,0.0
err2,53005,26,Error-driven,1.9144694718420396e-09,0.5384615384615384,0.14423076923076922,0.0,0.9,0.18,0.0,0.0,0.82,0.0
err2,53005,27,Error-driven,1.9144694718420396e-09,0.4074074074074074,0.1111111111111111,0.0,0.9,0.14,0.0,0.0,0.86,0.0
err2,53005,28,Error-driven,1.9144694718420396e-09,0.7142857142857143,0.14285714285714285,0.0,0.9,0.16,0.0,0.0,0.84,0.0
err2,53005,29,Error-driven,1.9144694718420396e-09,0.7241379310344828,0.15517241379310345,0.0,0.9,0.18,0.0,0.0,0.82,0.0
err2,53005,30,Error-driven,1.9144694718420396e-09,0.6,0.16666666666666666,0.0,0.9,0.18,0.0,0.0,0.82,0.0
err2,53005,31,Error-driven,1.9144694718420396e-09,0.6451612903225806,0.1935483870967742,0.0,0.9,0.16,0.0,0.0,0.84,0.0
err2,53005,32,Error-driven,1.9144694718420396e-09,0.53125,0.1640625,0.0,0.9,0.16,0.0,0.0,0.84,0.0
err2,53005,33,Error-driven,1.9144694718420396e-09,0.5454545454545454,0.18181818181818182,0.0,0.92,0.16,0.0,0.0,0.84,0.0
err2,53005,34,Error-driven,1.9144694718420396e-09,0.6470588235294118,0.22058823529411764,0.0,0.92,0.12,0.0,0.0,0.88,0.0
err2,53005,35,Error-driven,1.9144694718420396e-09,0.42857142857142855,0.10714285714285714,0.0,0.92,0.16,0.0,0.0,0.84,0.0
err2,53005,36,Error-driven,1.9144694718420396e-09,0.4722222222222222,0.125,0.0,0.92,0.16,0.0,0.0,0.84,0.0
err2,53005,37,Error-driven,1.9144694718420396e-09,0.5405405405405406,0.13513513513513514,0.0,0.92,0.14,0.0,0.0,0.86,0.0
err2,53005,38,Error-driven,1.9144694718420396e-09,0.631578947368421,0.1513157894736842,0.0,0.92,0.14,0.0,0.0,0.86,0.0
err2,53005,39,Error-driven,1.9144694718420396e-09,0.5897435897435898,0.16025641025641027,0.0,0.92,0.14,0.0,0.0,0.86,0.0
err2,53005,40,Error-driven,1.9144694718420396e-09,0.6,0.13125,0.0,0.94,0.14,0.0,0.0,0.86,0.0
err2,53005,41,Error-driven,1.9144694718420396e-09,0.5853658536585366,0.11585365853658537,0.0,0.96,0.14,0.0,0.0,0.86,0.0
err2,53005,42,Error-driven,1.9144694718420396e-09,0.6190476190476191,0.17261904761904762,0.0,0.96,0.14,0.0,0.0,0.86,0.0
err2,53005,43,Error-driven,1.9144694718420396e-09,0.8372093023255814,0.20348837209302326,0.0,0.96,0.14,0.0,0.0,0.86,0.0
err2,53005,44,Error-driven,1.9144694718420396e-09,0.8863636363636364,0.2784090909090909,0.0,0.96,0.14,0.0,0.0,0.86,0.0
err2,53005,45,Error-driven,1.9144694718420396e-09,0.8444444444444444,0.25555555555555554,0.0,0.98,0.16,0.0,0.0,0.84,0.0
err2,53005,46,Error-driven,1.9144694718420396e-09,0.9565217391304348,0.33152173913043476,0.0,0.98,0.14,0.0,0.0,0.86,0.0
err2,53005,47,Error-driven,1.9144694718420396e-09,0.7659574468085106,0.20212765957446807,0.0,0.98,0.14,0.0,0.0,0.86,0.0
err2,53005,48,Error-driven,1.9144694718420396e-09,0.8541666666666666,0.25,0.0,0.98,0.14,0.0,0.0,0.86,0.0
err2,53005,49,Error-driven,1.9144694718420396e-09,0.5918367346938775,0.16326530612244897,0.0,0.98,0.14,0.0,0.0,0.86,0.0
err2,53005,50,Error-driven,1.9144694718420396e-09,0.78,0.285,0.0,0.98,0.14,0.0,0.0,0.86,0.0
err2,53005,51,Error-driven,1.9144694718420396e-09,0.7450980392156863,0.25980392156862747,0.0,0.98,0.14,0.0,0.0,0.86,0.0
err2,53005,52,Error-driven,1.9144694718420396e-09,0.8846153846153846,0.28846153846153844,0.0,0.98,0.14,0.0,0.0,0.86,0.0
err2,53005,53,Error-driven,1.9144694718420396e-09,0.8679245283018868,0.2641509433962264,0.0,0.98,0.14,0.0,0.0,0.86,0.0
err2,53005,54,Error-driven,1.9144694718420396e-09,0.7222222222222222,0.23148148148148148,0.0,0.98,0.14,0.0,0.0,0.86,0.0
err2,53005,55,Error-driven,1.9144694718420396e-09,0.8,0.2636363636363636,0.0,0.98,0.14,0.0,0.0,0.86,0.0
err2,53005,56,Error-driven,1.9144694718420396e-09,0.6964285714285714,0.17410714285714285,0.0,0.98,0.12,0.0,0.0,0.88,0.0
err2,53005,57,Error-driven,1.9144694718420396e-09,0.8771929824561403,0.29385964912280704,0.0,0.98,0.14,0.0,0.0,0.86,0.0
err2,53005,58,Error-driven,1.9144694718420396e-09,0.7068965517241379,0.1896551724137931,0.0,0.98,0.12,0.0,0.0,0.88,0.0
err2,53005,59,Error-driven,1.9144694718420396e-09,0.7796610169491526,0.25,0.0,0.98,0.14,0.0,0.0,0.86,0.0
err2,53005,60,Error-driven,1.9144694718420396e-09,0.6,0.15416666666666667,0.0,0.98,0.16,0.0,0.0,0.84,0.0
err2,53005,61,Error-driven,1.9144694718420396e-09,0.819672131147541,0.27049180327868855,0.0,0.98,0.14,0.0,0.0,0.86,0.0
err2,53005,62,Error-driven,1.9144694718420396e-09,0.7580645161290323,0.20967741935483872,0.0,0.98,0.14,0.0,0.0,0.86,0.0
err2,53005,63,Error-driven,1.9144694718420396e-09,0.6507936507936508,0.23412698412698413,0.0,0.98,0.14,0.0,0.0,0.86,0.0
err2,53005,64,Error-driven,1.9144694718420396e-09,0.828125,0.28125,0.0,0.98,0.14,0.0,0.0,0.86,0.0
err2,53005,65,Error-driven,1.9144694718420396e-09,0.6615384615384615,0.1346153846153846,0.0,0.98,0.14,0.0,0.0,0.86,0.0
err2,53005,66,Error-driven,1.9144694718420396e-09,0.9090909090909091,0.20454545454545456,0.0,0.98,0.14,0.0,0.0,0.86,0.0
err2,53005,67,Error-driven,1.9144694718420396e-09,0.582089552238806,0.13805970149253732,0.0,0.98,0.14,0.0,0.0,0.86,0.0
err2,53005,68,Error-driven,1.9144694718420396e-09,0.7794117647058824,0.1875,0.0,0.98,0.14,0.0,0.0,0.86,0.0
err2,53005,69,Error-driven,1.9144694718420396e-09,0.6086956521739131,0.11594202898550725,0.0,0.98,0.16,0.0,0.0,0.84,0.0
err2,53005,70,Error-driven,1.9144694718420396e-09,0.6857142857142857,0.11785714285714285,0.0,0.98,0.16,0.0,0.0,0.84,0.0
err2,53005,71,Error-driven,1.9144694718420396e-09,0.647887323943662,0.1267605633802817,0.0,0.98,0.14,0.0,0.0,0.86,0.0
err2,53005,72,Error-driven,1.9144694718420396e-09,0.7777777777777778,0.22916666666666666,0.0,0.98,0.14,0.0,0.0,0.86,0.0
err2,53005,73,Error-driven,1.9144694718420396e-09,0.8767123287671232,0.273972602739726,0.0,0.98,0.14,0.0,0.0,0.86,0.0
err2,53005,74,Error-driven,1.9144694718420396e-09,0.8783783783783784,0.30405405405405406,0.0,0.98,0.14,0.0,0.0,0.86,0.0
err2,53005,75,Error-driven,1.9144694718420396e-09,0.8933333333333333,0.32,0.0,0.98,0.14,0.0,0.0,0.86,0.0
err2,53005,76,Error-driven,1.9144694718420396e-09,0.881578947368421,0.3059210526315789,0.0,0.98,0.14,0.0,0.0,0.86,0.0
err2,53005,77,Error-driven,1.9144694718420396e-09,0.8961038961038961,0.29545454545454547,0.0,0.98,0.14,0.0,0.0,0.86,0.0
err2,53005,78,Error-driven,1.9144694718420396e-09,0.8589743589743589,0.26282051282051283,0.0,0.98,0.14,0.0,0.0,0.86,0.0
err2,53005,79,Error-driven,1.9144694718420396e-09,0.7848101265822784,0.25,0.0,0.98,0.14,0.0,0.0,0.86,0.0
err2,53005,80,Error-driven,1.9144694718420396e-09,0.8375,0.265625,0.0,0.98,0.14,0.0,0.0,0.86,0.0
err2,53005,81,Error-driven,1.9144694718420396e-09,0.8765432098765432,0.2777777777777778,0.0,0.98,0.14,0.0,0.0,0.86,0.0
err2,53005,82,Error-driven,1.9144694718420396e-09,0.8658536585365854,0.28353658536585363,0.0,0.98,0.14,0.0,0.0,0.86,0.0
err2,53005,83,Error-driven,1.9144694718420396e-09,0.8554216867469879,0.28012048192771083,0.0,0.98,0.14,0.0,0.0,0.86,0.0
err2,53005,84,Error-driven,1.9144694718420396e-09,0.7619047619047619,0.23511904761904762,0.0,0.98,0.14,0.0,0.0,0.86,0.0
err2,53005,85,Error-driven,1.9144694718420396e-09,0.8352941176470589,0.25588235294117645,0.0,0.98,0.14,0.0,0.0,0.86,0.0
err2,53005,86,Error-driven,1.9144694718420396e-09,0.8604651162790697,0.2616279069767442,0.0,0.98,0.14,0.0,0.0,0.86,0.0
err2,53005,87,Error-driven,1.9144694718420396e-09,0.8045977011494253,0.2557471264367816,0.0,0.98,0.14,0.0,0.0,0.86,0.0
err2,53005,88,Error-driven,1.9144694718420396e-09,0.875,0.2784090909090909,0.0,0.98,0.14,0.0,0.0,0.86,0.0
err2,53005,89,Error-driven,1.9144694718420396e-09,0.8539325842696629,0.26685393258426965,0.0,0.98,0.14,0.0,0.0,0.86,0.0
err2,53005,90,Error-driven,1.9144694718420396e-09,0.8444444444444444,0.2388888888888889,0.0,0.98,0.14,0.0,0.0,0.86,0.0
err2,53006,1,Error-driven,4.943428777437475e-08,1.0,1.0,0.0,0.14,0.76,0.02,0.0,0.22,0.0
err2,53006,2,Error-driven,4.943428777437475e-08,1.0,0.5,0.0,0.24,0.82,0.0,0.0,0.18,0.0
err2,53006,3,Error-driven,4.943428777437475e-08,1.0,0.25,0.0,0.34,0.58,0.0,0.0,0.42,0.0
err2,53006,4,Error-driven,4.943428777437475e-08,1.0,0.25,0.0,0.36,0.36,0.0,0.0,0.64,0.0
err2,53006,5,Error-driven,4.943428777437475e-08,0.8,0.15,0.0,0.4,0.32,0.0,0.0,0.68,0.0
err2,53006,6,Error-driven,4.943428777437475e-08,0.6666666666666666,0.125,0.0,0.48,0.26,0.0,0.0,0.74,0.0
err2,53006,7,Error-driven,4.943428777437475e-08,0.5714285714285714,0.21428571428571427,0.0,0.5,0.24,0.0,0.0,0.76,0.0
err2,53006,8,Error-driven,4.943428777437475e-08,0.625,0.1875,0.0,0.54,0.18,0.0,0.0,0.82,0.0
err2,53006,9,Error-driven,4.943428777437475e-08,0.6666666666666666,0.19444444444444445,0.0,0.56,0.2,0.0,0.0,0.8,0.0
err2,53006,10,Error-driven,4.943428777437475e-08,0.5,0.2,0.0,0.6,0.14,0.0,0.0,0.86,0.0
err2,53006,11,Error-driven,4.943428777437475e-08,0.7272727272727273,0.20454545454545456,0.0,0.6,0.12,0.0,0.0,0.88,0.0
err2,53006,12,Error-driven,4.943428777437475e-08,0.75,0.20833333333333334,0.0,0.64,0.14,0.0,0.0,0.86,0.0
err2,53006,13,Error-driven,4.943428777437475e-08,0.6153846153846154,0.23076923076923078,0.0,0.64,0.1,0.0,0.0,0.9,0.0
err2,53006,14,Error-driven,4.943428777437475e-08,0.5714285714285714,0.25,0.0,0.64,0.1,0.0,0.0,0.9,0.0
err2,53006,15,Error-driven,4.943428777437475e-08,0.6666666666666666,0.25,0.0,0.66,0.1,0.0,0.0,0.9,0.0
err2,53006,16,Error-driven,4.943428777437475e-08,0.625,0.25,0.0,0.68,0.1,0.0,0.0,0.9,0.0
err2,53006,17,Error-driven,4.943428777437475e-08,0.47058823529411764,0.22058823529411764,0.0,0.7,0.12,0.0,0.0,0.88,0.0
err2,53006,18,Error-driven,4.943428777437475e-08,0.6666666666666666,0.2361111111111111,0.0,0.72,0.12,0.0,0.0,0.88,0.0
err2,53006,19,Error-driven,4.943428777437475e-08,0.5789473684210527,0.27631578947368424,0.0,0.72,0.12,0.0,0.0,0.88,0.0
err2,53006,20,Error-driven,4.943428777437475e-08,0.75,0.3375,0.0,0.74,0.12,0.0,0.0,0.88,0.0
err2,53006,21,Error-driven,4.943428777437475e-08,0.47619047619047616,0.16666666666666666,0.0,0.74,0.14,0.0,0.0,0.86,0.0
err2,53006,22,Error-driven,4.943428777437475e-08,0.36363636363636365,0.19318181818181818,0.0,0.74,0.12,0.0,0.0,0.88,0.0
err2,53006,23,Error-driven,4.943428777437475e-08,0.43478260869565216,0.20652173913043478,0.0,0.74,0.12,0.0,0.0,0.88,0.0
err2,53006,24,Error-driven,4.943428777437475e-08,0.4166666666666667,0.15625,0.0,0.74,0.12,0.0,0.0,0.88,0.0
err2,53006,25,Error-driven,4.943428777437475e-08,0.44,0.19,0.0,0.74,0.14,0.0,0.0,0.86,0.0
err2,53006,26,Error-driven,4.943428777437475e-08,0.34615384615384615,0.16346153846153846,0.0,0.74,0.14,0.0,0.0,0.86,0.0
err2,53006,27,Error-driven,4.943428777437475e-08,0.3333333333333333,0.1388888888888889,0.0,0.74,0.1,0.0,0.0,0.9,0.0
err2,53006,28,Error-driven,4.943428777437475e-08,0.35714285714285715,0.13392857142857142,0.0,0.74,0.12,0.0,0.0,0.88,0.0
err2,53006,29,Error-driven,4.943428777437475e-08,0.3448275862068966,0.12931034482758622,0.0,0.76,0.12,0.0,0.0,0.88,0.0
err2,53006,30,Error-driven,4.943428777437475e-08,0.3333333333333333,0.14166666666666666,0.0,0.76,0.1,0.0,0.0,0.9,0.0
err2,53006,31,Error-driven,4.943428777437475e-08,0.3870967741935484,0.14516129032258066,0.0,0.76,0.1,0.0,0.0,0.9,0.0
err2,53006,32,Error-driven,4.943428777437475e-08,0.34375,0.1484375,0.0,0.76,0.1,0.0,0.0,0.9,0.0
err2,53006,33,Error-driven,4.943428777437475e-08,0.45454545454545453,0.14393939393939395,0.0,0.76,0.12,0.0,0.0,0.88,0.0
err2,53006,34,Error-driven,4.943428777437475e-08,0.4411764705882353,0.15441176470588236,0.0,0.76,0.08,0.0,0.0,0.92,0.0
err2,53006,35,Error-driven,4.943428777437475e-08,0.5428571428571428,0.15,0.0,0.76,0.1,0.0,0.0,0.9,0.0
err2,53006,36,Error-driven,4.943428777437475e-08,0.4166666666666667,0.1388888888888889,0.0,0.76,0.1,0.0,0.0,0.9,0.0
err2,53006,37,Error-driven,4.943428777437475e-08,0.40540540540540543,0.14189189189189189,0.0,0.76,0.08,0.0,0.0,0.92,0.0
err2,53006,38,Error-driven,4.943428777437475e-08,0.47368421052631576,0.1118421052631579,0.0,0.78,0.12,0.0,0.0,0.88,0.0
err2,53006,39,Error-driven,4.943428777437475e-08,0.41025641025641024,0.11538461538461539,0.0,0.8,0.12,0.0,0.0,0.88,0.0
err2,53006,40,Error-driven,4.943428777437475e-08,0.4,0.13125,0.0,0.8,0.12,0.0,0.0,0.88,0.0
err2,53006,41,Error-driven,4.943428777437475e-08,0.34146341463414637,0.11585365853658537,0.0,0.8,0.1,0.0,0.0,0.9,0.0
err2,53006,42,Error-driven,4.943428777437475e-08,0.4523809523809524,0.14285714285714285,0.0,0.8,0.12,0.0,0.0,0.88,0.0
err2,53006,43,Error-driven,4.943428777437475e-08,0.4186046511627907,0.12209302325581395,0.0,0.8,0.12,0.0,0.0,0.88,0.0
err2,53006,44,Error-driven,4.943428777437475e-08,0.45454545454545453,0.14772727272727273,0.0,0.8,0.12,0.0,0.0,0.88,0.0
err2,53006,45,Error-driven,4.943428777437475e-08,0.4666666666666667,0.12222222222222222,0.0,0.8,0.08,0.0,0.0,0.92,0.0
err2,53006,46,Error-driven,4.943428777437475e-08,0.4782608695652174,0.14130434782608695,0.0,0.8,0.12,0.0,0.0,0.88,0.0
err2,53006,47,Error-driven,4.943428777437475e-08,0.3829787234042553,0.14893617021276595,0.0,0.8,0.1,0.0,0.0,0.9,0.0
err2,53006,48,Error-driven,4.943428777437475e-08,0.4375,0.15625,0.0,0.8,0.1,0.0,0.0,0.9,0.0
err2,53006,49,Error-driven,4.943428777437475e-08,0.42857142857142855,0.1377551020408163,0.0,0.8,0.12,0.0,0.0,0.88,0.0
err2,53006,50,Error-driven,4.943428777437475e-08,0.32,0.12,0.0,0.8,0.1,0.0,0.0,0.9,0.0
err2,53006,51,Error-driven,4.943428777437475e-08,0.45098039215686275,0.16666666666666666,0.0,0.8,0.12,0.0,0.0,0.88,0.0
err2,53006,52,Error-driven,4.943428777437475e-08,0.5,0.1875,0.0,0.8,0.12,0.0,0.0,0.88,0.0
err2,53006,53,Error-driven,4.943428777437475e-08,0.39622641509433965,0.1320754716981132,0.0,0.84,0.1,0.0,0.0,0.9,0.0
err2,53006,54,Error-driven,4.943428777437475e-08,0.4074074074074074,0.13425925925925927,0.0,0.84,0.1,0.0,0.0,0.9,0.0
err2,53006,55,Error-driven,4.943428777437475e-08,0.5272727272727272,0.1590909090909091,0.0,0.84,0.12,0.0,0.0,0.88,0.0
err2,53006,56,Error-driven,4.943428777437475e-08,0.32142857142857145,0.11607142857142858,0.0,0.84,0.1,0.0,0.0,0.9,0.0
err2,53006,57,Error-driven,4.943428777437475e-08,0.40350877192982454,0.14473684210526316,0.0,0.84,0.12,0.0,0.0,0.88,0.0
err2,53006,58,Error-driven,4.943428777437475e-08,0.43103448275862066,0.15086206896551724,0.0,0.84,0.12,0.0,0.0,0.88,0.0
err2,53006,59,Error-driven,4.943428777437475e-08,0.5423728813559322,0.18220338983050846,0.0,0.84,0.12,0.0,0.0,0.88,0.0
err2,53006,60,Error-driven,4.943428777437475e-08,0.48333333333333334,0.15,0.0,0.84,0.12,0.0,0.0,0.88,0.0
err2,53006,61,Error-driven,4.943428777437475e-08,0.5573770491803278,0.1721311475409836,0.0,0.84,0.1,0.0,0.0,0.9,0.0
err2,53006,62,Error-driven,4.943428777437475e-08,0.5161290322580645,0.18548387096774194,0.0,0.84,0.12,0.0,0.0,0.88,0.0
err2,53006,63,Error-driven,4.943428777437475e-08,0.4444444444444444,0.14682539682539683,0.0,0.84,0.12,0.0,0.0,0.88,0.0
err2,53006,64,Error-driven,4.943428777437475e-08,0.4375,0.13671875,0.0,0.84,0.12,0.0,0.0,0.88,0.0
err2,53006,65,Error-driven,4.943428777437475e-08,0.6615384615384615,0.23846153846153847,0.0,0.84,0.1,0.0,0.0,0.9,0.0
err2,53006,66,Error-driven,4.943428777437475e-08,0.8939393939393939,0.2689393939393939,0.0,0.84,0.1,0.0,0.0,0.9,0.0
err2,53006,67,Error-driven,4.943428777437475e-08,0.7761194029850746,0.1791044776119403,0.0,0.84,0.1,0.0,0.0,0.9,0.0
err2,53006,68,Error-driven,4.943428777437475e-08,0.7205882352941176,0.25,0.0,0.84,0.1,0.0,0.0,0.9,0.0
err2,53006,69,Error-driven,4.943428777437475e-08,0.782608695652174,0.2717391304347826,0.0,0.84,0.1,0.0,0.0,0.9,0.0
err2,53006,70,Error-driven,4.943428777437475e-08,0.7428571428571429,0.24285714285714285,0.0,0.84,0.08,0.0,0.0,0.92,0.0
err2,53006,71,Error-driven,4.943428777437475e-08,0.6901408450704225,0.21830985915492956,0.0,0.84,0.12,0.0,0.0,0.88,0.0
err2,53006,72,Error-driven,4.943428777437475e-08,0.6944444444444444,0.22569444444444445,0.0,0.84,0.1,0.0,0.0,0.9,0.0
err2,53006,73,Error-driven,4.943428777437475e-08,0.684931506849315,0.22945205479452055,0.0,0.84,0.08,0.0,0.0,0.92,0.0
err2,53006,74,Error-driven,4.943428777437475e-08,0.6486486486486487,0.25,0.0,0.84,0.08,0.0,0.0,0.92,0.0
err2,53006,75,Error-driven,4.943428777437475e-08,0.52,0.15666666666666668,0.0,0.84,0.12,0.0,0.0,0.88,0.0
err2,53006,76,Error-driven,4.943428777437475e-08,0.6578947368421053,0.24013157894736842,0.0,0.84,0.1,0.0,0.0,0.9,0.0
err2,53006,77,Error-driven,4.943428777437475e-08,0.7792207792207793,0.32142857142857145,0.0,0.84,0.08,0.0,0.0,0.92,0.0
err2,53006,78,Error-driven,4.943428777437475e-08,0.8333333333333334,0.3108974358974359,0.0,0.84,0.08,0.0,0.0,0.92,0.0
err2,53006,79,Error-driven,4.943428777437475e-08,0.7088607594936709,0.2848101265822785,0.0,0.84,0.08,0.0,0.0,0.92,0.0
err2,53006,80,Error-driven,4.943428777437475e-08,0.6625,0.2375,0.0,0.84,0.08,0.0,0.0,0.92,0.0
err2,53006,81,Error-driven,4.943428777437475e-08,0.7283950617283951,0.2839506172839506,0.0,0.84,0.08,0.0,0.0,0.92,0.0
err2,53006,82,Error-driven,4.943428777437475e-08,0.7073170731707317,0.2652439024390244,0.0,0.86,0.1,0.0,0.0,0.9,0.0
err2,53006,83,Error-driven,4.943428777437475e-08,0.6506024096385542,0.2319277108433735,0.0,0.86,0.06,0.0,0.0,0.94,0.0
err2,53006,84,Error-driven,4.943428777437475e-08,0.8571428571428571,0.33630952380952384,0.0,0.86,0.08,0.0,0.0,0.92,0.0
err2,53006,85,Error-driven,4.943428777437475e-08,0.7294117647058823,0.3029411764705882,0.0,0.86,0.08,0.0,0.0,0.92,0.0
err2,53006,86,Error-driven,4.943428777437475e-08,0.813953488372093,0.30523255813953487,0.0,0.88,0.12,0.0,0.0,0.88,0.0
err2,53006,87,Error-driven,4.943428777437475e-08,0.6896551724137931,0.1896551724137931,0.0,0.88,0.12,0.0,0.0,0.88,0.0
err2,53006,88,Error-driven,4.943428777437475e-08,0.6704545454545454,0.23011363636363635,0.0,0.88,0.12,0.0,0.0,0.88,0.0
err2,53006,89,Error-driven,4.943428777437475e-08,0.7415730337078652,0.24719101123595505,0.0,0.88,0.12,0.0,0.0,0.88,0.0
err2,53006,90,Error-driven,4.943428777437475e-08,0.6777777777777778,0.21944444444444444,0.0,0.88,0.12,0.0,0.0,0.88,0.0
err2,53007,1,Error-driven,1.523302017858441e-08,1.0,0.75,0.0,0.16,0.86,0.0,0.0,0.14,0.0
err2,53007,2,Error-driven,1.523302017858441e-08,1.0,0.75,0.0,0.28,0.82,0.0,0.0,0.18,0.0
err2,53007,3,Error-driven,1.523302017858441e-08,1.0,0.3333333333333333,0.0,0.36,0.6,0.0,0.0,0.4,0.0
err2,53007,4,Error-driven,1.523302017858441e-08,0.75,0.4375,0.0,0.44,0.44,0.0,0.02,0.54,0.0
err2,53007,5,Error-driven,1.523302017858441e-08,0.6,0.2,0.0,0.5,0.34,0.0,0.0,0.66,0.0
err2,53007,6,Error-driven,1.523302017858441e-08,0.5,0.16666666666666666,0.0,0.5,0.28,0.0,0.0,0.72,0.0
err2,53007,7,Error-driven,1.523302017858441e-08,0.7142857142857143,0.10714285714285714,0.0,0.54,0.22,0.0,0.0,0.78,0.0
err2,53007,8,Error-driven,1.523302017858441e-08,0.75,0.28125,0.0,0.58,0.18,0.0,0.0,0.82,0.0
err2,53007,9,Error-driven,1.523302017858441e-08,0.7777777777777778,0.2777777777777778,0.0,0.6,0.18,0.0,0.0,0.82,0.0
err2,53007,10,Error-driven,1.523302017858441e-08,0.6,0.125,0.0,0.6,0.16,0.0,0.0,0.84,0.0
err2,53007,11,Error-driven,1.523302017858441e-08,0.7272727272727273,0.13636363636363635,0.0,0.64,0.14,0.0,0.0,0.86,0.0
err2,53007,12,Error-driven,1.523302017858441e-08,0.8333333333333334,0.3958333333333333,0.0,0.64,0.2,0.0,0.0,0.8,0.0
err2,53007,13,Error-driven,1.523302017858441e-08,0.38461538461538464,0.09615384615384616,0.0,0.66,0.16,0.0,0.0,0.84,0.0
err2,53007,14,Error-driven,1.523302017858441e-08,0.8571428571428571,0.30357142857142855,0.0,0.66,0.18,0.0,0.0,0.82,0.0
err2,53007,15,Error-driven,1.523302017858441e-08,0.4,0.11666666666666667,0.0,0.66,0.12,0.0,0.0,0.88,0.0
err2,53007,16,Error-driven,1.523302017858441e-08,0.6875,0.1875,0.0,0.68,0.1,0.0,0.0,0.9,0.0
err2,53007,17,Error-driven,1.523302017858441e-08,0.5882352941176471,0.19117647058823528,0.0,0.7,0.12,0.0,0.0,0.88,0.0
err2,53007,18,Error-driven,1.523302017858441e-08,0.5,0.20833333333333334,0.0,0.7,0.1,0.0,0.0,0.9,0.0
err2,53007,19,Error-driven,1.523302017858441e-08,0.631578947368421,0.17105263157894737,0.0,0.7,0.1,0.0,0.0,0.9,0.0
err2,53007,20,Error-driven,1.523302017858441e-08,0.5,0.125,0.0,0.7,0.12,0.0,0.0,0.88,0.0
err2,53007,21,Error-driven,1.523302017858441e-08,0.5238095238095238,0.11904761904761904,0.0,0.7,0.12,0.0,0.0,0.88,0.0
err2,53007,22,Error-driven,1.523302017858441e-08,0.6818181818181818,0.2159090909090909,0.0,0.7,0.12,0.0,0.0,0.88,0.0
err2,53007,23,Error-driven,1.523302017858441e-08,0.5217391304347826,0.1956521739130435,0.0,0.7,0.12,0.0,0.0,0.88,0.0
err2,53007,24,Error-driven,1.523302017858441e-08,0.375,0.125,0.0,0.7,0.12,0.0,0.0,0.88,0.0
err2,53007,25,Error-driven,1.523302017858441e-08,0.64,0.19,0.0,0.72,0.12,0.0,0.0,0.88,0.0
err2,53007,26,Error-driven,1.523302017858441e-08,0.5769230769230769,0.19230769230769232,0.0,0.74,0.1,0.0,0.0,0.9,0.0
err2,53007,27,Error-driven,1.523302017858441e-08,0.7037037037037037,0.24074074074074073,0.0,0.74,0.16,0.0,0.0,0.84,0.0
err2,53007,28,Error-driven,1.523302017858441e-08,0.5,0.19642857142857142,0.0,0.76,0.1,0.0,0.0,0.9,0.0
err2,53007,29,Error-driven,1.523302017858441e-08,0.5517241379310345,0.14655172413793102,0.0,0.76,0.12,0.0,0.0,0.88,0.0
err2,53007,30,Error-driven,1.523302017858441e-08,0.5666666666666667,0.15,0.0,0.76,0.12,0.0,0.0,0.88,0.0
err2,53007,31,Error-driven,1.523302017858441e-08,0.6129032258064516,0.1693548387096774,0.0,0.76,0.16,0.0,0.0,0.84,0.0
err2,53007,32,Error-driven,1.523302017858441e-08,0.71875,0.2734375,0.0,0.76,0.1,0.0,0.0,0.9,0.0
err2,53007,33,Error-driven,1.523302017858441e-08,0.7272727272727273,0.1893939393939394,0.0,0.76,0.16,0.0,0.0,0.84,0.0
err2,53007,34,Error-driven,1.523302017858441e-08,0.47058823529411764,0.1323529411764706,0.0,0.76,0.18,0.0,0.0,0.82,0.0
err2,53007,35,Error-driven,1.523302017858441e-08,0.5142857142857142,0.17857142857142858,0.0,0.76,0.14,0.0,0.0,0.86,0.0
err2,53007,36,Error-driven,1.523302017858441e-08,0.5277777777777778,0.2013888888888889,0.0,0.76,0.14,0.0,0.0,0.86,0.0
err2,53007,37,Error-driven,1.523302017858441e-08,0.6216216216216216,0.22297297297297297,0.0,0.76,0.12,0.0,0.0,0.88,0.0
err2,53007,38,Error-driven,1.523302017858441e-08,0.6052631578947368,0.2236842105263158,0.0,0.76,0.12,0.0,0.0,0.88,0.0
err2,53007,39,Error-driven,1.523302017858441e-08,0.6153846153846154,0.22435897435897437,0.0,0.78,0.14,0.0,0.0,0.86,0.0
err2,53007,40,Error-driven,1.523302017858441e-08,0.575,0.2125,0.0,0.8,0.12,0.0,0.0,0.88,0.0
err2,53007,41,Error-driven,1.523302017858441e-08,0.5609756097560976,0.2073170731707317,0.0,0.8,0.12,0.0,0.0,0.88,0.0
err2,53007,42,Error-driven,1.523302017858441e-08,0.5714285714285714,0.22023809523809523,0.0,0.8,0.14,0.0,0.0,0.86,0.0
err2,53007,43,Error-driven,1.523302017858441e-08,0.5813953488372093,0.19186046511627908,0.0,0.8,0.12,0.0,0.0,0.88,0.0
err2,53007,44,Error-driven,1.523302017858441e-08,0.5909090909090909,0.19886363636363635,0.0,0.8,0.14,0.0,0.0,0.86,0.0
err2,53007,45,Error-driven,1.523302017858441e-08,0.5777777777777777,0.20555555555555555,0.0,0.8,0.12,0.0,0.0,0.88,0.0
err2,53007,46,Error-driven,1.523302017858441e-08,0.5869565217391305,0.20108695652173914,0.0,0.8,0.14,0.0,0.0,0.86,0.0
err2,53007,47,Error-driven,1.523302017858441e-08,0.5957446808510638,0.20212765957446807,0.0,0.8,0.14,0.0,0.0,0.86,0.0
err2,53007,48,Error-driven,1.523302017858441e-08,0.6041666666666666,0.20833333333333334,0.0,0.8,0.14,0.0,0.0,0.86,0.0
err2,53007,49,Error-driven,1.523302017858441e-08,0.6122448979591837,0.20918367346938777,0.0,0.8,0.14,0.0,0.0,0.86,0.0
err2,53007,50,Error-driven,1.523302017858441e-08,0.6,0.205,0.0,0.8,0.14,0.0,0.0,0.86,0.0
err2,53007,51,Error-driven,1.523302017858441e-08,0.5882352941176471,0.19607843137254902,0.0,0.8,0.14,0.0,0.0,0.86,0.0
err2,53007,52,Error-driven,1.523302017858441e-08,0.5769230769230769,0.1875,0.0,0.82,0.14,0.0,0.0,0.86,0.0
err2,53007,53,Error-driven,1.523302017858441e-08,0.5660377358490566,0.20754716981132076,0.0,0.82,0.14,0.0,0.0,0.86,0.0
err2,53007,54,Error-driven,1.523302017858441e-08,0.5925925925925926,0.20833333333333334,0.0,0.82,0.14,0.0,0.0,0.86,0.0
err2,53007,55,Error-driven,1.523302017858441e-08,0.6,0.19090909090909092,0.0,0.82,0.12,0.0,0.0,0.88,0.0
err2,53007,56,Error-driven,1.523302017858441e-08,0.6071428571428571,0.19642857142857142,0.0,0.82,0.14,0.0,0.0,0.86,0.0
err2,53007,57,Error-driven,1.523302017858441e-08,0.6140350877192983,0.19298245614035087,0.0,0.82,0.14,0.0,0.0,0.86,0.0
err2,53007,58,Error-driven,1.523302017858441e-08,0.603448275862069,0.19827586206896552,0.0,0.82,0.14,0.0,0.0,0.86,0.0
err2,53007,59,Error-driven,1.523302017858441e-08,0.5932203389830508,0.18220338983050846,0.0,0.84,0.14,0.0,0.0,0.86,0.0
err2,53007,60,Error-driven,1.523302017858441e-08,0.6,0.2,0.0,0.84,0.12,0.0,0.0,0.88,0.0
err2,53007,61,Error-driven,1.523302017858441e-08,0.5901639344262295,0.20081967213114754,0.0,0.84,0.12,0.0,0.0,0.88,0.0
err2,53007,62,Error-driven,1.523302017858441e-08,0.6129032258064516,0.20967741935483872,0.0,0.84,0.12,0.0,0.0,0.88,0.0
err2,53007,63,Error-driven,1.523302017858441e-08,0.6190476190476191,0.20238095238095238,0.0,0.84,0.12,0.0,0.0,0.88,0.0
err2,53007,64,Error-driven,1.523302017858441e-08,0.5625,0.16015625,0.0,0.84,0.12,0.0,0.0,0.88,0.0
err2,53007,65,Error-driven,1.523302017858441e-08,0.5230769230769231,0.16538461538461538,0.0,0.86,0.16,0.0,0.0,0.84,0.0
err2,53007,66,Error-driven,1.523302017858441e-08,0.5151515151515151,0.1590909090909091,0.0,0.86,0.16,0.0,0.0,0.84,0.0
err2,53007,67,Error-driven,1.523302017858441e-08,0.5074626865671642,0.15671641791044777,0.0,0.86,0.16,0.0,0.0,0.84,0.0
err2,53007,68,Error-driven,1.523302017858441e-08,0.5147058823529411,0.15808823529411764,0.0,0.86,0.16,0.0,0.0,0.84,0.0
err2,53007,69,Error-driven,1.523302017858441e-08,0.782608695652174,0.2608695652173913,0.0,0.86,0.1,0.0,0.0,0.9,0.0
err2,53007,70,Error-driven,1.523302017858441e-08,0.7857142857142857,0.2785714285714286,0.0,0.86,0.1,0.0,0.0,0.9,0.0
err2,53007,71,Error-driven,1.523302017858441e-08,0.7887323943661971,0.2640845070422535,0.0,0.86,0.1,0.0,0.0,0.9,0.0
err2,53007,72,Error-driven,1.523302017858441e-08,0.7777777777777778,0.2638888888888889,0.0,0.86,0.1,0.0,0.0,0.9,0.0
err2,53007,73,Error-driven,1.523302017858441e-08,0.8356164383561644,0.2910958904109589,0.0,0.86,0.1,0.0,0.0,0.9,0.0
err2,53007,74,Error-driven,1.523302017858441e-08,0.7972972972972973,0.27702702702702703,0.0,0.86,0.1,0.0,0.0,0.9,0.0
err2,53007,75,Error-driven,1.523302017858441e-08,0.7733333333333333,0.2733333333333333,0.0,0.86,0.1,0.0,0.0,0.9,0.0
err2,53007,76,Error-driven,1.523302017858441e-08,0.7631578947368421,0.26644736842105265,0.0,0.86,0.1,0.0,0.0,0.9,0.0
err2,53007,77,Error-driven,1.523302017858441e-08,0.7792207792207793,0.275974025974026,0.0,0.86,0.1,0.0,0.0,0.9,0.0
err2,53007,78,Error-driven,1.523302017858441e-08,0.782051282051282,0.27884615384615385,0.0,0.86,0.1,0.0,0.0,0.9,0.0
err2,53007,79,Error-driven,1.523302017858441e-08,0.7974683544303798,0.25949367088607594,0.0,0.86,0.1,0.0,0.0,0.9,0.0
err2,53007,80,Error-driven,1.523302017858441e-08,0.7875,0.26875,0.0,0.86,0.1,0.0,0.0,0.9,0.0
err2,53007,81,Error-driven,1.523302017858441e-08,0.8024691358024691,0.2654320987654321,0.0,0.88,0.1,0.0,0.0,0.9,0.0
err2,53007,82,Error-driven,1.523302017858441e-08,0.8048780487804879,0.2621951219512195,0.0,0.88,0.1,0.0,0.0,0.9,0.0
err2,53007,83,Error-driven,1.523302017858441e-08,0.7831325301204819,0.25903614457831325,0.0,0.88,0.1,0.0,0.0,0.9,0.0
err2,53007,84,Error-driven,1.523302017858441e-08,0.7619047619047619,0.25595238095238093,0.0,0.88,0.1,0.0,0.0,0.9,0.0
err2,53007,85,Error-driven,1.523302017858441e-08,0.7647058823529411,0.25882352941176473,0.0,0.88,0.1,0.0,0.0,0.9,0.0
err2,53007,86,Error-driven,1.523302017858441e-08,0.7906976744186046,0.27325581395348836,0.0,0.88,0.1,0.0,0.0,0.9,0.0
err2,53007,87,Error-driven,1.523302017858441e-08,0.7471264367816092,0.25,0.0,0.88,0.1,0.0,0.0,0.9,0.0
err2,53007,88,Error-driven,1.523302017858441e-08,0.7613636363636364,0.2528409090909091,0.0,0.88,0.1,0.0,0.0,0.9,0.0
err2,53007,89,Error-driven,1.523302017858441e-08,0.7640449438202247,0.2640449438202247,0.0,0.9,0.1,0.0,0.0,0.9,0.0
err2,53007,90,Error-driven,1.523302017858441e-08,0.7888888888888889,0.2638888888888889,0.0,0.92,0.1,0.0,0.0,0.9,0.0
err2,53008,1,Error-driven,3.0185463018028713e-09,1.0,1.0,0.0,0.16,0.88,0.02,0.0,0.1,0.0
err2,53008,2,Error-driven,3.0185463018028713e-09,1.0,0.625,0.0,0.26,0.7,0.0,0.02,0.28,0.0
err2,53008,3,Error-driven,3.0185463018028713e-09,1.0,0.3333333333333333,0.0,0.38,0.52,0.0,0.0,0.48,0.0
err2,53008,4,Error-driven,3.0185463018028713e-09,0.75,0.25,0.0,0.5,0.44,0.0,0.0,0.56,0.0
err2,53008,5,Error-driven,3.0185463018028713e-09,0.6,0.15,0.0,0.52,0.34,0.0,0.0,0.66,0.0
err2,53008,6,Error-driven,3.0185463018028713e-09,1.0,0.5,0.0,0.6,0.18,0.0,0.0,0.82,0.0
err2,53008,7,Error-driven,3.0185463018028713e-09,0.7142857142857143,0.32142857142857145,0.0,0.64,0.18,0.0,0.0,0.82,0.0
err2,53008,8,Error-driven,3.0185463018028713e-09,0.625,0.28125,0.0,0.66,0.14,0.0,0.0,0.86,0.0
err2,53008,9,Error-driven,3.0185463018028713e-09,0.7777777777777778,0.25,0.0,0.66,0.12,0.0,0.0,0.88,0.0
err2,53008,10,Error-driven,3.0185463018028713e-09,0.7,0.225,0.0,0.68,0.14,0.0,0.0,0.86,0.0
err2,53008,11,Error-driven,3.0185463018028713e-09,0.5454545454545454,0.29545454545454547,0.0,0.68,0.18,0.0,0.0,0.82,0.0
err2,53008,12,Error-driven,3.0185463018028713e-09,0.6666666666666666,0.3541666666666667,0.0,0.7,0.14,0.0,0.0,0.86,0.0
err2,53008,13,Error-driven,3.0185463018028713e-09,0.5384615384615384,0.28846153846153844,0.0,0.7,0.14,0.0,0.0,0.86,0.0
err2,53008,14,Error-driven,3.0185463018028713e-09,0.6428571428571429,0.30357142857142855,0.0,0.72,0.14,0.0,0.0,0.86,0.0
err2,53008,15,Error-driven,3.0185463018028713e-09,0.6,0.18333333333333332,0.0,0.72,0.18,0.0,0.0,0.82,0.0
err2,53008,16,Error-driven,3.0185463018028713e-09,0.4375,0.1875,0.0,0.74,0.1,0.0,0.0,0.9,0.0
err2,53008,17,Error-driven,3.0185463018028713e-09,0.47058823529411764,0.20588235294117646,0.0,0.74,0.14,0.0,0.0,0.86,0.0
err2,53008,18,Error-driven,3.0185463018028713e-09,0.5555555555555556,0.16666666666666666,0.0,0.74,0.12,0.0,0.0,0.88,0.0
err2,53008,19,Error-driven,3.0185463018028713e-09,0.47368421052631576,0.18421052631578946,0.0,0.74,0.12,0.0,0.0,0.88,0.0
err2,53008,20,Error-driven,3.0185463018028713e-09,0.55,0.175,0.0,0.76,0.14,0.0,0.0,0.86,0.0
err2,53008,21,Error-driven,3.0185463018028713e-09,0.5714285714285714,0.21428571428571427,0.0,0.76,0.16,0.0,0.0,0.84,0.0
err2,53008,22,Error-driven,3.0185463018028713e-09,0.5,0.14772727272727273,0.0,0.76,0.16,0.0,0.0,0.84,0.0
err2,53008,23,Error-driven,3.0185463018028713e-09,0.5217391304347826,0.1956521739130435,0.0,0.78,0.1,0.0,0.0,0.9,0.0
err2,53008,24,Error-driven,3.0185463018028713e-09,0.4583333333333333,0.17708333333333334,0.0,0.78,0.1,0.0,0.0,0.9,0.0
err2,53008,25,Error-driven,3.0185463018028713e-09,0.6,0.18,0.0,0.82,0.12,0.0,0.0,0.88,0.0
err2,53008,26,Error-driven,3.0185463018028713e-09,0.5384615384615384,0.20192307692307693,0.0,0.82,0.1,0.0,0.0,0.9,0.0
err2,53008,27,Error-driven,3.0185463018028713e-09,0.5185185185185185,0.16666666666666666,0.0,0.82,0.12,0.0,0.0,0.88,0.0
err2,53008,28,Error-driven,3.0185463018028713e-09,0.5,0.16964285714285715,0.0,0.82,0.12,0.0,0.0,0.88,0.0
err2,53008,29,Error-driven,3.0185463018028713e-09,0.5172413793103449,0.14655172413793102,0.0,0.82,0.14,0.0,0.0,0.86,0.0
err2,53008,30,Error-driven,3.0185463018028713e-09,0.5666666666666667,0.13333333333333333,0.0,0.82,0.1,0.0,0.0,0.9,0.0
err2,53008,31,Error-driven,3.0185463018028713e-09,0.7096774193548387,0.20161290322580644,0.0,0.82,0.12,0.0,0.0,0.88,0.0
err2,53008,32,Error-driven,3.0185463018028713e-09,0.625,0.1796875,0.0,0.82,0.12,0.0,0.0,0.88,0.0
err2,53008,33,Error-driven,3.0185463018028713e-09,0.696969696969697,0.17424242424242425,0.0,0.82,0.12,0.0,0.0,0.88,0.0
err2,53008,34,Error-driven,3.0185463018028713e-09,0.6764705882352942,0.16176470588235295,0.0,0.82,0.14,0.0,0.0,0.86,0.0
err2,53008,35,Error-driven,3.0185463018028713e-09,0.7142857142857143,0.17142857142857143,0.0,0.82,0.1,0.0,0.0,0.9,0.0
err2,53008,36,Error-driven,3.0185463018028713e-09,0.4722222222222222,0.08333333333333333,0.0,0.82,0.1,0.0,0.0,0.9,0.0
err2,53008,37,Error-driven,3.0185463018028713e-09,0.6486486486486487,0.12162162162162163,0.0,0.82,0.12,0.0,0.0,0.88,0.0
err2,53008,38,Error-driven,3.0185463018028713e-09,0.47368421052631576,0.08552631578947369,0.0,0.82,0.12,0.0,0.0,0.88,0.0
err2,53008,39,Error-driven,3.0185463018028713e-09,0.3333333333333333,0.0641025641025641,0.0,0.82,0.1,0.0,0.0,0.9,0.0
err2,53008,40,Error-driven,3.0185463018028713e-09,0.35,0.06875,0.0,0.82,0.12,0.0,0.0,0.88,0.0
err2,53008,41,Error-driven,3.0185463018028713e-09,0.4634146341463415,0.07926829268292683,0.0,0.82,0.1,0.0,0.0,0.9,0.0
err2,53008,42,Error-driven,3.0185463018028713e-09,0.30952380952380953,0.07142857142857142,0.0,0.82,0.12,0.0,0.0,0.88,0.0
err2,53008,43,Error-driven,3.0185463018028713e-09,0.5348837209302325,0.08139534883720931,0.0,0.86,0.12,0.0,0.0,0.88,0.0
err2,53008,44,Error-driven,3.0185463018028713e-09,0.4090909090909091,0.07954545454545454,0.0,0.86,0.1,0.0,0.0,0.9,0.0
err2,53008,45,Error-driven,3.0185463018028713e-09,0.4,0.08333333333333333,0.0,0.88,0.1,0.0,0.0,0.9,0.0
err2,53008,46,Error-driven,3.0185463018028713e-09,0.5434782608695652,0.08152173913043478,0.0,0.88,0.12,0.0,0.0,0.88,0.0
err2,53008,47,Error-driven,3.0185463018028713e-09,0.3829787234042553,0.0851063829787234,0.0,0.88,0.1,0.0,0.0,0.9,0.0
err2,53008,48,Error-driven,3.0185463018028713e-09,0.4791666666666667,0.08854166666666667,0.0,0.88,0.12,0.0,0.0,0.88,0.0
err2,53008,49,Error-driven,3.0185463018028713e-09,0.4489795918367347,0.09693877551020408,0.0,0.88,0.12,0.0,0.0,0.88,0.0
err2,53008,50,Error-driven,3.0185463018028713e-09,0.54,0.1,0.0,0.88,0.1,0.0,0.0,0.9,0.0
err2,53008,51,Error-driven,3.0185463018028713e-09,0.5686274509803921,0.09313725490196079,0.0,0.88,0.08,0.0,0.0,0.92,0.0
err2,53008,52,Error-driven,3.0185463018028713e-09,0.5576923076923077,0.09134615384615384,0.0,0.88,0.08,0.0,0.0,0.92,0.0
err2,53008,53,Error-driven,3.0185463018028713e-09,0.5094339622641509,0.08490566037735849,0.0,0.88,0.08,0.0,0.0,0.92,0.0
err2,53008,54,Error-driven,3.0185463018028713e-09,0.5555555555555556,0.06944444444444445,0.0,0.88,0.08,0.0,0.0,0.92,0.0
err2,53008,55,Error-driven,3.0185463018028713e-09,0.4909090909090909,0.07272727272727272,0.0,0.88,0.08,0.0,0.0,0.92,0.0
err2,53008,56,Error-driven,3.0185463018028713e-09,0.5892857142857143,0.08928571428571429,0.0,0.88,0.08,0.0,0.0,0.92,0.0
err2,53008,57,Error-driven,3.0185463018028713e-09,0.5263157894736842,0.07894736842105263,0.0,0.88,0.08,0.0,0.0,0.92,0.0
err2,53008,58,Error-driven,3.0185463018028713e-09,0.5862068965517241,0.08620689655172414,0.0,0.88,0.08,0.0,0.0,0.92,0.0
err2,53008,59,Error-driven,3.0185463018028713e-09,0.423728813559322,0.059322033898305086,0.0,0.88,0.08,0.0,0.0,0.92,0.0
err2,53008,60,Error-driven,3.0185463018028713e-09,0.55,0.10833333333333334,0.0,0.88,0.08,0.0,0.0,0.92,0.0
err2,53008,61,Error-driven,3.0185463018028713e-09,0.39344262295081966,0.0778688524590164,0.0,0.88,0.08,0.0,0.0,0.92,0.0
err2,53008,62,Error-driven,3.0185463018028713e-09,0.46774193548387094,0.07258064516129033,0.0,0.88,0.08,0.0,0.0,0.92,0.0
err2,53008,63,Error-driven,3.0185463018028713e-09,0.5079365079365079,0.09126984126984126,0.0,0.88,0.08,0.0,0.0,0.92,0.0
err2,53008,64,Error-driven,3.0185463018028713e-09,0.53125,0.09375,0.0,0.88,0.08,0.0,0.0,0.92,0.0
err2,53008,65,Error-driven,3.0185463018028713e-09,0.5076923076923077,0.15,0.0,0.88,0.06,0.0,0.0,0.94,0.0
err2,53008,66,Error-driven,3.0185463018028713e-09,0.6060606060606061,0.13636363636363635,0.0,0.88,0.1,0.0,0.0,0.9,0.0
err2,53008,67,Error-driven,3.0185463018028713e-09,0.582089552238806,0.13805970149253732,0.0,0.88,0.1,0.0,0.0,0.9,0.0
err2,53008,68,Error-driven,3.0185463018028713e-09,0.5441176470588235,0.13602941176470587,0.0,0.88,0.1,0.0,0.0,0.9,0.0
err2,53008,69,Error-driven,3.0185463018028713e-09,0.6521739130434783,0.13405797101449277,0.0,0.88,0.12,0.0,0.0,0.88,0.0
err2,53008,70,Error-driven,3.0185463018028713e-09,0.5,0.13214285714285715,0.0,0.88,0.12,0.0,0.0,0.88,0.0
err2,53008,71,Error-driven,3.0185463018028713e-09,0.6901408450704225,0.15845070422535212,0.0,0.88,0.12,0.0,0.0,0.88,0.0
err2,53008,72,Error-driven,3.0185463018028713e-09,0.6944444444444444,0.16319444444444445,0.0,0.88,0.1,0.0,0.0,0.9,0.0
err2,53008,73,Error-driven,3.0185463018028713e-09,0.6301369863013698,0.1643835616438356,0.0,0.88,0.1,0.0,0.0,0.9,0.0
err2,53008,74,Error-driven,3.0185463018028713e-09,0.5675675675675675,0.16216216216216217,0.0,0.88,0.12,0.0,0.0,0.88,0.0
err2,53008,75,Error-driven,3.0185463018028713e-09,0.5733333333333334,0.15333333333333332,0.0,0.88,0.12,0.0,0.0,0.88,0.0
err2,53008,76,Error-driven,3.0185463018028713e-09,0.6578947368421053,0.16447368421052633,0.0,0.88,0.1,0.0,0.0,0.9,0.0
err2,53008,77,Error-driven,3.0185463018028713e-09,0.5454545454545454,0.12012987012987013,0.0,0.88,0.1,0.0,0.0,0.9,0.0
err2,53008,78,Error-driven,3.0185463018028713e-09,0.6538461538461539,0.14102564102564102,0.0,0.88,0.12,0.0,0.0,0.88,0.0
err2,53008,79,Error-driven,3.0185463018028713e-09,0.6835443037974683,0.15822784810126583,0.0,0.88,0.12,0.0,0.0,0.88,0.0
err2,53008,80,Error-driven,3.0185463018028713e-09,0.7,0.15625,0.0,0.88,0.12,0.0,0.0,0.88,0.0
err2,53008,81,Error-driven,3.0185463018028713e-09,0.5432098765432098,0.1419753086419753,0.0,0.88,0.12,0.0,0.0,0.88,0.0
err2,53008,82,Error-driven,3.0185463018028713e-09,0.5,0.13719512195121952,0.0,0.88,0.12,0.0,0.0,0.88,0.0
err2,53008,83,Error-driven,3.0185463018028713e-09,0.5903614457831325,0.13855421686746988,0.0,0.88,0.12,0.0,0.0,0.88,0.0
err2,53008,84,Error-driven,3.0185463018028713e-09,0.5238095238095238,0.13392857142857142,0.0,0.88,0.12,0.0,0.0,0.88,0.0
err2,53008,85,Error-driven,3.0185463018028713e-09,0.5294117647058824,0.13529411764705881,0.0,0.88,0.12,0.0,0.0,0.88,0.0
err2,53008,86,Error-driven,3.0185463018028713e-09,0.7558139534883721,0.20348837209302326,0.011627906976744207,0.88,0.08,0.0,0.0,0.92,0.0
err2,53008,87,Error-driven,3.0185463018028713e-09,0.735632183908046,0.20689655172413793,0.011494252873563204,0.88,0.08,0.0,0.0,0.92,0.0
err2,53008,88,Error-driven,3.0185463018028713e-09,0.75,0.1903409090909091,0.011363636363636354,0.88,0.1,0.0,0.0,0.9,0.0
err2,53008,89,Error-driven,3.0185463018028713e-09,0.7640449438202247,0.21348314606741572,0.011235955056179803,0.88,0.08,0.0,0.0,0.92,0.0
err2,53008,90,Error-driven,3.0185463018028713e-09,0.7888888888888889,0.21388888888888888,0.011111111111111072,0.88,0.08,0.0,0.0,0.92,0.0
err2,53009,1,Error-driven,2.7569411642502928e-08,1.0,0.5,0.0,0.16,0.94,0.0,0.0,0.06,0.0
err2,53009,2,Error-driven,2.7569411642502928e-08,0.5,0.375,0.0,0.28,0.82,0.0,0.0,0.18,0.0
err2,53009,3,Error-driven,2.7569411642502928e-08,0.6666666666666666,0.16666666666666666,0.0,0.34,0.62,0.0,0.0,0.38,0.0
err2,53009,4,Error-driven,2.7569411642502928e-08,0.75,0.3125,0.0,0.4,0.44,0.0,0.02,0.54,0.0
err2,53009,5,Error-driven,2.7569411642502928e-08,0.6,0.25,0.0,0.46,0.42,0.0,0.0,0.58,0.0
err2,53009,6,Error-driven,2.7569411642502928e-08,0.6666666666666666,0.25,0.0,0.5,0.32,0.0,0.0,0.68,0.0
err2,53009,7,Error-driven,2.7569411642502928e-08,0.8571428571428571,0.35714285714285715,0.0,0.6,0.26,0.0,0.0,0.74,0.0
err2,53009,8,Error-driven,2.7569411642502928e-08,0.75,0.21875,0.0,0.62,0.22,0.0,0.0,0.78,0.0
err2,53009,9,Error-driven,2.7569411642502928e-08,0.7777777777777778,0.19444444444444445,0.0,0.64,0.22,0.0,0.0,0.78,0.0
err2,53009,10,Error-driven,2.7569411642502928e-08,0.7,0.15,0.0,0.66,0.18,0.0,0.0,0.82,0.0
err2,53009,11,Error-driven,2.7569411642502928e-08,0.7272727272727273,0.25,0.0,0.66,0.22,0.0,0.0,0.78,0.0
err2,53009,12,Error-driven,2.7569411642502928e-08,0.6666666666666666,0.25,0.0,0.66,0.2,0.0,0.0,0.8,0.0
err2,53009,13,Error-driven,2.7569411642502928e-08,0.6923076923076923,0.28846153846153844,0.0,0.68,0.2,0.0,0.0,0.8,0.0
err2,53009,14,Error-driven,2.7569411642502928e-08,0.7142857142857143,0.30357142857142855,0.0,0.7,0.18,0.0,0.0,0.82,0.0
err2,53009,15,Error-driven,2.7569411642502928e-08,0.6666666666666666,0.11666666666666667,0.0,0.74,0.18,0.0,0.0,0.82,0.0
err2,53009,16,Error-driven,2.7569411642502928e-08,0.6875,0.15625,0.0,0.76,0.16,0.0,0.0,0.84,0.0
err2,53009,17,Error-driven,2.7569411642502928e-08,0.8235294117647058,0.20588235294117646,0.0,0.76,0.16,0.0,0.0,0.84,0.0
err2,53009,18,Error-driven,2.7569411642502928e-08,0.7777777777777778,0.20833333333333334,0.0,0.78,0.16,0.0,0.0,0.84,0.0
err2,53009,19,Error-driven,2.7569411642502928e-08,0.7368421052631579,0.23684210526315788,0.0,0.8,0.16,0.0,0.0,0.84,0.0
err2,53009,20,Error-driven,2.7569411642502928e-08,0.65,0.2625,0.0,0.8,0.16,0.0,0.0,0.84,0.0
err2,53009,21,Error-driven,2.7569411642502928e-08,0.6666666666666666,0.23809523809523808,0.0,0.8,0.12,0.0,0.0,0.88,0.0
err2,53009,22,Error-driven,2.7569411642502928e-08,0.6818181818181818,0.2727272727272727,0.0,0.8,0.12,0.0,0.0,0.88,0.0
err2,53009,23,Error-driven,2.7569411642502928e-08,0.6956521739130435,0.2717391304347826,0.0,0.8,0.12,0.0,0.0,0.88,0.0
err2,53009,24,Error-driven,2.7569411642502928e-08,0.7083333333333334,0.2604166666666667,0.0,0.8,0.12,0.0,0.0,0.88,0.0
err2,53009,25,Error-driven,2.7569411642502928e-08,0.76,0.29,0.0,0.8,0.12,0.0,0.0,0.88,0.0
err2,53009,26,Error-driven,2.7569411642502928e-08,0.8076923076923077,0.27884615384615385,0.0,0.8,0.12,0.0,0.0,0.88,0.0
err2,53009,27,Error-driven,2.7569411642502928e-08,0.7407407407407407,0.26851851851851855,0.0,0.8,0.12,0.0,0.0,0.88,0.0
err2,53009,28,Error-driven,2.7569411642502928e-08,0.6785714285714286,0.26785714285714285,0.0,0.8,0.12,0.0,0.0,0.88,0.0
err2,53009,29,Error-driven,2.7569411642502928e-08,0.6551724137931034,0.28448275862068967,0.0,0.8,0.1,0.0,0.0,0.9,0.0
err2,53009,30,Error-driven,2.7569411642502928e-08,0.7333333333333333,0.275,0.0,0.82,0.12,0.0,0.0,0.88,0.0
err2,53009,31,Error-driven,2.7569411642502928e-08,0.8064516129032258,0.28225806451612906,0.0,0.82,0.12,0.0,0.0,0.88,0.0
err2,53009,32,Error-driven,2.7569411642502928e-08,0.71875,0.2734375,0.0,0.82,0.12,0.0,0.0,0.88,0.0
err2,53009,33,Error-driven,2.7569411642502928e-08,0.696969696969697,0.24242424242424243,0.0,0.82,0.1,0.0,0.0,0.9,0.0
err2,53009,34,Error-driven,2.7569411642502928e-08,0.7352941176470589,0.21323529411764705,0.0,0.82,0.1,0.0,0.0,0.9,0.0
err2,53009,35,Error-driven,2.7569411642502928e-08,0.7428571428571429,0.21428571428571427,0.0,0.82,0.12,0.0,0.0,0.88,0.0
err2,53009,36,Error-driven,2.7569411642502928e-08,0.75,0.24305555555555555,0.0,0.82,0.12,0.0,0.0,0.88,0.0
err2,53009,37,Error-driven,2.7569411642502928e-08,0.7297297297297297,0.19594594594594594,0.0,0.82,0.1,0.0,0.0,0.9,0.0
err2,53009,38,Error-driven,2.7569411642502928e-08,0.7105263157894737,0.21052631578947367,0.0,0.82,0.1,0.0,0.0,0.9,0.0
err2,53009,39,Error-driven,2.7569411642502928e-08,0.8974358974358975,0.3525641025641026,0.0,0.84,0.14,0.0,0.0,0.86,0.0
err2,53009,40,Error-driven,2.7569411642502928e-08,0.9,0.35625,0.0,0.84,0.12,0.0,0.0,0.88,0.0
err2,53009,41,Error-driven,2.7569411642502928e-08,0.8780487804878049,0.3231707317073171,0.0,0.84,0.12,0.0,0.0,0.88,0.0
err2,53009,42,Error-driven,2.7569411642502928e-08,0.8809523809523809,0.3392857142857143,0.0,0.84,0.12,0.0,0.0,0.88,0.0
err2,53009,43,Error-driven,2.7569411642502928e-08,0.9534883720930233,0.36046511627906974,0.0,0.84,0.1,0.0,0.0,0.9,0.0
err2,53009,44,Error-driven,2.7569411642502928e-08,0.8863636363636364,0.375,0.0,0.84,0.12,0.0,0.0,0.88,0.0
err2,53009,45,Error-driven,2.7569411642502928e-08,0.9333333333333333,0.37777777777777777,0.0,0.86,0.12,0.0,0.0,0.88,0.0
err2,53009,46,Error-driven,2.7569411642502928e-08,0.9130434782608695,0.3532608695652174,0.0,0.86,0.12,0.0,0.0,0.88,0.0
err2,53009,47,Error-driven,2.7569411642502928e-08,0.9361702127659575,0.30319148936170215,0.0,0.86,0.12,0.0,0.0,0.88,0.0
err2,53009,48,Error-driven,2.7569411642502928e-08,0.9375,0.3229166666666667,0.0,0.86,0.16,0.0,0.0,0.84,0.0
err2,53009,49,Error-driven,2.7569411642502928e-08,0.9183673469387755,0.34183673469387754,0.0,0.86,0.16,0.0,0.0,0.84,0.0
err2,53009,50,Error-driven,2.7569411642502928e-08,0.96,0.34,0.0,0.86,0.14,0.0,0.0,0.86,0.0
err2,53009,51,Error-driven,2.7569411642502928e-08,0.8823529411764706,0.35294117647058826,0.0,0.86,0.14,0.0,0.0,0.86,0.0
err2,53009,52,Error-driven,2.7569411642502928e-08,0.8846153846153846,0.3076923076923077,0.0,0.86,0.12,0.0,0.0,0.88,0.0
err2,53009,53,Error-driven,2.7569411642502928e-08,0.9622641509433962,0.37264150943396224,0.0,0.86,0.14,0.0,0.0,0.86,0.0
err2,53009,54,Error-driven,2.7569411642502928e-08,0.9814814814814815,0.36574074074074076,0.0,0.86,0.14,0.0,0.0,0.86,0.0
err2,53009,55,Error-driven,2.7569411642502928e-08,0.9090909090909091,0.35,0.0,0.88,0.14,0.0,0.0,0.86,0.0
err2,53009,56,Error-driven,2.7569411642502928e-08,0.9642857142857143,0.375,0.0,0.88,0.14,0.0,0.0,0.86,0.0
err2,53009,57,Error-driven,2.7569411642502928e-08,0.8947368421052632,0.3157894736842105,0.0,0.88,0.14,0.0,0.0,0.86,0.0
err2,53009,58,Error-driven,2.7569411642502928e-08,0.8793103448275862,0.34913793103448276,0.0,0.88,0.14,0.0,0.0,0.86,0.0
err2,53009,59,Error-driven,2.7569411642502928e-08,0.9322033898305084,0.326271186440678,0.0,0.88,0.14,0.0,0.0,0.86,0.0
err2,53009,60,Error-driven,2.7569411642502928e-08,0.95,0.37083333333333335,0.0,0.88,0.14,0.0,0.0,0.86,0.0
err2,53009,61,Error-driven,2.7569411642502928e-08,0.9344262295081968,0.38114754098360654,0.0,0.88,0.12,0.0,0.0,0.88,0.0
err2,53009,62,Error-driven,2.7569411642502928e-08,0.9193548387096774,0.3870967741935484,0.0,0.88,0.14,0.0,0.0,0.86,0.0
err2,53009,63,Error-driven,2.7569411642502928e-08,0.8888888888888888,0.3333333333333333,0.0,0.9,0.12,0.0,0.0,0.88,0.0
err2,53009,64,Error-driven,2.7569411642502928e-08,0.765625,0.30078125,0.0,0.9,0.12,0.0,0.0,0.88,0.0
err2,53009,65,Error-driven,2.7569411642502928e-08,0.8,0.23846153846153847,0.0,0.9,0.12,0.0,0.0,0.88,0.0
err2,53009,66,Error-driven,2.7569411642502928e-08,0.803030303030303,0.2537878787878788,0.0,0.92,0.1,0.0,0.0,0.9,0.0
err2,53009,67,Error-driven,2.7569411642502928e-08,0.7761194029850746,0.24253731343283583,0.0,0.92,0.12,0.0,0.0,0.88,0.0
err2,53009,68,Error-driven,2.7569411642502928e-08,0.8235294117647058,0.2610294117647059,0.0,0.92,0.1,0.0,0.0,0.9,0.0
err2,53009,69,Error-driven,2.7569411642502928e-08,0.8260869565217391,0.2463768115942029,0.0,0.92,0.1,0.0,0.0,0.9,0.0
err2,53009,70,Error-driven,2.7569411642502928e-08,0.8428571428571429,0.24285714285714285,0.0,0.92,0.1,0.0,0.0,0.9,0.0
err2,53009,71,Error-driven,2.7569411642502928e-08,0.8591549295774648,0.25,0.0,0.92,0.1,0.0,0.0,0.9,0.0
err2,53009,72,Error-driven,2.7569411642502928e-08,0.7777777777777778,0.21180555555555555,0.0,0.92,0.1,0.0,0.0,0.9,0.0
err2,53009,73,Error-driven,2.7569411642502928e-08,0.863013698630137,0.25,0.0,0.92,0.1,0.0,0.0,0.9,0.0
err2,53009,74,Error-driven,2.7569411642502928e-08,0.8648648648648649,0.26013513513513514,0.0,0.92,0.1,0.0,0.0,0.9,0.0
err2,53009,75,Error-driven,2.7569411642502928e-08,0.8933333333333333,0.25333333333333335,0.0,0.92,0.1,0.0,0.0,0.9,0.0
err2,53009,76,Error-driven,2.7569411642502928e-08,0.8947368421052632,0.26644736842105265,0.0,0.92,0.1,0.0,0.0,0.9,0.0
err2,53009,77,Error-driven,2.7569411642502928e-08,0.8701298701298701,0.2662337662337662,0.0,0.92,0.1,0.0,0.0,0.9,0.0
err2,53009,78,Error-driven,2.7569411642502928e-08,0.8589743589743589,0.25961538461538464,0.0,0.92,0.1,0.0,0.0,0.9,0.0
err2,53009,79,Error-driven,2.7569411642502928e-08,0.7848101265822784,0.25,0.0,0.92,0.08,0.0,0.0,0.92,0.0
err2,53009,80,Error-driven,2.7569411642502928e-08,0.8125,0.265625,0.0,0.92,0.08,0.0,0.0,0.92,0.0
err2,53009,81,Error-driven,2.7569411642502928e-08,0.7777777777777778,0.25308641975308643,0.0,0.92,0.08,0.0,0.0,0.92,0.0
err2,53009,82,Error-driven,2.7569411642502928e-08,0.7926829268292683,0.24390243902439024,0.0,0.92,0.08,0.0,0.0,0.92,0.0
err2,53009,83,Error-driven,2.7569411642502928e-08,0.7951807228915663,0.26506024096385544,0.0,0.92,0.08,0.0,0.0,0.92,0.0
err2,53009,84,Error-driven,2.7569411642502928e-08,0.7738095238095238,0.26785714285714285,0.0,0.92,0.08,0.0,0.0,0.92,0.0
err2,53009,85,Error-driven,2.7569411642502928e-08,0.7647058823529411,0.25588235294117645,0.0,0.92,0.08,0.0,0.0,0.92,0.0
err2,53009,86,Error-driven,2.7569411642502928e-08,0.8372093023255814,0.2616279069767442,0.0,0.92,0.08,0.0,0.0,0.92,0.0
err2,53009,87,Error-driven,2.7569411642502928e-08,0.8160919540229885,0.27011494252873564,0.0,0.92,0.08,0.0,0.0,0.92,0.0
err2,53009,88,Error-driven,2.7569411642502928e-08,0.8181818181818182,0.2585227272727273,0.0,0.92,0.08,0.0,0.0,0.92,0.0
err2,53009,89,Error-driven,2.7569411642502928e-08,0.8651685393258427,0.2696629213483146,0.0,0.92,0.08,0.0,0.0,0.92,0.0
err2,53009,90,Error-driven,2.7569411642502928e-08,0.8111111111111111,0.25833333333333336,0.0,0.92,0.08,0.0,0.0,0.92,0.0
err2,53010,1,Error-driven,7.76252093714902e-08,1.0,1.0,0.0,0.16,0.9,0.0,0.0,0.1,0.0
err2,53010,2,Error-driven,7.76252093714902e-08,1.0,0.125,0.0,0.24,0.68,0.0,0.0,0.32,0.0
err2,53010,3,Error-driven,7.76252093714902e-08,1.0,0.75,0.0,0.34,0.54,0.0,0.04,0.42,0.0
err2,53010,4,Error-driven,7.76252093714902e-08,1.0,0.4375,0.0,0.4,0.44,0.0,0.04,0.52,0.0
err2,53010,5,Error-driven,7.76252093714902e-08,0.6,0.3,0.0,0.46,0.32,0.0,0.0,0.68,0.0
err2,53010,6,Error-driven,7.76252093714902e-08,0.8333333333333334,0.3333333333333333,0.0,0.5,0.18,0.0,0.0,0.82,0.0
err2,53010,7,Error-driven,7.76252093714902e-08,0.7142857142857143,0.25,0.0,0.54,0.16,0.0,0.0,0.84,0.0
err2,53010,8,Error-driven,7.76252093714902e-08,0.75,0.15625,0.0,0.54,0.16,0.0,0.0,0.84,0.0
err2,53010,9,Error-driven,7.76252093714902e-08,0.7777777777777778,0.1388888888888889,0.0,0.56,0.14,0.0,0.0,0.86,0.0
err2,53010,10,Error-driven,7.76252093714902e-08,0.6,0.15,0.0,0.6,0.16,0.0,0.0,0.84,0.0
err2,53010,11,Error-driven,7.76252093714902e-08,0.6363636363636364,0.13636363636363635,0.0,0.6,0.16,0.0,0.0,0.84,0.0
err2,53010,12,Error-driven,7.76252093714902e-08,0.75,0.1875,0.0,0.68,0.1,0.0,0.0,0.9,0.0
err2,53010,13,Error-driven,7.76252093714902e-08,0.9230769230769231,0.21153846153846154,0.0,0.68,0.12,0.0,0.0,0.88,0.0
err2,53010,14,Error-driven,7.76252093714902e-08,0.9285714285714286,0.23214285714285715,0.0,0.68,0.12,0.0,0.0,0.88,0.0
err2,53010,15,Error-driven,7.76252093714902e-08,0.9333333333333333,0.21666666666666667,0.0,0.74,0.12,0.0,0.0,0.88,0.0
err2,53010,16,Error-driven,7.76252093714902e-08,0.875,0.21875,0.0,0.74,0.12,0.0,0.0,0.88,0.0
err2,53010,17,Error-driven,7.76252093714902e-08,0.8823529411764706,0.19117647058823528,0.0,0.76,0.12,0.0,0.0,0.88,0.0
err2,53010,18,Error-driven,7.76252093714902e-08,0.9444444444444444,0.25,0.0,0.76,0.12,0.0,0.0,0.88,0.0
err2,53010,19,Error-driven,7.76252093714902e-08,0.7894736842105263,0.19736842105263158,0.0,0.76,0.14,0.0,0.0,0.86,0.0
err2,53010,20,Error-driven,7.76252093714902e-08,0.8,0.125,0.0,0.78,0.14,0.0,0.0,0.86,0.0
err2,53010,21,Error-driven,7.76252093714902e-08,0.9523809523809523,0.21428571428571427,0.0,0.78,0.14,0.0,0.0,0.86,0.0
err2,53010,22,Error-driven,7.76252093714902e-08,0.9090909090909091,0.29545454545454547,0.0,0.82,0.16,0.0,0.0,0.84,0.0
err2,53010,23,Error-driven,7.76252093714902e-08,0.8695652173913043,0.2717391304347826,0.0,0.84,0.16,0.0,0.0,0.84,0.0
err2,53010,24,Error-driven,7.76252093714902e-08,0.9583333333333334,0.2708333333333333,0.0,0.84,0.16,0.0,0.0,0.84,0.0
err2,53010,25,Error-driven,7.76252093714902e-08,0.84,0.19,0.0,0.86,0.14,0.0,0.0,0.86,0.0
err2,53010,26,Error-driven,7.76252093714902e-08,0.8846153846153846,0.17307692307692307,0.0,0.88,0.14,0.0,0.0,0.86,0.0
err2,53010,27,Error-driven,7.76252093714902e-08,0.8148148148148148,0.18518518518518517,0.0,0.88,0.14,0.0,0.0,0.86,0.0
err2,53010,28,Error-driven,7.76252093714902e-08,0.7857142857142857,0.20535714285714285,0.0,0.9,0.14,0.0,0.0,0.86,0.0
err2,53010,29,Error-driven,7.76252093714902e-08,0.8620689655172413,0.21551724137931033,0.0,0.92,0.14,0.0,0.0,0.86,0.0
err2,53010,30,Error-driven,7.76252093714902e-08,0.9,0.24166666666666667,0.0,0.94,0.14,0.0,0.0,0.86,0.0
err2,53010,31,Error-driven,7.76252093714902e-08,0.7741935483870968,0.16129032258064516,0.0,0.94,0.14,0.0,0.0,0.86,0.0
err2,53010,32,Error-driven,7.76252093714902e-08,0.84375,0.1875,0.0,0.94,0.14,0.0,0.0,0.86,0.0
err2,53010,33,Error-driven,7.76252093714902e-08,0.5757575757575758,0.14393939393939395,0.0,0.94,0.18,0.0,0.0,0.82,0.0
err2,53010,34,Error-driven,7.76252093714902e-08,0.7647058823529411,0.25735294117647056,0.0,0.94,0.14,0.0,0.0,0.86,0.0
err2,53010,35,Error-driven,7.76252093714902e-08,0.8857142857142857,0.2714285714285714,0.0,0.94,0.08,0.0,0.0,0.92,0.0
err2,53010,36,Error-driven,7.76252093714902e-08,0.8611111111111112,0.2222222222222222,0.0,0.94,0.1,0.0,0.0,0.9,0.0
err2,53010,37,Error-driven,7.76252093714902e-08,0.8378378378378378,0.19594594594594594,0.0,0.94,0.1,0.0,0.0,0.9,0.0
err2,53010,38,Error-driven,7.76252093714902e-08,0.8947368421052632,0.19078947368421054,0.0,0.94,0.1,0.0,0.0,0.9,0.0
err2,53010,39,Error-driven,7.76252093714902e-08,0.8974358974358975,0.3269230769230769,0.0,0.94,0.12,0.0,0.0,0.88,0.0
err2,53010,40,Error-driven,7.76252093714902e-08,0.925,0.29375,0.0,0.94,0.1,0.0,0.0,0.9,0.0
err2,53010,41,Error-driven,7.76252093714902e-08,0.8780487804878049,0.2926829268292683,0.0,0.94,0.12,0.0,0.0,0.88,0.0
err2,53010,42,Error-driven,7.76252093714902e-08,0.8809523809523809,0.2976190476190476,0.0,0.94,0.1,0.0,0.0,0.9,0.0
err2,53010,43,Error-driven,7.76252093714902e-08,0.8837209302325582,0.28488372093023256,0.0,0.94,0.12,0.0,0.0,0.88,0.0
err2,53010,44,Error-driven,7.76252093714902e-08,0.9090909090909091,0.2784090909090909,0.0,0.94,0.1,0.0,0.0,0.9,0.0
err2,53010,45,Error-driven,7.76252093714902e-08,0.9333333333333333,0.28888888888888886,0.0,0.94,0.1,0.0,0.0,0.9,0.0
err2,53010,46,Error-driven,7.76252093714902e-08,0.9347826086956522,0.29891304347826086,0.0,0.94,0.1,0.0,0.0,0.9,0.0
err2,53010,47,Error-driven,7.76252093714902e-08,0.9148936170212766,0.2765957446808511,0.0,0.94,0.1,0.0,0.0,0.9,0.0
err2,53010,48,Error-driven,7.76252093714902e-08,0.9166666666666666,0.2864583333333333,0.0,0.94,0.1,0.0,0.0,0.9,0.0
err2,53010,49,Error-driven,7.76252093714902e-08,0.9387755102040817,0.2857142857142857,0.0,0.94,0.1,0.0,0.0,0.9,0.0
err2,53010,50,Error-driven,7.76252093714902e-08,0.94,0.27,0.0,0.94,0.1,0.0,0.0,0.9,0.0
err2,53010,51,Error-driven,7.76252093714902e-08,0.9215686274509803,0.2696078431372549,0.0,0.94,0.08,0.0,0.0,0.92,0.0
err2,53010,52,Error-driven,7.76252093714902e-08,0.9038461538461539,0.2403846153846154,0.0,0.94,0.08,0.0,0.0,0.92,0.0
err2,53010,53,Error-driven,7.76252093714902e-08,0.9056603773584906,0.2688679245283019,0.0,0.94,0.08,0.0,0.0,0.92,0.0
err2,53010,54,Error-driven,7.76252093714902e-08,0.9259259259259259,0.2824074074074074,0.0,0.96,0.1,0.0,0.0,0.9,0.0
err2,53010,55,Error-driven,7.76252093714902e-08,0.9090909090909091,0.32272727272727275,0.0,0.96,0.1,0.0,0.0,0.9,0.0
err2,53010,56,Error-driven,7.76252093714902e-08,0.9285714285714286,0.29910714285714285,0.0,0.96,0.1,0.0,0.0,0.9,0.0
err2,53010,57,Error-driven,7.76252093714902e-08,0.8245614035087719,0.18859649122807018,0.0,0.96,0.1,0.0,0.0,0.9,0.0
err2,53010,58,Error-driven,7.76252093714902e-08,0.7758620689655172,0.1810344827586207,0.0,0.96,0.1,0.0,0.0,0.9,0.0
err2,53010,59,Error-driven,7.76252093714902e-08,0.7966101694915254,0.19491525423728814,0.0,0.96,0.1,0.0,0.0,0.9,0.0
err2,53010,60,Error-driven,7.76252093714902e-08,0.7833333333333333,0.19583333333333333,0.0,0.96,0.1,0.0,0.0,0.9,0.0
err2,53010,61,Error-driven,7.76252093714902e-08,0.8852459016393442,0.22131147540983606,0.0,0.96,0.1,0.0,0.0,0.9,0.0
err2,53010,62,Error-driven,7.76252093714902e-08,0.8387096774193549,0.20967741935483872,0.0,0.96,0.1,0.0,0.0,0.9,0.0
err2,53010,63,Error-driven,7.76252093714902e-08,0.7619047619047619,0.1984126984126984,0.0,0.96,0.1,0.0,0.0,0.9,0.0
err2,53010,64,Error-driven,7.76252093714902e-08,0.78125,0.2109375,0.0,0.96,0.1,0.0,0.0,0.9,0.0
err2,53010,65,Error-driven,7.76252093714902e-08,0.7384615384615385,0.19615384615384615,0.0,0.96,0.1,0.0,0.0,0.9,0.0
err2,53010,66,Error-driven,7.76252093714902e-08,0.9545454545454546,0.3712121212121212,0.0,0.96,0.08,0.0,0.0,0.92,0.0
err2,53010,67,Error-driven,7.76252093714902e-08,0.9402985074626866,0.3582089552238806,0.0,0.96,0.08,0.0,0.0,0.92,0.0
err2,53010,68,Error-driven,7.76252093714902e-08,0.9117647058823529,0.33088235294117646,0.0,0.96,0.1,0.0,0.0,0.9,0.0
err2,53010,69,Error-driven,7.76252093714902e-08,0.927536231884058,0.3442028985507246,0.0,0.96,0.1,0.0,0.0,0.9,0.0
err2,53010,70,Error-driven,7.76252093714902e-08,0.9142857142857143,0.24642857142857144,0.0,0.96,0.1,0.0,0.0,0.9,0.0
err2,53010,71,Error-driven,7.76252093714902e-08,0.9295774647887324,0.2535211267605634,0.0,0.96,0.1,0.0,0.0,0.9,0.0
err2,53010,72,Error-driven,7.76252093714902e-08,0.9305555555555556,0.2604166666666667,0.0,0.96,0.1,0.0,0.0,0.9,0.0
err2,53010,73,Error-driven,7.76252093714902e-08,0.9178082191780822,0.2808219178082192,0.0,0.96,0.1,0.0,0.0,0.9,0.0
err2,53010,74,Error-driven,7.76252093714902e-08,0.9054054054054054,0.28040540540540543,0.0,0.96,0.1,0.0,0.0,0.9,0.0
err2,53010,75,Error-driven,7.76252093714902e-08,0.9066666666666666,0.2733333333333333,0.0,0.96,0.1,0.0,0.0,0.9,0.0
err2,53010,76,Error-driven,7.76252093714902e-08,0.9342105263157895,0.29276315789473684,0.0,0.96,0.1,0.0,0.0,0.9,0.0
err2,53010,77,Error-driven,7.76252093714902e-08,0.935064935064935,0.2694805194805195,0.0,0.96,0.1,0.0,0.0,0.9,0.0
err2,53010,78,Error-driven,7.76252093714902e-08,0.9358974358974359,0.27884615384615385,0.0,0.96,0.1,0.0,0.0,0.9,0.0
err2,53010,79,Error-driven,7.76252093714902e-08,0.9113924050632911,0.2721518987341772,0.0,0.96,0.1,0.0,0.0,0.9,0.0
err2,53010,80,Error-driven,7.76252093714902e-08,0.8875,0.246875,0.0,0.96,0.1,0.0,0.0,0.9,0.0
err2,53010,81,Error-driven,7.76252093714902e-08,0.9135802469135802,0.24691358024691357,0.0,0.96,0.1,0.0,0.0,0.9,0.0
err2,53010,82,Error-driven,7.76252093714902e-08,0.9634146341463414,0.27134146341463417,0.0,0.96,0.1,0.0,0.0,0.9,0.0
err2,53010,83,Error-driven,7.76252093714902e-08,0.891566265060241,0.25,0.0,0.96,0.1,0.0,0.0,0.9,0.0
err2,53010,84,Error-driven,7.76252093714902e-08,0.8690476190476191,0.23809523809523808,0.0,0.96,0.1,0.0,0.0,0.9,0.0
err2,53010,85,Error-driven,7.76252093714902e-08,0.8588235294117647,0.25882352941176473,0.0,0.96,0.1,0.0,0.0,0.9,0.0
err2,53010,86,Error-driven,7.76252093714902e-08,0.8953488372093024,0.25872093023255816,0.0,0.96,0.1,0.0,0.0,0.9,0.0
err2,53010,87,Error-driven,7.76252093714902e-08,0.9195402298850575,0.26436781609195403,0.0,0.96,0.06,0.0,0.0,0.94,0.0
err2,53010,88,Error-driven,7.76252093714902e-08,0.8522727272727273,0.26136363636363635,0.0,0.96,0.06,0.0,0.0,0.94,0.0
err2,53010,89,Error-driven,7.76252093714902e-08,0.8539325842696629,0.2612359550561798,0.0,0.96,0.06,0.0,0.0,0.94,0.0
err2,53010,90,Error-driven,7.76252093714902e-08,0.8777777777777778,0.25833333333333336,0.0,0.96,0.06,0.0,0.0,0.94,0.0
