root_seed,rule,fraction,mask_index,output_cosine,identity,dropped_units
51001,base,0.0,0,0.8444323820329684,0.16,0
51001,base,0.0,1,0.8444323820329684,0.16,0
51001,base,0.0,2,0.8444323820329684,0.16,0
51001,base,0.0,3,0.8444323820329684,0.16,0
51001,base,0.0,4,0.8444323820329684,0.16,0
51001,base,0.0,5,0.8444323820329684,0.16,0
51001,base,0.0,6,0.8444323820329684,0.16,0
51001,base,0.0,7,0.8444323820329684,0.16,0
51001,base,0.0,8,0.8444323820329684,0.16,0
51001,base,0.0,9,0.8444323820329684,0.16,0
51001,base,0.0,10,0.8444323820329684,0.16,0
51001,base,0.0,11,0.8444323820329684,0.16,0
51001,base,0.25,0,0.7900807910758616,0.18,12
51001,base,0.25,1,0.8193401123490984,0.2,12
51001,base,0.25,2,0.8369854222393285,0.22,12
51001,base,0.25,3,0.8300086844563169,0.14,12
51001,base,0.25,4,0.8323580730465139,0.14,12
51001,base,0.25,5,0.7825907961162138,0.12,12
51001,base,0.25,6,0.804137670668377,0.12,12
51001,base,0.25,7,0.8466881085991794,0.2,12
51001,base,0.25,8,0.8522688957367032,0.22,12
51001,base,0.25,9,0.842194569637362,0.16,12
51001,base,0.25,10,0.8063819682791127,0.22,12
51001,base,0.25,11,0.8204393777238965,0.12,12
51001,base,0.5,0,0.750460902770103,0.14,25
51001,base,0.5,1,0.7532880815748868,0.08,25
51001,base,0.5,2,0.8261914063093397,0.16,25
51001,base,0.5,3,0.7369396443628098,0.1,25
51001,base,0.5,4,0.7468987308298644,0.1,25
51001,base,0.5,5,0.7143108252903396,0.14,25
51001,base,0.5,6,0.7107919878499642,0.22,25
51001,base,0.5,7,0.7682309118999225,0.08,25
51001,base,0.5,8,0.7907834565956356,0.2,25
51001,base,0.5,9,0.8393401112686766,0.2,25
51001,base,0.5,10,0.6363668649341394,0.22,25
51001,base,0.5,11,0.783669919824687,0.12,25
51001,base,0.75,0,0.5146969034074788,0.06,38
51001,base,0.75,1,0.5741973601489041,0.14,38
51001,base,0.75,2,0.455246930860082,0.08,38
51001,base,0.75,3,0.6078215959919422,0.06,38
51001,base,0.75,4,0.7766658225637697,0.08,38
51001,base,0.75,5,0.5355238754257063,0.06,38
51001,base,0.75,6,0.8099542185700773,0.2,38
51001,base,0.75,7,0.7680313588712089,0.12,38
51001,base,0.75,8,0.7007511852186403,0.1,38
51001,base,0.75,9,0.7930372845367679,0.14,38
51001,base,0.75,10,0.5966560739610003,0.1,38
51001,base,0.75,11,0.548960492742862,0.06,38
51001,base,0.9,0,0.511113255268086,0.08,45
51001,base,0.9,1,0.5343054022118844,0.06,45
51001,base,0.9,2,0.5952662303089135,0.06,45
51001,base,0.9,3,0.4137574947589767,0.08,45
51001,base,0.9,4,0.5119486684183893,0.08,45
51001,base,0.9,5,0.5022707853079256,0.1,45
51001,base,0.9,6,0.31166283572749903,0.04,45
51001,base,0.9,7,0.4361529551041528,0.04,45
51001,base,0.9,8,0.5750376314003289,0.06,45
51001,base,0.9,9,0.6899305357240579,0.08,45
51001,base,0.9,10,0.5594029806832826,0.04,45
51001,base,0.9,11,0.4894278558737917,0.06,45
51001,err2,0.0,0,0.9514526540459769,0.74,0
51001,err2,0.0,1,0.9514526540459769,0.74,0
51001,err2,0.0,2,0.9514526540459769,0.74,0
51001,err2,0.0,3,0.9514526540459769,0.74,0
51001,err2,0.0,4,0.9514526540459769,0.74,0
51001,err2,0.0,5,0.9514526540459769,0.74,0
51001,err2,0.0,6,0.9514526540459769,0.74,0
51001,err2,0.0,7,0.9514526540459769,0.74,0
51001,err2,0.0,8,0.9514526540459769,0.74,0
51001,err2,0.0,9,0.9514526540459769,0.74,0
51001,err2,0.0,10,0.9514526540459769,0.74,0
51001,err2,0.0,11,0.9514526540459769,0.74,0
51001,err2,0.25,0,0.8554536804318689,0.44,12
51001,err2,0.25,1,0.8265246872573466,0.42,12
51001,err2,0.25,2,0.8096470429480068,0.46,12
51001,err2,0.25,3,0.791556652705869,0.32,12
51001,err2,0.25,4,0.8178671952758766,0.34,12
51001,err2,0.25,5,0.8345919594743044,0.42,12
51001,err2,0.25,6,0.8374153307663987,0.4,12
51001,err2,0.25,7,0.8446996098560413,0.24,12
51001,err2,0.25,8,0.7837609841567789,0.36,12
51001,err2,0.25,9,0.8216799919330023,0.42,12
51001,err2,0.25,10,0.7819273828269057,0.46,12
51001,err2,0.25,11,0.7640567472877564,0.28,12
51001,err2,0.5,0,0.5955792912029106,0.18,25
51001,err2,0.5,1,0.7381699919345321,0.16,25
51001,err2,0.5,2,0.6763712402568172,0.18,25
51001,err2,0.5,3,0.6008533390061476,0.24,25
51001,err2,0.5,4,0.6132293014766187,0.24,25
51001,err2,0.5,5,0.6832336139966156,0.28,25
51001,err2,0.5,6,0.7460408061751216,0.2,25
51001,err2,0.5,7,0.7504856478942411,0.18,25
51001,err2,0.5,8,0.6709721723187436,0.1,25
51001,err2,0.5,9,0.6573380586064325,0.2,25
51001,err2,0.5,10,0.5665763028517392,0.16,25
51001,err2,0.5,11,0.6957669365710397,0.2,25
51001,err2,0.75,0,0.5482577386884241,0.04,38
51001,err2,0.75,1,0.4593486071348029,0.06,38
51001,err2,0.75,2,0.5096999425750429,0.1,38
51001,err2,0.75,3,0.42469884068557073,0.02,38
51001,err2,0.75,4,0.49187843716262747,0.08,38
51001,err2,0.75,5,0.573865775571462,0.08,38
51001,err2,0.75,6,0.3434347292931,0.04,38
51001,err2,0.75,7,0.49734579758852526,0.16,38
51001,err2,0.75,8,0.5909096050519614,0.06,38
51001,err2,0.75,9,0.40489176824947476,0.1,38
51001,err2,0.75,10,0.44810808410664166,0.06,38
51001,err2,0.75,11,0.4432269355758766,0.04,38
51001,err2,0.9,0,0.36781420068643605,0.02,45
51001,err2,0.9,1,0.38839976693121253,0.04,45
51001,err2,0.9,2,0.47360609953016986,0.08,45
51001,err2,0.9,3,0.41994391714760576,0.06,45
51001,err2,0.9,4,0.3860205360888638,0.04,45
51001,err2,0.9,5,0.4193437240805045,0.06,45
51001,err2,0.9,6,0.39380411151929356,0.04,45
51001,err2,0.9,7,0.3660730603685866,0.02,45
51001,err2,0.9,8,0.4000171408868307,0.04,45
51001,err2,0.9,9,0.4262744373512271,0.04,45
51001,err2,0.9,10,0.41994411327272,0.04,45
51001,err2,0.9,11,0.3881251865552844,0.06,45
51002,base,0.0,0,0.8573294458849017,0.22,0
51002,base,0.0,1,0.8573294458849017,0.22,0
51002,base,0.0,2,0.8573294458849017,0.22,0
51002,base,0.0,3,0.8573294458849017,0.22,0
51002,base,0.0,4,0.8573294458849017,0.22,0
51002,base,0.0,5,0.8573294458849017,0.22,0
51002,base,0.0,6,0.8573294458849017,0.22,0
51002,base,0.0,7,0.8573294458849017,0.22,0
51002,base,0.0,8,0.8573294458849017,0.22,0
51002,base,0.0,9,0.8573294458849017,0.22,0
51002,base,0.0,10,0.8573294458849017,0.22,0
51002,base,0.0,11,0.8573294458849017,0.22,0
51002,base,0.25,0,0.8328455104306721,0.16,12
51002,base,0.25,1,0.8127617860695989,0.1,12
51002,base,0.25,2,0.8492826341227631,0.24,12
51002,base,0.25,3,0.8302072519544984,0.12,12
51002,base,0.25,4,0.8293527965317944,0.18,12
51002,base,0.25,5,0.8431702389238425,0.22,12
51002,base,0.25,6,0.7855068708961908,0.24,12
51002,base,0.25,7,0.8003803934722956,0.2,12
51002,base,0.25,8,0.831237987134483,0.16,12
51002,base,0.25,9,0.8509036410053191,0.2,12
51002,base,0.25,10,0.8004223272511284,0.14,12
51002,base,0.25,11,0.8403463698912894,0.18,12
51002,base,0.5,0,0.7239171571269729,0.04,25
51002,base,0.5,1,0.7440603597474373,0.1,25
51002,base,0.5,2,0.8106607414987667,0.14,25
51002,base,0.5,3,0.7546431643506171,0.06,25
51002,base,0.5,4,0.7331602721211645,0.12,25
51002,base,0.5,5,0.7685397712845184,0.1,25
51002,base,0.5,6,0.6014385456029091,0.12,25
51002,base,0.5,7,0.7551358065010528,0.06,25
51002,base,0.5,8,0.825529249901124,0.16,25
51002,base,0.5,9,0.7804491073712448,0.08,25
51002,base,0.5,10,0.7968549327867329,0.12,25
51002,base,0.5,11,0.782923493428179,0.06,25
51002,base,0.75,0,0.6686888313102101,0.08,38
51002,base,0.75,1,0.7286874436366386,0.1,38
51002,base,0.75,2,0.6505764077895273,0.16,38
51002,base,0.75,3,0.7359645522568964,0.14,38
51002,base,0.75,4,0.6772543164698968,0.1,38
51002,base,0.75,5,0.656041879474556,0.06,38
51002,base,0.75,6,0.7407631383958332,0.12,38
51002,base,0.75,7,0.6452803923742638,0.06,38
51002,base,0.75,8,0.6537717068792611,0.14,38
51002,base,0.75,9,0.5901786854740831,0.06,38
51002,base,0.75,10,0.692173014032863,0.1,38
51002,base,0.75,11,0.63853761944035,0.06,38
51002,base,0.9,0,0.5517604711447909,0.04,45
51002,base,0.9,1,0.7241890030424334,0.08,45
51002,base,0.9,2,0.4851501572143565,0.04,45
51002,base,0.9,3,0.4783658129815567,0.04,45
51002,base,0.9,4,0.3975919346432562,0.02,45
51002,base,0.9,5,0.6204503548560047,0.04,45
51002,base,0.9,6,0.2819240215567861,0.02,45
51002,base,0.9,7,0.4208764486406638,0.02,45
51002,base,0.9,8,0.46803779356486935,0.04,45
51002,base,0.9,9,0.484657570137716,0.04,45
51002,base,0.9,10,0.7690383896061888,0.12,45
51002,base,0.9,11,0.44134355903267275,0.04,45
51002,err2,0.0,0,0.9319757934530345,0.6,0
51002,err2,0.0,1,0.9319757934530345,0.6,0
51002,err2,0.0,2,0.9319757934530345,0.6,0
51002,err2,0.0,3,0.9319757934530345,0.6,0
51002,err2,0.0,4,0.9319757934530345,0.6,0
51002,err2,0.0,5,0.9319757934530345,0.6,0
51002,err2,0.0,6,0.9319757934530345,0.6,0
51002,err2,0.0,7,0.9319757934530345,0.6,0
51002,err2,0.0,8,0.9319757934530345,0.6,0
51002,err2,0.0,9,0.9319757934530345,0.6,0
51002,err2,0.0,10,0.9319757934530345,0.6,0
51002,err2,0.0,11,0.9319757934530345,0.6,0
51002,err2,0.25,0,0.7826092868536647,0.3,12
51002,err2,0.25,1,0.7901448209439351,0.42,12
51002,err2,0.25,2,0.8056659645107245,0.28,12
51002,err2,0.25,3,0.8382457478105689,0.4,12
51002,err2,0.25,4,0.8360234262496501,0.3,12
51002,err2,0.25,5,0.7950363794706523,0.26,12
51002,err2,0.25,6,0.8520146688973707,0.3,12
51002,err2,0.25,7,0.8827655860887937,0.44,12
51002,err2,0.25,8,0.8056872768122817,0.44,12
51002,err2,0.25,9,0.8666445565546417,0.28,12
51002,err2,0.25,10,0.7925039423332927,0.38,12
51002,err2,0.25,11,0.8238854022661429,0.36,12
51002,err2,0.5,0,0.6864657989652619,0.2,25
51002,err2,0.5,1,0.7036397468168444,0.24,25
51002,err2,0.5,2,0.5952632360710416,0.14,25
51002,err2,0.5,3,0.6338024351127881,0.16,25
51002,err2,0.5,4,0.6940266811343706,0.14,25
51002,err2,0.5,5,0.7493996981092761,0.28,25
51002,err2,0.5,6,0.6115770963829548,0.14,25
51002,err2,0.5,7,0.7368040502262286,0.16,25
51002,err2,0.5,8,0.7108944428789883,0.2,25
51002,err2,0.5,9,0.6851980293459708,0.18,25
51002,err2,0.5,10,0.6899128869916535,0.22,25
51002,err2,0.5,11,0.7777997624434864,0.16,25
51002,err2,0.75,0,0.614832605236447,0.1,38
51002,err2,0.75,1,0.5218100820136565,0.12,38
51002,err2,0.75,2,0.485395932994556,0.06,38
51002,err2,0.75,3,0.5241211246855123,0.14,38
51002,err2,0.75,4,0.6172680270303558,0.12,38
51002,err2,0.75,5,0.4921305140707711,0.1,38
51002,err2,0.75,6,0.6008964044019796,0.12,38
51002,err2,0.75,7,0.6125192541915732,0.04,38
51002,err2,0.75,8,0.47412614429840005,0.08,38
51002,err2,0.75,9,0.6069564734502019,0.2,38
51002,err2,0.75,10,0.4646634604735819,0.06,38
51002,err2,0.75,11,0.49427137264395177,0.08,38
51002,err2,0.9,0,0.37443632531060955,0.02,45
51002,err2,0.9,1,0.33516942288040125,0.04,45
51002,err2,0.9,2,0.5291648704485038,0.04,45
51002,err2,0.9,3,0.4180172162166828,0.04,45
51002,err2,0.9,4,0.3147403125917837,0.04,45
51002,err2,0.9,5,0.42711806396702257,0.04,45
51002,err2,0.9,6,0.5144330404573388,0.06,45
51002,err2,0.9,7,0.3472844399718202,0.0,45
51002,err2,0.9,8,0.39768346433385604,0.04,45
51002,err2,0.9,9,0.3743756834772529,0.04,45
51002,err2,0.9,10,0.4038317632249514,0.04,45
51002,err2,0.9,11,0.4898270902801154,0.08,45
51003,base,0.0,0,0.8727322547527624,0.24,0
51003,base,0.0,1,0.8727322547527624,0.24,0
51003,base,0.0,2,0.8727322547527624,0.24,0
51003,base,0.0,3,0.8727322547527624,0.24,0
51003,base,0.0,4,0.8727322547527624,0.24,0
51003,base,0.0,5,0.8727322547527624,0.24,0
51003,base,0.0,6,0.8727322547527624,0.24,0
51003,base,0.0,7,0.8727322547527624,0.24,0
51003,base,0.0,8,0.8727322547527624,0.24,0
51003,base,0.0,9,0.8727322547527624,0.24,0
51003,base,0.0,10,0.8727322547527624,0.24,0
51003,base,0.0,11,0.8727322547527624,0.24,0
51003,base,0.25,0,0.8616669879922063,0.18,12
51003,base,0.25,1,0.86368577566006,0.22,12
51003,base,0.25,2,0.8497775324972554,0.16,12
51003,base,0.25,3,0.8596645260122686,0.26,12
51003,base,0.25,4,0.8551662939887088,0.16,12
51003,base,0.25,5,0.8522042493032285,0.2,12
51003,base,0.25,6,0.8530061050651551,0.12,12
51003,base,0.25,7,0.8639585720317744,0.22,12
51003,base,0.25,8,0.8450811077486715,0.14,12
51003,base,0.25,9,0.8531345269321169,0.16,12
51003,base,0.25,10,0.8510626203234873,0.22,12
51003,base,0.25,11,0.8456709282789628,0.14,12
51003,base,0.5,0,0.6280768907230917,0.08,25
51003,base,0.5,1,0.8378864856423154,0.22,25
51003,base,0.5,2,0.8360083174199129,0.18,25
51003,base,0.5,3,0.7695648266213609,0.08,25
51003,base,0.5,4,0.8620341335909082,0.2,25
51003,base,0.5,5,0.794878881884447,0.16,25
51003,base,0.5,6,0.814679003963342,0.18,25
51003,base,0.5,7,0.8025784276719489,0.1,25
51003,base,0.5,8,0.7428479827797624,0.18,25
51003,base,0.5,9,0.8095097883542732,0.16,25
51003,base,0.5,10,0.827985838181937,0.14,25
51003,base,0.5,11,0.7698665445086941,0.16,25
51003,base,0.75,0,0.7950866260231824,0.06,38
51003,base,0.75,1,0.6371097303210336,0.08,38
51003,base,0.75,2,0.6628772145178341,0.1,38
51003,base,0.75,3,0.7161011510904252,0.04,38
51003,base,0.75,4,0.5995677235394122,0.08,38
51003,base,0.75,5,0.7439810633813986,0.08,38
51003,base,0.75,6,0.8158031903855779,0.14,38
51003,base,0.75,7,0.7485702181355245,0.16,38
51003,base,0.75,8,0.7563151331443854,0.08,38
51003,base,0.75,9,0.5609331074093142,0.06,38
51003,base,0.75,10,0.6275398259761847,0.08,38
51003,base,0.75,11,0.6501517956706286,0.12,38
51003,base,0.9,0,0.4996691005787509,0.04,45
51003,base,0.9,1,0.27609770997313005,0.02,45
51003,base,0.9,2,0.5531688845287891,0.08,45
51003,base,0.9,3,0.6405548714893174,0.08,45
51003,base,0.9,4,0.31045077904089957,0.02,45
51003,base,0.9,5,0.4023586335356491,0.0,45
51003,base,0.9,6,0.5919186832688262,0.04,45
51003,base,0.9,7,0.6901871085218033,0.08,45
51003,base,0.9,8,0.5041888196719583,0.06,45
51003,base,0.9,9,0.3665601448941558,0.04,45
51003,base,0.9,10,0.4007155546693298,0.04,45
51003,base,0.9,11,0.7037673789478697,0.1,45
51003,err2,0.0,0,0.9552521938494665,0.76,0
51003,err2,0.0,1,0.9552521938494665,0.76,0
51003,err2,0.0,2,0.9552521938494665,0.76,0
51003,err2,0.0,3,0.9552521938494665,0.76,0
51003,err2,0.0,4,0.9552521938494665,0.76,0
51003,err2,0.0,5,0.9552521938494665,0.76,0
51003,err2,0.0,6,0.9552521938494665,0.76,0
51003,err2,0.0,7,0.9552521938494665,0.76,0
51003,err2,0.0,8,0.9552521938494665,0.76,0
51003,err2,0.0,9,0.9552521938494665,0.76,0
51003,err2,0.0,10,0.9552521938494665,0.76,0
51003,err2,0.0,11,0.9552521938494665,0.76,0
51003,err2,0.25,0,0.8037678048519632,0.44,12
51003,err2,0.25,1,0.8248649989528853,0.38,12
51003,err2,0.25,2,0.8535323782905703,0.48,12
51003,err2,0.25,3,0.8328552297768742,0.3,12
51003,err2,0.25,4,0.8380494786525965,0.42,12
51003,err2,0.25,5,0.7714184892037385,0.34,12
51003,err2,0.25,6,0.8209982988599891,0.42,12
51003,err2,0.25,7,0.8855702339721816,0.5,12
51003,err2,0.25,8,0.760148659557403,0.5,12
51003,err2,0.25,9,0.837638847983928,0.34,12
51003,err2,0.25,10,0.7854433415711641,0.28,12
51003,err2,0.25,11,0.8578173299331491,0.32,12
51003,err2,0.5,0,0.6655934316286127,0.26,25
51003,err2,0.5,1,0.5724607920809622,0.18,25
51003,err2,0.5,2,0.5727334101504215,0.14,25
51003,err2,0.5,3,0.6178178404299125,0.28,25
51003,err2,0.5,4,0.6979116967515148,0.28,25
51003,err2,0.5,5,0.6424662943396937,0.18,25
51003,err2,0.5,6,0.6744753880964587,0.22,25
51003,err2,0.5,7,0.7158475617914164,0.2,25
51003,err2,0.5,8,0.6120422495927706,0.18,25
51003,err2,0.5,9,0.7079229319745458,0.24,25
51003,err2,0.5,10,0.5617785141480404,0.2,25
51003,err2,0.5,11,0.5338825813070677,0.22,25
51003,err2,0.75,0,0.5330531029749271,0.08,38
51003,err2,0.75,1,0.29190664722308607,0.04,38
51003,err2,0.75,2,0.45039811811775676,0.06,38
51003,err2,0.75,3,0.45958072370266323,0.1,38
51003,err2,0.75,4,0.5143717532607215,0.1,38
51003,err2,0.75,5,0.562286493336655,0.16,38
51003,err2,0.75,6,0.5021446724589328,0.08,38
51003,err2,0.75,7,0.6378080032332583,0.12,38
51003,err2,0.75,8,0.3945012297702536,0.02,38
51003,err2,0.75,9,0.4443817278320015,0.06,38
51003,err2,0.75,10,0.47203233578032683,0.12,38
51003,err2,0.75,11,0.4558250290041238,0.12,38
51003,err2,0.9,0,0.4106586826414695,0.02,45
51003,err2,0.9,1,0.3345155298466993,0.08,45
51003,err2,0.9,2,0.4935595711010457,0.04,45
51003,err2,0.9,3,0.42756728488036416,0.06,45
51003,err2,0.9,4,0.41753978811059883,0.06,45
51003,err2,0.9,5,0.35596002113261865,0.0,45
51003,err2,0.9,6,0.42772849008265573,0.06,45
51003,err2,0.9,7,0.42210857682538155,0.04,45
51003,err2,0.9,8,0.40458846748822985,0.02,45
51003,err2,0.9,9,0.4185547803536816,0.06,45
51003,err2,0.9,10,0.38687428543225805,0.0,45
51003,err2,0.9,11,0.3605897775401278,0.04,45
51004,base,0.0,0,0.8356774756380687,0.14,0
51004,base,0.0,1,0.8356774756380687,0.14,0
51004,base,0.0,2,0.8356774756380687,0.14,0
51004,base,0.0,3,0.8356774756380687,0.14,0
51004,base,0.0,4,0.8356774756380687,0.14,0
51004,base,0.0,5,0.8356774756380687,0.14,0
51004,base,0.0,6,0.8356774756380687,0.14,0
51004,base,0.0,7,0.8356774756380687,0.14,0
51004,base,0.0,8,0.8356774756380687,0.14,0
51004,base,0.0,9,0.8356774756380687,0.14,0
51004,base,0.0,10,0.8356774756380687,0.14,0
51004,base,0.0,11,0.8356774756380687,0.14,0
51004,base,0.25,0,0.830792575525497,0.12,12
51004,base,0.25,1,0.8149578189169007,0.16,12
51004,base,0.25,2,0.8338827479053645,0.16,12
51004,base,0.25,3,0.8301670927310001,0.08,12
51004,base,0.25,4,0.8393988467538877,0.18,12
51004,base,0.25,5,0.8349076087929147,0.16,12
51004,base,0.25,6,0.8191632882842016,0.12,12
51004,base,0.25,7,0.8282998078087432,0.14,12
51004,base,0.25,8,0.822836905095792,0.12,12
51004,base,0.25,9,0.8403830514829953,0.2,12
51004,base,0.25,10,0.8172910528364586,0.12,12
51004,base,0.25,11,0.8422066312153008,0.12,12
51004,base,0.5,0,0.8023438316522674,0.1,25
51004,base,0.5,1,0.7546998023410554,0.12,25
51004,base,0.5,2,0.8181948548745352,0.06,25
51004,base,0.5,3,0.7909609433659796,0.18,25
51004,base,0.5,4,0.721861774583915,0.16,25
51004,base,0.5,5,0.8074823478338763,0.12,25
51004,base,0.5,6,0.7682986151515797,0.16,25
51004,base,0.5,7,0.8033248088603342,0.12,25
51004,base,0.5,8,0.721255386540198,0.12,25
51004,base,0.5,9,0.73756050950157,0.12,25
51004,base,0.5,10,0.756828600926563,0.14,25
51004,base,0.5,11,0.7703815292255821,0.1,25
51004,base,0.75,0,0.7238024229049789,0.08,38
51004,base,0.75,1,0.6012681170919407,0.14,38
51004,base,0.75,2,0.5152329782292551,0.04,38
51004,base,0.75,3,0.5938304438785699,0.06,38
51004,base,0.75,4,0.5797118392275967,0.08,38
51004,base,0.75,5,0.637764873285744,0.06,38
51004,base,0.75,6,0.753108050345609,0.08,38
51004,base,0.75,7,0.7071203781583951,0.12,38
51004,base,0.75,8,0.7581039895133287,0.08,38
51004,base,0.75,9,0.6748848751359727,0.1,38
51004,base,0.75,10,0.7397340977533945,0.08,38
51004,base,0.75,11,0.6743663030262198,0.08,38
51004,base,0.9,0,0.6820301362787515,0.08,45
51004,base,0.9,1,0.5425673096710941,0.08,45
51004,base,0.9,2,0.6056994922774024,0.08,45
51004,base,0.9,3,0.7345784709950537,0.08,45
51004,base,0.9,4,0.44619581338906855,0.08,45
51004,base,0.9,5,0.6483066864960307,0.08,45
51004,base,0.9,6,0.6206797923374605,0.04,45
51004,base,0.9,7,0.6180147557660669,0.06,45
51004,base,0.9,8,0.3474886067640257,0.02,45
51004,base,0.9,9,0.36646314826601356,0.08,45
51004,base,0.9,10,0.37051239665156044,0.02,45
51004,base,0.9,11,0.4907266438902698,0.06,45
51004,err2,0.0,0,0.9332099080507222,0.52,0
51004,err2,0.0,1,0.9332099080507222,0.52,0
51004,err2,0.0,2,0.9332099080507222,0.52,0
51004,err2,0.0,3,0.9332099080507222,0.52,0
51004,err2,0.0,4,0.9332099080507222,0.52,0
51004,err2,0.0,5,0.9332099080507222,0.52,0
51004,err2,0.0,6,0.9332099080507222,0.52,0
51004,err2,0.0,7,0.9332099080507222,0.52,0
51004,err2,0.0,8,0.9332099080507222,0.52,0
51004,err2,0.0,9,0.9332099080507222,0.52,0
51004,err2,0.0,10,0.9332099080507222,0.52,0
51004,err2,0.0,11,0.9332099080507222,0.52,0
51004,err2,0.25,0,0.8131903616933676,0.32,12
51004,err2,0.25,1,0.8228409237549542,0.36,12
51004,err2,0.25,2,0.7365953036115956,0.22,12
51004,err2,0.25,3,0.800826670967715,0.3,12
51004,err2,0.25,4,0.8441512695542582,0.3,12
51004,err2,0.25,5,0.7785274477782015,0.22,12
51004,err2,0.25,6,0.7783830718821217,0.3,12
51004,err2,0.25,7,0.8296202979631618,0.36,12
51004,err2,0.25,8,0.7420938132979975,0.34,12
51004,err2,0.25,9,0.758476713753601,0.34,12
51004,err2,0.25,10,0.8202049859700686,0.4,12
51004,err2,0.25,11,0.8187489169277176,0.3,12
51004,err2,0.5,0,0.6994534084543592,0.14,25
51004,err2,0.5,1,0.6009074701952762,0.08,25
51004,err2,0.5,2,0.715522254420345,0.18,25
51004,err2,0.5,3,0.7662171056786665,0.24,25
51004,err2,0.5,4,0.7918873845216595,0.26,25
51004,err2,0.5,5,0.6921878123116616,0.22,25
51004,err2,0.5,6,0.6989377444464138,0.18,25
51004,err2,0.5,7,0.658618949665921,0.16,25
51004,err2,0.5,8,0.6367645882738505,0.18,25
51004,err2,0.5,9,0.6565534589467248,0.12,25
51004,err2,0.5,10,0.5212298289075763,0.04,25
51004,err2,0.5,11,0.5956485585560425,0.08,25
51004,err2,0.75,0,0.4444858206382897,0.06,38
51004,err2,0.75,1,0.37854858894221755,0.08,38
51004,err2,0.75,2,0.47374470907848887,0.04,38
51004,err2,0.75,3,0.46318227637882925,0.02,38
51004,err2,0.75,4,0.5556897119868431,0.08,38
51004,err2,0.75,5,0.4286276076386888,0.04,38
51004,err2,0.75,6,0.31487215782144184,0.04,38
51004,err2,0.75,7,0.42163395631091455,0.04,38
51004,err2,0.75,8,0.4403466441442332,0.06,38
51004,err2,0.75,9,0.4658342239914881,0.04,38
51004,err2,0.75,10,0.4258579998274319,0.06,38
51004,err2,0.75,11,0.43624627843297,0.0,38
51004,err2,0.9,0,0.3378555149199306,0.02,45
51004,err2,0.9,1,0.44312632055403917,0.06,45
51004,err2,0.9,2,0.3946371939250035,0.04,45
51004,err2,0.9,3,0.3850066264095737,0.08,45
51004,err2,0.9,4,0.3979589001450144,0.02,45
51004,err2,0.9,5,0.39923458452613175,0.04,45
51004,err2,0.9,6,0.4252312479096809,0.04,45
51004,err2,0.9,7,0.409616481477467,0.04,45
51004,err2,0.9,8,0.3480107639136804,0.02,45
51004,err2,0.9,9,0.39748436114643054,0.04,45
51004,err2,0.9,10,0.36017064814503313,0.04,45
51004,err2,0.9,11,0.45111808664171965,0.04,45
51005,base,0.0,0,0.8494396890409546,0.16,0
51005,base,0.0,1,0.8494396890409546,0.16,0
51005,base,0.0,2,0.8494396890409546,0.16,0
51005,base,0.0,3,0.8494396890409546,0.16,0
51005,base,0.0,4,0.8494396890409546,0.16,0
51005,base,0.0,5,0.8494396890409546,0.16,0
51005,base,0.0,6,0.8494396890409546,0.16,0
51005,base,0.0,7,0.8494396890409546,0.16,0
51005,base,0.0,8,0.8494396890409546,0.16,0
51005,base,0.0,9,0.8494396890409546,0.16,0
51005,base,0.0,10,0.8494396890409546,0.16,0
51005,base,0.0,11,0.8494396890409546,0.16,0
51005,base,0.25,0,0.8038026597194546,0.14,12
51005,base,0.25,1,0.8026918581555712,0.1,12
51005,base,0.25,2,0.8493773037322842,0.24,12
51005,base,0.25,3,0.8164888413705159,0.16,12
51005,base,0.25,4,0.7964399368799583,0.18,12
51005,base,0.25,5,0.760657640200507,0.22,12
51005,base,0.25,6,0.8159439379066495,0.14,12
51005,base,0.25,7,0.7961388070417712,0.12,12
51005,base,0.25,8,0.840534153437759,0.14,12
51005,base,0.25,9,0.8044200755573692,0.08,12
51005,base,0.25,10,0.7968520804643652,0.08,12
51005,base,0.25,11,0.843668642073077,0.26,12
51005,base,0.5,0,0.6455229866343134,0.08,25
51005,base,0.5,1,0.7539566189120296,0.14,25
51005,base,0.5,2,0.8174641883412981,0.26,25
51005,base,0.5,3,0.826214447902572,0.14,25
51005,base,0.5,4,0.7795924802204983,0.1,25
51005,base,0.5,5,0.8350286686000217,0.18,25
51005,base,0.5,6,0.5934435578496294,0.08,25
51005,base,0.5,7,0.8014895061312991,0.06,25
51005,base,0.5,8,0.8085646033212587,0.12,25
51005,base,0.5,9,0.7126034073768165,0.1,25
51005,base,0.5,10,0.7822317721074095,0.12,25
51005,base,0.5,11,0.6899892429970493,0.04,25
51005,base,0.75,0,0.5336200989147518,0.08,38
51005,base,0.75,1,0.6071357438546964,0.08,38
51005,base,0.75,2,0.7693198625744507,0.12,38
51005,base,0.75,3,0.6908559176389517,0.18,38
51005,base,0.75,4,0.5770841076389979,0.06,38
51005,base,0.75,5,0.6389394549853771,0.08,38
51005,base,0.75,6,0.6957606974698229,0.12,38
51005,base,0.75,7,0.733668683514423,0.08,38
51005,base,0.75,8,0.7703539741905095,0.16,38
51005,base,0.75,9,0.779505658218621,0.12,38
51005,base,0.75,10,0.7758586567966872,0.1,38
51005,base,0.75,11,0.574074667345013,0.06,38
51005,base,0.9,0,0.5483984091379174,0.08,45
51005,base,0.9,1,0.2971253813690792,0.04,45
51005,base,0.9,2,0.3702154556075959,0.04,45
51005,base,0.9,3,0.59818791592823,0.06,45
51005,base,0.9,4,0.26115836355460215,0.02,45
51005,base,0.9,5,0.4848334513223796,0.04,45
51005,base,0.9,6,0.4016921510529754,0.02,45
51005,base,0.9,7,0.5012292527386362,0.08,45
51005,base,0.9,8,0.6798246378067847,0.08,45
51005,base,0.9,9,0.4235369666623526,0.04,45
51005,base,0.9,10,0.505328918900148,0.06,45
51005,base,0.9,11,0.4637796997673194,0.04,45
51005,err2,0.0,0,0.954435613494377,0.66,0
51005,err2,0.0,1,0.954435613494377,0.66,0
51005,err2,0.0,2,0.954435613494377,0.66,0
51005,err2,0.0,3,0.954435613494377,0.66,0
51005,err2,0.0,4,0.954435613494377,0.66,0
51005,err2,0.0,5,0.954435613494377,0.66,0
51005,err2,0.0,6,0.954435613494377,0.66,0
51005,err2,0.0,7,0.954435613494377,0.66,0
51005,err2,0.0,8,0.954435613494377,0.66,0
51005,err2,0.0,9,0.954435613494377,0.66,0
51005,err2,0.0,10,0.954435613494377,0.66,0
51005,err2,0.0,11,0.954435613494377,0.66,0
51005,err2,0.25,0,0.7161035630394373,0.26,12
51005,err2,0.25,1,0.709714463402518,0.4,12
51005,err2,0.25,2,0.8183860822852682,0.38,12
51005,err2,0.25,3,0.8068290812592436,0.3,12
51005,err2,0.25,4,0.8595693009889915,0.44,12
51005,err2,0.25,5,0.8075407097594364,0.34,12
51005,err2,0.25,6,0.823166200918863,0.4,12
51005,err2,0.25,7,0.7320204349364264,0.32,12
51005,err2,0.25,8,0.8152662256932185,0.44,12
51005,err2,0.25,9,0.8125937209572685,0.36,12
51005,err2,0.25,10,0.8272866644345962,0.54,12
51005,err2,0.25,11,0.8210687687114793,0.36,12
51005,err2,0.5,0,0.548020040285476,0.14,25
51005,err2,0.5,1,0.7165776902562188,0.14,25
51005,err2,0.5,2,0.7403110885005499,0.18,25
51005,err2,0.5,3,0.7171858284635902,0.2,25
51005,err2,0.5,4,0.7371025001640874,0.2,25
51005,err2,0.5,5,0.7737424569396402,0.24,25
51005,err2,0.5,6,0.6601807720677699,0.24,25
51005,err2,0.5,7,0.7259452197381787,0.18,25
51005,err2,0.5,8,0.642350397755617,0.22,25
51005,err2,0.5,9,0.7064020496097695,0.36,25
51005,err2,0.5,10,0.7241433150318615,0.2,25
51005,err2,0.5,11,0.5904936470948176,0.12,25
51005,err2,0.75,0,0.49034719678428396,0.1,38
51005,err2,0.75,1,0.5100135873237694,0.02,38
51005,err2,0.75,2,0.39585083276125993,0.12,38
51005,err2,0.75,3,0.4807597828353846,0.1,38
51005,err2,0.75,4,0.540743130272357,0.08,38
51005,err2,0.75,5,0.3962636110761675,0.08,38
51005,err2,0.75,6,0.34823125140590655,0.02,38
51005,err2,0.75,7,0.5428657982064026,0.12,38
51005,err2,0.75,8,0.4516858941679601,0.08,38
51005,err2,0.75,9,0.539021247258484,0.1,38
51005,err2,0.75,10,0.42086369313140337,0.06,38
51005,err2,0.75,11,0.38928858940517186,0.06,38
51005,err2,0.9,0,0.42571268579054644,0.04,45
51005,err2,0.9,1,0.39493083500596676,0.08,45
51005,err2,0.9,2,0.378317593147361,0.04,45
51005,err2,0.9,3,0.37406546839790755,0.04,45
51005,err2,0.9,4,0.33595774035855486,0.04,45
51005,err2,0.9,5,0.37460870394556445,0.04,45
51005,err2,0.9,6,0.47123444865514935,0.06,45
51005,err2,0.9,7,0.4332231761844303,0.06,45
51005,err2,0.9,8,0.30662985762309564,0.04,45
51005,err2,0.9,9,0.2724249525609521,0.04,45
51005,err2,0.9,10,0.37670428249958204,0.08,45
51005,err2,0.9,11,0.3305267513961529,0.04,45
51006,base,0.0,0,0.8208039895195478,0.18,0
51006,base,0.0,1,0.8208039895195478,0.18,0
51006,base,0.0,2,0.8208039895195478,0.18,0
51006,base,0.0,3,0.8208039895195478,0.18,0
51006,base,0.0,4,0.8208039895195478,0.18,0
51006,base,0.0,5,0.8208039895195478,0.18,0
51006,base,0.0,6,0.8208039895195478,0.18,0
51006,base,0.0,7,0.8208039895195478,0.18,0
51006,base,0.0,8,0.8208039895195478,0.18,0
51006,base,0.0,9,0.8208039895195478,0.18,0
51006,base,0.0,10,0.8208039895195478,0.18,0
51006,base,0.0,11,0.8208039895195478,0.18,0
51006,base,0.25,0,0.8065928640736564,0.14,12
51006,base,0.25,1,0.8194524843852793,0.14,12
51006,base,0.25,2,0.7563970693126811,0.14,12
51006,base,0.25,3,0.7962341405085973,0.12,12
51006,base,0.25,4,0.8115760172276784,0.16,12
51006,base,0.25,5,0.7747924974135755,0.12,12
51006,base,0.25,6,0.8197971763267362,0.14,12
51006,base,0.25,7,0.8260018059072238,0.1,12
51006,base,0.25,8,0.8303025321638587,0.18,12
51006,base,0.25,9,0.8019566028417948,0.1,12
51006,base,0.25,10,0.8112606616093524,0.12,12
51006,base,0.25,11,0.7663641113414887,0.14,12
51006,base,0.5,0,0.7488323244120338,0.1,25
51006,base,0.5,1,0.7805143775159513,0.12,25
51006,base,0.5,2,0.8002543132885134,0.12,25
51006,base,0.5,3,0.752543912868704,0.14,25
51006,base,0.5,4,0.8067854939136849,0.12,25
51006,base,0.5,5,0.7473119411800299,0.1,25
51006,base,0.5,6,0.7857180487617202,0.16,25
51006,base,0.5,7,0.755346776919491,0.1,25
51006,base,0.5,8,0.7613022496209999,0.08,25
51006,base,0.5,9,0.7981963700926319,0.1,25
51006,base,0.5,10,0.7928828029010007,0.1,25
51006,base,0.5,11,0.7843201495238761,0.12,25
51006,base,0.75,0,0.7331473714266159,0.04,38
51006,base,0.75,1,0.3292131793454637,0.06,38
51006,base,0.75,2,0.4101505549610787,0.06,38
51006,base,0.75,3,0.55144766079049,0.02,38
51006,base,0.75,4,0.6476584510983008,0.08,38
51006,base,0.75,5,0.6566441352616118,0.06,38
51006,base,0.75,6,0.7907719284946301,0.12,38
51006,base,0.75,7,0.5471860301794939,0.06,38
51006,base,0.75,8,0.7780200508312192,0.08,38
51006,base,0.75,9,0.7851520140668348,0.12,38
51006,base,0.75,10,0.7637883414472881,0.16,38
51006,base,0.75,11,0.6417973860266472,0.1,38
51006,base,0.9,0,0.5215214313373443,0.06,45
51006,base,0.9,1,0.43365826921169537,0.04,45
51006,base,0.9,2,0.7362370451824224,0.06,45
51006,base,0.9,3,0.25851698906376386,0.06,45
51006,base,0.9,4,0.7044977785770737,0.04,45
51006,base,0.9,5,0.2874143780984894,0.02,45
51006,base,0.9,6,0.49626988833361957,0.04,45
51006,base,0.9,7,0.6170135382240908,0.06,45
51006,base,0.9,8,0.7146492937210749,0.04,45
51006,base,0.9,9,0.5808954243750177,0.08,45
51006,base,0.9,10,0.7315996365277784,0.06,45
51006,base,0.9,11,0.7411495506577812,0.08,45
51006,err2,0.0,0,0.9369560527086378,0.6,0
51006,err2,0.0,1,0.9369560527086378,0.6,0
51006,err2,0.0,2,0.9369560527086378,0.6,0
51006,err2,0.0,3,0.9369560527086378,0.6,0
51006,err2,0.0,4,0.9369560527086378,0.6,0
51006,err2,0.0,5,0.9369560527086378,0.6,0
51006,err2,0.0,6,0.9369560527086378,0.6,0
51006,err2,0.0,7,0.9369560527086378,0.6,0
51006,err2,0.0,8,0.9369560527086378,0.6,0
51006,err2,0.0,9,0.9369560527086378,0.6,0
51006,err2,0.0,10,0.9369560527086378,0.6,0
51006,err2,0.0,11,0.9369560527086378,0.6,0
51006,err2,0.25,0,0.7061787334937725,0.24,12
51006,err2,0.25,1,0.858285095821005,0.28,12
51006,err2,0.25,2,0.8282647285961997,0.32,12
51006,err2,0.25,3,0.7916746097989072,0.32,12
51006,err2,0.25,4,0.8160158039019734,0.34,12
51006,err2,0.25,5,0.7784722421362045,0.44,12
51006,err2,0.25,6,0.8702475212064712,0.42,12
51006,err2,0.25,7,0.8325312890233727,0.42,12
51006,err2,0.25,8,0.8096913399275827,0.38,12
51006,err2,0.25,9,0.8414087020901292,0.4,12
51006,err2,0.25,10,0.7513114553796844,0.34,12
51006,err2,0.25,11,0.8263221863425185,0.42,12
51006,err2,0.5,0,0.7370962577767273,0.24,25
51006,err2,0.5,1,0.6713578872687025,0.2,25
51006,err2,0.5,2,0.725862784930269,0.1,25
51006,err2,0.5,3,0.7675403004869398,0.24,25
51006,err2,0.5,4,0.6040071200586606,0.24,25
51006,err2,0.5,5,0.6608180260613815,0.14,25
51006,err2,0.5,6,0.5800650364475719,0.16,25
51006,err2,0.5,7,0.5654510473663243,0.08,25
51006,err2,0.5,8,0.5653659095105208,0.16,25
51006,err2,0.5,9,0.5876301748928904,0.16,25
51006,err2,0.5,10,0.788065135079728,0.24,25
51006,err2,0.5,11,0.7449952680150056,0.16,25
51006,err2,0.75,0,0.5424355347012131,0.08,38
51006,err2,0.75,1,0.35118726748427626,0.02,38
51006,err2,0.75,2,0.4221315421989301,0.1,38
51006,err2,0.75,3,0.49663500239610336,0.08,38
51006,err2,0.75,4,0.47542957208059333,0.06,38
51006,err2,0.75,5,0.3841869243720154,0.08,38
51006,err2,0.75,6,0.5016453009800036,0.06,38
51006,err2,0.75,7,0.39967778849088204,0.04,38
51006,err2,0.75,8,0.36278261043816074,0.1,38
51006,err2,0.75,9,0.3975011294662967,0.04,38
51006,err2,0.75,10,0.5786194489883206,0.08,38
51006,err2,0.75,11,0.38462171319927885,0.08,38
51006,err2,0.9,0,0.42441960456279476,0.08,45
51006,err2,0.9,1,0.32782282236327687,0.04,45
51006,err2,0.9,2,0.39613134477951156,0.08,45
51006,err2,0.9,3,0.37829372974837017,0.02,45
51006,err2,0.9,4,0.35488139583110545,0.06,45
51006,err2,0.9,5,0.32402546709832514,0.02,45
51006,err2,0.9,6,0.26745869918654724,0.0,45
51006,err2,0.9,7,0.34963308041096275,0.02,45
51006,err2,0.9,8,0.29647278370647817,0.02,45
51006,err2,0.9,9,0.3934894739919516,0.06,45
51006,err2,0.9,10,0.31222349516331016,0.0,45
51006,err2,0.9,11,0.3845263133995804,0.06,45
51007,base,0.0,0,0.8146544211399639,0.14,0
51007,base,0.0,1,0.8146544211399639,0.14,0
51007,base,0.0,2,0.8146544211399639,0.14,0
51007,base,0.0,3,0.8146544211399639,0.14,0
51007,base,0.0,4,0.8146544211399639,0.14,0
51007,base,0.0,5,0.8146544211399639,0.14,0
51007,base,0.0,6,0.8146544211399639,0.14,0
51007,base,0.0,7,0.8146544211399639,0.14,0
51007,base,0.0,8,0.8146544211399639,0.14,0
51007,base,0.0,9,0.8146544211399639,0.14,0
51007,base,0.0,10,0.8146544211399639,0.14,0
51007,base,0.0,11,0.8146544211399639,0.14,0
51007,base,0.25,0,0.8067615677549107,0.14,12
51007,base,0.25,1,0.7887575864948136,0.1,12
51007,base,0.25,2,0.8232127614330138,0.16,12
51007,base,0.25,3,0.8227142100166334,0.18,12
51007,base,0.25,4,0.8109125367648741,0.16,12
51007,base,0.25,5,0.7945115558037681,0.12,12
51007,base,0.25,6,0.7849968762320337,0.12,12
51007,base,0.25,7,0.7856349924385972,0.2,12
51007,base,0.25,8,0.8050119942870891,0.14,12
51007,base,0.25,9,0.8064821063121357,0.1,12
51007,base,0.25,10,0.8238796441475219,0.18,12
51007,base,0.25,11,0.7928049825844673,0.08,12
51007,base,0.5,0,0.7874048058891211,0.14,25
51007,base,0.5,1,0.7758424117234776,0.1,25
51007,base,0.5,2,0.7413565492357032,0.08,25
51007,base,0.5,3,0.7991608905515843,0.16,25
51007,base,0.5,4,0.7874613001772459,0.18,25
51007,base,0.5,5,0.8038062331303243,0.1,25
51007,base,0.5,6,0.6526146291418164,0.04,25
51007,base,0.5,7,0.6702223983864782,0.14,25
51007,base,0.5,8,0.7923804974768401,0.1,25
51007,base,0.5,9,0.6526416630578846,0.06,25
51007,base,0.5,10,0.7859260331337388,0.1,25
51007,base,0.5,11,0.7875786360581121,0.06,25
51007,base,0.75,0,0.4513109850643094,0.1,38
51007,base,0.75,1,0.7382327980675204,0.08,38
51007,base,0.75,2,0.5356521044435211,0.08,38
51007,base,0.75,3,0.705841714241237,0.1,38
51007,base,0.75,4,0.6783527122469476,0.08,38
51007,base,0.75,5,0.7125144886025758,0.08,38
51007,base,0.75,6,0.7543226651536737,0.1,38
51007,base,0.75,7,0.6678766959934666,0.1,38
51007,base,0.75,8,0.44660911192943226,0.02,38
51007,base,0.75,9,0.58920168623901,0.12,38
51007,base,0.75,10,0.6998795176422367,0.16,38
51007,base,0.75,11,0.7115056354865047,0.12,38
51007,base,0.9,0,0.7085990125831283,0.06,45
51007,base,0.9,1,0.5270448433302771,0.06,45
51007,base,0.9,2,0.46900815178880473,0.04,45
51007,base,0.9,3,0.5795178449408168,0.08,45
51007,base,0.9,4,0.6220297788328696,0.06,45
51007,base,0.9,5,0.6248713279267988,0.06,45
51007,base,0.9,6,0.7320430590186071,0.1,45
51007,base,0.9,7,0.7121016632758876,0.06,45
51007,base,0.9,8,0.7651343802768377,0.1,45
51007,base,0.9,9,0.6443612237134279,0.06,45
51007,base,0.9,10,0.6355212711377844,0.08,45
51007,base,0.9,11,0.4929943363155641,0.04,45
51007,err2,0.0,0,0.9361925961109715,0.74,0
51007,err2,0.0,1,0.9361925961109715,0.74,0
51007,err2,0.0,2,0.9361925961109715,0.74,0
51007,err2,0.0,3,0.9361925961109715,0.74,0
51007,err2,0.0,4,0.9361925961109715,0.74,0
51007,err2,0.0,5,0.9361925961109715,0.74,0
51007,err2,0.0,6,0.9361925961109715,0.74,0
51007,err2,0.0,7,0.9361925961109715,0.74,0
51007,err2,0.0,8,0.9361925961109715,0.74,0
51007,err2,0.0,9,0.9361925961109715,0.74,0
51007,err2,0.0,10,0.9361925961109715,0.74,0
51007,err2,0.0,11,0.9361925961109715,0.74,0
51007,err2,0.25,0,0.7512081950097148,0.36,12
51007,err2,0.25,1,0.7556902993313228,0.24,12
51007,err2,0.25,2,0.8543176131779802,0.36,12
51007,err2,0.25,3,0.8267238701269229,0.26,12
51007,err2,0.25,4,0.763392130320182,0.34,12
51007,err2,0.25,5,0.8171452307270123,0.38,12
51007,err2,0.25,6,0.8288960057395509,0.4,12
51007,err2,0.25,7,0.6928770256336106,0.32,12
51007,err2,0.25,8,0.8062018671897464,0.36,12
51007,err2,0.25,9,0.7944558203255501,0.24,12
51007,err2,0.25,10,0.7831218295729218,0.26,12
51007,err2,0.25,11,0.7247566458094581,0.32,12
51007,err2,0.5,0,0.6604047045109622,0.24,25
51007,err2,0.5,1,0.7054715227964669,0.16,25
51007,err2,0.5,2,0.6171921759002544,0.14,25
51007,err2,0.5,3,0.6230750404716832,0.22,25
51007,err2,0.5,4,0.49944864110128534,0.12,25
51007,err2,0.5,5,0.5472241447769519,0.14,25
51007,err2,0.5,6,0.6857929196146347,0.16,25
51007,err2,0.5,7,0.6648248376184359,0.18,25
51007,err2,0.5,8,0.6624918785123284,0.1,25
51007,err2,0.5,9,0.6098750539897303,0.14,25
51007,err2,0.5,10,0.7474259211220174,0.18,25
51007,err2,0.5,11,0.7149821092162947,0.14,25
51007,err2,0.75,0,0.38118513501295936,0.06,38
51007,err2,0.75,1,0.616300008623348,0.08,38
51007,err2,0.75,2,0.48020160594914474,0.08,38
51007,err2,0.75,3,0.4664430434140941,0.12,38
51007,err2,0.75,4,0.6011963361241184,0.1,38
51007,err2,0.75,5,0.43397504717998275,0.06,38
51007,err2,0.75,6,0.5225399960355394,0.08,38
51007,err2,0.75,7,0.3399018078134548,0.06,38
51007,err2,0.75,8,0.44419597964447144,0.04,38
51007,err2,0.75,9,0.4786314583452679,0.12,38
51007,err2,0.75,10,0.3918026440157596,0.02,38
51007,err2,0.75,11,0.5296752365971156,0.04,38
51007,err2,0.9,0,0.4297485149895207,0.02,45
51007,err2,0.9,1,0.37921468875139275,0.02,45
51007,err2,0.9,2,0.3707790151033876,0.04,45
51007,err2,0.9,3,0.3863490380533865,0.02,45
51007,err2,0.9,4,0.3857612158452941,0.02,45
51007,err2,0.9,5,0.3756754321731984,0.02,45
51007,err2,0.9,6,0.3643326803779619,0.02,45
51007,err2,0.9,7,0.34660863787334056,0.02,45
51007,err2,0.9,8,0.3959601479014176,0.02,45
51007,err2,0.9,9,0.37158687148247393,0.02,45
51007,err2,0.9,10,0.5247685118606191,0.1,45
51007,err2,0.9,11,0.3766156867529872,0.02,45
51008,base,0.0,0,0.8450711948122306,0.2,0
51008,base,0.0,1,0.8450711948122306,0.2,0
51008,base,0.0,2,0.8450711948122306,0.2,0
51008,base,0.0,3,0.8450711948122306,0.2,0
51008,base,0.0,4,0.8450711948122306,0.2,0
51008,base,0.0,5,0.8450711948122306,0.2,0
51008,base,0.0,6,0.8450711948122306,0.2,0
51008,base,0.0,7,0.8450711948122306,0.2,0
51008,base,0.0,8,0.8450711948122306,0.2,0
51008,base,0.0,9,0.8450711948122306,0.2,0
51008,base,0.0,10,0.8450711948122306,0.2,0
51008,base,0.0,11,0.8450711948122306,0.2,0
51008,base,0.25,0,0.8301041040885014,0.18,12
51008,base,0.25,1,0.8366941145995735,0.22,12
51008,base,0.25,2,0.8323635488627978,0.18,12
51008,base,0.25,3,0.8356375671783252,0.24,12
51008,base,0.25,4,0.8420186961226839,0.22,12
51008,base,0.25,5,0.8271007409669278,0.28,12
51008,base,0.25,6,0.800431498044335,0.12,12
51008,base,0.25,7,0.8038475469012151,0.16,12
51008,base,0.25,8,0.8149499203405479,0.14,12
51008,base,0.25,9,0.8538687744988939,0.28,12
51008,base,0.25,10,0.8404892086669998,0.16,12
51008,base,0.25,11,0.8381998080462025,0.16,12
51008,base,0.5,0,0.7476778122453278,0.2,25
51008,base,0.5,1,0.6060269283090333,0.08,25
51008,base,0.5,2,0.7639218468575173,0.12,25
51008,base,0.5,3,0.8055549944096395,0.14,25
51008,base,0.5,4,0.7818279342625829,0.1,25
51008,base,0.5,5,0.7840287619561319,0.1,25
51008,base,0.5,6,0.8039048843805109,0.08,25
51008,base,0.5,7,0.7525618396024227,0.1,25
51008,base,0.5,8,0.8117741834474062,0.08,25
51008,base,0.5,9,0.7690483666838489,0.14,25
51008,base,0.5,10,0.775158357066907,0.14,25
51008,base,0.5,11,0.8266058250076972,0.1,25
51008,base,0.75,0,0.6368732224150864,0.08,38
51008,base,0.75,1,0.7348472170217374,0.14,38
51008,base,0.75,2,0.6334246504053188,0.1,38
51008,base,0.75,3,0.692675156352935,0.16,38
51008,base,0.75,4,0.7884921573688105,0.14,38
51008,base,0.75,5,0.6943089665762513,0.16,38
51008,base,0.75,6,0.6170807576707871,0.1,38
51008,base,0.75,7,0.7065870087093767,0.16,38
51008,base,0.75,8,0.7301663177715141,0.18,38
51008,base,0.75,9,0.7194864689589693,0.14,38
51008,base,0.75,10,0.5206859088301087,0.08,38
51008,base,0.75,11,0.7842923907114838,0.1,38
51008,base,0.9,0,0.4109444925195126,0.06,45
51008,base,0.9,1,0.5894623632551382,0.08,45
51008,base,0.9,2,0.5752121064847828,0.04,45
51008,base,0.9,3,0.5404033538459815,0.06,45
51008,base,0.9,4,0.590684907861443,0.04,45
51008,base,0.9,5,0.5987732834242067,0.08,45
51008,base,0.9,6,0.450537640647003,0.06,45
51008,base,0.9,7,0.5478498487896993,0.1,45
51008,base,0.9,8,0.37563939052002515,0.04,45
51008,base,0.9,9,0.443920484735884,0.04,45
51008,base,0.9,10,0.7415376972985172,0.08,45
51008,base,0.9,11,0.6186835203857921,0.04,45
51008,err2,0.0,0,0.9462406756817044,0.66,0
51008,err2,0.0,1,0.9462406756817044,0.66,0
51008,err2,0.0,2,0.9462406756817044,0.66,0
51008,err2,0.0,3,0.9462406756817044,0.66,0
51008,err2,0.0,4,0.9462406756817044,0.66,0
51008,err2,0.0,5,0.9462406756817044,0.66,0
51008,err2,0.0,6,0.9462406756817044,0.66,0
51008,err2,0.0,7,0.9462406756817044,0.66,0
51008,err2,0.0,8,0.9462406756817044,0.66,0
51008,err2,0.0,9,0.9462406756817044,0.66,0
51008,err2,0.0,10,0.9462406756817044,0.66,0
51008,err2,0.0,11,0.9462406756817044,0.66,0
51008,err2,0.25,0,0.8446119772444014,0.5,12
51008,err2,0.25,1,0.8675583038466839,0.48,12
51008,err2,0.25,2,0.8523291315895182,0.4,12
51008,err2,0.25,3,0.8310063500166261,0.24,12
51008,err2,0.25,4,0.7887956560495659,0.36,12
51008,err2,0.25,5,0.8660076111297959,0.38,12
51008,err2,0.25,6,0.8038633958573687,0.32,12
51008,err2,0.25,7,0.8389002381307694,0.5,12
51008,err2,0.25,8,0.7989003568359857,0.26,12
51008,err2,0.25,9,0.8147378402952546,0.38,12
51008,err2,0.25,10,0.854950962696575,0.4,12
51008,err2,0.25,11,0.8216038161228463,0.36,12
51008,err2,0.5,0,0.6983964490005508,0.3,25
51008,err2,0.5,1,0.7037021393264778,0.24,25
51008,err2,0.5,2,0.7609066758048977,0.42,25
51008,err2,0.5,3,0.717349081771772,0.24,25
51008,err2,0.5,4,0.7445544212340045,0.26,25
51008,err2,0.5,5,0.4867829370326268,0.08,25
51008,err2,0.5,6,0.6660882264792848,0.18,25
51008,err2,0.5,7,0.5643146852697658,0.14,25
51008,err2,0.5,8,0.7562790026515445,0.34,25
51008,err2,0.5,9,0.7508898088461001,0.2,25
51008,err2,0.5,10,0.8312393500846007,0.3,25
51008,err2,0.5,11,0.6391846973396597,0.18,25
51008,err2,0.75,0,0.5049113674845974,0.12,38
51008,err2,0.75,1,0.36142656610112134,0.08,38
51008,err2,0.75,2,0.43067618418245557,0.02,38
51008,err2,0.75,3,0.5472965373759766,0.08,38
51008,err2,0.75,4,0.4578659552140435,0.08,38
51008,err2,0.75,5,0.5426348530949976,0.06,38
51008,err2,0.75,6,0.6874766302420496,0.12,38
51008,err2,0.75,7,0.5549812303483516,0.12,38
51008,err2,0.75,8,0.6048446252640997,0.14,38
51008,err2,0.75,9,0.5173279439851459,0.06,38
51008,err2,0.75,10,0.48617849780786043,0.1,38
51008,err2,0.75,11,0.5065947181315483,0.06,38
51008,err2,0.9,0,0.2465877922087914,0.02,45
51008,err2,0.9,1,0.3335083200508952,0.02,45
51008,err2,0.9,2,0.33590279736761564,0.04,45
51008,err2,0.9,3,0.38770088695363486,0.04,45
51008,err2,0.9,4,0.45319391808877313,0.1,45
51008,err2,0.9,5,0.3162857616811421,0.02,45
51008,err2,0.9,6,0.3676808903563715,0.02,45
51008,err2,0.9,7,0.4367412209081475,0.06,45
51008,err2,0.9,8,0.4397385109694032,0.08,45
51008,err2,0.9,9,0.42667971404493676,0.08,45
51008,err2,0.9,10,0.4450812595290556,0.04,45
51008,err2,0.9,11,0.3641006645777564,0.04,45
51009,base,0.0,0,0.8204764197587524,0.18,0
51009,base,0.0,1,0.8204764197587524,0.18,0
51009,base,0.0,2,0.8204764197587524,0.18,0
51009,base,0.0,3,0.8204764197587524,0.18,0
51009,base,0.0,4,0.8204764197587524,0.18,0
51009,base,0.0,5,0.8204764197587524,0.18,0
51009,base,0.0,6,0.8204764197587524,0.18,0
51009,base,0.0,7,0.8204764197587524,0.18,0
51009,base,0.0,8,0.8204764197587524,0.18,0
51009,base,0.0,9,0.8204764197587524,0.18,0
51009,base,0.0,10,0.8204764197587524,0.18,0
51009,base,0.0,11,0.8204764197587524,0.18,0
51009,base,0.25,0,0.8165793430036161,0.16,12
51009,base,0.25,1,0.7785654257035471,0.14,12
51009,base,0.25,2,0.8101911199553384,0.16,12
51009,base,0.25,3,0.8055708941662836,0.18,12
51009,base,0.25,4,0.789535290684852,0.1,12
51009,base,0.25,5,0.8304657667248495,0.18,12
51009,base,0.25,6,0.7965941171245211,0.16,12
51009,base,0.25,7,0.8123773026870955,0.18,12
51009,base,0.25,8,0.8071086136743653,0.14,12
51009,base,0.25,9,0.8338609202264784,0.18,12
51009,base,0.25,10,0.8066769393026657,0.14,12
51009,base,0.25,11,0.809569373713731,0.16,12
51009,base,0.5,0,0.6835277001366654,0.14,25
51009,base,0.5,1,0.7971166187466235,0.14,25
51009,base,0.5,2,0.7987169483046802,0.12,25
51009,base,0.5,3,0.8054637884523942,0.08,25
51009,base,0.5,4,0.8242191613118642,0.18,25
51009,base,0.5,5,0.7623498844174672,0.22,25
51009,base,0.5,6,0.7185434430908667,0.12,25
51009,base,0.5,7,0.8100240258826183,0.16,25
51009,base,0.5,8,0.7973319059412166,0.18,25
51009,base,0.5,9,0.8107751055152523,0.2,25
51009,base,0.5,10,0.809801597865005,0.14,25
51009,base,0.5,11,0.7916445401432352,0.16,25
51009,base,0.75,0,0.7429725763646683,0.08,38
51009,base,0.75,1,0.5789862745526533,0.06,38
51009,base,0.75,2,0.6489245937008836,0.08,38
51009,base,0.75,3,0.6013085789409331,0.08,38
51009,base,0.75,4,0.7597185312994666,0.1,38
51009,base,0.75,5,0.5157711478048848,0.02,38
51009,base,0.75,6,0.6048011894300813,0.1,38
51009,base,0.75,7,0.755922245441021,0.1,38
51009,base,0.75,8,0.5291610994178846,0.12,38
51009,base,0.75,9,0.7311293245471697,0.14,38
51009,base,0.75,10,0.6207585540699527,0.12,38
51009,base,0.75,11,0.7424299270655491,0.18,38
51009,base,0.9,0,0.6802055773946908,0.06,45
51009,base,0.9,1,0.28774222405060984,0.04,45
51009,base,0.9,2,0.44890581517169076,0.04,45
51009,base,0.9,3,0.7413586874632778,0.12,45
51009,base,0.9,4,0.5279297072946397,0.08,45
51009,base,0.9,5,0.38850938636733134,0.08,45
51009,base,0.9,6,0.49454057568539556,0.06,45
51009,base,0.9,7,0.2633546878202225,0.06,45
51009,base,0.9,8,0.5750449729895607,0.06,45
51009,base,0.9,9,0.2446358984644386,0.04,45
51009,base,0.9,10,0.442900046998493,0.04,45
51009,base,0.9,11,0.4485846600494893,0.04,45
51009,err2,0.0,0,0.9350287851440704,0.7,0
51009,err2,0.0,1,0.9350287851440704,0.7,0
51009,err2,0.0,2,0.9350287851440704,0.7,0
51009,err2,0.0,3,0.9350287851440704,0.7,0
51009,err2,0.0,4,0.9350287851440704,0.7,0
51009,err2,0.0,5,0.9350287851440704,0.7,0
51009,err2,0.0,6,0.9350287851440704,0.7,0
51009,err2,0.0,7,0.9350287851440704,0.7,0
51009,err2,0.0,8,0.9350287851440704,0.7,0
51009,err2,0.0,9,0.9350287851440704,0.7,0
51009,err2,0.0,10,0.9350287851440704,0.7,0
51009,err2,0.0,11,0.9350287851440704,0.7,0
51009,err2,0.25,0,0.8155082454971838,0.4,12
51009,err2,0.25,1,0.8239495893352828,0.44,12
51009,err2,0.25,2,0.8490126383954006,0.32,12
51009,err2,0.25,3,0.8815473151486524,0.48,12
51009,err2,0.25,4,0.850616060199731,0.44,12
51009,err2,0.25,5,0.8468697942587923,0.44,12
51009,err2,0.25,6,0.8628169476769401,0.42,12
51009,err2,0.25,7,0.7843708007414157,0.42,12
51009,err2,0.25,8,0.7092408886460108,0.28,12
51009,err2,0.25,9,0.8325113417971063,0.36,12
51009,err2,0.25,10,0.780595370561799,0.34,12
51009,err2,0.25,11,0.8496599364067308,0.28,12
51009,err2,0.5,0,0.6751773045435128,0.16,25
51009,err2,0.5,1,0.6577067001346716,0.22,25
51009,err2,0.5,2,0.6026676843546127,0.26,25
51009,err2,0.5,3,0.6533120580516304,0.24,25
51009,err2,0.5,4,0.8055609010716706,0.34,25
51009,err2,0.5,5,0.6354679581597565,0.14,25
51009,err2,0.5,6,0.7127625121884478,0.16,25
51009,err2,0.5,7,0.695602560700924,0.18,25
51009,err2,0.5,8,0.6129950881066187,0.14,25
51009,err2,0.5,9,0.7228300532863839,0.28,25
51009,err2,0.5,10,0.5633692306339111,0.22,25
51009,err2,0.5,11,0.6781101338604668,0.26,25
51009,err2,0.75,0,0.5168539402282086,0.08,38
51009,err2,0.75,1,0.32744007246676377,0.02,38
51009,err2,0.75,2,0.5777858358282857,0.08,38
51009,err2,0.75,3,0.49175434745344576,0.12,38
51009,err2,0.75,4,0.5748297269805381,0.08,38
51009,err2,0.75,5,0.4625423798670056,0.08,38
51009,err2,0.75,6,0.5607803402716283,0.12,38
51009,err2,0.75,7,0.4688489655502363,0.04,38
51009,err2,0.75,8,0.4041149726677118,0.06,38
51009,err2,0.75,9,0.456424771794135,0.06,38
51009,err2,0.75,10,0.49936892908309816,0.08,38
51009,err2,0.75,11,0.45231390070006383,0.12,38
51009,err2,0.9,0,0.3291310297108137,0.04,45
51009,err2,0.9,1,0.3732130475517449,0.06,45
51009,err2,0.9,2,0.48511603424474836,0.08,45
51009,err2,0.9,3,0.3407897369200132,0.04,45
51009,err2,0.9,4,0.4131289113746909,0.06,45
51009,err2,0.9,5,0.4029352355486803,0.06,45
51009,err2,0.9,6,0.3176270036272144,0.02,45
51009,err2,0.9,7,0.4826741025965402,0.06,45
51009,err2,0.9,8,0.2885986099542498,0.0,45
51009,err2,0.9,9,0.30246421311016536,0.02,45
51009,err2,0.9,10,0.3753734294935411,0.06,45
51009,err2,0.9,11,0.28762505540201017,0.02,45
51010,base,0.0,0,0.8710396273569504,0.22,0
51010,base,0.0,1,0.8710396273569504,0.22,0
51010,base,0.0,2,0.8710396273569504,0.22,0
51010,base,0.0,3,0.8710396273569504,0.22,0
51010,base,0.0,4,0.8710396273569504,0.22,0
51010,base,0.0,5,0.8710396273569504,0.22,0
51010,base,0.0,6,0.8710396273569504,0.22,0
51010,base,0.0,7,0.8710396273569504,0.22,0
51010,base,0.0,8,0.8710396273569504,0.22,0
51010,base,0.0,9,0.8710396273569504,0.22,0
51010,base,0.0,10,0.8710396273569504,0.22,0
51010,base,0.0,11,0.8710396273569504,0.22,0
51010,base,0.25,0,0.867015935326172,0.12,12
51010,base,0.25,1,0.8664319717514146,0.12,12
51010,base,0.25,2,0.8496714296322427,0.16,12
51010,base,0.25,3,0.857255087340522,0.2,12
51010,base,0.25,4,0.8543944430891323,0.16,12
51010,base,0.25,5,0.8307241738117659,0.08,12
51010,base,0.25,6,0.8210033017461886,0.16,12
51010,base,0.25,7,0.8479445887687055,0.16,12
51010,base,0.25,8,0.8399434229721995,0.1,12
51010,base,0.25,9,0.8266752039470429,0.06,12
51010,base,0.25,10,0.8490289009253825,0.16,12
51010,base,0.25,11,0.8533690340913163,0.12,12
51010,base,0.5,0,0.8544149450692845,0.14,25
51010,base,0.5,1,0.8505874245386029,0.2,25
51010,base,0.5,2,0.8501079409197255,0.16,25
51010,base,0.5,3,0.8206996354002948,0.12,25
51010,base,0.5,4,0.8371679341676771,0.1,25
51010,base,0.5,5,0.8392056072263666,0.1,25
51010,base,0.5,6,0.8548258513539357,0.22,25
51010,base,0.5,7,0.8179344349502631,0.2,25
51010,base,0.5,8,0.8087173964962673,0.18,25
51010,base,0.5,9,0.8379955395967655,0.14,25
51010,base,0.5,10,0.8030729226467415,0.12,25
51010,base,0.5,11,0.8194731082642146,0.18,25
51010,base,0.75,0,0.7298172453024884,0.1,38
51010,base,0.75,1,0.7754453344500893,0.14,38
51010,base,0.75,2,0.7977674735328669,0.08,38
51010,base,0.75,3,0.7040503988889335,0.06,38
51010,base,0.75,4,0.7140101125878883,0.12,38
51010,base,0.75,5,0.8173821290291485,0.1,38
51010,base,0.75,6,0.7364060015818512,0.08,38
51010,base,0.75,7,0.6691277677725458,0.08,38
51010,base,0.75,8,0.7675212365088241,0.12,38
51010,base,0.75,9,0.7509651259607173,0.06,38
51010,base,0.75,10,0.6185281783802999,0.08,38
51010,base,0.75,11,0.5698282676544879,0.04,38
51010,base,0.9,0,0.4386977200942938,0.04,45
51010,base,0.9,1,0.2861893825473101,0.02,45
51010,base,0.9,2,0.5624886748144966,0.06,45
51010,base,0.9,3,0.7530005039984742,0.1,45
51010,base,0.9,4,0.42692803984624844,0.02,45
51010,base,0.9,5,0.6922204973748748,0.1,45
51010,base,0.9,6,0.6101844112839209,0.08,45
51010,base,0.9,7,0.5395296801165215,0.06,45
51010,base,0.9,8,0.7160198120623004,0.06,45
51010,base,0.9,9,0.29999766339670214,0.02,45
51010,base,0.9,10,0.6226010737171797,0.08,45
51010,base,0.9,11,0.5093448648431681,0.06,45
51010,err2,0.0,0,0.9599466499437819,0.78,0
51010,err2,0.0,1,0.9599466499437819,0.78,0
51010,err2,0.0,2,0.9599466499437819,0.78,0
51010,err2,0.0,3,0.9599466499437819,0.78,0
51010,err2,0.0,4,0.9599466499437819,0.78,0
51010,err2,0.0,5,0.9599466499437819,0.78,0
51010,err2,0.0,6,0.9599466499437819,0.78,0
51010,err2,0.0,7,0.9599466499437819,0.78,0
51010,err2,0.0,8,0.9599466499437819,0.78,0
51010,err2,0.0,9,0.9599466499437819,0.78,0
51010,err2,0.0,10,0.9599466499437819,0.78,0
51010,err2,0.0,11,0.9599466499437819,0.78,0
51010,err2,0.25,0,0.7969634118562096,0.42,12
51010,err2,0.25,1,0.8035261367043601,0.3,12
51010,err2,0.25,2,0.8759091831670333,0.38,12
51010,err2,0.25,3,0.8582888670211181,0.26,12
51010,err2,0.25,4,0.797997441446425,0.32,12
51010,err2,0.25,5,0.8182659349554853,0.34,12
51010,err2,0.25,6,0.8583007208366786,0.32,12
51010,err2,0.25,7,0.7517298500090388,0.26,12
51010,err2,0.25,8,0.8342222936135778,0.32,12
51010,err2,0.25,9,0.8218515777402401,0.3,12
51010,err2,0.25,10,0.7652773701564054,0.32,12
51010,err2,0.25,11,0.6753594856468762,0.34,12
51010,err2,0.5,0,0.6344786870868121,0.2,25
51010,err2,0.5,1,0.7445882068920507,0.2,25
51010,err2,0.5,2,0.6080772478748304,0.18,25
51010,err2,0.5,3,0.7857517210790906,0.16,25
51010,err2,0.5,4,0.6174137077593592,0.18,25
51010,err2,0.5,5,0.7099120025316031,0.34,25
51010,err2,0.5,6,0.6657273879273947,0.16,25
51010,err2,0.5,7,0.6666758541539579,0.16,25
51010,err2,0.5,8,0.6164135228912774,0.14,25
51010,err2,0.5,9,0.5136371834406304,0.14,25
51010,err2,0.5,10,0.6169818566906717,0.22,25
51010,err2,0.5,11,0.596266479260005,0.12,25
51010,err2,0.75,0,0.5177159250740075,0.06,38
51010,err2,0.75,1,0.532665237866144,0.08,38
51010,err2,0.75,2,0.46346315993815407,0.06,38
51010,err2,0.75,3,0.5231877080373784,0.04,38
51010,err2,0.75,4,0.4545639320237918,0.08,38
51010,err2,0.75,5,0.4596382062094574,0.06,38
51010,err2,0.75,6,0.5392763933458146,0.08,38
51010,err2,0.75,7,0.4376657353313086,0.08,38
51010,err2,0.75,8,0.5514345255034745,0.06,38
51010,err2,0.75,9,0.4945517528184871,0.12,38
51010,err2,0.75,10,0.46158531175593337,0.08,38
51010,err2,0.75,11,0.46034238853494586,0.06,38
51010,err2,0.9,0,0.3502670532610835,0.02,45
51010,err2,0.9,1,0.41473208905972725,0.06,45
51010,err2,0.9,2,0.4073050006062085,0.04,45
51010,err2,0.9,3,0.36964620550538513,0.0,45
51010,err2,0.9,4,0.37797715344784655,0.06,45
51010,err2,0.9,5,0.3594485099592823,0.06,45
51010,err2,0.9,6,0.41752319219012146,0.06,45
51010,err2,0.9,7,0.36826665577798046,0.06,45
51010,err2,0.9,8,0.30952075878507734,0.0,45
51010,err2,0.9,9,0.32270573017550985,0.02,45
51010,err2,0.9,10,0.3587517699785026,0.02,45
51010,err2,0.9,11,0.41824030367389964,0.04,45
51011,base,0.0,0,0.8422893847931899,0.22,0
51011,base,0.0,1,0.8422893847931899,0.22,0
51011,base,0.0,2,0.8422893847931899,0.22,0
51011,base,0.0,3,0.8422893847931899,0.22,0
51011,base,0.0,4,0.8422893847931899,0.22,0
51011,base,0.0,5,0.8422893847931899,0.22,0
51011,base,0.0,6,0.8422893847931899,0.22,0
51011,base,0.0,7,0.8422893847931899,0.22,0
51011,base,0.0,8,0.8422893847931899,0.22,0
51011,base,0.0,9,0.8422893847931899,0.22,0
51011,base,0.0,10,0.8422893847931899,0.22,0
51011,base,0.0,11,0.8422893847931899,0.22,0
51011,base,0.25,0,0.8429416152277177,0.24,12
51011,base,0.25,1,0.7825236574577528,0.14,12
51011,base,0.25,2,0.834517532330956,0.12,12
51011,base,0.25,3,0.8434640899363444,0.26,12
51011,base,0.25,4,0.8346830909201767,0.12,12
51011,base,0.25,5,0.832491797178028,0.16,12
51011,base,0.25,6,0.841718592634272,0.12,12
51011,base,0.25,7,0.7923267925536781,0.14,12
51011,base,0.25,8,0.8359727917840517,0.12,12
51011,base,0.25,9,0.8402119810791331,0.18,12
51011,base,0.25,10,0.835990636719891,0.14,12
51011,base,0.25,11,0.7987980992512849,0.18,12
51011,base,0.5,0,0.8065528013558645,0.16,25
51011,base,0.5,1,0.7430691945657428,0.1,25
51011,base,0.5,2,0.7463798077777567,0.14,25
51011,base,0.5,3,0.7629538915914,0.12,25
51011,base,0.5,4,0.8328465257259569,0.14,25
51011,base,0.5,5,0.8107919750506524,0.18,25
51011,base,0.5,6,0.6710669252996881,0.06,25
51011,base,0.5,7,0.8023665068614592,0.2,25
51011,base,0.5,8,0.8368571081355775,0.2,25
51011,base,0.5,9,0.8088242162905587,0.1,25
51011,base,0.5,10,0.7642152094944568,0.12,25
51011,base,0.5,11,0.7920746252640284,0.14,25
51011,base,0.75,0,0.7624859380024617,0.06,38
51011,base,0.75,1,0.766654717932935,0.06,38
51011,base,0.75,2,0.6849611160266851,0.06,38
51011,base,0.75,3,0.5623844754808378,0.08,38
51011,base,0.75,4,0.7957376311036438,0.12,38
51011,base,0.75,5,0.7130017992526105,0.08,38
51011,base,0.75,6,0.7720422920227279,0.14,38
51011,base,0.75,7,0.5439295906416095,0.06,38
51011,base,0.75,8,0.7378918881658753,0.08,38
51011,base,0.75,9,0.7036610019980895,0.08,38
51011,base,0.75,10,0.6936601436723275,0.06,38
51011,base,0.75,11,0.7756068998257531,0.06,38
51011,base,0.9,0,0.550386439346919,0.04,45
51011,base,0.9,1,0.5989065336749898,0.06,45
51011,base,0.9,2,0.647578801548298,0.1,45
51011,base,0.9,3,0.5666147805676096,0.08,45
51011,base,0.9,4,0.7018770828645216,0.12,45
51011,base,0.9,5,0.5699016666211643,0.08,45
51011,base,0.9,6,0.4902462201279058,0.02,45
51011,base,0.9,7,0.6013719987330074,0.06,45
51011,base,0.9,8,0.6239560983843842,0.04,45
51011,base,0.9,9,0.7035012832616329,0.08,45
51011,base,0.9,10,0.5241159957141233,0.04,45
51011,base,0.9,11,0.6805425637968188,0.06,45
51011,err2,0.0,0,0.9277180471018162,0.6,0
51011,err2,0.0,1,0.9277180471018162,0.6,0
51011,err2,0.0,2,0.9277180471018162,0.6,0
51011,err2,0.0,3,0.9277180471018162,0.6,0
51011,err2,0.0,4,0.9277180471018162,0.6,0
51011,err2,0.0,5,0.9277180471018162,0.6,0
51011,err2,0.0,6,0.9277180471018162,0.6,0
51011,err2,0.0,7,0.9277180471018162,0.6,0
51011,err2,0.0,8,0.9277180471018162,0.6,0
51011,err2,0.0,9,0.9277180471018162,0.6,0
51011,err2,0.0,10,0.9277180471018162,0.6,0
51011,err2,0.0,11,0.9277180471018162,0.6,0
51011,err2,0.25,0,0.8604564451015259,0.4,12
51011,err2,0.25,1,0.7560616447172308,0.34,12
51011,err2,0.25,2,0.8835304553508118,0.36,12
51011,err2,0.25,3,0.8104439000377684,0.38,12
51011,err2,0.25,4,0.8478588443184515,0.54,12
51011,err2,0.25,5,0.7781028432841782,0.38,12
51011,err2,0.25,6,0.7290127589858048,0.24,12
51011,err2,0.25,7,0.8682581937151597,0.32,12
51011,err2,0.25,8,0.8601646153997257,0.34,12
51011,err2,0.25,9,0.7716185626878773,0.4,12
51011,err2,0.25,10,0.8252104698407365,0.26,12
51011,err2,0.25,11,0.7355102049779866,0.3,12
51011,err2,0.5,0,0.6875599385587808,0.18,25
51011,err2,0.5,1,0.6682648759811569,0.18,25
51011,err2,0.5,2,0.643246974212423,0.14,25
51011,err2,0.5,3,0.6175781167554163,0.2,25
51011,err2,0.5,4,0.7228903213504762,0.22,25
51011,err2,0.5,5,0.6039523628395534,0.22,25
51011,err2,0.5,6,0.616220716389765,0.2,25
51011,err2,0.5,7,0.6006769410726317,0.08,25
51011,err2,0.5,8,0.5919059217673684,0.16,25
51011,err2,0.5,9,0.7033394801627928,0.24,25
51011,err2,0.5,10,0.7036702552188475,0.2,25
51011,err2,0.5,11,0.5643926324366508,0.22,25
51011,err2,0.75,0,0.5688246897058129,0.12,38
51011,err2,0.75,1,0.5553991292631989,0.06,38
51011,err2,0.75,2,0.638495057244742,0.22,38
51011,err2,0.75,3,0.43561137015882884,0.12,38
51011,err2,0.75,4,0.6336573140892245,0.12,38
51011,err2,0.75,5,0.4236426301023329,0.08,38
51011,err2,0.75,6,0.5263499658456317,0.08,38
51011,err2,0.75,7,0.429164244906065,0.1,38
51011,err2,0.75,8,0.40707789128953226,0.06,38
51011,err2,0.75,9,0.49930801070757397,0.14,38
51011,err2,0.75,10,0.4071444424487282,0.02,38
51011,err2,0.75,11,0.4747363871924042,0.06,38
51011,err2,0.9,0,0.4197254168578409,0.08,45
51011,err2,0.9,1,0.34212662185033393,0.06,45
51011,err2,0.9,2,0.33901196831765446,0.0,45
51011,err2,0.9,3,0.27691132291062104,0.02,45
51011,err2,0.9,4,0.432854814705148,0.08,45
51011,err2,0.9,5,0.4728344469505737,0.08,45
51011,err2,0.9,6,0.4169688247215186,0.04,45
51011,err2,0.9,7,0.18447442286738405,0.0,45
51011,err2,0.9,8,0.30140692794390633,0.02,45
51011,err2,0.9,9,0.3865948585700674,0.02,45
51011,err2,0.9,10,0.5419747354755426,0.04,45
51011,err2,0.9,11,0.37858698425715465,0.06,45
51012,base,0.0,0,0.8616234543396777,0.16,0
51012,base,0.0,1,0.8616234543396777,0.16,0
51012,base,0.0,2,0.8616234543396777,0.16,0
51012,base,0.0,3,0.8616234543396777,0.16,0
51012,base,0.0,4,0.8616234543396777,0.16,0
51012,base,0.0,5,0.8616234543396777,0.16,0
51012,base,0.0,6,0.8616234543396777,0.16,0
51012,base,0.0,7,0.8616234543396777,0.16,0
51012,base,0.0,8,0.8616234543396777,0.16,0
51012,base,0.0,9,0.8616234543396777,0.16,0
51012,base,0.0,10,0.8616234543396777,0.16,0
51012,base,0.0,11,0.8616234543396777,0.16,0
51012,base,0.25,0,0.8506375206125278,0.14,12
51012,base,0.25,1,0.833771568601682,0.12,12
51012,base,0.25,2,0.813965507419676,0.18,12
51012,base,0.25,3,0.8405771294102276,0.12,12
51012,base,0.25,4,0.8296641150222058,0.14,12
51012,base,0.25,5,0.8342302590530708,0.12,12
51012,base,0.25,6,0.8463439354261546,0.26,12
51012,base,0.25,7,0.8121124594822089,0.12,12
51012,base,0.25,8,0.8246431840466485,0.1,12
51012,base,0.25,9,0.8336200734653656,0.14,12
51012,base,0.25,10,0.8484681713858356,0.22,12
51012,base,0.25,11,0.861161635319544,0.18,12
51012,base,0.5,0,0.8187793533748876,0.06,25
51012,base,0.5,1,0.7934092236005518,0.14,25
51012,base,0.5,2,0.8046859936572524,0.18,25
51012,base,0.5,3,0.8226577381720986,0.12,25
51012,base,0.5,4,0.7810604655006504,0.12,25
51012,base,0.5,5,0.6837858661173712,0.14,25
51012,base,0.5,6,0.7906541665230543,0.12,25
51012,base,0.5,7,0.7549815345504696,0.16,25
51012,base,0.5,8,0.7586861237829203,0.08,25
51012,base,0.5,9,0.8048098268638978,0.16,25
51012,base,0.5,10,0.796679078597098,0.12,25
51012,base,0.5,11,0.8288307122467069,0.16,25
51012,base,0.75,0,0.798400552568204,0.1,38
51012,base,0.75,1,0.5661636429666306,0.1,38
51012,base,0.75,2,0.7217316192260381,0.12,38
51012,base,0.75,3,0.5890456519915042,0.08,38
51012,base,0.75,4,0.38594628201460357,0.06,38
51012,base,0.75,5,0.6579917043513008,0.06,38
51012,base,0.75,6,0.6253361187636165,0.12,38
51012,base,0.75,7,0.7128977395321152,0.08,38
51012,base,0.75,8,0.5690600071695696,0.06,38
51012,base,0.75,9,0.6910943036757564,0.08,38
51012,base,0.75,10,0.7542864694665138,0.08,38
51012,base,0.75,11,0.7796352447566447,0.16,38
51012,base,0.9,0,0.48351273239928216,0.04,45
51012,base,0.9,1,0.3543083160816031,0.04,45
51012,base,0.9,2,0.48190550599402715,0.04,45
51012,base,0.9,3,0.5707344064823199,0.04,45
51012,base,0.9,4,0.4334134256641376,0.04,45
51012,base,0.9,5,0.570747534824017,0.04,45
51012,base,0.9,6,0.29193397562575185,0.02,45
51012,base,0.9,7,0.42373006766675664,0.04,45
51012,base,0.9,8,0.4921910659240653,0.06,45
51012,base,0.9,9,0.5414257629297168,0.06,45
51012,base,0.9,10,0.4925319436158853,0.06,45
51012,base,0.9,11,0.7527739379187104,0.06,45
51012,err2,0.0,0,0.9493762984600548,0.66,0
51012,err2,0.0,1,0.9493762984600548,0.66,0
51012,err2,0.0,2,0.9493762984600548,0.66,0
51012,err2,0.0,3,0.9493762984600548,0.66,0
51012,err2,0.0,4,0.9493762984600548,0.66,0
51012,err2,0.0,5,0.9493762984600548,0.66,0
51012,err2,0.0,6,0.9493762984600548,0.66,0
51012,err2,0.0,7,0.9493762984600548,0.66,0
51012,err2,0.0,8,0.9493762984600548,0.66,0
51012,err2,0.0,9,0.9493762984600548,0.66,0
51012,err2,0.0,10,0.9493762984600548,0.66,0
51012,err2,0.0,11,0.9493762984600548,0.66,0
51012,err2,0.25,0,0.8184948937579775,0.4,12
51012,err2,0.25,1,0.7745208639378486,0.26,12
51012,err2,0.25,2,0.818272128544686,0.22,12
51012,err2,0.25,3,0.7150400205533965,0.32,12
51012,err2,0.25,4,0.8284000032340708,0.32,12
51012,err2,0.25,5,0.7918681524636513,0.28,12
51012,err2,0.25,6,0.8376388346177949,0.28,12
51012,err2,0.25,7,0.6903255348624157,0.26,12
51012,err2,0.25,8,0.8538597828324146,0.34,12
51012,err2,0.25,9,0.8117404811959184,0.34,12
51012,err2,0.25,10,0.8405541112526338,0.36,12
51012,err2,0.25,11,0.8300582073528824,0.4,12
51012,err2,0.5,0,0.693427063120164,0.16,25
51012,err2,0.5,1,0.6381795721991024,0.14,25
51012,err2,0.5,2,0.6203203198961394,0.24,25
51012,err2,0.5,3,0.582276865203767,0.16,25
51012,err2,0.5,4,0.7570508326938953,0.24,25
51012,err2,0.5,5,0.5110443811484404,0.12,25
51012,err2,0.5,6,0.6436424295644635,0.12,25
51012,err2,0.5,7,0.7272253678765562,0.08,25
51012,err2,0.5,8,0.6199503009358301,0.1,25
51012,err2,0.5,9,0.6209747098329558,0.22,25
51012,err2,0.5,10,0.6520938484784005,0.24,25
51012,err2,0.5,11,0.6607213956611585,0.16,25
51012,err2,0.75,0,0.648905316140458,0.2,38
51012,err2,0.75,1,0.5197802243933608,0.04,38
51012,err2,0.75,2,0.46995893481836026,0.08,38
51012,err2,0.75,3,0.5693959238579771,0.08,38
51012,err2,0.75,4,0.5596317505046148,0.12,38
51012,err2,0.75,5,0.4343457612414966,0.08,38
51012,err2,0.75,6,0.5109591168883925,0.06,38
51012,err2,0.75,7,0.5285439136249679,0.08,38
51012,err2,0.75,8,0.5089480290204255,0.06,38
51012,err2,0.75,9,0.6051325200691984,0.12,38
51012,err2,0.75,10,0.5368814325092508,0.08,38
51012,err2,0.75,11,0.4653327778768692,0.12,38
51012,err2,0.9,0,0.42711666337615833,0.06,45
51012,err2,0.9,1,0.4374667513400119,0.08,45
51012,err2,0.9,2,0.35901846791438613,0.06,45
51012,err2,0.9,3,0.37899033612020055,0.06,45
51012,err2,0.9,4,0.37007752246757797,0.06,45
51012,err2,0.9,5,0.3423462146625304,0.04,45
51012,err2,0.9,6,0.36133161218934534,0.04,45
51012,err2,0.9,7,0.38203078187305556,0.06,45
51012,err2,0.9,8,0.45443817272238524,0.08,45
51012,err2,0.9,9,0.33516793808587975,0.04,45
51012,err2,0.9,10,0.2979295986979677,0.04,45
51012,err2,0.9,11,0.38675340203985004,0.02,45
51013,base,0.0,0,0.8663889655406,0.22,0
51013,base,0.0,1,0.8663889655406,0.22,0
51013,base,0.0,2,0.8663889655406,0.22,0
51013,base,0.0,3,0.8663889655406,0.22,0
51013,base,0.0,4,0.8663889655406,0.22,0
51013,base,0.0,5,0.8663889655406,0.22,0
51013,base,0.0,6,0.8663889655406,0.22,0
51013,base,0.0,7,0.8663889655406,0.22,0
51013,base,0.0,8,0.8663889655406,0.22,0
51013,base,0.0,9,0.8663889655406,0.22,0
51013,base,0.0,10,0.8663889655406,0.22,0
51013,base,0.0,11,0.8663889655406,0.22,0
51013,base,0.25,0,0.8574733392811157,0.2,12
51013,base,0.25,1,0.834658949697954,0.12,12
51013,base,0.25,2,0.8640849481675249,0.22,12
51013,base,0.25,3,0.8425734911912741,0.2,12
51013,base,0.25,4,0.8183874762424311,0.14,12
51013,base,0.25,5,0.7932268296062398,0.16,12
51013,base,0.25,6,0.8560456346412237,0.18,12
51013,base,0.25,7,0.8440698067981605,0.2,12
51013,base,0.25,8,0.8444061662847108,0.26,12
51013,base,0.25,9,0.8557239088581836,0.24,12
51013,base,0.25,10,0.8570646443440405,0.18,12
51013,base,0.25,11,0.8509555880091623,0.24,12
51013,base,0.5,0,0.8199080534438646,0.14,25
51013,base,0.5,1,0.801788262379601,0.18,25
51013,base,0.5,2,0.6830897302157206,0.1,25
51013,base,0.5,3,0.7997393311219352,0.14,25
51013,base,0.5,4,0.7003738612801702,0.1,25
51013,base,0.5,5,0.8036564713908217,0.18,25
51013,base,0.5,6,0.7923580120962641,0.12,25
51013,base,0.5,7,0.8090672990155118,0.12,25
51013,base,0.5,8,0.7817286059232599,0.14,25
51013,base,0.5,9,0.822437138440197,0.1,25
51013,base,0.5,10,0.8040728587572569,0.14,25
51013,base,0.5,11,0.8298486429704112,0.16,25
51013,base,0.75,0,0.7829959912141027,0.08,38
51013,base,0.75,1,0.5552239893407254,0.1,38
51013,base,0.75,2,0.5962164922505495,0.06,38
51013,base,0.75,3,0.6625510545466685,0.08,38
51013,base,0.75,4,0.5705997325552888,0.06,38
51013,base,0.75,5,0.7876346446896539,0.1,38
51013,base,0.75,6,0.7228431038305263,0.1,38
51013,base,0.75,7,0.592249986167913,0.04,38
51013,base,0.75,8,0.6368525690692732,0.14,38
51013,base,0.75,9,0.6555953305842237,0.08,38
51013,base,0.75,10,0.7944447601730199,0.12,38
51013,base,0.75,11,0.8159093350533179,0.12,38
51013,base,0.9,0,0.44315498132096937,0.06,45
51013,base,0.9,1,0.5797067189855877,0.06,45
51013,base,0.9,2,0.4194022420326018,0.06,45
51013,base,0.9,3,0.5771550137022134,0.06,45
51013,base,0.9,4,0.5365903339447238,0.08,45
51013,base,0.9,5,0.5099959822020527,0.06,45
51013,base,0.9,6,0.3428818463043579,0.02,45
51013,base,0.9,7,0.536449061424732,0.04,45
51013,base,0.9,8,0.4607572457521167,0.06,45
51013,base,0.9,9,0.4061935957056134,0.04,45
51013,base,0.9,10,0.6731598976794448,0.06,45
51013,base,0.9,11,0.7156156104242208,0.1,45
51013,err2,0.0,0,0.9421200330326104,0.56,0
51013,err2,0.0,1,0.9421200330326104,0.56,0
51013,err2,0.0,2,0.9421200330326104,0.56,0
51013,err2,0.0,3,0.9421200330326104,0.56,0
51013,err2,0.0,4,0.9421200330326104,0.56,0
51013,err2,0.0,5,0.9421200330326104,0.56,0
51013,err2,0.0,6,0.9421200330326104,0.56,0
51013,err2,0.0,7,0.9421200330326104,0.56,0
51013,err2,0.0,8,0.9421200330326104,0.56,0
51013,err2,0.0,9,0.9421200330326104,0.56,0
51013,err2,0.0,10,0.9421200330326104,0.56,0
51013,err2,0.0,11,0.9421200330326104,0.56,0
51013,err2,0.25,0,0.8977507976328843,0.3,12
51013,err2,0.25,1,0.8783893951274792,0.26,12
51013,err2,0.25,2,0.8856605635847896,0.4,12
51013,err2,0.25,3,0.8682384359549036,0.5,12
51013,err2,0.25,4,0.7583387890545344,0.44,12
51013,err2,0.25,5,0.8179867685267455,0.26,12
51013,err2,0.25,6,0.8497663722561338,0.4,12
51013,err2,0.25,7,0.7141373796058939,0.28,12
51013,err2,0.25,8,0.8465093685709192,0.3,12
51013,err2,0.25,9,0.8314403310681583,0.38,12
51013,err2,0.25,10,0.8021154341253657,0.32,12
51013,err2,0.25,11,0.7870648672108189,0.34,12
51013,err2,0.5,0,0.7442730992669422,0.24,25
51013,err2,0.5,1,0.7606017481214694,0.34,25
51013,err2,0.5,2,0.7541327297963175,0.14,25
51013,err2,0.5,3,0.781905803998493,0.2,25
51013,err2,0.5,4,0.7039731481038192,0.26,25
51013,err2,0.5,5,0.6438335578904703,0.2,25
51013,err2,0.5,6,0.6387321636842944,0.12,25
51013,err2,0.5,7,0.6957805528136638,0.24,25
51013,err2,0.5,8,0.771301349723329,0.24,25
51013,err2,0.5,9,0.7518931681272732,0.16,25
51013,err2,0.5,10,0.6686113800905014,0.26,25
51013,err2,0.5,11,0.6450887076111371,0.2,25
51013,err2,0.75,0,0.656386895870849,0.14,38
51013,err2,0.75,1,0.5240408206607371,0.1,38
51013,err2,0.75,2,0.6136868652645675,0.08,38
51013,err2,0.75,3,0.6331999373824934,0.12,38
51013,err2,0.75,4,0.7199517107684973,0.18,38
51013,err2,0.75,5,0.6516613554453522,0.12,38
51013,err2,0.75,6,0.4658585405199276,0.12,38
51013,err2,0.75,7,0.5447719093131318,0.12,38
51013,err2,0.75,8,0.510621290218724,0.14,38
51013,err2,0.75,9,0.5594000253672045,0.06,38
51013,err2,0.75,10,0.5245865736939614,0.1,38
51013,err2,0.75,11,0.5664907453607814,0.08,38
51013,err2,0.9,0,0.4666673645398179,0.08,45
51013,err2,0.9,1,0.47495443714070945,0.06,45
51013,err2,0.9,2,0.5074698433902337,0.06,45
51013,err2,0.9,3,0.43808163957730556,0.06,45
51013,err2,0.9,4,0.37120807857886284,0.06,45
51013,err2,0.9,5,0.3290896580928105,0.04,45
51013,err2,0.9,6,0.4158553055836963,0.06,45
51013,err2,0.9,7,0.4485862624903596,0.06,45
51013,err2,0.9,8,0.44344259501342626,0.06,45
51013,err2,0.9,9,0.3081260748193254,0.02,45
51013,err2,0.9,10,0.5006082310621986,0.06,45
51013,err2,0.9,11,0.3416195677898267,0.04,45
51014,base,0.0,0,0.8754027173632656,0.18,0
51014,base,0.0,1,0.8754027173632656,0.18,0
51014,base,0.0,2,0.8754027173632656,0.18,0
51014,base,0.0,3,0.8754027173632656,0.18,0
51014,base,0.0,4,0.8754027173632656,0.18,0
51014,base,0.0,5,0.8754027173632656,0.18,0
51014,base,0.0,6,0.8754027173632656,0.18,0
51014,base,0.0,7,0.8754027173632656,0.18,0
51014,base,0.0,8,0.8754027173632656,0.18,0
51014,base,0.0,9,0.8754027173632656,0.18,0
51014,base,0.0,10,0.8754027173632656,0.18,0
51014,base,0.0,11,0.8754027173632656,0.18,0
51014,base,0.25,0,0.8468059178775985,0.2,12
51014,base,0.25,1,0.8563547994670003,0.16,12
51014,base,0.25,2,0.8083323597379067,0.06,12
51014,base,0.25,3,0.8348613520378396,0.18,12
51014,base,0.25,4,0.8521268547414687,0.14,12
51014,base,0.25,5,0.8587971321841366,0.22,12
51014,base,0.25,6,0.87659516472847,0.14,12
51014,base,0.25,7,0.8741605482400844,0.16,12
51014,base,0.25,8,0.8586916167614489,0.14,12
51014,base,0.25,9,0.8248628682923476,0.2,12
51014,base,0.25,10,0.8639615192394804,0.16,12
51014,base,0.25,11,0.8649589607055763,0.16,12
51014,base,0.5,0,0.6301861958605506,0.06,25
51014,base,0.5,1,0.7727577478217782,0.06,25
51014,base,0.5,2,0.8169248626268177,0.1,25
51014,base,0.5,3,0.7882886471256113,0.14,25
51014,base,0.5,4,0.8052646474784723,0.1,25
51014,base,0.5,5,0.8214877263763745,0.12,25
51014,base,0.5,6,0.7914784219728801,0.08,25
51014,base,0.5,7,0.8477309525025895,0.1,25
51014,base,0.5,8,0.8067950655032793,0.1,25
51014,base,0.5,9,0.8073477837644137,0.16,25
51014,base,0.5,10,0.7028621781973865,0.08,25
51014,base,0.5,11,0.7361886906857531,0.1,25
51014,base,0.75,0,0.7525011883510005,0.06,38
51014,base,0.75,1,0.7332573773367256,0.06,38
51014,base,0.75,2,0.5955464230952827,0.06,38
51014,base,0.75,3,0.6814741677698293,0.08,38
51014,base,0.75,4,0.6988594995763383,0.1,38
51014,base,0.75,5,0.5571267225442893,0.08,38
51014,base,0.75,6,0.6035247133620201,0.06,38
51014,base,0.75,7,0.7751133086019131,0.1,38
51014,base,0.75,8,0.6258445352837334,0.06,38
51014,base,0.75,9,0.6208492124125558,0.06,38
51014,base,0.75,10,0.39725090542509167,0.04,38
51014,base,0.75,11,0.7089293931368086,0.08,38
51014,base,0.9,0,0.5425968499742276,0.1,45
51014,base,0.9,1,0.3675313358673197,0.06,45
51014,base,0.9,2,0.44535925506459617,0.04,45
51014,base,0.9,3,0.6310878454026048,0.06,45
51014,base,0.9,4,0.42904096421450333,0.04,45
51014,base,0.9,5,0.5013665062759778,0.04,45
51014,base,0.9,6,0.33990662007029626,0.04,45
51014,base,0.9,7,0.5024249625021655,0.04,45
51014,base,0.9,8,0.4318521458568527,0.04,45
51014,base,0.9,9,0.6789726488736889,0.06,45
51014,base,0.9,10,0.41810918664101493,0.04,45
51014,base,0.9,11,0.3320047588479094,0.02,45
51014,err2,0.0,0,0.9574719526113153,0.72,0
51014,err2,0.0,1,0.9574719526113153,0.72,0
51014,err2,0.0,2,0.9574719526113153,0.72,0
51014,err2,0.0,3,0.9574719526113153,0.72,0
51014,err2,0.0,4,0.9574719526113153,0.72,0
51014,err2,0.0,5,0.9574719526113153,0.72,0
51014,err2,0.0,6,0.9574719526113153,0.72,0
51014,err2,0.0,7,0.9574719526113153,0.72,0
51014,err2,0.0,8,0.9574719526113153,0.72,0
51014,err2,0.0,9,0.9574719526113153,0.72,0
51014,err2,0.0,10,0.9574719526113153,0.72,0
51014,err2,0.0,11,0.9574719526113153,0.72,0
51014,err2,0.25,0,0.8840337434038642,0.42,12
51014,err2,0.25,1,0.8190841627584924,0.3,12
51014,err2,0.25,2,0.8590790638804487,0.36,12
51014,err2,0.25,3,0.8371388083557726,0.48,12
51014,err2,0.25,4,0.8583621404157058,0.3,12
51014,err2,0.25,5,0.8270519653558543,0.44,12
51014,err2,0.25,6,0.8522051993926811,0.36,12
51014,err2,0.25,7,0.8137427348735545,0.22,12
51014,err2,0.25,8,0.8574915707561241,0.44,12
51014,err2,0.25,9,0.8640410750955761,0.44,12
51014,err2,0.25,10,0.8648441525056346,0.32,12
51014,err2,0.25,11,0.8058292109532939,0.34,12
51014,err2,0.5,0,0.703608675730202,0.18,25
51014,err2,0.5,1,0.6824275232357568,0.16,25
51014,err2,0.5,2,0.7379688868879208,0.2,25
51014,err2,0.5,3,0.7913332378692415,0.16,25
51014,err2,0.5,4,0.7448222312366708,0.24,25
51014,err2,0.5,5,0.7152599829903791,0.22,25
51014,err2,0.5,6,0.6113390920253956,0.28,25
51014,err2,0.5,7,0.74344415916329,0.28,25
51014,err2,0.5,8,0.7577430427859779,0.26,25
51014,err2,0.5,9,0.7600791492592528,0.2,25
51014,err2,0.5,10,0.656746637197701,0.18,25
51014,err2,0.5,11,0.7259880376694783,0.2,25
51014,err2,0.75,0,0.5461029248078277,0.06,38
51014,err2,0.75,1,0.45713101663709493,0.06,38
51014,err2,0.75,2,0.6096591322070377,0.08,38
51014,err2,0.75,3,0.43874974641204545,0.08,38
51014,err2,0.75,4,0.4967661034547284,0.08,38
51014,err2,0.75,5,0.4811133878964209,0.04,38
51014,err2,0.75,6,0.5818064306438574,0.08,38
51014,err2,0.75,7,0.561922123923231,0.12,38
51014,err2,0.75,8,0.5171651856574332,0.02,38
51014,err2,0.75,9,0.5972804125346672,0.12,38
51014,err2,0.75,10,0.6260747967284133,0.14,38
51014,err2,0.75,11,0.5920994590158697,0.12,38
51014,err2,0.9,0,0.5096677280563771,0.1,45
51014,err2,0.9,1,0.3760906583442669,0.02,45
51014,err2,0.9,2,0.4019271987486521,0.02,45
51014,err2,0.9,3,0.3860504135360506,0.0,45
51014,err2,0.9,4,0.4835082996695067,0.04,45
51014,err2,0.9,5,0.37777999058204076,0.0,45
51014,err2,0.9,6,0.26518331994905425,0.0,45
51014,err2,0.9,7,0.4154161473314009,0.02,45
51014,err2,0.9,8,0.43435991868230966,0.04,45
51014,err2,0.9,9,0.43089646387006403,0.04,45
51014,err2,0.9,10,0.41989172301420447,0.04,45
51014,err2,0.9,11,0.422917601308074,0.04,45
51015,base,0.0,0,0.8378467291992447,0.14,0
51015,base,0.0,1,0.8378467291992447,0.14,0
51015,base,0.0,2,0.8378467291992447,0.14,0
51015,base,0.0,3,0.8378467291992447,0.14,0
51015,base,0.0,4,0.8378467291992447,0.14,0
51015,base,0.0,5,0.8378467291992447,0.14,0
51015,base,0.0,6,0.8378467291992447,0.14,0
51015,base,0.0,7,0.8378467291992447,0.14,0
51015,base,0.0,8,0.8378467291992447,0.14,0
51015,base,0.0,9,0.8378467291992447,0.14,0
51015,base,0.0,10,0.8378467291992447,0.14,0
51015,base,0.0,11,0.8378467291992447,0.14,0
51015,base,0.25,0,0.8371062146514126,0.12,12
51015,base,0.25,1,0.8485082517856669,0.16,12
51015,base,0.25,2,0.8479145588838644,0.14,12
51015,base,0.25,3,0.8265845031714733,0.08,12
51015,base,0.25,4,0.8380584317930679,0.14,12
51015,base,0.25,5,0.827982134569011,0.16,12
51015,base,0.25,6,0.8345156497830082,0.2,12
51015,base,0.25,7,0.8329110147070782,0.16,12
51015,base,0.25,8,0.8201152676404958,0.1,12
51015,base,0.25,9,0.8294856584000447,0.18,12
51015,base,0.25,10,0.8287365312833532,0.14,12
51015,base,0.25,11,0.8180782610373671,0.08,12
51015,base,0.5,0,0.7733808430319339,0.1,25
51015,base,0.5,1,0.7971231336405136,0.06,25
51015,base,0.5,2,0.7983717672923692,0.12,25
51015,base,0.5,3,0.7324599422884926,0.12,25
51015,base,0.5,4,0.8114713718020556,0.16,25
51015,base,0.5,5,0.7815219546211799,0.16,25
51015,base,0.5,6,0.8009679677906586,0.14,25
51015,base,0.5,7,0.8249814202556814,0.12,25
51015,base,0.5,8,0.8202197736342305,0.16,25
51015,base,0.5,9,0.7990129907701546,0.14,25
51015,base,0.5,10,0.8160122263940598,0.16,25
51015,base,0.5,11,0.7822427440601971,0.16,25
51015,base,0.75,0,0.725847477788014,0.08,38
51015,base,0.75,1,0.729200218654422,0.06,38
51015,base,0.75,2,0.5967681162992067,0.06,38
51015,base,0.75,3,0.6554526324263833,0.1,38
51015,base,0.75,4,0.791070883698543,0.08,38
51015,base,0.75,5,0.7796964669422443,0.12,38
51015,base,0.75,6,0.7113108695232256,0.06,38
51015,base,0.75,7,0.8140693425471588,0.08,38
51015,base,0.75,8,0.7855282845207918,0.06,38
51015,base,0.75,9,0.733016702747111,0.14,38
51015,base,0.75,10,0.6354871314194712,0.08,38
51015,base,0.75,11,0.7577858549773144,0.14,38
51015,base,0.9,0,0.44652771773108385,0.06,45
51015,base,0.9,1,0.3553659457198549,0.04,45
51015,base,0.9,2,0.48447706766686593,0.04,45
51015,base,0.9,3,0.558290152025708,0.08,45
51015,base,0.9,4,0.5484161778970461,0.06,45
51015,base,0.9,5,0.5504400727346509,0.06,45
51015,base,0.9,6,0.4646239143338661,0.04,45
51015,base,0.9,7,0.5252024677706386,0.04,45
51015,base,0.9,8,0.5200048306868709,0.04,45
51015,base,0.9,9,0.49427642840930575,0.04,45
51015,base,0.9,10,0.3738069689967607,0.04,45
51015,base,0.9,11,0.5825880977238266,0.08,45
51015,err2,0.0,0,0.9509550024042701,0.7,0
51015,err2,0.0,1,0.9509550024042701,0.7,0
51015,err2,0.0,2,0.9509550024042701,0.7,0
51015,err2,0.0,3,0.9509550024042701,0.7,0
51015,err2,0.0,4,0.9509550024042701,0.7,0
51015,err2,0.0,5,0.9509550024042701,0.7,0
51015,err2,0.0,6,0.9509550024042701,0.7,0
51015,err2,0.0,7,0.9509550024042701,0.7,0
51015,err2,0.0,8,0.9509550024042701,0.7,0
51015,err2,0.0,9,0.9509550024042701,0.7,0
51015,err2,0.0,10,0.9509550024042701,0.7,0
51015,err2,0.0,11,0.9509550024042701,0.7,0
51015,err2,0.25,0,0.8220597986144975,0.24,12
51015,err2,0.25,1,0.8483104819956278,0.36,12
51015,err2,0.25,2,0.8482269170649995,0.3,12
51015,err2,0.25,3,0.8930095483595564,0.4,12
51015,err2,0.25,4,0.8805897462780018,0.36,12
51015,err2,0.25,5,0.8867460651092303,0.42,12
51015,err2,0.25,6,0.7919947583883626,0.26,12
51015,err2,0.25,7,0.8758261672192841,0.38,12
51015,err2,0.25,8,0.8399861283030212,0.22,12
51015,err2,0.25,9,0.8495140435004107,0.3,12
51015,err2,0.25,10,0.8185191567477327,0.2,12
51015,err2,0.25,11,0.8187046901014576,0.26,12
51015,err2,0.5,0,0.5815475782760209,0.12,25
51015,err2,0.5,1,0.7238841125562584,0.18,25
51015,err2,0.5,2,0.7647627548492857,0.18,25
51015,err2,0.5,3,0.8049107651608429,0.3,25
51015,err2,0.5,4,0.6861728763445855,0.16,25
51015,err2,0.5,5,0.6626512166619319,0.16,25
51015,err2,0.5,6,0.6135763403687516,0.14,25
51015,err2,0.5,7,0.6377281849359167,0.18,25
51015,err2,0.5,8,0.734208790025458,0.24,25
51015,err2,0.5,9,0.7497542088215795,0.18,25
51015,err2,0.5,10,0.6535545268641577,0.24,25
51015,err2,0.5,11,0.7090478510919033,0.22,25
51015,err2,0.75,0,0.38592609910289677,0.04,38
51015,err2,0.75,1,0.64590593469392,0.08,38
51015,err2,0.75,2,0.4862617674848693,0.12,38
51015,err2,0.75,3,0.553300366896527,0.12,38
51015,err2,0.75,4,0.5197850006127913,0.06,38
51015,err2,0.75,5,0.423162398402533,0.08,38
51015,err2,0.75,6,0.5680745161962409,0.06,38
51015,err2,0.75,7,0.532962806718424,0.08,38
51015,err2,0.75,8,0.6080193515222508,0.1,38
51015,err2,0.75,9,0.407649629056544,0.0,38
51015,err2,0.75,10,0.476940981052198,0.08,38
51015,err2,0.75,11,0.5314920760048732,0.06,38
51015,err2,0.9,0,0.39757313051339815,0.04,45
51015,err2,0.9,1,0.3313444874027636,0.02,45
51015,err2,0.9,2,0.408959168710834,0.04,45
51015,err2,0.9,3,0.34308378036787085,0.04,45
51015,err2,0.9,4,0.36928910643311935,0.08,45
51015,err2,0.9,5,0.4462700100389535,0.02,45
51015,err2,0.9,6,0.37590275738913703,0.02,45
51015,err2,0.9,7,0.28363344061962115,0.06,45
51015,err2,0.9,8,0.4448124678397023,0.02,45
51015,err2,0.9,9,0.5255134888499334,0.04,45
51015,err2,0.9,10,0.30959583582083494,0.0,45
51015,err2,0.9,11,0.3261486344048141,0.06,45
51016,base,0.0,0,0.8464705966141718,0.14,0
51016,base,0.0,1,0.8464705966141718,0.14,0
51016,base,0.0,2,0.8464705966141718,0.14,0
51016,base,0.0,3,0.8464705966141718,0.14,0
51016,base,0.0,4,0.8464705966141718,0.14,0
51016,base,0.0,5,0.8464705966141718,0.14,0
51016,base,0.0,6,0.8464705966141718,0.14,0
51016,base,0.0,7,0.8464705966141718,0.14,0
51016,base,0.0,8,0.8464705966141718,0.14,0
51016,base,0.0,9,0.8464705966141718,0.14,0
51016,base,0.0,10,0.8464705966141718,0.14,0
51016,base,0.0,11,0.8464705966141718,0.14,0
51016,base,0.25,0,0.8188110363257338,0.14,12
51016,base,0.25,1,0.8126400013594731,0.1,12
51016,base,0.25,2,0.827546036896767,0.18,12
51016,base,0.25,3,0.8440875023343094,0.14,12
51016,base,0.25,4,0.8437968422602554,0.14,12
51016,base,0.25,5,0.7957771910820813,0.12,12
51016,base,0.25,6,0.7919610617916986,0.12,12
51016,base,0.25,7,0.8240379312743806,0.22,12
51016,base,0.25,8,0.7751368742776787,0.14,12
51016,base,0.25,9,0.8309255977563708,0.18,12
51016,base,0.25,10,0.8062523530941001,0.18,12
51016,base,0.25,11,0.8332237081547882,0.18,12
51016,base,0.5,0,0.7892575002974473,0.12,25
51016,base,0.5,1,0.7342247884445345,0.1,25
51016,base,0.5,2,0.6341552528395891,0.14,25
51016,base,0.5,3,0.8024468323544697,0.14,25
51016,base,0.5,4,0.775545474246006,0.1,25
51016,base,0.5,5,0.7577532725651595,0.1,25
51016,base,0.5,6,0.7750249941479155,0.12,25
51016,base,0.5,7,0.7448919046785824,0.06,25
51016,base,0.5,8,0.7567401268956256,0.12,25
51016,base,0.5,9,0.5770351251839448,0.1,25
51016,base,0.5,10,0.7935089064291557,0.1,25
51016,base,0.5,11,0.8099770131488266,0.16,25
51016,base,0.75,0,0.7301628947513406,0.08,38
51016,base,0.75,1,0.5908313534749837,0.08,38
51016,base,0.75,2,0.6642429154238144,0.08,38
51016,base,0.75,3,0.7383338472641914,0.1,38
51016,base,0.75,4,0.7365748275956662,0.12,38
51016,base,0.75,5,0.7498457527519831,0.12,38
51016,base,0.75,6,0.7022057686140347,0.12,38
51016,base,0.75,7,0.4700254983076227,0.08,38
51016,base,0.75,8,0.4657498918976436,0.06,38
51016,base,0.75,9,0.7428240313655347,0.06,38
51016,base,0.75,10,0.48951063505324066,0.06,38
51016,base,0.75,11,0.7298089152078897,0.04,38
51016,base,0.9,0,0.4087845191649164,0.06,45
51016,base,0.9,1,0.40740323321037425,0.06,45
51016,base,0.9,2,0.36328749695604573,0.04,45
51016,base,0.9,3,0.4588088315997181,0.06,45
51016,base,0.9,4,0.44021892576546096,0.04,45
51016,base,0.9,5,0.5121197828125414,0.06,45
51016,base,0.9,6,0.4559281888627607,0.08,45
51016,base,0.9,7,0.4130259427398066,0.06,45
51016,base,0.9,8,0.39845167052158487,0.04,45
51016,base,0.9,9,0.5103883574406718,0.06,45
51016,base,0.9,10,0.4982986663345399,0.06,45
51016,base,0.9,11,0.46162870761716346,0.06,45
51016,err2,0.0,0,0.9360110636410585,0.52,0
51016,err2,0.0,1,0.9360110636410585,0.52,0
51016,err2,0.0,2,0.9360110636410585,0.52,0
51016,err2,0.0,3,0.9360110636410585,0.52,0
51016,err2,0.0,4,0.9360110636410585,0.52,0
51016,err2,0.0,5,0.9360110636410585,0.52,0
51016,err2,0.0,6,0.9360110636410585,0.52,0
51016,err2,0.0,7,0.9360110636410585,0.52,0
51016,err2,0.0,8,0.9360110636410585,0.52,0
51016,err2,0.0,9,0.9360110636410585,0.52,0
51016,err2,0.0,10,0.9360110636410585,0.52,0
51016,err2,0.0,11,0.9360110636410585,0.52,0
51016,err2,0.25,0,0.8356734967363137,0.38,12
51016,err2,0.25,1,0.8796060715218834,0.46,12
51016,err2,0.25,2,0.8783147305576516,0.4,12
51016,err2,0.25,3,0.8562089703057322,0.36,12
51016,err2,0.25,4,0.8435966333855032,0.24,12
51016,err2,0.25,5,0.8627617806581205,0.38,12
51016,err2,0.25,6,0.8705053634601926,0.38,12
51016,err2,0.25,7,0.8633189689737644,0.38,12
51016,err2,0.25,8,0.8852803460025283,0.42,12
51016,err2,0.25,9,0.8629091643025297,0.36,12
51016,err2,0.25,10,0.8767380589543232,0.3,12
51016,err2,0.25,11,0.717446981524306,0.32,12
51016,err2,0.5,0,0.7114968767468333,0.26,25
51016,err2,0.5,1,0.7282214158561153,0.1,25
51016,err2,0.5,2,0.7034888352158362,0.16,25
51016,err2,0.5,3,0.6519584156799902,0.24,25
51016,err2,0.5,4,0.6939769070691103,0.16,25
51016,err2,0.5,5,0.5132350645114755,0.18,25
51016,err2,0.5,6,0.7335569747973258,0.26,25
51016,err2,0.5,7,0.5867301638716544,0.2,25
51016,err2,0.5,8,0.7021376064247076,0.2,25
51016,err2,0.5,9,0.7515521771929241,0.16,25
51016,err2,0.5,10,0.718291220888992,0.18,25
51016,err2,0.5,11,0.6755016640901965,0.2,25
51016,err2,0.75,0,0.3809181067549273,0.06,38
51016,err2,0.75,1,0.5167033936497528,0.12,38
51016,err2,0.75,2,0.5225955047194264,0.06,38
51016,err2,0.75,3,0.5653682194978743,0.08,38
51016,err2,0.75,4,0.49963793145567464,0.08,38
51016,err2,0.75,5,0.547228827388905,0.18,38
51016,err2,0.75,6,0.46769667656037295,0.08,38
51016,err2,0.75,7,0.4286221233263493,0.1,38
51016,err2,0.75,8,0.4971361970482527,0.04,38
51016,err2,0.75,9,0.5918863953774385,0.08,38
51016,err2,0.75,10,0.4162786265659518,0.06,38
51016,err2,0.75,11,0.5004254461155034,0.08,38
51016,err2,0.9,0,0.4848430427053828,0.06,45
51016,err2,0.9,1,0.4059616686247051,0.08,45
51016,err2,0.9,2,0.4603899756494201,0.02,45
51016,err2,0.9,3,0.4604573988095079,0.08,45
51016,err2,0.9,4,0.36417092543093516,0.04,45
51016,err2,0.9,5,0.47307137981802305,0.06,45
51016,err2,0.9,6,0.37114883604523446,0.04,45
51016,err2,0.9,7,0.413401220414223,0.02,45
51016,err2,0.9,8,0.4268144963031288,0.02,45
51016,err2,0.9,9,0.34840504529561495,0.02,45
51016,err2,0.9,10,0.4259233549208073,0.04,45
51016,err2,0.9,11,0.4919587927264454,0.06,45
51017,base,0.0,0,0.8684517228248514,0.22,0
51017,base,0.0,1,0.8684517228248514,0.22,0
51017,base,0.0,2,0.8684517228248514,0.22,0
51017,base,0.0,3,0.8684517228248514,0.22,0
51017,base,0.0,4,0.8684517228248514,0.22,0
51017,base,0.0,5,0.8684517228248514,0.22,0
51017,base,0.0,6,0.8684517228248514,0.22,0
51017,base,0.0,7,0.8684517228248514,0.22,0
51017,base,0.0,8,0.8684517228248514,0.22,0
51017,base,0.0,9,0.8684517228248514,0.22,0
51017,base,0.0,10,0.8684517228248514,0.22,0
51017,base,0.0,11,0.8684517228248514,0.22,0
51017,base,0.25,0,0.8560232997647574,0.28,12
51017,base,0.25,1,0.8245058632276374,0.18,12
51017,base,0.25,2,0.8616263247506126,0.14,12
51017,base,0.25,3,0.8734187524622115,0.18,12
51017,base,0.25,4,0.848973768801524,0.16,12
51017,base,0.25,5,0.8040570938116577,0.12,12
51017,base,0.25,6,0.8490395980641532,0.12,12
51017,base,0.25,7,0.8629736613787641,0.2,12
51017,base,0.25,8,0.864720217997663,0.22,12
51017,base,0.25,9,0.8267848757221746,0.22,12
51017,base,0.25,10,0.8456939043564775,0.16,12
51017,base,0.25,11,0.7932754525556066,0.18,12
51017,base,0.5,0,0.8490845566082852,0.18,25
51017,base,0.5,1,0.7602616119055946,0.12,25
51017,base,0.5,2,0.8001446042469766,0.1,25
51017,base,0.5,3,0.8138475821103145,0.12,25
51017,base,0.5,4,0.785226032917725,0.08,25
51017,base,0.5,5,0.6841324501149709,0.08,25
51017,base,0.5,6,0.6436901865896663,0.18,25
51017,base,0.5,7,0.829619489040457,0.16,25
51017,base,0.5,8,0.8180287295794625,0.14,25
51017,base,0.5,9,0.795291251480633,0.16,25
51017,base,0.5,10,0.7729306968982612,0.16,25
51017,base,0.5,11,0.6642617607001976,0.08,25
51017,base,0.75,0,0.7915362654328928,0.08,38
51017,base,0.75,1,0.6570390704190894,0.14,38
51017,base,0.75,2,0.4754169160899134,0.1,38
51017,base,0.75,3,0.8060829433626948,0.12,38
51017,base,0.75,4,0.6029573702432186,0.08,38
51017,base,0.75,5,0.5227571048767832,0.04,38
51017,base,0.75,6,0.7029762379159351,0.08,38
51017,base,0.75,7,0.7233007243295405,0.06,38
51017,base,0.75,8,0.623977359486593,0.12,38
51017,base,0.75,9,0.7067915456182903,0.1,38
51017,base,0.75,10,0.6725381384670315,0.1,38
51017,base,0.75,11,0.6542838721764416,0.16,38
51017,base,0.9,0,0.5977526666170959,0.08,45
51017,base,0.9,1,0.1943461706910462,0.02,45
51017,base,0.9,2,0.557264632858302,0.04,45
51017,base,0.9,3,0.43396843679082997,0.04,45
51017,base,0.9,4,0.5116602092768093,0.1,45
51017,base,0.9,5,0.30506409985042027,0.08,45
51017,base,0.9,6,0.40953205030246614,0.02,45
51017,base,0.9,7,0.7156108827859784,0.06,45
51017,base,0.9,8,0.632344556645007,0.04,45
51017,base,0.9,9,0.5068327923384962,0.04,45
51017,base,0.9,10,0.38146394568935643,0.06,45
51017,base,0.9,11,0.4881815877134876,0.06,45
51017,err2,0.0,0,0.9584549352369767,0.78,0
51017,err2,0.0,1,0.9584549352369767,0.78,0
51017,err2,0.0,2,0.9584549352369767,0.78,0
51017,err2,0.0,3,0.9584549352369767,0.78,0
51017,err2,0.0,4,0.9584549352369767,0.78,0
51017,err2,0.0,5,0.9584549352369767,0.78,0
51017,err2,0.0,6,0.9584549352369767,0.78,0
51017,err2,0.0,7,0.9584549352369767,0.78,0
51017,err2,0.0,8,0.9584549352369767,0.78,0
51017,err2,0.0,9,0.9584549352369767,0.78,0
51017,err2,0.0,10,0.9584549352369767,0.78,0
51017,err2,0.0,11,0.9584549352369767,0.78,0
51017,err2,0.25,0,0.8622484497773979,0.54,12
51017,err2,0.25,1,0.8631422899430268,0.34,12
51017,err2,0.25,2,0.786436608601941,0.36,12
51017,err2,0.25,3,0.7029951063946676,0.38,12
51017,err2,0.25,4,0.8279612994434733,0.34,12
51017,err2,0.25,5,0.8472451101611861,0.52,12
51017,err2,0.25,6,0.6851335724555015,0.42,12
51017,err2,0.25,7,0.8805654640981326,0.36,12
51017,err2,0.25,8,0.7342799799849736,0.3,12
51017,err2,0.25,9,0.7497177845426974,0.4,12
51017,err2,0.25,10,0.8382815766216912,0.46,12
51017,err2,0.25,11,0.8263161625240043,0.38,12
51017,err2,0.5,0,0.5895635627985848,0.1,25
51017,err2,0.5,1,0.5143315701632369,0.16,25
51017,err2,0.5,2,0.5861015746705288,0.16,25
51017,err2,0.5,3,0.6040051006224159,0.18,25
51017,err2,0.5,4,0.6265417158281102,0.24,25
51017,err2,0.5,5,0.6321922902249691,0.22,25
51017,err2,0.5,6,0.6176246541932615,0.22,25
51017,err2,0.5,7,0.5749448784332665,0.18,25
51017,err2,0.5,8,0.6155206898792326,0.22,25
51017,err2,0.5,9,0.6840024604160182,0.28,25
51017,err2,0.5,10,0.6340442087605694,0.26,25
51017,err2,0.5,11,0.6752970562662955,0.28,25
51017,err2,0.75,0,0.40684195127849887,0.08,38
51017,err2,0.75,1,0.40311345252509573,0.04,38
51017,err2,0.75,2,0.4166312680540343,0.08,38
51017,err2,0.75,3,0.6078516025810832,0.08,38
51017,err2,0.75,4,0.4900804348889626,0.04,38
51017,err2,0.75,5,0.5457528387455709,0.06,38
51017,err2,0.75,6,0.48873103985810645,0.14,38
51017,err2,0.75,7,0.31647838190501615,0.06,38
51017,err2,0.75,8,0.4970536166263624,0.06,38
51017,err2,0.75,9,0.3637079240444809,0.1,38
51017,err2,0.75,10,0.4720071436817066,0.1,38
51017,err2,0.75,11,0.5344271741743016,0.04,38
51017,err2,0.9,0,0.3170036863469554,0.02,45
51017,err2,0.9,1,0.3333299712723381,0.04,45
51017,err2,0.9,2,0.457128269971369,0.08,45
51017,err2,0.9,3,0.41031758156081444,0.04,45
51017,err2,0.9,4,0.3669433474619885,0.06,45
51017,err2,0.9,5,0.3331080863011091,0.02,45
51017,err2,0.9,6,0.33561064929296486,0.04,45
51017,err2,0.9,7,0.3464429571680688,0.06,45
51017,err2,0.9,8,0.32464516714997793,0.04,45
51017,err2,0.9,9,0.3201207173542587,0.04,45
51017,err2,0.9,10,0.47815371930395306,0.06,45
51017,err2,0.9,11,0.325641961403504,0.04,45
51018,base,0.0,0,0.8605753692731457,0.18,0
51018,base,0.0,1,0.8605753692731457,0.18,0
51018,base,0.0,2,0.8605753692731457,0.18,0
51018,base,0.0,3,0.8605753692731457,0.18,0
51018,base,0.0,4,0.8605753692731457,0.18,0
51018,base,0.0,5,0.8605753692731457,0.18,0
51018,base,0.0,6,0.8605753692731457,0.18,0
51018,base,0.0,7,0.8605753692731457,0.18,0
51018,base,0.0,8,0.8605753692731457,0.18,0
51018,base,0.0,9,0.8605753692731457,0.18,0
51018,base,0.0,10,0.8605753692731457,0.18,0
51018,base,0.0,11,0.8605753692731457,0.18,0
51018,base,0.25,0,0.8381506000040472,0.16,12
51018,base,0.25,1,0.8455718811212081,0.16,12
51018,base,0.25,2,0.83995665844987,0.14,12
51018,base,0.25,3,0.8541725087744172,0.12,12
51018,base,0.25,4,0.8330052133346557,0.14,12
51018,base,0.25,5,0.8592456355386244,0.24,12
51018,base,0.25,6,0.8397470624265402,0.26,12
51018,base,0.25,7,0.8469022626313841,0.2,12
51018,base,0.25,8,0.8439932208966175,0.24,12
51018,base,0.25,9,0.8491161041414145,0.16,12
51018,base,0.25,10,0.8344938890420726,0.18,12
51018,base,0.25,11,0.8642024463460619,0.26,12
51018,base,0.5,0,0.7432171877801481,0.14,25
51018,base,0.5,1,0.830339437205302,0.12,25
51018,base,0.5,2,0.7413720916081246,0.12,25
51018,base,0.5,3,0.7925393607919262,0.22,25
51018,base,0.5,4,0.8163286639760292,0.16,25
51018,base,0.5,5,0.7776416671982738,0.18,25
51018,base,0.5,6,0.8127190246664372,0.12,25
51018,base,0.5,7,0.7948284669745719,0.14,25
51018,base,0.5,8,0.8028176551225198,0.18,25
51018,base,0.5,9,0.7968802352490659,0.14,25
51018,base,0.5,10,0.8365753688894983,0.1,25
51018,base,0.5,11,0.8381922997274833,0.16,25
51018,base,0.75,0,0.7412636490938875,0.12,38
51018,base,0.75,1,0.7970720863108951,0.16,38
51018,base,0.75,2,0.41175124077514796,0.08,38
51018,base,0.75,3,0.7015006113007394,0.12,38
51018,base,0.75,4,0.6814249771183707,0.14,38
51018,base,0.75,5,0.7086847823843289,0.1,38
51018,base,0.75,6,0.6501758950436133,0.08,38
51018,base,0.75,7,0.5705338036503285,0.06,38
51018,base,0.75,8,0.647679999353985,0.14,38
51018,base,0.75,9,0.7625740082550142,0.12,38
51018,base,0.75,10,0.7373712815435819,0.08,38
51018,base,0.75,11,0.7618807417038097,0.12,38
51018,base,0.9,0,0.6413514210814824,0.06,45
51018,base,0.9,1,0.38822519514655185,0.02,45
51018,base,0.9,2,0.4861716811463099,0.04,45
51018,base,0.9,3,0.6593577865250626,0.06,45
51018,base,0.9,4,0.5479699645575967,0.06,45
51018,base,0.9,5,0.3780870403359058,0.02,45
51018,base,0.9,6,0.502838529246707,0.06,45
51018,base,0.9,7,0.3074779068779624,0.04,45
51018,base,0.9,8,0.378925633937253,0.06,45
51018,base,0.9,9,0.3504117416476855,0.02,45
51018,base,0.9,10,0.3806482050836986,0.08,45
51018,base,0.9,11,0.40356284354141747,0.04,45
51018,err2,0.0,0,0.9516178468481687,0.74,0
51018,err2,0.0,1,0.9516178468481687,0.74,0
51018,err2,0.0,2,0.9516178468481687,0.74,0
51018,err2,0.0,3,0.9516178468481687,0.74,0
51018,err2,0.0,4,0.9516178468481687,0.74,0
51018,err2,0.0,5,0.9516178468481687,0.74,0
51018,err2,0.0,6,0.9516178468481687,0.74,0
51018,err2,0.0,7,0.9516178468481687,0.74,0
51018,err2,0.0,8,0.9516178468481687,0.74,0
51018,err2,0.0,9,0.9516178468481687,0.74,0
51018,err2,0.0,10,0.9516178468481687,0.74,0
51018,err2,0.0,11,0.9516178468481687,0.74,0
51018,err2,0.25,0,0.8037324858475904,0.38,12
51018,err2,0.25,1,0.8834719649211915,0.46,12
51018,err2,0.25,2,0.8452701271659774,0.34,12
51018,err2,0.25,3,0.7956442338256666,0.34,12
51018,err2,0.25,4,0.7619638057818076,0.28,12
51018,err2,0.25,5,0.8393874130991942,0.34,12
51018,err2,0.25,6,0.8682255131873058,0.34,12
51018,err2,0.25,7,0.8049045850431383,0.38,12
51018,err2,0.25,8,0.8691030085913087,0.3,12
51018,err2,0.25,9,0.8480275608209671,0.38,12
51018,err2,0.25,10,0.717181634630262,0.34,12
51018,err2,0.25,11,0.6275571931660547,0.12,12
51018,err2,0.5,0,0.6083025236743358,0.2,25
51018,err2,0.5,1,0.7380471139309738,0.2,25
51018,err2,0.5,2,0.7200983468525094,0.24,25
51018,err2,0.5,3,0.7436854257112554,0.2,25
51018,err2,0.5,4,0.6879174258767639,0.24,25
51018,err2,0.5,5,0.5442811740645621,0.14,25
51018,err2,0.5,6,0.7122476665036837,0.2,25
51018,err2,0.5,7,0.6714861535091161,0.18,25
51018,err2,0.5,8,0.7054392705280982,0.2,25
51018,err2,0.5,9,0.7163232249673789,0.26,25
51018,err2,0.5,10,0.716098795696667,0.08,25
51018,err2,0.5,11,0.7962088744323293,0.18,25
51018,err2,0.75,0,0.40063057585962447,0.08,38
51018,err2,0.75,1,0.5185824837426215,0.06,38
51018,err2,0.75,2,0.6035740998032852,0.06,38
51018,err2,0.75,3,0.6240626661901183,0.1,38
51018,err2,0.75,4,0.5088879183214303,0.08,38
51018,err2,0.75,5,0.5036184474933022,0.08,38
51018,err2,0.75,6,0.4229708363141176,0.08,38
51018,err2,0.75,7,0.5521703503624792,0.04,38
51018,err2,0.75,8,0.4788813846522714,0.1,38
51018,err2,0.75,9,0.6543708475922051,0.08,38
51018,err2,0.75,10,0.3602609024249087,0.08,38
51018,err2,0.75,11,0.5250543364592606,0.16,38
51018,err2,0.9,0,0.46833887299623334,0.06,45
51018,err2,0.9,1,0.38626550495119377,0.04,45
51018,err2,0.9,2,0.39790913487732643,0.04,45
51018,err2,0.9,3,0.37204425905111416,0.02,45
51018,err2,0.9,4,0.40452921963013566,0.04,45
51018,err2,0.9,5,0.4045812876015608,0.04,45
51018,err2,0.9,6,0.39526887094693886,0.04,45
51018,err2,0.9,7,0.36475349798418166,0.02,45
51018,err2,0.9,8,0.46443553861606524,0.04,45
51018,err2,0.9,9,0.39212496942480973,0.04,45
51018,err2,0.9,10,0.2792090341594641,0.0,45
51018,err2,0.9,11,0.35587652305106077,0.02,45
51019,base,0.0,0,0.8064748578421757,0.1,0
51019,base,0.0,1,0.8064748578421757,0.1,0
51019,base,0.0,2,0.8064748578421757,0.1,0
51019,base,0.0,3,0.8064748578421757,0.1,0
51019,base,0.0,4,0.8064748578421757,0.1,0
51019,base,0.0,5,0.8064748578421757,0.1,0
51019,base,0.0,6,0.8064748578421757,0.1,0
51019,base,0.0,7,0.8064748578421757,0.1,0
51019,base,0.0,8,0.8064748578421757,0.1,0
51019,base,0.0,9,0.8064748578421757,0.1,0
51019,base,0.0,10,0.8064748578421757,0.1,0
51019,base,0.0,11,0.8064748578421757,0.1,0
51019,base,0.25,0,0.7919114362760423,0.12,12
51019,base,0.25,1,0.782725402830581,0.1,12
51019,base,0.25,2,0.8006026159095814,0.08,12
51019,base,0.25,3,0.8096446546657242,0.08,12
51019,base,0.25,4,0.7868632824824175,0.08,12
51019,base,0.25,5,0.7795449606887754,0.12,12
51019,base,0.25,6,0.8047213641824575,0.12,12
51019,base,0.25,7,0.7983115880038923,0.08,12
51019,base,0.25,8,0.7919673597358177,0.06,12
51019,base,0.25,9,0.7900703753553053,0.1,12
51019,base,0.25,10,0.7893013347631198,0.12,12
51019,base,0.25,11,0.7976141868405304,0.08,12
51019,base,0.5,0,0.75816694112416,0.12,25
51019,base,0.5,1,0.8142293414811127,0.1,25
51019,base,0.5,2,0.7402198189865133,0.04,25
51019,base,0.5,3,0.7804734927957078,0.08,25
51019,base,0.5,4,0.7902046669864672,0.12,25
51019,base,0.5,5,0.7757955912629706,0.1,25
51019,base,0.5,6,0.7773119277095057,0.06,25
51019,base,0.5,7,0.7864895241053895,0.1,25
51019,base,0.5,8,0.7922848440038848,0.08,25
51019,base,0.5,9,0.7982444006733215,0.1,25
51019,base,0.5,10,0.6779690300191982,0.06,25
51019,base,0.5,11,0.7384360892312068,0.1,25
51019,base,0.75,0,0.7299062418337825,0.08,38
51019,base,0.75,1,0.5154023904252518,0.06,38
51019,base,0.75,2,0.6764652782531294,0.08,38
51019,base,0.75,3,0.7591795975875115,0.08,38
51019,base,0.75,4,0.7764314465408059,0.06,38
51019,base,0.75,5,0.7152362658275361,0.08,38
51019,base,0.75,6,0.6903076706630686,0.06,38
51019,base,0.75,7,0.775998677687582,0.1,38
51019,base,0.75,8,0.6562403907244938,0.04,38
51019,base,0.75,9,0.7206758570859004,0.08,38
51019,base,0.75,10,0.7650456782468449,0.04,38
51019,base,0.75,11,0.712925122718103,0.06,38
51019,base,0.9,0,0.4893361893451701,0.04,45
51019,base,0.9,1,0.4669151075971125,0.06,45
51019,base,0.9,2,0.5551409714000732,0.04,45
51019,base,0.9,3,0.7539584862180451,0.06,45
51019,base,0.9,4,0.5833514195866268,0.06,45
51019,base,0.9,5,0.4343046937848547,0.06,45
51019,base,0.9,6,0.7110215447793116,0.06,45
51019,base,0.9,7,0.6048009812347588,0.04,45
51019,base,0.9,8,0.5968984720647372,0.1,45
51019,base,0.9,9,0.5126639847552131,0.02,45
51019,base,0.9,10,0.5631476704646252,0.04,45
51019,base,0.9,11,0.36200343379260025,0.04,45
51019,err2,0.0,0,0.9420178838304072,0.72,0
51019,err2,0.0,1,0.9420178838304072,0.72,0
51019,err2,0.0,2,0.9420178838304072,0.72,0
51019,err2,0.0,3,0.9420178838304072,0.72,0
51019,err2,0.0,4,0.9420178838304072,0.72,0
51019,err2,0.0,5,0.9420178838304072,0.72,0
51019,err2,0.0,6,0.9420178838304072,0.72,0
51019,err2,0.0,7,0.9420178838304072,0.72,0
51019,err2,0.0,8,0.9420178838304072,0.72,0
51019,err2,0.0,9,0.9420178838304072,0.72,0
51019,err2,0.0,10,0.9420178838304072,0.72,0
51019,err2,0.0,11,0.9420178838304072,0.72,0
51019,err2,0.25,0,0.8582417515832124,0.46,12
51019,err2,0.25,1,0.8510546137091559,0.4,12
51019,err2,0.25,2,0.886298382436119,0.42,12
51019,err2,0.25,3,0.803015246919278,0.32,12
51019,err2,0.25,4,0.819120498055387,0.3,12
51019,err2,0.25,5,0.8525919941886635,0.32,12
51019,err2,0.25,6,0.8509730960148069,0.36,12
51019,err2,0.25,7,0.8336891330832443,0.32,12
51019,err2,0.25,8,0.8430051806204196,0.48,12
51019,err2,0.25,9,0.8323406859352651,0.38,12
51019,err2,0.25,10,0.83242907692418,0.36,12
51019,err2,0.25,11,0.8064804700083162,0.26,12
51019,err2,0.5,0,0.7220166503648234,0.08,25
51019,err2,0.5,1,0.7280508525699447,0.14,25
51019,err2,0.5,2,0.7696851955724465,0.16,25
51019,err2,0.5,3,0.8068988003356508,0.22,25
51019,err2,0.5,4,0.5831420842384922,0.16,25
51019,err2,0.5,5,0.7158566936761926,0.18,25
51019,err2,0.5,6,0.7145671421952816,0.24,25
51019,err2,0.5,7,0.7298425910594009,0.18,25
51019,err2,0.5,8,0.7165303206171898,0.18,25
51019,err2,0.5,9,0.7420848227297345,0.3,25
51019,err2,0.5,10,0.6585983394233779,0.16,25
51019,err2,0.5,11,0.7402026630483438,0.14,25
51019,err2,0.75,0,0.42793726280376604,0.14,38
51019,err2,0.75,1,0.5955985786911903,0.06,38
51019,err2,0.75,2,0.6074944687073153,0.18,38
51019,err2,0.75,3,0.5182217372910692,0.1,38
51019,err2,0.75,4,0.6334237691515568,0.1,38
51019,err2,0.75,5,0.5776911343291817,0.1,38
51019,err2,0.75,6,0.6483156331956694,0.18,38
51019,err2,0.75,7,0.556069926148546,0.06,38
51019,err2,0.75,8,0.5788048260240055,0.12,38
51019,err2,0.75,9,0.5582197731860592,0.1,38
51019,err2,0.75,10,0.5232249321459846,0.12,38
51019,err2,0.75,11,0.6359174960149181,0.1,38
51019,err2,0.9,0,0.44878739236577503,0.06,45
51019,err2,0.9,1,0.4775211489147826,0.04,45
51019,err2,0.9,2,0.4058871298315471,0.04,45
51019,err2,0.9,3,0.5192098227526813,0.04,45
51019,err2,0.9,4,0.5521120621325181,0.06,45
51019,err2,0.9,5,0.38215195514735356,0.02,45
51019,err2,0.9,6,0.4783770148780153,0.06,45
51019,err2,0.9,7,0.4770340962862471,0.06,45
51019,err2,0.9,8,0.44251729042709553,0.06,45
51019,err2,0.9,9,0.45709128790690373,0.04,45
51019,err2,0.9,10,0.3498079371216482,0.06,45
51019,err2,0.9,11,0.43826725933528055,0.04,45
51020,base,0.0,0,0.854604427345206,0.18,0
51020,base,0.0,1,0.854604427345206,0.18,0
51020,base,0.0,2,0.854604427345206,0.18,0
51020,base,0.0,3,0.854604427345206,0.18,0
51020,base,0.0,4,0.854604427345206,0.18,0
51020,base,0.0,5,0.854604427345206,0.18,0
51020,base,0.0,6,0.854604427345206,0.18,0
51020,base,0.0,7,0.854604427345206,0.18,0
51020,base,0.0,8,0.854604427345206,0.18,0
51020,base,0.0,9,0.854604427345206,0.18,0
51020,base,0.0,10,0.854604427345206,0.18,0
51020,base,0.0,11,0.854604427345206,0.18,0
51020,base,0.25,0,0.8203729126050535,0.14,12
51020,base,0.25,1,0.8223641340323724,0.12,12
51020,base,0.25,2,0.7573678764859753,0.18,12
51020,base,0.25,3,0.8361443200621634,0.2,12
51020,base,0.25,4,0.834995838963632,0.14,12
51020,base,0.25,5,0.8235889761826695,0.12,12
51020,base,0.25,6,0.8407499620098265,0.18,12
51020,base,0.25,7,0.8231754142982993,0.14,12
51020,base,0.25,8,0.8350339599323007,0.2,12
51020,base,0.25,9,0.8356018177597759,0.2,12
51020,base,0.25,10,0.7979615043108715,0.14,12
51020,base,0.25,11,0.8369757704429273,0.18,12
51020,base,0.5,0,0.7916717866835937,0.14,25
51020,base,0.5,1,0.8059390070734803,0.2,25
51020,base,0.5,2,0.8329553542639089,0.12,25
51020,base,0.5,3,0.7596445426752625,0.2,25
51020,base,0.5,4,0.7266703829804401,0.14,25
51020,base,0.5,5,0.7656451718036227,0.12,25
51020,base,0.5,6,0.7979273530082258,0.12,25
51020,base,0.5,7,0.7522161232270933,0.18,25
51020,base,0.5,8,0.7963211570020379,0.08,25
51020,base,0.5,9,0.7814969766097792,0.14,25
51020,base,0.5,10,0.7523409097694135,0.16,25
51020,base,0.5,11,0.760189178617286,0.12,25
51020,base,0.75,0,0.6931894274617665,0.12,38
51020,base,0.75,1,0.6995016010122389,0.1,38
51020,base,0.75,2,0.7285390138251464,0.12,38
51020,base,0.75,3,0.5979260552742136,0.06,38
51020,base,0.75,4,0.7830139732768642,0.12,38
51020,base,0.75,5,0.7500979233422734,0.16,38
51020,base,0.75,6,0.5738171960901062,0.08,38
51020,base,0.75,7,0.6744219597005014,0.12,38
51020,base,0.75,8,0.601929780770476,0.12,38
51020,base,0.75,9,0.7638114056854577,0.1,38
51020,base,0.75,10,0.6871444472220192,0.06,38
51020,base,0.75,11,0.5758392308890476,0.1,38
51020,base,0.9,0,0.4345019887491718,0.06,45
51020,base,0.9,1,0.5573792451362878,0.12,45
51020,base,0.9,2,0.5051874034429784,0.04,45
51020,base,0.9,3,0.5046560496990697,0.04,45
51020,base,0.9,4,0.3277449777131085,0.0,45
51020,base,0.9,5,0.4743719926062637,0.08,45
51020,base,0.9,6,0.6172008412221106,0.08,45
51020,base,0.9,7,0.4407830451597165,0.04,45
51020,base,0.9,8,0.6947415499127088,0.1,45
51020,base,0.9,9,0.49568623951033897,0.06,45
51020,base,0.9,10,0.38666999638594635,0.06,45
51020,base,0.9,11,0.5825013855413864,0.08,45
51020,err2,0.0,0,0.9451704358659466,0.7,0
51020,err2,0.0,1,0.9451704358659466,0.7,0
51020,err2,0.0,2,0.9451704358659466,0.7,0
51020,err2,0.0,3,0.9451704358659466,0.7,0
51020,err2,0.0,4,0.9451704358659466,0.7,0
51020,err2,0.0,5,0.9451704358659466,0.7,0
51020,err2,0.0,6,0.9451704358659466,0.7,0
51020,err2,0.0,7,0.9451704358659466,0.7,0
51020,err2,0.0,8,0.9451704358659466,0.7,0
51020,err2,0.0,9,0.9451704358659466,0.7,0
51020,err2,0.0,10,0.9451704358659466,0.7,0
51020,err2,0.0,11,0.9451704358659466,0.7,0
51020,err2,0.25,0,0.8251470375504414,0.34,12
51020,err2,0.25,1,0.8165296231070074,0.32,12
51020,err2,0.25,2,0.8160855700170164,0.32,12
51020,err2,0.25,3,0.8524002303531963,0.34,12
51020,err2,0.25,4,0.8539673368493724,0.48,12
51020,err2,0.25,5,0.8338146253806726,0.42,12
51020,err2,0.25,6,0.8112313685045988,0.4,12
51020,err2,0.25,7,0.8937085355761687,0.46,12
51020,err2,0.25,8,0.7946426167613485,0.38,12
51020,err2,0.25,9,0.8489889266515691,0.36,12
51020,err2,0.25,10,0.832644345043623,0.38,12
51020,err2,0.25,11,0.8572413572952142,0.42,12
51020,err2,0.5,0,0.6859762732294076,0.26,25
51020,err2,0.5,1,0.59533947628972,0.18,25
51020,err2,0.5,2,0.8413197182894098,0.38,25
51020,err2,0.5,3,0.6145131530733218,0.16,25
51020,err2,0.5,4,0.6900537099959166,0.28,25
51020,err2,0.5,5,0.6591109026033821,0.18,25
51020,err2,0.5,6,0.6825503233485577,0.32,25
51020,err2,0.5,7,0.599629552870149,0.12,25
51020,err2,0.5,8,0.7246871175662214,0.24,25
51020,err2,0.5,9,0.7742049163713964,0.32,25
51020,err2,0.5,10,0.7069941899664633,0.24,25
51020,err2,0.5,11,0.712245325123618,0.22,25
51020,err2,0.75,0,0.6042334398990888,0.08,38
51020,err2,0.75,1,0.4685064250193082,0.06,38
51020,err2,0.75,2,0.43991118108759636,0.08,38
51020,err2,0.75,3,0.5521772476990513,0.2,38
51020,err2,0.75,4,0.5108005007802374,0.04,38
51020,err2,0.75,5,0.3831708346507741,0.1,38
51020,err2,0.75,6,0.4575850528178652,0.02,38
51020,err2,0.75,7,0.285399005402971,0.02,38
51020,err2,0.75,8,0.4592596127154981,0.1,38
51020,err2,0.75,9,0.4468672164200623,0.14,38
51020,err2,0.75,10,0.5314377241157802,0.06,38
51020,err2,0.75,11,0.4783120522212351,0.08,38
51020,err2,0.9,0,0.5005052940444021,0.04,45
51020,err2,0.9,1,0.37001434015493456,0.0,45
51020,err2,0.9,2,0.4783879499402206,0.04,45
51020,err2,0.9,3,0.4166930782451005,0.08,45
51020,err2,0.9,4,0.4232840232896459,0.08,45
51020,err2,0.9,5,0.42211066083535626,0.04,45
51020,err2,0.9,6,0.4835603280109998,0.04,45
51020,err2,0.9,7,0.4283624471473889,0.04,45
51020,err2,0.9,8,0.36297258752829115,0.02,45
51020,err2,0.9,9,0.3944843924617038,0.06,45
51020,err2,0.9,10,0.3317643422392117,0.06,45
51020,err2,0.9,11,0.3889913641492928,0.06,45
